window_id,start_index,end_index,best_match,dtw_distance,label,similarity_score
U_1,0,199,Agg_5,305.64495720210107,Aggressive,0.6071890057519783
U_2,40,239,Agg_6,253.08991100847976,Aggressive,0.6615778044650705
U_3,80,279,Agg_51,386.7050399316237,Aggressive,0.531935827310648
U_4,120,319,Agg_12,347.54671802485103,Aggressive,0.5670471070579536
U_5,160,359,Agg_148,332.5984411726502,Aggressive,0.5810535880143358
U_6,200,399,Agg_48,343.1218181194831,Aggressive,0.5711576712733135
U_7,240,439,Agg_48,383.32801257697093,Aggressive,0.5348761896227332
U_8,280,479,Agg_50,358.6628627825126,Aggressive,0.5568506672753055
U_9,320,519,Agg_171,393.24409609036337,Aggressive,0.526288174104703
U_10,360,559,Agg_33,409.90576445811035,Aggressive,0.5121673806703253
U_11,400,599,Agg_169,356.1781833510215,Aggressive,0.5591137455984619
U_12,440,639,Agg_117,347.96493662285246,Aggressive,0.5666601313404778
U_13,480,679,Agg_51,347.7193290288406,Aggressive,0.5668873588844422
U_14,520,719,Agg_52,348.0886279008505,Aggressive,0.5665457309893269
U_15,560,759,Agg_71,374.75479246019904,Aggressive,0.542414067350259
U_16,600,799,Agg_151,371.90742108738914,Aggressive,0.5449410030218046
U_17,640,839,Agg_12,363.142154337749,Aggressive,0.5527939868960913
U_18,680,879,Agg_4,373.3792662038949,Aggressive,0.543633329103583
U_19,720,919,Agg_67,349.42982633356354,Aggressive,0.565306757073231
U_20,760,959,Agg_70,352.1081454464913,Aggressive,0.5628406782212543
U_21,800,999,Agg_69,330.88351372712845,Aggressive,0.5826824317188041
U_22,840,1039,Agg_70,327.52414939287115,Aggressive,0.5858864116815135
U_23,880,1079,Agg_71,305.2341371275666,Aggressive,0.6075963209808235
U_24,920,1119,Agg_71,377.2135805330804,Aggressive,0.5402414148791815
U_25,960,1159,Agg_49,344.10458562801983,Aggressive,0.5702421509976319
U_26,1000,1199,Agg_168,309.667255769952,Aggressive,0.6032154188408022
U_27,1040,1239,Agg_170,296.6234087812442,Aggressive,0.6161967516369895
U_28,1080,1279,Agg_170,317.8867069123396,Aggressive,0.5951761874011807
U_29,1120,1319,Agg_23,339.90869873452334,Aggressive,0.5741611997430708
U_30,1160,1359,Agg_172,357.8246546761202,Aggressive,0.557613092417027
U_31,1200,1399,Agg_172,388.1066436986183,Aggressive,0.5307202089533783
U_32,1240,1439,Agg_24,395.6935157631408,Aggressive,0.5241881303026195
U_33,1280,1479,Agg_10,377.207165481605,Aggressive,0.5402470720560759
U_34,1320,1519,Agg_68,379.27840237714713,Aggressive,0.5384236059174677
U_35,1360,1559,Agg_69,345.2446430070936,Aggressive,0.5691819420804989
U_36,1400,1599,Agg_68,341.1000514588921,Aggressive,0.5730457206028412
U_37,1440,1639,Agg_26,339.6494675937962,Aggressive,0.5744042087477187
U_38,1480,1679,Agg_150,352.3924101701258,Aggressive,0.5625795720384527
U_39,1520,1719,Agg_67,362.0598887304533,Aggressive,0.5537714273431102
U_40,1560,1759,Agg_12,346.0235080289641,Aggressive,0.5684587615359363
U_41,1600,1799,Agg_69,354.3377340132805,Aggressive,0.5607959781236145
U_42,1640,1839,Agg_148,341.2401256377823,Aggressive,0.572914709779802
U_43,1680,1879,Agg_69,331.19090307011885,Aggressive,0.5823901368144607
U_44,1720,1919,Agg_70,324.3416793299263,Aggressive,0.5889379284141794
U_45,1760,1959,Agg_71,324.66451308574887,Aggressive,0.5886276557586374
U_46,1800,1999,Agg_107,343.84863121981897,Aggressive,0.5704804499446117
U_47,1840,2039,Agg_104,323.0070384767464,Aggressive,0.5902223765213538
U_48,1880,2079,Agg_116,324.5322445514624,Aggressive,0.5887547581008297
U_49,1920,2119,Agg_117,322.0414904321714,Aggressive,0.5911533585870167
U_50,1960,2159,Agg_117,329.7626092481435,Aggressive,0.5837495372404745
U_51,2000,2199,Agg_171,328.8060042599749,Aggressive,0.5846617744344452
U_52,2040,2239,Agg_114,314.03266690549,Aggressive,0.598932295125983
U_53,2080,2279,Agg_168,328.2205876580406,Aggressive,0.5852207421459735
U_54,2120,2319,Agg_31,356.37257963600837,Aggressive,0.5589363557786984
U_55,2160,2359,Agg_3,357.16735157193017,Aggressive,0.5582116984885426
U_56,2200,2399,Agg_67,350.2801802392479,Aggressive,0.5645226200249688
U_57,2240,2439,Agg_67,310.4795729722739,Aggressive,0.6024161007362072
U_58,2280,2479,Agg_68,300.8846075294236,Aggressive,0.6119255396796436
U_59,2320,2519,Agg_69,294.6398607200412,Aggressive,0.618195116892822
U_60,2360,2559,Agg_70,322.7293720478516,Aggressive,0.5904899523845843
U_61,2400,2599,Agg_148,331.76945147757016,Aggressive,0.5818403958188949
U_62,2440,2639,Agg_48,336.63907937059037,Aggressive,0.5772337568137034
U_63,2480,2679,Agg_49,330.9504925631567,Aggressive,0.582618729399523
U_64,2520,2719,Agg_50,334.31016372843646,Aggressive,0.5794323288832249
U_65,2560,2759,Agg_50,314.62316173692494,Aggressive,0.5983552709505905
U_66,2600,2799,Agg_51,308.8196852557709,Aggressive,0.6040505567564182
U_67,2640,2839,Agg_51,334.7039410249341,Aggressive,0.5790600029461499
U_68,2680,2879,Agg_68,355.1187998504584,Aggressive,0.5600814403812796
U_69,2720,2919,Agg_69,341.08234545748803,Aggressive,0.5730622830882762
U_70,2760,2959,Agg_70,330.8879516901821,Aggressive,0.5826782106396255
U_71,2800,2999,Agg_49,339.4961476984773,Aggressive,0.574547982609894
U_72,2840,3039,Agg_170,342.129131904625,Aggressive,0.5720839237513106
U_73,2880,3079,Agg_171,311.8128925558409,Aggressive,0.6011064129570571
U_74,2920,3119,Agg_105,329.3525943651623,Aggressive,0.5841403610168034
U_75,2960,3159,Agg_168,347.5711200762747,Aggressive,0.5670245206955082
U_76,3000,3199,Agg_117,339.26696915886225,Aggressive,0.5747629590929028
U_77,3040,3239,Agg_168,325.19914811292006,Aggressive,0.5881141822461792
U_78,3080,3279,Agg_107,328.1608723853466,Aggressive,0.5852777895337217
U_79,3120,3319,Agg_108,349.02969747602054,Aggressive,0.565676104733582
U_80,3160,3359,Agg_50,356.67295345997695,Aggressive,0.5586623703650869
U_81,3200,3399,Agg_50,337.71549285847317,Aggressive,0.5762204083099423
U_82,3240,3439,Agg_51,349.6792196151489,Aggressive,0.5650766711783998
U_83,3280,3479,Agg_52,369.4118088450533,Aggressive,0.547165444310203
U_84,3320,3519,Agg_11,371.669103676297,Aggressive,0.5451530339431773
U_85,3360,3559,Agg_148,372.0815207297728,Aggressive,0.5447861587579343
U_86,3400,3599,Agg_3,357.3926981746036,Aggressive,0.5580064029360685
U_87,3440,3639,Agg_67,341.5463477351378,Aggressive,0.5726284057723174
U_88,3480,3679,Agg_69,326.6728532167167,Aggressive,0.5867011260142234
U_89,3520,3719,Agg_70,338.95887238074533,Aggressive,0.5750520900579879
U_90,3560,3759,Agg_69,349.3558739400824,Aggressive,0.5653750022699129
U_91,3600,3799,Agg_69,341.2399846906937,Aggressive,0.5729148415919988
U_92,3640,3839,Agg_69,347.8432104778527,Aggressive,0.5667727367201117
U_93,3680,3879,Agg_148,364.2312113030997,Aggressive,0.5518121543914913
U_94,3720,3919,Agg_148,335.0359861356947,Aggressive,0.5787462322126865
U_95,3760,3959,Agg_149,352.7102897379083,Aggressive,0.5622877330121111
U_96,3800,3999,Agg_150,353.12721090195316,Aggressive,0.5619051953109774
U_97,3840,4039,Agg_67,338.3046365121089,Aggressive,0.5756665349264929
U_98,3880,4079,Agg_67,316.91170513416586,Aggressive,0.5961241824353093
U_99,3920,4119,Agg_68,368.5411804793532,Aggressive,0.54794360551847
U_100,3960,4159,Agg_71,371.30409830519295,Aggressive,0.545477939051185
U_101,4000,4199,Agg_6,355.1949179436023,Aggressive,0.5600118544303174
U_102,4040,4239,Agg_51,369.67881947296365,Aggressive,0.5469270136863149
U_103,4080,4279,Agg_52,386.93709287680116,Aggressive,0.5317343744020699
U_104,4120,4319,Agg_67,353.05576849798257,Aggressive,0.5619707273824371
U_105,4160,4359,Agg_68,320.8361343385314,Aggressive,0.5923176248462378
U_106,4200,4399,Agg_69,338.55348043775433,Aggressive,0.5754327485007678
U_107,4240,4439,Agg_48,362.6099200640996,Aggressive,0.5532744546894476
U_108,4280,4479,Agg_29,350.1057188149556,Aggressive,0.5646834074455472
U_109,4320,4519,Agg_168,264.90577379549393,Aggressive,0.6489399210375633
U_110,4360,4559,Agg_169,265.81312822666985,Aggressive,0.6479794830195201
U_111,4400,4599,Agg_169,283.25519126491406,Aggressive,0.6297908200330057
U_112,4440,4639,Agg_170,296.1365044867249,Aggressive,0.6166866940909752
U_113,4480,4679,Agg_51,304.8147488613585,Aggressive,0.608012413147632
U_114,4520,4719,Agg_52,319.17586050567945,Aggressive,0.5939250563398452
U_115,4560,4759,Agg_68,318.3207832575613,Aggressive,0.5947546197482874
U_116,4600,4799,Agg_69,311.69545590893915,Aggressive,0.6012216537123996
U_117,4640,4839,Agg_68,319.54193435782224,Aggressive,0.5935702592318689
U_118,4680,4879,Agg_69,315.49297123381695,Aggressive,0.5975063163662331
U_119,4720,4919,Agg_70,315.4047341548531,Aggressive,0.5975923829104398
U_120,4760,4959,Agg_69,301.11508679009654,Aggressive,0.6116953646516794
U_121,4800,4999,Agg_70,361.346334226757,Aggressive,0.5544168141896888
U_122,4840,5039,Agg_49,331.28050708033794,Aggressive,0.5823049604374891
U_123,4880,5079,Agg_50,338.52666521180834,Aggressive,0.5754579365773672
U_124,4920,5119,Agg_50,342.1350819935566,Aggressive,0.5720783673889984
U_125,4960,5159,Agg_50,339.60358516717827,Aggressive,0.574447230661036
U_126,5000,5199,Agg_51,336.49356123986973,Aggressive,0.5773708859922558
U_127,5040,5239,Agg_52,341.2930133705168,Aggressive,0.5728652518832795
U_128,5080,5279,Agg_68,315.7554124354648,Aggressive,0.597250404182464
U_129,5120,5319,Agg_69,301.2436426637074,Aggressive,0.6115670160882565
U_130,5160,5359,Agg_70,313.68424469843586,Aggressive,0.5992730299569632
U_131,5200,5399,Agg_49,352.4821151278876,Aggressive,0.5624972003300207
U_132,5240,5439,Agg_50,366.63521448225174,Aggressive,0.5496510092860258
U_133,5280,5479,Agg_23,396.10542460299143,Aggressive,0.5238357985660407
U_134,5320,5519,Agg_28,380.0540589860866,Aggressive,0.5377423219846588
U_135,5360,5559,Agg_71,337.4215960614769,Aggressive,0.5764969095810839
U_136,5400,5599,Agg_50,331.818179760165,Aggressive,0.5817941175432476
U_137,5440,5639,Agg_50,327.5960297342895,Aggressive,0.5858176719955073
U_138,5480,5679,Agg_50,339.6284690607061,Aggressive,0.574423897739551
U_139,5520,5719,Agg_51,367.90272746576017,Aggressive,0.5485149533634093
U_140,5560,5759,Agg_33,355.6876998783771,Aggressive,0.5595615701293732
U_141,5600,5799,Agg_70,346.05748170280367,Aggressive,0.5684272377114501
U_142,5640,5839,Agg_29,330.46912805595923,Aggressive,0.5830767010619865
U_143,5680,5879,Agg_108,335.38829066871074,Aggressive,0.5784135029464142
U_144,5720,5919,Agg_107,349.78293486913265,Aggressive,0.5649810128656082
U_145,5760,5959,Agg_107,338.7426766034359,Aggressive,0.5752550640966573
U_146,5800,5999,Agg_31,344.2390000138545,Aggressive,0.5701170482378719
U_147,5840,6039,Agg_50,348.4006129748727,Aggressive,0.5662572828956235
U_148,5880,6079,Agg_51,332.7650133632642,Aggressive,0.5808956200183847
U_149,5920,6119,Agg_51,345.2709357944046,Aggressive,0.5691575140818558
U_150,5960,6159,Agg_28,355.21148752380105,Aggressive,0.5599967079293156
U_151,6000,6199,Agg_11,388.7751075656931,Aggressive,0.5301414254992952
U_152,6040,6239,Agg_12,391.9168870754455,Aggressive,0.5274295873905359
U_153,6080,6279,Agg_24,345.8584211455364,Aggressive,0.5686119688561531
U_154,6120,6319,Agg_25,342.3910047963128,Aggressive,0.5718394304675487
U_155,6160,6359,Agg_70,371.277592950487,Aggressive,0.5455015400113511
U_156,6200,6399,Agg_169,359.28955670560094,Aggressive,0.5562813143242564
U_157,6240,6439,Agg_169,349.87497562121405,Aggressive,0.5648961357030183
U_158,6280,6479,Agg_170,361.00612785112,Aggressive,0.5547247845355378
U_159,6320,6519,Agg_171,379.74641976161774,Aggressive,0.5380124281148739
U_160,6360,6559,Agg_24,376.2742576931956,Aggressive,0.5410703970959233
U_161,6400,6599,Agg_12,354.8652792322986,Aggressive,0.5603132672649859
U_162,6440,6639,Agg_25,339.66344962287167,Aggressive,0.5743910990606944
U_163,6480,6679,Agg_69,324.28946019013,Aggressive,0.5889881311301051
U_164,6520,6719,Agg_70,333.08785160878534,Aggressive,0.5805895800711683
U_165,6560,6759,Agg_48,335.11368731599845,Aggressive,0.5786728319327094
U_166,6600,6799,Agg_71,359.21542055511026,Aggressive,0.5563486368261802
U_167,6640,6839,Agg_6,367.6798443589263,Aggressive,0.5487145504026281
U_168,6680,6879,Agg_118,360.11052981747423,Aggressive,0.5555363389729326
U_169,6720,6919,Agg_114,344.7364795980685,Aggressive,0.569654270527882
U_170,6760,6959,Agg_118,353.0919196778675,Aggressive,0.5619375659851534
U_171,6800,6999,Agg_168,357.0162777205313,Aggressive,0.5583493722729292
U_172,6840,7039,Agg_170,364.3233118620263,Aggressive,0.5517292017255452
U_173,6880,7079,Agg_31,312.0089790532326,Aggressive,0.6009140422181128
U_174,6920,7119,Agg_32,357.82925247664633,Aggressive,0.5576089074607647
U_175,6960,7159,Agg_33,345.7885067495251,Aggressive,0.5686768646955839
U_176,7000,7199,Agg_27,327.7867095876853,Aggressive,0.5856353625554216
U_177,7040,7239,Agg_70,320.86510343952426,Aggressive,0.592289616409455
U_178,7080,7279,Agg_71,345.4766868771574,Aggressive,0.5689663918797859
U_179,7120,7319,Agg_169,363.66925746421254,Aggressive,0.5523185624099586
U_180,7160,7359,Agg_50,333.6634798753981,Aggressive,0.5800443035536366
U_181,7200,7399,Agg_51,352.9309427585948,Aggressive,0.5620852448018323
U_182,7240,7439,Agg_12,367.5798856702625,Aggressive,0.5488040893374582
U_183,7280,7479,Agg_33,318.64633838464437,Aggressive,0.5944386420446471
U_184,7320,7519,Agg_150,339.4137303435785,Aggressive,0.5746252833505897
U_185,7360,7559,Agg_70,367.37816595864206,Aggressive,0.5489848261611957
U_186,7400,7599,Agg_6,372.5400940968082,Aggressive,0.5443785140354721
U_187,7440,7639,Agg_118,347.20235943368874,Aggressive,0.5673659388299864
U_188,7480,7679,Agg_118,336.09355888918105,Aggressive,0.5777479965411438
U_189,7520,7719,Agg_51,345.88580531914874,Aggressive,0.5685865523766387
U_190,7560,7759,Agg_52,369.6298435556851,Aggressive,0.5469707395884603
U_191,7600,7799,Agg_150,360.1301529996393,Aggressive,0.555518544529136
U_192,7640,7839,Agg_151,368.9334970680121,Aggressive,0.5475928189559579
U_193,7680,7879,Agg_31,416.3962654082635,Aggressive,0.5067697765955587
U_194,7720,7919,Agg_2,379.7639845704899,Aggressive,0.5379970026246137
U_195,7760,7959,Agg_67,352.70602106257707,Aggressive,0.5622916509965942
U_196,7800,7999,Agg_68,357.8162111377583,Aggressive,0.5576207778776414
U_197,7840,8039,Agg_67,359.21280897781816,Aggressive,0.5563510085291808
U_198,7880,8079,Agg_3,348.61770591526573,Aggressive,0.566056654676046
U_199,7920,8119,Agg_4,332.89471411619576,Aggressive,0.5807726486255981
U_200,7960,8159,Agg_70,339.6390866183074,Aggressive,0.5744139422452703
U_201,8000,8199,Agg_25,357.50070864122114,Aggressive,0.5579080298704798
U_202,8040,8239,Agg_11,380.0026700569768,Aggressive,0.5377874318433189
U_203,8080,8279,Agg_9,388.58119902794743,Aggressive,0.530309254447316
U_204,8120,8319,Agg_12,334.960590821871,Aggressive,0.5788174631599692
U_205,8160,8359,Agg_67,336.3896572101877,Aggressive,0.5774688200089513
U_206,8200,8399,Agg_68,319.3159754099714,Aggressive,0.5937892325689718
U_207,8240,8439,Agg_69,317.5306701811457,Aggressive,0.595522187341107
U_208,8280,8479,Agg_70,326.15409605905165,Aggressive,0.5871981466027787
U_209,8320,8519,Agg_71,335.93981970334124,Aggressive,0.577893002879298
U_210,8360,8559,Agg_168,334.41094475170513,Aggressive,0.5793370152050269
U_211,8400,8599,Agg_169,315.0724298937339,Aggressive,0.5979166241281515
U_212,8440,8639,Agg_51,340.4619738989736,Aggressive,0.5736428911794624
U_213,8480,8679,Agg_52,363.9310507110704,Aggressive,0.5520825880847263
U_214,8520,8719,Agg_4,380.5328805885867,Aggressive,0.5373221881010624
U_215,8560,8759,Agg_71,349.7048360549045,Aggressive,0.5650530432017113
U_216,8600,8799,Agg_168,342.2507473036134,Aggressive,0.5719703665524083
U_217,8640,8839,Agg_169,319.72895385068296,Aggressive,0.5933890825989778
U_218,8680,8879,Agg_170,333.4383130307559,Aggressive,0.5802575367847432
U_219,8720,8919,Agg_51,324.9878091475004,Aggressive,0.5883171025984755
U_220,8760,8959,Agg_52,341.13305729629974,Aggressive,0.5730148476765651
U_221,8800,8999,Agg_12,352.16037630200094,Aggressive,0.5627926934345191
U_222,8840,9039,Agg_67,340.35085696256607,Aggressive,0.5737469480419995
U_223,8880,9079,Agg_149,332.74318968847956,Aggressive,0.5809163139583111
U_224,8920,9119,Agg_68,333.8868053037836,Aggressive,0.5798328915460846
U_225,8960,9159,Agg_69,330.1304613588353,Aggressive,0.5833991253087902
U_226,9000,9199,Agg_70,339.12512191787744,Aggressive,0.5748960564433301
U_227,9040,9239,Agg_71,354.97924077022947,Aggressive,0.5602090455347245
U_228,9080,9279,Agg_50,350.8356554298138,Aggressive,0.5640109869604701
U_229,9120,9319,Agg_51,348.1026547423199,Aggressive,0.5665327592159266
U_230,9160,9359,Agg_52,355.15513180653244,Aggressive,0.5600482252059474
U_231,9200,9399,Agg_148,362.9000802602231,Aggressive,0.5530124644722149
U_232,9240,9439,Agg_149,337.80521642148403,Aggressive,0.5761360218419203
U_233,9280,9479,Agg_68,344.66586215114626,Aggressive,0.5697199391442973
U_234,9320,9519,Agg_148,349.87291718495305,Aggressive,0.5648980337904898
U_235,9360,9559,Agg_68,347.93626073160385,Aggressive,0.566686656573779
U_236,9400,9599,Agg_148,340.36933705585085,Aggressive,0.5737296408160905
U_237,9440,9639,Agg_150,345.4820198057421,Aggressive,0.5689614389752546
U_238,9480,9679,Agg_67,334.2122052832315,Aggressive,0.5795249881360538
U_239,9520,9719,Agg_68,355.5597792387969,Aggressive,0.55967842405608
U_240,9560,9759,Agg_25,353.2172029355766,Aggressive,0.5618226590708578
U_241,9600,9799,Agg_67,347.7755752947642,Aggressive,0.566835313766492
U_242,9640,9839,Agg_33,356.89419525601573,Aggressive,0.5584606509769813
U_243,9680,9879,Agg_151,360.464969137753,Aggressive,0.5552150186421805
U_244,9720,9919,Agg_71,375.2156933951454,Aggressive,0.5420061382952133
U_245,9760,9959,Agg_105,355.2402826984046,Aggressive,0.5599703868042386
U_246,9800,9999,Agg_168,337.46475122286284,Aggressive,0.57645630043126
U_247,9840,10039,Agg_107,338.2535329935445,Aggressive,0.5757145579352352
U_248,9880,10079,Agg_108,353.17820618302,Aggressive,0.5618584234740105
U_249,9920,10119,Agg_106,330.29515670185816,Aggressive,0.583242306488672
U_250,9960,10159,Agg_168,333.8167950913042,Aggressive,0.5798991587313994
U_251,10000,10199,Agg_108,329.062714272352,Aggressive,0.5844168308980108
U_252,10040,10239,Agg_169,310.4402441245589,Aggressive,0.6024547758142607
U_253,10080,10279,Agg_169,306.84579712810375,Aggressive,0.6059999754929516
U_254,10120,10319,Agg_50,307.3686743751679,Aggressive,0.605482968411677
U_255,10160,10359,Agg_51,295.6216940263151,Aggressive,0.6172051405315274
U_256,10200,10399,Agg_52,334.70945381202245,Aggressive,0.5790547921714089
U_257,10240,10439,Agg_33,351.250148514549,Aggressive,0.5636295107962973
U_258,10280,10479,Agg_149,374.5938656413699,Aggressive,0.5425565709643823
U_259,10320,10519,Agg_25,375.4908968272201,Aggressive,0.5417627106085685
U_260,10360,10559,Agg_25,341.9846630439502,Aggressive,0.5722188494469835
U_261,10400,10599,Agg_67,324.78260092691727,Aggressive,0.5885142034193889
U_262,10440,10639,Agg_68,319.79219937859887,Aggressive,0.5933278255005784
U_263,10480,10679,Agg_68,318.57410164535133,Aggressive,0.5945087391748017
U_264,10520,10719,Agg_69,330.47047712429435,Aggressive,0.5830754170513425
U_265,10560,10759,Agg_149,331.01183766884265,Aggressive,0.5825603913261871
U_266,10600,10799,Agg_148,322.55560852742065,Aggressive,0.590657462939559
U_267,10640,10839,Agg_70,358.0686046455122,Aggressive,0.5573910904980215
U_268,10680,10879,Agg_71,355.79165740060847,Aggressive,0.559466624185266
U_269,10720,10919,Agg_107,355.9583181721524,Aggressive,0.5593144440507064
U_270,10760,10959,Agg_107,342.16128879846536,Aggressive,0.57205389537133
U_271,10800,10999,Agg_115,329.9352293421137,Aggressive,0.5835850750090963
U_272,10840,11039,Agg_116,337.5687337284982,Aggressive,0.5763584642986495
U_273,10880,11079,Agg_114,334.5630392803532,Aggressive,0.5791932014505795
U_274,10920,11119,Agg_107,344.3908274296907,Aggressive,0.569975771753747
U_275,10960,11159,Agg_115,337.37284861057543,Aggressive,0.5765427845347276
U_276,11000,11199,Agg_171,327.654427981154,Aggressive,0.5857618312710388
U_277,11040,11239,Agg_169,325.5640120837235,Aggressive,0.5877640172132245
U_278,11080,11279,Agg_170,333.3820877852614,Aggressive,0.580310794379089
U_279,11120,11319,Agg_117,331.5964993562906,Aggressive,0.5820046818107082
U_280,11160,11359,Agg_168,338.898184163006,Aggressive,0.5751090595762048
U_281,11200,11399,Agg_169,250.34857388674575,Aggressive,0.6645448546215794
U_282,11240,11439,Agg_169,245.2823163315979,Aggressive,0.6700633163938665
U_283,11280,11479,Agg_170,277.43245997949947,Aggressive,0.6358053000072691
U_284,11320,11519,Agg_117,334.4144875957499,Aggressive,0.5793336648446622
U_285,11360,11559,Agg_6,311.4269118971705,Aggressive,0.601485259379438
U_286,11400,11599,Agg_118,355.21385604669666,Aggressive,0.5599945428605886
U_287,11440,11639,Agg_173,358.32058478459044,Aggressive,0.5571618736764534
U_288,11480,11679,Agg_6,337.5095822619728,Aggressive,0.5764141173042879
U_289,11520,11719,Agg_6,360.7568612571839,Aggressive,0.5549505406242579
U_290,11560,11759,Agg_118,355.80826062652204,Aggressive,0.5594514617052804
U_291,11600,11799,Agg_5,333.29726710259627,Aggressive,0.5803911473508842
U_292,11640,11839,Agg_6,386.3065852536393,Aggressive,0.5322819171747099
U_293,11680,11879,Agg_172,378.5383822582378,Aggressive,0.5390743937379595
U_294,11720,11919,Agg_2,399.992309781505,Aggressive,0.5205227382283882
U_295,11760,11959,Agg_8,359.78001732069094,Aggressive,0.5558361357643967
U_296,11800,11999,Agg_52,379.86650052250377,Aggressive,0.5379069815001332
U_297,11840,12039,Agg_2,350.3424337636415,Aggressive,0.5644652569146752
U_298,11880,12079,Agg_67,345.2001054855017,Aggressive,0.5692233232167249
U_299,11920,12119,Agg_68,340.74886673079976,Aggressive,0.5733743140106697
U_300,11960,12159,Agg_151,335.0978962888702,Aggressive,0.5786877481443038
U_301,12000,12199,Agg_48,374.57314437413476,Aggressive,0.5425749227424909
U_302,12040,12239,Agg_49,334.52494360397685,Aggressive,0.5792292196595085
U_303,12080,12279,Agg_170,339.9757138257563,Aggressive,0.5740983950401758
U_304,12120,12319,Agg_171,335.13473970822355,Aggressive,0.5786529464311628
U_305,12160,12359,Agg_172,361.5704996184478,Aggressive,0.5542139828927816
U_306,12200,12399,Agg_2,380.78919443216796,Aggressive,0.537097424772998
U_307,12240,12439,Agg_25,346.9373591982429,Aggressive,0.5676114170240747
U_308,12280,12479,Agg_4,358.79719199105307,Aggressive,0.5567285798169435
U_309,12320,12519,Agg_4,365.73021792598064,Aggressive,0.5504635857589749
U_310,12360,12559,Agg_10,362.58263065589205,Aggressive,0.5532991011111418
U_311,12400,12599,Agg_9,366.6305595688264,Aggressive,0.5496551857597481
U_312,12440,12639,Agg_3,347.55313828791265,Aggressive,0.5670411644216486
U_313,12480,12679,Agg_11,347.717982643436,Aggressive,0.5668886047641442
U_314,12520,12719,Agg_148,345.96900165905976,Aggressive,0.5685093410915596
U_315,12560,12759,Agg_68,331.0100212894286,Aggressive,0.5825621185858608
U_316,12600,12799,Agg_69,342.55226574601016,Aggressive,0.5716889238422755
U_317,12640,12839,Agg_25,358.0875596116666,Aggressive,0.5573738446012393
U_318,12680,12879,Agg_68,373.49273024396,Aggressive,0.5435326513386156
U_319,12720,12919,Agg_67,365.0341457656812,Aggressive,0.5510893908266055
U_320,12760,12959,Agg_67,345.9684454650342,Aggressive,0.5685098572387729
U_321,12800,12999,Agg_148,349.1680995618872,Aggressive,0.5655483223815304
U_322,12840,13039,Agg_148,338.32335336766164,Aggressive,0.575648947321494
U_323,12880,13079,Agg_149,339.3446137228368,Aggressive,0.5746901171080191
U_324,12920,13119,Agg_70,346.7772995194455,Aggressive,0.5677597368695264
U_325,12960,13159,Agg_71,361.77824137674185,Aggressive,0.5540260784217611
U_326,13000,13199,Agg_116,357.2003055851019,Aggressive,0.558181671966612
U_327,13040,13239,Agg_50,344.811054863353,Aggressive,0.5695849296722499
U_328,13080,13279,Agg_51,360.32448043731426,Aggressive,0.5553423577679782
U_329,13120,13319,Agg_52,358.6489928670875,Aggressive,0.5568632747161463
U_330,13160,13359,Agg_67,362.3556479243214,Aggressive,0.5535041430530415
U_331,13200,13399,Agg_67,360.29747782969247,Aggressive,0.5553668363097245
U_332,13240,13439,Agg_67,349.667869933449,Aggressive,0.5650871401626977
U_333,13280,13479,Agg_68,350.504539662695,Aggressive,0.5643159128242169
U_334,13320,13519,Agg_67,349.5126075358925,Aggressive,0.565230374193154
U_335,13360,13559,Agg_149,350.1629848317854,Aggressive,0.5646306247979956
U_336,13400,13599,Agg_48,345.2531311450775,Aggressive,0.569174055840299
U_337,13440,13639,Agg_49,343.8785579467951,Aggressive,0.5704525823910072
U_338,13480,13679,Agg_50,328.056054004475,Aggressive,0.5853779384167582
U_339,13520,13719,Agg_105,363.33157929223296,Aggressive,0.5526230865957685
U_340,13560,13759,Agg_106,376.003824914725,Aggressive,0.5413092983499852
U_341,13600,13799,Agg_106,350.56324675425486,Aggressive,0.5642618372028446
U_342,13640,13839,Agg_107,331.5649211301318,Aggressive,0.5820346827510645
U_343,13680,13879,Agg_105,353.4936366721506,Aggressive,0.5615692035356511
U_344,13720,13919,Agg_171,345.4410602759732,Aggressive,0.5689994808384383
U_345,13760,13959,Agg_2,342.3341224320801,Aggressive,0.5718925288590243
U_346,13800,13999,Agg_3,338.2866386289478,Aggressive,0.5756834474438939
U_347,13840,14039,Agg_68,330.8853695986449,Aggressive,0.5826806665402683
U_348,13880,14079,Agg_69,326.22137330020786,Aggressive,0.5871336646073
U_349,13920,14119,Agg_67,335.08456503757833,Aggressive,0.5787003411498106
U_350,13960,14159,Agg_67,338.56573853620006,Aggressive,0.5754212345915818
U_351,14000,14199,Agg_67,339.255281715514,Aggressive,0.5747739244277658
U_352,14040,14239,Agg_48,368.05580528111227,Aggressive,0.5483779106546767
U_353,14080,14279,Agg_168,340.86718411972936,Aggressive,0.5732635868055259
U_354,14120,14319,Agg_169,314.96339366475445,Aggressive,0.5980230530263289
U_355,14160,14359,Agg_170,321.56160872281276,Aggressive,0.5916166069917947
U_356,14200,14399,Agg_171,347.3861304146819,Aggressive,0.5671957682333405
U_357,14240,14439,Agg_52,354.3806096764058,Aggressive,0.560756730803446
U_358,14280,14479,Agg_67,348.1767715036965,Aggressive,0.5664642222845052
U_359,14320,14519,Agg_67,364.3122062695914,Aggressive,0.5517392035932033
U_360,14360,14559,Agg_152,379.1965581193389,Aggressive,0.5384955426624698
U_361,14400,14599,Agg_168,370.2746068720272,Aggressive,0.5463953720458142
U_362,14440,14639,Agg_169,347.52044382211017,Aggressive,0.5670714272759997
U_363,14480,14679,Agg_104,347.75012714601706,Aggressive,0.5668588605493666
U_364,14520,14719,Agg_168,387.1495108412442,Aggressive,0.5315500341598649
U_365,14560,14759,Agg_168,358.72534106580116,Aggressive,0.5567938794611955
U_366,14600,14799,Agg_107,349.8152699226416,Aggressive,0.5649511930165472
U_367,14640,14839,Agg_169,338.7771159399626,Aggressive,0.5752227261466818
U_368,14680,14879,Agg_31,326.95785750411596,Aggressive,0.5864282428373341
U_369,14720,14919,Agg_32,359.8810732469148,Aggressive,0.5557444541588165
U_370,14760,14959,Agg_67,309.7359988767208,Aggressive,0.6031477347360642
U_371,14800,14999,Agg_68,294.20289271854233,Aggressive,0.6186362194410506
U_372,14840,15039,Agg_68,295.9600096294868,Aggressive,0.6168643864119411
U_373,14880,15079,Agg_70,334.4274458959358,Aggressive,0.5793214107374834
U_374,14920,15119,Agg_33,324.2603818180396,Aggressive,0.589016088505971
U_375,14960,15159,Agg_148,313.302835843375,Aggressive,0.5996462458848986
U_376,15000,15199,Agg_33,319.071299430537,Aggressive,0.594026435389573
U_377,15040,15239,Agg_150,347.2450917060407,Aggressive,0.5673263645004131
U_378,15080,15279,Agg_69,351.1699901258907,Aggressive,0.5637032639474999
U_379,15120,15319,Agg_70,360.6179490161035,Aggressive,0.5550763907058408
U_380,15160,15359,Agg_168,374.3628046873952,Aggressive,0.5427612450971295
U_381,15200,15399,Agg_104,354.38327835461223,Aggressive,0.5607542880523119
U_382,15240,15439,Agg_104,348.0996713710313,Aggressive,0.5665355181597415
U_383,15280,15479,Agg_105,354.5601662808575,Aggressive,0.5605923989699134
U_384,15320,15519,Agg_107,348.4286643013446,Aggressive,0.5662313550324709
U_385,15360,15559,Agg_104,334.0854504429036,Aggressive,0.5796449079965347
U_386,15400,15599,Agg_105,344.2004349242736,Aggressive,0.5701529389030621
U_387,15440,15639,Agg_116,344.5379344059433,Aggressive,0.569838921065049
U_388,15480,15679,Agg_51,361.8454109745448,Aggressive,0.5539653364881977
U_389,15520,15719,Agg_52,358.51128921860857,Aggressive,0.5569884597180929
U_390,15560,15759,Agg_67,356.2149308858072,Aggressive,0.5590802085514985
U_391,15600,15799,Agg_68,347.0780805141838,Aggressive,0.5674810491460338
U_392,15640,15839,Agg_69,350.44776450430646,Aggressive,0.5643682138541447
U_393,15680,15879,Agg_71,355.2715481440447,Aggressive,0.5599418090519803
U_394,15720,15919,Agg_104,366.8006632270336,Aggressive,0.549502586243969
U_395,15760,15959,Agg_168,334.9752258199223,Aggressive,0.5788036358221823
U_396,15800,15999,Agg_114,328.157049072986,Aggressive,0.5852814422222863
U_397,15840,16039,Agg_115,342.77145705916297,Aggressive,0.5714844136814247
U_398,15880,16079,Agg_171,338.003739189955,Aggressive,0.5759493518743894
U_399,15920,16119,Agg_172,357.0335882622408,Aggressive,0.5583335954329547
U_400,15960,16159,Agg_173,376.2944520741864,Aggressive,0.5410525615409933
U_401,16000,16199,Agg_107,354.80060226512285,Aggressive,0.5603724251914978
U_402,16040,16239,Agg_104,338.53970434230365,Aggressive,0.5754456885242979
U_403,16080,16279,Agg_117,335.9432982672262,Aggressive,0.5778897215059061
U_404,16120,16319,Agg_168,292.32709930187605,Aggressive,0.6205333397529808
U_405,16160,16359,Agg_169,302.73986600162937,Aggressive,0.6100751848215966
U_406,16200,16399,Agg_168,342.10760029312456,Aggressive,0.5721040310336556
U_407,16240,16439,Agg_168,307.09718131056167,Aggressive,0.6057513584379495
U_408,16280,16479,Agg_168,328.5128832760028,Aggressive,0.5849415855600376
U_409,16320,16519,Agg_168,329.66880229352086,Aggressive,0.5838389304031762
U_410,16360,16559,Agg_169,323.8843502097473,Aggressive,0.5893777433353324
U_411,16400,16599,Agg_50,321.4201835385698,Aggressive,0.5917531994450066
U_412,16440,16639,Agg_118,322.80395314916416,Aggressive,0.5904180696924001
U_413,16480,16679,Agg_118,336.84069486085605,Aggressive,0.5770438180441243
U_414,16520,16719,Agg_118,336.6159084017469,Aggressive,0.5772555898226428
U_415,16560,16759,Agg_116,350.7289044685078,Aggressive,0.5641092763557921
U_416,16600,16799,Agg_50,349.1338986398623,Aggressive,0.5655798963463708
U_417,16640,16839,Agg_51,325.1005889393358,Aggressive,0.5882088066391751
U_418,16680,16879,Agg_52,369.54813564700777,Aggressive,0.5470436965295326
U_419,16720,16919,Agg_12,327.08871392565146,Aggressive,0.5863029942024809
U_420,16760,16959,Agg_148,335.41885757922586,Aggressive,0.5783846434599242
U_421,16800,16999,Agg_148,291.8716362234273,Aggressive,0.6209948583596001
U_422,16840,17039,Agg_149,315.08929423774754,Aggressive,0.5979001647444782
U_423,16880,17079,Agg_69,323.3972869899757,Aggressive,0.5898465148211673
U_424,16920,17119,Agg_69,340.64187605347706,Aggressive,0.5734744595385175
U_425,16960,17159,Agg_70,335.6025503811319,Aggressive,0.5782112418010338
U_426,17000,17199,Agg_70,351.78072217687856,Aggressive,0.5631415770843031
U_427,17040,17239,Agg_71,368.18028666513214,Aggressive,0.5482664941054048
U_428,17080,17279,Agg_49,367.9643545038195,Aggressive,0.5484597777223119
U_429,17120,17319,Agg_117,350.24044667221597,Aggressive,0.564559235312831
U_430,17160,17359,Agg_114,345.2451729085114,Aggressive,0.5691814497514376
U_431,17200,17399,Agg_115,330.01625230078287,Aggressive,0.5835078970977844
U_432,17240,17439,Agg_116,324.93743185884983,Aggressive,0.5883654834586407
U_433,17280,17479,Agg_117,339.378548772331,Aggressive,0.5746582839553194
U_434,17320,17519,Agg_116,348.1886978656217,Aggressive,0.5664531945650858
U_435,17360,17559,Agg_31,361.5784034292862,Aggressive,0.5542068326517745
U_436,17400,17599,Agg_52,372.9621194959747,Aggressive,0.5440036278395358
U_437,17440,17639,Agg_68,356.3766569734571,Aggressive,0.5589326357436194
U_438,17480,17679,Agg_69,325.3877681548561,Aggressive,0.5879331349268365
U_439,17520,17719,Agg_152,339.98697216684764,Aggressive,0.5740878447061487
U_440,17560,17759,Agg_49,377.88084311845256,Aggressive,0.5396533061592269
U_441,17600,17799,Agg_170,353.6296012260161,Aggressive,0.5614445828151874
U_442,17640,17839,Agg_169,368.05467377037013,Aggressive,0.5483789235125313
U_443,17680,17879,Agg_31,305.59258195576007,Aggressive,0.6072409189768392
U_444,17720,17919,Agg_32,354.72111794324303,Aggressive,0.5604451354802307
U_445,17760,17959,Agg_150,365.7532176027095,Aggressive,0.5504429199866874
U_446,17800,17999,Agg_71,381.7831666397475,Aggressive,0.5362266927762591
U_447,17840,18039,Agg_168,345.9877230170381,Aggressive,0.5684919679730557
U_448,17880,18079,Agg_169,241.47336515616732,Aggressive,0.6742424044607359
U_449,17920,18119,Agg_169,268.275651435232,Aggressive,0.6453800508696127
U_450,17960,18159,Agg_170,309.1724169690175,Aggressive,0.6037028587186088
U_451,18000,18199,Agg_32,322.0810478169768,Aggressive,0.591115188497591
U_452,18040,18239,Agg_67,330.29759553062985,Aggressive,0.5832399846131688
U_453,18080,18279,Agg_148,332.9404825104238,Aggressive,0.5807292610809818
U_454,18120,18319,Agg_68,326.3382913873833,Aggressive,0.5870216210968223
U_455,18160,18359,Agg_69,318.3640257848178,Aggressive,0.5947126396907239
U_456,18200,18399,Agg_70,341.77559769477335,Aggressive,0.5724141609355896
U_457,18240,18439,Agg_151,350.5740663123373,Aggressive,0.5642518717776943
U_458,18280,18479,Agg_69,345.53876048651796,Aggressive,0.5689087443004268
U_459,18320,18519,Agg_70,345.3761254778155,Aggressive,0.5690597953544513
U_460,18360,18559,Agg_48,357.5845159515198,Aggressive,0.5578317123460361
U_461,18400,18599,Agg_168,355.0512271148028,Aggressive,0.5601432215472466
U_462,18440,18639,Agg_168,270.467160215803,Aggressive,0.643075471589719
U_463,18480,18679,Agg_169,233.42842095367914,Aggressive,0.6831549810144496
U_464,18520,18719,Agg_170,265.0859922473335,Aggressive,0.6487490459130412
U_465,18560,18759,Agg_51,292.849544070073,Aggressive,0.6200043712674521
U_466,18600,18799,Agg_52,325.4398790182146,Aggressive,0.5878831260385778
U_467,18640,18839,Agg_67,327.76510680984944,Aggressive,0.5856560141701779
U_468,18680,18879,Agg_48,300.7190214166808,Aggressive,0.6120909606828441
U_469,18720,18919,Agg_71,329.93765216481887,Aggressive,0.5835827670164648
U_470,18760,18959,Agg_49,330.3544688524971,Aggressive,0.583185841254659
U_471,18800,18999,Agg_50,326.8000889997442,Aggressive,0.5865792858277253
U_472,18840,19039,Agg_51,330.5393617298733,Aggressive,0.5830098581062715
U_473,18880,19079,Agg_52,324.03758323881823,Aggressive,0.5892303420501251
U_474,18920,19119,Agg_67,355.55779337961553,Aggressive,0.5596802383062954
U_475,18960,19159,Agg_169,372.48641684079087,Aggressive,0.5444262141887031
U_476,19000,19199,Agg_52,349.3749891931745,Aggressive,0.5653573614265035
U_477,19040,19239,Agg_52,336.028908677292,Aggressive,0.57780896999298
U_478,19080,19279,Agg_67,311.93791421109376,Aggressive,0.6009837532968862
U_479,19120,19319,Agg_69,334.7279614278055,Aggressive,0.5790372988191969
U_480,19160,19359,Agg_149,337.79601036574775,Aggressive,0.5761446797178508
U_481,19200,19399,Agg_48,329.87216736530837,Aggressive,0.5836451513641348
U_482,19240,19439,Agg_71,317.5421703291332,Aggressive,0.5955110082430723
U_483,19280,19479,Agg_168,265.0724017355452,Aggressive,0.6487634381011397
U_484,19320,19519,Agg_169,234.79140240349244,Aggressive,0.6816367578246035
U_485,19360,19559,Agg_170,284.1842884209282,Aggressive,0.6288364041930411
U_486,19400,19599,Agg_52,344.0058331803018,Aggressive,0.5703340798110806
U_487,19440,19639,Agg_33,325.26349250869583,Aggressive,0.5880524148864451
U_488,19480,19679,Agg_70,328.1588514449902,Aggressive,0.585279720282291
U_489,19520,19719,Agg_48,348.9976397779943,Aggressive,0.5657057067295975
U_490,19560,19759,Agg_168,303.2116259069239,Aggressive,0.6096055647556933
U_491,19600,19799,Agg_169,262.87365383206367,Aggressive,0.6510960950033273
U_492,19640,19839,Agg_170,282.2598598972593,Aggressive,0.6308148822249948
U_493,19680,19879,Agg_51,325.1807889611795,Aggressive,0.5881318072912686
U_494,19720,19919,Agg_32,330.56119680134617,Aggressive,0.5829890787426983
U_495,19760,19959,Agg_6,299.29142935684894,Aggressive,0.6135189852323881
U_496,19800,19999,Agg_71,403.3943415793936,Aggressive,0.5176401525600632
U_497,19840,20039,Agg_6,420.2382218204491,Aggressive,0.5036015844907753
U_498,19880,20079,Agg_23,404.56344251613797,Aggressive,0.5166532481263632
U_499,19920,20119,Agg_49,385.08818438485633,Aggressive,0.5333415937163262
U_500,19960,20159,Agg_49,362.1163118057407,Aggressive,0.5537204265695744
U_501,20000,20199,Agg_117,368.58083501571633,Aggressive,0.547908138543437
U_502,20040,20239,Agg_118,360.487622714807,Aggressive,0.5551944881467856
U_503,20080,20279,Agg_6,332.9811152169843,Aggressive,0.5806907447842402
U_504,20120,20319,Agg_169,355.8790193327834,Aggressive,0.5593868476972514
U_505,20160,20359,Agg_171,368.1303688030355,Aggressive,0.5483111701629906
U_506,20200,20399,Agg_8,388.8710926488694,Aggressive,0.5300583695148321
U_507,20240,20439,Agg_10,372.537540572089,Aggressive,0.5443807831238565
U_508,20280,20479,Agg_10,380.0580193543076,Aggressive,0.53773884567987
U_509,20320,20519,Agg_168,356.2842590382771,Aggressive,0.5590169428049683
U_510,20360,20559,Agg_169,283.3948078249793,Aggressive,0.6296473063738847
U_511,20400,20599,Agg_170,276.41021616424825,Aggressive,0.6368671190088616
U_512,20440,20639,Agg_171,326.8280152531107,Aggressive,0.586552547209334
U_513,20480,20679,Agg_23,370.2810235088362,Aggressive,0.5463896490732826
U_514,20520,20719,Agg_12,356.01905731011834,Aggressive,0.5592589926405435
U_515,20560,20759,Agg_25,339.5440241024988,Aggressive,0.5745030832321021
U_516,20600,20799,Agg_26,323.0606317282256,Aggressive,0.5901707448426234
U_517,20640,20839,Agg_27,323.78819898243273,Aggressive,0.5894702540659746
U_518,20680,20879,Agg_70,347.2351025424316,Aggressive,0.5673356152111009
U_519,20720,20919,Agg_6,375.12367397136904,Aggressive,0.542087557301421
U_520,20760,20959,Agg_31,382.43029090745176,Aggressive,0.535660562706154
U_521,20800,20999,Agg_32,336.35963362311907,Aggressive,0.5774971216243986
U_522,20840,21039,Agg_33,311.540919504269,Aggressive,0.6013733341807305
U_523,20880,21079,Agg_70,341.93299801033146,Aggressive,0.5722671093733169
U_524,20920,21119,Agg_71,335.2421818917705,Aggressive,0.5785514701888059
U_525,20960,21159,Agg_50,345.45205696944777,Aggressive,0.5689892672216976
U_526,21000,21199,Agg_50,321.0905238461271,Aggressive,0.5920717165682724
U_527,21040,21239,Agg_118,351.01191205606887,Aggressive,0.5638487387151984
U_528,21080,21279,Agg_1,357.96946859789347,Aggressive,0.5574812966647819
U_529,21120,21319,Agg_2,353.41577549873733,Aggressive,0.5616405810289065
U_530,21160,21359,Agg_12,360.7146630816677,Aggressive,0.5549887678143247
U_531,21200,21399,Agg_3,348.99036893590346,Aggressive,0.5657124208220181
U_532,21240,21439,Agg_148,332.54072213509613,Aggressive,0.581108335627823
U_533,21280,21479,Agg_149,334.1069077588266,Aggressive,0.5796246059751794
U_534,21320,21519,Agg_150,318.34730806654017,Aggressive,0.5947288689822778
U_535,21360,21559,Agg_151,360.55229777057644,Aggressive,0.5551358785816873
U_536,21400,21599,Agg_152,378.01966741849327,Aggressive,0.5395310303365309
U_537,21440,21639,Agg_51,384.40382221879844,Aggressive,0.5339377271939143
U_538,21480,21679,Agg_52,359.58871682808234,Aggressive,0.5560097319350333
U_539,21520,21719,Agg_67,358.7417490677362,Aggressive,0.5567789668463713
U_540,21560,21759,Agg_148,345.29634402160013,Aggressive,0.569133908902901
U_541,21600,21799,Agg_151,376.78904190651633,Aggressive,0.5406159262770246
U_542,21640,21839,Agg_3,395.7185793083788,Aggressive,0.5241666850944672
U_543,21680,21879,Agg_4,374.19882741589726,Aggressive,0.5429065432439945
U_544,21720,21919,Agg_150,356.93068395787486,Aggressive,0.5584273890410318
U_545,21760,21959,Agg_11,366.2651592432465,Aggressive,0.5499831286729174
U_546,21800,21999,Agg_6,384.92851377434454,Aggressive,0.533480619868565
U_547,21840,22039,Agg_170,318.4593759475353,Aggressive,0.5946200837550417
U_548,21880,22079,Agg_23,363.56010602626117,Aggressive,0.5524169787604164
U_549,21920,22119,Agg_32,365.5112573526201,Aggressive,0.5506603660489804
U_550,21960,22159,Agg_67,358.2698774021221,Aggressive,0.5572079926913294
U_551,22000,22199,Agg_67,349.6660886645819,Aggressive,0.5650887832286574
U_552,22040,22239,Agg_68,349.45278161344686,Aggressive,0.5652855750179272
U_553,22080,22279,Agg_150,342.56531985713497,Aggressive,0.5716767420294657
U_554,22120,22319,Agg_71,356.4265369854546,Aggressive,0.558887128785856
U_555,22160,22359,Agg_116,344.12812076047163,Aggressive,0.5702202442913104
U_556,22200,22399,Agg_116,320.7226153646199,Aggressive,0.5924273921043608
U_557,22240,22439,Agg_117,338.5365848774143,Aggressive,0.5754486187091132
U_558,22280,22479,Agg_51,356.3150069740322,Aggressive,0.5589888859167208
U_559,22320,22519,Agg_67,396.11662389775654,Aggressive,0.523826222407102
U_560,22360,22559,Agg_48,355.79096900497024,Aggressive,0.5594672528542036
U_561,22400,22599,Agg_49,328.12219110963014,Aggressive,0.5853147456230865
U_562,22440,22639,Agg_50,321.94422955623935,Aggressive,0.5912472189606033
U_563,22480,22679,Agg_104,351.81638170267775,Aggressive,0.5631087985158932
U_564,22520,22719,Agg_1,329.8128899304612,Aggressive,0.5837016279923801
U_565,22560,22759,Agg_169,329.02587194659037,Aggressive,0.5844519782230431
U_566,22600,22799,Agg_116,326.953710781878,Aggressive,0.5864322122912021
U_567,22640,22839,Agg_170,311.0061849105162,Aggressive,0.6018984818804787
U_568,22680,22879,Agg_51,332.7209607482081,Aggressive,0.5809373929424232
U_569,22720,22919,Agg_52,324.383263025629,Aggressive,0.5888979535189369
U_570,22760,22959,Agg_3,340.08113713790164,Aggressive,0.5739996091114524
U_571,22800,22999,Agg_67,339.48701812185004,Aggressive,0.5745565448941874
U_572,22840,23039,Agg_33,335.3505786685108,Aggressive,0.5784491103923146
U_573,22880,23079,Agg_69,345.86159692909524,Aggressive,0.5686090212107818
U_574,22920,23119,Agg_70,339.8388495644769,Aggressive,0.5742266677794396
U_575,22960,23159,Agg_71,337.3965079319131,Aggressive,0.5765205189090647
U_576,23000,23199,Agg_107,337.1996723963054,Aggressive,0.5767057856714793
U_577,23040,23239,Agg_114,338.57710212065564,Aggressive,0.5754105610962134
U_578,23080,23279,Agg_117,348.5850498424704,Aggressive,0.5660868295105242
U_579,23120,23319,Agg_168,372.15246104979775,Aggressive,0.5447230770376047
U_580,23160,23359,Agg_169,310.7801574005298,Aggressive,0.6021205949600136
U_581,23200,23399,Agg_170,294.3847417709943,Aggressive,0.6184526115277639
U_582,23240,23439,Agg_50,317.6015328124243,Aggressive,0.5954533063211991
U_583,23280,23479,Agg_51,329.82118227077007,Aggressive,0.5836937271290853
U_584,23320,23519,Agg_52,335.2969559366969,Aggressive,0.5784997444305636
U_585,23360,23559,Agg_68,337.54522541302697,Aggressive,0.5763805815922808
U_586,23400,23599,Agg_69,316.9323513961551,Aggressive,0.5961040924175354
U_587,23440,23639,Agg_70,319.2820116977711,Aggressive,0.59382215326239
U_588,23480,23679,Agg_71,333.0047973068986,Aggressive,0.5806682973865434
U_589,23520,23719,Agg_6,359.4550251637389,Aggressive,0.556131082995882
U_590,23560,23759,Agg_104,340.1450975241809,Aggressive,0.5739396839146588
U_591,23600,23799,Agg_171,351.83287751575267,Aggressive,0.5630936360562412
U_592,23640,23839,Agg_170,390.68566636862784,Aggressive,0.528490663052741
U_593,23680,23879,Agg_3,366.94374700390944,Aggressive,0.5493742589946145
U_594,23720,23919,Agg_67,348.32595747744426,Aggressive,0.5663262928153187
U_595,23760,23959,Agg_68,341.961946433097,Aggressive,0.5722400683640635
U_596,23800,23999,Agg_70,345.50013925491993,Aggressive,0.5689446110386457
U_597,23840,24039,Agg_71,371.30577388842505,Aggressive,0.5454764471087453
U_598,23880,24079,Agg_108,354.065422358977,Aggressive,0.5610453096011221
U_599,23920,24119,Agg_114,343.74740408641406,Aggressive,0.57057472201628
U_600,23960,24159,Agg_115,331.87856323842817,Aggressive,0.5817367751897045
U_601,24000,24199,Agg_116,313.53569989002557,Aggressive,0.5994183562949332
U_602,24040,24239,Agg_117,339.1454174839227,Aggressive,0.574877010926195
U_603,24080,24279,Agg_168,321.74602722902586,Aggressive,0.5914385377314183
U_604,24120,24319,Agg_171,313.69427675117333,Aggressive,0.5992632165355523
U_605,24160,24359,Agg_172,329.8732140767378,Aggressive,0.5836441541579974
U_606,24200,24399,Agg_32,367.89234702672985,Aggressive,0.5485242476773603
U_607,24240,24439,Agg_10,382.07438406173264,Aggressive,0.5359718501763164
U_608,24280,24479,Agg_11,362.9719877518386,Aggressive,0.5529475572479808
U_609,24320,24519,Agg_12,389.3674838415136,Aggressive,0.52962904934603
U_610,24360,24559,Agg_33,373.78291464136123,Aggressive,0.5432752526633321
U_611,24400,24599,Agg_48,358.57784290285304,Aggressive,0.5569279529196277
U_612,24440,24639,Agg_49,391.7463518371266,Aggressive,0.5275764287969946
U_613,24480,24679,Agg_52,389.1070718438269,Aggressive,0.5298542318064935
U_614,24520,24719,Agg_67,341.6379976282286,Aggressive,0.5725427450306455
U_615,24560,24759,Agg_67,333.64373576492574,Aggressive,0.5800629981116683
U_616,24600,24799,Agg_69,326.2868386817596,Aggressive,0.5870709259894784
U_617,24640,24839,Agg_70,319.6791689680477,Aggressive,0.5934373067012273
U_618,24680,24879,Agg_70,348.99046218300197,Aggressive,0.5657123347146186
U_619,24720,24919,Agg_71,351.94912698381916,Aggressive,0.5629867945864284
U_620,24760,24959,Agg_50,326.76730185992847,Aggressive,0.5866106801666271
U_621,24800,24999,Agg_106,330.8786662348581,Aggressive,0.5826870423483907
U_622,24840,25039,Agg_107,337.7839336371893,Aggressive,0.5761560375280504
U_623,24880,25079,Agg_106,352.0212762938892,Aggressive,0.5629204944713181
U_624,24920,25119,Agg_168,325.9170817488049,Aggressive,0.5874253698300567
U_625,24960,25159,Agg_168,316.43294977734877,Aggressive,0.5965902292680535
U_626,25000,25199,Agg_170,338.488407146117,Aggressive,0.5754938750502541
U_627,25040,25239,Agg_2,368.9093596551931,Aggressive,0.5476143947348822
U_628,25080,25279,Agg_3,353.4321541379142,Aggressive,0.5616255655234798
U_629,25120,25319,Agg_33,317.395376548309,Aggressive,0.5956537197358137
U_630,25160,25359,Agg_148,321.4626200097225,Aggressive,0.591712209786438
U_631,25200,25399,Agg_48,321.64109191769575,Aggressive,0.5915398537081931
U_632,25240,25439,Agg_49,330.0524235281916,Aggressive,0.5834734457173462
U_633,25280,25479,Agg_168,314.64651438300956,Aggressive,0.5983324624673094
U_634,25320,25519,Agg_172,319.87874501088197,Aggressive,0.5932440110967536
U_635,25360,25559,Agg_51,361.15588681930086,Aggressive,0.5545891948065695
U_636,25400,25599,Agg_67,347.6163516390706,Aggressive,0.5669826570671553
U_637,25440,25639,Agg_67,328.70615219151614,Aggressive,0.5847570774461706
U_638,25480,25679,Agg_68,326.7488039094988,Aggressive,0.586628393063705
U_639,25520,25719,Agg_151,350.64520052616666,Aggressive,0.5641863575243083
U_640,25560,25759,Agg_11,369.0647643707136,Aggressive,0.5474754975542325
U_641,25600,25799,Agg_169,332.5766601800694,Aggressive,0.5810742470973232
U_642,25640,25839,Agg_170,316.57705665537634,Aggressive,0.5964499093790078
U_643,25680,25879,Agg_50,315.6017302214278,Aggressive,0.5974002497845873
U_644,25720,25919,Agg_23,313.68658888546884,Aggressive,0.5992707368430645
U_645,25760,25959,Agg_24,328.8420511295842,Aggressive,0.5846273736026084
U_646,25800,25999,Agg_25,331.8542763646569,Aggressive,0.5817598382114655
U_647,25840,26039,Agg_68,337.45794900841065,Aggressive,0.5764627011476791
U_648,25880,26079,Agg_151,353.2825466325174,Aggressive,0.5617627366629293
U_649,25920,26119,Agg_48,339.38460405091337,Aggressive,0.5746526039189178
U_650,25960,26159,Agg_49,338.1805314624549,Aggressive,0.5757831658977185
U_651,26000,26199,Agg_50,324.8501506963596,Aggressive,0.588449315127521
U_652,26040,26239,Agg_51,348.7584039847769,Aggressive,0.565926665367414
U_653,26080,26279,Agg_173,392.1511524705735,Aggressive,0.5272279370031238
U_654,26120,26319,Agg_71,368.2043321368008,Aggressive,0.5482449749139886
U_655,26160,26359,Agg_49,356.11209704844873,Aggressive,0.559174063262521
U_656,26200,26399,Agg_117,337.3985440484611,Aggressive,0.5765186027738781
U_657,26240,26439,Agg_118,325.9268234434284,Aggressive,0.5874160288332677
U_658,26280,26479,Agg_51,357.5834692719605,Aggressive,0.5578326654203809
U_659,26320,26519,Agg_32,397.48712709510306,Aggressive,0.5226556694688749
U_660,26360,26559,Agg_33,334.6576870482495,Aggressive,0.5791037247937266
U_661,26400,26599,Agg_33,310.0301989068132,Aggressive,0.6028581527101565
U_662,26440,26639,Agg_149,325.9630223858382,Aggressive,0.5873813201362974
U_663,26480,26679,Agg_11,341.49755846725503,Aggressive,0.5726740119787015
U_664,26520,26719,Agg_71,355.375544755681,Aggressive,0.5598467628670876
U_665,26560,26759,Agg_169,340.1913801217821,Aggressive,0.5738963251360257
U_666,26600,26799,Agg_169,333.1547368856107,Aggressive,0.5805261952128804
U_667,26640,26839,Agg_50,315.9050268205566,Aggressive,0.5971045609642991
U_668,26680,26879,Agg_118,325.13201558315075,Aggressive,0.5881786329889401
U_669,26720,26919,Agg_118,332.38788084992046,Aggressive,0.5812533334329222
U_670,26760,26959,Agg_118,353.1870030266235,Aggressive,0.5618503555812966
U_671,26800,26999,Agg_168,364.72290802012407,Aggressive,0.5513694398752872
U_672,26840,27039,Agg_168,352.97614545688987,Aggressive,0.5620437723235954
U_673,26880,27079,Agg_169,343.9005429136672,Aggressive,0.5704321110148382
U_674,26920,27119,Agg_171,355.0848969672697,Aggressive,0.5601124366414383
U_675,26960,27159,Agg_169,373.0489985790953,Aggressive,0.5439264849866812
U_676,27000,27199,Agg_170,356.39791664061767,Aggressive,0.5589132394897732
U_677,27040,27239,Agg_171,334.489691221085,Aggressive,0.5792625516233076
U_678,27080,27279,Agg_172,319.4631559576828,Aggressive,0.5936465929959839
U_679,27120,27319,Agg_172,369.1159238036506,Aggressive,0.5474297801313877
U_680,27160,27359,Agg_168,381.1872565683357,Aggressive,0.5367485477913244
U_681,27200,27399,Agg_67,411.7979762288092,Aggressive,0.5105878771979716
U_682,27240,27439,Agg_6,410.5421458103353,Aggressive,0.5116356235971793
U_683,27280,27479,Agg_2,397.97261377696515,Aggressive,0.5222416408338404
U_684,27320,27519,Agg_173,374.1597595466122,Aggressive,0.5429411665166027
U_685,27360,27559,Agg_173,322.2399428566459,Aggressive,0.5909618908101512
U_686,27400,27599,Agg_6,282.95109387026434,Aggressive,0.6301035188834309
U_687,27440,27639,Agg_118,357.18731829617076,Aggressive,0.5581935053284236
U_688,27480,27679,Agg_171,386.5584448097737,Aggressive,0.5320631307652373
U_689,27520,27719,Agg_2,371.33725472840007,Aggressive,0.545448417268557
U_690,27560,27759,Agg_170,374.1646675547742,Aggressive,0.5429368167518108
U_691,27600,27799,Agg_11,401.0885276976335,Aggressive,0.519592149983093
U_692,27640,27839,Agg_6,388.8095728993741,Aggressive,0.5301116011155987
U_693,27680,27879,Agg_115,390.13540755230173,Aggressive,0.5289655703596828
U_694,27720,27919,Agg_2,397.26097194254993,Aggressive,0.5228486492381023
U_695,27760,27959,Agg_168,319.02536046763026,Aggressive,0.5940709817993562
U_696,27800,27999,Agg_2,294.04947887048183,Aggressive,0.6187911595124328
U_697,27840,28039,Agg_3,307.02170981029866,Aggressive,0.6058259884646521
U_698,27880,28079,Agg_6,319.2926465596554,Aggressive,0.5938118447987061
U_699,27920,28119,Agg_6,279.4942384521521,Aggressive,0.6336690847982969
U_700,27960,28159,Agg_6,333.5532967240763,Aggressive,0.5801486373178983
U_701,28000,28199,Agg_172,368.18258116029625,Aggressive,0.5482644406394607
U_702,28040,28239,Agg_172,394.0811666921703,Aggressive,0.5255695554375236
U_703,28080,28279,Agg_117,398.5425747281329,Aggressive,0.5217559900946628
U_704,28120,28319,Agg_11,390.3884467349571,Aggressive,0.5287471289561501
U_705,28160,28359,Agg_2,361.7591305846667,Aggressive,0.5540433616607181
U_706,28200,28399,Agg_3,341.75767595198715,Aggressive,0.5724309067559139
U_707,28240,28439,Agg_6,337.19944369680275,Aggressive,0.5767060009640657
U_708,28280,28479,Agg_6,323.198051373773,Aggressive,0.5900383755468547
U_709,28320,28519,Agg_6,313.89209408361177,Aggressive,0.599069743114248
U_710,28360,28559,Agg_172,354.09155381713055,Aggressive,0.5610213785495207
U_711,28400,28599,Agg_5,378.91508380788304,Aggressive,0.5387430169701836
U_712,28440,28639,Agg_6,378.57159351650665,Aggressive,0.5390451702717497
U_713,28480,28679,Agg_11,384.99493981321046,Aggressive,0.5334227779189573
U_714,28520,28719,Agg_172,399.4405556001669,Aggressive,0.5209917571805228
U_715,28560,28759,Agg_28,391.72368345362986,Aggressive,0.527595950757752
U_716,28600,28799,Agg_152,383.2556479122652,Aggressive,0.534939374760302
U_717,28640,28839,Agg_2,391.63267273326704,Aggressive,0.5276743362573614
U_718,28680,28879,Agg_168,345.0163048435192,Aggressive,0.5693941296904625
U_719,28720,28919,Agg_168,347.69009124137176,Aggressive,0.5669144147297082
U_720,28760,28959,Agg_169,363.97400742417585,Aggressive,0.5520438775355356
U_721,28800,28999,Agg_2,371.74974730025275,Aggressive,0.5450812761043724
U_722,28840,29039,Agg_168,398.0333354489867,Aggressive,0.5221898797738734
U_723,28880,29079,Agg_11,382.50523774269413,Aggressive,0.5355950348631924
U_724,28920,29119,Agg_172,388.19635935968387,Aggressive,0.5306424927542978
U_725,28960,29159,Agg_168,366.96037372159765,Aggressive,0.5493593489685953
U_726,29000,29199,Agg_172,367.477764649413,Aggressive,0.5488955802901168
U_727,29040,29239,Agg_2,373.4492956983844,Aggressive,0.543571189037731
U_728,29080,29279,Agg_168,324.27693334194447,Aggressive,0.5890001748948325
U_729,29120,29319,Agg_168,351.51139007304454,Aggressive,0.5633892113004082
U_730,29160,29359,Agg_2,320.402691289272,Aggressive,0.5927368523913153
U_731,29200,29399,Agg_3,351.08123105598116,Aggressive,0.563784941782805
U_732,29240,29439,Agg_67,386.78922099107575,Aggressive,0.5318627381025333
U_733,29280,29479,Agg_6,384.59646960834976,Aggressive,0.5337698487562248
U_734,29320,29519,Agg_3,386.3044855379626,Aggressive,0.5322837415425705
U_735,29360,29559,Agg_4,381.54757124868223,Aggressive,0.5364329495382592
U_736,29400,29599,Agg_11,386.65154656699,Aggressive,0.5319822775101793
U_737,29440,29639,Agg_3,344.51746522132146,Aggressive,0.5698579611715379
U_738,29480,29679,Agg_4,328.481976264307,Aggressive,0.5849710969683608
U_739,29520,29719,Agg_67,378.1132667058841,Aggressive,0.5394486041402976
U_740,29560,29759,Agg_8,364.8916893532884,Aggressive,0.5512175542248962
U_741,29600,29799,Agg_8,324.54540994472706,Aggressive,0.5887421056964085
U_742,29640,29839,Agg_9,361.51047132538935,Aggressive,0.5542682909436334
U_743,29680,29879,Agg_67,323.82846388111346,Aggressive,0.589431511917746
U_744,29720,29919,Agg_68,322.6092132374166,Aggressive,0.5906057821534109
U_745,29760,29959,Agg_69,321.49702990752576,Aggressive,0.5916789751308709
U_746,29800,29999,Agg_70,327.0160929232842,Aggressive,0.5863724997642497
U_747,29840,30039,Agg_33,318.76281822466217,Aggressive,0.5943256296759244
U_748,29880,30079,Agg_69,334.9446607439646,Aggressive,0.57883251448163
U_749,29920,30119,Agg_69,334.0661606718693,Aggressive,0.5796631597838987
U_750,29960,30159,Agg_70,333.1198935767865,Aggressive,0.5805592141452975
U_751,30000,30199,Agg_71,362.23365099007447,Aggressive,0.5536143788133553
U_752,30040,30239,Agg_168,314.4881960378245,Aggressive,0.5984871087166684
U_753,30080,30279,Agg_169,281.81672340251345,Aggressive,0.6312713456624927
U_754,30120,30319,Agg_170,285.33955907202574,Aggressive,0.6276516685570943
U_755,30160,30359,Agg_51,304.4220378706094,Aggressive,0.6084022960352071
U_756,30200,30399,Agg_52,311.5292622633885,Aggressive,0.6013847775400497
U_757,30240,30439,Agg_148,338.7259736182126,Aggressive,0.5752707485697433
U_758,30280,30479,Agg_149,324.6756802911905,Aggressive,0.5886169259821354
U_759,30320,30519,Agg_48,328.1967078207119,Aggressive,0.5852435544423001
U_760,30360,30559,Agg_49,345.2141087228365,Aggressive,0.5692103120680992
U_761,30400,30599,Agg_169,331.65912839416245,Aggressive,0.5819451855756271
U_762,30440,30639,Agg_169,327.16697209081434,Aggressive,0.5862281025350938
U_763,30480,30679,Agg_31,352.78079180411976,Aggressive,0.5622230269560494
U_764,30520,30719,Agg_32,352.8322582687521,Aggressive,0.5621757962771423
U_765,30560,30759,Agg_33,354.62881566118676,Aggressive,0.5605295831607378
U_766,30600,30799,Agg_68,348.72292671281394,Aggressive,0.5659594395912415
U_767,30640,30839,Agg_67,348.55261182423516,Aggressive,0.566116804450885
U_768,30680,30879,Agg_68,361.2495437215238,Aggressive,0.5545044159682563
U_769,30720,30919,Agg_67,332.64444526394414,Aggressive,0.5810099559457862
U_770,30760,30959,Agg_68,323.9296006776318,Aggressive,0.5893342111738227
U_771,30800,30999,Agg_69,320.23740007836574,Aggressive,0.5928968007346359
U_772,30840,31039,Agg_26,345.26191836284073,Aggressive,0.5691658918433149
U_773,30880,31079,Agg_149,349.657553124028,Aggressive,0.5650966565904388
U_774,30920,31119,Agg_69,361.40745873598496,Aggressive,0.5543614996149773
U_775,30960,31159,Agg_148,342.00188931589764,Aggressive,0.5722027594183029
U_776,31000,31199,Agg_68,340.96295538085775,Aggressive,0.5731739750300768
U_777,31040,31239,Agg_68,322.50214654229126,Aggressive,0.5907090106276378
U_778,31080,31279,Agg_48,339.71290023619025,Aggressive,0.5743447360830004
U_779,31120,31319,Agg_50,315.54122174632283,Aggressive,0.5974592580055522
U_780,31160,31359,Agg_50,303.8269482133344,Aggressive,0.6089935766799587
U_781,31200,31399,Agg_171,331.17430373658465,Aggressive,0.5824059172872902
U_782,31240,31439,Agg_114,339.8815766601446,Aggressive,0.574186619759233
U_783,31280,31479,Agg_116,325.1099697469224,Aggressive,0.5881997996862937
U_784,31320,31519,Agg_115,337.92008324432595,Aggressive,0.5760280057677069
U_785,31360,31559,Agg_172,342.35603618391184,Aggressive,0.5718720722869691
U_786,31400,31599,Agg_52,362.0674328021313,Aggressive,0.5537646079905926
U_787,31440,31639,Agg_67,339.6198334699788,Aggressive,0.5744319949807694
U_788,31480,31679,Agg_68,312.9019233496067,Aggressive,0.600038797066591
U_789,31520,31719,Agg_69,338.4834674089952,Aggressive,0.5754985154539047
U_790,31560,31759,Agg_28,362.794369487393,Aggressive,0.5531078980275975
U_791,31600,31799,Agg_29,344.6396929512762,Aggressive,0.5697442763439365
U_792,31640,31839,Agg_116,350.1464381817073,Aggressive,0.5646458755002818
U_793,31680,31879,Agg_31,354.07163164063314,Aggressive,0.5610396230812585
U_794,31720,31919,Agg_51,364.64623824625585,Aggressive,0.5514384485227349
U_795,31760,31959,Agg_52,365.0250267257009,Aggressive,0.5510975940373292
U_796,31800,31999,Agg_68,333.1793642987656,Aggressive,0.5805028584102301
U_797,31840,32039,Agg_69,335.6464821478308,Aggressive,0.5781697789565036
U_798,31880,32079,Agg_70,361.50573055142377,Aggressive,0.5542725801844366
U_799,31920,32119,Agg_149,372.8093334505742,Aggressive,0.5441393182351267
U_800,31960,32159,Agg_2,384.5057358034827,Aggressive,0.5338489102085966
U_801,32000,32199,Agg_169,364.860330610966,Aggressive,0.5512457706673666
U_802,32040,32239,Agg_50,365.6694981945029,Aggressive,0.550518147651429
U_803,32080,32279,Agg_51,371.0954592347913,Aggressive,0.545663743561074
U_804,32120,32319,Agg_52,309.6392868213267,Aggressive,0.6032429590956306
U_805,32160,32359,Agg_4,342.811145360234,Aggressive,0.5714473914751355
U_806,32200,32399,Agg_67,326.3265173821384,Aggressive,0.5870329032492015
U_807,32240,32439,Agg_149,326.4233919556116,Aggressive,0.5869400820071482
U_808,32280,32479,Agg_150,321.2068282718281,Aggressive,0.5919593236889135
U_809,32320,32519,Agg_70,329.26027561555117,Aggressive,0.5842283947901513
U_810,32360,32559,Agg_27,348.8366423663851,Aggressive,0.5658543947525957
U_811,32400,32599,Agg_148,364.0316154725774,Aggressive,0.5519919681597579
U_812,32440,32639,Agg_67,334.4000299900155,Aggressive,0.5793473370865427
U_813,32480,32679,Agg_67,330.3444079873251,Aggressive,0.5831954188245967
U_814,32520,32719,Agg_68,323.18945998296596,Aggressive,0.590046650322815
U_815,32560,32759,Agg_68,371.2191771598446,Aggressive,0.5455535583420789
U_816,32600,32799,Agg_106,358.6566327424789,Aggressive,0.556856330206116
U_817,32640,32839,Agg_107,341.73504514247855,Aggressive,0.572452053360775
U_818,32680,32879,Agg_169,339.6637596252768,Aggressive,0.5743908084028021
U_819,32720,32919,Agg_170,332.98571918565534,Aggressive,0.5806863807806689
U_820,32760,32959,Agg_171,341.77476154402893,Aggressive,0.5724149422120003
U_821,32800,32999,Agg_172,339.66435219492644,Aggressive,0.5743902528106011
U_822,32840,33039,Agg_51,335.36917025274647,Aggressive,0.5784315560553087
U_823,32880,33079,Agg_52,329.0765962216941,Aggressive,0.5844035881622036
U_824,32920,33119,Agg_67,366.96920917540683,Aggressive,0.5493514259310478
U_825,32960,33159,Agg_67,337.3451295624162,Aggressive,0.576568871835471
U_826,33000,33199,Agg_67,325.02679720760517,Aggressive,0.5882796623479214
U_827,33040,33239,Agg_68,319.5665037382882,Aggressive,0.593546454291675
U_828,33080,33279,Agg_67,328.9640278515206,Aggressive,0.5845109818160508
U_829,33120,33319,Agg_68,344.1384683514995,Aggressive,0.5702106129297841
U_830,33160,33359,Agg_29,359.2476934776592,Aggressive,0.5563193290173508
U_831,33200,33399,Agg_106,344.1467348877851,Aggressive,0.5702029186954689
U_832,33240,33439,Agg_50,327.78300217507564,Aggressive,0.5856389066801299
U_833,33280,33479,Agg_51,319.78157827011637,Aggressive,0.5933381122412364
U_834,33320,33519,Agg_52,320.69708640381106,Aggressive,0.5924520801539891
U_835,33360,33559,Agg_68,348.3155425090476,Aggressive,0.5663359208542691
U_836,33400,33599,Agg_70,364.82719873500855,Aggressive,0.5512755841359773
U_837,33440,33639,Agg_27,388.11704890498567,Aggressive,0.5307111948590103
U_838,33480,33679,Agg_24,397.0118580647508,Aggressive,0.5230613023199722
U_839,33520,33719,Agg_67,368.747115325877,Aggressive,0.5477594426054576
U_840,33560,33759,Agg_67,347.82398133922607,Aggressive,0.5667905270934899
U_841,33600,33799,Agg_68,348.54565000835163,Aggressive,0.5661232378502677
U_842,33640,33839,Agg_69,361.05504146419685,Aggressive,0.5546804951717581
U_843,33680,33879,Agg_148,384.49518452829216,Aggressive,0.5338581048864111
U_844,33720,33919,Agg_149,364.0504342986596,Aggressive,0.5519750119772647
U_845,33760,33959,Agg_148,352.38738592002295,Aggressive,0.5625841859201489
U_846,33800,33999,Agg_67,328.21254773209546,Aggressive,0.5852284225501347
U_847,33840,34039,Agg_68,348.358998626974,Aggressive,0.5662957492572597
U_848,33880,34079,Agg_150,347.6489129255247,Aggressive,0.5669525222019186
U_849,33920,34119,Agg_148,346.03783858058347,Aggressive,0.5684454641504744
U_850,33960,34159,Agg_68,344.01803219846863,Aggressive,0.5703227229230862
U_851,34000,34199,Agg_67,349.08988728055346,Aggressive,0.5656205298070237
U_852,34040,34239,Agg_150,356.89134067887767,Aggressive,0.558463253201944
U_853,34080,34279,Agg_67,385.11471608327054,Aggressive,0.5333184959189397
U_854,34120,34319,Agg_67,354.37190399750824,Aggressive,0.560764699544064
U_855,34160,34359,Agg_148,337.5365865508476,Aggressive,0.5763887094934442
U_856,34200,34399,Agg_67,340.6928806422482,Aggressive,0.573426715987462
U_857,34240,34439,Agg_68,358.6408864940738,Aggressive,0.5568706433588662
U_858,34280,34479,Agg_67,345.6400950997669,Aggressive,0.5688146476919476
U_859,34320,34519,Agg_68,350.24206490787714,Aggressive,0.564557744029459
U_860,34360,34559,Agg_67,353.4956366043284,Aggressive,0.5615673702619536
U_861,34400,34599,Agg_68,352.33025572411543,Aggressive,0.5626366525234937
U_862,34440,34639,Agg_67,318.9913137907349,Aggressive,0.594103998570694
U_863,34480,34679,Agg_67,323.77690563772455,Aggressive,0.5894811207727243
U_864,34520,34719,Agg_68,326.5795102223907,Aggressive,0.5867905267724177
U_865,34560,34759,Agg_151,359.0303701238569,Aggressive,0.5565167153361184
U_866,34600,34799,Agg_152,376.7948080171238,Aggressive,0.5406108379006667
U_867,34640,34839,Agg_4,387.63018035279066,Aggressive,0.5311331361459095
U_868,34680,34879,Agg_52,351.30594248672173,Aggressive,0.5635781808636421
U_869,34720,34919,Agg_33,339.1185940217691,Aggressive,0.5749021824059547
U_870,34760,34959,Agg_68,364.87378924756524,Aggressive,0.5512336604752721
U_871,34800,34999,Agg_151,380.274913938176,Aggressive,0.5375484957567987
U_872,34840,35039,Agg_71,398.2536424530409,Aggressive,0.5220021262340927
U_873,34880,35079,Agg_168,375.7399725846847,Aggressive,0.5415424880770162
U_874,34920,35119,Agg_106,353.6225668316745,Aggressive,0.5614510296354968
U_875,34960,35159,Agg_107,349.3883172532145,Aggressive,0.5653450617204352
U_876,35000,35199,Agg_170,352.07778358841716,Aggressive,0.5628685737148813
U_877,35040,35239,Agg_168,325.11751067188123,Aggressive,0.5881925593909232
U_878,35080,35279,Agg_169,323.60347898605704,Aggressive,0.5896480209042753
U_879,35120,35319,Agg_170,333.2482769315678,Aggressive,0.580437562159663
U_880,35160,35359,Agg_171,339.82777582893635,Aggressive,0.5742370476250992
U_881,35200,35399,Agg_32,348.00789460863984,Aggressive,0.5666203974759606
U_882,35240,35439,Agg_25,344.8862550806946,Aggressive,0.5695150162765793
U_883,35280,35479,Agg_67,339.9173186027236,Aggressive,0.5741531210543236
U_884,35320,35519,Agg_67,317.3151860139355,Aggressive,0.5957316946410318
U_885,35360,35559,Agg_69,336.51231603602247,Aggressive,0.5773532105598728
U_886,35400,35599,Agg_67,335.34628301215287,Aggressive,0.578453166464515
U_887,35440,35639,Agg_48,354.12687105274665,Aggressive,0.5609890368334053
U_888,35480,35679,Agg_71,368.90560063130823,Aggressive,0.5476177549009249
U_889,35520,35719,Agg_50,353.5088528603407,Aggressive,0.5615552554943135
U_890,35560,35759,Agg_51,351.221898917644,Aggressive,0.5636555019440407
U_891,35600,35799,Agg_52,320.819432931303,Aggressive,0.5923337730085632
U_892,35640,35839,Agg_67,346.19190485170833,Aggressive,0.568302524987878
U_893,35680,35879,Agg_67,338.8875442617281,Aggressive,0.5751190480939188
U_894,35720,35919,Agg_150,331.42824164436433,Aggressive,0.5821645531318693
U_895,35760,35959,Agg_69,348.67276776977957,Aggressive,0.5660057801140222
U_896,35800,35999,Agg_70,358.310439764345,Aggressive,0.5571711003970518
U_897,35840,36039,Agg_168,350.1023793541647,Aggressive,0.5646864856114594
U_898,35880,36079,Agg_169,315.7446731412483,Aggressive,0.5972608741531298
U_899,35920,36119,Agg_170,311.82921050333397,Aggressive,0.6010904018790291
U_900,35960,36159,Agg_170,320.9346393369079,Aggressive,0.5922223918444309
U_901,36000,36199,Agg_172,342.64280834978604,Aggressive,0.5716044367954632
U_902,36040,36239,Agg_173,375.2264839648789,Aggressive,0.5419965915744189
U_903,36080,36279,Agg_49,351.2958456170217,Aggressive,0.5635874695429028
U_904,36120,36319,Agg_50,327.05460811074886,Aggressive,0.5863356358519969
U_905,36160,36359,Agg_108,343.1347041987148,Aggressive,0.5711456574370305
U_906,36200,36399,Agg_106,373.4596752110096,Aggressive,0.5435619794714577
U_907,36240,36439,Agg_168,375.18884566563844,Aggressive,0.5420298919669467
U_908,36280,36479,Agg_168,353.01099679750274,Aggressive,0.5620117990767416
U_909,36320,36519,Agg_169,336.8541017886937,Aggressive,0.5770311898055592
U_910,36360,36559,Agg_168,291.9876652624466,Aggressive,0.6208772541037083
U_911,36400,36599,Agg_170,303.5057347582474,Aggressive,0.609312972896672
U_912,36440,36639,Agg_170,303.36968806170114,Aggressive,0.6094483004140349
U_913,36480,36679,Agg_51,306.6304592382221,Aggressive,0.6062130241766525
U_914,36520,36719,Agg_52,318.9799954299805,Aggressive,0.5941149749595667
U_915,36560,36759,Agg_68,347.20675621874057,Aggressive,0.5673618668428133
U_916,36600,36799,Agg_68,341.45418258968994,Aggressive,0.5727145610199347
U_917,36640,36839,Agg_67,343.6532799515559,Aggressive,0.5706623930956649
U_918,36680,36879,Agg_69,344.4372747826419,Aggressive,0.5699325591569263
U_919,36720,36919,Agg_67,340.65295542600506,Aggressive,0.5734640882006118
U_920,36760,36959,Agg_67,319.2300633058902,Aggressive,0.5938725098604107
U_921,36800,36999,Agg_68,324.05023302151045,Aggressive,0.5892181753403374
U_922,36840,37039,Agg_69,325.72948282613805,Aggressive,0.5876052813621014
U_923,36880,37079,Agg_148,339.8430520076694,Aggressive,0.5742227287140975
U_924,36920,37119,Agg_68,365.2689866208627,Aggressive,0.5508781772014675
U_925,36960,37159,Agg_168,354.3063543325415,Aggressive,0.5608247040470894
U_926,37000,37199,Agg_169,332.91373213711944,Aggressive,0.5807546195192569
U_927,37040,37239,Agg_169,329.27640907076415,Aggressive,0.584213009212893
U_928,37080,37279,Agg_106,333.74491379714027,Aggressive,0.5799672048426372
U_929,37120,37319,Agg_51,356.0734939317323,Aggressive,0.55920929974414
U_930,37160,37359,Agg_52,353.7527572255269,Aggressive,0.5613317258723347
U_931,37200,37399,Agg_67,354.03804821689266,Aggressive,0.5610703797908954
U_932,37240,37439,Agg_67,336.0254309456158,Aggressive,0.5778122501229231
U_933,37280,37479,Agg_67,331.40801320252194,Aggressive,0.5821837762938407
U_934,37320,37519,Agg_68,340.96321219556734,Aggressive,0.5731737347511229
U_935,37360,37559,Agg_148,329.88790942078083,Aggressive,0.5836301540252202
U_936,37400,37599,Agg_149,339.3361217463457,Aggressive,0.5746980833773856
U_937,37440,37639,Agg_68,354.0430736777111,Aggressive,0.5610657772154387
U_938,37480,37679,Agg_71,357.10743603358253,Aggressive,0.558266295529143
U_939,37520,37719,Agg_168,352.6833227880969,Aggressive,0.5623124849644358
U_940,37560,37759,Agg_108,358.10527418626776,Aggressive,0.5573577277388039
U_941,37600,37799,Agg_168,286.88864407331727,Aggressive,0.6260665767054117
U_942,37640,37839,Agg_169,307.95115617826315,Aggressive,0.6049075452874187
U_943,37680,37879,Agg_105,326.3716155535869,Aggressive,0.5869896902054248
U_944,37720,37919,Agg_168,319.7209589727697,Aggressive,0.5933968265694284
U_945,37760,37959,Agg_169,323.8946089165104,Aggressive,0.5893678739029331
U_946,37800,37999,Agg_170,318.58176495938596,Aggressive,0.5945013024516375
U_947,37840,38039,Agg_51,300.0212520518946,Aggressive,0.6127885256831914
U_948,37880,38079,Agg_51,317.3484188166993,Aggressive,0.5956993788075015
U_949,37920,38119,Agg_67,327.9081037226742,Aggressive,0.5855193269066427
U_950,37960,38159,Agg_148,309.90219730300635,Aggressive,0.6029841280059858
U_951,38000,38199,Agg_48,334.49170441587785,Aggressive,0.5792606480482608
U_952,38040,38239,Agg_150,369.57083490113126,Aggressive,0.5470234274034357
U_953,38080,38279,Agg_6,408.78799806645526,Aggressive,0.5131027189068232
U_954,38120,38319,Agg_52,338.82259950116656,Aggressive,0.5751800206437724
U_955,38160,38359,Agg_52,324.19747816558066,Aggressive,0.5890765717090807
U_956,38200,38399,Agg_69,334.16960061152315,Aggressive,0.579565292674944
U_957,38240,38439,Agg_69,324.55339215789826,Aggressive,0.5887344346421496
U_958,38280,38479,Agg_70,334.5935396071713,Aggressive,0.5791643660092468
U_959,38320,38519,Agg_71,340.64832815438854,Aggressive,0.5734684197405681
U_960,38360,38559,Agg_168,324.353018964155,Aggressive,0.5889270272214846
U_961,38400,38599,Agg_169,329.5507785509976,Aggressive,0.5839514203555097
U_962,38440,38639,Agg_170,311.15782685373455,Aggressive,0.6017495120564008
U_963,38480,38679,Agg_169,320.8757292758899,Aggressive,0.5922793432757247
U_964,38520,38719,Agg_170,332.8771216401896,Aggressive,0.5807893268120123
U_965,38560,38759,Agg_51,337.39448394131375,Aggressive,0.5765224236391551
U_966,38600,38799,Agg_52,328.28669866345024,Aggressive,0.5851575912517607
U_967,38640,38839,Agg_67,362.54187275926444,Aggressive,0.5533359136389777
U_968,38680,38879,Agg_148,330.8954894858715,Aggressive,0.5826710412871409
U_969,38720,38919,Agg_148,304.19473868296865,Aggressive,0.6086280725494073
U_970,38760,38959,Agg_149,301.6991336330363,Aggressive,0.6111124763592756
U_971,38800,38999,Agg_148,330.45127593565087,Aggressive,0.5830936925450174
U_972,38840,39039,Agg_67,344.21877422630115,Aggressive,0.5701358711191793
U_973,38880,39079,Agg_68,323.75449807369466,Aggressive,0.5895026824208628
U_974,38920,39119,Agg_69,326.6158264161599,Aggressive,0.5867557427332473
U_975,38960,39159,Agg_150,341.5649314115922,Aggressive,0.5726110354690128
U_976,39000,39199,Agg_148,338.42601268327707,Aggressive,0.5755524913416762
U_977,39040,39239,Agg_149,359.775253514447,Aggressive,0.5558404580356726
U_978,39080,39279,Agg_67,339.1131342444119,Aggressive,0.5749073060658159
U_979,39120,39319,Agg_67,350.11844042048085,Aggressive,0.5646716813910693
U_980,39160,39359,Agg_68,342.96130504619975,Aggressive,0.571307340593458
U_981,39200,39399,Agg_68,318.7292436873193,Aggressive,0.594358202533633
U_982,39240,39439,Agg_68,341.7611697894696,Aggressive,0.5724276421256612
U_983,39280,39479,Agg_69,338.2378723333903,Aggressive,0.5757292753758838
U_984,39320,39519,Agg_70,344.18204768178197,Aggressive,0.5701700518165068
U_985,39360,39559,Agg_68,367.45002922453114,Aggressive,0.5489204312892116
U_986,39400,39599,Agg_148,350.39137119720385,Aggressive,0.5644201679228101
U_987,39440,39639,Agg_67,346.989001549819,Aggressive,0.5675635707313663
U_988,39480,39679,Agg_148,342.9145629114745,Aggressive,0.5713509323511299
U_989,39520,39719,Agg_149,349.0081350899348,Aggressive,0.5656960152149555
U_990,39560,39759,Agg_48,359.0322351354612,Aggressive,0.5565150211209884
U_991,39600,39799,Agg_49,377.49675092487354,Aggressive,0.539991757266527
U_992,39640,39839,Agg_50,373.2614028828847,Aggressive,0.5437379301410714
U_993,39680,39879,Agg_51,367.8911494715623,Aggressive,0.5485253199401853
U_994,39720,39919,Agg_33,341.67728257533014,Aggressive,0.5725060312060094
U_995,39760,39959,Agg_150,330.12502522530264,Aggressive,0.583404302179062
U_996,39800,39999,Agg_151,358.43668603796675,Aggressive,0.5570562924721352
U_997,39840,40039,Agg_71,374.09497563196373,Aggressive,0.5429985850886333
U_998,39880,40079,Agg_29,365.474078966388,Aggressive,0.5506937853219395
U_999,39920,40119,Agg_104,354.1751755902317,Aggressive,0.5609448050300869
U_1000,39960,40159,Agg_107,341.223065295095,Aggressive,0.5729306646485588
U_1001,40000,40199,Agg_108,350.14924297108627,Aggressive,0.564643290355413
U_1002,40040,40239,Agg_169,353.2250427165336,Aggressive,0.5618154693858092
U_1003,40080,40279,Agg_170,344.8353128646031,Aggressive,0.5695623761502839
U_1004,40120,40319,Agg_51,335.58162932386523,Aggressive,0.5782309881605758
U_1005,40160,40359,Agg_52,341.69290500923023,Aggressive,0.5724914318839248
U_1006,40200,40399,Agg_67,353.9048765582576,Aggressive,0.5611923590021034
U_1007,40240,40439,Agg_67,355.1366933492279,Aggressive,0.5600650816517411
U_1008,40280,40479,Agg_67,347.47153798525716,Aggressive,0.5671166988152069
U_1009,40320,40519,Agg_68,352.98935528361443,Aggressive,0.562031653176855
U_1010,40360,40559,Agg_67,336.7046375890502,Aggressive,0.5771719885928944
U_1011,40400,40599,Agg_68,340.6455421926725,Aggressive,0.5734710276656055
U_1012,40440,40639,Agg_148,353.4398359557148,Aggressive,0.5616185231733463
U_1013,40480,40679,Agg_5,380.78210280785873,Aggressive,0.5371036422010621
U_1014,40520,40719,Agg_107,363.2889196322425,Aggressive,0.552661569780043
U_1015,40560,40759,Agg_108,348.04726537333033,Aggressive,0.5665839840480559
U_1016,40600,40799,Agg_105,350.2333129513068,Aggressive,0.5645658094327934
U_1017,40640,40839,Agg_168,341.40850070583394,Aggressive,0.5727572688875688
U_1018,40680,40879,Agg_169,337.2218259277026,Aggressive,0.576684931214479
U_1019,40720,40919,Agg_50,318.81429083261855,Aggressive,0.5942756961937751
U_1020,40760,40959,Agg_51,321.15717139797925,Aggressive,0.5920073078942739
U_1021,40800,40999,Agg_52,338.3893318883755,Aggressive,0.575586953791274
U_1022,40840,41039,Agg_67,352.69384652,Aggressive,0.5623028254957912
U_1023,40880,41079,Agg_67,345.74563704917796,Aggressive,0.5687166608098456
U_1024,40920,41119,Agg_148,350.3451357663547,Aggressive,0.5644627673036162
U_1025,40960,41159,Agg_67,320.9033441181505,Aggressive,0.5922526458842297
U_1026,41000,41199,Agg_67,320.2536806458103,Aggressive,0.5928810445036375
U_1027,41040,41239,Agg_68,328.115461899422,Aggressive,0.5853211749485482
U_1028,41080,41279,Agg_148,323.7260555389553,Aggressive,0.5895300523472826
U_1029,41120,41319,Agg_67,290.04495444611086,Aggressive,0.6228492779535572
U_1030,41160,41359,Agg_68,272.71981201699833,Aggressive,0.6407151713359432
U_1031,41200,41399,Agg_69,290.0130687063552,Aggressive,0.62288169699951
U_1032,41240,41439,Agg_70,300.3479246857512,Aggressive,0.6124618498121229
U_1033,41280,41479,Agg_151,354.4164708503582,Aggressive,0.5607239064823878
U_1034,41320,41519,Agg_71,385.24988338531995,Aggressive,0.5332008383566383
U_1035,41360,41559,Agg_168,296.193639793222,Aggressive,0.6166291821065558
U_1036,41400,41599,Agg_169,337.3735140478148,Aggressive,0.5765421582845355
U_1037,41440,41639,Agg_106,335.2630293603414,Aggressive,0.5785317823790025
U_1038,41480,41679,Agg_107,326.5085818584718,Aggressive,0.5868584686653848
U_1039,41520,41719,Agg_168,287.8708858729935,Aggressive,0.6250635782134148
U_1040,41560,41759,Agg_169,275.361910438692,Aggressive,0.6379578505771276
U_1041,41600,41799,Agg_170,288.10485992257605,Aggressive,0.6248248968995664
U_1042,41640,41839,Agg_51,294.6280018768593,Aggressive,0.6182070837901568
U_1043,41680,41879,Agg_52,302.01642620951435,Aggressive,0.6107960460577071
U_1044,41720,41919,Agg_67,342.75219999868483,Aggressive,0.5715023779970047
U_1045,41760,41959,Agg_67,342.84596661836446,Aggressive,0.5714149113393643
U_1046,41800,41999,Agg_67,291.8874006002032,Aggressive,0.6209788786571565
U_1047,41840,42039,Agg_68,312.18030600244805,Aggressive,0.6007460122391427
U_1048,41880,42079,Agg_69,324.1174991488789,Aggressive,0.5891534822075122
U_1049,41920,42119,Agg_70,366.637833953885,Aggressive,0.5496486590619744
U_1050,41960,42159,Agg_71,327.52187979760606,Aggressive,0.585888582243097
U_1051,42000,42199,Agg_115,375.2238128961156,Aggressive,0.5419989547284831
U_1052,42040,42239,Agg_168,334.1157598908969,Aggressive,0.5796162306625692
U_1053,42080,42279,Agg_169,307.70699142708185,Aggressive,0.6051486845803478
U_1054,42120,42319,Agg_50,316.20126611024375,Aggressive,0.5968158937164397
U_1055,42160,42359,Agg_51,346.79510966055926,Aggressive,0.56774323112557
U_1056,42200,42399,Agg_116,360.68965066290735,Aggressive,0.5550114277261711
U_1057,42240,42439,Agg_116,356.3901204025268,Aggressive,0.5589203523081571
U_1058,42280,42479,Agg_50,351.8275822053615,Aggressive,0.5630985033032098
U_1059,42320,42519,Agg_51,354.77882804618224,Aggressive,0.5603923427694355
U_1060,42360,42559,Agg_3,346.1278196540872,Aggressive,0.5683619774020404
U_1061,42400,42599,Agg_148,331.27820596873005,Aggressive,0.5823071476876338
U_1062,42440,42639,Agg_68,316.1409788803275,Aggressive,0.5968746286584555
U_1063,42480,42679,Agg_69,327.9648816540814,Aggressive,0.5854650631144522
U_1064,42520,42719,Agg_168,381.46152624910326,Aggressive,0.5365082991549951
U_1065,42560,42759,Agg_71,352.4009706011454,Aggressive,0.5625717108895705
U_1066,42600,42799,Agg_49,338.1960981343717,Aggressive,0.5757685354140635
U_1067,42640,42839,Agg_50,316.0776899724751,Aggressive,0.5969362942097979
U_1068,42680,42879,Agg_50,321.46840338227815,Aggressive,0.5917066238097869
U_1069,42720,42919,Agg_51,310.0362249010885,Aggressive,0.6028522227580935
U_1070,42760,42959,Agg_52,324.4653147179312,Aggressive,0.5888190842219476
U_1071,42800,42999,Agg_67,336.43176832768637,Aggressive,0.5774291264677981
U_1072,42840,43039,Agg_68,327.32124471635996,Aggressive,0.5860804944018035
U_1073,42880,43079,Agg_69,328.8699462102402,Aggressive,0.5846007537071598
U_1074,42920,43119,Agg_70,352.03929652566006,Aggressive,0.5629039363709449
U_1075,42960,43159,Agg_3,360.9986576673751,Aggressive,0.5547315488060565
U_1076,43000,43199,Agg_67,359.6926543044826,Aggressive,0.5559154068542909
U_1077,43040,43239,Agg_67,333.1511891168837,Aggressive,0.580529557136523
U_1078,43080,43279,Agg_68,332.7789430088357,Aggressive,0.5808824118469835
U_1079,43120,43319,Agg_67,336.8980595717576,Aggressive,0.5769897870778828
U_1080,43160,43359,Agg_68,346.5732916135285,Aggressive,0.56794883767048
U_1081,43200,43399,Agg_149,333.5792573677339,Aggressive,0.5801240531792863
U_1082,43240,43439,Agg_150,333.25293473092285,Aggressive,0.5804331490562934
U_1083,43280,43479,Agg_151,347.7353186470025,Aggressive,0.5668725630772533
U_1084,43320,43519,Agg_71,349.5670592284656,Aggressive,0.5651801368063784
U_1085,43360,43559,Agg_29,353.4515402302595,Aggressive,0.5616077933828997
U_1086,43400,43599,Agg_169,329.8969294199745,Aggressive,0.583621560912888
U_1087,43440,43639,Agg_169,320.7903308901515,Aggressive,0.5923619120777159
U_1088,43480,43679,Agg_51,322.4681978276891,Aggressive,0.5907417460862526
U_1089,43520,43719,Agg_51,333.91050516022716,Aggressive,0.579810460494834
U_1090,43560,43759,Agg_67,343.4255417881855,Aggressive,0.5708745734930621
U_1091,43600,43799,Agg_67,349.4659971300839,Aggressive,0.5652733807191942
U_1092,43640,43839,Agg_150,336.1623644708172,Aggressive,0.5776831111098795
U_1093,43680,43879,Agg_151,370.3657473580648,Aggressive,0.5463140898340113
U_1094,43720,43919,Agg_68,360.6815130550082,Aggressive,0.5550188001625801
U_1095,43760,43959,Agg_68,363.6510574675866,Aggressive,0.5523349712115329
U_1096,43800,43999,Agg_71,384.3417971066438,Aggressive,0.5339917888838723
U_1097,43840,44039,Agg_106,348.73743459122,Aggressive,0.5659460368529375
U_1098,43880,44079,Agg_107,333.512970137542,Aggressive,0.5801868277435162
U_1099,43920,44119,Agg_106,338.2325256729836,Aggressive,0.5757343001006147
U_1100,43960,44159,Agg_117,350.6546520238245,Aggressive,0.5641776533149849
U_1101,44000,44199,Agg_104,346.95573314531146,Aggressive,0.5675943932229995
U_1102,44040,44239,Agg_168,347.4584154997273,Aggressive,0.5671288467556648
U_1103,44080,44279,Agg_106,350.0176375879931,Aggressive,0.5647646024049752
U_1104,44120,44319,Agg_168,339.42060288846267,Aggressive,0.5746188370679244
U_1105,44160,44359,Agg_105,348.70500487843697,Aggressive,0.5659759966650688
U_1106,44200,44399,Agg_105,349.945789433031,Aggressive,0.5648308420538274
U_1107,44240,44439,Agg_107,355.57886357955107,Aggressive,0.5596609891975383
U_1108,44280,44479,Agg_115,353.6372766245081,Aggressive,0.5614375486174416
U_1109,44320,44519,Agg_168,338.94633201506537,Aggressive,0.5750638615441779
U_1110,44360,44559,Agg_168,316.72484972516526,Aggressive,0.5963060344484803
U_1111,44400,44599,Agg_169,315.5278355092352,Aggressive,0.5974723131300591
U_1112,44440,44639,Agg_170,337.05808958059833,Aggressive,0.5768390839389672
U_1113,44480,44679,Agg_115,344.8842198515032,Aggressive,0.569516908309503
U_1114,44520,44719,Agg_51,339.1583247335154,Aggressive,0.5748648989909484
U_1115,44560,44759,Agg_9,344.75492600904823,Aggressive,0.5696371180777737
U_1116,44600,44799,Agg_67,343.7665177227277,Aggressive,0.5705569204368703
U_1117,44640,44839,Agg_68,326.8513635906798,Aggressive,0.5865301927547479
U_1118,44680,44879,Agg_148,320.3251204825333,Aggressive,0.5928119104277676
U_1119,44720,44919,Agg_69,348.39691147392875,Aggressive,0.5662607042845273
U_1120,44760,44959,Agg_148,333.85969951274836,Aggressive,0.5798585472542382
U_1121,44800,44999,Agg_149,343.00251267498606,Aggressive,0.5712689130795917
U_1122,44840,45039,Agg_70,361.11509259655924,Aggressive,0.5546261260552642
U_1123,44880,45079,Agg_6,387.6190039377427,Aggressive,0.5311428260470261
U_1124,44920,45119,Agg_31,367.7583993545819,Aggressive,0.5486441942784338
U_1125,44960,45159,Agg_67,347.3739399722532,Aggressive,0.5672070549139648
U_1126,45000,45199,Agg_68,343.40562749388494,Aggressive,0.5708931311074115
U_1127,45040,45239,Agg_148,356.1346417023685,Aggressive,0.5591534857883114
U_1128,45080,45279,Agg_67,336.2311907021855,Aggressive,0.577618213495788
U_1129,45120,45319,Agg_68,343.24507303582305,Aggressive,0.5710427696821213
U_1130,45160,45359,Agg_148,339.1949506106862,Aggressive,0.5748305313035575
U_1131,45200,45399,Agg_67,319.4007526333649,Aggressive,0.5937070668003096
U_1132,45240,45439,Agg_68,313.26588200609586,Aggressive,0.5996824182766126
U_1133,45280,45479,Agg_68,350.95064047896255,Aggressive,0.5639051353065894
U_1134,45320,45519,Agg_70,343.4582657865746,Aggressive,0.570844080157784
U_1135,45360,45559,Agg_148,369.2478717736439,Aggressive,0.547311885554372
U_1136,45400,45599,Agg_12,342.2596648621943,Aggressive,0.5719620407556655
U_1137,45440,45639,Agg_67,337.5279480636208,Aggressive,0.5763968371564415
U_1138,45480,45679,Agg_68,333.9345846741421,Aggressive,0.5797876710003255
U_1139,45520,45719,Agg_69,346.6132598024162,Aggressive,0.567911785045345
U_1140,45560,45759,Agg_67,334.1433549901273,Aggressive,0.579590122748026
U_1141,45600,45799,Agg_68,338.6407717460678,Aggressive,0.5753507616694508
U_1142,45640,45839,Agg_69,340.8836746812321,Aggressive,0.5732481558286509
U_1143,45680,45879,Agg_148,344.7116892278208,Aggressive,0.569677322740846
U_1144,45720,45919,Agg_148,341.13594567346615,Aggressive,0.5730121460319479
U_1145,45760,45959,Agg_68,351.63250094053495,Aggressive,0.5632778438753241
U_1146,45800,45999,Agg_68,350.45305694904675,Aggressive,0.5643633382721208
U_1147,45840,46039,Agg_69,338.821808594579,Aggressive,0.5751807632160482
U_1148,45880,46079,Agg_70,337.6454690375548,Aggressive,0.5762862754378422
U_1149,45920,46119,Agg_71,358.73852846437757,Aggressive,0.5567818938999304
U_1150,45960,46159,Agg_168,345.92043562279974,Aggressive,0.5685544120656947
U_1151,46000,46199,Agg_169,327.8584896423258,Aggressive,0.5855667481822493
U_1152,46040,46239,Agg_117,349.18246037782825,Aggressive,0.5655350651387526
U_1153,46080,46279,Agg_51,352.8087213507084,Aggressive,0.5621973955707006
U_1154,46120,46319,Agg_52,367.8599831080822,Aggressive,0.5485532263085942
U_1155,46160,46359,Agg_32,374.3674188954862,Aggressive,0.5427571570693692
U_1156,46200,46399,Agg_149,339.2269736908125,Aggressive,0.5748004843086331
U_1157,46240,46439,Agg_150,331.62204320829994,Aggressive,0.5819804149677932
U_1158,46280,46479,Agg_69,335.1293424097877,Aggressive,0.5786580445033391
U_1159,46320,46519,Agg_70,361.7078939698239,Aggressive,0.554089701210597
U_1160,46360,46559,Agg_29,367.2849123308417,Aggressive,0.5490683996624373
U_1161,46400,46599,Agg_116,348.4128416673546,Aggressive,0.5662459797595645
U_1162,46440,46639,Agg_117,354.43695218339525,Aggressive,0.5607051604441845
U_1163,46480,46679,Agg_104,354.9211767088465,Aggressive,0.5602621446852932
U_1164,46520,46719,Agg_104,347.6814977655635,Aggressive,0.5669223671416697
U_1165,46560,46759,Agg_51,347.84463038993874,Aggressive,0.5667714230710219
U_1166,46600,46799,Agg_52,358.6756916776481,Aggressive,0.5568390063525721
U_1167,46640,46839,Agg_67,358.34939297381834,Aggressive,0.5571356739591434
U_1168,46680,46879,Agg_67,334.4263257758331,Aggressive,0.5793224699766565
U_1169,46720,46919,Agg_68,334.51775722029805,Aggressive,0.579236014400007
U_1170,46760,46959,Agg_69,336.8717428910658,Aggressive,0.5770145737390867
U_1171,46800,46999,Agg_70,349.55827216088966,Aggressive,0.5651882434939633
U_1172,46840,47039,Agg_69,357.915930698309,Aggressive,0.5575300180999563
U_1173,46880,47079,Agg_152,370.93236819476004,Aggressive,0.5458090291291523
U_1174,46920,47119,Agg_6,369.13227476550844,Aggressive,0.54741516928434
U_1175,46960,47159,Agg_51,359.63085882751534,Aggressive,0.5559714854033554
U_1176,47000,47199,Agg_52,348.33765287423876,Aggressive,0.5663154812891011
U_1177,47040,47239,Agg_67,345.95549548257515,Aggressive,0.5685218749353556
U_1178,47080,47279,Agg_68,351.29421147861564,Aggressive,0.5635889728932781
U_1179,47120,47319,Agg_67,335.71127120339287,Aggressive,0.5781086364079475
U_1180,47160,47359,Agg_67,347.6701501317352,Aggressive,0.5669328684254011
U_1181,47200,47399,Agg_148,346.7039982426954,Aggressive,0.5678276746849685
U_1182,47240,47439,Agg_149,347.85467121770995,Aggressive,0.566762133762892
U_1183,47280,47479,Agg_69,351.9316532913651,Aggressive,0.5630028528489994
U_1184,47320,47519,Agg_149,364.6595287691055,Aggressive,0.5514264854191141
U_1185,47360,47559,Agg_68,377.6854054231028,Aggressive,0.5398254937764806
U_1186,47400,47599,Agg_148,374.50932111429177,Aggressive,0.5426314516754648
U_1187,47440,47639,Agg_28,391.0823911298001,Aggressive,0.5281485296495503
U_1188,47480,47679,Agg_29,372.4666825641541,Aggressive,0.5444437520528096
U_1189,47520,47719,Agg_106,362.7938176987726,Aggressive,0.5531083962144485
U_1190,47560,47759,Agg_104,352.80006747362944,Aggressive,0.5622053372452247
U_1191,47600,47799,Agg_104,361.3102946873085,Aggressive,0.5544494307279337
U_1192,47640,47839,Agg_51,350.2549100759695,Aggressive,0.5645459067180444
U_1193,47680,47879,Agg_52,361.39568877222723,Aggressive,0.5543721504050247
U_1194,47720,47919,Agg_148,361.36971155231737,Aggressive,0.5543956582462574
U_1195,47760,47959,Agg_149,351.67689525617095,Aggressive,0.5632370266232073
U_1196,47800,47999,Agg_150,342.55119987246223,Aggressive,0.5716899185037695
U_1197,47840,48039,Agg_68,358.349563813642,Aggressive,0.5571355185918906
U_1198,47880,48079,Agg_68,370.52950970809644,Aggressive,0.5461680713338395
U_1199,47920,48119,Agg_67,346.4146730673315,Aggressive,0.5680959092884461
U_1200,47960,48159,Agg_151,376.92858321255153,Aggressive,0.5404927997516229
U_1201,48000,48199,Agg_6,388.9522860285911,Aggressive,0.5299881229644675
U_1202,48040,48239,Agg_24,396.18587917740865,Aggressive,0.5237670083197551
U_1203,48080,48279,Agg_52,350.76371713962027,Aggressive,0.5640772212131026
U_1204,48120,48319,Agg_67,350.5596690486922,Aggressive,0.5642651325108111
U_1205,48160,48359,Agg_70,359.822863448375,Aggressive,0.5557972623548764
U_1206,48200,48399,Agg_71,361.65521444898155,Aggressive,0.5541373497982496
U_1207,48240,48439,Agg_49,373.07916833935155,Aggressive,0.5438996988033653
U_1208,48280,48479,Agg_106,352.86404502410284,Aggressive,0.5621466276128972
U_1209,48320,48519,Agg_107,351.59800225574924,Aggressive,0.5633095648776046
U_1210,48360,48559,Agg_106,347.61149467845576,Aggressive,0.566987152231182
U_1211,48400,48599,Agg_106,354.3895052887701,Aggressive,0.5607485883242576
U_1212,48440,48639,Agg_105,357.9399990128987,Aggressive,0.5575081145317786
U_1213,48480,48679,Agg_116,357.83380730528586,Aggressive,0.5576047616488407
U_1214,48520,48719,Agg_105,359.57097007004336,Aggressive,0.5560258390284379
U_1215,48560,48759,Agg_51,368.7921118935575,Aggressive,0.547719211424954
U_1216,48600,48799,Agg_52,345.74482773111845,Aggressive,0.5687174121298201
U_1217,48640,48839,Agg_68,347.0505992880495,Aggressive,0.5675065061139433
U_1218,48680,48879,Agg_70,378.0532176177187,Aggressive,0.539501483628255
U_1219,48720,48919,Agg_71,363.802277049357,Aggressive,0.552198649057515
U_1220,48760,48959,Agg_168,359.32057726561544,Aggressive,0.5562531471957015
U_1221,48800,48999,Agg_104,359.70058924493486,Aggressive,0.5559082064143028
U_1222,48840,49039,Agg_104,356.53585459779543,Aggressive,0.5587874081674872
U_1223,48880,49079,Agg_170,353.1481660949891,Aggressive,0.561885975161936
U_1224,48920,49119,Agg_169,346.3885725680223,Aggressive,0.5681201134027115
U_1225,48960,49159,Agg_171,338.00446087894795,Aggressive,0.5759486733841803
U_1226,49000,49199,Agg_117,341.0261027446633,Aggressive,0.5731148966238876
U_1227,49040,49239,Agg_118,372.40248711437005,Aggressive,0.5445008064977244
U_1228,49080,49279,Agg_71,376.72536865115114,Aggressive,0.5406721187214668
U_1229,49120,49319,Agg_71,338.4720373274406,Aggressive,0.5755092530497553
U_1230,49160,49359,Agg_169,336.5702288834877,Aggressive,0.57729863408989
U_1231,49200,49399,Agg_50,338.57781794592813,Aggressive,0.5754098887482904
U_1232,49240,49439,Agg_23,358.39030614966373,Aggressive,0.5570984674329635
U_1233,49280,49479,Agg_172,378.54929551263143,Aggressive,0.539064790701468
U_1234,49320,49519,Agg_12,356.37316068193127,Aggressive,0.5589358256490707
U_1235,49360,49559,Agg_12,343.3415560314604,Aggressive,0.5709528417342851
U_1236,49400,49599,Agg_67,355.60236778999996,Aggressive,0.5596395172302483
U_1237,49440,49639,Agg_67,349.89896353472443,Aggressive,0.5648740168786155
U_1238,49480,49679,Agg_67,356.0083432434179,Aggressive,0.5592687735803202
U_1239,49520,49719,Agg_149,364.28835736517465,Aggressive,0.5517606828967467
U_1240,49560,49759,Agg_148,360.6559549986458,Aggressive,0.5550419556561389
U_1241,49600,49799,Agg_148,340.5318215286245,Aggressive,0.573577491142153
U_1242,49640,49839,Agg_149,302.0493377882025,Aggressive,0.6107632333000096
U_1243,49680,49879,Agg_48,299.02406316422525,Aggressive,0.6137868025998104
U_1244,49720,49919,Agg_48,336.8897655533823,Aggressive,0.5769975987773105
U_1245,49760,49959,Agg_170,312.58613041685584,Aggressive,0.6003481848375395
U_1246,49800,49999,Agg_170,320.2915282924699,Aggressive,0.5928444174068589
U_1247,49840,50039,Agg_168,313.43677772424957,Aggressive,0.5995151546960998
U_1248,49880,50079,Agg_168,317.0223960965741,Aggressive,0.5960164815845256
U_1249,49920,50119,Agg_168,328.21679778372976,Aggressive,0.5852243625357207
U_1250,49960,50159,Agg_104,347.3825137833691,Aggressive,0.5671991167153303
U_1251,50000,50199,Agg_31,348.77082854977795,Aggressive,0.5659151878909352
U_1252,50040,50239,Agg_171,353.8964098207432,Aggressive,0.5612001150469513
U_1253,50080,50279,Agg_51,358.25770964210045,Aggressive,0.5572190599930879
U_1254,50120,50319,Agg_52,357.02316665819393,Aggressive,0.55834309363686
U_1255,50160,50359,Agg_25,348.1301450921975,Aggressive,0.5665073374909452
U_1256,50200,50399,Agg_26,356.2133268052554,Aggressive,0.5590816724478413
U_1257,50240,50439,Agg_52,339.7185343660997,Aggressive,0.5743394539787317
U_1258,50280,50479,Agg_26,314.5422648537059,Aggressive,0.5984342894996295
U_1259,50320,50519,Agg_67,346.7150754685845,Aggressive,0.5678174074593341
U_1260,50360,50559,Agg_68,351.61271257003204,Aggressive,0.5632960387547358
U_1261,50400,50599,Agg_67,343.1965512604082,Aggressive,0.5710880002442011
U_1262,50440,50639,Agg_68,349.9064764191583,Aggressive,0.5648670895608583
U_1263,50480,50679,Agg_69,331.03450927812514,Aggressive,0.5825388325188693
U_1264,50520,50719,Agg_70,338.24427681937124,Aggressive,0.5757232565776046
U_1265,50560,50759,Agg_152,386.40306220428994,Aggressive,0.5321980985463546
U_1266,50600,50799,Agg_23,415.58537905211875,Aggressive,0.5074410008182272
U_1267,50640,50839,Agg_52,323.0196721535576,Aggressive,0.5902102048443103
U_1268,50680,50879,Agg_67,343.73596865593964,Aggressive,0.5705853727263805
U_1269,50720,50919,Agg_67,346.56344894933295,Aggressive,0.5679579627117575
U_1270,50760,50959,Agg_67,337.5878623594187,Aggressive,0.5763404681634051
U_1271,50800,50999,Agg_68,348.2792528710971,Aggressive,0.5663694698150831
U_1272,50840,51039,Agg_11,382.90814096289995,Aggressive,0.5352429041210223
U_1273,50880,51079,Agg_106,403.6183293184223,Aggressive,0.5174509259208101
U_1274,50920,51119,Agg_71,367.0741540327275,Aggressive,0.5492573272177373
U_1275,50960,51159,Agg_107,345.8948838910764,Aggressive,0.5685781263976827
U_1276,51000,51199,Agg_168,360.3337603593561,Aggressive,0.555333945534775
U_1277,51040,51239,Agg_116,330.70641562951164,Aggressive,0.5828508999672704
U_1278,51080,51279,Agg_117,338.8133175560336,Aggressive,0.5751887354060402
U_1279,51120,51319,Agg_105,351.63401984162533,Aggressive,0.5632764473105301
U_1280,51160,51359,Agg_169,349.2260706841305,Aggressive,0.565494808020592
U_1281,51200,51399,Agg_50,329.7272968870779,Aggressive,0.5837831864826576
U_1282,51240,51439,Agg_51,356.16154232032636,Aggressive,0.5591289334294262
U_1283,51280,51479,Agg_51,391.04793744289225,Aggressive,0.5281782335482861
U_1284,51320,51519,Agg_12,377.4135501345688,Aggressive,0.5400650993999669
U_1285,51360,51559,Agg_68,354.26137474226266,Aggressive,0.5608658823116707
U_1286,51400,51599,Agg_69,333.72484901425906,Aggressive,0.5799862005066132
U_1287,51440,51639,Agg_69,344.12610960696753,Aggressive,0.5702221162576273
U_1288,51480,51679,Agg_151,352.7138294294031,Aggressive,0.5622844841428734
U_1289,51520,51719,Agg_48,369.55143575619985,Aggressive,0.5470407496755056
U_1290,51560,51759,Agg_49,365.930829737836,Aggressive,0.5502833572647935
U_1291,51600,51799,Agg_50,354.07467541501546,Aggressive,0.5610368355844545
U_1292,51640,51839,Agg_51,340.22180115183164,Aggressive,0.573867827683335
U_1293,51680,51879,Agg_52,354.92110181666294,Aggressive,0.5602622131768857
U_1294,51720,51919,Agg_149,352.8240687307009,Aggressive,0.562183311535531
U_1295,51760,51959,Agg_68,341.54151562992797,Aggressive,0.572632922464018
U_1296,51800,51999,Agg_150,346.9727551632832,Aggressive,0.5675786224647932
U_1297,51840,52039,Agg_26,346.5563572213941,Aggressive,0.5679645374768109
U_1298,51880,52079,Agg_11,368.2344113665175,Aggressive,0.5482180570760695
U_1299,51920,52119,Agg_29,370.6713028323316,Aggressive,0.5460416731928893
U_1300,51960,52159,Agg_50,372.65560051036164,Aggressive,0.544275883735321
U_1301,52000,52199,Agg_24,387.92495020133344,Aggressive,0.5308776358300156
U_1302,52040,52239,Agg_52,359.84352757533253,Aggressive,0.5557785151897143
U_1303,52080,52279,Agg_150,334.8705543815038,Aggressive,0.5789025380354141
U_1304,52120,52319,Agg_71,354.88892164897925,Aggressive,0.5602916438711536
U_1305,52160,52359,Agg_29,359.31001421139865,Aggressive,0.5562627384454446
U_1306,52200,52399,Agg_104,349.1139688222884,Aggressive,0.5655982961766493
U_1307,52240,52439,Agg_105,345.9621528880964,Aggressive,0.5685156967732821
U_1308,52280,52479,Agg_106,348.424912553461,Aggressive,0.566234822707221
U_1309,52320,52519,Agg_107,353.46291641993747,Aggressive,0.561597364557816
U_1310,52360,52559,Agg_115,351.50321223517113,Aggressive,0.5633967320198294
U_1311,52400,52599,Agg_116,337.44912571164,Aggressive,0.5764710037587105
U_1312,52440,52639,Agg_170,344.5108207106207,Aggressive,0.569864141925354
U_1313,52480,52679,Agg_106,347.7204248073726,Aggressive,0.566886344906197
U_1314,52520,52719,Agg_116,351.9550239344201,Aggressive,0.5629813754127112
U_1315,52560,52759,Agg_50,352.00375229613746,Aggressive,0.5629365970683988
U_1316,52600,52799,Agg_51,368.5386223370159,Aggressive,0.5479458935970769
U_1317,52640,52839,Agg_8,336.5717476581542,Aggressive,0.5772972028817377
U_1318,52680,52879,Agg_9,367.6646964870238,Aggressive,0.5487281183120357
U_1319,52720,52919,Agg_10,382.0194522795002,Aggressive,0.5360199113759521
U_1320,52760,52959,Agg_148,393.5161128258226,Aggressive,0.5260545421265017
U_1321,52800,52999,Agg_2,348.4654217420812,Aggressive,0.5661973818980949
U_1322,52840,53039,Agg_68,334.10748047786257,Aggressive,0.5796240641019518
U_1323,52880,53079,Agg_69,303.66955913719335,Aggressive,0.6091500544153923
U_1324,52920,53119,Agg_70,317.26026194308474,Aggressive,0.5957851070737639
U_1325,52960,53159,Agg_148,346.7207568449688,Aggressive,0.5678121415943977
U_1326,53000,53199,Agg_67,361.68531015658493,Aggressive,0.5541101277512225
U_1327,53040,53239,Agg_68,340.67040339773854,Aggressive,0.5734477556333178
U_1328,53080,53279,Agg_67,345.9574885080887,Aggressive,0.5685200253737696
U_1329,53120,53319,Agg_68,344.2983161012501,Aggressive,0.5700618500316295
U_1330,53160,53359,Agg_150,339.3802580308565,Aggressive,0.5746566806128884
U_1331,53200,53399,Agg_149,335.024318193921,Aggressive,0.5787572551168368
U_1332,53240,53439,Agg_150,378.09895951475835,Aggressive,0.5394612026446147
U_1333,53280,53479,Agg_11,388.24883736309715,Aggressive,0.5305970389547704
U_1334,53320,53519,Agg_67,351.9758986216835,Aggressive,0.562962192432813
U_1335,53360,53559,Agg_67,339.5316053207022,Aggressive,0.5745147294584767
U_1336,53400,53599,Agg_68,346.0867024188207,Aggressive,0.5684001255063253
U_1337,53440,53639,Agg_70,340.8482520023083,Aggressive,0.5732813029707544
U_1338,53480,53679,Agg_71,338.8952627929342,Aggressive,0.5751118020803057
U_1339,53520,53719,Agg_107,358.79936974571564,Aggressive,0.5567266007469132
U_1340,53560,53759,Agg_108,362.2993012210821,Aggressive,0.5535550548968021
U_1341,53600,53799,Agg_106,356.4268273287955,Aggressive,0.5588868639081904
U_1342,53640,53839,Agg_169,349.3758599398721,Aggressive,0.5653565578558939
U_1343,53680,53879,Agg_50,328.4426506944163,Aggressive,0.5850086489481092
U_1344,53720,53919,Agg_51,319.0817320449059,Aggressive,0.5940163194856886
U_1345,53760,53959,Agg_52,340.05518007884655,Aggressive,0.5740239303533871
U_1346,53800,53999,Agg_52,353.3561696531058,Aggressive,0.5616952294887733
U_1347,53840,54039,Agg_149,356.14489601025116,Aggressive,0.5591441264915021
U_1348,53880,54079,Agg_69,335.2434138669479,Aggressive,0.5785503067247045
U_1349,53920,54119,Agg_67,274.7189621892357,Aggressive,0.6386277434962766
U_1350,53960,54159,Agg_68,267.4507019707468,Aggressive,0.6462497014463889
U_1351,54000,54199,Agg_69,285.9864608778677,Aggressive,0.6269892427588861
U_1352,54040,54239,Agg_70,311.17083390757796,Aggressive,0.6017367359200009
U_1353,54080,54279,Agg_67,314.78863381598234,Aggressive,0.5981936734428188
U_1354,54120,54319,Agg_67,325.96670130585386,Aggressive,0.5873777927856179
U_1355,54160,54359,Agg_68,327.2765946447572,Aggressive,0.5861232117927462
U_1356,54200,54399,Agg_70,340.17080479286307,Aggressive,0.5739156002515157
U_1357,54240,54439,Agg_71,357.547703879589,Aggressive,0.557865233269594
U_1358,54280,54479,Agg_116,362.43611223110446,Aggressive,0.5534314479603576
U_1359,54320,54519,Agg_105,356.0559890571352,Aggressive,0.5592252787243607
U_1360,54360,54559,Agg_51,355.45445961545005,Aggressive,0.5597746505493625
U_1361,54400,54599,Agg_51,339.71662643128116,Aggressive,0.5743412426985806
U_1362,54440,54639,Agg_52,356.11850440372984,Aggressive,0.5591682149170529
U_1363,54480,54679,Agg_69,365.4103746633818,Aggressive,0.5507510531865882
U_1364,54520,54719,Agg_48,373.3351081891262,Aggressive,0.5436725159876987
U_1365,54560,54759,Agg_71,371.24274576258887,Aggressive,0.5455325702799846
U_1366,54600,54799,Agg_107,356.5311515509732,Aggressive,0.5587916979674976
U_1367,54640,54839,Agg_107,352.03391308182387,Aggressive,0.5629088829601545
U_1368,54680,54879,Agg_51,363.80768597270276,Aggressive,0.5521937736186538
U_1369,54720,54919,Agg_172,369.48715389232916,Aggressive,0.5470981534421258
U_1370,54760,54959,Agg_50,374.54682861362886,Aggressive,0.5425982301750242
U_1371,54800,54999,Agg_50,367.10230260160296,Aggressive,0.5492320905699496
U_1372,54840,55039,Agg_52,380.20894743385526,Aggressive,0.537606381814001
U_1373,54880,55079,Agg_67,363.97587911210087,Aggressive,0.5520421909210027
U_1374,54920,55119,Agg_67,347.04842803240825,Aggressive,0.5675085174842738
U_1375,54960,55159,Agg_148,341.8238613281401,Aggressive,0.5723690665223315
U_1376,55000,55199,Agg_69,355.0353596540686,Aggressive,0.5601577300169377
U_1377,55040,55239,Agg_67,341.7360853378071,Aggressive,0.5724510813678289
U_1378,55080,55279,Agg_68,340.83177682749744,Aggressive,0.5732967204408391
U_1379,55120,55319,Agg_67,344.39649358520415,Aggressive,0.5699705000336621
U_1380,55160,55359,Agg_70,360.58856364233935,Aggressive,0.5551030165788301
U_1381,55200,55399,Agg_27,366.8718854642439,Aggressive,0.5494387055577714
U_1382,55240,55439,Agg_67,354.00883706327056,Aggressive,0.5610971336151639
U_1383,55280,55479,Agg_25,345.05920312361707,Aggressive,0.5693542596087473
U_1384,55320,55519,Agg_68,338.9779715193664,Aggressive,0.5750341623956979
U_1385,55360,55559,Agg_67,335.711213879256,Aggressive,0.5781086905028656
U_1386,55400,55599,Agg_67,315.46373295251556,Aggressive,0.5975348340448197
U_1387,55440,55639,Agg_69,297.33070423959373,Aggressive,0.6154857361547951
U_1388,55480,55679,Agg_70,325.7034005929391,Aggressive,0.5876302991654566
U_1389,55520,55719,Agg_70,386.4194238173459,Aggressive,0.5321838849786669
U_1390,55560,55759,Agg_67,384.33402291862495,Aggressive,0.5339985653276555
U_1391,55600,55799,Agg_67,360.454380666055,Aggressive,0.555224615028081
U_1392,55640,55839,Agg_69,347.79955151386525,Aggressive,0.5668131298324963
U_1393,55680,55879,Agg_67,306.0369350133256,Aggressive,0.6068006265936681
U_1394,55720,55919,Agg_68,318.7228260878339,Aggressive,0.5943644288704528
U_1395,55760,55959,Agg_69,352.87764183825794,Aggressive,0.5621341511517921
U_1396,55800,55999,Agg_67,377.07874503496936,Aggressive,0.540360333366891
U_1397,55840,56039,Agg_67,313.94544481074,Aggressive,0.5990175746222155
U_1398,55880,56079,Agg_68,333.3898117138987,Aggressive,0.5803034778411463
U_1399,55920,56119,Agg_6,359.281955035357,Aggressive,0.5562882169711599
U_1400,55960,56159,Agg_169,330.2694355091081,Aggressive,0.5832667947925114
U_1401,56000,56199,Agg_170,323.88847950797793,Aggressive,0.5893737707065634
U_1402,56040,56239,Agg_106,343.71767849872543,Aggressive,0.5706024081924972
U_1403,56080,56279,Agg_168,345.22408742314457,Aggressive,0.5692010405112133
U_1404,56120,56319,Agg_50,350.9615301545601,Aggressive,0.5638951116403506
U_1405,56160,56359,Agg_51,345.7705785469589,Aggressive,0.5686935071789302
U_1406,56200,56399,Agg_52,342.54371061644196,Aggressive,0.5716969074440721
U_1407,56240,56439,Agg_67,348.15161385417304,Aggressive,0.5664874850279166
U_1408,56280,56479,Agg_67,331.15408797900227,Aggressive,0.5824251363600477
U_1409,56320,56519,Agg_68,346.1555053066691,Aggressive,0.568336292410126
U_1410,56360,56559,Agg_68,353.6198996977,Aggressive,0.5614534740065097
U_1411,56400,56599,Agg_148,348.3271909935878,Aggressive,0.566325152511468
U_1412,56440,56639,Agg_67,351.3163008615454,Aggressive,0.5635686517701745
U_1413,56480,56679,Agg_68,357.3321166846878,Aggressive,0.5580615865414532
U_1414,56520,56719,Agg_71,370.8943900210034,Aggressive,0.545842866586393
U_1415,56560,56759,Agg_107,368.55117472083737,Aggressive,0.5479346664631546
U_1416,56600,56799,Agg_107,343.91958842839347,Aggressive,0.5704143773133364
U_1417,56640,56839,Agg_104,346.9722903221362,Aggressive,0.5675790531304334
U_1418,56680,56879,Agg_105,357.3368747198376,Aggressive,0.5580572522555604
U_1419,56720,56919,Agg_168,349.6621015263626,Aggressive,0.5650924610349942
U_1420,56760,56959,Agg_2,366.635246711986,Aggressive,0.5496509803690276
U_1421,56800,56999,Agg_67,386.94705802792544,Aggressive,0.5317257250304098
U_1422,56840,57039,Agg_48,384.98743089123184,Aggressive,0.5334293161652394
U_1423,56880,57079,Agg_49,343.36620385111695,Aggressive,0.5709298707568434
U_1424,56920,57119,Agg_50,337.9637290588689,Aggressive,0.5759869683337672
U_1425,56960,57159,Agg_118,356.40492950620836,Aggressive,0.5589068414506397
U_1426,57000,57199,Agg_168,343.7142280249304,Aggressive,0.5706056220233977
U_1427,57040,57239,Agg_23,372.5708291512381,Aggressive,0.5443512032913377
U_1428,57080,57279,Agg_24,371.80071143892144,Aggressive,0.5450359323627809
U_1429,57120,57319,Agg_25,375.24527033012185,Aggressive,0.5419799711494754
U_1430,57160,57359,Agg_26,371.1963284181089,Aggressive,0.5455739061320322
U_1431,57200,57399,Agg_67,371.5606171463069,Aggressive,0.5452495816963344
U_1432,57240,57439,Agg_67,378.81882764967753,Aggressive,0.5388276721940541
U_1433,57280,57479,Agg_67,360.2746812331671,Aggressive,0.5553875028367775
U_1434,57320,57519,Agg_68,358.4984337916622,Aggressive,0.5570001478935904
U_1435,57360,57559,Agg_69,357.0732213831227,Aggressive,0.5582974754572431
U_1436,57400,57599,Agg_70,349.6745384709043,Aggressive,0.5650809890579811
U_1437,57440,57639,Agg_71,354.70915112679324,Aggressive,0.5604560832445838
U_1438,57480,57679,Agg_50,358.941584462531,Aggressive,0.5565973760355442
U_1439,57520,57719,Agg_105,362.7211986277221,Aggressive,0.5531739648499779
U_1440,57560,57759,Agg_114,376.8565654789866,Aggressive,0.540556342260081
U_1441,57600,57799,Agg_168,360.8028004893175,Aggressive,0.5549089274167075
U_1442,57640,57839,Agg_169,328.8076880402953,Aggressive,0.5846601674968993
U_1443,57680,57879,Agg_170,336.12976810816707,Aggressive,0.577713849408909
U_1444,57720,57919,Agg_169,336.72955819556194,Aggressive,0.5771485104097722
U_1445,57760,57959,Agg_170,345.7835550927715,Aggressive,0.568681461196096
U_1446,57800,57999,Agg_104,361.7665285390855,Aggressive,0.5540366711041042
U_1447,57840,58039,Agg_51,352.2808439582029,Aggressive,0.5626820347057528
U_1448,57880,58079,Agg_173,363.07802742111926,Aggressive,0.5528518545485649
U_1449,57920,58119,Agg_71,378.3039581596577,Aggressive,0.5392807147783845
U_1450,57960,58159,Agg_29,374.5905723330433,Aggressive,0.5425594876394721
U_1451,58000,58199,Agg_168,357.3148752010836,Aggressive,0.5580772927854404
U_1452,58040,58239,Agg_50,360.7519032039989,Aggressive,0.5549550319720119
U_1453,58080,58279,Agg_105,340.4812286001771,Aggressive,0.5736248617891808
U_1454,58120,58319,Agg_106,345.58154930627876,Aggressive,0.5688690098495743
U_1455,58160,58359,Agg_114,348.2777929989583,Aggressive,0.5663708194758938
U_1456,58200,58399,Agg_108,362.23967877704075,Aggressive,0.553608931622586
U_1457,58240,58439,Agg_168,348.3247706411026,Aggressive,0.5663273899689563
U_1458,58280,58479,Agg_106,348.55281711508263,Aggressive,0.5661166147431552
U_1459,58320,58519,Agg_168,329.4271806189211,Aggressive,0.584069246373322
U_1460,58360,58559,Agg_107,342.6071137310653,Aggressive,0.5716377426404244
U_1461,58400,58599,Agg_170,350.34136057505555,Aggressive,0.5644662457480288
U_1462,58440,58639,Agg_50,335.93197885346905,Aggressive,0.5779003993206712
U_1463,58480,58679,Agg_51,363.5933430133316,Aggressive,0.5523870087874778
U_1464,58520,58719,Agg_117,369.7078408986746,Aggressive,0.5469011048864147
U_1465,58560,58759,Agg_50,355.3285283674357,Aggressive,0.5598897308103724
U_1466,58600,58799,Agg_51,362.6281568962369,Aggressive,0.5532579847113881
U_1467,58640,58839,Agg_32,370.6416960691434,Aggressive,0.5460680630281095
U_1468,58680,58879,Agg_150,339.2330138412198,Aggressive,0.5747948170608271
U_1469,58720,58919,Agg_150,335.6626332846771,Aggressive,0.5781545362451845
U_1470,58760,58959,Agg_151,378.723951513406,Aggressive,0.5389111267358315
U_1471,58800,58999,Agg_52,375.1408283422948,Aggressive,0.5420723781455624
U_1472,58840,59039,Agg_9,355.9535562704321,Aggressive,0.5593187916310451
U_1473,58880,59079,Agg_10,361.1491091642995,Aggressive,0.5545953304869751
U_1474,58920,59119,Agg_69,326.1288576553375,Aggressive,0.5872223382238091
U_1475,58960,59159,Agg_70,341.38528411924005,Aggressive,0.5727789752311199
U_1476,59000,59199,Agg_11,353.08151814430875,Aggressive,0.5619471070883424
U_1477,59040,59239,Agg_69,366.3531421788708,Aggressive,0.5499041470423827
U_1478,59080,59279,Agg_10,358.0380684460666,Aggressive,0.5574188745316048
U_1479,59120,59319,Agg_148,338.1544955629417,Aggressive,0.5758076368147192
U_1480,59160,59359,Agg_68,364.14990465932107,Aggressive,0.5518853956135295
U_1481,59200,59399,Agg_68,356.7745281555331,Aggressive,0.5585697495900023
U_1482,59240,59439,Agg_149,372.43473724269984,Aggressive,0.5444721430776429
U_1483,59280,59479,Agg_12,366.40926398558884,Aggressive,0.5498537728366714
U_1484,59320,59519,Agg_148,343.1046075129467,Aggressive,0.5711737173090844
U_1485,59360,59559,Agg_67,386.38017333179727,Aggressive,0.5322179830748272
U_1486,59400,59599,Agg_3,357.10179803328185,Aggressive,0.5582714333382861
U_1487,59440,59639,Agg_67,358.79017643875164,Aggressive,0.5567349553622343
U_1488,59480,59679,Agg_68,340.56434624121977,Aggressive,0.5735470400057681
U_1489,59520,59719,Agg_69,345.32084234526195,Aggressive,0.5691111499848829
U_1490,59560,59759,Agg_68,350.81872970258456,Aggressive,0.5640265699352065
U_1491,59600,59799,Agg_69,336.436188343079,Aggressive,0.5774249603613054
U_1492,59640,59839,Agg_70,345.6506032956704,Aggressive,0.5688048909532752
U_1493,59680,59879,Agg_148,380.5201719146623,Aggressive,0.537333334869559
U_1494,59720,59919,Agg_11,412.1952337806832,Aggressive,0.510256889903232
U_1495,59760,59959,Agg_24,421.04960610818165,Aggressive,0.5029350301248106
U_1496,59800,59999,Agg_6,406.6175095299652,Aggressive,0.5149238484936873
U_1497,59840,60039,Agg_107,375.5734686881439,Aggressive,0.5416896940467356
U_1498,59880,60079,Agg_50,381.16982645666974,Aggressive,0.536763819466956
U_1499,59920,60119,Agg_172,382.4401677234564,Aggressive,0.5356519267068031
U_1500,59960,60159,Agg_67,391.9947871952462,Aggressive,0.527362524160363
U_1501,60000,60199,Agg_67,365.1975224191886,Aggressive,0.5509424428525088
U_1502,60040,60239,Agg_67,343.4252618910347,Aggressive,0.5708748343177777
U_1503,60080,60279,Agg_67,354.781126317405,Aggressive,0.5603902404334588
U_1504,60120,60319,Agg_3,368.9494465836379,Aggressive,0.5475785625827942
U_1505,60160,60359,Agg_67,338.9316901026389,Aggressive,0.5750776060312334
U_1506,60200,60399,Agg_149,347.6713294375459,Aggressive,0.5669317770676883
U_1507,60240,60439,Agg_148,343.10973472075653,Aggressive,0.5711689369911384
U_1508,60280,60479,Agg_148,335.61948852972534,Aggressive,0.5781952552075672
U_1509,60320,60519,Agg_69,375.43784573926035,Aggressive,0.5418096277640846
U_1510,60360,60559,Agg_71,382.07251730664836,Aggressive,0.5359734833766147
U_1511,60400,60599,Agg_107,356.0868163229008,Aggressive,0.5591971389675634
U_1512,60440,60639,Agg_105,352.2169845481465,Aggressive,0.5627406917334468
U_1513,60480,60679,Agg_106,335.62622089990964,Aggressive,0.5781889011727471
U_1514,60520,60719,Agg_107,345.31644076299466,Aggressive,0.5691152389833081
U_1515,60560,60759,Agg_104,342.3508163457061,Aggressive,0.5718769449597235
U_1516,60600,60799,Agg_104,335.5744102762805,Aggressive,0.5782378020219081
U_1517,60640,60839,Agg_105,344.26348020514433,Aggressive,0.5700942668791187
U_1518,60680,60879,Agg_51,343.12927748657415,Aggressive,0.571150716790859
U_1519,60720,60919,Agg_52,360.5704149820265,Aggressive,0.5551194615856442
U_1520,60760,60959,Agg_67,358.54922914508114,Aggressive,0.556953966104074
U_1521,60800,60999,Agg_68,340.56308085954055,Aggressive,0.5735482246842465
U_1522,60840,61039,Agg_69,352.4539831857063,Aggressive,0.5625230312288435
U_1523,60880,61079,Agg_67,347.2438039842729,Aggressive,0.5673275570183641
U_1524,60920,61119,Agg_67,332.7481259228991,Aggressive,0.5809116331908654
U_1525,60960,61159,Agg_68,324.0983055138305,Aggressive,0.5891719409431688
U_1526,61000,61199,Agg_69,325.339512027681,Aggressive,0.5879794483595349
U_1527,61040,61239,Agg_70,360.28875944413664,Aggressive,0.5553747399755399
U_1528,61080,61279,Agg_150,360.9383103857285,Aggressive,0.554786196448898
U_1529,61120,61319,Agg_148,346.39462139933863,Aggressive,0.5681145039697789
U_1530,61160,61359,Agg_149,356.168261255924,Aggressive,0.5591228011839923
U_1531,61200,61399,Agg_148,343.56221378788536,Aggressive,0.5707472286768888
U_1532,61240,61439,Agg_5,378.7401780585098,Aggressive,0.5388968526953044
U_1533,61280,61479,Agg_6,377.978400853122,Aggressive,0.5395673748487156
U_1534,61320,61519,Agg_108,396.0256322078582,Aggressive,0.5239040315594927
U_1535,61360,61559,Agg_172,388.0057617174766,Aggressive,0.5308076115734665
U_1536,61400,61599,Agg_6,381.3982162766001,Aggressive,0.536563746464242
U_1537,61440,61639,Agg_3,374.99291820832696,Aggressive,0.5422032713507942
U_1538,61480,61679,Agg_4,346.5873773046827,Aggressive,0.5679357792138982
U_1539,61520,61719,Agg_67,344.47728853565764,Aggressive,0.5698953347285398
U_1540,61560,61759,Agg_68,338.86376814161156,Aggressive,0.575141369247257
U_1541,61600,61799,Agg_69,358.16322053800104,Aggressive,0.5573050109374348
U_1542,61640,61839,Agg_71,383.03828809848073,Aggressive,0.5351292071572636
U_1543,61680,61879,Agg_31,411.12861944233384,Aggressive,0.5111460580258376
U_1544,61720,61919,Agg_32,381.236408218894,Aggressive,0.536705485113976
U_1545,61760,61959,Agg_67,359.56518024027616,Aggressive,0.5560310940231881
U_1546,61800,61999,Agg_68,348.2197384828392,Aggressive,0.5664244938418016
U_1547,61840,62039,Agg_67,376.9570366348611,Aggressive,0.5404676968570311
U_1548,61880,62079,Agg_12,387.38865576508766,Aggressive,0.5313425762401326
U_1549,61920,62119,Agg_67,365.1546778652644,Aggressive,0.5509809752922464
U_1550,61960,62159,Agg_67,354.89557791144,Aggressive,0.5602855561929193
U_1551,62000,62199,Agg_25,342.4421632665183,Aggressive,0.5717916794116327
U_1552,62040,62239,Agg_67,355.62721911514626,Aggressive,0.559616815519728
U_1553,62080,62279,Agg_67,349.0512547561228,Aggressive,0.5656561996675491
U_1554,62120,62319,Agg_68,333.4107246144569,Aggressive,0.5802836684330801
U_1555,62160,62359,Agg_5,379.82406479399515,Aggressive,0.5379442432589432
U_1556,62200,62399,Agg_169,363.44058985020763,Aggressive,0.552524760586444
U_1557,62240,62439,Agg_108,344.64202572970515,Aggressive,0.569742106831719
U_1558,62280,62479,Agg_171,359.1213414385908,Aggressive,0.5564340811213128
U_1559,62320,62519,Agg_51,366.63096199200993,Aggressive,0.5496548246970321
U_1560,62360,62559,Agg_52,366.5287604760885,Aggressive,0.5497465297094349
U_1561,62400,62599,Agg_67,350.6680435344838,Aggressive,0.5641653208420778
U_1562,62440,62639,Agg_67,349.2292071293449,Aggressive,0.5654919128465153
U_1563,62480,62679,Agg_67,342.68785590840963,Aggressive,0.571562406702723
U_1564,62520,62719,Agg_28,393.439613009867,Aggressive,0.526120236435163
U_1565,62560,62759,Agg_71,375.4173876817774,Aggressive,0.5418277214825901
U_1566,62600,62799,Agg_107,365.91721509591054,Aggressive,0.5502955867138702
U_1567,62640,62839,Agg_168,338.2130288655509,Aggressive,0.5757526233284718
U_1568,62680,62879,Agg_169,342.6383974022239,Aggressive,0.5716085524462226
U_1569,62720,62919,Agg_104,332.03986923185295,Aggressive,0.5815836208476851
U_1570,62760,62959,Agg_50,345.26535265546073,Aggressive,0.5691627011547852
U_1571,62800,62999,Agg_51,328.1126262256938,Aggressive,0.5853238842726832
U_1572,62840,63039,Agg_52,341.99544686418994,Aggressive,0.5722087768735433
U_1573,62880,63079,Agg_67,354.2683601896261,Aggressive,0.5608594870217646
U_1574,62920,63119,Agg_67,331.3980091505598,Aggressive,0.5821932834154462
U_1575,62960,63159,Agg_67,329.6890102477788,Aggressive,0.5838196721140253
U_1576,63000,63199,Agg_68,340.98450824238756,Aggressive,0.5731538102621767
U_1577,63040,63239,Agg_149,345.9248703993624,Aggressive,0.5685502962902558
U_1578,63080,63279,Agg_68,340.6843954484356,Aggressive,0.5734346583949054
U_1579,63120,63319,Agg_48,370.0793336527495,Aggressive,0.5465695641163868
U_1580,63160,63359,Agg_71,356.9657708834564,Aggressive,0.5583954067879797
U_1581,63200,63399,Agg_104,351.11103420022266,Aggressive,0.5637575150258357
U_1582,63240,63439,Agg_170,317.33856993850304,Aggressive,0.5957089557497833
U_1583,63280,63479,Agg_169,314.0532394729276,Aggressive,0.5989121825175142
U_1584,63320,63519,Agg_170,324.46693299001765,Aggressive,0.5888175288211681
U_1585,63360,63559,Agg_51,350.5699181255268,Aggressive,0.5642556924716422
U_1586,63400,63599,Agg_25,347.42543558214265,Aggressive,0.5671593785592219
U_1587,63440,63639,Agg_68,344.73358564566274,Aggressive,0.5696569615250024
U_1588,63480,63679,Agg_67,332.0677737947821,Aggressive,0.5815571305422405
U_1589,63520,63719,Agg_67,328.4834566454066,Aggressive,0.5849696833997893
U_1590,63560,63759,Agg_68,347.63525437884505,Aggressive,0.5669651627379136
U_1591,63600,63799,Agg_67,325.29742851395036,Aggressive,0.5880198406538771
U_1592,63640,63839,Agg_68,331.5382038742116,Aggressive,0.5820600667271851
U_1593,63680,63879,Agg_28,378.8484213908236,Aggressive,0.5388016437182068
U_1594,63720,63919,Agg_71,362.0648695977674,Aggressive,0.5537669249520188
U_1595,63760,63959,Agg_71,350.7569667802205,Aggressive,0.5640834367309275
U_1596,63800,63999,Agg_168,360.15721315197254,Aggressive,0.5554940071218223
U_1597,63840,64039,Agg_106,351.8208677720371,Aggressive,0.563104675014246
U_1598,63880,64079,Agg_169,349.5360288766218,Aggressive,0.5652087650071635
U_1599,63920,64119,Agg_116,347.02135049560894,Aggressive,0.5675336017043269
U_1600,63960,64159,Agg_51,343.4539011604699,Aggressive,0.5708481471707774
U_1601,64000,64199,Agg_51,342.7755358940467,Aggressive,0.5714806087350999
U_1602,64040,64239,Agg_172,393.995062690721,Aggressive,0.5256434297616338
U_1603,64080,64279,Agg_6,359.7401097356809,Aggressive,0.5558723455402063
U_1604,64120,64319,Agg_31,380.653592845943,Aggressive,0.537216322997962
U_1605,64160,64359,Agg_52,367.4181273569892,Aggressive,0.5489490168210434
U_1606,64200,64399,Agg_25,338.26836722326243,Aggressive,0.5757006174972489
U_1607,64240,64439,Agg_67,339.9438261611025,Aggressive,0.5741282784268992
U_1608,64280,64479,Agg_67,341.5324230670356,Aggressive,0.5726414216105199
U_1609,64320,64519,Agg_149,334.61742153482504,Aggressive,0.5791417886984217
U_1610,64360,64559,Agg_150,325.45707967656483,Aggressive,0.5878666201300867
U_1611,64400,64599,Agg_69,353.43800609067233,Aggressive,0.561620200704513
U_1612,64440,64639,Agg_67,365.3485765183534,Aggressive,0.5508066131749233
U_1613,64480,64679,Agg_68,365.80991402014564,Aggressive,0.5503919801818885
U_1614,64520,64719,Agg_149,365.0238846089211,Aggressive,0.5510986214594153
U_1615,64560,64759,Agg_67,340.3619365656485,Aggressive,0.5737365715601931
U_1616,64600,64799,Agg_68,346.6937982142246,Aggressive,0.5678371290206933
U_1617,64640,64839,Agg_69,345.4392274689383,Aggressive,0.5690011831487437
U_1618,64680,64879,Agg_67,341.59247591475923,Aggressive,0.5725852903823058
U_1619,64720,64919,Agg_67,296.764117501657,Aggressive,0.6160552374406719
U_1620,64760,64959,Agg_68,302.31099949101065,Aggressive,0.6105024199787196
U_1621,64800,64999,Agg_69,308.4986750703748,Aggressive,0.6043671599972427
U_1622,64840,65039,Agg_70,315.15297285787494,Aggressive,0.5978380193124889
U_1623,64880,65079,Agg_71,308.6212783625831,Aggressive,0.6042462202662134
U_1624,64920,65119,Agg_71,360.086845790218,Aggressive,0.5555578165796204
U_1625,64960,65159,Agg_49,357.64892273656613,Aggressive,0.5577730686333452
U_1626,65000,65199,Agg_50,335.65921360642534,Aggressive,0.578157763549074
U_1627,65040,65239,Agg_171,362.70597715338187,Aggressive,0.5531877094881801
U_1628,65080,65279,Agg_170,353.4686985663256,Aggressive,0.5615920640002001
U_1629,65120,65319,Agg_105,361.1872542922276,Aggressive,0.5545607993221084
U_1630,65160,65359,Agg_106,363.97107338940026,Aggressive,0.5520465214619277
U_1631,65200,65399,Agg_168,368.27474970481734,Aggressive,0.5481819604585867
U_1632,65240,65439,Agg_168,357.15041816188796,Aggressive,0.5582271282362969
U_1633,65280,65479,Agg_104,342.39829705462995,Aggressive,0.5718326236670292
U_1634,65320,65519,Agg_104,337.49537123801485,Aggressive,0.5764274886304652
U_1635,65360,65559,Agg_105,345.8879749752725,Aggressive,0.5685845386700698
U_1636,65400,65599,Agg_106,339.8270498509657,Aggressive,0.5742377281192136
U_1637,65440,65639,Agg_107,337.3499485596159,Aggressive,0.5765643364351875
U_1638,65480,65679,Agg_50,340.8967798172576,Aggressive,0.5732358930463182
U_1639,65520,65719,Agg_116,329.87036034160565,Aggressive,0.5836468729268053
U_1640,65560,65759,Agg_51,360.41105857996695,Aggressive,0.5552638797832643
U_1641,65600,65799,Agg_12,360.02480532959044,Aggressive,0.5556140812439522
U_1642,65640,65839,Agg_12,343.76149899358245,Aggressive,0.5705615946012306
U_1643,65680,65879,Agg_68,334.64226970919856,Aggressive,0.5791182988590506
U_1644,65720,65919,Agg_69,328.1762374429144,Aggressive,0.5852631104058248
U_1645,65760,65959,Agg_67,341.4105793519595,Aggressive,0.5727553254978616
U_1646,65800,65999,Agg_149,330.8641320921115,Aggressive,0.5827008665289917
U_1647,65840,66039,Agg_150,345.3107275830421,Aggressive,0.5691205464784918
U_1648,65880,66079,Agg_150,331.92928018946327,Aggressive,0.5816886168900536
U_1649,65920,66119,Agg_151,357.1577941161453,Aggressive,0.5582204072036684
U_1650,65960,66159,Agg_68,352.7226807507177,Aggressive,0.5622763601312881
U_1651,66000,66199,Agg_67,367.55678690037166,Aggressive,0.5488247823558695
U_1652,66040,66239,Agg_67,348.4815066413904,Aggressive,0.5661825160405286
U_1653,66080,66279,Agg_68,345.29312268852044,Aggressive,0.5691369015857942
U_1654,66120,66319,Agg_67,339.66340581589935,Aggressive,0.5743911401340723
U_1655,66160,66359,Agg_68,327.41486997592614,Aggressive,0.5859909318246092
U_1656,66200,66399,Agg_67,336.3978433041169,Aggressive,0.5774611036605712
U_1657,66240,66439,Agg_149,345.517638809859,Aggressive,0.5689283592841061
U_1658,66280,66479,Agg_150,331.49695930000394,Aggressive,0.5820992552338272
U_1659,66320,66519,Agg_48,361.1949351774718,Aggressive,0.554553846402845
U_1660,66360,66559,Agg_107,364.75412236675913,Aggressive,0.5513413470549688
U_1661,66400,66599,Agg_168,343.35322485200464,Aggressive,0.5709419666525687
U_1662,66440,66639,Agg_169,334.53315013139024,Aggressive,0.5792214604684987
U_1663,66480,66679,Agg_170,340.8296312944709,Aggressive,0.5732987282613541
U_1664,66520,66719,Agg_52,353.989032515247,Aggressive,0.5611152728711944
U_1665,66560,66759,Agg_67,347.8932767156084,Aggressive,0.5667264191648955
U_1666,66600,66799,Agg_67,342.75599662255587,Aggressive,0.5714988361994362
U_1667,66640,66839,Agg_149,344.93211655594985,Aggressive,0.5694723832259527
U_1668,66680,66879,Agg_150,346.208519938906,Aggressive,0.568287112037276
U_1669,66720,66919,Agg_149,353.2109056742252,Aggressive,0.5618284342128461
U_1670,66760,66959,Agg_150,357.68210395586306,Aggressive,0.557742858851716
U_1671,66800,66999,Agg_48,369.3755505767204,Aggressive,0.547197829618687
U_1672,66840,67039,Agg_71,367.08262708282575,Aggressive,0.5492497305681246
U_1673,66880,67079,Agg_108,366.35419391279055,Aggressive,0.5499032029772281
U_1674,66920,67119,Agg_115,352.07079739668114,Aggressive,0.5628749925976497
U_1675,66960,67159,Agg_106,355.9364075110269,Aggressive,0.5593344485989706
U_1676,67000,67199,Agg_106,351.1754995696742,Aggressive,0.5636981944394384
U_1677,67040,67239,Agg_169,355.86379854621845,Aggressive,0.5594007460780799
U_1678,67080,67279,Agg_31,347.45261811475325,Aggressive,0.5671342136790903
U_1679,67120,67319,Agg_32,336.7246952672062,Aggressive,0.5771530917931885
U_1680,67160,67359,Agg_33,354.04637785813543,Aggressive,0.5610627510976581
U_1681,67200,67399,Agg_67,341.83186603916715,Aggressive,0.5723615877822338
U_1682,67240,67439,Agg_67,324.4357617681001,Aggressive,0.5888474897361042
U_1683,67280,67479,Agg_148,339.4237919751443,Aggressive,0.5746158458054851
U_1684,67320,67519,Agg_69,329.0957053666368,Aggressive,0.584385359415077
U_1685,67360,67559,Agg_68,336.5220508433723,Aggressive,0.5773440362171199
U_1686,67400,67599,Agg_69,339.50301632400027,Aggressive,0.5745415408701586
U_1687,67440,67639,Agg_67,371.1959461962482,Aggressive,0.5455742465235377
U_1688,67480,67679,Agg_68,357.3049669862209,Aggressive,0.5580863189395739
U_1689,67520,67719,Agg_67,358.29379136369096,Aggressive,0.5571862421608632
U_1690,67560,67759,Agg_69,356.88325308474725,Aggressive,0.5584706258971875
U_1691,67600,67799,Agg_67,360.2898378462689,Aggressive,0.5553737623423347
U_1692,67640,67839,Agg_148,342.3975980652925,Aggressive,0.5718332761199697
U_1693,67680,67879,Agg_25,360.25473620755423,Aggressive,0.5554055848689052
U_1694,67720,67919,Agg_69,365.6849846528312,Aggressive,0.5505042312251198
U_1695,67760,67959,Agg_70,373.0625603797563,Aggressive,0.5439144439959811
U_1696,67800,67999,Agg_107,355.9162753453914,Aggressive,0.5593528300022743
U_1697,67840,68039,Agg_169,340.28142126794114,Aggressive,0.573811981560383
U_1698,67880,68079,Agg_173,370.72531765031306,Aggressive,0.5459935306500788
U_1699,67920,68119,Agg_28,399.2019635175545,Aggressive,0.5211947033782354
U_1700,67960,68159,Agg_108,358.45429443105087,Aggressive,0.5570402813403181
U_1701,68000,68199,Agg_116,351.936182972499,Aggressive,0.5629986900438194
U_1702,68040,68239,Agg_104,328.8125414778241,Aggressive,0.5846555355806774
U_1703,68080,68279,Agg_105,343.11781637745617,Aggressive,0.5711614021937391
U_1704,68120,68319,Agg_50,349.48490824704237,Aggressive,0.5652559314003912
U_1705,68160,68359,Agg_51,342.64411185411905,Aggressive,0.5716032205616493
U_1706,68200,68399,Agg_52,376.23431248871736,Aggressive,0.5411056781901831
U_1707,68240,68439,Agg_67,371.65122500548097,Aggressive,0.545168943916967
U_1708,68280,68479,Agg_67,363.108119012597,Aggressive,0.5528246993659804
U_1709,68320,68519,Agg_67,342.77179079227443,Aggressive,0.5714841023571143
U_1710,68360,68559,Agg_68,334.5102013916835,Aggressive,0.5792431585374083
U_1711,68400,68599,Agg_67,327.59086252832435,Aggressive,0.5858226131625773
U_1712,68440,68639,Agg_70,354.8376156031671,Aggressive,0.560338569525944
U_1713,68480,68679,Agg_71,360.2425607928063,Aggressive,0.5554166233110976
U_1714,68520,68719,Agg_108,349.1266635026161,Aggressive,0.5655865759819254
U_1715,68560,68759,Agg_107,352.7765555339234,Aggressive,0.5622269147500774
U_1716,68600,68799,Agg_104,345.3341096881266,Aggressive,0.5690988250166189
U_1717,68640,68839,Agg_104,352.09769258416054,Aggressive,0.5628502818171804
U_1718,68680,68879,Agg_106,363.19132546727303,Aggressive,0.5527496193375093
U_1719,68720,68919,Agg_106,361.91240627528555,Aggressive,0.553904758806362
U_1720,68760,68959,Agg_107,350.49164056836923,Aggressive,0.5643277949885095
U_1721,68800,68999,Agg_108,340.5932974660958,Aggressive,0.5735199358934154
U_1722,68840,69039,Agg_168,301.3339404528248,Aggressive,0.6114768800157924
U_1723,68880,69079,Agg_169,296.81677706286445,Aggressive,0.6160022847917829
U_1724,68920,69119,Agg_170,316.36139923067907,Aggressive,0.5966599117995621
U_1725,68960,69159,Agg_51,330.6539982141639,Aggressive,0.582900772464986
U_1726,69000,69199,Agg_172,370.5630972907948,Aggressive,0.5461381278300832
U_1727,69040,69239,Agg_71,366.27953763634656,Aggressive,0.549970220520377
U_1728,69080,69279,Agg_29,358.67907459597046,Aggressive,0.5568359314636749
U_1729,69120,69319,Agg_168,227.80890563536263,Aggressive,0.6894503467239173
U_1730,69160,69359,Agg_169,259.27463024591844,Aggressive,0.6549324216034633
U_1731,69200,69399,Agg_170,278.47684982168187,Aggressive,0.6347223058603094
U_1732,69240,69439,Agg_52,359.75124498123495,Aggressive,0.5558622418415354
U_1733,69280,69479,Agg_4,338.3849340842361,Aggressive,0.575591085767838
U_1734,69320,69519,Agg_70,362.7954488510541,Aggressive,0.5531069235166207
U_1735,69360,69559,Agg_11,328.3680154336759,Aggressive,0.5850799247745897
U_1736,69400,69599,Agg_118,341.66086099632446,Aggressive,0.5725213777386144
U_1737,69440,69639,Agg_168,302.7443974325084,Aggressive,0.6100706722242976
U_1738,69480,69679,Agg_170,345.22726629521884,Aggressive,0.5691980869425265
U_1739,69520,69719,Agg_32,373.7265544179056,Aggressive,0.5433252356348437
U_1740,69560,69759,Agg_12,364.6956651275587,Aggressive,0.5513939595684325
U_1741,69600,69799,Agg_67,348.1908248638767,Aggressive,0.5664512278571263
U_1742,69640,69839,Agg_68,344.02708855106425,Aggressive,0.5703142919004904
U_1743,69680,69879,Agg_69,352.9825340885433,Aggressive,0.5620379111418301
U_1744,69720,69919,Agg_68,351.60157332331653,Aggressive,0.5633062812538218
U_1745,69760,69959,Agg_33,326.7668522324484,Aggressive,0.5866111107055667
U_1746,69800,69999,Agg_148,339.95726557741136,Aggressive,0.5741156835465174
U_1747,69840,70039,Agg_148,343.00292944901116,Aggressive,0.5712685244368569
U_1748,69880,70079,Agg_68,363.2376703037494,Aggressive,0.5527078052287516
U_1749,69920,70119,Agg_67,333.29146426439996,Aggressive,0.5803966449461375
U_1750,69960,70159,Agg_69,343.31316785898923,Aggressive,0.5709792997458378
U_1751,70000,70199,Agg_69,361.7276573903083,Aggressive,0.5540718262682838
U_1752,70040,70239,Agg_148,330.430628610813,Aggressive,0.5831133450953853
U_1753,70080,70279,Agg_68,323.7736616130168,Aggressive,0.5894842422822825
U_1754,70120,70319,Agg_68,302.22297689708563,Aggressive,0.6105901447447001
U_1755,70160,70359,Agg_69,305.1634800288309,Aggressive,0.6076664028129397
U_1756,70200,70399,Agg_67,321.2049833637787,Aggressive,0.5919611063825341
U_1757,70240,70439,Agg_68,308.22731878214154,Aggressive,0.6046349204297589
U_1758,70280,70479,Agg_69,330.0357333107497,Aggressive,0.5834893421059815
U_1759,70320,70519,Agg_71,336.65213461815114,Aggressive,0.5772214557782486
U_1760,70360,70559,Agg_49,331.4412472344344,Aggressive,0.5821521942074839
U_1761,70400,70599,Agg_50,331.5502972416675,Aggressive,0.5820485767217899
U_1762,70440,70639,Agg_170,340.27166359163374,Aggressive,0.5738211211973062
U_1763,70480,70679,Agg_51,351.57027369114826,Aggressive,0.5633350621549469
U_1764,70520,70719,Agg_52,339.27728312162833,Aggressive,0.5747532825519095
U_1765,70560,70759,Agg_67,357.38463681884394,Aggressive,0.5580137457004534
U_1766,70600,70799,Agg_67,348.2456418516366,Aggressive,0.5664005442256166
U_1767,70640,70839,Agg_68,331.3258351369735,Aggressive,0.5822618769363949
U_1768,70680,70879,Agg_67,339.8795183762093,Aggressive,0.5741885489205604
U_1769,70720,70919,Agg_150,350.91024873126145,Aggressive,0.5639423164273882
U_1770,70760,70959,Agg_69,354.8562220091262,Aggressive,0.5603215512375278
U_1771,70800,70999,Agg_148,358.0144512078209,Aggressive,0.557440364145742
U_1772,70840,71039,Agg_67,361.80223677116555,Aggressive,0.5540043784553879
U_1773,70880,71079,Agg_148,355.88565681879,Aggressive,0.5593807869945319
U_1774,70920,71119,Agg_67,362.1504157193516,Aggressive,0.5536896023463329
U_1775,70960,71159,Agg_68,349.01754435077845,Aggressive,0.5656873267159056
U_1776,71000,71199,Agg_67,335.45625758196746,Aggressive,0.5783493345267178
U_1777,71040,71239,Agg_68,333.5702222017968,Aggressive,0.5801326091575709
U_1778,71080,71279,Agg_69,339.18707260542266,Aggressive,0.5748379234123753
U_1779,71120,71319,Agg_70,342.853235914417,Aggressive,0.571408131009631
U_1780,71160,71359,Agg_6,380.02976258818944,Aggressive,0.5377636492016125
U_1781,71200,71399,Agg_51,400.1038370562622,Aggressive,0.5204279857168973
U_1782,71240,71439,Agg_173,404.43637661434906,Aggressive,0.5167604204612912
U_1783,71280,71479,Agg_151,401.87935512499945,Aggressive,0.5189218433991026
U_1784,71320,71519,Agg_11,413.30739985396104,Aggressive,0.5093313954289355
U_1785,71360,71559,Agg_24,392.09463988187036,Aggressive,0.5272765747124945
U_1786,71400,71599,Agg_12,369.78979706678206,Aggressive,0.5468279453641087
U_1787,71440,71639,Agg_68,369.2201414691268,Aggressive,0.5473366602776801
U_1788,71480,71679,Agg_71,386.70305554231186,Aggressive,0.5319375503543399
U_1789,71520,71719,Agg_106,358.56833140834,Aggressive,0.5569365998231768
U_1790,71560,71759,Agg_168,355.1651981424907,Aggressive,0.5600390227712727
U_1791,71600,71799,Agg_52,370.29020555573254,Aggressive,0.5463814597468897
U_1792,71640,71839,Agg_52,359.2965534853291,Aggressive,0.5562749610199248
U_1793,71680,71879,Agg_67,348.5727364107297,Aggressive,0.5660982077740485
U_1794,71720,71919,Agg_33,357.17348782883454,Aggressive,0.5582061072276419
U_1795,71760,71959,Agg_68,346.3633088336804,Aggressive,0.5681435425310474
U_1796,71800,71999,Agg_67,333.8117984521719,Aggressive,0.5799038885196716
U_1797,71840,72039,Agg_67,321.50571856985357,Aggressive,0.5916705835179661
U_1798,71880,72079,Agg_69,343.9983323882454,Aggressive,0.5703410629160932
U_1799,71920,72119,Agg_71,363.5526157596823,Aggressive,0.552423732999246
U_1800,71960,72159,Agg_169,344.8568549581551,Aggressive,0.5695423484524497
U_1801,72000,72199,Agg_170,341.0973578104605,Aggressive,0.5730482402550917
U_1802,72040,72239,Agg_171,354.2644698758555,Aggressive,0.5608630486578695
U_1803,72080,72279,Agg_51,360.4011182951864,Aggressive,0.5552728895021114
U_1804,72120,72319,Agg_52,343.3219667331269,Aggressive,0.5709710989912494
U_1805,72160,72359,Agg_67,358.18514403637516,Aggressive,0.5572850672940927
U_1806,72200,72399,Agg_69,362.58640559572444,Aggressive,0.5532956917098144
U_1807,72240,72439,Agg_69,374.3221766786078,Aggressive,0.5427972414279179
U_1808,72280,72479,Agg_6,381.5523626697665,Aggressive,0.5364287540012878
U_1809,72320,72519,Agg_6,367.35057417846474,Aggressive,0.549009552471074
U_1810,72360,72559,Agg_23,374.5214683005677,Aggressive,0.5426206923309571
U_1811,72400,72599,Agg_172,391.2544355009518,Aggressive,0.5280002283257705
U_1812,72440,72639,Agg_148,356.96449159035535,Aggressive,0.5583965728504395
U_1813,72480,72679,Agg_67,348.3086884110704,Aggressive,0.5663422571627341
U_1814,72520,72719,Agg_67,356.66604520385624,Aggressive,0.5586686702086355
U_1815,72560,72759,Agg_152,375.53517159443726,Aggressive,0.54172355813836
U_1816,72600,72799,Agg_11,410.5165561044395,Aggressive,0.5116569955696365
U_1817,72640,72839,Agg_2,382.3707741567764,Aggressive,0.5357126053615539
U_1818,72680,72879,Agg_67,363.489591881771,Aggressive,0.5524805671343408
U_1819,72720,72919,Agg_69,351.6887819222913,Aggressive,0.5632260982249503
U_1820,72760,72959,Agg_70,356.4945904146187,Aggressive,0.5588250476770138
U_1821,72800,72999,Agg_71,374.02383103951814,Aggressive,0.5430616481830416
U_1822,72840,73039,Agg_170,372.97355065062277,Aggressive,0.5439934771087519
U_1823,72880,73079,Agg_50,353.8372379333626,Aggressive,0.5612543230754733
U_1824,72920,73119,Agg_170,342.0560247147334,Aggressive,0.5721521977301895
U_1825,72960,73159,Agg_104,349.649112368663,Aggressive,0.5651044426282513
U_1826,73000,73199,Agg_51,368.3654472113136,Aggressive,0.5481008087992464
U_1827,73040,73239,Agg_52,367.311668309615,Aggressive,0.5490444197676151
U_1828,73080,73279,Agg_67,357.1720965000026,Aggressive,0.5582073749797084
U_1829,73120,73319,Agg_67,343.0446288041568,Aggressive,0.571229641029083
U_1830,73160,73359,Agg_67,343.6903283480926,Aggressive,0.5706278830921914
U_1831,73200,73399,Agg_68,352.5167733846795,Aggressive,0.5624653785652585
U_1832,73240,73439,Agg_67,341.2874673474083,Aggressive,0.5728704380393982
U_1833,73280,73479,Agg_148,345.97157264551623,Aggressive,0.5685069552261114
U_1834,73320,73519,Agg_67,360.8551702439401,Aggressive,0.5548614930448891
U_1835,73360,73559,Agg_67,351.8488826155144,Aggressive,0.5630789250358715
U_1836,73400,73599,Agg_25,360.5540313946727,Aggressive,0.5551343076290834
U_1837,73440,73639,Agg_68,354.9476279984913,Aggressive,0.5602379545543034
U_1838,73480,73679,Agg_69,357.1415467823988,Aggressive,0.5582352120203864
U_1839,73520,73719,Agg_70,361.0333584572665,Aggressive,0.5547001278502373
U_1840,73560,73759,Agg_71,346.8539610186756,Aggressive,0.5676886933952783
U_1841,73600,73799,Agg_49,371.6046510364427,Aggressive,0.545210391607049
U_1842,73640,73839,Agg_108,362.6015470702736,Aggressive,0.5532820166398228
U_1843,73680,73879,Agg_106,354.33462872496295,Aggressive,0.5607988207343104
U_1844,73720,73919,Agg_114,331.0707778216027,Aggressive,0.5825043458215154
U_1845,73760,73959,Agg_115,347.2127216720148,Aggressive,0.5673563421142924
U_1846,73800,73999,Agg_116,338.71937142526264,Aggressive,0.5752769482930813
U_1847,73840,74039,Agg_105,348.85378202004716,Aggressive,0.5658385636878422
U_1848,73880,74079,Agg_105,352.82212447886934,Aggressive,0.5621850957235579
U_1849,73920,74119,Agg_114,368.958246772748,Aggressive,0.5475706967485849
U_1850,73960,74159,Agg_171,355.5453096543965,Aggressive,0.559691643379149
U_1851,74000,74199,Agg_2,379.71161221339304,Aggressive,0.5380429975592199
U_1852,74040,74239,Agg_3,370.2532038476025,Aggressive,0.5464144617505515
U_1853,74080,74279,Agg_67,349.46335429312995,Aggressive,0.5652758193121081
U_1854,74120,74319,Agg_67,312.94492966085573,Aggressive,0.5999966753805259
U_1855,74160,74359,Agg_68,318.9929626360972,Aggressive,0.5941023995603126
U_1856,74200,74399,Agg_69,341.2794131220004,Aggressive,0.5728779697307058
U_1857,74240,74439,Agg_67,344.1337108923726,Aggressive,0.5702150410715243
U_1858,74280,74479,Agg_69,331.1833832515733,Aggressive,0.5823972856203228
U_1859,74320,74519,Agg_70,342.81667174025205,Aggressive,0.5714422365245484
U_1860,74360,74559,Agg_148,371.041793726693,Aggressive,0.5457115458652848
U_1861,74400,74599,Agg_149,355.4703107777546,Aggressive,0.559760166893836
U_1862,74440,74639,Agg_3,366.1016986264319,Aggressive,0.550129896176444
U_1863,74480,74679,Agg_67,336.79077110666435,Aggressive,0.5770908446018543
U_1864,74520,74719,Agg_67,341.4092512384483,Aggressive,0.5727565671909592
U_1865,74560,74759,Agg_69,346.9960265833515,Aggressive,0.5675570623965136
U_1866,74600,74799,Agg_69,340.85202391089405,Aggressive,0.573277773276686
U_1867,74640,74839,Agg_5,365.71039830489127,Aggressive,0.5504813947958364
U_1868,74680,74879,Agg_107,375.6186700624216,Aggressive,0.5416497275892305
U_1869,74720,74919,Agg_168,352.6376825223722,Aggressive,0.5623543789359886
U_1870,74760,74959,Agg_168,347.32961892697296,Aggressive,0.5672480920263547
U_1871,74800,74999,Agg_107,338.57019830206724,Aggressive,0.575417045635295
U_1872,74840,75039,Agg_104,344.67227539779765,Aggressive,0.5697139750218059
U_1873,74880,75079,Agg_170,325.89015765325684,Aggressive,0.5874511872495197
U_1874,74920,75119,Agg_104,345.36072183611196,Aggressive,0.5690741039245937
U_1875,74960,75159,Agg_172,349.29257096834573,Aggressive,0.5654334264470727
U_1876,75000,75199,Agg_3,353.2796549251698,Aggressive,0.5617653883224365
U_1877,75040,75239,Agg_67,337.93319113244536,Aggressive,0.576015680931855
U_1878,75080,75279,Agg_67,345.0379612811966,Aggressive,0.5693740016362063
U_1879,75120,75319,Agg_67,301.0682634917364,Aggressive,0.6117421191342584
U_1880,75160,75359,Agg_68,316.59799644992967,Aggressive,0.5964295226083922
U_1881,75200,75399,Agg_70,330.33891873595405,Aggressive,0.583200644454327
U_1882,75240,75439,Agg_67,340.3950425978277,Aggressive,0.5737055675838032
U_1883,75280,75479,Agg_68,335.9901278019181,Aggressive,0.5778455484261895
U_1884,75320,75519,Agg_67,348.38721989868026,Aggressive,0.5662696625452381
U_1885,75360,75559,Agg_67,333.0515734778955,Aggressive,0.5806239624930613
U_1886,75400,75599,Agg_67,348.57085942189093,Aggressive,0.5660999422313014
U_1887,75440,75639,Agg_149,348.92163490802955,Aggressive,0.5657758956215276
U_1888,75480,75679,Agg_67,351.95311017959267,Aggressive,0.5629831341074754
U_1889,75520,75719,Agg_68,353.40212815041133,Aggressive,0.5616530928653637
U_1890,75560,75759,Agg_150,360.3185416379054,Aggressive,0.5553477413461905
U_1891,75600,75799,Agg_68,378.74482897064365,Aggressive,0.5388927614869379
U_1892,75640,75839,Agg_151,392.1491936312063,Aggressive,0.5272296228083583
U_1893,75680,75879,Agg_106,393.9093144237879,Aggressive,0.525717009197097
U_1894,75720,75919,Agg_106,373.40889268250737,Aggressive,0.5436070394373015
U_1895,75760,75959,Agg_106,358.2707155938169,Aggressive,0.5572072303142008
U_1896,75800,75999,Agg_168,354.8391579541575,Aggressive,0.5603371588000029
U_1897,75840,76039,Agg_106,345.05118466465956,Aggressive,0.569361711830891
U_1898,75880,76079,Agg_105,347.79249559956276,Aggressive,0.5668196582085882
U_1899,75920,76119,Agg_104,339.0667694112492,Aggressive,0.5749508184047786
U_1900,75960,76159,Agg_105,346.65865795771424,Aggressive,0.5678697014863395
U_1901,76000,76199,Agg_106,350.53036734920545,Aggressive,0.5642921220752829
U_1902,76040,76239,Agg_171,346.5435988656144,Aggressive,0.5679763659834098
U_1903,76080,76279,Agg_172,353.1595415096506,Aggressive,0.5618755418819528
U_1904,76120,76319,Agg_170,354.24496850501106,Aggressive,0.560880902773667
U_1905,76160,76359,Agg_173,378.83870336507897,Aggressive,0.5388101908395011
U_1906,76200,76399,Agg_71,348.93496877333376,Aggressive,0.5657635814487291
U_1907,76240,76439,Agg_50,374.7212738517188,Aggressive,0.5424437455990583
U_1908,76280,76479,Agg_24,362.1299272218845,Aggressive,0.5537081203090809
U_1909,76320,76519,Agg_67,347.4609255689528,Aggressive,0.5671265230773086
U_1910,76360,76559,Agg_68,327.75035970934795,Aggressive,0.5856701123790323
U_1911,76400,76599,Agg_71,397.94436061849257,Aggressive,0.5222657264622951
U_1912,76440,76639,Agg_71,368.89525040640814,Aggressive,0.547627007003546
U_1913,76480,76679,Agg_71,361.43417421626214,Aggressive,0.5543373251961031
U_1914,76520,76719,Agg_115,350.6965721307289,Aggressive,0.564139049265102
U_1915,76560,76759,Agg_116,337.3708329111447,Aggressive,0.5765446815354414
U_1916,76600,76799,Agg_50,346.82904708431226,Aggressive,0.5677117805735676
U_1917,76640,76839,Agg_51,360.3636038959203,Aggressive,0.5553068932845701
U_1918,76680,76879,Agg_105,385.060616696978,Aggressive,0.533365594478547
U_1919,76720,76919,Agg_50,378.41439107925913,Aggressive,0.5391835108613534
U_1920,76760,76959,Agg_8,361.1717137318755,Aggressive,0.554574867272077
U_1921,76800,76999,Agg_52,351.16870412915466,Aggressive,0.5637044472624105
U_1922,76840,77039,Agg_67,340.4234188689812,Aggressive,0.5736789943874115
U_1923,76880,77079,Agg_150,339.1903465803112,Aggressive,0.5748348513568518
U_1924,76920,77119,Agg_69,350.3880021351316,Aggressive,0.5644232719262633
U_1925,76960,77159,Agg_4,345.8932504065664,Aggressive,0.5685796424535757
U_1926,77000,77199,Agg_67,342.44369496635846,Aggressive,0.5717902497922727
U_1927,77040,77239,Agg_67,326.01266237945964,Aggressive,0.5873337270664838
U_1928,77080,77279,Agg_68,320.63593771002115,Aggressive,0.592511218823987
U_1929,77120,77319,Agg_69,327.1140960502634,Aggressive,0.5862787029139515
U_1930,77160,77359,Agg_67,339.3235764518192,Aggressive,0.5747098522408007
U_1931,77200,77399,Agg_68,340.59054136288023,Aggressive,0.5735225160997607
U_1932,77240,77439,Agg_148,320.323156805303,Aggressive,0.5928138106184596
U_1933,77280,77479,Agg_149,328.1443665427057,Aggressive,0.5852935589297469
U_1934,77320,77519,Agg_68,344.90366836821903,Aggressive,0.5694988284238879
U_1935,77360,77559,Agg_69,349.2167857101094,Aggressive,0.5655033788346114
U_1936,77400,77599,Agg_68,346.8833707058815,Aggressive,0.5676614413130349
U_1937,77440,77639,Agg_67,353.4180478448586,Aggressive,0.5616384977777901
U_1938,77480,77679,Agg_67,355.55906902735035,Aggressive,0.559679072893591
U_1939,77520,77719,Agg_68,365.4564895775511,Aggressive,0.5507095969512864
U_1940,77560,77759,Agg_67,348.6786399520983,Aggressive,0.5660003547637646
U_1941,77600,77799,Agg_68,354.1545606686785,Aggressive,0.5609636814047749
U_1942,77640,77839,Agg_70,354.6626497993679,Aggressive,0.560498626712269
U_1943,77680,77879,Agg_70,356.0418282852076,Aggressive,0.5592382054403626
U_1944,77720,77919,Agg_6,392.41465025497104,Aggressive,0.5270012161575452
U_1945,77760,77959,Agg_105,375.13503277151216,Aggressive,0.5420775063462421
U_1946,77800,77999,Agg_105,389.36185854482295,Aggressive,0.5296339126194826
U_1947,77840,78039,Agg_24,418.8431181540028,Aggressive,0.504749731851065
U_1948,77880,78079,Agg_107,399.17359475754364,Aggressive,0.5212188390764999
U_1949,77920,78119,Agg_168,375.2754655891872,Aggressive,0.5419532582665947
U_1950,77960,78159,Agg_23,386.30637762667686,Aggressive,0.5322820975740736
U_1951,78000,78199,Agg_24,396.2553982735413,Aggressive,0.5237075753981243
U_1952,78040,78239,Agg_5,393.46290622963005,Aggressive,0.526100232486116
U_1953,78080,78279,Agg_6,375.6440354951513,Aggressive,0.5416273011006606
U_1954,78120,78319,Agg_107,373.844957483974,Aggressive,0.5432202353873086
U_1955,78160,78359,Agg_106,364.2863312849074,Aggressive,0.5517625077064467
U_1956,78200,78399,Agg_107,356.22292487437676,Aggressive,0.5590729132327275
U_1957,78240,78439,Agg_115,336.70095097686874,Aggressive,0.5771754619022933
U_1958,78280,78479,Agg_106,345.28068119337104,Aggressive,0.5691484601315128
U_1959,78320,78519,Agg_114,344.58386134470607,Aggressive,0.5697962028798661
U_1960,78360,78559,Agg_117,343.4905153379132,Aggressive,0.5708140305219668
U_1961,78400,78599,Agg_104,345.30160118639645,Aggressive,0.5691290249254009
U_1962,78440,78639,Agg_105,338.2610073879129,Aggressive,0.5757075338457441
U_1963,78480,78679,Agg_106,340.4367992733571,Aggressive,0.573666464622881
U_1964,78520,78719,Agg_105,344.1690587531158,Aggressive,0.5701821408561945
U_1965,78560,78759,Agg_106,342.646622654199,Aggressive,0.5716008778686688
U_1966,78600,78799,Agg_106,341.9594962195849,Aggressive,0.5722423570833446
U_1967,78640,78839,Agg_106,344.56438255655615,Aggressive,0.569814320362546
U_1968,78680,78879,Agg_106,346.27986364830906,Aggressive,0.5682209349466251
U_1969,78720,78919,Agg_105,354.24525314578256,Aggressive,0.5608806421720383
U_1970,78760,78959,Agg_118,333.5718095897236,Aggressive,0.5801311059489653
U_1971,78800,78999,Agg_50,346.67567584532554,Aggressive,0.5678539269071688
U_1972,78840,79039,Agg_118,334.95045949893813,Aggressive,0.5788270355600234
U_1973,78880,79079,Agg_169,342.0327547667799,Aggressive,0.5721739309812014
U_1974,78920,79119,Agg_171,318.80146369276554,Aggressive,0.5942881393860321
U_1975,78960,79159,Agg_171,337.1236694447225,Aggressive,0.5767773375717655
U_1976,79000,79199,Agg_32,357.2137048545116,Aggressive,0.5581694634919163
U_1977,79040,79239,Agg_148,346.5972622196486,Aggressive,0.5679266153605843
U_1978,79080,79279,Agg_12,297.14110808592665,Aggressive,0.6156762489662194
U_1979,79120,79319,Agg_67,350.2010002275441,Aggressive,0.5645955883608252
U_1980,79160,79359,Agg_148,352.39057065462504,Aggressive,0.5625812613024551
U_1981,79200,79399,Agg_67,344.2080322079525,Aggressive,0.5701458682995801
U_1982,79240,79439,Agg_67,335.7110752199915,Aggressive,0.5781088213511113
U_1983,79280,79479,Agg_68,327.6971898986014,Aggressive,0.5857209454664873
U_1984,79320,79519,Agg_69,326.2218343132864,Aggressive,0.5871332227728954
U_1985,79360,79559,Agg_70,354.2042641115671,Aggressive,0.5609181707519743
U_1986,79400,79599,Agg_11,353.16603634076216,Aggressive,0.5618695850526738
U_1987,79440,79639,Agg_12,346.1336413220947,Aggressive,0.568356576331447
U_1988,79480,79679,Agg_67,349.9436926202652,Aggressive,0.5648327753049166
U_1989,79520,79719,Agg_68,355.4149248692628,Aggressive,0.5598107761986391
U_1990,79560,79759,Agg_67,352.62437246648284,Aggressive,0.5623665970491615
U_1991,79600,79799,Agg_67,350.3259803726929,Aggressive,0.5644804172193919
U_1992,79640,79839,Agg_68,344.13142658185967,Aggressive,0.5702171672713706
U_1993,79680,79879,Agg_69,348.00162884263,Aggressive,0.5666261928045248
U_1994,79720,79919,Agg_148,353.13941557104835,Aggressive,0.5618940010817511
U_1995,79760,79959,Agg_67,355.12428117815,Aggressive,0.5600764291497287
U_1996,79800,79999,Agg_148,371.1748186159724,Aggressive,0.5455930622320406
U_1997,79840,80039,Agg_152,395.579412712737,Aggressive,0.5242857717813818
U_1998,79880,80079,Agg_107,381.17562206942364,Aggressive,0.5367587414984258
U_1999,79920,80119,Agg_107,354.16741100986127,Aggressive,0.5609519147147292
U_2000,79960,80159,Agg_108,351.8385738214176,Aggressive,0.5630884002767101
U_2001,80000,80199,Agg_104,350.6193445042547,Aggressive,0.5642101699105208
U_2002,80040,80239,Agg_104,344.1765057483858,Aggressive,0.5701752097665802
U_2003,80080,80279,Agg_105,349.82115152506503,Aggressive,0.5649457690878087
U_2004,80120,80319,Agg_172,382.67692998815374,Aggressive,0.5354449503668713
U_2005,80160,80359,Agg_2,418.26307826711576,Aggressive,0.5052278652010559
U_2006,80200,80399,Agg_12,377.86225011090636,Aggressive,0.5396696849012852
U_2007,80240,80439,Agg_68,377.51740880171127,Aggressive,0.5399735487335322
U_2008,80280,80479,Agg_69,365.4185706873401,Aggressive,0.5507436849236429
U_2009,80320,80519,Agg_27,358.4171304625775,Aggressive,0.5570740746962788
U_2010,80360,80559,Agg_67,361.2920626208056,Aggressive,0.5544659318609839
U_2011,80400,80599,Agg_67,354.42606310614474,Aggressive,0.5607151268589524
U_2012,80440,80639,Agg_67,365.871537318665,Aggressive,0.5503366190882335
U_2013,80480,80679,Agg_148,395.622357613227,Aggressive,0.5242490203789887
U_2014,80520,80719,Agg_3,371.5183406897218,Aggressive,0.5452872103232774
U_2015,80560,80759,Agg_4,384.7063198340294,Aggressive,0.533674145763185
U_2016,80600,80799,Agg_26,380.18218335287895,Aggressive,0.5376298692550352
U_2017,80640,80839,Agg_27,398.3642889275129,Aggressive,0.521907854803196
U_2018,80680,80879,Agg_29,415.9193033330287,Aggressive,0.5071644820184105
U_2019,80720,80919,Agg_12,397.68992985007117,Aggressive,0.5224826770391316
U_2020,80760,80959,Agg_25,410.0805344369567,Aggressive,0.512021288726593
U_2021,80800,80999,Agg_10,400.92263191290033,Aggressive,0.5197328733449762
U_2022,80840,81039,Agg_11,378.2833724059169,Aggressive,0.5392988364570449
U_2023,80880,81079,Agg_67,376.69011441729174,Aggressive,0.5407032335360384
U_2024,80920,81119,Agg_25,383.40297068973086,Aggressive,0.5348107478876755
U_2025,80960,81159,Agg_152,380.9266534054375,Aggressive,0.5369769248113467
U_2026,81000,81199,Agg_23,413.4197288133971,Aggressive,0.5092380137166481
U_2027,81040,81239,Agg_24,383.850359751426,Aggressive,0.5344203239987855
U_2028,81080,81279,Agg_6,400.91775013406755,Aggressive,0.5197370149576669
U_2029,81120,81319,Agg_68,405.8363695724465,Aggressive,0.5155808377016596
U_2030,81160,81359,Agg_67,386.09096468576575,Aggressive,0.5324692948272434
U_2031,81200,81399,Agg_68,383.8002913070724,Aggressive,0.534464003158655
U_2032,81240,81439,Agg_6,383.12234525032784,Aggressive,0.5350557873911322
U_2033,81280,81479,Agg_6,378.26484682493054,Aggressive,0.5393151450822482
U_2034,81320,81519,Agg_105,382.9669682807223,Aggressive,0.5351915093920971
U_2035,81360,81559,Agg_168,369.99881998060164,Aggressive,0.5466414019262416
U_2036,81400,81599,Agg_108,358.8235131373142,Aggressive,0.5567046605177802
U_2037,81440,81639,Agg_106,349.527295728828,Aggressive,0.5652168223577144
U_2038,81480,81679,Agg_107,342.74637952056094,Aggressive,0.5715078078519962
U_2039,81520,81719,Agg_106,349.03424427496117,Aggressive,0.5656719063565495
U_2040,81560,81759,Agg_105,349.2891628888207,Aggressive,0.5654365720353121
U_2041,81600,81799,Agg_106,345.1810462721134,Aggressive,0.569241032618053
U_2042,81640,81839,Agg_106,354.32457899603247,Aggressive,0.560808020451293
U_2043,81680,81879,Agg_172,370.1039303198485,Aggressive,0.5465476197798782
U_2044,81720,81919,Agg_28,408.6884287279226,Aggressive,0.5131861205672239
U_2045,81760,81959,Agg_106,380.67877578479647,Aggressive,0.5371942400957113
U_2046,81800,81999,Agg_107,362.89162922588315,Aggressive,0.553020093290097
U_2047,81840,82039,Agg_108,339.54434910733704,Aggressive,0.5745027784485401
U_2048,81880,82079,Agg_118,346.5836420312288,Aggressive,0.5679392420538564
U_2049,81920,82119,Agg_50,341.49415130869494,Aggressive,0.5726771969864499
U_2050,81960,82159,Agg_170,337.25000842411924,Aggressive,0.5766584024184988
U_2051,82000,82199,Agg_171,346.0940350430671,Aggressive,0.5683933221931695
U_2052,82040,82239,Agg_104,348.24063154186234,Aggressive,0.5664051765555203
U_2053,82080,82279,Agg_118,342.6888061990448,Aggressive,0.5715615200996459
U_2054,82120,82319,Agg_117,357.09311792334324,Aggressive,0.5582793434601356
U_2055,82160,82359,Agg_168,382.589586045739,Aggressive,0.5355212966754394
U_2056,82200,82399,Agg_29,375.9256690237175,Aggressive,0.5413783611805993
U_2057,82240,82439,Agg_49,346.56718537167734,Aggressive,0.567954498692528
U_2058,82280,82479,Agg_31,363.0521994157313,Aggressive,0.5528751632596858
U_2059,82320,82519,Agg_24,387.2811644370826,Aggressive,0.5314358148119389
U_2060,82360,82559,Agg_28,392.15891507592977,Aggressive,0.5272212564467021
U_2061,82400,82599,Agg_29,379.7144396863538,Aggressive,0.5380405142894187
U_2062,82440,82639,Agg_31,328.5605633237681,Aggressive,0.5848960614206172
U_2063,82480,82679,Agg_32,314.6820804863542,Aggressive,0.5982977267948512
U_2064,82520,82719,Agg_33,324.32611888252734,Aggressive,0.5889528875527462
U_2065,82560,82759,Agg_148,328.6914149072818,Aggressive,0.5847711446453169
U_2066,82600,82799,Agg_69,322.81858132826744,Aggressive,0.5904039718000524
U_2067,82640,82839,Agg_71,370.04350649866007,Aggressive,0.5466015294999776
U_2068,82680,82879,Agg_6,370.1028574547209,Aggressive,0.5465485769364425
U_2069,82720,82919,Agg_50,351.5473102340393,Aggressive,0.5633561786414221
U_2070,82760,82959,Agg_51,341.57571438656214,Aggressive,0.5726009567821101
U_2071,82800,82999,Agg_51,332.20800389367594,Aggressive,0.5814240258437227
U_2072,82840,83039,Agg_2,390.4796224348347,Aggressive,0.5286684417227907
U_2073,82880,83079,Agg_2,374.4876425776355,Aggressive,0.5426506539234965
U_2074,82920,83119,Agg_3,339.15894901939424,Aggressive,0.5748643131785661
U_2075,82960,83159,Agg_3,358.9615034064041,Aggressive,0.5565792788988225
U_2076,83000,83199,Agg_69,341.3380103168974,Aggressive,0.5728231764072191
U_2077,83040,83239,Agg_70,335.03880971276783,Aggressive,0.5787435647626834
U_2078,83080,83279,Agg_148,327.9814272642409,Aggressive,0.5854492510938212
U_2079,83120,83319,Agg_68,361.52665464494953,Aggressive,0.5542536492480622
U_2080,83160,83359,Agg_68,343.35016476031194,Aggressive,0.5709448185700585
U_2081,83200,83399,Agg_69,326.98861904889594,Aggressive,0.5863987971578232
U_2082,83240,83439,Agg_70,339.96711379153265,Aggressive,0.5741064543717914
U_2083,83280,83479,Agg_67,370.10325489612654,Aggressive,0.546548222358919
U_2084,83320,83519,Agg_68,362.248694554409,Aggressive,0.5536007843445627
U_2085,83360,83559,Agg_52,349.83083360291846,Aggressive,0.5649368405289793
U_2086,83400,83599,Agg_68,342.85683748228206,Aggressive,0.5714047717296067
U_2087,83440,83639,Agg_69,347.9729985980044,Aggressive,0.5666526742275327
U_2088,83480,83679,Agg_68,352.3937781704525,Aggressive,0.5625783157795863
U_2089,83520,83719,Agg_69,346.8733520493083,Aggressive,0.5676707248164583
U_2090,83560,83759,Agg_68,341.1982980888984,Aggressive,0.5729538277831941
U_2091,83600,83799,Agg_69,350.17517083236896,Aggressive,0.5646193934787896
U_2092,83640,83839,Agg_70,358.1787572199822,Aggressive,0.5572908772597679
U_2093,83680,83879,Agg_71,376.96517734211653,Aggressive,0.5404605149718252
U_2094,83720,83919,Agg_106,352.3082512064464,Aggressive,0.5626568620965595
U_2095,83760,83959,Agg_104,357.28750749964394,Aggressive,0.5581022244825238
U_2096,83800,83999,Agg_105,356.47043912204157,Aggressive,0.5588470786799813
U_2097,83840,84039,Agg_168,329.36859039356574,Aggressive,0.5841251087927347
U_2098,83880,84079,Agg_169,344.08649991416644,Aggressive,0.5702589859095124
U_2099,83920,84119,Agg_168,346.38384341976996,Aggressive,0.568124499055397
U_2100,83960,84159,Agg_168,334.5187372999882,Aggressive,0.5792350877279572
U_2101,84000,84199,Agg_106,336.6329216416644,Aggressive,0.5772395588966801
U_2102,84040,84239,Agg_107,336.51019072514595,Aggressive,0.5773552135290614
U_2103,84080,84279,Agg_107,336.8627721612091,Aggressive,0.5770230231650724
U_2104,84120,84319,Agg_168,322.48891174289014,Aggressive,0.5907217722272645
U_2105,84160,84359,Agg_169,328.5707388824766,Aggressive,0.5848863464202848
U_2106,84200,84399,Agg_118,334.80173627709905,Aggressive,0.5789675722677319
U_2107,84240,84439,Agg_117,361.10835058554693,Aggressive,0.5546322298741151
U_2108,84280,84479,Agg_169,360.30914080859765,Aggressive,0.5553562633941638
U_2109,84320,84519,Agg_31,328.271890635598,Aggressive,0.5851717356599262
U_2110,84360,84559,Agg_32,316.20393310879996,Aggressive,0.5968132955218096
U_2111,84400,84599,Agg_33,337.81910676205183,Aggressive,0.5761229588557997
U_2112,84440,84639,Agg_48,349.43893030469684,Aggressive,0.565298356260822
U_2113,84480,84679,Agg_115,358.70901503839724,Aggressive,0.5568087179688839
U_2114,84520,84719,Agg_108,341.42079627414046,Aggressive,0.5727457734813307
U_2115,84560,84759,Agg_171,357.3699791067106,Aggressive,0.5580270970678346
U_2116,84600,84799,Agg_12,343.092589242513,Aggressive,0.5711849226200296
U_2117,84640,84839,Agg_12,359.9969571073274,Aggressive,0.5556393387262147
U_2118,84680,84879,Agg_25,343.5805759355162,Aggressive,0.5707301218191824
U_2119,84720,84919,Agg_26,312.58415823502395,Aggressive,0.600350117519175
U_2120,84760,84959,Agg_28,343.1945263745973,Aggressive,0.5710898878606582
U_2121,84800,84999,Agg_29,359.01767734924914,Aggressive,0.556528245852197
U_2122,84840,85039,Agg_169,286.7006372061289,Aggressive,0.6262587399571942
U_2123,84880,85079,Agg_170,279.5906098576492,Aggressive,0.6335694098501103
U_2124,84920,85119,Agg_170,296.3432387991838,Aggressive,0.6164786222397988
U_2125,84960,85159,Agg_170,304.9544803776464,Aggressive,0.607873748179827
U_2126,85000,85199,Agg_171,302.49726455390976,Aggressive,0.6103168267029526
U_2127,85040,85239,Agg_171,353.0638208132802,Aggressive,0.5619633408420439
U_2128,85080,85279,Agg_67,349.03339047077554,Aggressive,0.5656726947312116
U_2129,85120,85319,Agg_68,350.62978497409824,Aggressive,0.5642005545246364
U_2130,85160,85359,Agg_6,352.50054550063976,Aggressive,0.562480278106911
U_2131,85200,85399,Agg_6,319.23889686803926,Aggressive,0.5938639466734612
U_2132,85240,85439,Agg_6,294.77599167389457,Aggressive,0.618057762146391
U_2133,85280,85479,Agg_171,302.5185116861644,Aggressive,0.6102956597863249
U_2134,85320,85519,Agg_171,357.80902092393745,Aggressive,0.5576273226232057
U_2135,85360,85559,Agg_12,373.4304399759835,Aggressive,0.5435879198010065
U_2136,85400,85599,Agg_67,401.28420189538997,Aggressive,0.5194262156507908
U_2137,85440,85639,Agg_67,389.04246732796025,Aggressive,0.5299101111954825
U_2138,85480,85679,Agg_27,409.1029459692633,Aggressive,0.5128390002401415
U_2139,85520,85719,Agg_6,407.599152058692,Aggressive,0.5140994106218328
U_2140,85560,85759,Agg_6,406.7481010745812,Aggressive,0.5148140942700095
U_2141,85600,85799,Agg_4,380.9751954660053,Aggressive,0.5369343780908158
U_2142,85640,85839,Agg_25,374.12311249470343,Aggressive,0.5429736463857007
U_2143,85680,85879,Agg_70,352.28080484675496,Aggressive,0.5626820706290692
U_2144,85720,85919,Agg_6,429.7965684318178,Aggressive,0.4958051558382621
U_2145,85760,85959,Agg_12,369.4124943610008,Aggressive,0.5471648320367256
U_2146,85800,85999,Agg_67,336.6757878685064,Aggressive,0.5771991696628149
U_2147,85840,86039,Agg_68,338.8220888804144,Aggressive,0.5751805000590829
