time,seconds_elapsed,z,y,x
1781099236662109700,0.102109619140625,0.34487434465587136,-0.15426409451663492,-0.07030319675211794
1781099236687184600,0.1271845703125,0.25490590443909167,-0.09707155022025107,-0.13580874743154273
1781099236712259600,0.152259521484375,0.0784703101247549,-0.06444850677400828,-0.09948147003934718
1781099236737334500,0.17733447265625,0.1889525460600853,-0.11996581133455038,-0.11424949778066948
1781099236762409700,0.20240966796875,0.2651110721111297,-0.17284867573827503,-0.14751711360760963
1781099236787484700,0.227484619140625,0.21052140378952025,-0.14400953474491834,-0.058434105322696266
1781099236812559600,0.2525595703125,-0.20055998174548148,-0.07500672566741705,-0.06062424491127021
1781099236837634600,0.277634521484375,-0.12155191148221492,-0.09796265384107827,-0.07952023016964085
1781099236862709500,0.30270947265625,0.03299626067280769,-0.14801643229871989,-0.06913523981813341
1781099236887784400,0.327784423828125,0.19641747511327265,-0.1960667619794607,-0.10710669508762657
1781099236912859600,0.352859619140625,0.05532207424938678,-0.19546908834725618,-0.016071657685795798
1781099236937934600,0.3779345703125,0.018742109870910642,-0.26392010876089333,-0.09410936681325546
1781099236963008800,0.4030087890625,-0.04560848948657512,-0.22134236527234313,-0.0991356705426704
1781099236988083700,0.428083740234375,-0.035602643778920175,-0.17918489302247761,-0.0658482814361807
1781099237013159000,0.453158935546875,0.04692132565081119,-0.22138561989217995,-0.08579746554191224
1781099237038233900,0.47823388671875,-0.006631400838494301,-0.19395546891391277,-0.1368607315693516
1781099237063309800,0.503309814453125,-0.13061726146936417,-0.1724330806747079,-0.13105366185894235
1781099237088384800,0.528384765625,0.01728138966858387,-0.1721463726878166,-0.15015264974297024
1781099237113459700,0.553459716796875,0.10949731655120849,-0.16528057857155798,-0.04495822715060785
1781099237138535000,0.578534912109375,0.02537935592830181,-0.11872750171124935,-0.05941765016706194
1781099237163609900,0.60360986328125,0.05294073207080364,-0.1481631472930312,-0.17041447086129335
1781099237188685000,0.62868505859375,0.20875088698565958,-0.1524713658809662,-0.1090633455807343
1781099237213760000,0.653760009765625,0.003781272104382515,-0.14633388603925704,-0.11492714131390676
1781099237238835000,0.6788349609375,-0.03848024504184722,-0.08130787163823842,-0.060574003428220745
1781099237263910000,0.703909912109375,0.16541911025941372,-0.17900222993195056,0.0012425885061966254
1781099237288984800,0.72898486328125,0.20951836422681808,-0.12482786441296338,0.10178755502463317
1781099237314060000,0.75406005859375,0.16945055773258208,-0.16064795033484697,-0.20712421736558898
1781099237339135000,0.779135009765625,0.1666957060664892,-0.14291180263608694,-0.3354981751538813
1781099237364211000,0.8042109375,-0.08719897550344467,-0.101603640691936,-0.1862880395585671
1781099237389286000,0.829285888671875,0.020023966374993322,-0.1109630051895976,-0.25104599587423726
1781099237414360800,0.85436083984375,0.2740548415452242,-0.11406623190194368,-0.06066814798507839
1781099237439436000,0.87943603515625,0.23412673578262327,-0.17460048784166574,-0.07042174053129274
1781099237464511000,0.904510986328125,0.03736088562309742,-0.17409458414614198,-0.13148683824497273
1781099237489586000,0.9295859375,-0.2309545354872942,-0.08339607608914375,-0.12953467213073744
1781099237514660900,0.954660888671875,0.15264789149165153,-0.16029928302764893,-0.13260870014806278
1781099237539737000,0.979737060546875,0.11246610322892665,-0.21917408132255076,-0.13627777144908904
1781099237564812000,1.00481201171875,0.07836275809705257,-0.14866788194477557,-0.2105715082752518
1781099237589887000,1.029886962890625,0.16720950080752373,-0.20688129372149705,-0.22359703059764577
1781099237614962000,1.0549619140625,-0.07234685880839824,-0.1225266017332673,-0.041529362380201926
1781099237640036900,1.080036865234375,-0.35958559157550335,-0.12785890267193317,-0.10681545705609023
1781099237665111800,1.10511181640625,-0.39588732353448863,-0.07465484348982572,-0.05493946813996881
1781099237690188000,1.13018798828125,0.008028992676734924,-0.11092208865731953,0.009585871296492405
1781099237715263000,1.155262939453125,0.3235942407399416,-0.16347323688864707,0.029671390566416083
1781099237740338000,1.180337890625,0.651713265427947,-0.202746678134799,0.08888791497107594
1781099237765412900,1.205412841796875,0.24441022938787935,-0.21277678150087595,0.06029937860476784
1781099237790488800,1.23048876953125,-0.06760580176115036,-0.1667556195601821,-0.025158114393055438
1781099237815564000,1.25556396484375,0.11148586001992225,-0.09180413121134043,0.0938986284057144
1781099237840639000,1.280638916015625,0.03471943120360374,-0.08396686171442269,0.05211874816343188
1781099237865714000,1.3057138671875,0.20757482894361018,-0.16649901445060966,0.059677218985278155
1781099237890790000,1.330789794921875,0.33676410343647,-0.21895810048431158,-0.00031283794199116525
1781099237915864800,1.35586474609375,-0.021646014618873596,-0.20094664297550915,0.04891949546439573
1781099237940940000,1.38093994140625,-0.166679339453578,-0.13772446312606335,0.056408682176005094
1781099237966015000,1.406014892578125,0.0231751238822937,-0.21199936738759279,0.1203740816081874
1781099237991091200,1.43109130859375,0.08778817356824874,-0.26741847227066756,-0.029690889851329845
1781099238016166100,1.456166259765625,0.008432312780618668,-0.08422668169438838,-0.12651578096728772
1781099238041241000,1.481240966796875,0.11195464657545089,-0.19898878690600394,-0.05544954112053383
1781099238066317300,1.5063173828125,0.11577917329967022,-0.16792919338420031,-0.16268838838757946
1781099238091392300,1.531392333984375,0.07426175251901149,-0.1666091968268156,-0.1423850022830069
1781099238116467200,1.55646728515625,0.026440847679972648,-0.06214928992092609,-0.035386238248995505
1781099238141543200,1.581543212890625,0.18150281457602976,-0.10773235270529985,-0.03906752514420077
1781099238166618000,1.6066181640625,0.15685937170684336,-0.15414967435672877,-0.016698838256986346
1781099238191693300,1.631693359375,0.25372984639704227,-0.13128536998927592,-0.09428509783949703
1781099238216769300,1.656769287109375,0.019798925447463988,-0.1539445071734488,-0.027835208664799573
1781099238241844200,1.68184423828125,-0.16954408123493195,-0.08632204653844237,-0.02344665028307354
1781099238266919200,1.706919189453125,0.3022872488170862,-0.21623832013159988,-0.08466165731186047
1781099238291995400,1.731995361328125,0.17893267182707787,-0.13516951794624327,-0.018243268387124405
1781099238317070300,1.7570703125,0.31034955924153323,-0.18291633463576434,-0.17547884157877414
1781099238342145300,1.782145263671875,0.15633271748423574,-0.15441548568606375,-0.14629390108874066
1781099238367221000,1.807220947265625,0.12086276017427444,-0.07794365590214729,-0.026863356541516257
1781099238392296200,1.832296142578125,0.22815292207002638,-0.13005685110762716,-0.062904437403474
1781099238417371400,1.857371337890625,0.6034983928352594,-0.21532485854849218,-0.19568874071361497
1781099238442447000,1.882447021484375,0.8288064468681812,-0.29151655621677636,-0.12674770829332993
1781099238467522000,1.90752197265625,-0.7426806535542011,-0.014948124415427446,0.02121694586909143
1781099238492597000,1.932596923828125,-0.8998509909063577,-0.31355493115410205,-0.4211317645041272
1781099238517673200,1.957673095703125,-0.07916589117348194,-0.5450552639558911,-0.3480946584092453
1781099238542748200,1.982748046875,0.04714812014400959,-0.2850024981476366,0.00043970202493946996
1781099238567824100,2.00782421875,0.06447510251998902,0.02185147406309843,0.07710023648110217
1781099238592899300,2.0328994140625,0.1391208859205246,-0.21571663434505461,-0.19427487359400838
1781099238617974300,2.057974365234375,0.18168693897128105,-0.16132365763932466,-0.05664423536439426
1781099238643050200,2.08305029296875,0.1462134745299816,-0.3274180368117988,-0.2960258868673816
1781099238668125200,2.108125244140625,-0.5813660560041666,0.24787673645466565,0.30655944624356923
1781099238693200100,2.1332001953125,-0.1251256783157587,0.3948771235786378,0.5632529647517949
1781099238718276400,2.1582763671875,0.4470271436631679,-0.1300064360946417,0.1263600972152315
1781099238743351300,2.183351318359375,-0.012784078249335288,-0.07971548788025974,-0.3792587717514485
1781099238768426200,2.20842626953125,0.2843523636758327,-0.29439576491490005,-0.41381767863109703
1781099238793502200,2.233502197265625,0.23510347186028957,-0.13807006169334055,-0.007688737004855647
1781099238818577400,2.258577392578125,0.007042904248833656,0.043601679708808655,0.15689117335090413
1781099238843653000,2.283653076171875,-0.029757424882054326,0.013561784623563288,0.16925501689417286
1781099238868728000,2.30872802734375,0.12671382429003714,-0.02475771689862013,0.13790275143557226
1781099238893803000,2.333802978515625,0.2731552623569965,-0.11449278675094246,0.06762101759659125
1781099238918879200,2.358879150390625,0.08908756572902202,-0.2250841821491718,-0.06467393129402771
1781099238943955000,2.383954833984375,-0.08465221363008021,-0.1762628680959344,-0.07794228592896833
1781099238969030000,2.40902978515625,0.0424199225783348,-0.1077029804803431,0.07450263033648953
1781099238994105900,2.43410595703125,0.11437164458930492,-0.05395546207129955,0.070278089710325
1781099239019180800,2.459180908203125,-0.029008652341365813,-0.07328048639670014,0.13663579110652208
1781099239044255700,2.484255859375,0.024020927056670187,-0.15981193790212272,0.03619396073557436
1781099239069332000,2.50933203125,0.32775136041939257,-0.3134232675984502,-0.04304696843549609
1781099239094407000,2.534406982421875,0.05010696994960308,-0.2879948118314147,-0.1554891427995637
1781099239119481900,2.55948193359375,0.030343700337409973,-0.16588059029132127,-0.07547613327745348
1781099239144558000,2.58455810546875,0.0012140519648790359,-0.08136325508728623,-0.06263648891597987
1781099239169633000,2.609633056640625,-0.044347675770521164,-0.14641411166861654,-0.054735141206905244
1781099239194708000,2.6347080078125,0.2969026331692934,-0.31175182725489137,-0.16919442754704503
1781099239219783700,2.65978369140625,0.09410159449875354,-0.18152984871342778,-0.14195002666553483
1781099239244858600,2.684858642578125,-0.19872166040241718,-0.07088292373567819,-0.06950725146830082
1781099239269933800,2.709933837890625,0.07917056734859942,-0.04898249596431851,-0.08083793430523946
1781099239295009800,2.735009765625,0.09743687640130519,-0.021110592567920684,-0.22172175651136786
1781099239320084700,2.760084716796875,0.0002028290957212448,-0.0057509647421538825,-0.3361667585978284
1781099239345159700,2.78515966796875,0.2220434992790222,-0.13480565306991338,-0.3448022658003494
1781099239370236000,2.81023583984375,0.4548182359308004,-0.3144664930410683,-0.41083888201601804
1781099239395310800,2.835310791015625,0.2412368600487709,-0.3014981442660093,-0.4206897198250517
1781099239420385800,2.8603857421875,0.3478594979465008,-0.2790904976248741,-0.48159474530592555
1781099239445461800,2.885461669921875,-0.06736614778637885,-0.721913029205054,-1.224238427850604
1781099239470537000,2.910536865234375,-1.5791571966588496,-0.42768063815832136,-1.7198796725571155
1781099239495612000,2.93561181640625,-0.5937082357048988,-0.5004173730671405,-1.2555645633541046
1781099239520687900,2.96068798828125,-0.16087211447954178,-0.41667920554205773,-0.6723555828969925
1781099239545762800,2.9857626953125,-0.2306394781887531,-0.434831678956747,-0.6940205214120447
1781099239570837800,3.010837646484375,-0.7801730566024779,-0.17721943816840646,-0.9252641029737889
1781099239595914000,3.0359140625,0.042490649726986886,-0.2622168119743466,-0.7335599201180041
1781099239620989000,3.060989013671875,-0.16065525685846804,0.008132745312154292,-0.06735664930567145
1781099239646063900,3.08606396484375,-0.07817921822369098,-0.36286622068136926,0.13642704372666775
1781099239671139800,3.111139892578125,0.16272797147929668,0.09641045596301555,0.889322947955504
1781099239696215000,3.136215087890625,0.22483751391172407,0.28898075412884355,0.44509117063190784
1781099239721290000,3.1612900390625,-0.12107903327345847,0.5025137608245015,0.756621792884171
1781099239746365000,3.186364990234375,0.20693127034306524,0.39049452458024025,0.13269498105887323
1781099239771440600,3.211440673828125,0.686275460243225,0.28272885412722826,-0.024742775057815015
1781099239796515800,3.236515869140625,0.43189679454863067,0.17650047624409199,0.3129840724635869
1781099239821590800,3.2615908203125,0.3165256175279617,-0.03834259013682604,0.1463901462711394
1781099239846666800,3.286666748046875,0.5794143374145031,0.22152210575342177,0.48535000618621704
1781099239871741700,3.31174169921875,0.5592103382974862,0.18639380148798226,0.3475436369303614
1781099239896816600,3.336816650390625,0.46187575322687624,0.2257718721523881,0.492921537419036
1781099239921266700,3.3612666015625,0.6925164004594088,0.3867527077034116,0.6671826372385025
1781099239946342000,3.386341796875,0.15786182674765586,0.36210429639816283,0.06642894000150262
1781099239971417900,3.41141796875,-0.09405483274757862,0.2989043283805251,-0.1662271387066692
1781099239996492800,3.436492919921875,-0.16133622485995291,0.3025523294940591,-0.1477140883512795
1781099240021567700,3.461567626953125,-0.0802998636394739,0.47387949475347996,0.1796478343591094
1781099240046644000,3.48664404296875,0.05969254441857338,0.1484852188542485,-0.29769144545942544
1781099240071719000,3.511718994140625,-0.10809972471296786,-0.05364449642598629,-0.34775866792052984
1781099240096793900,3.5367939453125,-0.12418635163903236,-0.30461306141614913,-0.36860776000805195
1781099240121869800,3.561869873046875,0.3182341750115156,-0.38390316349118947,-0.06283683379366993
1781099240146944800,3.58694482421875,0.38598260011374946,-0.33694238261282444,0.2798818671982735
1781099240172020000,3.61202001953125,0.20697803209424018,-0.22655951539874075,0.48632637693770225
1781099240197095000,3.637094970703125,-0.5317319642633199,-0.08826368212550878,0.22351415635347366
1781099240222171000,3.6621708984375,-1.5034066668868065,-0.011781330947577953,-0.341710364199616
1781099240247245800,3.687245849609375,-0.4741010285496711,-0.16449308145567773,0.028634613130893556
1781099240272321000,3.712321044921875,-0.8216285180628299,-0.4504854674234986,-1.0451997383657843
1781099240297397000,3.73739697265625,-0.34817747785449027,-0.4454439661249518,-0.8101542072378098
1781099240322472000,3.762471923828125,-0.18271335940957067,0.041318391077220434,-0.1598239571334794
1781099240347547000,3.787546875,-1.0923305420488119,0.033521453590691086,0.08787691129762679
1781099240372621800,3.812621826171875,-0.3818739957511425,0.08986702566891908,-0.03817991038840264
1781099240397698000,3.837697998046875,0.4473363557428121,0.141231302203238,0.13929595022648572
1781099240422773000,3.86277294921875,0.21163959416449069,0.09521014026254415,-1.3784060762554406
1781099240447848000,3.887847900390625,1.408064716938138,1.3787491906046867,-2.943975477066636
1781099240472924000,3.912923828125,0.6792518452167511,1.2478192099243401,-0.2967975653596222
1781099240497998800,3.937998779296875,2.2609815227121115,1.0616025185689328,1.9634239327654242
1781099240523073800,3.96307373046875,2.081652545043826,0.817430189590156,1.2528002132073044
1781099240548149800,3.988149658203125,-0.00797813927233219,-0.2963698414668441,1.751535332275927
1781099240573224700,4.013224609375,-1.1509545804530381,0.19958090758025646,0.012520385811850427
1781099240598300000,4.0382998046875,-0.2823597285538912,0.3740320500791073,-1.545755423925072
1781099240623374800,4.063374755859375,-0.7134849542081355,1.689984300509095,0.3717769646286964
1781099240648450800,4.088450927734375,1.1717261503249405,0.35197014813572164,0.04040967873446643
1781099240673525800,4.11352587890625,1.513715294933319,0.5365639144644141,-1.6250428956516085
1781099240698600700,4.1386005859375,-0.923562121361494,1.3721245117679237,-3.069918901506066
1781099240723677000,4.163677001953125,-1.2709656922340393,0.4260828475728631,-1.921678986839205
1781099240748752000,4.188751953125,1.3928735775470733,1.3985799724951387,1.4823920820392666
1781099240773826800,4.213826904296875,1.0232745414793492,1.2443418892025946,0.7085266011483967
1781099240798901800,4.23890185546875,1.2082605219960212,2.004980516512692,0.591480915044248
1781099240823978000,4.26397802734375,0.7032371164381503,2.4924504374623297,0.5813067270323634
1781099240849053000,4.289052978515625,0.14766951855719088,3.423494731272757,0.7554398896232247
1781099240874128000,4.3141279296875,0.7001958490461111,4.309922469243407,1.388877201387286
1781099240899203800,4.339203857421875,1.9631307950377463,4.776119885061681,2.3269465715289113
1781099240924279000,4.364279052734375,0.9674994627654552,1.5475067976370454,2.8259628456264734
1781099240949353200,4.389353271484375,-1.994545339477062,0.7532830038502812,0.6647188774734735
1781099240974429400,4.414429443359375,-3.1590204957604406,0.3566331715106964,-2.566203071415424
1781099240999504400,4.43950439453125,-0.7212263621151447,-2.716765388804674,-5.419642537510395
1781099241024579300,4.464579345703125,0.06215922679305076,-4.363407391193509,-1.7331711158066987
1781099241049654300,4.489654296875,-0.7341314363956452,-4.035367276960611,2.2398493028342723
1781099241074730500,4.51473046875,-3.624855215746164,-6.155818046954274,1.6366928553044795
1781099241099805400,4.539805419921875,-3.4028836126595734,-2.9917113339707253,-2.686294847217202
1781099241124880400,4.56488037109375,-1.691466940282285,-3.198859754195809,-2.6544448339700697
1781099241149956400,4.589956298828125,-2.2832085520893335,-1.7810422895282505,0.13492401875257493
1781099241175031300,4.61503125,-2.015295866560936,0.41012079687453806,0.799668030667305
1781099241200106500,4.6401064453125,-2.3513386699855325,-0.08795746572054922,3.4446108767986297
1781099241225182200,4.66518212890625,-3.1618308770060537,1.1392569822661578,4.327286276498437
1781099241250257200,4.690257080078125,-0.2825178417250514,1.8642177086040377,4.769861116927862
1781099241275332400,4.715332275390625,3.9492669103488325,0.927292247800529,3.2700188645243644
1781099241300408300,4.740408203125,23.289874881589412,-2.8192893592119215,-11.666477072429656
1781099241325483300,4.765483154296875,-0.2232201418429613,-1.252453883987665,-0.9201935217112303
1781099241350558200,4.79055810546875,2.6899904868647453,-2.70539585352838,-1.2458505401998758
1781099241375634400,4.815634521484375,-0.32905016805827614,-3.1435917482212186,3.6385347815304994
1781099241400709400,4.84070947265625,-5.976463934844732,-0.8505579676881432,1.5478946279108523
1781099241425784300,4.865784423828125,-0.9153890440389514,-0.9570777297332882,-0.16465046397447586
1781099241450860300,4.8908603515625,2.9785008470028638,-8.354770106732845,-2.1426298685759306
1781099241475935200,4.915935302734375,1.11887309653759,-5.573137401220202,-2.5903116767555474
1781099241501010400,4.941010498046875,-7.212043256399035,-2.7148300368279217,-0.24225743526816368
1781099241526086400,4.96608642578125,-2.041683522748947,4.141390195399523,-2.6858494415372607
1781099241551161300,4.991161376953125,3.5959991236180064,16.59360614186525,2.750917249253392
1781099241576237600,5.016237548828125,0.9628267947793007,6.348949924525618,1.5901929699361324
1781099241601312500,5.0413125,-0.6330319458335638,-2.191663071814179,-1.0338935506492852
1781099241626387500,5.066387451171875,0.7492775676012039,-1.6522452292233705,-0.7345873634696006
1781099241651463200,5.091463134765625,0.4895902741044759,0.45729427065551276,0.13363280989825724
1781099241676538000,5.1165380859375,0.43502515570223327,1.1438298431396483,0.9576508534461259
1781099241701613300,5.14161328125,-0.08799801692664623,-1.4984551819592713,-1.1179214949011802
1781099241726689300,5.166689208984375,-0.3903384572356939,-0.5624421598255634,0.45198272024393077
1781099241751764200,5.19176416015625,0.38862814618647096,-1.1628870103091,0.5771574983984231
1781099241776840400,5.21684033203125,-0.28207681995928285,-4.208635347154736,1.9029928449392317
1781099241801915400,5.241915283203125,1.6280734955191611,-5.792116252231597,0.17583002963662148
1781099241826990300,5.266990234375,1.2255582782775163,-6.764874658438563,1.5206599995046852
1781099241852066300,5.29206640625,1.238282150772214,-2.4518676671832798,3.100142190334201
1781099241877141200,5.317141357421875,0.26025778686106205,-4.336757284677028,2.3676132206991314
1781099241902217500,5.342217529296875,-0.7263385905623435,-5.402890140151977,0.8389901333607733
1781099241927292400,5.36729248046875,0.9007622605323791,-2.697876563939452,0.39833661638274787
1781099241952367900,5.392367919921875,-1.6494640740722417,2.1442074931561947,-0.9250931303210556
1781099241977442800,5.41744287109375,-0.4153232608884573,49.20846160547733,-6.941378057292104
1781099242002518000,5.44251806640625,-1.3348083420693873,5.945537466183304,6.298969211304187
1781099242027593700,5.46759375,0.4653191716790199,2.799536610993743,4.569285353091359
1781099242052669000,5.4926689453125,0.8175842111080884,-1.3262474344730377,1.9561727925933896
1781099242077744600,5.51774462890625,0.6659481270074844,-1.549459977531433,0.07900843558944762
1781099242102819800,5.54281982421875,-0.20175825161933897,-3.333451764515042,-2.9147812390252947
1781099242127894800,5.567894775390625,-1.0393944861531257,0.4075602256715297,0.6022621290385722
1781099242152970800,5.592970703125,-0.4817857378333807,0.44823184327781196,-0.3107334439925849
1781099242178045700,5.618045654296875,0.14675123466849327,-0.11503799954354763,0.09142850283198058
1781099242203122000,5.643121826171875,1.0339327136158942,-0.0004033201038837433,-1.2278037191167472
1781099242228196900,5.66819677734375,0.3525707443773746,0.3663490943610668,-0.9778169317055493
1781099242253272800,5.69327294921875,-0.39799569399058815,0.1877583678394556,-0.16761216332428155
1781099242278347800,5.71834765625,-0.005087678527832031,0.17052490896582603,-0.1309180710468441
1781099242303423000,5.743423095703125,0.2573497904598713,-0.09840133751928806,-0.14285137768574058
1781099242328499000,5.7684990234375,-0.02158522434234619,-0.300422623988986,-0.2924308215174824
1781099242353574000,5.793573974609375,-0.40918227391541,-0.5153904857933521,-0.7044353132467717
1781099242378649900,5.81864990234375,-0.32658407020568847,-0.8275140689700842,-0.309354118463397
1781099242403724800,5.843724853515625,0.2045066735446453,-0.5231318937003612,0.19926190475896
1781099242428800800,5.86880078125,0.3178770321369171,-0.1756196017563343,0.34663265956528483
1781099242453875700,5.893875732421875,0.032303017711639403,-0.0058253451526165,-0.04337430069372058
1781099242478950700,5.91895068359375,-0.1488145969390869,0.03369768694043159,-0.17513737119734285
1781099242504027000,5.94402685546875,-0.013874211573600768,0.26070260801911355,0.6164598734781146
1781099242529101800,5.969101806640625,0.3087678430080414,0.24544834026396273,0.48277124173939223
1781099242554177800,5.994177734375,0.490315665769577,0.21223756005764005,0.06000920915231108
1781099242579252700,6.019252685546875,0.08680150061845779,0.1673579693675041,-0.025805253190174696
1781099242604329000,6.044328857421875,-0.2937655041873455,-0.06947276467680931,-0.03627352877780795
1781099242629404000,6.06940380859375,-0.34014263995885846,-0.11117138724327087,-0.08509118956923484
1781099242654478800,6.094478759765625,-0.01260229194164276,-0.05942658695876598,-0.04058123590908944
1781099242679554800,6.119554931640625,0.0888707081079483,-0.04558043243587017,-0.06505012592896818
1781099242704630000,6.144630126953125,0.17891864330172538,-0.22302666509747504,-0.46003282877393065
1781099242729705700,6.169705810546875,0.2518371645182371,-0.24651333914697168,-0.7463762201365083
1781099242754780700,6.19478076171875,0.00722702864408493,-0.30135844353437424,-0.8683697379063814
1781099242779857000,6.21985693359375,0.20330138940811157,-0.781465434500575,-0.941800811754912
1781099242804931800,6.244931884765625,0.22898761932849881,-0.589026799890399,-0.5669210588052869
1781099242830006800,6.2700068359375,0.07871697836220264,-0.16814532035291194,-0.4037346760340035
1781099242855082800,6.295082763671875,-0.4092752128958702,-0.15835457870066166,-0.08475114395990967
1781099242880158000,6.320157958984375,-0.43768940647542476,-0.5184375984042883,0.10617672076113521
1781099242905234000,6.34523388671875,-0.08221125021874905,-0.5140998614609241,0.29700967374034226
1781099242930308900,6.370308837890625,0.1941413468748331,-0.038948447075486184,0.23719255309402942
1781099242955384600,6.395384521484375,0.09222352566719054,0.19872984370887278,-0.17429536741524934
1781099242980460500,6.42046044921875,-0.1049918218255043,-0.2736316476970911,-0.45608496793098746
1781099243005535500,6.445535400390625,-0.16990940741598606,-0.5968886193066835,-0.7876430271569639
1781099243030611500,6.470611572265625,0.03226736187636852,-0.3014373539894819,-0.6269643894229084
1781099243055686400,6.495686279296875,0.4045955306470394,0.7609025389432906,-0.3096907300066203
1781099243080762600,6.5207626953125,0.8818681749701499,1.5388549968868492,-0.19292875621467828
1781099243105837600,6.545837646484375,0.7160901682704687,0.5597650495707989,-0.40916882991194725
1781099243130912500,6.57091259765625,0.07583060927093029,-0.5148416197389364,-0.385662209052965
1781099243155988700,6.59598876953125,-0.6107523094862699,-0.8542752346456051,0.043116745736077426
1781099243181063700,6.621063720703125,-0.6770306620359421,-0.5283756395727396,0.3680740915227681
1781099243206139600,6.6461396484375,-0.06129121178686618,-0.10248480744063854,0.30534619799628854
1781099243231214600,6.671214599609375,0.28794658877551554,0.2559679807126522,0.18594357350245116
1781099243256289500,6.69628955078125,0.4123977288305759,0.4632026179164648,0.02086326674334705
1781099243281365800,6.72136572265625,0.17395371437072754,0.24210955123007297,-0.04915909464024007
1781099243306440700,6.746440673828125,-0.16651450428068637,-0.174857385212183,-0.06976378351263701
1781099243331516400,6.771516357421875,-0.13434300399422644,-0.2891279075145721,-0.13133191254474222
1781099243356591600,6.796591552734375,0.041653614380955696,-0.4071721031367779,-0.2708135215364396
1781099243381666600,6.82166650390625,0.18348960447907448,-0.36658582572638987,-0.34333887871690094
1781099243406742500,6.846742431640625,0.2707452786058187,-0.2500380061417818,-0.22160613077506422
1781099243431817500,6.8718173828125,0.16890402976572513,-0.09997487044632435,-0.005830751980096102
1781099243456893700,6.896893798828125,-0.0346644861459732,-0.1262578972160816,0.01722381426244974
1781099243481968600,6.92196875,-0.03844049755334854,-0.16201310120820997,0.08501089087463914
1781099243507043600,6.947043701171875,-0.03789280054271221,-0.09259469706714153,0.31283604229502376
1781099243532119600,6.97211962890625,-0.05795125370919704,-0.03263385710120201,0.44282019349262114
1781099243557194500,6.997194580078125,-0.09414017294347286,0.09059563220441341,0.5492866179153323
1781099243582270700,7.022270751953125,-0.10506956323683261,0.08224690605401992,0.5433715486526489
1781099243607345700,7.047345703125,-0.03972469214498996,0.07606909420192241,0.5768900796338915
1781099243632420600,7.072420654296875,0.07113456040918827,0.011076689809560775,0.4485458776630461
1781099243657496600,7.09749658203125,0.14962942045331,-0.03717500766217709,0.20919811929650603
1781099243682571800,7.12257177734375,0.06804886935353278,-0.07685761423110961,0.03815495861023664
1781099243707647500,7.1476474609375,-0.06487023931741714,-0.14409692076742647,-0.015527458673343061
1781099243732722400,7.172722412109375,-0.06677870328724383,-0.15188509042561055,-0.12725691819079218
1781099243757797400,7.19779736328125,0.03464519692361354,-0.2209586266517639,-0.21554617314897476
1781099243782873600,7.22287353515625,0.07656944493949412,-0.22075287494659424,-0.3019042408488691
1781099243807948500,7.247948486328125,0.14650047477781772,-0.12884089944660662,-0.39327312244810164
1781099243833024500,7.2730244140625,0.12761983321905135,-0.07524024216234683,-0.3867713393386453
1781099243858099700,7.298099609375,0.005503858113288879,0.0017313538372516631,-0.23956768472753465
1781099243883174700,7.323174560546875,0.06260697056055069,-0.1475777486205101,0.08980945026278496
1781099243908250600,7.348250732421875,0.030745851397514342,-0.05791209074258804,-0.10940861535444855
1781099243933325600,7.37332568359375,0.19100246432721613,-0.32602760536670683,-0.06288732187189161
1781099243958400500,7.398400390625,0.18408464776277542,0.02694353650510311,-0.24475151710622012
1781099243983476500,7.4234765625,0.2428390345484018,0.238295545899868,0.059766194176673886
1781099244008551400,7.448551513671875,-0.11768237657248973,-0.2596001997351646,0.322694003964588
1781099244033627400,7.47362744140625,-0.013335866913199424,-0.19988193635344503,0.20327990822866557
1781099244058702600,7.49870263671875,-0.14686404739320277,-0.39587563309669493,-0.5531087334867566
1781099244083777500,7.523777587890625,-0.14479951607882977,-0.4073614882290363,-0.35908619068600234
1781099244108853200,7.548853271484375,-0.2789315076708794,-0.20247896710932253,0.3817781341612339
1781099244133928400,7.573928466796875,-0.17534779907763004,-0.34635143147110936,-0.04787058919966221
1781099244159004400,7.59900439453125,-0.05623392839729786,-0.09567395838201045,0.7153978020921349
1781099244184079400,7.624079345703125,0.07793196546435356,0.21673954765200615,-0.3379045787084847
1781099244209154300,7.649154296875,0.1000198786318302,0.08519874159693717,-0.2729498029127717
1781099244234230500,7.67423046875,0.2346317626953125,0.0633861382395029,-1.1109656113486737
1781099244259305500,7.699305419921875,0.36747955969572066,-0.4067033165812492,-0.31121487083397803
1781099244284381400,7.72438134765625,0.3037953152924776,-0.6266162335723638,-0.6360206062555313
1781099244309456400,7.749456298828125,-0.18368308122456073,-0.4962906485259533,0.9725259856905788
1781099244334531600,7.774531494140625,-0.2835650126904249,-0.1608013873308897,1.0908397920344024
1781099244359607600,7.799607666015625,-0.00907353329360485,0.5107061273694038,0.9408129697613418
1781099244384682500,7.8246826171875,0.039297991165518756,0.2990881605148315,0.5568211050733923
1781099244409757400,7.84975732421875,0.2858089922249317,-0.06826221984326838,-0.5253237046562135
1781099244434833400,7.87483349609375,-0.0014969605594873428,-0.11821136888265608,-0.16566665527969598
1781099244459908600,7.89990869140625,0.06337737041115761,0.0502455016374588,0.7757127161927521
1781099244484984300,7.924984375,0.40930268542468545,0.12248422389626502,0.2820190984226763
1781099244510059300,7.950059326171875,0.36096506323516364,0.04834755906164646,-1.3075906647980213
1781099244535134500,7.975134521484375,-0.06180559104979038,-0.03810147485733032,-1.414908883744478
1781099244560210400,8.00021044921875,-0.25415362476706505,0.28944004220366476,-1.1565477242849767
1781099244585285400,8.025285400390626,-0.11999942134320735,0.30985330015718937,-1.2373342023976146
1781099244610361600,8.050361572265626,-0.1533849735945463,-0.13376958802044392,0.17901611232683062
1781099244635436500,8.0754365234375,-0.15424948146939277,-0.08804770128726959,0.8446329615533351
1781099244660511500,8.100511474609375,-0.4216133009433746,0.036830139747262,0.5440289896480739
1781099244685587500,8.12558740234375,-0.5530833798497915,-0.009448796346783637,0.6155811909474432
1781099244710662400,8.150662353515624,-0.44293139878213406,0.4566530501425266,0.8177415936268866
1781099244735737600,8.175737548828126,-0.3804197052896023,0.28743104046881196,0.7745753827258944
1781099244760813600,8.2008134765625,-0.3208843972593546,-0.051420975157618516,0.46829263453185554
1781099244785888500,8.225888427734375,-0.3207528798341751,0.11695990751683712,0.6950565864615142
1781099244810964200,8.250964111328125,-0.2537485510975122,0.27030104196965693,-0.004873158994317055
1781099244836039400,8.276039306640625,-0.049750411596894265,-0.3083972561299801,-0.9270758285708725
1781099244861114600,8.301114501953125,0.2898696657925844,-0.7293868722170591,-1.2959884898096323
1781099244886190300,8.3261904296875,0.08679039470255374,-0.15545768821537495,-0.6547597935169935
1781099244911265300,8.351265380859376,-0.28119828355908394,0.013857844960689545,-0.07037132095173002
1781099244936341500,8.376341552734376,-0.17345219458937644,0.15874328575730323,-0.5624737240076064
1781099244961416700,8.401416748046875,0.302339855787158,0.13017244031131267,-0.5993779519043863
1781099244986491600,8.42649169921875,0.2757838572949171,-0.04122925148904323,0.32347455988302826
1781099245011567600,8.451567626953125,-0.13328852650523185,-0.25550387033224103,0.43397374695315954
1781099245036642600,8.476642578125,-0.2469663436114788,-0.17880349248945712,-0.10679331828951835
1781099245061717500,8.501717529296876,0.129800684389472,-0.057252165529131885,-0.6089478904128074
1781099245086793700,8.526793701171876,0.0925350758343935,-0.027750176712870597,0.2114088541485369
1781099245111868700,8.55186865234375,-0.09696575175821781,-0.5139999082177877,0.19121800677403805
1781099245136944600,8.576944580078125,-0.22740414952933788,-0.7200368600696325,-0.256879396469146
1781099245162019800,8.602019775390625,-0.21060615946352482,-0.06658113488852978,-0.3211953629046678
1781099245187094800,8.6270947265625,-0.05130757791101932,0.23627251563966273,-0.865494401665777
1781099245212170500,8.65217041015625,0.10290098702609539,-0.06002805998325347,-0.5262091091886163
1781099245237245400,8.677245361328126,0.19664836125969887,-0.25726035861074925,-0.41559973974227904
1781099245262320600,8.702320556640625,0.032121231403946876,-0.5023416191279888,0.14378580899164078
1781099245287396600,8.727396728515625,0.1192301905363798,-0.42711482096910475,-0.4661217202335596
1781099245312471600,8.752471435546875,0.7136503739029169,-0.15558219137787818,0.26534765734598037
1781099245337547500,8.777547607421875,0.859573925575614,-0.12480243771076202,0.21242109993100164
1781099245362622700,8.802622802734374,0.22907938926517962,0.015886135917901993,0.030210721607506274
1781099245387697700,8.82769775390625,-0.2101005480289459,-0.24045886141359804,0.23711978011876345
1781099245412773600,8.852773681640626,-0.07473521524965762,-0.4339858757823705,-0.4854935063101351
1781099245437848600,8.8778486328125,0.12033669047355651,-0.10628887589871883,-0.36580446609035133
1781099245462923500,8.902923583984375,0.23869243626296519,0.18959493561685084,0.42578970984518527
1781099245487999700,8.927999755859375,0.4690945985645055,0.11736147405505179,-0.23040347747579215
1781099245513074700,8.95307470703125,0.11826572941839694,-0.1899281130939722,-0.8990478578299284
1781099245538150700,8.978150634765624,-0.10388999806344508,-0.14476502928733825,-0.39170258519574996
1781099245563225600,9.0032255859375,-0.25657120730280875,0.3899555953979492,-0.6931511912316084
1781099245588300800,9.02830078125,-0.17033610839545726,0.034766777476668356,-0.183852300311625
1781099245613376500,9.05337646484375,-0.03245908505618572,-0.09625731122791767,0.8266784949287772
1781099245638451500,9.078451416015625,-0.09781973823904991,-0.09093933107554912,0.2881948644481599
1781099245663526700,9.103526611328125,-0.21175766758620737,0.17973755846917627,0.1185246726155281
1781099245688602600,9.1286025390625,0.049692543929815286,0.015078326666355132,-1.2057948625348507
1781099245713677600,9.153677490234376,-0.1540612654209137,-0.5201163452714681,-0.30402649369984863
1781099245738753500,9.17875341796875,-0.17420798139274118,-0.48640930598080157,-0.6783752085126936
1781099245763828500,9.203828369140625,-0.19614216530323028,-0.7542249608755112,0.43693405806347724
1781099245788903700,9.228903564453125,-0.005497428372502326,-0.5610942523479462,-0.036782793474197384
1781099245813979600,9.253979736328125,0.1740425616979599,-0.815270673468709,-0.20857260780930517
1781099245839054600,9.2790546875,0.2952273934334516,-0.7080944933414459,-0.02642243524044752
1781099245864130800,9.304130859375,0.8775742771685123,-0.32667759370803834,-0.953784533406794
1781099245889205800,9.329205810546876,0.8412176001518964,-0.13380349029004573,-0.7762567599415778
1781099245914280700,9.35428076171875,0.4932973119288683,-0.355555897668004,-1.5287829540751874
1781099245939356700,9.379356689453125,0.12947042952179907,-0.4683312129765749,-1.5325915525779128
1781099245964432000,9.404431884765625,0.03394961587488651,-0.5362585017770528,-0.09390314931720495
1781099245989506800,9.4295068359375,0.2897954315125942,-0.49322833834588525,-0.13390008253231644
1781099246014582500,9.45458251953125,0.473871895968914,-0.7612526675552129,-0.821157539550215
1781099246039657500,9.479657470703126,0.24882570774257182,-0.720220399942994,-0.6724564859881996
1781099246064733700,9.504733642578126,0.07604103715121746,-0.06890285583436488,-0.5149570628121495
1781099246089808600,9.52980859375,0.3052992901146412,0.037136429217457766,-0.10802622108533978
1781099246114883600,9.554883544921875,0.6865262201339006,-0.6189315242886543,-0.044775253532826895
1781099246139959800,9.579959716796875,0.5211749144136906,-0.7146797169506549,-0.5822453230567276
1781099246165034800,9.60503466796875,0.31304712776243687,-0.7565414211243391,-0.4225419600956142
1781099246190109700,9.630109619140624,0.5060696997404098,-0.8990408435672521,-0.6576780190512538
1781099246215185700,9.655185546875,0.924824688643217,-1.0462526814848183,-1.9281003981888294
1781099246240260600,9.680260498046875,1.002916228583455,-1.204536533036828,-1.9515657371893524
1781099246265336800,9.7053369140625,0.6665566142946482,-1.125057338130474,-1.3821809186190366
1781099246290411800,9.730411865234375,0.658100920638442,-1.0079285037875174,-1.476071354585141
1781099246315486700,9.75548681640625,0.8147299907207488,-0.9173813868999481,-2.2942336578421294
1781099246340563000,9.78056298828125,0.6597972031623125,-0.9642547817558049,-1.947678812753409
1781099246365638000,9.805637939453124,0.5765753145962953,-0.9659177465319633,-1.1707415232017635
1781099246390712800,9.830712890625,0.8454986384719609,-1.0116378796994685,-0.904709682983905
1781099246415788500,9.85578857421875,0.8865151239931582,-0.7750047140538692,-1.5001063101671634
1781099246440863500,9.880863525390625,0.980071944090724,-0.883369227182865,-1.5988422864682972
1781099246465939700,9.905939697265625,0.9139379684478044,-1.1602899795532227,-0.6337519306711852
1781099246491014700,9.9310146484375,0.7897937023848295,-1.2294757439821957,-1.1466028149843215
1781099246516089600,9.956089599609374,0.724062462323904,-1.1993068156898021,-1.5932625866398213
1781099246541165600,9.98116552734375,0.5830155767768621,-1.2667144645303487,-1.8247184957779943
1781099246566240800,10.00624072265625,0.6373802041709423,-1.4357026654481886,-1.600906087130308
1781099246591316700,10.031316650390625,0.8012468242913484,-1.3580606228411196,-1.6012806195311247
1781099246616391700,10.0563916015625,0.967678910985589,-1.3136042259991167,-1.8784364958316087
1781099246641466600,10.081466552734375,1.1954261748641728,-1.3053455162197352,-1.9260734224058687
1781099246666542800,10.10654296875,0.9298924934267997,-1.2399667428582906,-1.4097377647168934
1781099246691617800,10.13161767578125,0.5626847364097833,-1.2063222474098205,-1.2817517285339532
1781099246716693800,10.15669384765625,0.5580903943568468,-1.1991741292208433,-0.9987509255975484
1781099246741768700,10.181768798828125,0.8286170617759228,-1.0184382073640823,-1.1737407050177455
1781099246766844000,10.206843994140625,1.1952519873410463,-1.025514429360628,-1.5594199382707477
1781099246791919600,10.231919677734375,1.205758183786273,-1.1764268753618001,-1.5561054068952798
1781099246816994600,10.25699462890625,0.9009042993515729,-1.093143027475476,-1.4253846850514411
1781099246842070800,10.28207080078125,0.9620750996291637,-1.0872639063090086,-1.3666440345302224
1781099246867145700,10.307145751953126,1.703044857612252,-0.933196795669198,-1.3990785696670411
1781099246892220700,10.332220703125,1.6157786620914936,-0.3847895909368992,-1.4131237538933754
1781099246917296600,10.357296630859375,1.662196129873395,-0.014493804776668548,-1.93244456487298
1781099246942371600,10.38237158203125,1.6914245624452828,-0.18619594082832336,-2.286819728323817
1781099246967445800,10.40744580078125,2.455532034909725,-1.0619897643208502,-3.258555513484776
1781099246992522000,10.43252197265625,2.1190771435528992,-1.4358353519171476,-3.7325121651276945
1781099247017597000,10.457596923828126,1.3862784170657396,-2.014928202292323,-4.27424033048749
1781099247042673000,10.4826728515625,0.07302022802531719,-2.390391161957383,-3.28016294965893
1781099247067748000,10.507748046875,-1.1195996572464704,-2.5564932860448955,-2.576833771023154
1781099247092823000,10.532822998046875,-0.8823919065833091,-2.5432658479422328,-1.4431775313735007
1781099247117899000,10.55789892578125,-0.738659727475047,-2.8198393943101165,0.5439899728119373
1781099247142974000,10.582973876953124,-0.9700935709118842,-2.345923366938531,1.0345341866403817
1781099247168050200,10.60805029296875,-1.7529963447391985,-1.9328065300531685,0.2725625571608543
1781099247193125000,10.633125,-2.2082126400768756,-2.6317636310845614,-0.1437540986791253
1781099247218200000,10.658199951171875,-2.4008581954360007,-3.502708845502138,-0.5961591359883547
1781099247243275800,10.68327587890625,-2.0303075577318666,-3.461391038946807,-0.8123600467190146
1781099247268351000,10.70835107421875,-1.0417851806819438,-3.4264088651537894,0.1966203042089939
1781099247293427000,10.733427001953125,-0.8445207333505154,-3.168995946329832,-0.3941770124852657
1781099247318502000,10.758501953125,-0.778140089470148,-2.5690078997030854,-0.7264893972098827
1781099247343576800,10.783576904296876,-0.16105156269967555,-2.230752096404135,-1.4989838820084929
1781099247368653000,10.808653076171876,1.9858289490580558,-1.8729658093355595,-3.559427342545986
1781099247393728000,10.83372802734375,3.1141520109862086,0.17917422549799084,-3.419169561550021
1781099247418804000,10.858803955078125,0.423688353651762,-1.7546486419908702,0.47859132570624346
1781099247443879000,10.88387890625,-0.21192893249988554,-2.588745742613077,0.22294687785953282
1781099247468953900,10.908953857421874,-0.9346516706526279,-1.737421612858027,-0.7890887689858674
1781099247494030000,10.934030029296874,-0.697534520882368,-1.4336631224445997,-1.0738771859914065
1781099247519105000,10.95910498046875,0.3910580036818981,-1.6596167809046805,-1.014602282463014
1781099247544181000,10.984180908203125,0.8243558972001075,-1.3263758831582964,-1.1200383409246801
1781099247569256200,11.009256103515625,0.22236732440590856,-1.2087915601328014,-1.1325137916162609
1781099247594331100,11.0343310546875,-0.40087212620973584,-1.5692676708072424,-1.0489122560828923
1781099247619406800,11.05940673828125,-0.5495534521579742,-1.8603838295295834,-0.8247004728540778
1781099247644481800,11.084481689453124,-0.11931260812282561,-1.5905010129719972,-0.9455828145116567
1781099247669558000,11.10955810546875,0.1781207709223032,-0.9070385643228888,-0.9905556364431977
1781099247694633000,11.134633056640626,-0.23909400280117987,-0.7719999792799354,-0.6492275860920548
1781099247719708000,11.1597080078125,-0.5403893179714679,-1.277637132821977,-0.4284323333084583
1781099247744784000,11.184783935546875,-0.7737976763516664,-1.4683666254267096,-0.6289888079226017
1781099247769859000,11.209859130859375,-0.33520226094722744,-1.545648018027842,-0.4472653363332152
1781099247794935000,11.23493505859375,-0.2908586768299341,-1.1600614314943551,-0.4902399701848626
1781099247820010000,11.260010009765624,-0.409700744831562,-0.22949469206780193,-0.19844664285331964
1781099247845086000,11.2850859375,-1.010525534543395,0.26582886499166486,0.5493801414176821
1781099247870161200,11.3101611328125,-0.37680677548944946,0.7546551689863205,0.500153461433947
1781099247895236000,11.335236083984375,0.49207741474509237,1.4767308414071798,0.11742080302685498
1781099247920311800,11.360311767578125,1.7862223225146532,2.2229893534481526,0.894969648605585
1781099247945387000,11.385386962890625,0.7640542809724807,2.4123434660464524,1.0064213140949607
1781099247970463700,11.410463623046875,-0.6814765355288982,1.4774506801143288,0.681139266398549
1781099247995539000,11.4355390625,-0.5606792418062687,0.8813470737054944,-0.30932401558607814
1781099248020614000,11.46061376953125,0.6678431469738483,0.6148004158332944,0.49546501135677096
1781099248045689900,11.48568994140625,1.0031728336930275,0.44347091248631476,-0.03262216666340828
1781099248070764800,11.510764892578125,-0.29950083296895025,0.362956237052381,-0.8471952132567763
1781099248095841000,11.535841064453125,-0.6577893704712391,-0.12528963670581578,-0.3971624580368399
1781099248120916000,11.560916015625,-0.322882877600193,-0.8510188631981611,-0.7489394216880202
1781099248145991000,11.585990966796874,0.3741542151540518,-0.3207049490392208,-0.830899327494204
1781099248171067000,11.61106689453125,0.24651859984397886,0.6291817001461982,-0.18313479969203472
1781099248196141800,11.636141845703126,-0.4957675014346838,0.16840923198610544,0.32205548686534163
1781099248221217800,11.6612177734375,-1.1719956149160862,-0.14034867414981125,0.5975844926163554
1781099248246292700,11.686292724609375,-0.2973988922536373,0.41227439471185207,0.7116717673063278
1781099248271368700,11.71136865234375,1.0810399172276257,-0.24949177043586968,0.5973039221093058
1781099248296444000,11.73644384765625,0.978119056457281,-0.3930082609668374,0.07596037313044071
1781099248321518800,11.761518798828124,0.8921417317032814,-1.009926984128356,-1.264471946300566
1781099248346594800,11.7865947265625,1.2631167322993277,-1.042773314936459,-1.5954299938067793
1781099248371669800,11.811669677734375,0.5534551357716322,-1.9374846048668026,-1.4756512294769286
1781099248396746000,11.83674609375,-0.12235796716809272,-2.554679806882143,-2.9357781420856712
1781099248421821000,11.861821044921875,-2.1127374191373587,-3.584972410430014,-3.9947883060738443
1781099248446895900,11.886895751953125,-3.0311434729099274,-4.107698353677987,-2.5041467204749583
1781099248471971800,11.911971923828125,-1.3195073125630616,-2.355494182229787,-0.8112389337345958
1781099248497047000,11.937047119140624,-0.9803507610321044,-1.1034098622068762,-0.8658306478828192
1781099248522122800,11.962122802734376,2.05669170678854,-0.15583178222477434,-0.6363944080039858
1781099248547197700,11.98719775390625,1.648238331669569,-0.5279162053674459,-0.28961890590190886
1781099248572273700,12.012273681640625,0.27499825987517834,-0.7703747161656618,-0.5306771945133805
1781099248597348900,12.037348876953125,-0.9436509696662425,-1.107222113971412,0.19328765265494585
1781099248622423800,12.062423828125,-1.2991840709805489,-0.04851180971264839,0.005349544334411621
1781099248647499800,12.087499755859374,-0.3737345284372568,-0.6659235770881176,0.23059710035175085
1781099248672574700,12.11257470703125,0.9496715451300144,0.002860357867181301,-0.7475210793226957
1781099248697651000,12.13765087890625,0.2015524999141693,-0.8836690869122743,-1.3478183380290865
1781099248722726000,12.162725830078125,0.06983809085786342,-1.4950436199501156,-1.2262202493175864
1781099248747801900,12.1878017578125,0.3224444861829281,-1.1122849503189325,-1.6046803449720144
1781099248772876800,12.212876708984375,-0.5797194578409195,-1.8353136856809258,-0.7476561038792133
1781099248797952000,12.237951904296875,0.1116097786605358,-0.8266095213457941,-0.8321785536497831
1781099248823028000,12.263028076171874,-0.5568260735094547,-0.9371645302563906,-0.7302376438274979
1781099248848103000,12.28810302734375,0.45655952664017674,-0.5266778957441449,-1.015285004030168
1781099248873178600,12.3131787109375,-0.33800855053961276,-1.1791533777162433,-0.7072349539026618
1781099248898253800,12.33825390625,0.4579121102929115,-1.2703577894687652,-1.8024857673123478
1781099248923329800,12.363329833984375,0.8399977029681205,-1.4108382733047007,-0.24963848543018102
1781099248948404000,12.388404052734375,0.11728665525317192,-1.455771347747743,-0.9846753462329506
1781099248973479000,12.41347900390625,-0.5774550200402736,-1.7130349212288856,-1.0566372973769902
1781099248998555100,12.43855517578125,-0.24461072039604184,-0.9486176521629095,0.14979250206053257
1781099249023630000,12.463630126953126,0.1784253068268299,-1.0522878699958325,-1.357082717719674
1781099249048706000,12.4887060546875,1.0641513262689113,-1.0683195518642663,-1.6138561695963143
1781099249073781000,12.513781005859375,0.12548515927791595,-1.2523097993418573,-0.5636769623175263
1781099249098857200,12.538857177734375,-0.8762193554282188,-1.3304714819088577,-1.3088307279869913
1781099249123932200,12.56393212890625,-0.42671266990900036,-1.1674749226212502,-0.8606178816705942
1781099249149007000,12.589007080078124,0.15063713619112967,-0.9005556320443749,-0.07102846968621015
1781099249174083000,12.6140830078125,0.0986217022716999,-1.4910402295276521,-1.1185209220990537
1781099249199158300,12.639158203125,-0.16184475890398026,-1.5622472706511616,-1.3623489676848053
1781099249224234000,12.66423388671875,0.2713905907720327,-0.9622805590733885,-1.3263739834621548
1781099249249309200,12.68930908203125,-0.4212988281667232,-0.9858345992706715,-1.4813582089468835
1781099249274385000,12.714385009765625,-0.27606968849897384,-1.418423759997636,-0.9005719986572861
1781099249299460000,12.739460205078124,0.38320086044073104,-1.6510818845324218,-0.6262766263544559
1781099249324536000,12.7645361328125,0.3888783215552568,-1.053180142660439,-0.6385530473425984
1781099249349611000,12.789611083984376,0.09976268900036811,-1.5381994555875658,-1.6432874312639236
1781099249374686000,12.81468603515625,0.0832592979669571,-1.0398452986605464,-1.635886215096712
1781099249399762200,12.83976220703125,-0.2766805138736963,-0.8138304115325212,-0.7370207280963659
1781099249424837000,12.864837158203125,-0.6736369279444218,-1.0848914780892431,0.059418111391365526
1781099249449913000,12.8899130859375,0.13945873957276345,-0.8651286370933056,-0.9523173834636807
1781099249474988000,12.914988037109374,0.12452362076938152,-1.21204880836308,-0.9683411742866038
1781099249500064300,12.940064208984374,0.10805530104935168,-1.3092135898247361,-0.701766459363699
1781099249525139200,12.96513916015625,-1.012556748110056,-1.6964480896957217,-0.881674113702774
1781099249550214100,12.990214111328125,-0.3602396715700626,-1.4236679442614315,-1.5038096947297452
1781099249575290000,13.0152900390625,0.616615648561716,-0.6306228388652205,-0.8389315350413322
1781099249600365000,13.040364990234375,0.5780845501154661,-0.7141311431571841,-1.0231903703272343
1781099249625441000,13.06544091796875,-0.5531622903048992,-1.5931351608678697,-0.5810708724498749
1781099249650516000,13.090515869140624,-0.38494741184711456,-0.6662190529033541,-0.8782713195219636
1781099249675592200,13.11559228515625,-0.05709609818458557,-0.6380649715647101,-1.2332049936383962
1781099249700667100,13.140667236328126,0.4710848955988884,-0.8272425585523248,-0.25066987430453297
1781099249725743000,13.1657431640625,-0.28592122042775153,-0.7965707953043282,-0.5024304664552212
1781099249750818000,13.190818115234375,-0.44193595800399776,-0.8347444586150348,-0.34686581073403355
1781099249775893000,13.21589306640625,-0.10799451077282428,-1.3148770224139095,-0.9603297172665596
1781099249800969200,13.24096923828125,-0.02134557036757469,-1.2417102255247532,-1.772125115840137
1781099249826044200,13.266044189453124,0.015512041908502578,-1.423023801138997,-1.886449706417322
1781099249851119900,13.291119873046876,-0.4320797499001026,-1.2204229612156747,-1.1640560540884732
1781099249876195000,13.316195068359375,0.15477321308255196,-0.8013450239688158,-0.614970803964138
1781099249901271000,13.34127099609375,0.43828971045613285,-0.6530829463459551,-0.6411322501808404
1781099249926346000,13.366345947265625,0.4304313981711864,-1.1082726459376513,-0.8076637055963277
1781099249951422500,13.39142236328125,0.21892215238809584,-0.4769064413592219,-0.9720537650689483
1781099249976497400,13.416497314453125,-0.44624622241854667,-0.8394812778785824,-0.8520990596503019
1781099250001572600,13.441572509765624,-0.36204233707785605,-0.9401935226887465,-0.513356057356298
1781099250026648600,13.466648681640624,-0.44430210261344905,-1.3604720678970217,-0.41033407429903745
1781099250051723500,13.4917236328125,-0.5183721319526433,-1.2347107220262288,-0.6596732845216989
1781099250076799500,13.516799560546875,-0.27182605957984923,-0.9842626737788319,-0.4174284164741635
1781099250101874700,13.541874755859375,-0.005724807387590408,-0.908552476017177,-0.5028881470948457
1781099250126950400,13.566950439453125,-0.26110709716677666,-1.5601213645383716,-1.0141375875607133
1781099250152025300,13.592025390625,-0.5962532440125942,-1.1650500335618852,-1.0013727985337375
1781099250177101600,13.6171015625,-0.7283809100449085,-0.6369745459794998,-0.30279461381733414
1781099250202176500,13.642176513671876,-0.2934311576664448,-0.5642419027239084,-0.38641660761684177
1781099250227251500,13.66725146484375,0.1298047760426998,-0.29479864662736655,0.09952011241614818
1781099250252327400,13.692327392578125,0.31116321371197697,-0.1872825670212507,-0.4627519515395164
1781099250277402400,13.71740234375,-0.851289496833086,-0.23996873980909583,0.1311912619650364
1781099250302478600,13.742478515625,-0.766478293249011,0.05982756897509098,0.44108255604505536
1781099250327553500,13.767553466796874,-0.34785131464004515,0.4305377811551094,0.21667261989563702
1781099250352629500,13.79262939453125,0.3371498878836632,0.813907276161015,0.29336832156330345
1781099250377704400,13.817704345703126,0.969293944966793,1.4983113895744085,0.2153255892008543
1781099250402780400,13.842780517578126,0.558144170370698,1.4792173975259064,-0.12360387557595967
1781099250427855600,13.867855712890625,-0.06207797825038433,1.3069301550626753,0.0904369345113635
1781099250452931300,13.892931396484375,-0.4416472041904926,1.5684683371230959,0.5033151403352618
1781099250478006500,13.918006591796875,-0.4997568633317947,0.5478966248616576,-0.1045470006674528
1781099250503081500,13.94308154296875,-0.19731062456071374,0.48637891084253787,-0.31480303151905537
1781099250528157400,13.968157470703124,0.6937550023436546,0.06050386080145836,0.39903263582289217
1781099250553232400,13.993232421875,0.612386048167944,0.34733138241916894,0.05626490805745125
1781099250578308600,14.01830859375,-0.010915361768007278,0.46947541457563635,0.018458909015357492
1781099250603383600,14.043383544921875,-0.5066635739803313,0.3770297705903649,0.44666561687439676
1781099250628459500,14.06845947265625,-0.6866191591143608,-0.159739603318274,0.4773647065207362
1781099250653534500,14.093534423828125,0.28777883099317547,0.16964140412956474,0.04699205279946327
1781099250678610700,14.118610595703124,0.8338134613752365,0.6398582847222686,-0.31551468691974877
1781099250703685600,14.143685546875,0.20202187099158764,0.5250622772410511,1.0070856232225895
1781099250728761300,14.16876123046875,-0.5440823272705078,-0.10098287844508885,0.7632315664127468
1781099250753836300,14.193836181640625,-0.4349298786342144,-0.3427820485517382,0.1601715649947524
1781099250778912500,14.21891259765625,0.5858639519453048,-0.39363574521541594,0.758712335422635
1781099250803987500,14.243987548828125,1.355462423041463,-0.331881592091918,0.24164018015265462
1781099250829062400,14.2690625,0.8019827373504638,-0.798740978950262,-1.8541849748894572
1781099250854138600,14.294138671875,-0.3683943364530802,-1.5864488149717448,-1.8034154493778942
1781099250879213600,14.319213623046876,-1.42926591039896,-1.7679264951065181,-0.12628390844017268
1781099250904289500,14.34428955078125,-1.8496809414684772,-1.1319304387703537,0.20335925707519054
1781099250929364500,14.369364501953125,-0.22880641754269598,-0.5672957373365759,0.617950988818705
1781099250954440400,14.3944404296875,0.7974643831431866,-0.06568915448486805,1.1335998332872985
1781099250979515600,14.419515625,1.6639409277141093,-0.4173629500225186,-0.7483008315235375
1781099251004591400,14.44459130859375,0.66614277279675,-0.557043515652418,-1.1920561139091848
1781099251029666300,14.469666259765624,-0.5081570274084806,-0.6153726627632975,0.21057138041108844
1781099251054742500,14.494742431640624,-0.7280348730862141,-0.29841975973397494,-0.38414953946769237
1781099251079817500,14.5198173828125,0.2688432443767786,-0.12929331938922403,0.5778975031107664
1781099251104893400,14.5448935546875,1.2513508911818265,-0.37938568606674666,1.090110820172727
1781099251129968400,14.569968505859375,-0.013731588232517241,-1.4389754035085438,-0.47820349543243645
1781099251155043300,14.595043212890625,-0.21733751354515551,-1.2299480376690626,-0.6103636024296283
1781099251180119600,14.62011962890625,0.49174599083364007,-0.9065811759442091,-0.5219651880085467
1781099251205194500,14.645194580078124,0.6363853479146957,-0.7937345489650964,-1.4408710079967975
1781099251230270500,14.6702705078125,0.6051935063153505,-1.7619488820016382,-0.189570385697484
1781099251255345400,14.695345458984375,1.1519745711505411,-0.946468072913587,-0.3833493290007114
1781099251280421400,14.72042138671875,0.015606734454631805,-0.36258185078203675,0.6878545461282134
1781099251305496600,14.74549658203125,-0.2578852125108242,-1.1184759139135478,0.6586021481588482
1781099251330572300,14.770572265625,-0.45680619487762447,-1.8332134985312818,-0.1614811862885952
1781099251355647500,14.7956474609375,0.506507506635785,-0.8786965591967105,1.0467945332765578
1781099251380723500,14.820723388671874,0.5223012880951166,-0.39397476791143415,0.4617804761588573
1781099251405798400,14.84579833984375,0.3584183013617992,-0.873229233701527,-0.43812399850040673
1781099251430874400,14.870874267578126,0.20899930878877637,-1.3606962320417164,-0.41506256412565706
1781099251455949600,14.895949462890625,0.14011515765488147,-0.4724702124774456,0.1836249212965369
1781099251481025500,14.921025634765625,0.31333120540082454,-0.9245917566701769,-0.5720712811753154
1781099251506100500,14.9461005859375,0.6854056916713714,-1.3253271047577262,-0.20773469568043945
1781099251531176400,14.971176513671875,-0.2038186912804842,-1.5533639992326498,-0.15308599064797163
1781099251556251600,14.996251708984374,-0.07173311082422733,-0.9746481654763222,-0.00956628524661064
1781099251581326600,15.02132666015625,1.555067880541086,-0.25361820271611213,-0.7506479791715741
1781099251606402300,15.04640234375,0.8699585414677857,-1.6984338566854595,-0.8080933291852473
1781099251631477200,15.071477294921875,0.5870557920783758,-1.0571753497764467,0.49452743824571366
1781099251656553500,15.096553466796875,-0.5078986687332392,-0.20529197870343924,-0.561432106000185
1781099251681628400,15.12162841796875,-0.08638941268622875,-1.268420391665399,-0.08081190481483935
1781099251706704400,15.146704345703125,0.3108142541438341,-1.97002464620471,0.27813743468374014
1781099251731779600,15.171779541015624,2.3773639226019383,-0.13564210389405487,-1.9462255452051758
1781099251756855600,15.19685546875,0.4466057033807039,-0.15457476790100336,0.41639439725130795
1781099251781930500,15.221930419921875,-0.6803437321066856,-1.9236483872160315,-0.22685586799681184
1781099251807006500,15.24700634765625,-0.9503221179932355,-2.305406647633016,-0.8203928387880325
1781099251832081700,15.27208154296875,1.8567156624108552,-0.737291069470346,0.3920882235124707
1781099251857157400,15.297157470703125,1.3673065900921821,-0.28631051200628277,0.1965048611357808
1781099251882232300,15.322232421875,-0.27786358617842194,-1.2823442875996232,-0.4797673837482929
1781099251907308500,15.34730859375,-0.02051554928421974,-1.111539977170527,0.7224784080028533
1781099251932383500,15.372383544921876,-0.20456863286495208,-1.070147936335206,0.19855331809818744
1781099251957459700,15.397459716796876,-0.1356388890236616,-1.3369360017478464,0.9296876185044646
1781099251982534700,15.42253466796875,0.45167993790507316,-1.013772553640604,1.1562483029469848
1781099252007610600,15.447610595703125,0.31408874576985835,-0.6621078181922435,0.18629121789634226
1781099252032685600,15.472685546875,0.7920037796497345,-1.1682403540357946,-0.25166823769211766
1781099252057761800,15.49776171875,0.7300748544812202,-1.0550503204464912,-0.4260249799057841
1781099252082836700,15.522836669921874,0.8442652972847223,-0.5811287401169538,0.2703048413619399
1781099252107912400,15.547912353515626,0.5689455503702163,-0.4212444676309824,0.5247153634995222
1781099252132987600,15.572987548828126,0.28251404233276844,-1.6541344039708374,-0.3019911884799599
1781099252158062600,15.5980625,0.7443021172761917,-1.1078910992741584,-0.1690524983257055
1781099252183138600,15.623138671875,1.5135966369897127,-0.24063626380711792,0.579350916789472
1781099252208213500,15.648213623046875,1.3042185580164194,-1.2913836263626812,-0.03485357897728681
1781099252233289700,15.673289794921875,0.40333354788720605,-1.9186586161047219,0.23430881435126064
1781099252258364700,15.69836474609375,0.8263760048508644,-0.6066694240868091,0.28748569326549767
1781099252283440600,15.723440673828126,-0.16407470991313455,-1.2315820686116814,0.405489556877315
1781099252308515600,15.748515625,0.6233049170672893,-1.9812676324918865,0.6359571856305003
1781099252333591800,15.773591796875,1.8885282662570475,0.4425108352825045,-0.5336179241403937
1781099252358666800,15.798666748046875,0.9628174424290656,-0.48887335800677534,1.4602484931617974
1781099252383742500,15.823742431640625,-1.0362468357771635,-2.21584152752012,0.6566138969510793
1781099252408817400,15.8488173828125,-1.0448486599057911,-1.8621768504261969,0.4560317033737898
1781099252433893600,15.8738935546875,2.0470073481202125,0.34018618683964014,0.6811737531900406
1781099252458968600,15.898968505859376,1.6950544433802366,-0.3842608908876776,0.1350596278309822
1781099252484044500,15.92404443359375,0.8482014676898717,-1.3734285801038144,0.054688452520966525
1781099252509119500,15.949119384765625,0.3533282847464084,-0.8522817227408289,0.7462158419430256
1781099252534195700,15.97419580078125,0.48559039081335065,-0.7162769230142235,0.6510024868100881
1781099252559270700,15.999270751953125,0.8500053022414445,-0.9106038555890321,0.6412316189020871
1781099252584346600,16.0243466796875,1.8485995759725569,-1.1191051517277955,0.7388228090822696
1781099252609421800,16.049421875,1.00158293415308,-1.320301093289256,-0.24224925196170805
1781099252634497500,16.07449755859375,0.04636661437749862,-1.1998662031382321,-0.21219547448158263
1781099252659572500,16.099572509765625,0.5943932953596115,-1.060559731517732,0.6174298875540495
1781099252684648400,16.1246484375,2.261534480419755,-0.8929279136449098,0.6415905153423548
1781099252709723600,16.1497236328125,1.697511773404479,-1.3047630401566623,0.20381752223670482
1781099252734799600,16.174799560546877,0.28851708213984967,-1.280082187886536,0.9130325440406799
1781099252759874600,16.19987451171875,-0.18273323315382003,-1.031764429666102,0.9626298109024762
1781099252784950800,16.22495068359375,0.20107611457407473,-1.428355809816718,0.9680547585606575
1781099252810025700,16.250025634765624,1.1263163982808588,-1.010545992809534,0.6208125157296657
1781099252835101700,16.275101806640624,1.2073089203596115,-0.4908125093758106,-0.1011444987475872
1781099252860176600,16.3001767578125,1.1820230879336595,-0.8462699151054024,0.8764870664536952
1781099252885252600,16.325252685546875,0.554300354424119,-0.5524757693454623,0.23918694178164004
1781099252910327600,16.35032763671875,-0.5008183550834655,-1.626589102180302,1.5450789859682321
1781099252935403500,16.375403564453126,0.2693903568655252,-1.5233283419311046,1.001136943951249
1781099252960478200,16.400478271484374,0.9050140727579593,-0.3350470703855157,0.09438742570281028
1781099252985554200,16.42555419921875,2.6214474042534825,-0.32610183964669703,0.48377428130209443
1781099253010629000,16.450629150390625,1.004542368480563,-1.0889759709239006,-0.735341981229186
1781099253035705300,16.475705322265625,-0.6647960343629121,-1.4728648136287927,1.4686948344677686
1781099253060780300,16.5007802734375,0.10087678772211074,-0.5466311349704861,1.363686646029353
1781099253085856300,16.525856201171877,1.505820742291212,-0.5244570048242807,0.35308337007462975
1781099253110931200,16.55093115234375,2.4686276633262634,-1.0050696072250604,0.15011866527497766
1781099253136006100,16.576006103515624,0.7775742722809315,-0.5557727650642394,1.02828973929286
1781099253161082400,16.601082275390624,0.023497195443511008,-1.2977142906889318,1.3719202213674784
1781099253186157300,16.6261572265625,0.7909095546722411,-1.4381822073042392,0.11848726321458816
1781099253211233000,16.65123291015625,1.0743132393211126,-1.2304960269406438,0.5143389309138059
1781099253236308200,16.67630810546875,1.4282844981461762,-1.1282079111158847,0.41568040376305576
1781099253261384200,16.70138427734375,0.8963421060025691,-0.8847323322296142,-0.014207389050722122
1781099253286459100,16.726459228515626,0.6007260055124759,-0.7259206574112177,0.24824878463745115
1781099253311535000,16.75153515625,0.3077835081458092,-0.919761267773807,1.3039409101188182
1781099253336610300,16.7766103515625,1.322520522904396,-0.7038111169338226,1.1998100890368222
1781099253361686300,16.801686279296874,0.5752770914793014,-0.9799237677916884,0.7814736178070306
1781099253386761200,16.82676123046875,1.562750251737237,-0.6034279579475522,1.002591818934679
1781099253411837200,16.851837158203125,-0.5359224016904831,-1.4355571194976566,0.032926702567934986
1781099253436912400,16.876912353515625,0.858764362758398,-1.1738298446059225,1.3509008142143488
1781099253461988000,16.901988037109376,0.7941168262809515,-0.21222586961984632,-0.9106763363033532
1781099253487063300,16.927063232421876,1.9209072718143463,-1.3536927830204366,0.6481266391128301
1781099253512139300,16.95213916015625,1.3787795857429503,-0.8790189230188726,-1.213052432447672
1781099253537214200,16.977214111328124,0.22074936781525611,-1.6585004902258513,1.7199392937898634
1781099253562290200,17.002290283203124,1.0046668716430665,-1.1606301712930203,1.1060346577525138
1781099253587365000,17.027365234375,1.2119564539045096,-1.0496361864432693,-0.2854617862224579
1781099253612441300,17.05244140625,1.5349743560612201,-1.0746671673253179,1.1310264756679533
1781099253637516300,17.077516357421874,0.0279068285793066,-0.9834557413101196,0.48588148271441456
1781099253662592300,17.10259228515625,0.014164134430885314,-0.6316843306168913,1.1194102721542118
1781099253687667200,17.127667236328126,1.2451193033158778,-0.8714294908031821,-0.12230477567613124
1781099253712743200,17.1527431640625,0.8699269772857428,-0.7218930093303323,-0.07514730318188667
1781099253737818400,17.177818359375,1.2064005733430385,-0.27229806100577114,1.5283400326132774
1781099253762894000,17.20289404296875,0.031659459111094475,0.04929799165427685,1.2543553336948157
1781099253787969000,17.227968994140625,0.1863245356440544,-0.3783265324026346,0.6404477750480174
1781099253813045200,17.253045166015625,1.0639508352607487,0.5941147706791758,2.306613393074274
1781099253838120200,17.2781201171875,1.2452362076938153,0.5962362928777932,2.667258722835779
1781099253863196200,17.303196044921876,0.18619535630643366,0.5062845115348696,1.3669932863593102
1781099253888271000,17.32827099609375,0.7075643319875001,0.9345128467038273,1.9793144525974988
1781099253913347300,17.353347412109375,1.199383388057351,0.9987924266517162,1.772646801626682
1781099253938422300,17.37842236328125,0.7692325603932142,0.1268830433771014,1.053968954950571
1781099253963498000,17.403498046875,0.32057226257026195,0.11925211010724306,1.05887601621449
1781099253988573000,17.428572998046874,0.3412181602358818,0.6645443976894021,1.5223013369709253
1781099254013649000,17.45364892578125,0.23916356090605256,0.7341545250102878,1.3923051300093532
1781099254038723800,17.478723876953126,1.505270707193017,-0.3820873462408781,0.730201987992227
1781099254063799800,17.5037998046875,0.5992962649703025,-0.8623951204761863,1.1718488999217749
1781099254088874800,17.528874755859373,1.4642711728066204,0.42546559245735405,1.7479536743968724
1781099254113951000,17.553950927734373,1.1397346827805042,0.3238286340177059,0.7817027503877878
1781099254139026000,17.57902587890625,2.2343203102797267,0.21543869418650866,0.8886223254054785
1781099254164102000,17.604101806640625,0.8126140214800834,1.2306868733376264,2.0255764375567433
1781099254189176800,17.6291767578125,-0.14605506909787655,-0.5751224854394793,2.242391973054409
1781099254214253000,17.654253173828124,-0.5619459007412195,0.019732874473929404,1.0767647241264582
1781099254239328800,17.679328857421876,1.6487030265718698,0.437966762112081,2.017427033370733
1781099254264403700,17.70440380859375,2.406867080461979,1.0945268830493091,1.1265788486093282
1781099254289480000,17.72947998046875,0.2408873159587383,-0.38856180295199155,0.0245475812792778
1781099254314555000,17.754554931640627,-0.6753647746503353,-0.01951163293868303,2.5653151826649903
1781099254339630800,17.779630859375,-0.4039011186420917,0.9521952183887362,0.9511462938576937
1781099254364705800,17.804705810546874,1.850128685235977,0.8400687223777175,1.7582599643558263
1781099254389782000,17.829781982421874,1.4787123706132173,0.4942176416441798,2.201478947907686
1781099254414857000,17.85485693359375,-0.21427052718997,-0.7286310854136944,3.169181824290752
1781099254439933000,17.879932861328125,-0.7351713008373976,-0.87341949557662,1.2992811016142367
1781099254465007900,17.9050078125,2.27939220867157,-0.07199994506686926,0.41011049467623234
1781099254490083800,17.930083740234377,5.1648739957153795,0.12029460489749907,-0.4132862021028995
1781099254515158800,17.95515869140625,1.6936720491111277,-0.0283469735622406,-1.440803203457594
1781099254540234800,17.98023486328125,-3.2033962285816666,-2.5261346803992986,1.3116186051398515
1781099254565309700,18.005309814453124,-2.1370254726976157,-2.6291145778805016,1.2889157749444247
1781099254590386000,18.030385986328124,2.0084628056705,-0.15575900924950836,0.3687532328933477
1781099254615460900,18.0554609375,4.248310939460993,0.15478461125940082,-0.3410661845445633
1781099254640536800,18.080536865234375,1.9539140538811683,0.9341878525331616,1.9379571908146143
1781099254665612000,18.105612060546875,-0.48610944625139235,-0.2538487966015935,2.1365537635326386
1781099254690688000,18.13068798828125,-0.5903185932666063,-1.2182099613413213,0.2431792262881994
1781099254715763000,18.155762939453126,-0.3909843539237976,0.979254782488942,2.2184400195807217
1781099254740838700,18.180838623046874,1.6280588824719189,-0.20520722302943467,2.939219222450256
1781099254765913900,18.205913818359374,1.674913572627306,-0.6759779381126165,-0.5441308425873518
1781099254790989800,18.23098974609375,2.2802748367249963,0.05345744942128658,1.7161539300322532
1781099254816064800,18.256064697265625,1.0093266801476477,-0.3515437394171953,1.6669874558031559
1781099254841141000,18.28114111328125,-0.8873299475073814,-0.46652913199067114,-0.5282318471878766
1781099254866216000,18.3062158203125,0.5349322216093539,-0.9646198156759143,1.3247726857453583
1781099254891292000,18.3312919921875,1.3449685015559196,0.36031010645776984,0.5021668470829725
1781099254916366800,18.356366943359376,1.033819316369295,-0.4548553530707955,1.103892969548702
1781099254941443000,18.381443115234376,0.2719675138771534,-0.719524818894267,1.4690660058677196
1781099254966518300,18.406518310546875,-0.4508756357848644,-1.0124094485938548,1.9045108482867479
1781099254991594000,18.431593994140623,2.1101497407317162,-0.9569111409947275,0.3251028917372227
1781099255016669000,18.4566689453125,1.9158856442600487,-0.31694910363703965,0.4400070357680321
1781099255041745200,18.4817451171875,1.1657377235651016,0.08219839073717594,1.1418167497515679
1781099255066820000,18.506820068359374,0.33258009575009345,-0.20423107147365807,-0.11647358530461788
1781099255091896000,18.53189599609375,0.4098147266000509,-0.5303022237211465,0.5943219836890697
1781099255116972000,18.556971923828126,-0.4298515524566173,-0.4940025375887751,2.619721311113238
1781099255142047200,18.582047119140626,0.8266700193613767,0.30192426072359085,1.9496376917362213
1781099255167123200,18.607123291015625,2.222474974185228,-0.16110212384313344,0.23244272821843623
1781099255192198100,18.6321982421875,2.473513097280264,-0.07895984720736741,1.1673469123274087
1781099255217274000,18.657274169921877,0.13194587972462177,-0.34342794523984194,2.473597268432379
1781099255242349000,18.68234912109375,-0.45112990280687804,-0.9496224452912807,1.101235733038187
1781099255267425000,18.707425048828124,0.6894540902793407,-0.6209513396784663,0.20401976681053638
1781099255292500000,18.7325,2.2120172930568454,0.15795885738134383,1.9087077154546974
1781099255317576200,18.757576171875,1.9449182619988916,0.27733313256353137,1.5658587391465901
1781099255342651100,18.782651123046875,0.9122562989711761,-0.921251214070618,1.251376025623083
1781099255367727000,18.80772705078125,1.1769149511396884,-0.634305326770246,0.9231588012576103
1781099255392802000,18.832802001953127,0.6840466782778502,-0.9738783501476049,2.2315175278186796
1781099255417878300,18.857878173828126,1.130949318778515,-0.984044354853034,1.3421417536973952
1781099255442953200,18.882953125,1.3738766161322593,-0.12827654356211424,1.5236603503644466
1781099255468029000,18.90802880859375,2.2151462387323377,1.1452855949059129,0.7599626277446746
1781099255493103900,18.933103759765626,1.3014070077270268,-1.0210679713457822,1.0403139390856027
1781099255518180000,18.95818017578125,0.5724696328431368,-1.1204156498044728,0.6636743368566036
1781099255543255000,18.983255126953125,0.021967501658201216,-1.223565058633685,2.5721593494713306
1781099255568331000,19.0083310546875,1.513040172150731,0.468888554598391,1.3266811497151851
1781099255593406200,19.03340625,3.0529128216475248,0.4153223841056227,-0.03631166883111
1781099255618482200,19.058482177734376,1.8039403500348328,-0.548929182779789,1.4237813415080307
1781099255643558100,19.08355810546875,-0.9147598062247038,-0.6703937082394957,1.1293073967903853
1781099255668633000,19.108633056640624,-0.5149754752516746,-1.2751429779186845,1.8585949002861974
1781099255693709000,19.133708984375,1.4903145456016063,0.21446604976207018,0.7628571801424026
1781099255718784000,19.158783935546875,2.2768150516599417,0.2560845928296447,1.7199392937898634
1781099255743860000,19.18385986328125,2.093682005533576,0.020201076507568357,0.534216182294488
1781099255768935200,19.20893505859375,0.24079671506583689,-0.41253830634504557,1.4866250434339046
1781099255794011100,19.23401123046875,-0.5943114622950554,-1.240197336743772,2.424589784157276
1781099255819086000,19.259086181640626,0.34109190350770946,-0.2017225957840681,1.3774474603563547
1781099255844162000,19.284162109375,2.622485515129566,0.2617185070633888,1.1647340994805098
1781099255869237200,19.3092373046875,2.0501964995503426,-1.2865201119795442,0.6044307052493095
1781099255894313200,19.334313232421874,-0.05307458758354187,-0.5793316275671124,1.7185908017903566
1781099255919388200,19.35938818359375,0.6865712283194064,0.40444676982611416,1.0344523535758257
1781099255944464000,19.3844638671875,1.7104057417690752,-0.24732056387662887,-0.6819646113067865
1781099255969539000,19.4095390625,0.41274493483304975,-1.0367708596512675,1.5836282045930623
1781099255994615000,19.434614990234376,0.003095627927780151,-1.1020210381969808,3.4029186839729544
1781099256019690000,19.45968994140625,0.33654549224972724,0.32527035725861786,1.4523177001625298
1781099256044766200,19.48476611328125,2.6964041532993317,-0.14287936167120932,0.08487667003571987
1781099256069841200,19.509841064453123,1.9163538462936878,0.18860212518721817,1.388466867020726
1781099256094917000,19.534917236328123,-0.8377391103863716,-0.7210220717146992,3.4238346307516094
1781099256119993000,19.5599931640625,0.13176701602637766,-0.9291215090543031,1.5255127002328632
1781099256145068300,19.585068359375,1.0640174707561731,-0.08171732922196388,1.6536621102839708
1781099256170144000,19.61014404296875,3.07903159776628,1.3931079708248375,2.206390100824833
1781099256195219000,19.635218994140626,0.754689655777812,-0.690982907281816,-0.13846446783840655
1781099256220295200,19.660295166015626,0.47863574936985964,-1.4588929868996143,0.17854630285799503
1781099256245370000,19.6853701171875,0.49151627373099327,0.503779250715673,2.5851246295064687
1781099256270446000,19.710446044921873,1.965029906657338,0.11142623878717421,1.51166186953485
1781099256295521000,19.73552099609375,1.943071172827482,-0.139108903221786,-0.4154699758827686
1781099256320597200,19.76059716796875,0.5500327601075172,-0.9525044304683804,2.830111781999469
1781099256345672200,19.785672119140624,-0.17921324233412742,-0.8141261796087026,0.860299317240715
1781099256370748200,19.810748046875,0.4637994147658348,0.7530144160419702,0.9653671269118785
1781099256395823000,19.835822998046876,3.5273370908021926,0.8094953049376606,1.658723485326767
1781099256420899000,19.860899169921876,1.491777019369602,-0.056528527429699896,2.0182395187973974
1781099256445974000,19.88597412109375,-0.45789399011433124,-1.1139464537903665,1.7427146046996116
1781099256471050000,19.911050048828123,-0.8068886295706034,-2.0118366660177704,1.885026980137825
1781099256496125000,19.936125,0.9078431587040424,0.8174123616725206,1.773635812664032
1781099256521201200,19.961201171875,2.9395734427154063,1.2871978651106357,1.2357751363873481
1781099256546277000,19.986277099609374,1.2669511958956718,-0.7713324552819132,-0.7670341735661029
1781099256571352000,20.01135205078125,-0.5817202762693167,-0.19950345842987297,2.3569003957659005
1781099256596428000,20.036427978515626,0.2669184137940407,-0.2986155745670199,2.3558991097688673
1781099256621503200,20.061503173828125,1.9453882175981998,-0.36028935593068595,0.06718786861002445
1781099256646579000,20.086578857421873,3.778675658148527,0.8675847980737685,2.050399328646064
1781099256671654000,20.11165380859375,1.8993395831286906,0.0527332267999649,2.442235330963135
1781099256696730000,20.136730224609376,-0.39418519579172134,-0.9819579039677977,-0.3687888887286186
1781099256721805000,20.16180517578125,-0.08697159648835659,-1.1781909624248743,1.2019307344526051
1781099256746881000,20.186881103515624,1.9158751228660345,0.26096739643514155,1.7879150979071854
1781099256771956000,20.2119560546875,2.6319687982678412,0.9325412543699145,0.27926760775744913
1781099256797032200,20.2370322265625,1.9320470899879931,-0.5312067713454366,1.0004647437781096
1781099256822107100,20.262107177734375,-0.4158060759693384,-1.2630009969651699,2.0035598360598086
1781099256847183000,20.28718310546875,-1.3014783193975685,-1.3995520323976873,2.8591502449572084
1781099256872258300,20.31225830078125,0.8755050696790218,0.1966857706606388,1.7160709279239177
1781099256897334000,20.337333984375,1.8902116892993448,0.3817945007741451,1.0179086305320262
1781099256922410000,20.362409912109374,1.7969266718804835,-0.1457780057221651,1.4293682017296552
1781099256947485000,20.38748486328125,-0.09365911142826079,-0.7016045468002557,1.9006845679968594
1781099256972561400,20.4125615234375,0.0741921944141388,-1.0947609840661288,0.8943062162607908
1781099256997636400,20.43763623046875,0.32685178123116493,-0.1770008269816637,1.789962093564868
1781099257022712300,20.46271240234375,1.140238540649414,0.5159703315079212,1.6439800897032022
1781099257047787500,20.48778759765625,2.099832929378748,1.1466586368247866,1.2123165193885563
1781099257072863200,20.51286328125,1.1005664554744958,0.681010671582818,1.3021218779981136
1781099257097938200,20.537938232421876,-0.25642741491794585,-0.6034843643099069,2.9175860673129557
1781099257123014400,20.563014404296876,0.3244166630387306,0.5120175022289156,2.4027666594058275
1781099257148089300,20.58808935546875,3.103231973043084,0.8554515849485993,1.4407891749322415
1781099257173165300,20.613165283203124,3.098274642896652,0.40619595158100125,0.18446458699107168
1781099257198240300,20.638240234375,-0.08869944319427013,0.06554916149228811,1.43782623347342
1781099257223316500,20.66331640625,0.303190335136652,0.24246640184372661,1.4342723403841255
1781099257248392400,20.688392333984375,1.551002530798316,0.4338289316549897,-0.021250877821445465
1781099257273467400,20.71346728515625,2.3338912761002777,0.21044629272669552,1.141319906145334
1781099257298543400,20.73854345703125,0.849107476618886,0.23681845908463,2.0359271511793136
1781099257323618300,20.763618408203126,0.17107845119535922,-0.9686462947130202,1.8928157343178986
1781099257348694300,20.7886943359375,0.05691957257390022,-0.2147241161763668,1.3385229786783457
1781099257373769200,20.813769287109373,0.41195232315063474,0.34477614497840403,2.2674340598523615
1781099257398845400,20.838845458984373,0.8613233995914459,1.5592404900506138,1.7877829959601164
1781099257423920400,20.86392041015625,0.9515022676885128,1.2897706382080911,2.0829829168647525
1781099257448996400,20.888996337890624,0.2610322783648968,0.10432020617425442,2.1319600060015915
1781099257474071300,20.9140712890625,0.5908510927081108,0.7698822564736009,3.201215377411246
1781099257499147500,20.9391474609375,1.339385732987523,0.13637100269049404,2.2026778023034335
1781099257524222500,20.964222412109375,1.3993348825156688,0.12604746933579444,0.5803986722767353
1781099257549298200,20.989298095703123,1.80340492798388,0.6575885872021318,1.3747586596637964
1781099257574374400,21.01437451171875,0.5526192694693803,0.909511091916263,1.3836077365517616
1781099257599449300,21.039449462890627,0.759014533239603,0.004963759887218475,0.7497866861671209
1781099257624525300,21.064525390625,0.5899637884795665,-0.11337824963778256,1.1705910088151692
1781099257649600300,21.089600341796874,1.693362252509594,-0.03746814538985491,1.9302613756150007
1781099257674676500,21.114676513671874,1.0584949079424142,0.22853403034210204,1.0122475360304117
1781099257699751400,21.13975146484375,1.6693576920658348,1.2362164504140614,1.8791198019206523
1781099257724827400,21.164827392578125,1.7853923014312982,0.6384814434111118,1.2313047129750252
1781099257749902300,21.18990234375,0.3339092985272407,-0.1156859420582652,1.847282648155093
1781099257774978300,21.214978271484377,0.26228841590583324,-0.04264496350586414,2.2395377526670694
1781099257800053200,21.24005322265625,0.42959786995649335,0.06914367885291577,1.0496078371316193
1781099257825129200,21.265129150390624,2.3917530979603527,0.485420002682507,0.09052256696820259
1781099257850204200,21.2902041015625,1.2193313665866852,-0.030674539726972577,1.8080512924849985
1781099257875280400,21.3152802734375,-0.03496843752861023,-0.25214783790260553,1.6601643317848442
1781099257900356400,21.3403564453125,-1.5705425130486488,-0.13713614184409378,1.831847763136029
1781099257925431300,21.365431396484375,1.0547966379463671,1.162741464358568,2.546768303105235
1781099257950507500,21.390507568359375,1.9548124640256166,0.996549031639099,1.6679302896112203
1781099257975582200,21.415582275390626,1.5819845290392636,-0.37149288699030875,1.7904086682885885
1781099258000658200,21.440658203125,-0.5766822821021079,0.4868260700881481,1.4953005173206328
1781099258025733000,21.465733154296874,0.40509763495028017,0.6165200792327523,2.1082208184957505
1781099258050809000,21.49080908203125,2.2514491397351026,1.6866250532090663,0.36074879013597966
1781099258075884000,21.515884033203125,2.543127900776267,-0.04307195674628019,1.5285229879647493
1781099258100960300,21.540960205078125,-0.3325894481003284,-0.29115882882028815,0.946361982190609
1781099258126035200,21.56603515625,-0.9174597128331661,-0.04617109180539846,1.3846446783840656
1781099258151111200,21.591111083984377,1.1855226204872131,0.5306447535485029,1.03119890473783
1781099258176187400,21.6161875,2.309196395304799,1.3416849498406052,-0.22860241940319537
1781099258201262300,21.641262451171876,1.177424654227495,-0.08835106814801692,2.0524790575295686
1781099258226338000,21.666338134765624,-0.45167876886129377,0.11495908908843994,1.4827157610356807
1781099258251413000,21.6914130859375,-0.6955255191475153,0.5867015718132257,2.4331495227098463
1781099258276489200,21.7164892578125,1.162847847342491,0.8318126429468393,2.371910917893052
1781099258301564200,21.741564208984375,1.1996236265540123,0.5544768800348043,1.1937319381669163
1781099258326640000,21.76664013671875,0.49135494568943977,0.182932847379148,2.1688877609044312
1781099258351715300,21.79171533203125,-0.3939285906821489,0.40663200491070745,1.3684540065616368
1781099258376791300,21.816791259765626,0.9115221394777298,1.0546256652936339,0.8750053034633397
1781099258401866200,21.8418662109375,0.9998457350969314,0.9308020094871521,1.6914380064487455
1781099258426942200,21.866942138671874,-0.30234628552794457,-0.2717807591333985,1.240111704286933
1781099258452018200,21.89201806640625,-0.602988105225563,-0.24943565633445977,0.666782532005012
1781099258477093000,21.917093017578125,0.3591343406766653,0.757347184549272,1.7541209648549556
1781099258502169000,21.942169189453125,1.6880080320000648,2.1607573536798355,1.3212497723162173
1781099258527244000,21.967244140625,1.8855588950574398,1.6582412547677754,0.4615165645256638
1781099258552320300,21.9923203125,-0.041184243303537364,0.2612643335551023,1.3123159397542477
1781099258577395200,22.017395263671876,-1.7270786441504955,0.5021431739464401,2.139461759933829
1781099258602471200,22.04247119140625,-0.6445873590707779,0.3035030543476343,1.8892355377435683
1781099258627546400,22.06754638671875,1.3230863400936126,0.49979105786234135,0.2188333050608635
1781099258652622300,22.092622314453124,2.0895108573287726,1.9618980383723974,0.681269907040894
1781099258677697300,22.117697265625,0.8819155212432146,1.2817787626713513,1.2195061386317014
1781099258702773000,22.14277294921875,-1.8975836793720722,-0.012378712318837642,0.2813359384641051
1781099258727849200,22.16784912109375,-0.5729039326071739,0.22341011145710943,1.524888723115623
1781099258752924200,22.192924072265626,0.8002735953450203,0.6212137900069356,1.8094398242339491
1781099258778000100,22.218000244140626,0.714828770032525,-0.0604474544391036,0.9877101838842034
1781099258803075300,22.243075439453126,-0.3613210370659828,0.25099136134386063,1.4797881831511854
1781099258828151300,22.2681513671875,0.4114484652817249,1.214210078050196,1.0638429909721017
1781099258853226200,22.293226318359373,0.7754571339964866,1.0307751263678073,0.9457134551540016
1781099258878302200,22.31830224609375,0.2270896767526865,0.6035027767494321,1.1341618510842322
1781099258903377400,22.34337744140625,-1.600730730563402,-0.0593625818118453,2.1340730526328087
1781099258928453000,22.368453125,-1.2240624867618084,-0.18013094170093535,2.243445866021514
1781099258953528000,22.393528076171876,0.4557517173886299,0.822074216003716,0.1986158619403839
1781099258978604800,22.418604736328124,1.4582412449926136,1.2254632934704421,0.7444792274087667
1781099259003680800,22.4436806640625,0.3796598268330097,1.3171350304737686,0.449352664001286
1781099259028755700,22.468755615234375,0.13329261815845966,1.0449579654991625,-0.03242138339430094
1781099259053832000,22.49383203125,-0.39106969411969184,0.10711188271939753,0.7727262477278709
1781099259078907000,22.518906982421875,-0.8862515046209096,0.2891527496948838,0.9994456298634409
1781099259103982600,22.543982666015626,0.7157844633221626,0.49298926889300343,1.1638760213464499
1781099259129057500,22.5690576171875,1.472280291739106,1.2617843146517873,-0.09299655586630105
1781099259154133800,22.5941337890625,1.3292846102118492,1.4342963057816027,1.3433166426956653
1781099259179208700,22.619208740234374,-0.48194765039682386,0.018756430657207966,0.8130991746485233
1781099259204284700,22.64428466796875,-1.3350310449093579,-0.06637596770524978,0.8871671581611037
1781099259229361000,22.66936083984375,-0.23545652308166026,1.057120696979761,1.3967995188191533
1781099259254435800,22.694435791015625,1.581855349701643,1.631729095417261,0.6840311884477734
1781099259279511800,22.71951171875,1.6640023025125263,0.9302782778739929,0.16025018318891524
1781099259304586800,22.744586669921876,-0.06051087506413459,0.10109627569168805,0.5991001578763127
1781099259329662700,22.769662841796876,-1.7115356225818394,-0.1474792566820979,0.7973457251995801
1781099259354737700,22.794737548828124,-0.9680337157726288,0.4097784862428903,0.5898284716621041
1781099259379813600,22.819813720703124,0.47467912069857116,0.5817156000941991,0.3353679729029536
1781099259404888600,22.844888671875,1.5297633434146642,0.40304157920330763,0.23679332464337347
1781099259429964800,22.86996484375,-0.2676911517322063,0.33406273552328347,0.11812369059920311
1781099259455039700,22.895039794921875,-1.6361480809032916,0.044025604209303855,1.5066285515427589
1781099259480115700,22.92011572265625,-0.593555090969801,0.3491606436729431,0.5802376364961266
1781099259505191700,22.945191650390626,1.5881582492381334,0.9345575626283884,0.8099462635755539
1781099259530267000,22.970266845703126,1.0729407819241286,0.12283522929102182,1.344844582915306
1781099259555342600,22.995342529296874,-1.2585317425966263,-0.06640110214650631,0.8628408184170723
1781099259580417500,23.02041748046875,-0.8788403515815735,0.4170306493282318,0.5616486713603138
1781099259605493800,23.04549365234375,1.487739726677537,1.632398665241897,0.4759188916265964
1781099259630568700,23.070568603515625,1.3791723844528196,0.9621902504414319,0.3677782503813505
1781099259655644700,23.095644775390625,-0.4035802161246538,0.42837797277271744,1.1949717090949414
1781099259680719600,23.1207197265625,-0.23295535391569136,-0.15201426976323126,0.5226999320238829
1781099259705795800,23.1457958984375,0.7262421444505452,-0.06603197657316923,0.2096656637430191
1781099259730871600,23.17087158203125,1.026452586993575,-0.39446430499404667,0.16223346596062183
1781099259755946800,23.19594677734375,0.6337889016807079,0.007298340314626693,-0.28553309789299963
1781099259781022700,23.221022705078123,-0.25931612209677696,-0.7080921552538871,-0.8974164572358131
1781099259806097700,23.24609765625,-0.3915075010150671,0.4895259766966104,-0.25385727216899395
1781099259831173600,23.271173583984375,-0.23619886588156222,0.2344920619636774,1.2009344168916345
1781099259856248600,23.29624853515625,-0.2624023976743221,-0.2904366520255804,0.05939852990806102
1781099259881324800,23.32132470703125,-0.26126842520833016,-0.6762710758402943,0.13545681045502422
1781099259906399700,23.346399658203126,-0.06309563086032867,0.22855945704430342,0.8309583642050623
1781099259931475700,23.371475830078126,0.09431202237904071,0.38665743063539265,-0.22086393410563468
1781099259956551700,23.3965517578125,0.11357844838500022,0.10242664751261472,-1.04569943151623
1781099259981625900,23.4216259765625,-0.23594109172821043,0.6893965148732065,0.49538551637977357
1781099260006701800,23.446701904296877,-0.5436304918497801,0.0746080817386508,0.9654609426751732
1781099260031777000,23.471777099609376,-0.19175240591168402,-0.34231033938676114,-0.38676089100986716
1781099260056852700,23.496852783203124,0.7856646397560835,0.3145709763288498,0.19812749390155077
1781099260081927700,23.521927734375,0.9382838896751403,0.02046761848926544,0.10968085642457008
1781099260107004000,23.54700390625,-0.395485756996274,-0.1738528843447566,-0.9535817043110728
1781099260132078800,23.572078857421875,-0.41548984962701796,-0.19884104899838564,-0.4605585331484675
1781099260157154800,23.59715478515625,0.03612111469507217,0.24643545160517094,-0.22059037786126134
1781099260182229800,23.622229736328126,0.5241512998759746,0.6021249125249684,-0.7489961203113198
1781099260207306000,23.647305908203126,-0.15159633661210536,0.21475305000990627,-0.5016039525032043
1781099260232381700,23.672381591796874,-0.8231015132248402,0.434653545910865,-0.1607043566972017
1781099260257457000,23.697456787109374,-0.30443770484924315,0.17978680443838238,-0.8287772207736969
1781099260282532900,23.722532958984374,0.35181261948645115,1.050289097394049,-0.3270911429449916
1781099260307607800,23.74760791015625,-0.625289953404665,0.030604104839265345,0.23081132762432097
1781099260332683800,23.772683837890625,-1.3345137430369853,-0.8860909072317182,-0.6346519482508302
1781099260357758700,23.7977587890625,-1.198451075643301,-0.17799699841216204,-0.9442889753088355
1781099260382835000,23.8228349609375,0.44639410645663735,1.2243487563572824,-1.217967969278991
1781099260407910000,23.847909912109376,1.1977484803318976,0.8880141303792596,-2.369691196016967
1781099260432985900,23.87298583984375,-0.3030453737080097,0.5076118146158755,-0.8537336751148105
1781099260458061800,23.898061767578124,-1.9423370133340359,0.4050087876230478,0.04030658368617296
1781099260483136800,23.92313671875,-1.8186849147021769,-0.11178820396736264,-1.530981487032771
1781099260508212700,23.948212646484375,-0.2723895386815071,0.6105855746172368,-1.3654308593481779
1781099260533287700,23.97328759765625,0.04069207587242126,0.13881868810355663,-0.7541603712067008
1781099260558364000,23.998364013671875,0.16375263835191725,0.21970731141641733,-1.535528482812643
1781099260583438800,24.02343896484375,-0.7874661362200975,0.8203523606471717,-1.915760556575656
1781099260608514800,24.048514892578126,-0.8901619560629129,0.8026927853159606,-0.6985624026253819
1781099260633591000,24.073591064453126,-1.758633473843336,-0.32283114741295577,-0.30016484983563424
1781099260658666000,24.098666015625,-2.452633975380659,0.23538828015103935,-0.5897635897323489
1781099260683741700,24.12374169921875,-1.2456839514613152,1.702174212257564,-0.2579427879169583
1781099260708816600,24.148816650390625,1.7129256156355142,2.14975942819491,-1.2178382054194807
1781099260733892900,24.173892822265625,1.127234097647667,1.8093239427693186,-1.8890674877002833
1781099260758967800,24.1989677734375,-5.128536607921124,1.7167374290086328,2.6648744580477475
1781099260784043800,24.224043701171876,-5.545443923130631,-1.3753482961200176,3.4277611565455794
1781099260809120000,24.2491201171875,5.131664969074726,0.755085815488547,-5.459049834269285
1781099260834195000,24.27419482421875,7.376267603915929,2.294439409547299,-7.1832999769955865
1781099260859271000,24.29927099609375,1.8388468282431363,3.4263258630454536,-1.1918155831515789
1781099260884345900,24.324345947265623,-5.568308665889501,-0.9298824104242026,-3.157074037867784
1781099260909421800,24.349421875,-4.503302768617869,-1.1625485721349715,-0.8905231905907391
1781099260934496800,24.374496826171875,-2.1353303592175243,0.3896992825493216,0.6805813402548432
1781099260959573200,24.3995732421875,2.2798259239137173,0.9547419802621007,0.7146700723394751
1781099260984648200,24.424648193359374,4.107580280256271,0.1521063319608569,-3.358774421820044
1781099261009724200,24.44972412109375,-2.07591896982789,1.2202942202694713,-0.1148670268908143
1781099261034800400,24.47480029296875,-4.246032473134994,0.005940642095357179,1.550401642295718
1781099261059875300,24.499875244140625,-3.919897900262475,-0.2051594383649528,-1.3969570474684239
1781099261084951000,24.524950927734373,-1.3058335919976234,0.8650473885506391,-1.4551856568142771
1781099261110026200,24.550026123046877,1.7667139044463633,1.8245543912574649,1.0410007523059845
1781099261135102200,24.575102294921876,0.5971557458102703,0.773238873425126,-0.037706922581791875
1781099261160177200,24.60017724609375,-0.9002081337809562,0.0048471477702260015,-1.9052645892634987
1781099261185253000,24.625253173828124,-1.8946639925330877,0.173702954480052,-0.3130462509796023
1781099261210329300,24.650329345703124,-1.074760398566723,0.6562735590808093,0.05024871650785207
1781099261235404300,24.675404296875,0.6809890442728996,0.5828161086820066,0.15703180566430092
1781099261260480300,24.700480224609375,1.742239972925186,0.27090719116926193,-1.155901096944511
1781099261285555200,24.72555517578125,-0.12697569009661674,0.8013384480975568,-0.42720308377444743
1781099261310631200,24.750631103515627,-1.0757587619543074,-0.045442046878486866,0.12387246338427066
1781099261335706000,24.7757060546875,-0.4432587310403585,-0.4813410628058016,-0.965605027320981
1781099261360782000,24.800781982421874,0.0628676673233509,0.49774128572568294,-0.9630760933652519
1781099261385858300,24.8258583984375,-0.4383002318501472,0.5204191276103258,0.6707865069493651
1781099261410933200,24.850933349609374,-0.6094669458508492,0.13288973644599317,-0.21708675365447996
1781099261436009200,24.87600927734375,-0.05867372276484966,-0.3274421483397484,-0.5915586564555764
1781099261461084200,24.901084228515625,-1.2306342663675547,0.2599149647727608,0.6512421407848596
1781099261486160400,24.926160400390625,-2.2183155164182184,-0.5933896712750196,1.4879551229938863
1781099261511235300,24.9512353515625,-1.4664818345934152,-0.8028437380939721,0.5742109235525131
1781099261536311000,24.97631103515625,0.06569149257242679,-0.2105345555320382,-0.21460107431858777
1781099261561387300,25.00138720703125,1.0141086537271737,1.6733309796109794,0.3705307639598846
1781099261586462200,25.026462158203124,-0.30114684661030766,0.5797533601105213,0.759635587747395
1781099261611538200,25.0515380859375,-1.2662895171165465,-0.7963242731973529,0.7159890459835528
1781099261636613000,25.076613037109375,-0.9301765710651874,-0.36973581418991086,0.16760054595172405
1781099261661689300,25.101689453125,0.7656301519870757,0.3503717730283737,2.0502841778337952
1781099261686764300,25.126764404296875,1.9034616314947603,1.0717749530151486,0.2321975212857127
1781099261711840300,25.15184033203125,1.182495966142416,-0.8444789400354027,-0.8669304258182644
1781099261736916200,25.176916259765626,1.4498516023099421,-0.004216156390309334,-0.6497428421378135
1781099261761991200,25.2019912109375,0.9266519040703773,0.058686582246422765,1.1805179440677165
1781099261787067100,25.227067138671874,1.7179811454594134,-0.09318447965383529,0.40978316241800783
1781099261812142000,25.25214208984375,0.8780185138046741,-0.8253916699886321,0.0034971944659948346
1781099261837218300,25.27721826171875,0.7474474295645952,-0.6357604940146208,1.0517419265508652
1781099261862293200,25.302293212890625,0.6113409230291843,0.12405892586708069,0.9559691839694976
1781099261887369200,25.327369140625,1.278314301431179,-0.16217033759653568,-0.25914251909554004
1781099261912445200,25.352445068359376,1.6856249362558124,0.39298049617707725,0.01830664106309414
1781099261937520400,25.377520263671876,1.3295207570552825,-0.2631631529137492,1.5098948598623274
1781099261962596400,25.402596435546876,-0.09246434868574142,-1.1381436141967773,1.4238906471014021
1781099261987671300,25.42767138671875,-0.01822889965176582,-1.1184259372919798,1.5600024143338203
1781099262012747300,25.452747314453124,1.5352625253528356,-0.024750702635943887,1.3137877658724784
1781099262037823500,25.477823486328123,2.462339376837015,0.3548401506140828,0.396543157094717
1781099262062898400,25.5028984375,1.3774761019289492,-0.7073492279320955,0.1294827044814825
1781099262087974400,25.527974365234375,0.42218145622014996,-0.9674071083068847,0.8205202645599842
1781099262113049300,25.55304931640625,0.3919675197422504,-1.7052672098368404,1.4478653969287871
1781099262138125300,25.578125244140626,0.8411153088212012,-1.118604508729279,0.6872428439706564
1781099262163201300,25.603201171875,0.7603320455789565,-1.2486448470935225,1.2098445763170718
1781099262188276200,25.628276123046874,0.2752209627151489,-1.1613394886061548,0.7988760035067797
1781099262213352400,25.6533525390625,-0.6003197627991438,-1.4199775653108953,1.2217419348597527
1781099262238427400,25.678427490234377,-0.16752631167173385,-0.49093175184130666,0.9869932677865028
1781099262263503400,25.70350341796875,0.7242296355843544,0.109179336643219,1.4409230304449796
1781099262288579600,25.72857958984375,0.524025627669692,0.2307636890903115,0.8722142114400863
1781099262313654500,25.753654541015624,0.9106278209865093,-0.32677111721038815,1.904063104519248
1781099262338730200,25.778730224609376,-0.23953473230600356,-0.8731599678575992,3.660583531731367
1781099262363805200,25.80380517578125,0.6646972501635551,-1.620702966751158,1.702008500301838
1781099262388881400,25.82888134765625,2.711232304596901,0.12804361158907412,0.2919277673661709
1781099262413956400,25.853956298828123,5.562895408669114,1.3110036881119012,-0.8244792313188314
1781099262439032300,25.8790322265625,3.35471667086184,0.8052975609868764,-1.1414584378331898
1781099262464108500,25.904108642578127,0.041484103032946584,-1.600301983757317,1.48868489857316
1781099262489183500,25.92918359375,0.9314344621717929,-1.12031832690984,1.156016540017724
1781099262514259500,25.954259521484374,2.7223335443258283,-1.0253680066272617,0.5608627816796302
1781099262539334400,25.97933447265625,4.057801227086782,1.8121265790998935,-0.6617687954962254
1781099262564410400,26.004410400390626,1.9651590859949588,0.8075038388594985,1.1928741522938013
1781099262589486300,26.029486328125,0.5831897642999887,0.1773465716794133,0.2635761176288128
1781099262614561300,26.054561279296873,-1.0891010586082934,-1.5713371705576777,3.3335499641925095
1781099262639637500,26.079637451171877,-0.17527181123197078,-3.033531244829297,2.9952687341913578
1781099262664712400,26.10471240234375,1.5156898098766802,-2.0559701145157216,-1.6090902703687548
1781099262689788400,26.129788330078124,4.79640425593853,0.759699008372426,0.8794663745254278
1781099262714863400,26.15486328125,1.356778766337037,1.5412629348114133,-3.4082501081287857
1781099262739939300,26.179939208984376,-3.584416822373867,0.30406711797118186,-2.032433171583712
1781099262765015300,26.205015380859376,-6.3539563545107836,-0.04071048831194639,9.848804549640416
1781099262790090200,26.23009033203125,-5.992298048314452,-5.588544813710451,8.449249302372335
1781099262815166500,26.25516650390625,6.556255873399973,3.377154712641239,-0.7687637738376856
1781099262840241400,26.280241455078126,7.220406011074781,1.2264312617197632,-0.2797115521326661
1781099262865317400,26.3053173828125,9.396796110433339,2.798286610932648,-1.1829723514825106
1781099262890393300,26.330393310546874,-2.3290537729412315,0.8422337914571165,-7.5130749521970746
1781099262915468500,26.355468505859374,0.8695803558051586,-2.1221444221690295,-0.9944505980551243
1781099262940544300,26.380544189453126,-0.43035541032552715,-0.30516134294867514,-0.5053539526864886
1781099262965619700,26.40561962890625,-2.778991251093149,-0.688584613968432,2.2581366546750066
1781099262990695700,26.43069580078125,-1.6555916170418261,-0.997972050179541,5.889235733246803
1781099263015771600,26.455771728515625,-1.6712930440425873,-0.7784341039806604,3.522430614060163
1781099263040846800,26.480846923828125,-1.7358032178759575,-0.4012698933556676,2.4752587719038126
1781099263065922800,26.5059228515625,1.862915101572871,0.45259617596715684,0.8831900712236761
1781099263090997800,26.530997802734376,2.6676462608486413,1.4351827332273124,1.16880850931257
1781099263116073700,26.55607373046875,1.8969295993775128,2.1180945622563363,0.7085822768583894
1781099263141149700,26.581149658203124,-0.9558663081169128,0.4693070722714066,2.053112971518934
1781099263166224600,26.606224609375,-1.383543439143896,-0.5359276623874902,0.09273439779877662
1781099263191300600,26.631300537109375,1.0977397076159714,0.3416846087038517,1.3143676115870475
1781099263216375800,26.656375732421875,5.8259115543276065,1.9295681326538323,-1.2651894469201563
1781099263241451800,26.68145166015625,2.3799095154315233,0.4761325343772769,-0.5451973027750849
1781099263266526700,26.706526611328126,-0.09738251586556435,-0.8455202657818793,0.543899079658091
1781099263291602700,26.731602783203126,-1.540302857607603,-1.0525973743364214,1.1038295489236711
1781099263316678700,26.7566787109375,0.36853754431605334,-0.05102876096963882,-0.5006467979088426
1781099263341753600,26.781753662109374,1.3686883998394013,0.7545002706855535,0.5362430119469761
1781099263366829600,26.80682958984375,0.37776597591042516,0.03424509169012308,1.8679785224422811
1781099263391904500,26.831904541015625,-1.2828712340831756,-1.124995671071112,1.8712232034519314
1781099263416980700,26.856980712890625,-3.677654493519664,-1.4221569551765918,2.3421219288289548
1781099263442056700,26.882056640625,-2.9318606763809916,-0.8206111577138304,3.4361151433929797
1781099263467131600,26.907131591796876,-0.49804187610745426,0.3345283072084188,1.8879381914094089
1781099263492207900,26.932207763671876,0.39043198073804375,0.6182952722117304,0.5137529477193952
1781099263517282800,26.95728271484375,-0.003295534414052963,0.39861820980310436,1.434301274217665
1781099263542358500,26.982358642578124,-1.1145476345539092,0.2097954276025295,2.3891779867753384
1781099263567434800,27.007434814453124,-1.9627701450318098,-1.1325275278806686,0.9797256148710847
1781099263592509700,27.032509765625,-0.7000912196278571,-0.19572627797871828,1.24822048420161
1781099263617585700,27.057585693359375,2.4241841259658337,1.2905749403283,0.8804758438289165
1781099263642660600,27.08266064453125,2.490499303394556,0.9349415935099125,-0.25876667152047156
1781099263667736800,27.10773681640625,1.8431190987348556,0.9941831792905926,-1.007575452566147
1781099263692812800,27.132812744140626,1.0089192683905361,0.2610419229760766,-0.17514701580852268
1781099263717887700,27.1578876953125,1.9342022221952675,1.1822066278070211,0.11999679099470376
1781099263742963700,27.182963623046874,1.610257268321514,0.5513172469601034,0.8317316866651177
1781099263768038700,27.20803857421875,1.4353414309203625,-0.5705906872287392,0.6254553730994462
1781099263793114600,27.233114501953125,1.2775450706243514,0.01849485711157322,-0.35965398063659665
1781099263818189600,27.258189453125,1.126286587664485,-0.34314562116712327,1.1325316195338964
1781099263843265800,27.283265869140624,1.2740519678115845,-0.2061155700460076,-0.7102253678902983
1781099263868341800,27.308341796875,0.09394611167609691,-0.0003565583527088165,0.4141223606660962
1781099263893416700,27.333416748046876,0.13432897546887396,-0.2048199772775173,1.2187862999245525
1781099263918492700,27.35849267578125,-0.8533861768513917,-1.0773363865345715,0.8694540990769862
1781099263943568000,27.38356787109375,-0.8138648983240127,-1.055375314617157,0.8954635696023702
1781099263968643000,27.40864306640625,1.6166566139698029,0.7317322662994266,0.11001403390169143
1781099263993719300,27.43371923828125,0.46483752564191816,0.6773313985481858,0.10192308190464973
1781099264018794200,27.458794189453126,-0.04170037613213062,0.2562739779219031,-0.3925529184147715
1781099264043870200,27.4838701171875,-0.4952379246026277,0.38644671049416063,0.843003314524889
1781099264068945200,27.508945068359374,1.081604565373063,0.4894184246689081,0.37265257841944693
1781099264094021400,27.534021484375,0.43014381340146063,-0.09877776961624622,0.4761763735190034
1781099264119097300,27.559097412109374,-0.2083276931375265,-0.1738704200014472,0.584655160677433
1781099264144172300,27.58417236328125,0.6276198576569557,0.28363018688112496,0.28130057488977905
1781099264169248300,27.609248291015625,1.0684463931143284,0.9583782909378409,0.049532969453930854
1781099264194323200,27.6343232421875,0.9097118751853704,-0.1605070805594325,0.1802992840051651
1781099264219399200,27.659399169921876,-0.590153173571825,-0.603260492426157,0.035356267802417275
1781099264244475400,27.684475341796876,-0.8490776660025119,-0.3703070382066071,0.4968053200498223
1781099264269550300,27.70955029296875,0.2761795786142349,0.19399068635776637,-1.0001032169893382
1781099264294626300,27.734626220703124,0.17786182772517203,-0.1565099737472832,-0.7373097741708159
1781099264319701200,27.759701171875,-0.7115384963154793,0.5759221113845706,0.37678719400614497
1781099264344777500,27.784777587890623,-1.8589456134200095,-0.889649768757075,0.28045447945445773
1781099264369852400,27.809852294921875,-1.3630325660347937,0.5332784630529582,-1.519457930238545
1781099264394928000,27.83492822265625,-0.3712906424164772,0.47897944824099536,-0.2969958644106984
1781099264420004400,27.86000439453125,1.5154150845885277,1.0627094568975268,-0.38439123926907776
1781099264445079300,27.885079345703126,-0.7537912456333636,0.1420017020538449,-0.16632278110086918
1781099264470155300,27.9101552734375,-2.71143922534585,-0.45670799520015715,-0.10046236170232295
1781099264495230200,27.935230224609374,-1.8964935460478067,0.12686726128607986,0.6241045430123806
1781099264520306400,27.960306396484373,0.8384370295226573,0.2681424026310444,-1.1833043599158524
1781099264545382100,27.985382080078125,1.448535259014368,0.8730341495208441,-1.7838760516494512
1781099264570457300,28.010457275390625,-2.2753227672755716,0.19515286200493573,1.5771648537978529
1781099264595533000,28.035532958984376,-1.8730840288877486,-0.23910043254196642,-0.7300210784673691
1781099264620608300,28.060608154296876,-0.4882581487178802,0.6829210352487862,-1.9944813343301415
1781099264645684200,28.085684326171876,0.2948468696832657,1.3608207352042196,-0.5345365002900362
1781099264670760200,28.11076025390625,-0.16240940704941748,0.5833446626007557,-1.0717191311746834
1781099264695835400,28.13583544921875,-0.8776537721455097,0.7009469596743583,-1.660146503867209
1781099264720911400,28.160911376953123,-0.19265023153424263,2.3005746974319217,-1.1988324761763214
1781099264745986300,28.185986328125,-0.8121849824130535,0.6769422531001269,-0.2969073093444109
1781099264771062000,28.21106201171875,-1.3641186077058314,0.661403761576116,-1.043952003327012
1781099264796138200,28.23613818359375,-1.097253969925642,-0.16784414544925091,-0.3427569141104817
1781099264821213200,28.261213134765626,1.8829250394225119,1.5571356267258525,-1.9563591089457273
1781099264846289200,28.2862890625,1.5729858145475386,1.6048048481345176,-2.9985172145932912
1781099264871364400,28.3113642578125,-0.8708382469117641,0.7295300800800323,-1.4427987611889839
1781099264896440300,28.3364404296875,-3.2048598713934418,0.7340148242786526,-0.6774246297895908
1781099264921516300,28.361516357421873,-0.7604021882057189,0.6411114996537566,-1.9548671168223022
1781099264946591200,28.38659130859375,0.25484102250933643,1.9319737324908375,-1.9005130108222363
1781099264971667000,28.4116669921875,0.30299510482549663,0.3719301093637943,-1.1463941406697034
1781099264996742000,28.436741943359376,-0.8375988251328468,0.26514000594466924,-1.9210843819469212
1781099265021818000,28.461818115234376,-1.4302905772715806,0.6207483644522727,-1.3428279823958873
1781099265046893000,28.48689306640625,-1.1563070473968982,1.1414181058228015,-0.5243884696327149
1781099265071969000,28.511968994140624,-0.8988461977779865,0.3079392832294106,-0.8978845131389797
1781099265097045200,28.537045166015623,-2.2425345963954926,0.16562442357316612,-1.7109445248208939
1781099265122120200,28.5621201171875,-1.7982511984825134,0.6660944036103784,1.7883378533639012
1781099265147196200,28.587196044921875,0.9569839139699935,2.0206173538446426,-1.9345617031574247
1781099265172271000,28.61227099609375,-0.3133598469734192,-0.5743310428008437,-2.3074187181077894
1781099265197347000,28.63734716796875,-1.8785645061254501,3.930998555469513,-0.013917612323909997
1781099265222423000,28.662423095703126,-1.1413935559034347,-1.377818777886778,-0.5143456529155374
1781099265247498000,28.687498046875,1.1287205368131399,2.604522572937608,-4.3722038611114025
1781099265272574200,28.71257421875,1.8423545441031455,1.6459709712594746,-1.0648559674069284
1781099265297649200,28.737649169921873,2.2698189091622827,1.3012377886399626,-2.040954916213453
1781099265322725000,28.76272509765625,0.9341127414703368,1.5153959414966403,-6.671479166382551
1781099265347801000,28.787801025390625,0.28561610000133514,1.1579399092957376,-0.9456257768705487
1781099265372876300,28.812876220703124,-2.3640941066622734,0.8438840428821742,-2.0235368945531547
1781099265397952000,28.837951904296876,-3.4498084454417226,-0.19403861715272067,-1.2891690190531313
1781099265423027000,28.86302685546875,1.4625275440096854,1.4518758016139268,-0.8710133112177252
1781099265448103200,28.888103271484376,0.3038046676427126,2.2288762195296585,-2.4208472366280853
1781099265473179100,28.91317919921875,-1.3320809629321098,0.06936711234524846,-0.2410742168329656
1781099265498254000,28.938254150390627,-2.258088723880052,0.26557649766579267,-2.0851336651578545
1781099265523330000,28.963330078125,-1.412132404768467,0.9086344552122056,-1.8546153291307388
1781099265548405200,28.9884052734375,-0.7106313183426857,1.6428060774877666,-1.2886699834898114
1781099265573481000,29.01348095703125,-1.3735668195307253,1.4544019590906798,-0.8013290957473218
1781099265598557000,29.038556884765626,-0.9319488414347171,1.610701212696731,-1.1466589290857314
1781099265623632100,29.063632080078126,-0.4266027797937393,1.6313767748482524,-1.8481645455561577
1781099265648708000,29.0887080078125,-0.46599254089593883,0.6986931893981992,-2.4367355645030737
1781099265673783000,29.113782958984373,-1.0856944650352,0.012750175979733467,-2.220506596721709
1781099265698859000,29.13885888671875,-0.23752046987414357,0.7870192692354321,-2.4651953507900237
1781099265723935200,29.163935302734377,0.87103230817914,1.213458675161004,-2.1499533433318136
1781099265749010200,29.18901025390625,0.8842635456740856,1.203207476390153,-3.4735113925904035
1781099265774086000,29.2140859375,-2.241522204482555,0.8849742512267083,-0.7107071600578725
1781099265799161000,29.2391611328125,-1.5448890163540838,0.9485216444425284,-1.777756253594905
1781099265824237000,29.264237060546876,0.9260130216449498,2.360040885748714,-3.411506187315285
1781099265849313000,29.28931298828125,1.2990730118215084,1.873553399965167,-1.8949400329954922
1781099265874388000,29.314387939453123,-1.816545564585924,2.150987654815614,-1.9481191038668155
1781099265899464200,29.339464111328127,-2.5461574777305125,1.7331377980589866,-1.6221742083474993
1781099265924539100,29.3645390625,-1.3803881899833679,2.3365035044252873,-1.6319224260322749
1781099265949615000,29.389614990234374,-0.32351182315349575,2.740527372664213,-1.5570641689248381
1781099265974689800,29.414689697265626,0.43504269135892387,2.867125753881037,-2.152902548526227
1781099265999765800,29.439765869140626,0.09360884254574775,3.015776392430067,-1.9155001520738004
1781099266024841700,29.464841796875,-1.3695277732729911,2.763968454006314,-0.8477038934312761
1781099266049916700,29.489916748046873,-1.6367606598436832,2.568596688553691,-1.174833687886223
1781099266074993000,29.514992919921873,-0.5337818825304508,3.7278058871328827,-1.9732441927731037
1781099266100068900,29.54006884765625,0.546407555347681,4.176554447761178,-1.7741063527852297
1781099266125143800,29.565143798828124,-0.7582359500825405,3.657315469846129,-2.3743939668804406
1781099266150220000,29.590219970703124,-1.4158382735490798,3.0073087160751224,-1.8222201030910015
1781099266175295000,29.615294921875,-1.1301865177124737,2.8693443067133426,-2.792510365618765
1781099266200370700,29.64037060546875,-0.00014496142864227294,4.027850909981131,-2.9446052994027734
1781099266225447000,29.665447021484376,0.20683190162181853,3.713213882678747,-2.249353628760576
1781099266250521900,29.69052197265625,-1.4039549435317515,3.7950375948846338,-1.3306917005307972
1781099266275597800,29.715597900390627,-0.8382733633935451,3.532951715813577,-1.3919132080823182
1781099266300672800,29.7406728515625,-0.48357846646904945,3.4167297671824692,-1.541990372303128
1781099266325749000,29.7657490234375,0.009427169036865234,2.692885916045308,-1.965519589870423
1781099266350825000,29.790824951171874,-0.8721148427188395,2.5410753521606324,-2.2114996989235283
1781099266375900000,29.81589990234375,-0.3778519006282091,2.4534008680999277,-3.0901597255021334
1781099266400976000,29.840975830078126,-0.28114918372035025,2.7463860355645417,-3.314918036697805
1781099266426050800,29.86605078125,-0.5094669409632683,2.576787009271979,-1.9312401575192808
1781099266451126800,29.891126708984373,-1.4758920524954795,2.2436679843395946,-2.014856452230364
1781099266476200700,29.91620068359375,-1.1233476116031407,2.4220602656796575,-2.9441034873604774
1781099266501276700,29.941276611328124,0.33434067568182946,2.609781224118173,-1.9885054747909305
1781099266526353000,29.966352783203124,0.6311340032577514,2.574357736298442,-2.9887495615556836
1781099266551427800,29.991427734375,-0.35865211011767384,2.289486609445512,-2.81382758667469
1781099266576503800,30.01650390625,-0.7956137868404388,2.3217563094094396,-2.9861089839190242
1781099266601579000,30.0415791015625,-0.5083382291942835,2.2320107181631026,-3.3741640063926575
1781099266626655000,30.066655029296875,0.11386603315472602,2.179451825016737,-3.5135745229095217
1781099266651730700,30.091730712890627,-0.24773498989641665,3.3029435212656852,-3.3334999875709412
1781099266676805600,30.1168056640625,0.26760698058009147,2.8170269672378896,-2.4049359662689267
1781099266701881900,30.1418818359375,-0.7519149303674697,1.6040937772557138,-3.092537560549378
1781099266726956800,30.166956787109374,-1.77078568392992,1.3231383625417947,-2.2802086396209895
1781099266752032800,30.19203271484375,-2.399505611783266,1.4738202146574855,-1.9084679153494535
1781099266777109000,30.21710888671875,0.04626841470003128,2.763595236779749,-2.6546260357558724
1781099266802184000,30.242183837890625,2.103302651315927,3.3115894767969847,-4.431587777972221
1781099266827260000,30.267260009765625,-1.1334265225470066,3.3187159676760434,-2.0536985163219272
1781099266852335900,30.2923359375,-4.651258702901005,1.0318149908095597,-0.540771595287323
1781099266877410800,30.317410888671876,-3.1053333292365073,1.4277085979543624,-1.4437690675258636
1781099266902486800,30.34248681640625,3.028012773668766,4.2202270007491105,-3.33111513826102
1781099266927561700,30.367561767578124,3.8936744947254653,4.3872506235957145,-3.069796444170177
1781099266952638000,30.392637939453124,-2.0553309398293496,2.438451282379776,-4.254167556534707
1781099266977714400,30.41771435546875,-3.3291713107168674,1.3959239050284027,-2.4918685459211467
1781099267002789600,30.44278955078125,-1.527480785435438,1.6111567013792694,-3.5012066242456434
1781099267027865600,30.467865478515623,0.7309001993894576,1.9290711429171263,-3.3786002352744338
1781099267052940500,30.4929404296875,3.386845501050353,3.683602880530059,-3.66094096686691
1781099267078016500,30.5180166015625,0.8811679177463054,2.9239594017371533,-3.2501877903729675
1781099267103092700,30.5430927734375,-4.355294811886549,1.7684565103299914,-1.7094946182735262
1781099267128167700,30.568167724609374,-5.666743321156502,1.6909668818056582,0.44004086497239764
1781099267153243600,30.59324365234375,-2.9047967283666134,0.6464166933897882,-1.279054598404467
1781099267178319600,30.618319580078126,1.7700702291369437,2.6691134107917547,-3.718368781223893
1781099267203394600,30.64339453125,4.697724101477861,4.537070013663173,-4.1840018411576745
1781099267228470500,30.668470458984373,0.02514496265053749,3.193971689893305,-3.2615134865075346
1781099267253545500,30.69354541015625,-5.620087368443608,1.38826374566406,-2.199492742526531
1781099267278621700,30.71862158203125,-4.0818566409349435,1.6888696172654627,-1.189713715501502
1781099267303697700,30.74369775390625,0.008102057912945746,1.7891488774858415,-1.9905743900194763
1781099267328772600,30.768772705078124,2.856457937133312,3.0518931232109665,-3.476466150742769
1781099267353848600,30.7938486328125,2.4646003075063225,3.122842097920179,-4.333928783252835
1781099267378924500,30.818924560546876,-0.22708207796812055,3.169696203553676,-4.776622866147756
1781099267403999500,30.84399951171875,-2.777788305044174,1.4962939122721552,-2.6582646845191715
1781099267429075700,30.86907568359375,-2.3087159183114765,1.1117963630843908,-2.3257097232103345
1781099267454150700,30.894150634765627,0.4681950193762779,2.289453583958745,-2.913917023411393
1781099267479226600,30.9192265625,1.8828396992266176,2.591450033135712,-2.545171681563556
1781099267504302800,30.944302734375,0.2567418876945972,2.093000745271146,-3.3777699219301343
1781099267529377800,30.969377685546874,-1.5459809032440184,1.277588617505133,-3.1468963427245615
1781099267554453500,30.99445361328125,-1.8881196854561566,2.5715046849548817,-2.035210965733975
1781099267579529500,31.019529541015626,-0.37836218823790546,3.1997417977273463,-1.540737449632585
1781099267604604700,31.044604736328125,0.3783212717056274,1.5876418241485952,-1.7833365379452704
1781099267629680600,31.0696806640625,-1.5048855072677134,1.715385868269205,-2.537266023005545
1781099267654755600,31.094755615234376,-2.102991685670614,2.4402859504610297,-1.766783754812181
1781099267679831800,31.119831787109376,-0.14419804305434225,2.5407079801529644,-2.227975032906234
1781099267704907800,31.14490771484375,1.8110802849173544,3.435466031834483,-3.4283985776662824
1781099267729982700,31.169982666015624,-0.27302082232236863,2.7999221031799912,-1.4865563621118665
1781099267755058400,31.195058349609376,-3.5828584870159625,0.5808423974562436,-1.900508334647119
1781099267780133600,31.220133544921875,-1.9534516970664262,1.280470018160343,-2.567382052066922
1781099267805209600,31.245209716796875,3.004848755702376,2.9364842445284127,-3.8572915142238138
1781099267830285600,31.27028564453125,3.087188600736856,3.614105858194828,-4.04855409079194
1781099267855360500,31.295360595703126,-1.2939023311853408,1.5123416684925555,-3.2336925826460123
1781099267880436700,31.320436767578126,-2.985313449627161,2.000827634616941,-2.508542909607291
1781099267905512400,31.345512451171874,-2.071810949987173,1.1314129177022725,-1.5786147603452205
1781099267930587600,31.370587646484374,0.10424246476292609,1.586842490464449,-2.630645440709591
1781099267955663600,31.39566357421875,1.028765540111065,1.5123302703157067,-2.6658587929099795
1781099267980738000,31.420738037109373,-0.060923547518253324,1.2607856590032578,-2.8375740807041523
1781099268005814000,31.44581396484375,-1.5154852272152899,2.1861834713593122,-2.583181094223261
1781099268030890000,31.470889892578125,-1.0429892957746982,2.8132115006029603,-2.3424019148141144
1781099268055965000,31.49596484375,0.10280337187051772,2.6745073787897824,-2.095151201303303
1781099268081041200,31.521041259765624,-1.0491747064113617,1.788757832341641,-1.7276386161208153
1781099268106117000,31.5461171875,-2.4820173062533137,1.0043937537901102,-1.0734241084616631
1781099268131192000,31.571192138671876,-1.8559446780383586,0.7484041457675397,-2.114076412656158
1781099268156268000,31.59626806640625,1.5999895568072795,0.8838870405118912,-3.930481545858085
1781099268181344000,31.621343994140624,2.401021861565113,0.6687097737405449,-5.7077785113781685
1781099268206419000,31.6464189453125,-1.1708517055779695,0.3238390092812478,-3.260109172667563
1781099268231495000,31.671494873046875,-2.977961333298683,0.5094080503828823,-2.3699553999111056
1781099268256570000,31.696570068359375,-2.242376775485277,1.2802524298869074,-1.925763771934807
1781099268281646000,31.72164599609375,0.7698480619430541,2.2548414125218987,-2.38389683150202
1781099268306722000,31.74672216796875,1.8517711917459965,1.4349004091545938,-2.845541406321525
1781099268331797000,31.771796875,-0.36857729180455207,1.2031773735128342,-1.5404773373916745
1781099268356873000,31.796873046875,-1.9307915369689463,1.2111686645276845,-2.2304018216617405
1781099268381949000,31.821948974609374,-0.796441469836235,1.3917559716939925,-3.0127479845196006
1781099268407023900,31.84702392578125,0.19944471397995947,2.4791864667415617,-1.690217817004025
1781099268432100000,31.87210009765625,-0.4376560887277126,1.0819139235831796,-1.4350957855962216
1781099268457175000,31.897175048828124,-1.67020583332777,0.10813253100402652,-2.440479719467461
1781099268482251000,31.9222509765625,-1.2945815456211567,0.6041765843577682,-3.1690681347832084
1781099268507327000,31.947326904296876,0.19000819259285925,2.218151411897689,-3.2698432156965134
1781099268532402000,31.97240185546875,0.49639060176908967,0.5900421144127845,-2.142128787185997
1781099268557478000,31.997477783203124,-1.0851298168897627,1.332551356922835,-2.241805259207636
1781099268582552800,32.022552734375,-3.2161177629888056,0.6072422555387019,-0.23604265240654349
1781099268607629000,32.04762915039063,-2.5534143169909713,-0.2027231511287391,-1.4864850504413247
1781099268632705000,32.072705078125,0.1711141070306301,0.6554930762276053,-2.8262703041404484
1781099268657780000,32.09778002929688,3.7237627492219207,2.146981926305592,-4.97490262800157
1781099268682856200,32.12285620117188,0.5002127904057503,1.9569868854552506,-2.818454661953449
1781099268707932000,32.147931884765626,-3.9048119748115537,-0.33342356083691116,-1.0772479775987565
1781099268733006800,32.1730068359375,-2.7623978436887264,0.31929157510995865,-1.2468519723273812
1781099268758083000,32.1980830078125,0.8038672359228134,1.4458530341930687,-2.601839909724891
1781099268783158000,32.22315795898437,1.8751409614175556,1.4551562845893202,-1.5882951734907924
1781099268808234000,32.24823388671875,-1.0540309142708777,0.5418137978166342,-2.4143162274241448
1781099268833310000,32.27331005859375,-1.4806921462535858,0.15111220635697245,-2.6216309441268444
1781099268858385200,32.29838525390625,-0.25087679505348204,2.2174702977657317,-1.7873066106200217
1781099268883461000,32.323461181640624,0.5287234300971031,1.5314518810234963,-2.127669176939875
1781099268908536800,32.34853686523437,-0.43529345124959945,-0.06477920003309845,-1.7080093481518328
1781099268933612000,32.373612060546876,0.033976503881812094,1.9120280920490622,-1.3958372496582567
1781099268958688000,32.39868798828125,-0.3806745568335056,-0.18078356039077043,-1.6020387444220483
1781099268983763000,32.42376293945313,-1.406227564638853,-1.7989960255004465,-3.6360301052331923
1781099269008839000,32.4488388671875,-1.1642401784837246,-1.9940243843428789,-0.5663672243148088
1781099269033915100,32.4739150390625,2.274572241169214,2.522996966895461,-4.651276823079586
1781099269058990000,32.49898999023438,-0.3880208279430866,1.620781584945321,-5.661087487351894
1781099269084065800,32.524065673828126,-5.456369216883182,2.5694582738190888,0.28183175915703174
1781099269109142000,32.54914208984375,-8.533127609020472,-3.1982512669086454,6.700193219691514
1781099269134217000,32.57421704101562,-2.690909063014388,-3.715581780853867,-0.5818477020412683
1781099269159293000,32.59929296875,8.90686038389206,3.380198610381782,-5.640940771380066
1781099269184367900,32.62436791992187,11.028003812325,4.531766062036156,-0.6385691216945648
1781099269209444000,32.64944409179687,-7.695904046940803,-1.2173581668175757,-6.829666571822762
1781099269234520000,32.67452001953125,-5.692419029682874,-1.8906195394478738,-1.8516766453303395
1781099269259595000,32.699594970703124,-0.788067609244585,2.0055442878752947,-1.3604928184241056
1781099269284671000,32.7246708984375,2.291153958135843,1.6163967939898372,-0.0034393267989158626
1781099269309747000,32.74974682617187,4.151159309741854,-0.6168330907046794,-1.8853212869092821
1781099269334822000,32.77482177734375,0.16984043383300304,1.3584626277707517,-0.5681780731290579
1781099269359898000,32.799898193359375,-3.817042505943775,-0.9300628815576434,-1.7696484965935348
1781099269384973000,32.82497314453125,-1.758292113059759,0.3179195561043918,-2.7113147221833467
1781099269410049000,32.85004907226563,1.0972867031514644,1.0905324065856634,-1.0340683226943015
1781099269435125000,32.875125,1.5589555356293916,1.199329319782555,-0.7553343834221362
1781099269460200200,32.9002001953125,-1.7238251953125,-0.24133798233568668,-0.786644590704143
1781099269485276000,32.92527587890625,-1.6629092465788124,-0.4441309838302433,-1.688071160364151
1781099269510352000,32.950351806640626,-0.48855742392539975,0.3434953113876283,-1.7028993116617201
1781099269535427000,32.97542700195312,0.33757366625368596,0.18973799734935162,-1.279843410694599
1781099269560503000,33.0005029296875,-0.5571241796731948,0.40812677351310844,0.16748773322701452
1781099269585578000,33.02557788085937,-0.8905541702508926,-0.11348667844831943,-0.8693477160930633
1781099269610654200,33.050654296875,-0.4570855963408947,0.476594891192019,-1.3696370788663625
1781099269635730000,33.07572998046875,-0.1124164188683033,0.16176204905658959,-1.4254381688043474
1781099269660804900,33.100804931640624,-0.33684126032590866,-0.09280994725301861,-1.1499103320971131
1781099269685880800,33.125880859375,-0.749644647347927,-0.012972148167341947,-1.8387480440437793
1781099269710956000,33.1509560546875,-0.027497078734636304,0.6268960734270512,-2.3144208519548175
1781099269736032000,33.176031982421875,0.2547439918756485,0.3083944796510041,-1.7561799432113765
1781099269761108000,33.20110791015625,0.015192892956733702,0.4245449704810977,-1.3292898709088563
1781099269786183200,33.22618310546875,-0.4604582876443863,0.5274344131998717,-0.9512480006664991
1781099269811259100,33.25125903320313,-1.3652262766867875,0.0756720577083528,-0.5651178087756037
1781099269836334800,33.2763349609375,-0.9691314478814601,-0.3939642465174198,-0.9503466679126024
1781099269861409800,33.30140991210938,0.021623802787065504,-0.4138052575409412,-1.1659560424908995
1781099269886486000,33.32648608398438,0.46239831579625607,0.839526870585978,-0.6034425709947944
1781099269911561000,33.35156103515625,-0.06753449009060859,0.7763951454989612,-1.0471680427640675
1781099269936637000,33.37663696289062,-1.1437667147755621,0.09499576685950159,-0.8166405005171895
1781099269961713200,33.40171313476562,-1.0754881283193827,0.4312449065111577,-0.7493550167515873
1781099269986788000,33.4267880859375,-1.4651795198231934,-0.23697686451673505,-0.8663324599251151
1781099270011864000,33.45186401367187,1.0367851804375647,1.3261701314531267,-0.8572054428786039
1781099270036939800,33.47693969726563,0.37852351627945896,1.1639216140538453,-0.39286709893047805
1781099270062015000,33.502014892578124,-0.8007891436517238,-0.1227737083621323,-2.364957737754285
1781099270087091000,33.527091064453124,-1.8415584252893924,0.0907319719351828,0.9314765477478504
1781099270112166000,33.552165771484376,-0.04363923524022102,-0.26671017787083984,-0.9626540685608983
1781099270137241900,33.577241943359375,1.9481062443852424,0.6674537092648446,-2.6613068286940456
1781099270162318000,33.602318115234375,0.2931424038529396,0.1000980584345758,0.357428413541615
1781099270187393000,33.62739306640625,-0.18072364689707754,-0.36226986222341656,-0.7483110606566071
1781099270212468700,33.65246875,-1.8871265827655792,-1.163042200870812,-0.40120238107740874
1781099270237544000,33.6775439453125,-0.2888169418692589,-0.026412206107378003,-0.15576690029501913
1781099270262620000,33.70261987304688,0.4661550379812717,0.7882561175540089,-1.0403501794427632
1781099270287696000,33.72769580078125,-0.19671499675512313,0.32428193074315786,-0.9096531307354568
1781099270312770800,33.75277075195312,-0.5756541080981493,0.42240912749618287,-0.23663784182071684
1781099270337847000,33.77784692382812,-1.487810453826189,0.06715016694813966,-0.1811784049272537
1781099270362923000,33.80292309570312,0.3853238439440727,-0.27067309015244245,-1.011937154906988
1781099270387998000,33.827998046875,-0.3930968160331249,-0.001663257037103176,0.22556991983950136
1781099270413074000,33.85307397460937,-0.6059352645933628,-0.09053571871072054,-0.053955169810354704
1781099270438148900,33.87814892578125,-0.1509229673951864,0.30029475982561704,-1.6707541148602962
1781099270463224800,33.903224853515624,0.9357090707510709,0.5646029911212623,-0.4746206685096025
1781099270488301000,33.928301025390624,-0.7184148118257522,0.1822232378050685,0.523867222237587
1781099270513376000,33.9533759765625,-1.5153987179756163,-1.0161037730671465,0.7821811815544962
1781099270538452000,33.978451904296875,-0.7426409060657024,-0.642989714615792,0.7008727253943682
1781099270563528000,34.00352783203125,1.1198732134908438,0.44547962196022267,-0.8906208057463169
1781099270588603100,34.02860302734375,0.9374071068406105,0.8954435497276484,-0.7667536030590534
1781099270613678800,34.05367895507813,0.361014747595787,-0.3937868441238999,-0.5068491596803069
1781099270638753800,34.07875390625,-1.2146388248562812,-0.430479767357558,-0.4531304289743304
1781099270663830000,34.103830078125,-0.6692401542901992,-0.48391544333845377,0.5943167229920625
1781099270688906000,34.12890600585938,0.2728893048971891,0.4911472942881286,0.5757391560330987
1781099270713981000,34.15398095703125,1.5949287662863731,0.14125541373118758,-0.9661004096224903
1781099270739057200,34.17905712890625,0.7409060450971127,-0.233930482558161,-0.34359482623934745
1781099270764132900,34.2041328125,-0.791031135225296,-0.5740399508997798,0.35109190399646756
1781099270789207800,34.22920776367187,-1.0000397963643073,-0.8435971887648105,0.2312657933935523
1781099270814283800,34.25428369140625,0.5256020832061767,0.008040390853583813,0.3254813696607947
1781099270839359000,34.27935888671875,0.5216062915682792,0.6158282975763082,0.2740960503384471
1781099270864435000,34.30443505859375,-0.01191606324315071,-0.28750644379258156,-0.28078064266890285
1781099270889511000,34.329510986328124,-0.20242694466114042,-0.04431465028375387,0.7169982230260967
1781099270914586000,34.35458618164063,0.02883329577445984,-0.21993542108386754,1.5156088535949588
1781099270939662000,34.379662109375,0.1981114195495844,-0.7031506071984768,-0.2991068652153015
1781099270964737800,34.40473779296875,0.556698647737503,-0.4696992864593863,1.0928834997564554
1781099270989813800,34.42981372070312,1.2130343122690916,0.7184595277503132,0.9266223857149481
1781099271014889700,34.4548896484375,-0.23556524415314195,-0.06706190414279699,-1.2024185179695486
1781099271039964700,34.479964599609374,-0.8578624454826116,-0.17730185575485227,1.9705153523311019
1781099271065041000,34.505041015625,-0.8039525761187076,-1.6948294024527073,1.9117647649377583
1781099271090116900,34.530116943359374,0.8403694588899612,-0.2968304447159171,-1.2680758160114287
1781099271115191800,34.55519189453125,3.3637188924849033,0.4539396995306015,-0.1380482882529497
1781099271140267500,34.580267578125,2.1534417699694632,1.7730036522403358,-0.12433131306767463
1781099271165342700,34.6053427734375,-1.3056781091749667,-0.9257686914950609,0.49961540903449053
1781099271190418700,34.63041870117188,-1.2005308045268057,-0.832009042301774,3.092695965981483
1781099271215494700,34.65549462890625,0.05844926635921001,-0.6919967604994773,1.606111254557967
1781099271240569600,34.68056958007813,2.467895257398486,0.061306409355998036,0.05897065988481044
1781099271265645800,34.70564575195313,2.8827520698189733,-0.03194616709798574,0.2522258715748787
1781099271290721500,34.730721435546876,1.054841646131873,0.24813188025951385,1.056501688298583
1781099271315796700,34.75579663085937,-0.7083464222759008,-0.7187605565235018,1.0704828673779965
1781099271340872700,34.78087280273437,0.07141045474112033,-0.5128653512299061,1.1453647976219654
1781099271365947600,34.80594775390625,0.3823369370877743,-0.44837797375023364,2.313351761418581
1781099271391023600,34.83102368164062,0.7647592143714428,-0.5114177827700972,1.6523574574261903
1781099271416099800,34.85609985351562,1.3914040895164013,0.7949936091154813,0.10808744975328445
1781099271441174800,34.8811748046875,1.5990350325614213,1.058758527314663,0.6230570797860622
1781099271466250800,34.906250732421874,1.41240596101284,-0.2046308844462037,1.1624690771579742
1781099271491326700,34.93132666015625,0.9038935442954301,-0.7250646251037717,0.7488923676759004
1781099271516401700,34.956401611328126,0.5598924753427506,-1.0538172715201972,1.8387176489055155
1781099271541477600,34.9814775390625,1.3318038995563983,-0.6236591373324394,0.8454822718590498
1781099271566552600,35.00655249023438,2.81121711191535,0.7855103259772062,-0.08690963716804981
1781099271591628800,35.03162890625,2.9720991632670164,1.339728847336769,0.561021771633625
1781099271616704800,35.05670483398438,-0.0899725318700075,-1.0746560614094138,0.9426397467970847
1781099271641779700,35.08177978515625,-0.6147066000699997,-1.626467813888192,2.016901548191905
1781099271666856000,35.10685595703125,0.4653402144670486,-1.0844538173243403,2.298906471958756
1781099271691931000,35.131930908203124,1.424991301819682,-0.8494973527193069,1.2670499800950288
1781099271717006600,35.15700659179687,1.0236264236569403,-0.059475686797499656,1.7694693406343458
1781099271742082600,35.18208251953125,1.4948428366810083,0.4791369768902659,1.5140011261373758
1781099271767157800,35.20715771484375,0.08090367475152015,0.5203595063775778,0.727857762953639
1781099271792233700,35.23223364257812,-0.05680500628352165,-0.17785569024533032,1.6447832227796315
1781099271817309700,35.25730981445312,-0.38042671955227847,-0.360886152780056,3.2015655060231683
1781099271842385000,35.282385009765626,0.9751987850964069,-0.533899079169333,2.4450503883838652
1781099271867460600,35.307460693359374,1.9665829813182354,-0.3742416011765599,0.6998772846162319
1781099271892535800,35.33253588867188,2.7159084797143933,0.19983751268982886,-0.23624504311084746
1781099271917611500,35.357611572265625,1.4608973124593496,0.07248451371341944,0.33000118517279625
1781099271942687700,35.382687744140625,2.1144296100080013,0.36156244460642334,-0.16067279251515865
1781099271967762700,35.4077626953125,1.3956477184355258,-0.8704083310618996,1.3499287543118
1781099271992839000,35.4328388671875,1.4632406607151032,-0.6131067636579275,1.1493144120305776
1781099272017915000,35.45791479492188,0.42629473675787444,-1.0154954319104552,1.919367056635022
1781099272042990000,35.48298999023437,0.8850883060604333,-0.019763854134082794,0.6846984201848506
1781099272068065800,35.50806567382813,1.810353724208474,1.1592860632076858,0.7222825931698084
1781099272093140700,35.533140625,1.7507944507807491,0.9689113753899932,0.9768383689969777
1781099272118217000,35.558217041015624,-0.6931400853157043,-0.7508689284458756,2.1433008997052907
1781099272143293000,35.58329296875,-0.5349836595356464,-0.5460808076113463,2.5795757632076737
1781099272168367900,35.608367919921875,-0.19894494776427746,-0.06717091747522354,0.9001333149790763
1781099272193443800,35.63344384765625,0.8168143957793712,0.6908303470686078,1.574749317088723
1781099272218519800,35.65851977539062,1.8263246158003805,1.0898472008004785,0.5963964518755674
1781099272243595000,35.683594970703126,0.4418447725892067,1.0483096140146255,0.11983078677803277
1781099272268670700,35.708670654296874,-1.4029624253630637,0.6188078979089856,2.1458616901040077
1781099272293746000,35.73374584960938,-1.3304495623379946,0.14921411765068768,2.9320743191316723
1781099272318822000,35.75882177734375,1.008787166443467,1.0027063852250575,1.7311632831156252
1781099272343897900,35.78389794921875,1.6530466087341307,1.1406237405747175,2.1490032030001283
1781099272368972800,35.80897290039063,1.084152496290207,0.5790256303578615,1.5012734542503952
1781099272394049000,35.83404907226563,0.5234276617765427,0.22043255695104597,0.5370335778027773
1781099272419124700,35.859124755859376,0.5767676222980022,0.10326514416337013,0.12516045736819506
1781099272444199700,35.88419970703125,0.0024310265392065047,-0.006596037264168262,0.2169607891872525
1781099272469276000,35.90927587890625,0.564943913513422,-0.37014147238135336,0.9367465971052646
1781099272494350800,35.934350830078124,0.4905862994045019,0.13301993869692086,0.48651276635527607
1781099272519426800,35.9594267578125,-0.503747394272685,-0.19042261861264703,1.3063538164794444
1781099272544503000,35.9845029296875,-0.19718495235443115,0.6284066241204739,0.9217723153352737
1781099272569578000,36.009577880859375,0.3388590298891067,0.8707891470730305,1.23210696926862
1781099272594654000,36.034654052734375,1.4832126046419143,1.8792326146453617,1.1128396615922451
1781099272619729700,36.05972973632812,0.22254326549470424,0.11604337719380856,1.9379840788215397
1781099272644804900,36.084804931640626,-0.17589958774149417,0.317409122364223,1.751307660999894
1781099272669880800,36.109880859375,-0.01741466065943241,-0.15943360610902307,0.9906643575146794
1781099272694955800,36.13495581054688,0.32367432023882864,0.5969648994132876,0.4895198392167687
1781099272720032000,36.16003198242188,0.6984849534749984,1.1489286275833845,1.0238096712693572
1781099272745108000,36.18510791015625,0.6951648691415786,0.3633259471476078,1.2607196080297232
1781099272770183000,36.21018286132813,-0.20179098484516142,0.2132707024976611,0.5742249520778656
1781099272795259000,36.2352587890625,-0.6165396607160568,-0.06045797583311796,1.5093518390268086
1781099272820334000,36.260333984375,-0.2605950559914112,-0.08842413338422775,1.6728203997403381
1781099272845409800,36.28540991210937,0.5563941118329763,0.350223888990283,0.5020423439204692
1781099272870485800,36.31048583984375,0.5950608193576336,0.3478463462039828,1.351825527843833
1781099272895561000,36.33556103515625,0.3976291987657547,0.5301052398443221,0.886028801780939
1781099272920637000,36.360636962890624,-0.16281214263141155,0.3009323270767927,0.9818114812344312
1781099272945713000,36.385712890625,0.4499000687509775,0.7598416317135095,0.9713403561025857
1781099272970787800,36.410787841796875,-0.266371301305294,-0.0948465676471591,1.414142575547099
1781099272995863300,36.43586328125,-0.344451735329628,-0.35657676514834163,1.8315762527182697
1781099273020938200,36.460938232421874,-0.5407967297285795,0.14265139813423156,1.4128759166121483
1781099273046014000,36.48601391601562,0.1976753662198782,0.47504678496718405,1.457666075453162
1781099273071090000,36.51108984375,1.0135434210598468,1.3197598260194063,1.2117439801976084
1781099273096165000,36.5361650390625,0.8407879765629768,0.421840095436573,0.3663604925379157
1781099273121241000,36.56124096679687,-1.1919465160548686,-0.16030658955127,1.7271420647755265
1781099273146317000,36.58631713867187,-0.9884726926892995,0.04175035275369882,2.1141098765343425
1781099273171392300,36.61139233398438,1.0201835897266864,1.3195537820532917,0.7594298360422254
1781099273196468200,36.63646826171875,1.8481506631612776,1.6470897461563347,0.718771370178461
1781099273221543200,36.66154321289063,0.6921013899177313,1.5528575110152363,1.8045348087966442
1781099273246619000,36.686618896484376,-0.4175052811026573,0.5264283048972487,2.073030262649059
1781099273271695000,36.711695068359376,-0.10765256546735763,0.47051966293156144,0.512749908156693
1781099273296770000,36.73677001953125,1.298467447143793,0.8147028104528784,1.206641980883479
1781099273321846000,36.76184594726563,1.7038707870423793,0.8844900479063391,0.8529793496161698
1781099273346922200,36.78692211914063,0.3999649482369423,0.4102805905461311,0.6512406794801354
1781099273371997200,36.8119970703125,-0.9115934511482715,0.7271624741658568,1.7330337531626223
1781099273397073200,36.8370732421875,-0.14032850814461706,1.140219835948944,1.838942689833045
1781099273422148000,36.862148193359374,0.8531313253074884,1.3406041688665746,0.8673007204353809
1781099273447224000,36.88722412109375,0.3563227903872728,1.0605658689975739,1.6663810143426059
1781099273472300000,36.91230004882812,-0.16293781483769415,0.4831076340869069,2.7252520621210334
1781099273497375000,36.937375,0.5079343245685101,1.042133555728197,2.0769050582557917
1781099273522451200,36.962451171875,1.7259440871626137,1.2091647773593663,0.6044438569918275
1781099273547526100,36.98752612304688,0.9988327586621045,1.058833053855598,1.534295433886349
1781099273572602000,37.01260205078125,-0.3120768214255571,1.1251274807572365,1.300457451917231
1781099273597678000,37.037677978515624,-0.8204021911382675,0.767237294922769,1.2061492289304732
1781099273622753000,37.0627529296875,0.6015823300808668,0.7775204962670803,1.9589917955368756
1781099273647829000,37.0878291015625,0.8764367975711822,1.113487019585073,1.5168117996439336
1781099273672905000,37.112905029296876,0.3557055352717638,1.08406277218014,2.0829808710381386
1781099273697980200,37.13798022460937,-0.28258243139386174,1.0839303779721259,1.7210723894730209
1781099273723056000,37.16305615234375,-0.7138572946518659,0.4983791452378034,1.6910460845217108
1781099273748131000,37.18813110351562,-0.44255613572895525,1.0888275023639202,2.4274252998441455
1781099273773207300,37.21320727539062,0.9377128117889165,1.5332833342343568,1.6503464098647236
1781099273798283000,37.23828295898438,1.2566823153376578,1.379535372546315,1.232472295449674
1781099273823358000,37.26335791015625,0.40810792268216606,1.3701184326425193,1.7450865945279597
1781099273848434000,37.28843383789062,0.9192425045967102,1.1346861672192812,1.9806343030244111
1781099273873510100,37.31351025390625,-0.04951601831912994,0.2848611899808049,0.2938108046337962
1781099273898585000,37.338585205078125,0.7898685211867094,1.5860069164231418,1.5704174253642558
1781099273923661000,37.3636611328125,1.1082757146775721,1.7542726482853293,1.88744164006412
1781099273948736300,37.388736328125,0.9697089555084705,0.6704802174791693,0.627186726936698
1781099273973812200,37.413812255859376,0.3021358576476574,1.7821072884112596,1.9710162875905632
1781099273998887700,37.4388876953125,-0.4179775747895241,-0.3851350433737039,2.9134532052919266
1781099274023962600,37.463962646484376,0.21630349432229995,0.5692378113150597,-0.547343959414959
1781099274049038600,37.48903857421875,1.6657120290398597,0.9813497089415788,2.309639755158126
1781099274074114800,37.51411474609375,0.3079337302714586,0.3163835787087679,1.1148346348017453
1781099274099189800,37.53918969726563,-1.452488965076208,0.36822161023467775,1.8348343777313827
1781099274124265700,37.564265625,0.6442039127111434,2.545432962848246,2.4680215141266584
1781099274149340700,37.58934057617188,0.987498294699192,2.153268166968226,1.9079583583921194
1781099274174417000,37.6144169921875,-0.2255512151390314,0.7203878654643893,1.9938789845228193
1781099274199492600,37.63949267578125,-0.7021791318178177,0.02286445049792528,2.609910111194849
1781099274224567600,37.66456762695312,-0.36266017671525475,0.6543997280329465,1.6646604741603135
1781099274249643800,37.68964379882812,1.1503145289838312,1.756837238076329,2.2915827049419284
1781099274274718700,37.71471875,1.6995675368905065,1.330394617280364,1.8960630456760525
1781099274299794700,37.73979467773437,-0.10606091236174106,0.3745131115943193,2.129052301861346
1781099274324871000,37.76487084960937,-0.2823579749882221,1.7264067362383007,1.203159983986616
1781099274349945900,37.78994580078125,1.3329361184567212,2.323918748140335,2.1440134318888187
1781099274375021800,37.815021728515624,0.8501905956804752,0.6825126005783677,1.5070374246045946
1781099274400097500,37.84009765625,0.5290916788876057,0.625276801662147,1.4307052955523132
1781099274425172700,37.8651728515625,0.8416922319263219,1.250702656406164,1.9104025366738437
1781099274450248700,37.890248779296876,0.835218651998043,0.7826523061975836,1.4792603598847984
1781099274475323600,37.91532373046875,1.0428659616559743,0.34390754545032975,0.8977335603609681
1781099274500399900,37.94039990234375,0.1623871952176094,0.6241185715377331,1.7133946944519876
1781099274525475800,37.96547583007813,0.3787017954558134,1.2710074855491518,1.0679074639320374
1781099274550550800,37.99055078125,1.4122861340254544,2.1962074372455476,1.0143179125636816
1781099274575626500,38.01562646484375,1.0508125367462635,1.0548451532632113,2.451766837157309
1781099274600702700,38.04070263671875,-0.9582096563726663,-0.585208995167911,1.7801684293031692
1781099274625777700,38.06577758789062,-1.0328758980393409,0.6107961486279964,2.4766110632956027
1781099274650853600,38.090853515625,0.9685901806116104,2.625782803109288,2.4394459925055503
1781099274675928600,38.11592846679687,2.273395598605275,1.8537296323373913,1.1822247479856014
1781099274701004800,38.1410048828125,0.5089665902256966,0.2139309199720621,2.1519079845309257
1781099274726080800,38.16608081054687,-1.574762761092186,0.13116349717527628,1.9433225172400472
1781099274751155700,38.19115576171875,-1.959250154212117,0.16400924346148968,2.4827622794017192
1781099274776231700,38.216231689453124,1.7590204273343084,2.4185008196324107,1.8792624252617358
1781099274801307600,38.2413076171875,3.512238890391588,2.496952425056696,0.8807017615392804
1781099274826382600,38.266382568359376,0.6990449254453182,-0.42467736468911166,1.8963100061744451
1781099274851458800,38.291458740234376,-1.4280138645112515,-0.18277736455649135,0.22107582329064607
1781099274876533800,38.31653369140625,-0.8208248004645109,0.42785804055184123,2.1504308977156876
1781099274901609700,38.34160961914063,1.2611585839688777,1.8569141075924038,2.232534011384845
1781099274926685700,38.36668579101563,3.2054391325861213,1.3022396591588854,0.3133382196635008
1781099274951761000,38.39176098632812,1.4949159019172191,0.2770551924049854,1.7032240135714412
1781099274976836600,38.41683666992188,-0.8139642670452595,0.5864429208770394,1.3825126347914338
1781099275001912800,38.44191284179688,-0.43359833776950835,0.5394330401599406,1.6366516465112566
1781099275026987800,38.46698779296875,0.7578729619890451,0.2802288540050387,1.4383178163826464
1781099275052063700,38.49206372070312,1.2469032641232014,0.5333697945982218,1.278461893208325
1781099275077138700,38.517138671875,1.162491873511672,1.131642854000628,2.2320482736945153
1781099275102215000,38.54221484375,0.272632115265727,0.18558014701753853,0.7185761398673057
1781099275127290600,38.56729052734375,-0.5293406852126121,-0.21463702241480348,1.5992966061070562
1781099275152365600,38.592365478515624,-0.2935474775224924,0.07832885582745075,1.75399149325639
1781099275177441800,38.61744189453125,-0.6531365762293339,0.0588920416906476,2.0360820494800804
1781099275202517800,38.642517822265624,-0.05510521662831306,-0.6083730131343007,1.7325442160800097
1781099275227592700,38.6675927734375,1.3041320487767458,0.5564847127258777,0.8934875933542847
1781099275252669000,38.6926689453125,1.1905518468260765,0.8755670289993286,1.2209464005678892
1781099275277743900,38.71774389648437,-0.943163478410244,-0.5046703543365001,1.439536544522643
1781099275302819800,38.74281982421875,-0.7706798365920782,-0.2689317994430661,1.0452528567925095
1781099275327895600,38.7678955078125,1.5399030446350574,0.8113374256730079,1.6803373512417077
1781099275352970800,38.792970703125,1.6390619225233791,0.19122312134057282,0.5972019230395555
1781099275378046700,38.81804663085938,0.3053366995155811,-0.3972068817004561,1.6154592208787797
1781099275403122700,38.84312280273438,0.5079974529325961,0.15506401272267104,0.6089838385090232
1781099275428198000,38.868197998046874,0.7731219690471887,0.6399512237027287,1.603119963787496
1781099275453273900,38.89327392578125,1.2470406267672776,0.19469781171381473,1.1872151036188006
1781099275478348800,38.918348876953125,1.1802239295572041,0.07915683108419179,0.9733101948708295
1781099275503424800,38.9434248046875,0.4847381578981876,-0.019571546432375908,1.2718354608058928
1781099275528500700,38.96850073242187,0.34764965458810326,0.3394803766578436,1.297993984413147
1781099275553575700,38.99357568359375,0.9507377130568027,0.09113660721331834,1.1378566139489412
1781099275578651600,39.018651611328124,1.4835329226374625,-0.1586208284214139,0.5375900426417589
1781099275603728000,39.043727783203124,1.098378590041399,0.47753071073740716,0.9547101238191127
1781099275628802800,39.068802734375,0.6895604732632636,1.005505076032877,0.9927969856292008
1781099275653878800,39.093878662109375,0.44301498541235923,0.3506207793533802,1.6333008747786282
1781099275678953700,39.11895361328125,0.26580723768174647,-0.8237915413156152,0.8668003696978092
1781099275704029700,39.14402978515625,0.6770353382110595,-0.3204866301134229,1.5042907562449574
1781099275729105700,39.16910571289063,0.504471032372117,0.601397328902781,1.324197223944962
1781099275754180600,39.1941806640625,0.8475953184902667,0.8267796172156929,1.1313903405442833
1781099275779256800,39.2192568359375,0.8698398835241794,-0.2523313777759671,0.9711731828421354
1781099275804331800,39.244331787109374,0.5593517925947904,0.3377712346524,1.0355872028246522
1781099275829407700,39.26940771484375,-0.07716390370130538,0.2615942961618304,1.7657625950708984
1781099275854484000,39.29448388671875,0.3106675391495228,0.535370320765674,0.8565893568068742
1781099275879559000,39.319558837890625,1.5019225658088922,0.9708072721391916,1.6214020549312234
1781099275904634600,39.34463452148437,1.3247054657280444,0.7107195811480284,1.190185351601243
1781099275929710800,39.3697109375,0.3816764273524284,0.2363303833067417,1.1814841587513685
1781099275954785800,39.394785888671876,0.06443418598771095,0.58565849250108,1.6782877252355217
1781099275979862300,39.4198623046875,0.17397358811497687,0.6631964902117848,1.3850085432603954
1781099276004937200,39.44493725585937,0.25206278996765613,-0.23462825556397437,1.6111276214152574
1781099276030013200,39.47001318359375,1.0490548794239758,0.31018530859053134,1.0232792176544665
1781099276055089200,39.49508911132813,1.357362703704834,0.9016375820621848,0.3988999493539333
1781099276080164000,39.5201640625,0.2740975116431713,0.7217641222536564,0.8565081082642078
1781099276105240000,39.54523999023438,-0.6844447376847267,0.5700386063039302,1.3597282637923955
1781099276130316000,39.57031591796875,0.13133154721856116,0.6755410080000758,1.8470260430455208
1781099276155391200,39.59539111328125,0.45223348013460635,0.5954442657172679,1.6902841602385044
1781099276180467200,39.62046728515625,0.6722609634160995,0.6931924000248313,1.091015660057962
1781099276205542100,39.645542236328126,0.23724399102032184,0.7152905423253775,1.455569979956746
1781099276230618000,39.6706181640625,0.26037352219522,0.30032588561624285,0.5835112513393164
1781099276255694000,39.695694091796874,0.05667933407723903,0.17820289624780417,0.8498647247269749
1781099276280769000,39.72076904296875,0.738197370660305,0.22792028235793113,0.3500274896353483
1781099276305845000,39.745844970703125,0.34315877290964125,0.12470160768479108,0.6083420334741473
1781099276330921200,39.770921142578125,0.1593634634822607,-0.3469949900716543,0.48289369907528157
1781099276355996200,39.79599609375,0.11280220331549644,-0.7164777062833309,0.0404486225053668
1781099276381072100,39.821072021484376,0.4451823925793171,0.2459112816005945,0.7138771683961153
1781099276406147300,39.84614721679687,-0.07487783859074115,0.1717790006801486,0.3346779448121786
1781099276431223000,39.87122314453125,-0.6007306816875935,0.7652034510076046,1.8950874786421656
1781099276456299000,39.89629907226563,-0.033765491479635236,1.3785305794179439,1.4292355152606964
1781099276481374000,39.9213740234375,0.3377197967261076,0.7141343580275774,1.5399077208101748
1781099276506450200,39.9464501953125,0.5226256977438927,0.7853165569707751,1.493317526809871
1781099276531526100,39.97152612304688,0.23011925370693206,1.1708578430578112,0.9845949744731187
1781099276556601000,39.99660107421875,-0.49669221506416794,0.8197741223677992,1.181460777875781
1781099276581677300,40.02167724609375,-0.2954921818494797,0.8637208161219954,1.1079264628484844
1781099276606752300,40.046752197265626,0.7939321173638105,0.6712073627099394,0.9732987966939807
1781099276631828000,40.071827880859374,1.6322072343230247,0.6384577702745795,0.14191636185795067
1781099276656904200,40.096904296875,1.2552373772263525,0.20848142239451406,-0.07033785707354545
1781099276681979100,40.12197924804688,-0.06206921042203903,-0.3097062929019332,0.8699228856325149
1781099276707055000,40.14705517578125,-0.14619710791707038,-0.555915388405323,0.6908604499459267
1781099276732131300,40.17213134765625,1.140717848598957,-1.137953644582629,0.16789368367940186
1781099276757206300,40.19720629882813,1.84958215726912,-1.4846481904029845,-0.7635287957936525
1781099276782282200,40.2222822265625,0.7224415831238031,-2.2304347010180354,-1.6030948293462395
1781099276807357200,40.24735717773437,-0.8372393441706896,-2.8475290730074048,-1.3326421039462089
1781099276832433200,40.27243310546875,-2.3497300657451152,-2.274358306157589,-0.15825111832618713
1781099276857509000,40.29750903320313,-1.9689257450520992,-1.415834181895852,0.614711568506062
1781099276882584000,40.322583984375,0.8855611842691897,-0.5794426867261528,1.4973656331568956
1781099276907660000,40.34765991210938,2.193938615530729,-0.5146951970055699,0.30267507909089325
1781099276932736300,40.372736328125,1.7132161230146883,-0.46523733861446376,-1.064998590748012
1781099276957811200,40.397811279296874,-0.39220542015135285,-0.09728431618809699,0.2547808167546987
1781099276982887200,40.42288720703125,-3.827023801732063,-0.6055924425050616,1.9033257301554083
1781099277007962000,40.447962158203126,-2.437467385908961,-1.92624366440624,2.224780620779097
1781099277033038000,40.4730380859375,0.8320493743121623,-0.2526768302127719,0.38944560004919765
1781099277058114300,40.4981142578125,3.294863382923603,-0.39105215846300123,0.05560410606116056
1781099277083189200,40.52318920898438,1.4205612104177474,-0.6852279970169067,-0.02511135264188051
1781099277108265200,40.54826513671875,0.382359733441472,-0.9503644958302379,-1.4157581940501927
1781099277133340400,40.57334033203125,-0.3313099296838045,-1.4601041162550448,-0.08942775746881962
1781099277158416400,40.59841650390625,0.9335562766313552,-0.1482280292227864,-0.11953384965807198
1781099277183492000,40.6234921875,1.0383592978864908,-1.6526202000156045,0.6743608583047985
1781099277208567000,40.64856713867187,1.0721662904202938,-0.4147445842176676,-0.6282841667845844
1781099277233643300,40.67364331054687,1.0081021067887543,-0.8137976783066988,-0.2604500945627689
1781099277258719200,40.69871923828125,0.8997732494950293,-0.7905822224140167,-0.33003245709389445
1781099277283794200,40.72379418945312,0.721960521608591,-0.8999033056154847,-0.42695349292755125
1781099277308870400,40.74887036132812,0.9124164579689502,-1.1955223287150263,0.5777849826470017
1781099277333945300,40.7739453125,0.04858312138319015,-0.6556526507034898,0.005276771359145641
1781099277359021300,40.799021240234374,-0.6307184081941842,-1.7488880326375364,0.29367753364294763
1781099277384097300,40.82409716796875,-0.2061760680615902,-1.1673846139892936,0.4514019977465272
1781099277409172200,40.849172119140626,0.7018897934824228,-0.7737687425181269,-0.008989654402434825
1781099277434248200,40.874248291015626,0.6484060405761003,-1.5208233733728527,-0.8703621538326144
1781099277459324400,40.899324462890625,0.6940402490258216,-0.816988291041553,-0.34362200650721786
1781099277484399400,40.9243994140625,-0.6898883900433779,-1.5219722511470317,0.2943476879894733
1781099277509475300,40.94947534179688,-0.22565233742594717,-0.8755299118593335,0.7148305235981941
1781099277534550300,40.97455029296875,0.443537547981739,-0.8125894715607166,0.24023732761740682
1781099277559626200,40.99962622070313,1.5715969905376432,-0.8968640840500592,-0.3413552306190133
1781099277584702200,41.0247021484375,0.9116635937750339,-0.5146951970055699,0.2899649428606033
1781099277609777200,41.04977709960937,-0.000052022448182106015,-1.616583256472647,-0.9804124280914663
1781099277634853400,41.07485327148437,0.25084990704655646,-0.9590729952037333,0.44110622918158765
1781099277659928300,41.09992822265625,0.6084300040185451,-0.9283145765855908,-0.009994447530806064
1781099277685004300,41.12500439453125,0.5263514402687549,-1.6331836781397462,-1.0632982165709137
1781099277710080300,41.15008032226562,0.44895255876779555,-0.6953700363248586,-0.10016133292913436
1781099277735155500,41.175155517578126,-0.3477484387874603,-1.1181558881789446,0.12968553357720375
1781099277760231200,41.200231201171874,0.3917383871614933,-0.7026908807322383,0.8845838636696338
1781099277785307100,41.22530712890625,0.48689387462735173,-0.7757768674701452,-0.13835633128881453
1781099277810382300,41.25038232421875,0.3522609477758407,-1.365600370696187,-0.43328181916624303
1781099277835458300,41.275458251953125,0.11926935350298881,-0.37851387166827916,0.5139774041250348
1781099277860533200,41.300533203125,-0.5787777930766344,-1.2823872499585152,0.04809241525679826
1781099277885609200,41.32560913085938,0.4554296458274126,-1.0246519673123955,-0.6094271983623504
1781099277910685200,41.35068530273438,0.5447492667466401,-0.7362479901582002,0.18179507552087307
1781099277935760400,41.37576049804687,-0.09036591510176659,-1.2353642174988984,0.1772007334679365
1781099277960836000,41.40083618164063,-0.2740232773631811,-1.4536059864073991,0.2650859376698732
1781099277985911800,41.425911865234376,-0.28478783248364925,-0.7509840792581438,0.08358283083289861
1781099278010986800,41.45098681640625,0.7121820549160242,-0.4786623451158404,-0.9957482366502285
1781099278036063000,41.47606298828125,1.1565864488601685,-0.504471032372117,0.45102176625728607
1781099278061138000,41.50113793945312,0.5738537806779146,-1.2500471151068806,0.08495645727366209
1781099278086214000,41.5262138671875,-0.3442237717926502,-1.1431789780154824,-0.6601622370824217
1781099278111289900,41.55128979492188,-0.016767010405659675,-0.4196756108790636,0.42990211360007524
1781099278136365000,41.576364990234374,0.4753010519891977,-1.2687731506258249,-0.7139949495568871
1781099278161440800,41.60144067382812,1.0523708721041678,-1.3792688305646181,-0.005560848997533321
1781099278186515700,41.626515625,-0.0917635069400072,-0.5783548914894461,0.021204700592160224
1781099278211592000,41.651592041015626,-0.1741816779077053,-0.8041779093071818,-0.8441945701360702
1781099278236668000,41.67666796875,1.08897713996768,-0.6298331497922539,-1.1893301960766314
1781099278261742800,41.70174291992188,0.7461141351342201,-0.49891398276686666,-0.6188473531365394
1781099278286819000,41.72681909179688,-0.8443284256488084,-1.4012743261456488,0.41361470340490336
1781099278311894800,41.751894775390625,-0.36048575528562066,-1.219199264639616,1.229222061482072
1781099278336969700,41.7769697265625,0.2486041739463806,-0.5704933643341064,-0.2161912661194801
1781099278362045700,41.802045654296876,0.6831020909041166,-1.291121176034212,-1.2936027637168763
1781099278387121000,41.82712084960937,0.042726212048530575,-1.3902975895792244,-0.12792612268924713
1781099278412196900,41.85219677734375,-0.605209288406372,-0.9456228542611003,-0.4434919552743435
1781099278437272800,41.87727294921875,0.15592822833657263,-0.6538447244986891,-0.7466673851028084
1781099278462348000,41.90234814453125,0.7544418184965849,-0.07554390128403901,0.2694987856760621
1781099278487424000,41.92742407226562,-0.07131576219499111,-1.084362924170494,-0.5699418679311872
1781099278512499700,41.95249975585938,-0.9354629870355129,-1.2642252780631185,-0.3264154356405139
1781099278537574700,41.97757470703125,-0.049826983964443204,-0.6130334061607718,0.4431587777972221
1781099278562651000,42.00265087890625,0.7195365093320608,-0.3694461835935712,-1.3766536796301603
1781099278587725800,42.027725830078126,0.8184241690635681,-1.3326590550810098,-1.1187421636343002
1781099278612801800,42.0528017578125,0.139700147113204,-0.8886685026347637,-0.3316156346321106
1781099278637878000,42.0778779296875,-1.1365800181418657,-0.4582373967245221,-0.2075999633848667
1781099278662953000,42.10295288085938,0.13582067533135414,-0.5548726013541221,-0.7105301960557698
1781099278688029000,42.12802880859375,1.410304604819417,-0.3745256788149476,-0.6801534702315926
1781099278713105000,42.15310498046875,0.15969722548127174,-1.047124495883286,-0.28077392066717144
1781099278738179800,42.17817993164063,-1.3489748145878315,-1.1065019830033183,-0.15611176820993422
1781099278763255800,42.203255859375,-0.6170201377093791,-0.9685776133909821,0.11592997994720936
1781099278788330800,42.22833081054687,0.552735589325428,-0.2078638750180602,-0.9874214300706982
1781099278813407000,42.25340698242187,-0.1575111136138439,-1.172978488473594,-1.0848708736926316
1781099278838483000,42.27848291015625,-0.5275812743246555,-1.071550204348564,-0.6429410531684756
1781099278863558000,42.30355786132812,-1.3251198917478322,-0.6620891134917736,-0.8512436118647456
1781099278888633900,42.3286337890625,0.27201661371588703,-0.04444207605570554,-0.8522221015080809
1781099278913708800,42.353708740234374,0.5449836600244045,-0.2505100075677037,-0.41980625152140855
1781099278938784800,42.37878466796875,-0.03868599674701691,-0.07173281856328248,0.8870590216115116
1781099278963861000,42.403861083984374,-0.6741080525875092,-0.47080753996223207,-0.7423030524134635
1781099278988936400,42.4289365234375,-0.8651847511947155,-1.1266939994215965,-0.24034663321077823
1781099279014012400,42.45401245117188,-0.974829367262125,-0.4299842389255762,0.18397504990845917
1781099279039088400,42.47908837890625,-0.17482523650825021,-0.2488371059194207,-1.0592775827527046
1781099279064163300,42.50416333007813,0.8984884703814983,-0.2633259422600269,-1.770705604431033
1781099279089239300,42.5292392578125,0.9696505033195019,-0.7600631655097008,-1.2338038363143802
1781099279114314200,42.55431420898437,-0.4987205060213804,-0.23534838653206824,-1.2829948604628443
1781099279139390500,42.57939038085937,-0.6630792935729026,-0.8061994782626628,-0.9724386727333069
1781099279164466400,42.60446655273437,0.5160878204077481,-0.33078356772214174,-1.188999356687069
1781099279189541400,42.629541259765624,0.33028760089874265,-0.26346798107922076,0.1996326377674937
1781099279214617600,42.65461767578125,-0.432355059710145,-0.7083925995051861,-0.5200862423941492
1781099279239692500,42.67969262695313,-0.5638128636568784,-0.23353987580537794,-1.0210261780306695
1781099279264768300,42.704768310546875,0.021216975551843643,0.5343044450998305,-1.0123153405696153
1781099279289844200,42.72984423828125,0.05980360357761383,-0.11220599098801612,-0.3443842230513692
1781099279314919400,42.75491943359375,-1.036931895431876,-0.16070026504397392,-1.332518769827485
1781099279339995400,42.779995361328126,-1.270714347821474,-0.6544301231712103,-0.14384353052824736
1781099279365070300,42.8050703125,0.44101358246207234,1.1057571559853852,-1.152036530470848
1781099279390146600,42.830146484375,0.2922960161566734,0.029544805044680832,-0.6719044050633907
1781099279415222500,42.85522241210938,-0.06911503728032112,-0.4300640261635184,-1.0646642442271113
1781099279440297500,42.88029736328125,-2.694769245573878,0.45348932541459797,0.7534837871193886
1781099279465373200,42.90537329101563,-0.8475988256216048,0.6170499483257532,0.868501620657742
1781099279490449400,42.93044946289063,1.151165592855215,1.517852686998993,-2.3732737306788563
1781099279515524400,42.9555244140625,1.2658920422315596,1.6724956978306174,-1.1541855251982807
1781099279540600300,42.98060034179687,-1.7512971396058796,0.9831037130020558,0.677483958761394
1781099279565675300,43.00567529296875,-1.7105355056285858,0.5700011969029903,-0.35908494857698675
1781099279590751500,43.03075146484375,1.216267302840948,1.4021497938059269,-1.5594704994142055
1781099279615827200,43.0558271484375,1.2414192797541617,2.296118448675424,-0.900451002626121
1781099279640902400,43.08090234375,-1.8346353480279445,1.722083027820289,0.4906193248912692
1781099279665978400,43.105978271484375,-2.5688801816701887,1.4876872658379374,0.35331776335239407
1781099279691054300,43.131054443359375,-0.34472178444266316,2.8303315622299907,0.5669035231485963
1781099279716129300,43.15612939453125,1.0635527758538723,3.4202465431317686,1.341435358993709
1781099279741205500,43.18120556640625,0.18127075938582418,2.9769688151299953,-0.03728489777743816
1781099279766280400,43.20628051757812,-0.4992869077324867,2.0017891731254753,0.10704524722397327
1781099279791356400,43.2313564453125,-0.9136988989949226,0.6819257406011223,-1.576816624882072
1781099279816432400,43.25643237304688,0.15948329046964643,1.4923359684266149,-1.840651685708016
1781099279841507300,43.28150732421875,0.9077145638883113,1.4321978721976278,-0.23274463377445934
1781099279866583300,43.30658325195313,-0.5831716441214084,1.1405014293693005,-1.2124790164738892
1781099279891658200,43.331658203125,-2.184664591228962,1.4991735593616962,-0.4601540440008044
1781099279916734500,43.356734375,-1.7492296856820582,2.08036747366935,-0.34548443937823176
1781099279941810400,43.381810546875,0.08659516439139843,1.5257767579965293,-0.9500603983171284
1781099279966885400,43.406885498046876,0.4396025466203689,2.2148532471351325,-1.4874103485926984
1781099279991961300,43.43196142578125,-1.9169664252340792,2.1939090971753,2.059618261759728
1781099280017036500,43.45703662109375,-2.320069086974859,0.7228823126286268,1.7996769935019312
1781099280042112300,43.4821123046875,0.05194178416132927,1.8159364927768706,-1.8381489091068506
1781099280067188200,43.507188232421875,2.462568509417772,2.284175789686292,-0.9493823529250919
1781099280092263200,43.53226318359375,-0.10537176105380058,2.727567061065137,-1.0766789455391466
1781099280117339400,43.55733935546875,-1.698047195455432,1.2117848967298865,-1.1175323494531213
1781099280142414300,43.58241430664062,-1.719089398962259,1.9422718391433358,-1.328605980297923
1781099280167490300,43.607490234375,-0.3691945469200611,1.8729951815605161,-1.1922870000556112
1781099280192566300,43.63256616210938,0.47067573027610776,1.4070280673667788,-0.7211503742694855
1781099280217641500,43.65764135742187,0.21543781740367413,1.003137323988229,-1.217798457930982
1781099280242717200,43.68271728515625,-0.46146600338220595,1.5776220960460603,-1.7403757864885032
1781099280267793400,43.70779345703125,-1.4379174188882111,1.2974503790557383,-0.26592545723393557
1781099280292868400,43.732868408203124,-1.3547744407773017,1.0821845572181046,-1.3064910329930484
1781099280317944300,43.7579443359375,-0.9403729709088802,0.6211931856103241,-1.3423242706574499
1781099280343019300,43.783019287109376,0.2993640548467636,1.667276501877606,-0.9618110418654978
1781099280368095500,43.808095458984376,-0.5713268925487995,1.9102981995165347,-0.8438080550365149
1781099280393171200,43.833171142578124,-1.9167817163169383,0.44994887632876635,-0.7684677135005593
1781099280418246100,43.85824609375,-1.6458277633965015,0.5102735811710357,-2.5059856263399123
1781099280443322400,43.883322265625,0.2959434327483177,1.2707519033528865,-0.3792477389007807
1781099280468397300,43.90839721679688,0.6965583693265914,1.8280930867776273,-0.7714220332615077
1781099280493473300,43.93347338867188,-0.5512812988638878,1.5069042997442186,-1.7644671484328804
1781099280518549500,43.95854956054688,-0.816456668382883,1.1688546865418552,-1.6280360861182213
1781099280543624400,43.98362451171875,-0.7355974172949791,1.6038570458903907,-1.1704466319084166
1781099280568700400,44.00870043945312,-0.3934977980494499,1.1651266059294343,-0.6627443625301123
1781099280593776000,44.03377612304688,-0.21104338183701038,0.9108028852924704,-1.6645058681204914
1781099280618851300,44.05885131835937,-0.32116496776640413,1.1249337117508054,-1.7153801691807806
1781099280643927300,44.08392724609375,-1.235465924307704,0.6431506042659282,-1.4181265306167303
1781099280669002200,44.109002197265625,-1.080531967705488,0.8123316974073648,-1.4938975186549126
1781099280694078500,44.134078369140624,0.028585458493232727,1.541755394503474,-1.599369379082322
1781099280719154400,44.159154541015624,0.28495675930976866,1.5038243077769875,-0.9449138292089104
1781099280744229400,44.1842294921875,-1.337670161241293,1.4070673764638602,-1.4722082494162023
1781099280769305300,44.209305419921876,-1.5161661952167749,1.5502008590266108,-0.849618348750472
1781099280794380500,44.23438061523437,-0.6186492002159357,0.8826363828636705,-1.5021506754763423
1781099280819456300,44.25945629882813,0.4231172757655382,1.0686793250873685,-2.180107512446493
1781099280844532200,44.2845322265625,-0.05050035318136215,0.38764249614998697,-1.071191454038769
1781099280869607400,44.309607421875,-0.39145664761066434,0.3093089641474187,-1.1103859848298132
1781099280894683400,44.33468334960938,-0.5120622181534766,0.09724529935196041,-3.1062901915699244
1781099280919759400,44.35975927734375,-0.25765491088628767,-0.14532251703962684,-3.367596026179194
1781099280944834300,44.38483422851562,-1.2668477355211973,-0.19964988116323948,-2.2183730918243527
1781099280969910300,44.40991015625,-1.8931728771924972,-0.14103943289294837,-1.5829307238481938
1781099280994985000,44.43498486328125,-0.2601373753517866,1.072437362446636,-1.6610383381403981
1781099281020061000,44.46006103515625,0.65396425922513,1.4069729761786758,-1.2673790659189224
1781099281045137000,44.48513696289063,0.7798878099203109,0.4425739636465907,-1.8096015906669198
1781099281070211800,44.5102119140625,-0.949228477537632,-0.5136890887029468,-2.5271777597114444
1781099281095288000,44.5352880859375,-1.9017922369778155,0.2485258480131626,-1.2378165790870785
1781099281120364000,44.56036401367187,-1.4712977104425429,0.8038038152977823,-1.2217246914640068
1781099281145439000,44.58543896484375,0.44493104816675183,0.5222726465225219,-1.621265715200454
1781099281170515000,44.610514892578124,0.9895458748787641,0.41792073003575203,-1.5317863736748694
1781099281195590100,44.63559008789063,-0.8977332681000232,0.07876300946101546,-2.3781508351959286
1781099281220665900,44.660665771484375,-1.4419745853245258,-0.32371289868354797,-2.5850965724557637
1781099281245741800,44.685741943359375,-0.15489946981072425,0.2594534847408533,-1.550963075570762
1781099281270817000,44.71081713867188,0.03969663509428501,0.313878610150516,-1.900116412720084
1781099281295893000,44.73589306640625,-0.6901561010688543,-0.3720718559220433,-2.5996505829870697
1781099281320969000,44.760968994140626,-0.9678677115559577,0.39739275966137644,-1.6628892267040907
1781099281346044200,44.78604418945312,-0.741035808956623,0.5987384849570692,-1.7159141299270093
1781099281371119900,44.81111987304688,0.13395605050325393,0.40618703762218356,-2.557738025408983
1781099281396194800,44.83619482421875,0.6459247451543808,0.498241051941365,-0.8503887486010789
1781099281421270800,44.86127075195313,-0.0626759441435337,0.2545147131644189,-1.8179028244137763
1781099281446347000,44.88634692382813,-1.2234767958283423,-0.2211393900461495,-2.2038108979865907
1781099281471422000,44.911421875,-0.5150315893530846,0.5428580461725593,-0.9562349952988326
1781099281496498000,44.93649780273437,-0.9404209017038345,-0.35766456038504835,-1.9881775580108165
1781099281521574100,44.96157421875,-0.37804829998314377,-1.0611755253285169,-2.0970130496524275
1781099281546649000,44.986649169921876,-0.49701604019105433,0.33320553417205806,-2.3393552405945957
1781099281571724800,45.011724853515624,0.106861122828722,0.6110187053374946,-1.5991573437668383
1781099281596799700,45.0367998046875,-0.16946692434549332,0.03267272780686617,-2.6668051338493823
1781099281621876000,45.0618759765625,-0.7321861475467681,0.5878051491409539,-0.8142565279901027
1781099281646952000,45.086951904296875,-1.62318923060894,0.9083543230965733,-0.4965845169059932
1781099281672027000,45.11202685546875,-1.8417723603010177,-0.1472261587038636,-0.8783373704954981
1781099281697103000,45.13710302734375,0.6416904685854912,-0.764157302955538,-2.1862049525387586
1781099281722178800,45.1621787109375,0.9366331998586654,0.7929018975332379,-2.834221555405855
1781099281747254000,45.18725390625,0.17168226230740546,0.1586567765176296,-2.5622175089105963
1781099281772330000,45.212330078125,-0.4499789792060852,-0.12294979558140039,-1.8988985613629221
1781099281797405000,45.23740502929687,-1.0357388862550259,0.17298457707762718,-1.4466490068763493
1781099281822481000,45.26248095703125,-0.4677297399520874,0.5063648832947015,-1.317609954509139
1781099281847557000,45.28755712890625,0.3088473379850387,0.7150693007901311,-1.7568249631166457
1781099281872632000,45.312632080078124,0.2517062316149473,0.09916340793296693,-1.2494371665149926
1781099281897708000,45.3377080078125,-1.6393758107781409,-0.2244344860687852,-1.0352303522109985
1781099281922783700,45.36278369140625,-1.821560762399435,0.18554244535565376,-0.6435320047989487
1781099281947859000,45.38785888671875,0.07405424724817275,0.3240110048472881,-1.056485029424727
1781099281972935000,45.41293481445312,1.5436030681967734,0.7378669696621596,-2.755258785589039
1781099281998010000,45.43801000976563,0.06535305439829826,0.22490575684234498,-1.1867129993155598
1781099282023086000,45.46308618164063,-1.6223440119564532,0.04328326140940189,-0.4872118545353412
1781099282048162300,45.48816235351563,-2.1905308529138563,0.15325418682172895,-1.0240373425453901
1781099282073237200,45.5132373046875,0.17371873657107353,0.7414199859686196,-1.1470333153560757
1781099282098313200,45.53831323242188,0.5808084221214056,-0.1952533997699618,-1.9168638416424393
1781099282123389200,45.56338916015625,-0.29485154585838314,-0.31241511346921325,-1.473151229354739
1781099282148464000,45.58846411132812,-1.7992910629242658,1.1256092729248106,-0.3231684165433049
1781099282173540000,45.6135400390625,-0.7203507483243942,0.39414018760621544,-0.7812079526081681
1781099282198615000,45.63861499023437,0.2501987496614456,0.0783966603666544,-1.9791060705438255
1781099282223691300,45.66369116210937,0.43041970773339266,0.03851400118097663,-0.7309335171371698
1781099282248767200,45.68876733398437,-1.7551462162494658,0.04958309220597148,-1.1543994602099061
1781099282273842200,45.71384228515625,-1.2153098559856415,-0.23348259266018867,-1.7001143571183084
1781099282298918000,45.73891796875,1.267077452623844,1.1204399074628948,-1.6149772825807331
1781099282323994000,45.763994140625,1.1493091513335705,0.6807688256509602,-2.0604706408053635
1781099282349069000,45.789069091796875,-1.1830582762002944,0.19660320694372058,-0.8643959389045834
1781099282374145000,45.81414501953125,-2.2506454221367833,0.33223040552958844,0.23376696255952117
1781099282399220200,45.83922021484375,-1.0152765284627676,-0.0031871056035161016,-0.5815028341263532
1781099282424296200,45.86429614257813,0.5886953759789466,0.5012460789762437,-1.9958447316378354
1781099282449372200,45.8893720703125,0.2346001985132694,-0.3143888977602124,-1.721224949686229
1781099282474447000,45.91444702148438,-0.6370026030302047,0.18748817259594797,-1.2199801858842372
1781099282499523000,45.93952319335938,-1.355079561203718,0.19220058807060122,-1.3777818068772554
1781099282524599000,45.96459912109375,0.016306991678476334,0.6950999872118234,-1.0722636133149266
1781099282549674000,45.98967407226562,-0.22627134610712527,0.03612345278263092,-1.0303986942708492
1781099282574750200,46.01475024414062,-0.9033481853723525,0.2527646546266973,-0.5420172114342451
1781099282599825200,46.0398251953125,-0.8715946182370186,0.2121634719081223,-1.180563829036057
1781099282624901000,46.06490112304687,0.04757189851403236,0.44826735298261045,-2.0633476575464007
1781099282649977000,46.08997705078125,0.5662918209910393,0.03945508142337203,-1.4854235586896538
1781099282675052300,46.11505224609375,-0.38973581516742706,-0.14927198531776667,-1.4270195927768945
1781099282700128000,46.1401279296875,-0.39034137984514233,-0.2889515280343592,-1.3328531163483857
1781099282725204200,46.165204345703124,0.021375380983948707,0.24378859035819767,-1.8397139664664863
1781099282750279200,46.190279052734375,-0.1950724902451038,0.15962795963734389,-0.7051227840542793
1781099282775355100,46.215355224609375,-0.8139718658298254,0.3448809205271303,-1.0715627715691924
1781099282800430000,46.24043017578125,0.7219657823055983,0.48895840594172474,-1.1362114770904184
1781099282825506300,46.26550634765625,0.7414660170674323,0.316835560259968,-1.8292121539354322
1781099282850582000,46.29058203125,-1.08138653870821,0.12120002930462359,0.3861398365020752
1781099282875657000,46.31565698242188,-1.6819979779303074,-0.2793967870950699,0.7289274380117654
1781099282900733200,46.34073315429688,-0.5748913070321082,-0.6153636026740074,-1.3168249416112898
1781099282925809200,46.36580908203125,0.9599082769840955,0.43352644157707687,-0.8908557835459708
1781099282950884000,46.39088403320312,0.24756957020163534,0.32339228842705486,-0.04427285696864128
1781099282975960000,46.4159599609375,-0.7386947987884283,-0.6986009810701013,-0.8918100155308842
1781099283001035300,46.44103515625,-0.9619143561094998,0.4791242635391652,-0.43353754749298096
1781099283026111200,46.466111328125,0.1276128189563751,1.1073702902704476,1.5761434017956255
1781099283051187200,46.49118725585937,-0.03466214805841446,0.006415566130727529,-0.03536766597926617
1781099283076262100,46.51626220703125,-0.9349977076113224,-1.3085802603572607,-0.16033376981914044
1781099283101338000,46.541338134765624,-0.8362129237323999,-0.3372799440041184,0.5035059867322444
1781099283126414300,46.566414306640624,-0.31645313681364057,-0.026151217083632945,0.12802636819332838
1781099283151489300,46.5914892578125,1.991142253035307,-0.45373774721771476,-3.013478344620764
1781099283176565200,46.616565185546875,0.8815876044631004,-0.3373386884540319,-0.9323021849170327
1781099283201640200,46.64164013671875,-1.4608359376609326,-0.33382629641890527,1.1470260088324546
1781099283226716200,46.66671606445313,-2.1665338912546632,-1.4233955570608376,0.9859998728349805
1781099283251792100,46.691792236328126,-0.4979290633827448,-0.5039765268534422,-0.23024229556471107
1781099283276867000,46.7168671875,0.36636312288641926,-0.11899696630239485,0.641358752413094
1781099283301943300,46.741943359375,0.7495078692257404,0.04625117130428552,-0.292636207896471
1781099283327019300,46.76701928710938,0.32339901042878627,0.031657997806370256,-0.8381535364061593
1781099283352094200,46.79209423828125,0.25512159301638604,0.26079525473862886,0.39472909341007467
1781099283377170400,46.81717041015625,-0.19542904859781265,0.0761371910020709,0.9222112912744284
1781099283402245400,46.842245361328125,-0.38998189888298507,-0.8502282973423599,0.7771595540001988
1781099283427321000,46.86732104492187,0.4142851500123739,-0.36087855399549007,0.5911114972099661
1781099283452397000,46.89239697265625,0.4347194507539272,-0.8701040874183178,0.38136838431656356
1781099283477472300,46.91747216796875,0.6624865883767604,-0.7697831800132989,-0.07658084311634301
1781099283502548200,46.94254833984375,1.3144108662068843,0.5569894473776221,-0.028001228864490985
1781099283527624200,46.967624267578124,1.5404022263288497,0.8770829865202308,-0.34348961229920383
1781099283552699400,46.99269946289063,1.4552198513448238,-0.6002303309500218,0.020571663385629654
1781099283577775400,47.017775390625,-0.7597825950026512,-1.0340627697363496,1.4661878200829028
1781099283602850300,47.04285034179688,0.060602060478925704,-0.6234656605869531,1.886367581091821
1781099283627926000,47.067926025390626,1.8463000668585299,0.13516542629301548,-0.39303164184242484
1781099283653002200,47.093002197265626,5.290827941548824,0.35714667399078603,-2.0215183943375945
1781099283678077200,47.1180771484375,1.4293886599957941,0.1423755038022995,0.6215387841776013
1781099283703153200,47.14315307617188,-2.9333716654658315,-2.256239588882029,1.864095835790038
1781099283728229400,47.1682294921875,-2.160691594967246,-2.7442715276286003,1.065106727297604
1781099283753304300,47.19330419921875,3.9491643267571925,0.22558657871335744,-1.6798942836493254
1781099283778380000,47.21838012695312,4.659658866977692,0.44993134067207574,-1.0620704283416271
1781099283803455200,47.243455322265625,-0.8005898216873407,-0.2843690225496888,0.4651148812785744
1781099283828531200,47.26853125,-2.392407177954912,-2.307670208650827,0.5096013809978962
1781099283853607200,47.29360717773437,0.1717290240585804,-0.5398284692183136,0.022474866658449173
1781099283878682000,47.31868212890625,0.6789379569619893,-0.9410635835215448,0.5385492430627346
1781099283903758300,47.34375830078125,1.1460177085727452,-0.5031549813374877,-0.46712008362114427
1781099283928834300,47.368834228515624,-0.15439736550748348,-0.9479033664137124,-0.993572646176815
1781099283953909200,47.3939091796875,0.6736275755941867,-0.4118079462438822,-0.32576720086485145
1781099283978985200,47.418985107421875,-0.8608990366995334,-0.9289335852667688,0.17549100694060324
1781099284004060400,47.44406030273438,-0.05599485894441604,-0.13679916497468947,0.5324503416657448
1781099284029136400,47.46913647460938,-0.059654550495743745,0.23623949015289544,0.08436141398996114
1781099284054212600,47.49421264648438,1.0543109002560376,-0.5594043995648622,-0.252137608769536
1781099284079287600,47.51928759765625,-0.7859194912999868,-1.1344856762111186,0.07609890481829643
1781099284104363500,47.54436352539062,-0.9033534460693597,-0.8649372061744331,1.3265490477681159
1781099284129438500,47.5694384765625,-0.021024083328247067,0.07668868740499019,-1.0398910374984145
1781099284154514400,47.59451440429687,1.0409557441204786,-0.3661600015297532,-0.9821206933140754
1781099284179590400,47.61959033203125,0.6179273156821727,0.3969923621669411,0.753777509368956
1781099284204665300,47.644665283203125,-1.8130957163929937,-1.4353355857014656,0.8972896159857511
1781099284229741600,47.669741455078125,-0.7800900544941425,-0.31034546758830545,-1.2149492059797047
1781099284254817500,47.694817626953125,1.3924755181401967,0.36818040144145486,-0.631867870490253
1781099284279892500,47.719892578125,2.1658441554248333,0.7046376308858394,-0.7142293428346514
1781099284304968400,47.744968505859376,-0.4888403325200081,-0.7075510341145098,-0.5855620463892817
1781099284330043600,47.77004370117187,-1.045482866156101,-0.550270806647092,0.1713192742139101
1781099284355119400,47.79511938476563,-0.6712742904663086,-0.5010127086117864,-0.08186024482399225
1781099284380195300,47.8201953125,0.5925485442757606,0.12361454310044645,-0.5763078958317637
1781099284405270500,47.8452705078125,0.593349923786521,-0.4897006026111543,-1.8820830356404183
1781099284430346500,47.87034643554688,-0.9779846164226531,-1.0609792721040545,-1.7065782924354076
1781099284455422500,47.89542236328125,-0.794690242254734,0.20834581331610677,0.4812289807334542
1781099284480497400,47.92049731445312,-0.7147440143585204,0.20496245448812841,-1.376040516167879
1781099284505573600,47.94557373046875,-0.9378022436380385,0.3991957174301147,-0.8310401972696184
1781099284530648600,47.970648681640625,-1.1038245804876088,-0.11763035412430763,1.845145636126399
1781099284555724300,47.99572436523437,-0.6385737978696823,-1.1265446540787816,-0.9168348589330911
1781099284580800500,48.02080053710937,-0.4667652788341045,0.23622619227990507,-1.4815096001163124
1781099284605875500,48.04587548828125,1.7464198889583349,0.5754999404497444,-0.4344081928476691
1781099284630951400,48.070951416015625,-0.23459902946949004,0.6677822105668485,-2.186671547137201
1781099284656026400,48.0960263671875,-1.3564613709509372,-0.8701039412878453,-0.7471519537493586
1781099284681102600,48.1211025390625,-1.0598995140433312,0.30835999285951254,0.5528109926491975
1781099284706178300,48.14617822265625,0.4860767130255699,0.3736605864182114,-1.1801482339724898
1781099284731253500,48.17125341796875,1.6748936988830565,0.8383933365114032,-0.5054460148841142
1781099284756329500,48.19632958984375,-0.7317787357896566,-0.050948535340279336,-1.1598065799504518
1781099284781405400,48.22140551757813,-1.6108067188978195,-0.3705059217795729,-0.8699401290282607
1781099284806480400,48.24648046875,0.289956175032258,0.5184849446773528,-1.962762253986299
1781099284831556600,48.271556640625,1.427749660617113,0.17413403937369584,-2.020776928320527
1781099284856631600,48.296631591796874,-0.4021405387103557,-0.3238853326410055,-0.3130675860285759
1781099284881707500,48.32170751953125,-1.5150702166736125,-0.5088604995027184,0.34212972212284803
1781099284906783200,48.346783203125,-0.5237444726407527,-0.055754474317282435,-0.5574000740051269
1781099284931858400,48.3718583984375,0.34415246012210843,0.65072381599918,-1.7254723779976366
1781099284956934400,48.39693432617187,-0.2660691034883261,0.3913054025717079,-1.3561992128834128
1781099284982009300,48.42200927734375,-1.3285095341861248,-0.3620094577215612,-0.30889000808298583
1781099285007085300,48.447085205078125,-1.271478902453184,-0.3748478965066373,0.027075930713117122
1781099285032161300,48.472161376953125,-0.2104968538701534,0.3459701770685613,-0.6968965152397751
1781099285057236200,48.497236328125,0.49224517252743244,0.4665700485229492,-0.32409488373845813
1781099285082312200,48.522312255859376,0.9882043971419334,0.836828133021295,-1.1100938700154424
1781099285107388200,48.54738818359375,-0.6739326960206031,-0.05186784214228391,-1.288855276928842
1781099285132463000,48.57246313476563,-0.7930769618391991,-0.48994741697907446,-0.5984527998834848
1781099285157539000,48.5975390625,-1.0106547138810158,-0.7003221057742833,-0.5669201820224523
1781099285182614300,48.6226142578125,-0.31806758627295495,-0.4837241585500538,-0.3644093584701419
1781099285207690200,48.64769018554688,1.2298790640860795,0.6255256618566811,-0.3519298161253333
1781099285232766200,48.67276611328125,0.27826398367285726,0.11849793073907494,-1.4220567096725105
1781099285257841200,48.69784106445312,-1.4434125091731547,-0.650487084633857,-0.8123200069695711
1781099285282917400,48.72291748046875,-1.8895207844257353,-0.2816452966742217,0.21474340539872644
1781099285307993000,48.7479931640625,0.18741642253398894,0.09759908122569322,-0.2967962501853704
1781099285333068000,48.77306811523437,0.43674189649224276,0.7576357922323048,-0.3418631801411509
1781099285358144300,48.79814428710937,-0.041703298741579055,-0.9591685645326972,0.10219137745201587
1781099285383219200,48.82321923828125,-0.8488000181049108,-0.09570406125932931,0.44028526818752284
1781099285408295200,48.848295166015625,-0.38153497305512424,0.0575007334627211,-0.07509732656031846
1781099285433371400,48.873371337890624,0.6023088907897473,0.5876617951475084,-0.6025745559886098
1781099285458446300,48.8984462890625,0.3500619764268398,0.3496507652774453,-0.31866584442704915
1781099285483522300,48.923522216796876,-0.17552841634154318,-0.289226983974874,0.3430360233128071
1781099285508597200,48.94859716796875,-0.8865513643503189,-0.14167700014412402,0.5998667583346367
1781099285533673200,48.97367309570313,-0.24967384900450704,-0.22193039429336786,0.9669257545307278
1781099285558749200,48.99874926757813,1.4786919123470783,0.3104837070152163,-0.3964800287306309
1781099285583824100,49.02382421875,1.2268535787850618,-0.2123053645968437,-1.312716337248683
1781099285608900400,49.048900390625,0.060440732437372205,0.21693536248505113,-0.09418722695559263
1781099285633976300,49.07397631835938,-0.31410978855788707,-0.042049920222163195,0.47133711679428814
1781099285659051300,49.09905126953125,-0.017297756281495092,-0.4669865203693509,0.46479953171908855
1781099285684127000,49.124126953125,-0.04525952991843223,-0.5197574488312006,0.9871808993130922
1781099285709202200,49.1492021484375,-0.27863340150713917,-0.005106675489246845,0.9632321607097982
1781099285734278100,49.17427807617187,0.6356582026839256,0.6612064854383468,-0.0881754193201661
1781099285759354000,49.19935400390625,1.016314639338851,0.496610089738667,1.2276318696811794
1781099285784429300,49.22442919921875,0.2698492065489292,-0.01919365303069353,1.6555591760769486
1781099285809505300,49.24950537109375,-1.2815104671239852,-0.6995864849761128,1.3632009083390235
1781099285834580200,49.27458032226563,-0.6115811615258455,-0.2628679693594575,1.5402145948022603
1781099285859656200,49.29965625,0.911501096689701,0.5158320920810103,1.0753513501971959
1781099285884732200,49.324732177734376,1.6193465837061405,0.5048389889016747,0.4921653852894902
1781099285909807000,49.34980712890625,0.8244915062785149,0.28713439560979603,1.1061132759466767
1781099285934883000,49.37488305664063,-0.2112076324880123,-0.41679333344101904,1.2484154222518205
1781099285959958300,49.39995825195312,-0.584097526794672,-0.7118786880552769,1.535450156879425
1781099285985034200,49.4250341796875,0.22558336384296415,-0.3532984741300344,1.3707149372309446
1781099286010110200,49.45011010742188,1.1738894658386707,0.6460290823116898,1.473009775057435
1781099286035185200,49.47518505859375,1.184084696638584,1.162404487489164,0.9981284097850323
1781099286060261000,49.50026123046875,0.01030745900273323,0.7526336000308393,1.9859505296111106
1781099286085337000,49.52533715820312,-0.7149614565014839,0.8398778759807348,2.028346486791968
1781099286110412000,49.550412109375,-0.1566793389648199,1.4873174096122384,3.215724964278936
1781099286135488000,49.57548803710937,1.3752490735292433,2.2234034872069954,3.7163410747885703
1781099286160563000,49.60056298828125,2.853919943088293,2.788702497768402,2.9516771374851465
1781099286185639200,49.62563916015625,3.303440657132864,2.2933950150609017,2.722323022931814
1781099286210715100,49.650715087890624,2.223577966991067,1.1590735895007849,1.3260089495420455
1781099286235790000,49.6757900390625,1.6500515185713767,0.9393918509170412,0.9334662602603435
1781099286260866000,49.700865966796876,1.5269482859939336,1.6782541152268646,1.3603671462178228
1781099286285941200,49.72594116210937,1.917895815038681,0.978753262707591,2.124159561383724
1781099286311017000,49.75101684570313,0.5013315653026104,-0.1854845776885748,1.5802958452999591
1781099286336093200,49.77609326171875,1.3041466618239879,0.3970663041859865,2.3335189356565476
1781099286361168100,49.80116821289062,1.1258458581596613,0.2941998039513826,1.4411901569485663
1781099286386244000,49.826244140625,0.752520495045185,0.5302963785022496,1.9074451481729744
1781099286411319000,49.851319091796874,-0.09207154997587204,-0.4158727114647627,3.1912931183338165
1781099286436395300,49.876395263671874,-0.3892576762616634,-0.6607818302854895,2.640975696066022
1781099286461471000,49.90147094726562,0.8280793016374111,1.057573701444268,3.179913061663508
1781099286486546000,49.9265458984375,2.169731225991249,1.8042554073333739,1.1397709231376647
1781099286511622100,49.9516220703125,0.9502794478952884,1.064008118405938,2.7694524383753536
1781099286536697000,49.97669702148438,-1.2067699911773204,0.33767712662816046,3.262895296254754
1781099286561773000,50.00177294921875,-0.27735388309061526,-0.32766835831105706,3.375675287738442
1781099286586849000,50.02684912109375,1.61089907335639,1.3055959838494657,1.4212766652107238
1781099286611924200,50.05192431640625,5.02329987142384,1.5637877780914307,0.7663321627765893
1781099286637000200,50.07700024414063,1.7971078736662864,1.1688409502774477,2.110239172580838
1781099286662076000,50.102075927734376,0.6313087753027677,0.439121192844212,2.602501880764961
1781099286687151000,50.12715112304687,0.8750824603527784,0.6087453535780311,1.649461735984683
1781099286712227000,50.15222705078125,1.7465134124606847,0.8811389839127659,3.063904755783081
1781099286737302000,50.17730200195312,1.0501853447586298,0.893755596640706,2.6657547480136157
1781099286762378000,50.2023779296875,2.4136972187429664,2.0476938690796493,1.4704910702347755
1781099286787454200,50.2274541015625,1.7669243323266506,1.1760454748287796,1.6434662949621677
1781099286812529200,50.252529052734374,-0.6503530829906463,-0.05007978968173265,3.927349969834089
1781099286837605000,50.277605224609374,-0.7120978837639093,-0.8695674963235854,3.448403254818916
1781099286862680300,50.30268041992188,2.548267601752281,0.9035904696956276,2.27747030069828
1781099286887756000,50.327756103515625,4.1929438570260995,1.490164031215012,2.1962141592472793
1781099286912832000,50.35283203125,0.6344634399414062,0.13827800535559653,2.316982226875424
1781099286937907000,50.37790698242188,-0.7007207497030497,0.3939645387783646,3.5630443639993667
1781099286962983200,50.40298315429688,0.45478959435820576,0.22651509173512457,2.7217309022575615
1781099286988058000,50.42805810546875,1.147006719610095,1.28945558090955,3.0918466556757687
1781099287013134600,50.45313452148437,1.6632535299718378,0.19811580346375704,3.074000033339858
1781099287038210300,50.47821020507813,1.2872533946901559,0.1938254127934575,2.503637601909041
1781099287063285200,50.50328515625,1.622020186829567,0.4475707490205765,2.9727292778640986
1781099287088361500,50.528361572265624,1.5651304248720406,1.3440598622784017,3.1280577867418526
1781099287113436400,50.5534365234375,1.9227415015041827,0.13379559924453496,3.1210248193651435
1781099287138512400,50.578512451171875,1.4423463412463664,0.43361032046824693,2.288969015312195
1781099287163588600,50.603588623046875,0.5434072044879198,-0.05924275482445955,3.4982600493997333
1781099287188663600,50.62866357421875,0.7000310138732194,-0.21872487625032663,2.0641724179327485
1781099287213739500,50.653739501953126,3.1710411884218455,0.8685773162424564,0.6410235291093588
1781099287238815500,50.6788154296875,3.9876358039706945,0.5048498025566339,1.521981018975377
1781099287263890400,50.70389038085938,1.1020897195190191,-0.790262781201303,0.9583937807679176
1781099287288966400,50.72896630859375,-0.7729401827394962,-1.534430166181922,2.8276152890086172
1781099287314041300,50.75404125976563,3.867726398998499,2.3215303916990755,0.4415373140752315
1781099287339117600,50.77911767578125,1.2549293341904877,-1.559680342772603,1.2476760020613669
1781099287364193500,50.80419360351563,1.9072323822051285,0.7269917937740683,1.318029641225934
1781099287389268500,50.8292685546875,-1.991949477764964,-0.26926819179058076,4.321560300067067
1781099287414344400,50.85434448242187,0.4318097007870674,-3.1859722155719994,3.3188369637072084
1781099287439419400,50.87941943359375,1.67572664257586,0.3441422309890389,-1.6140315261632203
1781099287464495400,50.904495361328124,6.371728742566704,-0.043295828630030155,2.318170559877157
1781099287489571600,50.929571533203124,3.4209067606061696,0.15360007764995098,-0.483976525875926
1781099287514646500,50.954646484375,-1.2122048757076263,-1.4374451252013445,3.450398812550306
1781099287539722500,50.979722412109375,0.7639870609551668,-0.83052435670197,4.334866356363892
1781099287564797400,51.00479736328125,0.9732909056484699,0.26319997779279947,1.8846283362090586
1781099287589873700,51.02987377929688,2.7808161284327504,-0.4880959438934922,2.747117856970429
1781099287614949400,51.054949462890626,1.852874184551835,0.37896716839373107,1.0303343968629837
1781099287640024300,51.0800244140625,1.4726397727012634,0.4006435781508684,2.172416519552469
1781099287665100500,51.1051005859375,1.747266276654601,-0.036060908940434455,0.8200660910516977
1781099287690176500,51.13017651367188,1.7255629788905382,0.35374358754903074,2.895250316864252
1781099287715251500,51.15525146484375,1.1936007130026816,-0.6407680930435657,3.4152456661045547
1781099287740327400,51.18032739257813,0.05631342337429523,-1.1569313167750834,3.1816672118544576
1781099287765402600,51.205402587890624,0.7964625126242637,-0.8583467218682169,2.854872713768482
1781099287790478600,51.230478515625,2.3290596181601284,0.7052399806931614,1.7788871573209761
1781099287815554300,51.25555419921875,3.239544815805554,0.7416647545099257,1.0164981792122125
1781099287840629500,51.28062939453125,1.7920044130474329,-0.057007835379242894,1.0882096627265214
1781099287865705500,51.30570556640625,1.2794254775434732,0.9974769601389765,4.040181399244069
1781099287890780400,51.33078051757813,0.5347913518339396,-0.9265516585662961,2.4872213046371936
1781099287915856400,51.3558564453125,-1.2675573450952768,-2.8807135497286915,3.237697142112255
1781099287940932600,51.3809326171875,0.2555833653092384,0.2590212308034301,4.306017278498411
1781099287966007600,51.40600756835938,6.957245488509535,5.2737645785450935,0.8541220899105072
1781099287991083300,51.431083251953126,6.747066030025482,0.20412351944595575,-1.9190666123837232
1781099288016158500,51.45615844726562,0.4936433488875627,2.93957607306391,3.9012370389342306
1781099288041234200,51.48123413085938,-4.222378625825047,0.605503887438774,6.63067486230731
1781099288066310400,51.50631030273438,-5.530113667529821,-7.4172893501341335,6.1506006045669315
1781099288091385300,51.53138525390625,8.48185977859795,-1.9162907179296016,-2.0947154402345416
1781099288116461300,51.55646142578125,15.643549981331825,3.6036087218388912,-1.9275854344040155
1781099288141536300,51.581536376953125,4.284377693620324,1.6889429747626183,0.5459364307045936
1781099288166612500,51.606612548828124,-9.468101351234317,-5.05177953145504,-2.282458025982976
1781099288191688200,51.63168823242187,-3.0032144324988126,-3.9021211282923813,4.714061488294601
1781099288216763100,51.65676318359375,3.8435114106744526,-0.324311449098587,4.305202454984188
1781099288241839400,51.68183935546875,3.178544111397862,-0.316739552539587,1.9748796850204466
1781099288266914300,51.70691430664063,3.2867385286569593,-1.1115078284665942,2.562790048101544
1781099288291990300,51.731990234375,0.8051403245985508,-1.2596838352411985,2.0988006637215615
1781099288317066500,51.75706640625,-2.2987907366245985,-1.104491812224686,-0.21170155348479747
1781099288342141400,51.78214135742188,-0.3785165020167827,-0.8933011308714747,2.3301842382758853
1781099288367217400,51.80721752929688,2.4830285291224716,-0.7581535324960946,2.4290444254785775
1781099288392292400,51.83229223632812,2.9072096347272396,-0.7889405926868319,0.910661723256111
1781099288417368300,51.85736840820312,1.6509692179381847,-1.8120058753296733,1.4482710551202296
1781099288442444300,51.8824443359375,0.4388549431234598,-1.2976289504930376,0.8761679175019264
1781099288467519200,51.90751928710937,0.6830261030584573,-0.866701877759397,1.6149615004897118
1781099288492595500,51.93259545898437,2.6525258486062286,-1.0260305621892214,1.3400129249751567
1781099288517670400,51.95767041015625,2.7396535124391317,-1.1816688676685094,1.0861340254962444
1781099288542746400,51.982746337890624,1.6983330266594885,-1.5796683610513806,0.9023527445942163
1781099288567822300,52.007822265625,1.872805211946368,0.022149287965893744,0.6961094565153122
1781099288592897500,52.0328974609375,1.6058265923976898,-0.8348258532881736,0.3901525792747736
1781099288617973200,52.05797314453125,1.7894757713526486,-1.0134203792020677,0.7803209406405687
1781099288643048200,52.08304809570313,0.49340661752223963,-1.8606696607336402,2.0862468870967623
1781099288668124400,52.10812451171875,0.6002215631216764,-1.845114071944356,2.4619296269923447
1781099288693200400,52.13320043945313,0.9303267931908369,-1.2625266574516891,1.331582365760207
1781099288718275300,52.158275390625,2.1720687290281058,-0.3107777215257287,0.6191852067887783
1781099288743351300,52.18335131835938,1.8204314661085605,-0.11100655207037925,0.8796107514321804
1781099288768427300,52.20842724609375,0.6690969464272261,-1.1150997154787181,1.2390063733935355
1781099288793502200,52.23350219726562,0.11412205374240875,-1.8842574570700525,0.9490402614891529
1781099288818578200,52.258578125,0.9250725259244441,-1.2985802598685026,1.724226177328825
1781099288843653400,52.2836533203125,1.1778770741701126,-1.5337719945341348,1.7020149300426244
1781099288868729300,52.30872924804687,2.066432179558277,-1.5523670971497892,0.65579205917418
1781099288893805300,52.33380541992187,2.854225648036599,-1.2747189072877168,-0.43155484924316406
1781099288918880300,52.35888037109375,1.7307915271937846,-1.0044204956665634,0.8069768923759459
1781099288943956500,52.38395654296875,0.917773016566038,-1.4463482703641055,1.5488333700656889
1781099288969031400,52.40903149414063,0.6286462780952453,-1.7453183574572204,0.9336959773629904
1781099288994107000,52.43410693359375,1.2576099515765904,-1.872445438723266,1.130480532222986
1781099289019182800,52.459182861328124,1.8706833974868058,-1.0289020259723067,0.9396014020144939
1781099289044257800,52.4842578125,1.2675135059535503,-1.6054399311676621,0.9815168822020292
1781099289069333800,52.509333740234375,0.7214286066889762,-1.2681804454296826,0.3514040386855602
1781099289094408700,52.53440869140625,0.30236849735975263,-1.387471133981645,1.247211307159066
1781099289119485000,52.55948486328125,0.2684890241116285,-1.4718942150309682,1.1836328612178564
1781099289144561000,52.584560791015626,1.1865233219623565,-0.5511407213494182,0.8900327767252921
1781099289169635800,52.6096357421875,1.8135627493828534,-1.0858750822991132,0.548375056028366
1781099289194711800,52.6347119140625,1.0999567991435528,-1.9872209879383445,0.7420370949536561
1781099289219787000,52.659787109375,-0.5470996292650699,-1.992688021172583,1.0422650731533765
1781099289244862700,52.68486279296875,0.8096306217551231,-0.7537038596108555,1.1088894626617432
1781099289269939000,52.70993896484375,2.2263819184958935,-0.9846256618723273,-0.8274556167811155
1781099289295014000,52.735013916015625,1.989776809900999,-1.0049836825072764,0.039031449183821676
1781099289320089900,52.76008984375,0.3223714209467172,-1.465907834097743,1.7793050904721022
1781099289345165800,52.78516577148437,-0.3219996650248766,-1.5646183836966752,0.3113204501003027
1781099289370241000,52.810240966796876,1.5882418358683585,-1.351547587685287,-0.002022445738315582
1781099289395316700,52.835316650390624,2.4021716161221263,-0.9076748163998126,0.8406295711308718
1781099289420391700,52.8603916015625,1.6903887896567582,-1.014938090288639,0.6774217071801424
1781099289445468000,52.88546801757813,0.8422107028424739,-0.7208715573281049,-0.8234078026950359
1781099289470544000,52.9105439453125,0.6329430985063315,-1.4638722366169095,1.0045920528411865
1781099289495618800,52.93561889648438,0.39341362689733506,-1.6165671821206806,1.0759791267067194
1781099289520694800,52.96069482421875,0.4656763145536184,-1.6231243486791849,0.5984767652809619
1781099289545770000,52.98577001953125,1.4384756372928618,-0.6021238896116614,0.550488102659583
1781099289570846000,53.01084594726562,2.1138409964650866,0.033385844512283804,-0.40433424936234946
1781099289595921700,53.03592163085938,0.8465501933515072,-2.277538105237484,-0.24181173732727765
1781099289620996900,53.06099682617187,-0.14349194061160087,-1.2165411513462663,1.2931529741227625
1781099289646072800,53.08607275390625,-0.4710264434099197,-1.1160358272850512,2.444953650011122
1781099289671148800,53.11114868164063,1.5745307059019804,-1.7826614151626825,-0.9600400866702199
1781099289696223700,53.1362236328125,2.428260581624508,-0.7529948345586657,-1.0088508793294428
1781099289721300000,53.161300048828124,1.2741875768899917,-0.4546919792026281,1.2370803737670182
1781099289746375000,53.186375,-0.9920447059571742,-2.034247527529299,0.4767167640060186
1781099289771451000,53.211450927734376,-0.6166261699557304,-2.1002926558449864,-0.008333528581261634
1781099289796526800,53.23652685546875,1.4969389321774242,-0.459209164366126,1.311036129076779
1781099289821601800,53.26160180664063,1.8797557617366314,-0.7500146497040987,-0.21968904510736464
1781099289846677800,53.286677734375,-0.11213175670802593,-1.4306360297083853,-0.21394962467253206
1781099289871752700,53.31175268554688,-0.8734767787218093,-1.9226076459914445,0.5797483916744589
1781099289896829000,53.33682885742188,0.2602121941536665,-0.9801324421063065,-0.5720712811753154
1781099289921905000,53.36190478515625,1.9775807606726883,-0.40904958744645115,0.0473372129753232
1781099289946979800,53.38697973632812,1.9650462732702492,-0.0953907575264573,0.6815659673780202
1781099289972055800,53.41205590820312,-0.568170474344492,-1.9751371669128537,0.9756900757446885
1781099289997130800,53.437130859375,-0.39608839906454085,-1.8000991644367574,0.653184799285233
1781099290022206700,53.46220678710937,0.27412206156253816,-1.3094585044965148,0.995471173274517
1781099290047283000,53.48728295898437,1.4921908608675003,0.24908640450537203,0.4398547678157687
1781099290072358000,53.51235791015625,1.2864584449201821,-0.8825438822746277,-0.1133642211124301
1781099290097433900,53.537433837890624,0.06764262664020061,-1.216979835024476,0.5074301744386553
1781099290122508800,53.5625087890625,-0.7533271352529526,-1.2239265854224561,1.967197313824296
1781099290147585000,53.5875849609375,0.0405816012352705,-1.620257268810272,0.2723988910317421
1781099290172660700,53.61266064453125,2.3594389743328095,-0.074462243527174,0.14509849902540445
1781099290197735700,53.63773559570313,2.726771234512329,0.11427549073845147,-0.4333274118736386
1781099290222812000,53.66281201171875,-0.5744289502173662,-1.6258277624189852,-1.5787605985566973
1781099290247888000,53.68788793945313,-0.8635995278298855,-1.5843325534701347,0.650515872336924
1781099290272962800,53.712962890625,0.5416466245561837,-0.22349048321694134,1.454663678766787
1781099290298038800,53.73803881835938,1.7765911553382872,-1.0966863991707563,-0.6129840140610933
1781099290323114000,53.763114013671874,-0.2785316946983337,-1.6384776928946374,0.10260200407952069
1781099290348190000,53.78818994140625,-0.42309272584617136,-1.9880711750268936,1.2880015827089548
1781099290373265700,53.813265625,1.0772615677326918,-0.08422492812871933,-1.1577552003785967
1781099290398340900,53.8383408203125,0.8258160328805446,-0.9087596890270709,-1.6151503010600805
1781099290423416800,53.86341674804687,1.0189140081822872,0.3564467090278864,0.5147060106605291
1781099290448491800,53.88849169921875,-2.316477199962735,-1.354797821652889,1.8376608333289621
1781099290473567700,53.913567626953125,-1.1278057600557803,-1.7730501217305659,0.26427462128698825
1781099290498644000,53.93864404296875,0.23881693942546844,-0.5478542470246553,-0.9132362499192357
1781099290523719000,53.96371899414063,4.152429475808144,0.8422495735481381,0.20984949587732551
1781099290548794600,53.988794677734376,0.9838380186259746,0.15438976672291754,-1.0718246373757718
1781099290573869800,54.01386987304687,-2.3638304872900244,-2.234551196426153,-0.017184359034895895
1781099290598945800,54.03894580078125,-1.4617875392973423,-1.01039489390105,0.807016055342555
1781099290624021800,54.06402172851563,1.743579112574458,-0.36090953365564343,0.13507540992200373
1781099290649096700,54.0890966796875,2.4197487738668917,0.6830439309760927,-0.8385621172070503
1781099290674173000,54.1141728515625,-0.09230477420985699,-1.4926672462075947,0.6220023100361227
1781099290699247900,54.139247802734374,-0.7362795543402433,-0.356710328400135,-0.14462065238058566
1781099290724323800,54.16432373046875,-0.2057318314254284,-1.260141808141768,-0.3524202299907803
1781099290749399800,54.18939990234375,0.6936971346765756,-0.341424788723886,-0.7329027713835239
1781099290774474800,54.214474853515625,-0.04344049779772758,-1.6628706681340932,0.6557526039466262
1781099290799550700,54.23955078125,0.2593915254205465,-0.03202040137797594,0.012049334233999252
1781099290824627000,54.264626953125,0.3328817090451717,0.07715162874162197,-1.1050020998343826
1781099290849702000,54.28970190429688,1.0320201579928399,0.3522881280437112,-0.5451476184144616
1781099290874777900,54.31477783203125,-0.24434651650190353,-1.1928048864498735,0.01961421653032303
1781099290899852800,54.33985278320313,-0.9443827910721302,-1.0118874705463647,0.24378654453158377
1781099290924929000,54.36492895507813,-0.2967319527775049,-1.0747843639641999,-0.16208967357575893
1781099290950004700,54.390004638671876,0.5354699817478656,-0.015106091456115245,-1.2329118559107184
1781099290975079700,54.41507958984375,0.9641665189504622,0.2951347467139363,-0.954965267623961
1781099291000156700,54.44015673828125,1.1564449945628643,-0.4804997896760702,-0.9804013221755623
1781099291025231600,54.46523168945313,-0.9657879826724529,-1.0834820496827364,0.34614626428782935
1781099291050307800,54.49030786132813,-1.3407944307416677,-0.8618807412132621,0.486212614364922
1781099291075383600,54.515383544921875,-0.4843395139694214,-0.5255258030995726,0.12131693368256091
1781099291100458500,54.54045849609375,1.2086603349685667,0.354934843160212,-1.7675711057975887
1781099291125534700,54.56553466796875,1.125029281079769,-0.8215390862137079,-1.3751666559427975
1781099291150609700,54.59060961914062,-0.9338204805254936,-0.7667324141405523,-0.3268172944396734
1781099291175685600,54.615685546875,-2.186657810872793,-1.3120941136971116,0.31674276740998025
1781099291200761900,54.64076196289062,0.1496247442781925,0.8778633232429623,-1.3661340391814707
1781099291225836800,54.6658369140625,1.317244628328085,-0.10944500184208154,-0.8400207915827631
1781099291250912800,54.69091284179687,0.5975526361733675,0.13836393007338046,-0.8810133117064833
1781099291275987700,54.71598779296875,-1.701711563181877,-1.2438393465079367,-0.3152002141430974
1781099291301063700,54.741063720703124,0.009061842855811119,0.6769700178898871,-0.40910336346030235
1781099291326139600,54.7661396484375,0.7410948456674814,-1.1516723733335732,-1.4462173374608158
1781099291351214600,54.791214599609376,-0.3758054894924164,-1.3432736803367733,-1.6783853403910993
1781099291376290800,54.816290771484375,0.22090309707224368,-0.01817892303019762,0.2460617959871888
1781099291401365800,54.84136572265625,0.21480828732848167,1.1468998982347547,-3.08720087569654
1781099291426441700,54.86644165039063,-2.041619809862971,0.18412936368733643,0.07634294270724058
1781099291451517700,54.891517578125,-3.082088062727451,-1.040907374934107,3.9956048831537365
1781099291476593000,54.91659301757812,0.2608604289293289,-0.7597120139844715,-1.0902876380443571
1781099291501668600,54.94166870117188,1.4135060312092302,0.758406630474329,-3.326756650790572
1781099291526743600,54.96674365234375,4.78004816442132,1.6757804185897112,-0.7618620316252112
1781099291551819800,54.99181982421875,-1.6209657093405723,0.42969095506742594,-1.4389245501041412
1781099291576895700,55.01689575195312,-3.412701826840639,-2.0068023251123726,-0.2996203676953912
1781099291601970700,55.041970703125,-1.8696049546003342,-0.4533607305988669,0.5574170251399279
1781099291627047000,55.067046875,1.5167022017896175,1.1641118759289384,-1.9583309935405848
1781099291652121900,55.092121826171876,1.3058558038294314,0.39369258996918793,-0.9549433480530977
1781099291677197600,55.117197509765624,-1.7066478505402802,-1.0145930762432516,1.5098171184509992
1781099291702273500,55.1422734375,-2.0558231072604656,-1.1168741778053342,-1.1362804506734012
1781099291727348700,55.1673486328125,-0.0039437691897153855,-0.5207246864281595,-2.088761500266194
1781099291752424700,55.1924248046875,2.3691700947523118,0.6321469796925783,-0.9334414180800318
1781099291777499600,55.21749975585937,-0.12764730574786662,1.021804322796315,-1.045231521743536
1781099291802576000,55.24257592773437,-0.4084259025901556,-0.9190154178425669,-1.2681421592459081
1781099291827651800,55.26765185546875,-2.7903666315883395,-0.2825980673544109,0.22528847254961729
1781099291852726800,55.29272680664062,-1.0738485444188117,-1.728694554914534,0.4318582161039114
1781099291877802500,55.31780249023438,0.9369944343864918,0.3558792844034731,-2.5448066476434468
1781099291902877700,55.342877685546874,1.6011457411050796,-0.9595530338056385,-1.0876946989417076
1781099291927953700,55.36795361328125,-0.8633248025417327,0.8019542419083416,0.027047581401467322
1781099291953029600,55.39302954101562,-2.7765970494329926,-0.4579769922226667,-0.3680535601913929
1781099291978104600,55.4181044921875,-1.6045172633647917,-0.1662386099487543,0.6306853827074169
1781099292003180000,55.44317993164063,-0.022354455149173735,-0.2793048710279167,0.03054243777990341
1781099292028255000,55.4682548828125,1.9242016371846198,-0.3454778635069728,-2.759520534686744
1781099292053331200,55.493331298828124,1.2068301969319581,-0.7483281579218805,-2.51055951012671
1781099292078407200,55.5184072265625,-0.40563481056690215,0.2048800369016826,-1.0773816869810222
1781099292103482000,55.543482177734376,-0.38436815065443514,0.34237814392596483,-1.2308584305122494
1781099292128558000,55.56855810546875,-1.8785995774388313,0.13090338493436574,1.1722504664599895
1781099292153633000,55.59363305664063,-1.5101964731574058,-1.0696934705659746,1.1966583470076322
1781099292178709000,55.618708984375,0.35042262643277644,-0.18353607396930455,-1.576325480364263
1781099292203785200,55.64378515625,2.496830844503641,-0.6952396879434585,-2.839875927905738
1781099292228860200,55.66886010742188,1.10731008451581,0.8254233803011477,-2.4545018150791527
1781099292253936000,55.69393603515625,-0.5786965445339679,0.445712261672318,-0.3385626772910356
1781099292279011000,55.71901098632812,-1.949718355756998,0.3983164503775537,-0.16098755755275487
1781099292304087000,55.74408715820312,-1.8909049322605131,-0.5082127031184732,0.7210939679071307
1781099292329163000,55.7691630859375,0.18298107043504713,-0.1075429676130414,0.7554907430276274
1781099292354238000,55.79423803710937,2.6615409297108648,0.23453122493028639,-2.611016026610136
1781099292379314200,55.81931420898437,1.627766037005186,-0.14855214661061764,-2.176773545718193
1781099292404389000,55.84438916015625,-0.8961164805531501,-0.18927432536035774,-0.744965257360041
1781099292429465000,55.869465087890624,-3.0373680465132,-1.1537933110103011,-0.7808037557214498
1781099292454541000,55.894541015625,-0.9124883541613816,-0.16574483508244156,-0.3315624431401491
1781099292479616300,55.9196162109375,-0.7295078682482242,-0.5131114349454641,0.6024582361325621
1781099292504692000,55.94469189453125,-0.39100890384316445,0.05801408981233835,-0.4521051775798201
1781099292529767000,55.96976684570313,-0.20032617298960684,-0.317182474001497,-0.6791220813572406
1781099292554843100,55.99484301757813,0.36933483217358587,0.7361297706060111,-1.011014194843173
1781099292579919000,56.01991918945313,-0.8801777376651764,-0.8703783743150532,-0.6138841777712106
1781099292604994000,56.044994140625,-0.3844002993583679,0.1592830917224288,-0.25595336766541005
1781099292630070000,56.07007006835938,-0.12557517564892767,0.4557287749044597,-1.022640627489984
1781099292655145200,56.095145263671874,-0.5060124165952206,0.5841651852034032,-0.18135200792849063
1781099292680221200,56.12022119140625,-1.731165621203184,-0.6364166198357939,-0.5789619174718856
1781099292705297000,56.145296875,-1.1096639541655777,-0.9154555334039032,-0.7286421913295984
1781099292730372000,56.1703720703125,-0.23772154540419577,-0.33787279533073306,-0.06998100645989179
1781099292755448000,56.19544799804687,1.156372513848543,0.40899493464976544,-0.8458946520522236
1781099292780523000,56.22052294921875,0.019155951368808745,-0.9040442048124968,-1.1532789317473768
1781099292805599000,56.245598876953125,0.017080314138531685,0.5966495498538017,-1.3053826333597303
1781099292830675200,56.27067529296875,-1.0279460404217242,-0.8749912749379872,-0.77727850420475
1781099292855750100,56.29575024414063,0.6554331627339124,0.9468674474947154,-0.6425339336723089
1781099292880826000,56.320826171875,0.20232114619910715,-0.9334237362928688,-0.5730284357696771
1781099292905901300,56.3459013671875,0.2309925294101238,0.3657990592628717,-1.2710092391148209
1781099292930977000,56.37097705078125,-0.38715222841501234,0.07089256834685802,-0.7380307819217443
1781099292956053000,56.39605297851563,0.25634558185338974,0.777995566432923,-1.182208673633635
1781099292981128000,56.4211279296875,-0.8276713053584098,-0.3337500163123011,-0.22788930269777774
1781099293006204000,56.44620385742188,-1.4473404962718486,-0.6959555811278522,-0.006738368344306946
1781099293031278800,56.47127880859375,0.28746611178219317,0.6142302147299051,-1.0588853685647248
1781099293056354800,56.49635473632812,0.19332710788249968,0.7102553246371448,-0.5648530203595757
1781099293081431000,56.52143115234375,0.4999976863503456,0.814401489418745,-1.468181039726734
1781099293106506000,56.546506103515625,-1.7840958318799733,-0.83395608471632,0.11361322743743657
1781099293131581700,56.57158178710937,-0.7913409318268299,-0.339738735333085,-0.5093865692034364
1781099293156657000,56.59665698242188,-1.3239327277898787,-0.5816568556442856,-1.250214288367331
1781099293181732900,56.62173291015625,0.7178735445559025,0.73121291860044,-0.2253048391625285
1781099293206808800,56.646808837890624,0.027339257824420926,0.6497818589739501,-0.6561269902169704
1781099293231883800,56.6718837890625,-1.9410043034255504,0.014370470657944678,-0.7814055210068821
1781099293256960000,56.6969599609375,-1.8874428091078996,-0.6181755913548171,1.0451993730396032
1781099293282035000,56.72203491210937,0.12613339405357837,0.37990123437345025,-1.6349872204303741
1781099293307111000,56.74711083984375,0.6974222926795483,-0.1334340724557638,-1.314704003934562
1781099293332187000,56.77218676757813,1.374060156005621,0.9639981766462326,-0.8617506850928067
1781099293357261800,56.79726171875,-0.23245383413434026,0.19610680172890424,-2.1213158623903987
1781099293382337800,56.822337890625,-0.41248774520158765,0.050518034968525166,-0.7439002584770321
1781099293407412700,56.847412841796874,0.3747714702695608,0.4784739829368889,-0.8150128993153571
1781099293432489000,56.872489013671874,-0.7306266431450843,-1.1272187539480627,-1.213247955019772
1781099293457565000,56.89756494140625,-1.0330611914783716,-1.0354979171060026,-0.3715577689200639
1781099293482640000,56.922639892578125,0.05753682768940925,0.9326277636095881,-1.2365151410996913
1781099293507715800,56.9477158203125,-0.14551087921857833,0.9520761220537125,-1.8067153677061198
1781099293532790800,56.97279077148438,-1.5577894144594668,-0.10033888145312667,1.4402274493962526
1781099293557866800,56.99786669921875,-2.2319623489767313,-0.2859776267901063,0.9034227119132876
1781099293582943000,57.02294287109375,-0.18962357718944547,1.080114326815307,-1.1413330578878522
1781099293608018000,57.04801782226563,2.089053176689148,1.743200634650886,-0.5726292073190212
1781099293633094000,57.07309399414063,-0.19765958412885665,1.1103859848298132,-0.8265326567173004
1781099293658168800,57.0981689453125,-1.1890601469635962,0.11281330923140048,0.10557926632463932
1781099293683245000,57.1232451171875,-0.7312970897525548,1.1155256858058273,-0.13964929370880125
1781099293708320800,57.14832080078125,-0.005291092145442962,1.5326840531669557,-0.49195437288731336
1781099293733395700,57.17339575195312,0.6897007585167885,0.45680195709392424,-0.8550520642369985
1781099293758472000,57.19847192382812,-0.005398644173145294,1.0814990591719746,-0.6063616733118892
1781099293783547000,57.223546875,-0.11633797622621059,1.586636008106917,-0.41218145573139187
1781099293808622800,57.248622802734374,-0.9301555282771586,1.4891791118308901,-0.6630602966114878
1781099293833699000,57.273698974609374,-0.9856751709252596,1.810292641671002,1.1039172272071243
1781099293858774000,57.29877392578125,-0.6014554888308048,1.8816870220601558,1.7746432361409068
1781099293883850000,57.32385009765625,0.4838946928113699,1.8879466669768095,0.2720119375407696
1781099293908925000,57.34892504882812,1.081750111323595,1.1476917792648076,0.4892307931423187
1781099293934001000,57.3740009765625,-0.010858078622817992,0.5433123658113181,-0.647975832465291
1781099293959076900,57.39907690429688,-0.7235837388962507,0.349311011929065,-1.0725167112931608
1781099293984151800,57.42415185546875,-1.4903496169149875,-0.2173787223383784,-0.8127674584761262
1781099294009229000,57.44922900390625,-1.0171984364360571,0.9429919212356209,-0.7996040255203842
1781099294034304000,57.47430395507813,-0.43857846426963804,1.0686004146322607,0.666745122604072
1781099294059379700,57.499379638671876,-1.036169094365835,0.9911109322384,-0.4489496361583471
1781099294084456000,57.5244560546875,-1.7308686840832233,0.4187830459535122,0.7729337529987096
1781099294109531000,57.54953076171875,-0.40313305687904355,1.2593033114910126,0.35512598181813954
1781099294134606800,57.57460693359375,0.6363467694699764,2.305698908577859,-0.09080606008470057
1781099294159681800,57.59968188476562,0.6232347744405269,1.811810352757573,1.5571815116941927
1781099294184758000,57.62475805664062,-1.558726987570524,1.2782479581966995,0.6081491412505508
1781099294209834000,57.649833984375,-0.14879413867294788,0.8620300865560769,0.6415192036718129
1781099294234909000,57.674908935546874,-0.20961890199184416,1.550722544813156,0.7037684468358755
1781099294259985000,57.69998486328125,-0.058982934844493864,1.6742629997640848,0.32018092516511676
1781099294285059800,57.725059814453125,0.1615022290766239,1.3780205840691924,-0.6985670788004994
1781099294310135800,57.7501357421875,-0.20068390038609504,1.8282070685461163,-0.055118660631775854
1781099294335212000,57.7752119140625,-2.323136657851934,0.3394616719573736,1.4706374929681418
1781099294360287000,57.800286865234376,-0.5652092864513397,1.4251114210680127,0.10029928009510039
1781099294385363000,57.825363037109376,2.2028829694867134,1.6701470888778567,-0.7023276003777981
1781099294410438000,57.85043798828125,0.33982232196331025,1.8844342749416827,0.100346626368165
1781099294435513900,57.87551391601563,-2.960985648578405,-0.09859276843816041,0.6400549763381481
1781099294460589800,57.90058984375,-0.7809259207963943,1.9526424265101552,-0.5814797455117106
1781099294485664800,57.92566479492187,1.8469453790247439,2.3417437431663273,0.4337324855431914
1781099294510740700,57.95074072265625,-0.12511807953119278,0.9725184599712491,0.513238568456471
1781099294535816000,57.97581591796875,-2.4091397015690803,-0.1070677513167262,0.4767693709760904
1781099294560892000,58.00089184570312,-0.09401742334663868,2.448357905496657,0.445870667104423
1781099294585967900,58.0259677734375,1.569132061728835,2.8361759043440222,-0.7980190944164991
1781099294611043000,58.05104296875,0.29216391420960425,2.153141910240054,0.19435908127874135
1781099294636118800,58.076118896484374,-1.984269444656372,-0.1243953182145953,0.3315092516481876
1781099294661193700,58.10119384765625,-1.4138023838073015,0.6413906088560819,-0.6267223242953419
1781099294686269700,58.126269775390625,1.2779776168227195,2.542601246553659,1.0521294645637274
1781099294711346000,58.151345947265625,1.9449334595680237,2.878258265531063,0.6435466178461909
1781099294736420900,58.1764208984375,-0.9952443787813186,1.3556968163192271,0.13669102842509745
1781099294761496800,58.201496826171876,-2.6623008081674575,0.8684419994249939,1.8527169481635093
1781099294786572000,58.22657202148437,-1.1959002221167088,1.1608689484849573,-0.5999944763675332
1781099294811648000,58.25164794921875,1.292010818350315,1.9355194422736763,-0.01879442458003759
1781099294836723700,58.2767236328125,0.9175380387663841,1.572131243544817,-0.3255748931631446
1781099294861798700,58.30179858398437,-1.2838731046020984,0.8095780147850513,0.14982552754729986
1781099294886875000,58.326875,-1.249984863525629,1.7701494318529962,-0.8492001233384012
1781099294911949800,58.35194970703125,-0.4531605318516493,1.6640280214756726,1.4948983662605284
1781099294937025800,58.37702587890625,-0.9023428077220916,1.4387594226703047,0.5972153670430183
1781099294962102000,58.40210205078125,-1.2885644772887228,0.4449687498286366,1.2881231632620096
1781099294987177000,58.427177001953126,-1.1104396147131919,1.8119100137397646,0.8813725004076958
1781099295012252000,58.452251953125,-0.8224678914964199,1.908736649288237,1.2039651628896593
1781099295037327000,58.4773271484375,0.6549065085113048,3.026235534863174,0.3193552879959345
1781099295062403000,58.50240307617187,0.09669453360140323,1.6377967248931526,0.2109045578882098
1781099295087478800,58.52747875976563,-1.6217337711036204,1.6057520658567548,0.7864180884718894
1781099295112554000,58.552553955078125,-1.63077983186841,0.3853694366514683,0.22480770329535008
1781099295137630000,58.5776298828125,-0.23539047210812566,1.59414170756191,-0.26602380304187534
1781099295162705000,58.602704833984376,1.2691244482815265,2.384018412055075,0.5953057340294122
1781099295187780900,58.62778076171875,0.28260347418189047,1.6032552806049585,-0.22405600814521312
1781099295212857000,58.652857177734376,-1.1341314559459685,1.1546221630498765,-0.5265931400701404
1781099295237932000,58.67793212890625,-1.4958686725974082,1.1038935540705919,0.5246136566907167
1781099295263008000,58.70300805664063,-0.07328618548512458,1.8649656043618916,0.4975736740738153
1781099295288084000,58.728083984375,0.775995478656888,1.95404147965312,0.41965690617859364
1781099295313159000,58.75315893554688,-0.6708078419983386,0.7093889170661568,0.8135895885139703
1781099295338235000,58.77823486328125,-1.4895920765459536,0.5285547955319285,-0.08195259928256272
1781099295363309800,58.80330981445312,-0.25381577111482617,1.3035641857609153,-0.3446180318072438
1781099295388386000,58.82838598632812,0.605069587674737,1.7657737009868024,0.1025581649377942
1781099295413461000,58.8534609375,-0.733081635081768,0.4278524875938892,0.08282879759520292
1781099295438537000,58.87853686523437,-0.5127496158957481,1.18212508700341,-0.2980874590396881
1781099295463613000,58.90361303710937,-0.17655016060471534,0.8365423018172383,-0.13570464773625135
1781099295488687900,58.92868798828125,-0.036090135034918785,0.342251010414958,-0.09387684583216906
1781099295513763800,58.953763916015625,0.002152209597826004,0.7659227051928639,0.01127425820827484
1781099295538838800,58.9788388671875,-0.5038415022969246,0.21476912436187265,-0.8777025797232985
1781099295563915000,59.0039150390625,-0.436219333922863,0.7785369798332452,-0.4297878395706415
1781099295588991000,59.028990966796876,-0.6218833598315715,0.6001198563128709,0.25333207925111056
1781099295614066000,59.05406591796875,0.20161562827825544,0.3341413537174463,-0.7157257188722491
1781099295639142100,59.07914208984375,0.17406185092031956,0.11932780569195747,-0.01293868428915739
1781099295664217000,59.10421704101562,0.2766448580384254,1.0787255028054117,0.058636021102964876
1781099295689292800,59.12929272460938,-0.13920154994130135,0.34681437280774113,0.07621697824001311
1781099295714369000,59.154369140625,0.46675884909331794,1.1969304419472813,-1.034300377884507
1781099295739444000,59.17944384765625,-1.208059446465969,0.25312983467727895,0.6042874973863362
1781099295764520000,59.20452001953125,-0.19421791924238205,1.244104573315382,0.3401093222111463
1781099295789595000,59.229594970703126,1.0393477244019507,1.1183572559699415,-1.363036073166132
1781099295814671000,59.254671142578125,0.6460124234378337,1.2386962845310567,-0.13295359546244143
1781099295839747000,59.2797470703125,-1.798214373603463,-0.014725275444984436,0.7517267143189906
1781099295864822000,59.30482202148438,-1.4482085112780332,0.06653466539829969,0.35628391968160866
1781099295889898000,59.32989794921875,0.5614122322559356,1.671397965721786,0.07382423788458109
1781099295914973000,59.35497290039063,0.9566770399779081,1.9110034251764416,0.17844781091958284
1781099295940049000,59.380048828125,-1.2656114717245102,0.7253127546459436,0.1394645847916603
1781099295965124900,59.405124755859376,-1.5987281585693358,1.279021280656755,0.7524699339017271
1781099295990200000,59.43019995117187,-0.5089151522994041,0.5152130833998322,-0.3232631090894341
1781099296015276000,59.45527612304687,0.5200444490790367,1.4642457461044192,0.20190847374498844
1781099296040351000,59.48035107421875,0.6476946774363518,1.0389689542174338,0.7476049582138657
1781099296065427000,59.50542700195312,-0.33167408682107924,1.0931444887802004,-0.24986498766243456
1781099296090503000,59.5305029296875,-0.4978559981465339,1.382428171378374,0.47776276592761274
1781099296115577900,59.555577880859374,-0.7663771709620952,1.348302322153747,1.4840247978076337
1781099296140653800,59.58065380859375,-0.9143535635113715,0.7656245990291237,-0.32832565317600965
1781099296165729000,59.60572900390625,0.047397126469016074,1.428749485309422,0.33653555537760255
1781099296190805000,59.630804931640625,-0.15620704527795315,1.1786886828139425,0.8884285563990473
1781099296215881000,59.655880859375,-0.5479565383553504,1.3518237742781638,0.3541360939979553
1781099296240956200,59.6809560546875,0.04741524664759636,2.2929718212127685,-0.03687690149843693
1781099296266031900,59.70603198242188,-0.1026601640075445,1.8897505015283822,0.8713198929488658
1781099296291106800,59.73110693359375,-0.9272510390073061,1.2905480523213744,0.7018430317312478
1781099296316182800,59.75618286132813,-0.4601923301845789,1.6831518241405485,0.8950091038331389
1781099296341259000,59.78125903320313,-0.19372808989882467,0.8167278865396976,0.9740493228003382
1781099296366334000,59.806333984375,-0.6377005221664905,0.89329119399935,-0.03771276780068874
1781099296391410000,59.83140991210937,0.37305823661088944,1.678744236831367,0.6026175183475018
1781099296416485000,59.856485107421875,0.1249731181025505,1.8076891811743379,-0.35798195577114816
1781099296441561000,59.88156103515625,0.45990532993674277,1.6840400051519273,0.23084172276258466
1781099296466636800,59.90663671875,-0.7305594231277703,1.009382209727168,0.960840004876256
1781099296491711700,59.931711669921874,-0.574649314969778,1.3107415300443768,0.9648331661656498
1781099296516788000,59.9567880859375,0.09169044170379638,1.9044395366162061,0.590679243272543
1781099296541863000,59.98186279296875,0.5982277589559555,0.7086176404327154,0.14504530753344297
1781099296566939000,60.00693896484375,-1.3731599922955036,0.6479977520361543,0.8453162676423788
1781099296592015000,60.03201513671875,-0.6321896497905254,1.6713947508513927,0.5540367350518703
1781099296617090000,60.05709008789062,0.3195113553404808,2.5799232614710927,-0.008728373117744923
1781099296642166000,60.082166015625,1.364059570994973,1.6275532710373402,0.37844723617285486
1781099296667241000,60.10724096679687,-1.2807821528494356,0.268557120911777,1.1131710855036974
1781099296692317000,60.13231689453125,-2.9544051011443138,-0.1296326343461871,1.3068085745096205
1781099296717393000,60.15739282226563,-0.15465221705138682,3.0978017646878957,0.8681763342261314
1781099296742467800,60.1824677734375,2.752174555838108,1.6010042868077754,-0.12931027052402497
1781099296767544000,60.2075439453125,1.2639023297190666,0.9789888250291346,-0.17543898449242115
1781099296792619000,60.232618896484375,-3.3010897100925445,0.6491729332953691,1.4144275299683213
1781099296817695000,60.257695068359375,-2.751217693504691,0.1940083681449294,2.1375530037030575
1781099296842771000,60.28277099609375,1.3658698352873324,1.7205056955009699,-1.3592246981844305
1781099296867846000,60.307845947265626,2.729331440389156,2.0274930848330257,0.3384180081233382
1781099296892921900,60.332921875,-1.509595584654808,0.9317924818292259,0.3501584225386381
1781099296917996800,60.35799682617188,-3.798155434644222,0.45758214768618344,-0.2883408487901091
1781099296943073000,60.38307299804688,0.27537761458158494,2.1905247154340146,0.8404708734378218
1781099296968149000,60.40814892578125,1.5384277113854885,1.834205139917135,0.8944988162234425
1781099296993224000,60.43322387695312,0.36215982597768304,0.20078648397773502,0.1859060179710388
1781099297018300400,60.45830053710937,-0.8899182104349136,0.07358312260508537,0.7882885585188866
1781099297043375600,60.48337573242188,-0.7978156807988882,0.40272769094854594,-0.32626959742903705
1781099297068451300,60.508451416015625,0.20357962182760236,-0.4577081121534109,-0.9439704108789563
1781099297093526300,60.5335263671875,1.9728677606761453,1.4062410086423158,-1.0523366775736211
1781099297118602500,60.5586025390625,0.17502923464775083,0.31124387773275375,-0.4391688313782215
1781099297143678500,60.583678466796876,-1.3316343882083892,-1.070259580016136,-0.8271592641830444
1781099297168753400,60.60875341796875,-2.1790870833575724,-0.5496554512277245,-0.8925772005110979
1781099297193829600,60.63382958984375,-0.21269524069726467,0.39258886651098723,1.8072332541003822
1781099297218904600,60.65890454101562,0.3123603145420551,0.05042056594341993,-0.40899844178110356
1781099297243980300,60.68398022460938,0.9882640183746814,0.6350207815632224,-0.5585735016986727
1781099297269056500,60.70905639648438,0.19489713367819786,1.5211632728517055,0.7383683433130384
1781099297294131500,60.73413134765625,-2.7623639414191246,-0.12312924380153417,0.606309650863707
1781099297319207400,60.75920751953125,-1.365727211946249,-0.46579321893155573,0.3278495600968599
1781099297344282400,60.784282470703126,1.5050433281779287,1.9359590027347207,-0.024624153646826744
1781099297369358600,60.809358642578125,1.1807961764872072,1.4511232296809553,0.8733496452108025
1781099297394434600,60.8344345703125,-0.7655833902359008,-0.5714458427533508,-0.6253983822152018
1781099297419509500,60.85950952148438,-1.0089467409193515,1.0405907102003693,-0.6341533510789275
1781099297444585500,60.88458544921875,-0.8233861753851175,0.3005339754089713,1.2866513371437787
1781099297469660400,60.90966040039063,0.4611942007035017,1.3843869042307138,0.16718495088815688
1781099297494736400,60.934736328125,1.8689631495654582,0.14498247143030166,-1.0719994094207883
1781099297519812400,60.959812255859376,0.15537877776026726,1.1461509795635938,-0.01959054339379072
1781099297544887600,60.98488745117187,-1.2044886022418737,1.9089821484819054,0.6246686066359282
1781099297569963500,61.00996362304687,-0.4571814579308033,1.0259747403487562,0.8473401746854186
1781099297595038500,61.03503857421875,0.5519383014678955,0.6236313725426793,0.4903989601388573
1781099297620114700,61.06011474609375,-0.0017798691540956495,2.2025322563529013,2.20315974060148
1781099297645190400,61.0851904296875,-1.6152221972525118,1.4320400512874125,0.9092416273251175
1781099297670265300,61.110265380859374,-1.8056915776163338,0.391554262766242,1.0705097553849219
1781099297695341300,61.13534130859375,3.3981495698750015,3.590176701074838,-0.45132337955236435
1781099297720416500,61.16041650390625,2.7857132528245447,2.3944825229242443,0.3138505530998111
1781099297745492500,61.185492431640625,-2.2938836753606795,0.09123626819550991,1.4875240381002426
1781099297770567400,61.2105673828125,-2.5370658242583275,-0.6030713995948433,0.6393459512859583
1781099297795643600,61.2356435546875,0.43782852268517014,-0.7558502239897846,0.24949907695949075
1781099297820719400,61.26071923828125,2.7730051624208687,-0.34297523303627964,-1.2532646158486604
1781099297845794600,61.28579467773437,1.1756991456091404,0.5458002371042967,-2.1683298347607254
1781099297870870300,61.31087036132813,-1.7880635664671658,-1.151971356280148,-0.43560412463396786
1781099297895945500,61.335945556640624,-3.399152609437704,-0.7521627676486968,0.6768935916528105
1781099297921021400,61.361021484375,-2.3032091375887394,-0.26178806516826153,0.6652613137871026
1781099297946097400,61.38609741210937,1.2865385244190692,0.19988924287706614,0.7420031926840543
1781099297971172600,61.411172607421875,0.7769424041181803,1.0238783525913953,0.0919599062949419
1781099297996248600,61.43624853515625,-0.6783014126241207,0.048505087710916994,1.5809160230249166
1781099298021323800,61.46132373046875,-0.9946119260966777,1.1032406431198118,1.2536711508229375
1781099298046399500,61.4863994140625,-0.12008534606099128,1.2016487026408313,0.5797621279388666
1781099298071475500,61.511475341796874,0.8025403712332249,1.3153899403721094,1.4216378997385501
1781099298096550700,61.53655053710938,-0.1279436583459377,1.0393439250096679,1.247711073374748
1781099298121626600,61.56162670898438,0.2846422865331173,0.2110766995847225,0.6908046281054615
1781099298146701600,61.58670166015625,0.1025035121411085,-0.3264154356405139,-0.33277181892991065
1781099298171777500,61.61177758789062,0.8851286380708218,0.5276280360758304,-0.6629477761477232
1781099298196853800,61.63685375976563,0.2888572738796472,-0.2914829462081194,-0.4359989691704511
1781099298221928700,61.6619287109375,-0.2534492758899927,-0.2512634562835097,-0.3715981009304523
1781099298247004400,61.68700439453125,0.20995967825353146,-0.6307502646371722,-0.28208471100479365
1781099298272079400,61.712079345703124,1.0967658941477536,0.026913141366839408,0.6984685868620872
1781099298297155600,61.737155517578124,1.1023124223589897,-0.7446510768443345,-0.454462846621871
1781099298322231600,61.7622314453125,0.5340513471215963,-1.6399311065733433,-1.6441405409619212
1781099298347306500,61.787306396484375,-1.0180383943915368,-0.9342179554104805,0.2686348623231053
1781099298372382700,61.8123828125,-1.6355962922394274,0.003539280042052269,1.5177245305746794
1781099298397457700,61.83745776367188,-1.1858178040415048,-1.8887571065768598,-0.06113368313759565
1781099298422533600,61.86253369140625,0.945339653405547,-0.5734042833447456,-0.2077180368065834
1781099298447609600,61.887609619140626,1.0403098474323749,1.196050736503303,1.3436208863392471
1781099298472684500,61.9126845703125,-0.599211509296298,-1.3452294905796647,1.1949360532596707
1781099298497760500,61.93776049804688,-0.5364145691215991,-0.8115387934640049,-2.0072864553675056
1781099298522835500,61.96283544921875,0.6691115594744682,0.23198241723030805,-0.5719473625347018
1781099298547911700,61.98791162109375,0.37354748143255706,0.3211027161851525,0.7666641712099314
1781099298572986600,62.012986572265625,-1.1845704343289136,-1.0145809474140406,-0.17034604526758193
1781099298598062600,62.0380625,1.0713339312493801,0.136839204724133,0.7613821391537785
1781099298623138600,62.063138671875,1.326881056201458,0.5174114702269434,0.461493768171966
1781099298648213500,62.088213623046876,0.1175134497463703,-0.7396046071097254,-0.4572358184665441
1781099298673289500,62.11328955078125,-0.07301438280642032,-1.297230891086161,-0.3178019210740924
1781099298698364400,62.13836450195313,0.20905016219317912,-1.0382479464665055,-0.0012026537880301476
1781099298723440600,62.16344067382813,0.06639642597138881,-0.7973384186759591,-0.4789417465791106
1781099298748516600,62.1885166015625,0.8113239816695451,-0.19064678275734184,0.4333630677089095
1781099298773591600,62.21359155273438,0.9055693685531616,0.3032803515076637,-0.09110445850938557
1781099298798667800,62.23866772460938,0.13904022189974785,-0.7620145918384194,-0.2606453248739242
1781099298823742700,62.26374267578125,-0.7049620405346155,-1.3041036994650959,-0.29258360092639923
1781099298848818400,62.288818359375,-0.07264730305969715,-0.34731530806720257,1.425802910463512
1781099298873894700,62.31389477539062,0.536537903240323,-0.445576068072021,0.25141309388726946
1781099298898969600,62.338969482421874,0.9595148937523365,-0.7361977212756872,0.06642360623925923
1781099298924045600,62.36404565429687,0.2601134099543094,-0.8492407476097344,0.45896688004285097
1781099298949120500,62.38912060546875,-0.9395593164384365,-0.9900839272782206,-0.11249854419380426
1781099298974196700,62.41419677734375,0.32191432482898236,-0.29314065028727054,-0.8947937075167894
1781099298999272700,62.439272705078125,2.0053391206920144,0.037168577921390535,0.12289748087227344
1781099299024347600,62.46434765625,0.9933581266433,-0.7900324795767665,-0.5939999121278524
1781099299049423400,62.48942333984375,-0.8251584457546473,-1.5271353329986332,0.2470744801610708
1781099299074498300,62.51449829101563,-0.8374076864749193,-1.1538552703306078,1.134630345378816
1781099299099574500,62.53957446289063,0.48549452922344205,-0.08923223489671946,0.28235037620365616
1781099299124650500,62.564650390625,1.7910539804548025,-0.3167535810649395,-1.024515189190209
1781099299149725400,62.58972534179688,0.7368178990006446,-0.9221411486476659,-0.6365913918808103
1781099299174801400,62.61480151367188,-0.3905512232035398,-0.30459552575945853,0.22391659967452288
1781099299199876600,62.639876708984374,-0.26654431978464127,0.3229118114337325,0.5739604559227824
1781099299224952600,62.66495263671875,0.30437983718216416,-1.0742907352283597,0.5241463314399123
1781099299250028300,62.6900283203125,0.47526773424148555,-0.9331550023540854,0.3737649235755205
1781099299275103500,62.715103515625,0.3644365387380123,-0.6700637456327676,0.47632834921032186
1781099299300179500,62.740179443359374,-0.805803756943345,-1.394084414641559,0.07442687995284795
1781099299325254400,62.76525439453125,-0.07676409072875977,-1.1930018703266978,-1.2312307709559798
1781099299350330400,62.790330322265625,1.471344472193718,0.2329994853183627,-0.3837564484968781
1781099299375405600,62.81540551757813,1.4442781860917806,0.4245964084073901,0.3421551488250494
1781099299400481500,62.8404814453125,-1.3118892387747765,-1.3036831359654664,-0.3320519802227616
1781099299425557200,62.86555712890625,-0.8769605291843414,-1.4008505477756261,1.29828682987988
1781099299450632400,62.89063256835937,0.22544424763321874,0.2257131277024746,1.219262393003702
1781099299475708400,62.91570849609375,0.009280454042553902,-1.561770885311067,0.8426818274855613
1781099299500783400,62.94078344726562,1.1527449710011481,0.07799450930655003,-1.3991127641975878
1781099299525859300,62.965859375,0.017267945665121076,0.14576865337193012,0.6411082847833633
1781099299550935600,62.990935546875,-0.45961073090434074,-0.9977426253378391,0.3940951794207096
1781099299576010500,63.016010498046874,0.3208651080369949,-0.6685872433394193,-1.8948481169283389
1781099299601086500,63.04108642578125,2.4945471174806353,-1.108605969545245,-0.49667730975598096
1781099299626161700,63.06616162109375,1.0930623634546994,-0.4535039384618401,-0.2892737457260489
1781099299651237400,63.0912373046875,-0.8754746745407581,-1.6086413575574754,0.8718573608264326
1781099299676313300,63.116313232421874,0.28483868588805195,-0.9033858870342373,-0.9823559633746742
1781099299701388300,63.14138818359375,1.4314906007111072,-0.38637481430172915,0.1435273041859269
1781099299726464500,63.16646459960938,1.1672937208354472,-0.23035744637697933,0.9747180158421397
1781099299751539500,63.19153955078125,-1.8067326111018656,-1.810405746656656,0.500002362525463
1781099299776615400,63.21661547851563,-1.3808195671379566,-0.9995286319717764,0.6681707714930176
1781099299801691600,63.24169165039063,0.10999240659177302,-0.1818020897835493,1.0734107375234365
1781099299826766600,63.2667666015625,0.7470178059756756,-0.5147311451017856,0.045343993331491944
1781099299851842300,63.29184228515625,0.045181788507103915,-0.927846082291007,-0.2317816339612007
1781099299876917200,63.31691723632812,-0.553332386174798,-1.113757360959053,0.450730966617167
1781099299901993500,63.34199340820312,-1.3003320719718932,-0.6615078064724803,0.8069888750746845
1781099299927069400,63.3670693359375,0.028677812951803206,-0.4886942020475864,-0.11915566399544476
1781099299952144400,63.392144287109375,1.4586813899755477,-0.24439152468740938,-0.14303221414536238
1781099299977220600,63.417220703125,1.3911708652824162,-0.9423100764513015,0.38559155496954917
1781099300002295600,63.44229565429688,-0.8768862949043512,-0.6604024755790829,0.20293138705193994
1781099300027371000,63.46737109375,-0.9508540329128503,-1.6981261059105395,0.8887018203824758
1781099300052446700,63.49244677734375,0.7039379581838846,-0.8510068804994225,-0.571527383556962
1781099300077522000,63.51752197265625,1.2646645462632178,0.583418604619801,-0.1160673425912857
1781099300102598000,63.542597900390625,1.60675832028985,0.20299422315508125,-0.23073095586448905
1781099300127672800,63.5676728515625,-0.343474414730072,-0.8041609581723809,-0.2626122410327196
1781099300152749000,63.5927490234375,-0.372253349968791,-1.033211413604021,1.2621814972758292
1781099300177825000,63.617824951171876,-0.2520189508259296,-0.5961971299111842,1.0749486146152019
1781099300202900000,63.64289990234375,0.7684288427948951,-0.7823685208201407,-0.06933686333745717
1781099300227976000,63.66797583007813,0.7982260151654481,-0.6559887507900596,0.24310645331293343
1781099300253051100,63.69305102539062,0.5401087474644184,-0.03419716089516878,0.4957528883874416
1781099300278126800,63.718126953125,-0.20397125149369238,-0.8082774535804986,-0.09697188923805951
1781099300303202800,63.74320288085938,-0.3072124302595854,-1.3202949558094144,0.15428309147804975
1781099300328278000,63.768278076171875,0.276847102612257,-1.5848367035999893,0.670018152925372
1781099300353354000,63.79335400390625,1.4390391163945198,-0.5337263529509305,-0.20860212616473436
1781099300378429000,63.818428955078126,1.447893453979492,-0.5576631088554859,-0.763634009733796
1781099300403505000,63.8435048828125,0.5996300269693136,-1.1422069181129335,-0.06928396410644054
1781099300428581000,63.8685810546875,-0.28885785840153694,-1.7059522694915532,0.5050394799098372
1781099300453656000,63.89365600585938,-0.08344926758110523,-1.253785717113316,0.6048986150220036
1781099300478731800,63.918731689453125,0.5346668486714363,-0.022487433879077433,1.4169170086964964
1781099300503807000,63.94380688476563,1.5414987893939018,0.2080515065446496,0.40980069807469843
1781099300528883000,63.96888305664063,0.5472434216499328,-0.8596624806419014,-0.2999421469956636
1781099300553959000,63.993958984375,0.18047580961585044,0.09587941782623528,1.7839616841062902
1781099300579033900,64.01903393554687,-0.6727735891133546,0.13484130890518425,1.695875988896191
1781099300604110000,64.04411010742187,0.053744449669122694,-1.2260767491936684,0.06935878290832043
1781099300629185000,64.06918505859375,1.3326818514347076,-0.6150757256433368,0.302682970136404
1781099300654261000,64.09426098632812,1.7395745531082152,1.26865157007277,1.6432646349102258
1781099300679337000,64.1193369140625,0.08118190717101097,-0.2613961432412267,0.45655835759639735
1781099300704412000,64.14441186523437,0.552802809342742,-0.4427645177826285,0.08339432252347469
1781099300729488000,64.16948779296875,2.0056173531115054,1.4808125577628612,1.9372695008113978
1781099300754562800,64.19456274414063,0.8868424562513828,-0.39533085869550705,0.7370975927248596
1781099300779639000,64.21963916015625,1.5142887109071015,0.14203034362643957,-0.9201850461438298
1781099300804715000,64.24471508789063,1.7319968113303184,0.5042576818823814,1.012675990575552
1781099300829790000,64.2697900390625,0.9014473201870917,0.7825102673783898,0.6368161405473947
1781099300854866000,64.29486596679688,-1.2537474309295416,-0.8575885969772934,1.3497279710426926
1781099300879940900,64.31994091796875,-0.42864860640764235,-0.5746192120924591,2.5324495626345276
1781099300905016800,64.34501684570313,1.6404291192233562,1.6457172887593507,1.5548846329286694
1781099300930093000,64.37009301757813,3.009204028302431,1.3283891226768494,0.5887547049507499
1781099300955168000,64.39516796875,0.7809919717699288,0.15414046813696622,0.26582009716331956
1781099300980244000,64.42024389648438,-1.1673171017110346,-0.7193859949454665,1.067137940864265
1781099301005319400,64.4453193359375,-1.9503391180038452,-0.737492437261343,2.1314707611799237
1781099301030395400,64.4703955078125,0.19418343245089054,0.37214901281148194,1.2632324676334856
1781099301055471400,64.49547143554688,2.8199194738090037,0.9647735449329018,0.2912608278900385
1781099301080546300,64.52054638671875,1.6544611517071723,0.6067129709675908,1.406554020114243
1781099301105622300,64.54562231445313,-1.820195319265127,-0.10655921727269888,0.7739210104703903
1781099301130697500,64.57069750976562,-1.079012210792303,0.3607262860432267,0.985720763632655
1781099301155773400,64.5957734375,1.5986965943872928,0.6752060769572854,1.0376347830042243
1781099301180849400,64.62084936523438,2.1897861720263956,0.9014113720908761,1.0050175847768783
1781099301205924400,64.64592431640625,-0.18188216928243636,0.20994828007668256,2.010092160438001
1781099301231000300,64.67100024414063,-0.7008703873068094,0.4111412990286946,0.8192620811924338
1781099301256075300,64.6960751953125,0.9698205991894007,0.8918526856288314,1.2252286079317332
1781099301281151200,64.72115112304688,0.8337403961390256,0.7763304096996784,1.1663847892969845
1781099301306227500,64.7462275390625,0.5349859976232052,1.0177838351085782,0.870073692280054
1781099301331302400,64.77130249023438,-0.03543488599658012,-0.07177052022516726,0.8761679175019264
1781099301356378400,64.79637841796875,0.36920799092352385,0.5401403116464615,1.1825284071072935
1781099301381453300,64.82145336914063,0.2715267843723297,0.013011165003478526,1.5042247052714228
1781099301406529500,64.84652954101563,-0.2596539757490158,0.023245558770000934,0.20943770020604133
1781099301431605200,64.87160522460937,0.1357265673071146,0.3654787412673235,0.6778159671947359
1781099301456680200,64.89668017578126,-0.013159341302514076,0.17340893996953963,0.4994058579370379
1781099301481756400,64.92175634765626,0.1071399397701025,0.3029211628064513,0.4105751895785332
1781099301506831400,64.94683129882813,0.6145224756747484,0.37599692041128874,1.4346137011677025
1781099301531907300,64.9719072265625,0.3624801439732313,0.05521510674357414,0.5989329846158623
1781099301556983600,64.99698364257813,0.10982464880943298,-0.19986118582636117,0.6909782311066984
1781099301582058500,65.02205859375,-0.5535854841530323,-0.135464701500535,1.0881374742731451
1781099301607134500,65.04713452148438,-0.17710662544369696,0.9625906479358672,0.3307306684911251
1781099301632209400,65.07220947265625,-0.1330079559981823,0.9487120524480939,0.3776905725866556
1781099301657285400,65.09728540039063,0.3005237462759018,0.7627844071671366,1.2470429648548365
1781099301682361300,65.122361328125,-0.24016543142497537,-0.00554565142840147,1.422126852299273
1781099301707436300,65.14743627929687,0.5807376949727535,0.15588292789012193,1.4896856000483034
1781099301732512500,65.17251245117187,1.1888847903966904,0.1950371266707778,1.0032488215386868
1781099301757587500,65.19758740234376,0.3115373077213764,-0.4496481398165226,0.07296908235996961
1781099301782663400,65.22266333007812,-0.2798135512024164,0.033736557646095754,-0.08825520655810833
1781099301807739100,65.2477392578125,-0.32628070334494114,-0.3038867929682135,0.2554141462221742
1781099301832814300,65.272814453125,-0.007078560084104538,-0.49062663141489027,-0.589951805780828
1781099301857890300,65.29789038085937,1.0734241815268992,0.3181058724567294,0.337526904502511
1781099301882965200,65.32296533203125,0.08596271170675754,-0.20583412275612353,0.9015855596140027
1781099301908041500,65.34804150390624,-0.9936644161134958,-0.1429831143066287,1.1581357241287826
1781099301933117400,65.37311743164062,0.9198691120624541,1.3361232240602374,0.21772885095030067
1781099301958192400,65.3981923828125,1.2277747852832077,-0.3991530473321676,0.8057736540660262
1781099301983268400,65.42326831054687,0.2900684032350778,-0.2263835743099451,0.4468853971049189
1781099302008343300,65.44834326171875,-0.7850865476071834,0.6949860054433346,1.4964073095187544
1781099302033419000,65.4734189453125,-1.2116466573029756,-0.15216712223738432,1.8765318312540649
1781099302058495000,65.49849487304688,0.3551689441770315,-0.793311939638853,-0.42855975908041
1781099302083570200,65.52357006835938,1.4696411754071712,-0.008996376404166222,-0.5714046339601278
1781099302108646100,65.54864624023438,1.5930536200642584,0.08587591020613908,0.2666775907754898
1781099302133721000,65.57372119140625,-0.44211248361468314,-0.7681164158448577,-0.3088563980743289
1781099302158797000,65.59879711914063,0.3630488837718963,-1.4570631411239503,-0.5181868385136127
1781099302183873300,65.62387329101563,0.5105044673174619,-1.814574556773901,-0.5943100009903312
1781099302208948200,65.6489482421875,0.17191490201950071,-1.3228946169137954,-0.8164370868995785
1781099302234024000,65.67402392578126,-0.8516548230141401,-1.1662363207370041,-0.39575697515308855
1781099302259099000,65.69909887695313,0.06720014356970787,-0.37542350443750616,0.4288111034929752
1781099302284175000,65.72417504882813,0.992878818693757,0.5666846197009087,0.13000877418220042
1781099302309251000,65.7492509765625,2.498466336750984,-0.9443559030652046,0.3124073685541749
1781099302334326000,65.77432592773438,1.4420529112577438,-0.39547552786320445,0.081138944812119
1781099302359402200,65.79940234375,-1.3620377097785472,-1.3019932831823826,2.0673396497920153
1781099302384477200,65.82447729492188,-0.7763029371708631,-0.9930164735987782,0.4145078528523445
1781099302409553200,65.84955322265625,1.0085749849975107,-0.5524892133489251,-0.05572042591720819
1781099302434628000,65.87462817382813,2.4453461564600465,0.13538169939219952,0.6896449366763234
1781099302459704000,65.8997041015625,0.27716157538890834,-0.9348217665225267,-0.32600743936151266
1781099302484780000,65.92478002929687,-0.3958826473593712,-1.416807703103125,-0.364550812767446
1781099302509855000,65.94985498046876,-0.18544833733141422,-0.9033210051044821,0.1702040064483881
1781099302534931200,65.97493115234376,0.8392085984170436,-0.2010726074427366,-0.3265437381953001
1781099302560006100,66.00000610351563,1.0374725781798362,-1.3569544151648878,-0.10350684396475553
1781099302585082000,66.02508203125,0.5524444974243641,-1.5920757149428129,0.6448270130455493
1781099302610158000,66.05015795898437,-0.2962444615215063,-0.6097510234892368,0.7033338548108935
1781099302635233300,66.0752333984375,0.2891863597035408,-1.160177459089458,-0.4619026412338018
1781099302660309000,66.10030908203125,1.5112655636936425,-1.2723954327762126,-1.181399110816419
1781099302685384000,66.12538403320312,1.03011753924191,-0.26072832698225973,0.14293138411939144
1781099302710460200,66.15046020507812,-0.34658582474887367,-1.3859429015010594,0.04193739975839853
1781099302735536000,66.1755361328125,-0.41817748127579685,-1.1827461415112017,-0.3408835214540362
1781099302760611000,66.20061108398437,0.8143500514924525,-0.8032721926391124,0.6854644361212849
1781099302785687300,66.22568725585937,0.600393997079134,-0.9807143336474895,-0.07200345219820738
1781099302810762200,66.25076220703124,0.24390227986574173,-1.0362333917737006,-0.20260814644694328
1781099302835838000,66.275837890625,1.0020207410484552,-0.45622722594588994,0.3813561093568802
1781099302860914200,66.3009140625,0.4100760078847408,-0.8518351480171084,0.6316989436641335
1781099302885989000,66.32598901367187,0.06482230852246285,-1.7814967552974819,-0.08579963009953498
1781099302911065000,66.35106518554687,0.022310031485557553,-1.1384043109595774,-0.18248568813353777
1781099302936140000,66.37614013671875,0.5439771133303642,-0.1761468405008316,0.7515437589675188
1781099302961216300,66.40121630859375,0.8079910378545522,-0.10432166747897863,-0.5779810897409916
1781099302986292200,66.42629223632812,0.01062426986694336,-1.5727666188389062,-0.366522112840414
1781099303011367700,66.45136767578126,-0.10270751028060912,-1.582146149341762,0.09643179101198911
1781099303036443400,66.476443359375,-0.23741817854344843,-0.49009734684377904,-0.023561785112321376
1781099303061518300,66.50151831054687,0.8186012791961431,-1.0633359182327986,-0.6197311502337456
1781099303086594600,66.52659448242187,0.6992389867126941,-0.5461588412836194,-0.7736050763890147
1781099303111670500,66.55167041015625,0.4716980590611696,-0.7701791935935616,0.78435618750602
1781099303136745500,66.57674536132812,0.6255594179958105,-0.4479167859792709,-0.28778058455884453
1781099303161821700,66.60182177734374,-0.041539632612466806,-1.341200673455,-0.3096627460211515
1781099303186896600,66.62689672851562,-0.6053998425424099,-1.8770768979161976,0.8374225917831063
1781099303211972400,66.65197241210937,-0.21960195134580135,-1.1659987125888467,0.3379474680021405
1781099303237047600,66.67704760742187,0.4489771086871624,-0.3227060597285628,-1.1842124146714805
1781099303262123500,66.70212353515625,1.65713241674304,-0.46937838394194836,-1.4304679796651005
1781099303287199500,66.72719946289062,0.33901217462420463,-1.141620642657578,-0.0381067355543375
1781099303312274400,66.7522744140625,-0.7625292633622884,-0.6864023014932871,1.2266314604669808
1781099303337350700,66.7773505859375,-0.7001876657396554,-0.9032415101274848,0.36351825484931466
1781099303362425600,66.80242553710937,0.8805635221123694,-1.1218427599981426,-0.4855737319394946
1781099303387501600,66.82750146484375,1.114221471339464,-1.83107239484936,-0.012306816126406193
1781099303412577300,66.85257739257813,-0.3964864584714174,-0.990816040945053,0.11909428919702768
1781099303437652500,66.87765258789062,-0.1396510472744703,-0.6644859455004334,-0.5606678436294198
1781099303462728400,66.902728515625,0.5684066211879253,-0.19523820220082996,-1.509244579260051
1781099303487803400,66.92780346679687,1.8270178587615489,-1.0381278272181749,-0.03363835796862841
1781099303512879600,66.95287963867187,-0.5593044463217258,-1.0857716219246387,0.7547849328458309
1781099303537954600,66.97795458984375,-1.6800316462934015,-2.0773118854910133,0.8908750727683306
1781099303563030500,67.00303051757813,-0.5195908600926399,-0.6924295989587903,0.3845321090444922
1781099303588106500,67.0281064453125,1.6043623650640249,-0.6880038914710283,0.1901455552369356
1781099303613181700,67.053181640625,1.3680612078517675,-0.2742988794341683,-0.669132310001552
1781099303638257400,67.07825732421875,-0.478185667514801,-1.1239005693107842,-0.3285965790718794
1781099303663332400,67.10333227539063,-1.2566104191452263,-1.1551105310887098,-0.24369448233395813
1781099303688408600,67.12840869140625,0.6401262880086899,-1.049630925746262,-0.4008303328946233
1781099303713484500,67.15348461914063,1.5932582027256488,-0.38871377864331,0.5450558484777808
1781099303738559500,67.1785595703125,0.001973345899581909,-1.4297785360962152,-0.6691428313955664
1781099303763635500,67.20363549804688,-0.691449063488841,-1.2481827825397251,-1.1523305449813603
1781099303788710700,67.22871069335937,0.24324703082740307,-0.30256694254130123,-0.32028204745203254
1781099303813786600,67.25378662109375,1.6800187868118286,-0.5289733132049441,-0.22398878812789916
1781099303838862300,67.2788623046875,-0.07034604038000107,-1.7975325288191437,-1.9131077039793132
1781099303863937500,67.3039375,0.07687339632213115,-0.9071920013189315,0.6542950986146926
1781099303889013500,67.32901342773438,0.09861936418414115,-0.15885814430862663,-0.3157692462027073
1781099303914088400,67.35408837890625,1.4244909510821102,-1.2269319047182798,-1.7339675268813968
1781099303939164400,67.37916430664062,-0.039305589950084686,-0.5326148845776916,0.13695844718962907
1781099303964240600,67.40424072265625,-1.112117777058482,-0.8023638456225395,0.7788160890355705
1781099303989315600,67.42931567382813,-0.2156827320754528,-0.9634025488406419,-0.851800368964672
1781099304014391800,67.45439184570313,2.133298561128974,-0.24520868628919124,-0.8819877096965908
1781099304039466800,67.479466796875,2.2214988226294516,-0.2708437705442309,0.007878478290140628
1781099304064542700,67.50454272460938,-0.9943243413269519,-1.3072276767045259,0.11375818886607884
1781099304089617700,67.52961767578125,-1.4870534979790448,-1.797543050213158,0.07728022355735302
1781099304114694000,67.55469384765625,-0.3634633097916841,-1.0496651202768086,-0.31435821036100386
1781099304139769900,67.57976977539063,1.5231705210208892,0.007478080795705318,-0.7985580235987901
1781099304164844800,67.6048447265625,0.9440905301272868,-1.2225754630744456,-0.9746811909630894
1781099304189921000,67.62992114257813,-1.1555682117283343,-1.1554895935341716,-0.9385647524431348
1781099304214996000,67.65499584960938,-1.1335942803293466,-0.9795163560345769,0.10435907687991856
1781099304240071700,67.68007177734376,0.20212883849740026,-0.4238531888246536,-0.34277532655000686
1781099304265148000,67.70514794921876,0.8928180235296487,-0.6939838426634669,-0.2935442626520991
1781099304290222800,67.73022290039063,-0.5739560720086098,-1.0176017565399407,1.00295334572345
1781099304315298800,67.755298828125,-1.5358932244718073,-1.6714274840772152,-0.4595288978397846
1781099304340373800,67.78037377929688,0.14341244563460348,0.16754647767692804,-0.518287084017694
1781099304365450000,67.80544995117188,1.995478236413002,0.25011194816082716,-0.9467395833313464
1781099304390525000,67.83052490234375,1.5090215841591357,-0.752130911205709,-1.5256947788015007
1781099304415601000,67.85560083007813,-1.7787158924072979,-1.844246933721006,1.4027616420939564
1781099304440676900,67.8806767578125,-0.9989198524236679,-0.26136428679823875,0.1109367017045617
1781099304465751800,67.90575170898437,1.576019483155012,-0.07909399498105049,-1.5154600927740334
1781099304490827800,67.93082788085937,3.4493408279299733,-0.02007891143262386,-1.6324781602188945
1781099304515902700,67.95590283203126,-0.8142980290442705,-1.5583797815680502,-0.4126800529032945
1781099304540979000,67.98097900390626,-3.212352857497334,-2.29468447034955,0.7259490067228674
1781099304566055000,68.00605493164062,1.4503040222525596,0.5801020274177193,-1.0649442302122711
1781099304591129900,68.0311298828125,2.2796569970875975,0.22836101186275481,-2.695383285818994
1781099304616205800,68.05620581054687,-0.33672844760119913,-0.1307134153202176,-0.19653905566632746
1781099304641280800,68.08128076171874,-3.5163480792760846,-2.0518091954439877,2.0735139545127748
1781099304666356700,68.10635668945312,-1.1189046607196331,-0.4934732530176639,-1.2426517441585658
1781099304691431700,68.131431640625,1.5280232217490672,0.5864426286160945,-1.3829890201315282
1781099304716508000,68.1565078125,2.207118999621272,0.2990358458057046,0.08034194921553134
1781099304741584000,68.181583984375,-1.1080255393087863,-1.1564297969937325,-0.7547513228371739
1781099304766658800,68.20665893554687,-2.726100203382969,-1.161411677059531,-0.23967297173291444
1781099304791735000,68.23173510742187,-0.5419827246427535,-0.4503098185956478,-0.578883007016778
1781099304816810000,68.25681005859374,1.2441583493292332,-0.7412053203046322,-0.4088581565275788
1781099304841885700,68.2818857421875,0.9606804304003715,-0.27022067020982504,-0.6673962799891829
1781099304866961700,68.30696166992188,-0.4007856169700622,-0.07679448586702346,0.08199380807578563
1781099304892036900,68.33203686523437,-0.7059434527873992,-0.01524053149074316,-1.3525015274092553
1781099304917112800,68.35711279296875,0.5102852716088294,-0.08971855710893868,-1.5837167596593498
1781099304942187800,68.38218774414062,-0.7181938625514507,-1.2334995926707983,0.5612117412477732
1781099304967264000,68.40726391601562,0.08108604558110237,-0.8280518291085958,-1.0750576279476285
1781099304992339000,68.4323388671875,0.28362872557640073,0.012904489758610724,-1.1947887537434696
1781099305017414700,68.45741455078125,1.7594290081351995,0.18919073873013256,-1.1431266633063555
1781099305042490600,68.48249072265625,-0.34970658711791036,-0.1725122833907604,-1.1451444328695535
1781099305067565600,68.50756567382813,-1.163571485441923,-0.9722270758092403,-0.20845570343136785
1781099305092641500,68.5326416015625,-1.0441109932810066,-0.4474406929001212,-0.010361819538474083
1781099305117716500,68.55771655273438,-0.3992378030061722,-1.0906488725721835,-0.9515884846672416
1781099305142792700,68.58279272460938,-0.26138708315193654,-1.099788456839323,-0.4850365563228726
1781099305167868700,68.60786865234375,-0.11683072817921637,-0.06234364344924688,-1.741712149658799
1781099305192943600,68.63294360351563,-0.5388531944453716,-0.4772068856105208,-0.3356000280931592
1781099305218019800,68.65801977539063,-0.8586357679426669,0.7364598793432116,-0.19694354481399057
1781099305243094800,68.6830947265625,-1.3543980086803435,-1.5462211417406797,-0.44437107619643207
1781099305268170500,68.70817041015626,-0.8562292913228273,0.4326987585812807,-0.34310675046145916
1781099305293245400,68.73324536132813,-0.6659598174452781,-1.1122662456184624,0.611126988017559
1781099305318321700,68.75832177734375,0.23793898754715917,0.12460267735496162,-2.077109056395292
1781099305343397600,68.78339770507813,-0.23747370812296867,-1.0719308742292224,0.32515286835879087
1781099305368472600,68.80847265625,0.9036673343241214,0.6957119816303253,-1.2395879726737737
1781099305393548800,68.833548828125,0.17611001562178133,0.09372384722754358,-2.4015581603989005
1781099305418623700,68.85862377929688,-1.01734222882092,-1.0893791448973118,0.1495376505166292
1781099305443699700,68.88369970703125,-0.876500510457158,-1.145667872221768,-0.6976794823110103
1781099305468774700,68.90877465820313,0.9818412918508053,-0.22375936328619717,-2.575541685386002
1781099305493850600,68.9338505859375,1.6402759744882582,0.3960642875365913,-0.8184788218602538
1781099305518926600,68.95892651367187,-1.4589204594284295,-1.0406887637473643,0.43175154085904355
1781099305544001500,68.98400146484374,-1.8380571391701697,-1.1856693354815244,-0.22220190471112727
1781099305569077800,69.00907788085938,-0.8781225587010383,-0.23933394903689623,-0.37976504077315326
1781099305594152700,69.03415258789063,0.17987492111325262,-0.2958750436872244,-0.9833809225082397
1781099305619228700,69.05922875976563,-0.4693114561855793,-0.20676526612639426,-0.7197197569444775
1781099305644304600,69.0843046875,-0.3538742281913757,-0.9690917003929614,-0.9281614318504929
1781099305669379600,69.10937963867187,-0.38405776953101156,0.20525749191194773,-0.8048422184348106
1781099305694455600,69.13445556640625,-0.06823124018311501,-0.12404109794944523,0.29789661264270545
1781099305719530500,69.15953051757812,-0.019462825360894203,-0.6752806034982204,-0.4047074665889144
1781099305744606700,69.18460668945312,-0.6764198366612195,-0.7989683579653502,-1.0030074139982461
1781099305769681700,69.209681640625,-0.9503647880911826,-0.7774199585020541,0.03532821075171232
1781099305794757600,69.23475756835937,0.08965513648390769,0.04676934995949268,-0.7338324534490704
1781099305819833600,69.25983349609375,0.5975052899003028,-0.17271978866159915,-0.6597016338333487
1781099305844908800,69.28490869140624,0.8221440663695335,-0.0845224497705698,-1.104840771792829
1781099305869984500,69.30998461914062,-1.0333411774635315,-0.6996814697831869,-1.2340361837655305
1781099305895059700,69.33505981445313,-0.7864309479534626,-1.0166878565654158,-0.4544891501069069
1781099305920135700,69.3601357421875,-0.2671124750614166,-0.9416980820327997,-0.45883682392239566
1781099305945210600,69.38521069335937,0.36048166363239287,-0.23338848463594913,-0.8887108804717659
1781099305970286600,69.41028662109375,0.11158055256605148,-0.43800124890357256,0.4681403665795922
1781099305995362600,69.43536254882812,-0.17322949174940586,0.05670943695455789,0.04759235678017139
1781099306020437200,69.46043725585938,-0.2974532527893782,-0.4567389748603105,-0.04047200338095426
1781099306045513200,69.48551318359375,0.021270167043805122,-0.5075789352595805,-0.1806415215715766
1781099306070588200,69.51058813476563,-1.2600620209038256,-0.7224032969400286,0.22457067966908215
1781099306095664400,69.53566430664063,-0.31047756953537464,-0.41992841659635305,0.006974807448685168
1781099306120740000,69.56073999023438,0.6443196480453014,-0.19270459206998347,-1.2762354493305086
1781099306145815000,69.58581494140626,-0.13257833240926264,-1.1987781156405806,-0.4645359123468399
1781099306170891300,69.61089135742188,0.028844401690363883,0.007419628606736659,0.3311439254671335
1781099306195966200,69.63596630859375,-0.19605331797599793,-0.2984039776429534,-0.41741234212219713
1781099306221042200,69.66104223632813,-0.14465747725963593,-0.3457733393222093,0.3451496544659138
1781099306246117000,69.6861171875,-0.7497557065069675,-1.7194266680926082,0.8845528840094804
1781099306271193300,69.711193359375,0.8148702759742736,0.3542319555878639,-1.2864210355192423
1781099306296269000,69.73626904296874,1.0607213518202305,0.5590419959932565,-1.4115908452376722
1781099306321344300,69.76134423828125,1.9290508307814598,0.5231067592591047,-0.41929713295549154
1781099306346420200,69.78642016601563,-0.6171990014076233,-0.8791858040183782,0.14005699772685765
1781099306371495200,69.8114951171875,0.033062896168231964,-0.8203063295483589,0.8262146768093108
1781099306396571100,69.83657104492187,0.09850888954699039,-0.8172931192070245,-0.805922999408841
1781099306421646000,69.86164599609376,1.051156820139289,0.22595453524291514,-0.8493632049456238
1781099306446722300,69.88672241210938,1.7797177629262209,0.6461772586107254,-0.6019833120971918
1781099306471798300,69.91179833984376,0.6555880610346794,-0.14769523752033709,-1.874841978470981
1781099306496873200,69.93687329101563,-0.21923954777419566,-0.841358177666366,-0.04316986416280269
1781099306521949200,69.96194921875,-0.45552083124220366,-1.3705883882418275,1.0611430843636394
1781099306547024100,69.98702416992188,0.045455929273366925,-0.7006307333320378,-0.6440253412738443
1781099306572100000,70.01210009765624,1.6749556582033633,0.37581805671304463,-1.3367963010162114
1781099306597176300,70.03717626953124,1.6990063958764074,0.3694038057565689,-0.8055246477410197
1781099306622251300,70.06225122070313,-0.8019669552594423,-1.0113540943220256,-0.6242907132342458
1781099306647327200,70.0873271484375,-1.1751818437367676,-0.9777622058436274,0.16852087566703558
1781099306672402200,70.11240209960937,-0.6961456968724727,-0.946833691355586,-0.008392565292119979
1781099306697478400,70.137478515625,-0.02253331884741783,-0.997384605680406,-0.8388912030309438
1781099306722553300,70.16255322265626,0.21499065815806387,-0.9233820886194706,-0.6057055474907159
1781099306747629000,70.18762915039062,1.1070119783520698,0.28539398168325425,-1.055468253597617
1781099306772705300,70.21270532226562,-0.9945850380897522,0.4954226335197687,-2.1687045132920146
1781099306797780200,70.2377802734375,0.8682914850383996,1.1044877205714583,2.2565382795676587
1781099306822856200,70.26285620117187,-1.2370873880296944,-0.7793620324805378,-0.5556263423308729
1781099306847931100,70.28793115234375,-1.9391928700894117,-3.099263069412112,-0.6364280180126428
1781099306873007400,70.31300732421874,-2.1791560569405553,-4.972154790598154,-1.1554556912645697
1781099306898082300,70.33808227539062,3.752382694506645,1.4010543997846543,-5.956093931511044
1781099306923158300,70.363158203125,-9.689363344746827,5.190222956505417,-0.703280663318932
1781099306948234200,70.38823413085937,-6.263328573602438,-1.165579464263469,13.356646666377783
1781099306973309200,70.41330908203125,-9.072472970896959,-8.369127717909217,3.2254467323482037
1781099306998385200,70.43838525390625,14.197023139530419,4.39602546620369,-13.221920216023921
1781099307023460000,70.46346020507812,21.310354092764854,6.043318625977635,-2.515480599915981
1781099307048536300,70.48853637695312,-8.957068476128578,6.089457276818156,-3.7824116298064587
1781099307073611300,70.513611328125,-10.732354978609084,-2.6573025614887475,1.457764129000157
1781099307098687200,70.53868725585937,-3.9623821202486753,0.011936813770234584,-2.9830872980102896
1781099307123763200,70.56376318359375,4.536642728161811,0.9698049632288515,4.366843503122031
1781099307148838400,70.58883837890625,3.8784406852364537,1.7487779963918029,1.9667025160446763
1781099307173914000,70.6139140625,1.5148644649684428,0.8247035415939986,-3.370640508441627
1781099307198989000,70.63898901367187,-2.003068253150582,-0.4845464347183704,-4.184488747891783
1781099307224065300,70.66406518554687,-4.050582381749153,-0.008479805184155703,-3.5625635947450993
1781099307249140200,70.68914013671875,-1.994911250180006,0.8020331523634493,-1.0546613211289046
1781099307274216200,70.71421630859375,-0.24119185186326503,0.6961889514923095,1.5872183380395173
1781099307299292400,70.73929248046875,-0.0724187550008297,0.6946450830511748,0.6642506754398345
1781099307324367400,70.76436743164062,-1.985964558136463,-1.101545237378776,-0.9881032748550176
1781099307349443000,70.78944311523438,-1.2999953873634338,0.6435697064608336,-1.6588023957818745
1781099307374518300,70.81451831054687,0.043401919353008266,1.1751026410207153,-2.5704861555621026
1781099307399594200,70.83959423828125,-0.011599252378940581,1.0182070289567113,-1.0207754181399942
1781099307424669200,70.86466918945312,-0.24209260009527206,0.0903093626089394,-0.0074079381689429276
1781099307449745200,70.8897451171875,-0.7980676097333431,0.04860241060554981,-1.5978779714807867
1781099307474821400,70.9148212890625,-0.005061959564685821,0.8054268864549696,-1.430584591782093
1781099307499896300,70.93989624023438,-0.009531213933229445,0.9028091100595891,-3.013125585660338
1781099307524972300,70.96497216796875,-0.8071160085856914,0.051455315818637604,-1.6158754004642366
1781099307550047200,70.99004711914063,-0.37397944310903547,0.24494141365513203,-1.7969585283234715
1781099307575123200,71.01512329101563,0.17124620897769927,0.6756321934148669,-2.219282607884705
1781099307600199200,71.04019921875,0.41808395777344703,0.9336740577921271,-0.6888543708205223
1781099307625274000,71.06527416992188,-1.8126421274065971,0.24400895511060952,-0.757875007815659
1781099307650350300,71.09035034179688,-1.6674954053252935,-0.5180234646454454,-0.8207429673999548
1781099307675425300,71.11542529296875,-0.6343535498261451,0.6090729780972004,-1.998032889331877
1781099307700501200,71.14050122070313,-0.18806641087532042,0.7115101470038294,-2.1523075052425265
1781099307725576200,71.165576171875,-0.2527402508378029,0.7227920039966702,-1.328995856398344
1781099307750652400,71.19065234375,-0.4125146332085132,1.0312423054881392,-1.8049641401246188
1781099307775728000,71.21572802734374,-0.7325438749432563,0.028648440726846455,-1.4320733690351246
1781099307800803000,71.24080297851563,-0.354567471152544,0.6742823862411081,-1.3650149720236657
1781099307825879300,71.26587939453125,0.019231354692578313,0.4397996766276657,-2.439459144248068
1781099307850954200,71.29095434570313,-0.8695932152867316,-0.1733271069049835,-1.8413330921009181
1781099307876030200,71.3160302734375,-0.3634907823204994,-0.14864201685115694,-1.1838114326551556
1781099307901105200,71.34110522460938,-0.26714228567779064,0.3753685593798756,-2.0308768820524215
1781099307926181400,71.36618139648438,-2.4357974068701265,0.1853416620865464,-1.5549062602385877
1781099307951257300,71.39125732421876,-2.1395172895133494,0.18973595152273773,1.4831974070727825
1781099307976332300,71.41633227539063,-0.8864555027604103,2.724160175231099,-2.7902245927691456
1781099308001408300,71.441408203125,-1.57136084369421,1.397972654251754,-0.039865561920404434
1781099308026483500,71.4664833984375,1.245962183880806,0.391197996674478,1.0762895078301429
1781099308051559400,71.49155932617188,1.7413135057300329,2.477590137460828,-5.283653519874811
1781099308076634400,71.51663427734375,5.425292526096105,2.3630982274927197,-2.2907918468251824
1781099308101710600,71.54171069335938,1.5412170498430728,2.904605005186796,-3.142896459433436
1781099308126785500,71.56678564453125,-2.7318039679825303,0.048749710121750826,-0.9194842043980955
1781099308151861500,71.59186157226563,-0.9944050053477287,-0.07711217351406813,0.2139768049404025
1781099308176937500,71.6169375,1.0893430506706236,2.2146726298712194,-1.574124755449593
1781099308202012400,71.64201245117188,3.945045201000571,2.931239329612255,-0.7489236395969987
1781099308227088400,71.66708837890624,0.8164730349957943,2.7391759580552577,-0.5683396934315562
1781099308252163300,71.69216333007813,-2.170182476890087,0.5071107332259416,-1.5892849151805042
1781099308277239600,71.71723950195313,0.8925883064270019,0.831319014210999,-0.7702607343971729
1781099308302314500,71.742314453125,1.6206804626584053,2.194265363267064,-3.443804236590862
1781099308327390500,71.76739038085938,-1.9310791217386722,-0.026250001282989977,-0.33284400738328696
1781099308352466700,71.792466796875,-3.991502416270971,-0.9755759478457271,1.0808636838778853
1781099308377541600,71.81754174804688,-4.693354215830564,1.4208261449642479,-1.5301212169416247
1781099308402617300,71.84261743164062,-3.925311157482862,0.5531877170071006,0.934586204200983
1781099308427692300,71.8676923828125,-2.9910896949410435,-0.05223448349758982,0.7979320006549357
1781099308452768500,71.8927685546875,-3.1179706924915314,0.5200936950482428,-1.5282950244277715
1781099308477844500,71.91784448242187,1.5855623875260352,2.6291619241535664,-1.0162995879001915
1781099308502919400,71.94291943359374,0.7108721413612366,2.976478401264548,-0.1556869669266045
1781099308527995600,71.96799560546874,-3.8450469496786592,1.023727107552439,-0.34913550923168657
1781099308553070600,71.99307055664063,-1.88057876855731,1.721539276332408,0.06642214493453502
1781099308578146600,72.018146484375,-1.3630460100382567,0.957975993747264,0.7011664476439357
1781099308603221500,72.04322143554687,1.1625748756200074,2.339440288529545,0.13438976574540137
1781099308628297500,72.06829736328125,3.1262434307962654,1.0843925886563957,-1.204157762852311
1781099308653373400,72.09337353515625,2.57782921180129,2.6766978745713828,-1.354380180762708
1781099308678448400,72.11844848632812,-0.32653263227939605,0.13208484980389476,-1.974140557090938
1781099308703524600,72.14352465820312,-0.9142132782578468,1.3495616745650767,-1.5029641838163137
1781099308728599600,72.168599609375,1.9026281032800674,1.9783463382177053,-1.4228177571728824
1781099308753675500,72.19367553710937,-0.29096915146708485,2.8347496709331867,-0.2751315308660269
1781099308778750500,72.21875048828124,-2.1402654775321484,-0.5141825713083148,0.6723480571776628
1781099308803826700,72.24382666015624,-0.7960679603487253,1.1741687211714684,-1.864608461487293
1781099308828901600,72.26890161132812,2.25081960965991,1.6764387363679707,-1.3333064130738377
1781099308853977300,72.29397729492187,0.770614954662323,2.00486755765751,0.011706219884753226
1781099308879053600,72.31905346679687,-3.444841762945056,0.23164909362271427,-0.029688743560016155
1781099308904128500,72.34412841796875,-2.7190169671237467,0.2916409132488072,-0.046430327263474465
1781099308929204500,72.36920458984375,-0.5946224279403686,1.613103305402398,-0.6291659180551767
1781099308954279400,72.39427954101562,0.6801040781319141,1.642792341223359,-0.43695758506953714
1781099308979355600,72.41935571289062,-1.103024370020628,0.8955215833999216,0.6778577605098486
1781099309004430600,72.4444306640625,-2.5624182921797036,0.35033319458365436,-0.9262374780505895
1781099309029507600,72.46950756835938,-1.2031892100811004,1.753191575050354,-0.6052639412030577
1781099309054583600,72.49458349609375,0.11691782194077968,1.5855984817527233,0.1994806620761752
1781099309079658500,72.51965844726563,-0.13810264878869055,1.567567588891089,-1.309100192578137
1781099309104734700,72.54473461914063,-0.8607938227593899,1.5972884811550379,-0.268879776994884
1781099309129809700,72.5698095703125,-0.470281762522459,1.3491887495994568,-0.039216158100962635
1781099309154885600,72.5948857421875,0.6136778415441513,2.156691127154231,-1.0392211754128335
1781099309179960600,72.61996069335937,1.1320517270624637,2.1180136059746144,-0.4184951689228415
1781099309205036500,72.64503662109375,-0.8430407239258288,1.648193031223118,0.0716194213166833
1781099309230112500,72.67011254882813,-0.10549334160685539,1.5339195863112807,-1.6197911126032472
1781099309255187500,72.6951875,0.1207341653585434,1.1742737889811397,-0.6716866706594824
1781099309280263700,72.720263671875,-0.16471651494801043,1.014820893649757,-0.41645460300594567
1781099309305338600,72.74533862304688,-1.2342507032990455,0.9055215838886796,-0.5913032203897833
1781099309330414600,72.77041455078125,-0.4941150580525398,2.062442233139276,0.7210565585061908
1781099309355489500,72.79548950195313,-0.3711199620246887,1.6420847774758933,0.6550511776790022
1781099309380565800,72.82056567382813,-0.7397147894859314,1.6772665654942391,-0.7911229051619768
1781099309405641500,72.84564135742187,-1.5802502525925635,0.6572711918160319,0.04847176996320486
1781099309430716400,72.87071630859376,-1.5635107147157192,1.1667784647896886,0.42345775976628064
1781099309455792600,72.89579272460938,-0.21232114668786525,1.5949182448923587,-0.41937107497453685
1781099309480867600,72.92086767578125,0.33639936177730556,2.2109093318149444,-0.04745616317987442
1781099309505943600,72.94594360351563,-1.0016285268604754,1.4051304170519112,0.7770014408290385
1781099309531018500,72.9710185546875,-1.6361691236913203,0.7903975134968757,-0.2589294608667493
1781099309556094700,72.9960947265625,-1.2641747169196604,0.8922817246958613,-0.10804507191628217
1781099309581169700,73.02116967773438,-0.317414675322175,1.5620421034678815,-0.16816139470487831
1781099309606245600,73.04624560546876,0.2368751577079296,1.8923443174138663,-1.1342150425761937
1781099309631321600,73.07132153320312,-0.5203934086471795,1.2373030766069888,0.31625673745870586
1781099309656396500,73.096396484375,-1.4726187299132347,1.3083905830040574,0.1399222654312849
1781099309681472500,73.12147241210937,0.42776890096366404,2.388142213986814,-0.47058308355659245
1781099309706547500,73.14654736328124,1.6817893036156892,2.4340146151065825,0.38115152669548985
1781099309731623700,73.17162377929688,-1.087751397565007,0.46003041762113567,0.19906331344693898
1781099309756698600,73.19669873046875,-1.9988813228547573,0.13368687817305325,0.10799334172904491
1781099309781774600,73.22177465820313,0.5282692565888166,1.3047443354561925,-0.7108233337834478
1781099309806850600,73.2468505859375,1.8156009772121906,2.132166342228651,-0.2302808740094304
1781099309831925500,73.27192553710937,-0.3912368673801422,0.7669406500637531,-1.1691922479331494
1781099309857001500,73.29700146484375,-2.4579578007519243,0.33108664232194424,0.242780874620378
1781099309882076400,73.32207641601562,-1.6622095738768576,0.35920156069397924,-0.43010757304430003
1781099309907152600,73.34715258789062,-0.2199696156144142,1.4771078580260275,0.13736147503256796
1781099309932227600,73.3722275390625,0.31138650107383725,1.2947192005261778,0.4300429833754897
1781099309957303600,73.39730346679687,-0.22663082706928253,1.1430921765148638,-0.0028638649985194206
1781099309982379800,73.4223798828125,-1.0342179602980612,0.5634948837488889,0.12520955720692872
1781099310007454700,73.44745483398438,-1.0903343997955321,1.1344082270607352,0.31651626517772674
1781099310032529700,73.47252978515625,-0.9185907626897096,0.7200766075581312,0.4270572455629706
1781099310057604600,73.4976044921875,0.186420397233963,0.8325701833158731,0.513591035155952
1781099310082680600,73.5226806640625,-0.419609559905529,1.3073477959528566,-0.12977584220916033
1781099310107755800,73.547755859375,-0.38328269350528715,1.5830086113899946,0.3745759476974606
1781099310132831500,73.57283154296876,-0.043082185879349706,1.7236317185670136,0.6419046958580613
1781099310157906400,73.59790649414063,-0.10055413163900374,1.4050091287598012,-0.4401335847571492
1781099310182982700,73.62298266601563,-1.3087573704898356,-0.07917232091426848,1.0608540382891893
1781099310208058600,73.64805859375,-1.3019734094381332,0.808884771823883,0.55107204002738
1781099310233133600,73.67313354492188,2.375500466817617,2.139313583634794,-0.42453328004330393
1781099310258209800,73.69820971679688,2.415893267482519,2.5762065790355204,-0.26938158903717996
1781099310283284700,73.72328466796876,-1.6506301952421665,-0.13940116416662932,-0.439981024543941
1781099310308360700,73.74836059570312,-1.847199061524868,-0.06034662441313266,-0.18511720568090675
1781099310333435600,73.773435546875,-0.11594400847256182,0.8149389572963118,0.13018120813965797
1781099310358511600,73.79851171875,0.45554830377101896,2.1777102420464156,0.20605682559609412
1781099310383587600,73.82358764648437,0.3853519009947777,1.361204181563854,0.13281447925269602
1781099310408662500,73.84866259765624,-0.1865478230059147,1.5402826916024088,0.0561275454133749
1781099310433738800,73.87373876953124,-1.4024094676554202,0.33889877737760543,0.8949076892852783
1781099310458813700,73.89881372070313,-1.7978297582000493,0.17244389432966709,0.9204217775091529
1781099310483889700,73.9238896484375,1.1490987234532832,2.0901786735877392,-0.4893754623100161
1781099310508964600,73.94896459960937,1.5585656595289705,3.02413476319164,-0.02437017888575792
1781099310534040600,73.97404052734375,-0.4908142629414797,0.6980871863290667,0.5451885349467397
1781099310559115800,73.99911572265626,-3.055164984488487,0.12386340329498052,0.7211848610609769
1781099310584191500,74.02419140625,-1.1717384252846241,0.15998071859776972,0.6533931813389062
1781099310609267700,74.04926782226562,0.20721300989389418,1.8787898393139242,-0.23586744197010992
1781099310634342700,74.0743427734375,2.305316923522949,2.01463535682559,0.5020227624371647
1781099310659418600,74.09941870117187,0.41431028445363044,1.5700938924983143,0.22785364686250686
1781099310684493600,74.12449365234374,-2.7229899624079463,0.06674158614724875,0.2728787835031748
1781099310709569800,74.14956982421874,-2.292991694957018,-0.15216741449832916,1.3888628806009888
1781099310734644700,74.17464477539062,0.6552256574630737,2.1184709943532942,0.4758776828333735
1781099310759720400,74.19972045898437,2.699476400351524,2.087747354787588,0.30808190657049417
1781099310784796700,74.22479663085937,-0.3214145586133003,0.5865224158540367,0.5438900195688009
1781099310809871600,74.24987158203125,-2.2276047382891178,0.6357198697432875,0.6853212282583117
1781099310834947600,74.27494750976562,-1.8410019604504106,0.2273018581986427,0.8944429943829775
1781099310860022500,74.3000224609375,1.1316869854032994,1.8758122848078607,0.40609044537991285
1781099310885098800,74.3250986328125,2.232619351580739,2.4415844658389685,0.6722770377680659
1781099310910173700,74.35017358398437,-0.07644669534265995,1.219646716146171,0.28413901318609713
1781099310935249700,74.37524975585937,-2.1372826623290777,0.8028001912131905,0.29392390961945053
1781099310960325600,74.40032568359375,-0.7387129189670085,0.5860732107818126,0.9056871497139334
1781099310985400600,74.42540063476562,0.6050280866205692,1.6540730291724204,0.39948271767795085
1781099311010476500,74.4504765625,0.7548363707721233,0.42071518305987116,0.6290080971449613
1781099311035551200,74.47555126953125,-1.280240885579586,0.5812675640657544,-0.02590308754146099
1781099311060627200,74.50062719726563,-0.9766180042445659,1.3513225467577576,0.9400114441201091
1781099311085702100,74.5257021484375,0.349108621224761,2.117129224355519,0.8404100831612944
1781099311110778000,74.55077807617188,1.3006605732738972,1.6178502076685428,0.9459685989588499
1781099311135853300,74.57585327148438,-1.2141735454320908,0.5437044338688254,1.3421382465660572
1781099311160929300,74.60092919921875,-1.6419664117932318,-0.07303337976783514,1.7646131327748298
1781099311186005000,74.6260048828125,0.08651976106762886,1.4837600093916057,-1.0931152626857161
1781099311211080200,74.651080078125,2.086253316837549,1.5386194345653057,0.44272418577224015
1781099311236156200,74.67615625,0.13934066615104673,1.6338398039609192,-0.38370676413625476
1781099311261231000,74.70123120117188,-1.5861737974226473,0.7026938033416866,0.6433233304843307
1781099311286307000,74.72630712890626,-1.1752619232356547,0.7524895153850316,0.9938508785963058
1781099311311382300,74.75138232421875,-0.3927127851516008,1.2656240389451383,1.212666063478589
1781099311336458200,74.77645825195313,0.22016718401312826,0.8976678016483783,1.4186480702728033
1781099311361534200,74.8015341796875,-0.4981611185729503,0.2668549931690097,0.49709933456033467
1781099311386609400,74.826609375,-0.6533411588907242,1.2484101615548133,0.855718711452186
1781099311411685000,74.85168505859374,0.3725158002972603,2.144975262658298,0.5164353186711669
1781099311436760000,74.87676000976562,0.9566793780654669,1.9093384145736694,0.8163190134778618
1781099311461836000,74.9018359375,-0.04221767800450325,1.0672370173245669,0.052260056330263614
1781099311486911200,74.9269111328125,-1.623023226392269,-0.46133828534930943,1.7607722394376992
1781099311511987200,74.9519873046875,-1.1070306830525398,0.07812164281755685,0.2582464470386505
1781099311537063200,74.97706323242187,1.2742775932610033,1.8552470511630177,0.5539686382517218
1781099311562138400,75.00213842773438,1.996330469328165,2.2713746141716835,0.8076543532460928
1781099311587214300,75.02721435546874,-0.6530196718513965,0.26785627916604277,0.37844957426041365
1781099311612289300,75.05228930664063,-1.8315613474100827,-0.07317775667458772,0.8053124662950635
1781099311637365000,75.07736499023437,-1.545705593433976,0.31315234170258044,1.583524159696698
1781099311662440200,75.10244018554687,0.9128659553021192,0.9225859698057174,0.9268509337738156
1781099311687516200,75.12751611328125,1.464072435364127,1.8405095007583498,-0.29336715251952405
1781099311712592100,75.15259204101562,-0.11847907990813254,0.9239216023236513,0.9166250155746937
1781099311737667300,75.17766723632812,-1.1838824520647524,1.3590151470869778,0.7854340458706021
1781099311762743300,75.20274340820312,-0.11714753904342651,0.4014604474917054,1.1211723133906721
1781099311787818200,75.227818359375,0.22591595679819582,0.6378896149978042,0.42685500098913903
1781099311812894200,75.25289428710937,-0.11376198825836181,0.14009060773551463,1.3523013286620378
1781099311837969400,75.27796948242188,-0.2089806040883064,0.016726093873381614,0.13790332682430742
1781099311863045000,75.30304516601562,0.40541795294582844,0.9941440163239836,-0.8374410042226315
1781099311888120000,75.3281201171875,1.2359627679139376,1.1775602633059024,0.07511603126078843
1781099311913196300,75.3531962890625,-0.09257306975722313,0.014318448209762573,-0.31434125922620293
1781099311938272300,75.37827221679687,-0.6707856301665306,0.144562200191617,1.0445835792288183
1781099311963347200,75.40334716796875,-0.2607861946493387,0.6933335620611906,1.2132409407570957
1781099311988423200,75.42842309570312,-0.11527999160587787,-0.07332973236590623,1.0118658432364462
1781099312013498400,75.45349829101562,1.1835264782339334,1.3764233780056236,0.39613282272815703
1781099312038574300,75.47857421875,-0.00599661006629467,-0.3123202747926116,0.8695677885845303
1781099312063650300,75.503650390625,-0.7010854913622141,0.2845437945947051,0.06151216106116771
1781099312088725200,75.52872534179687,-0.25779870327115056,0.8271747540131211,0.7160372690394521
1781099312113801200,75.55380126953125,0.15409282960295675,-0.14004501502811909,0.6519418134868145
1781099312138876400,75.57887646484374,0.13153612987995147,0.05208469976335764,-0.3079296386182308
1781099312163952400,75.60395239257812,0.8592956931561231,1.3011764138415456,-0.2509624275103211
1781099312189027300,75.62902734375,0.6709276689857244,1.1414622372254728,0.668832158011198
1781099312214103300,75.65410327148437,-0.07772562923729419,0.47722442126721143,-0.6131725223705172
1781099312239178500,75.67917846679687,-0.4938151983231306,-1.1763348131641744,1.6937267019078135
1781099312264254200,75.70425415039062,-0.6179051038503647,0.045076574566960334,0.8203276645973324
1781099312289330200,75.729330078125,0.9789151752710342,1.0204153526559472,0.14155512733012438
1781099312314405400,75.7544052734375,2.418133155363798,1.557334071907401,0.05648761089742183
1781099312339481300,75.7794814453125,-0.4027490259975195,-0.07317103467285632,-0.46732057462930676
1781099312364556300,75.80455639648437,-1.7212784334391356,0.21752806768119334,0.9820268775507807
1781099312389632300,75.82963232421875,-0.33585692546367646,1.2145710203170776,0.9672831896662711
1781099312414707500,75.85470751953125,1.287316523054242,0.5899444992572069,-0.13109803072363138
1781099312439783400,75.87978344726562,1.8185230021387337,1.6723273555263876,0.17912819439917801
1781099312464859100,75.90485913085938,-0.7843050418406724,0.5063736511230469,1.058570019005239
1781099312489934300,75.92993432617187,-1.7646634016573428,-1.0246487524420023,0.4142155919075012
1781099312515010300,75.95501025390625,-0.4013187009334564,0.17709259691834447,-0.9092550713285803
1781099312540085200,75.98008520507813,2.625885094439983,1.7694035819217562,0.6608849983990192
1781099312565161200,76.0051611328125,0.30664719759225845,0.5060211844235658,0.06215776548832654
1781099312590236400,76.030236328125,-1.9385510650545357,-0.2954047958269715,0.1729813622072339
1781099312615312400,76.0553125,-1.9055355151593685,0.11672113032490014,1.4410785132676363
1781099312640388400,76.08038842773438,0.36701837192475795,1.5753066587105393,0.6422238448098302
1781099312665463600,76.10546362304687,1.6629682832896708,1.2840186505526303,-0.08341185818016529
1781099312690539300,76.13053930664063,0.03931260421276092,0.3363745195969939,0.7706769139826297
1781099312715614200,76.1556142578125,-2.527581372076273,-0.5828995491817593,0.3839391115874052
1781099312740690200,76.18069018554688,-1.9009996252954005,-0.5258335538744926,0.508398727209866
1781099312765765400,76.20576538085938,0.32879765460193155,1.0175590864419937,0.21434388468712567
1781099312790841300,76.23084130859375,2.7062644530564546,1.9787679246306418,-0.5357119738101959
1781099312815917300,76.25591723632813,0.8059937265574931,0.909147519300878,-0.19470657954216003
1781099312840992500,76.28099243164063,-1.8370844947457312,0.02507248193621635,0.7090382039323448
1781099312866068500,76.306068359375,-1.3068950837492943,-0.5479921941906214,0.691061233215034
1781099312891143400,76.33114331054688,0.17416297320723534,0.07067951011806727,-0.05926759700477123
1781099312916219100,76.35621923828126,1.2282429873168468,0.6119970488503576,1.0896920102387666
1781099312941294300,76.38129443359375,0.3919488150417805,0.1125379994213581,-1.0479910495847462
1781099312966370300,76.40637036132813,-0.05464227529168129,0.16755553776621818,-0.82570351241678
1781099312991445200,76.4314453125,-1.0224328299582004,0.7077355969011783,-0.0769040837213397
1781099313016521200,76.45652124023438,-0.6683914285063743,0.7471651054918765,0.8721464069008826
1781099313041597700,76.48159765625,1.0222206485122443,0.3220388279914856,-0.24076047470867631
1781099313066673000,76.5066728515625,0.7096896535784005,0.08369125964343548,-0.13076485324651002
1781099313091748600,76.53174853515625,-0.8246241927474737,-0.20382132162898778,0.5621151198282838
1781099313116823600,76.55682348632813,-1.2616156800866127,0.04459872792214155,0.31558015337139367
1781099313141899800,76.58189965820313,1.390515031722188,0.9217565332442521,-0.35268004997074603
1781099313166974700,76.606974609375,1.2841139276206492,1.1089759719014167,-0.39676702897846694
1781099313192050700,76.63205078125,-1.1862713930279016,-0.39865766503065825,0.42657822987437244
1781099313217126700,76.65712670898438,-2.5231249771893025,-1.0020391534879802,0.6144903269708156
1781099313242201900,76.68220190429687,0.40848318573534487,1.3369322023555636,0.42081659760773177
1781099313267277800,76.70727783203125,1.9721715951055288,1.118117894256115,0.01450637199729681
1781099313292352800,76.73235278320313,0.3593395078599453,-0.5490899262994527,-0.6014797464892268
1781099313317428700,76.7574287109375,-1.8861901786983013,-0.0552776505857706,0.6123270114570856
1781099313342503700,76.78250366210938,-2.0057108766138554,-0.016479425635933874,1.527967399908602
1781099313367579600,76.80757958984375,0.3905331030249595,-0.1713409015238285,-0.31647388734072446
1781099313392655600,76.83265551757812,2.6238930438399315,0.07320172207206488,-1.147722758924961
1781099313417730800,76.85773071289063,1.390067287954688,0.8762254929080605,-0.49229953306317326
1781099313442806800,76.88280688476563,-1.4650439107447861,0.48325464134216306,0.3822346457570791
1781099313467881700,76.9078818359375,-0.7302934656679629,-0.3138683810174465,0.04688976146876812
1781099313492957700,76.93295776367188,0.5598983205616473,0.056501931683719156,-0.208063781504333
1781099313518033000,76.95803295898438,0.5332692568331957,0.054794250982999795,0.6839464327737689
1781099313543108600,76.98310864257813,-0.1825122838795185,0.2044417916148901,0.26830022354125976
1781099313568183600,77.00818359375,0.571693387773633,0.01847732145488262,-0.8778121775776148
1781099313593259800,77.033259765625,0.00981470704972744,0.2875941220760345,0.3842860253289342
1781099313618335700,77.05833569335938,-1.0772726736485958,-0.023673428793251513,0.44397184774577614
1781099313643410700,77.08341064453126,-0.5031611188173294,0.388844419285655,0.35245208643376824
1781099313668486700,77.10848657226562,0.6283370660156011,0.34407968714684245,0.626319296452403
1781099313693561900,77.13356176757813,-0.33856092372536656,0.31076953821927306,-0.3963669237449765
1781099313718637800,77.15863793945313,-0.9283949483454227,-0.5358221561864018,0.6647668082684278
1781099313743712800,77.18371264648438,-0.6347679758459329,0.7792170710518955,-0.2528255910336971
1781099313768788700,77.20878881835938,-0.0003495440900325775,0.17198855177760122,0.2563333068937063
1781099313793863700,77.23386376953125,0.588899958640337,0.8446247782468795,0.08944149373322725
1781099313818939600,77.25893969726563,-0.5631751502752304,0.2044365309178829,0.09416413834095001
1781099313844015600,77.284015625,0.26217969483435155,-0.05642623609900474,-0.22603549152463673
1781099313869090800,77.3090908203125,-0.42278000663518905,-0.07669511714577674,-0.2436193712711334
1781099313894166800,77.33416674804687,-0.46152796270251273,-0.22124738046526907,0.38176644372344015
1781099313919241700,77.35924169921876,-0.6527122133374214,-0.30538170770108697,0.2321273786589503
1781099313944317700,77.38431762695312,1.0265829353749751,0.8346969662114977,-0.6356365753740072
1781099313969393000,77.40939282226563,0.9869967749178409,0.9476818326175213,-0.4649047456592321
1781099313994468600,77.43446850585937,-0.8983972849667071,0.04005085535943508,0.5014601601183414
1781099314019543800,77.45954370117188,-1.3113129001915453,-0.1455830676719546,0.596026157258451
1781099314044618800,77.48461865234376,0.08170680782794952,0.27081892836391924,0.15431670148670673
1781099314069694700,77.50969482421876,0.3785129948854446,0.07072334925979376,0.16713965044170617
1781099314094770000,77.53477001953125,-0.12511457239985466,0.017836685463786126,-0.13349866212457417
1781099314119846000,77.55984594726563,-0.4673451245486736,-0.2379743511214852,-0.608510375778377
1781099314144920800,77.5849208984375,-0.4785860650092363,0.307759542748332,-0.0506309938237071
1781099314169997000,77.6099970703125,0.30568799717128275,0.9374176282346248,-0.31585692448616026
1781099314195072800,77.63507275390624,0.6774152774393558,0.8125640448585152,0.9640703650996089
1781099314220148000,77.66014794921875,0.021622633743286133,-0.5987535363957286,0.4520595848724246
1781099314245223700,77.6852236328125,-0.7802385230541229,-0.049911155116558074,0.15500439148992298
1781099314270299000,77.710298828125,-0.8652233296394347,-0.3896607041046023,1.3658251193627715
1781099314295374800,77.73537475585937,0.1574333722025156,0.24601474197506903,-1.0172671177580952
1781099314320449800,77.76044970703126,1.244725335562229,0.2056003140002489,-0.6570654401108622
1781099314345526000,77.78552612304688,-0.36314532988369463,0.4285705727353692,-0.6090358609572053
1781099314370601000,77.81060107421875,-1.0907973411321639,0.004895955348014831,0.0015139116942882538
1781099314395677000,77.83567700195313,0.2258119119018316,0.726289198462665,0.08801029188632964
1781099314420752600,77.86075268554687,1.1183102019578217,0.779328130210936,-0.11456044515967369
1781099314445827800,77.88582788085938,0.1810404577612877,-0.17688333808183668,0.45796354821920393
1781099314470903800,77.91090380859374,-0.9478215333491563,-0.6248296424165368,0.523635751569271
1781099314495978800,77.93597875976562,-0.8342027529537678,-0.5984884557187556,-0.013784487463533878
1781099314521055000,77.96105493164063,-0.5418167204260825,0.09408318205922842,0.061333005101978776
1781099314546130000,77.9861298828125,1.2429507271051405,1.041762676589191,-0.6166971893653274
1781099314571206000,78.01120581054687,1.3094155421376228,1.1210334894418716,-0.396328637561202
1781099314596280800,78.03628076171876,-0.8095125483334064,-0.3842775497615337,-0.15123393304049967
1781099314621357000,78.06135717773438,-1.942901661479473,-0.07003770508319139,0.37564796084314583
1781099314646432800,78.08643286132812,-0.5635328776717186,-0.08325023787766694,1.1186781584873795
1781099314671507700,78.1115078125,1.044511390775442,0.42022243110686536,-0.3737310213059187
1781099314696584000,78.136583984375,1.340262515822053,0.3067544573590159,-0.23136516211479902
1781099314721659000,78.16165893554688,-0.8322890282869339,-0.5304530303686857,-0.06371668536812067
1781099314746734800,78.18673486328125,-1.3082991053283213,0.09583207155317068,0.08239274426549673
1781099314771809800,78.21180981445312,0.3735679396986961,0.5689677622020244,-0.1259761576652527
1781099314796886000,78.23688598632812,1.3714333146333693,0.8368938917338847,0.11317571280300616
1781099314821961000,78.2619609375,0.14173252972364425,0.029204467174410817,0.5548661716133356
1781099314847037000,78.28703686523437,-0.8760650416493415,-0.25119886661469937,-0.18018296414911747
1781099314872113000,78.31211279296875,-0.6288099442243575,-0.25304040282815693,-0.19856676210165022
1781099314897187800,78.33718774414062,-0.5601216079235076,-0.18677257167249917,-0.06908990283906459
1781099314922263800,78.36226391601562,-0.41985856623053547,0.22846388771533965,0.37339170634895563
1781099314947338800,78.3873388671875,1.263975979477167,1.2494561634764074,-0.5038119839414954
1781099314972415000,78.4124150390625,0.9540507831275462,0.44411359430402514,-0.3151996296212077
1781099314997490000,78.43748999023437,-1.2162088506519795,0.3294426745072007,0.2329220361679792
1781099315022566100,78.46256616210937,-2.3779262326598167,-0.3475964630961418,1.0301868050858378
1781099315047642000,78.48764208984375,-0.03684884444773197,0.2755436187982559,0.5990615794315934
1781099315072717300,78.51271728515626,1.573773750054836,0.49020460661053655,-0.9955740491271018
1781099315097793000,78.53779296875,0.9034989920198917,0.20797756452560423,0.24580343731194734
1781099315122868000,78.56286791992187,-1.2154904732495546,-0.588922170472145,-0.5295563737899065
1781099315147944000,78.58794384765625,-1.5173533591747284,-0.7596849798470735,-0.11042816766053437
1781099315173019100,78.61301904296874,0.6584604016005993,1.1446253774315118,0.10271773941367864
1781099315198095000,78.63809521484374,1.25969961733222,0.5023246679931879,0.07918430361300706
1781099315223170000,78.66317016601562,0.8419505906015634,0.26453239544034,-0.3217030201658606
1781099315248246300,78.68824633789062,-1.4868343022704125,-0.3945060983091593,0.5839405826672911
1781099315273322000,78.71332202148437,-1.3787924452245235,0.30993454869985576,0.17689473625868557
1781099315298397200,78.73839721679687,0.81795421346426,0.22736031038761137,0.19313363113701343
1781099315323473000,78.76347290039062,1.5342647464871406,0.4330491794541478,-0.13952216019779443
1781099315348548000,78.78854809570312,-0.5779658921718597,0.4846346975237131,-0.5131164033815264
1781099315373624000,78.8136240234375,-1.8358920700907706,-0.16737784311175347,1.1214105060607193
1781099315398699000,78.83869897460937,-0.33729017313718795,0.7174363221824168,0.2324532496124506
1781099315423775200,78.86377514648437,1.2740028679728508,0.5180170349046588,-0.596227525049448
1781099315448850200,78.88885009765625,0.46457682887911794,-0.5582052529081701,-0.49247372058629985
1781099315473926100,78.91392602539062,-1.3877280313521623,-0.048985564704239364,0.1712774808987975
1781099315499001900,78.939001953125,0.4736988774895668,1.510682795369625,0.19231500823050737
1781099315524077000,78.9640771484375,0.94729254103899,-0.0018564415216445922,-0.2966355066657066
1781099315549153000,78.98915307617187,-0.019462240839004514,-0.4859691609978676,-0.48383653288334605
1781099315574228000,79.01422802734375,-1.2441226934939622,0.2550382986471057,0.880529035320878
1781099315599304200,79.03930419921875,-0.9612111762762069,0.3177519444525242,1.067284948119521
1781099315624379100,79.06437915039062,0.9089560883820056,0.523902585811913,-0.6282333133801817
1781099315649455000,79.089455078125,2.0678478915750977,1.2197750187009573,0.32064649685025215
1781099315674530000,79.11453002929687,-0.5339385343968868,-0.023725451241433618,0.1386322256207466
1781099315699606300,79.13960620117187,-1.7570143482089042,-0.2581260355293751,0.17678367709964513
1781099315724682000,79.16468188476563,0.10255962624251842,0.06943477075397968,0.2881894576206803
1781099315749757000,79.1897568359375,0.003088613665103912,-0.1846887511357665,-0.3003422522291541
1781099315774833200,79.21483325195312,0.34119244127273557,0.3397831589967012,0.2643207985162735
1781099315799908000,79.239908203125,0.10976970375180244,1.242545068913698,-0.33456893147975203
1781099315824984000,79.26498413085938,-0.06267828223109245,0.3977224300071597,0.02552957805395126
1781099315850059000,79.29005908203125,-0.8389677753984928,-0.330932328543067,0.09885200389623641
1781099315875135200,79.31513525390625,-1.592591847771406,-0.5070765386953949,0.7417801975831388
1781099315900210200,79.34021020507812,0.9129945501178502,1.3115101763293147,0.014821137034893034
1781099315925286100,79.3652861328125,1.3518448170661925,0.8233397058948874,-0.2646022458061576
1781099315950361900,79.39036181640626,-0.06107844581902027,-0.03684884444773197,-0.6326937999203801
1781099315975437000,79.41543701171875,-2.002148800218105,-0.450917429099977,0.4395294813841581
1781099316000513000,79.44051293945313,-1.7478478759348393,-0.9775716517075895,1.328939742296934
1781099316025588700,79.46558862304687,0.3016857757925987,0.46597968141436574,-1.0941273623377084
1781099316050664700,79.49066479492187,2.186432185423374,0.7693862896502017,0.5116334713473916
1781099316075740000,79.51573999023438,0.8433470133960247,0.950013490435481,-0.3683750472307205
1781099316100816000,79.54081591796874,-1.4123527695208786,-0.12224486218243837,0.27570465457886456
1781099316125890800,79.56589086914063,-0.7686486230254173,0.2384893149062991,0.8323328674286603
1781099316150966500,79.59096655273437,0.6701005705118179,0.5495639735519886,0.09319967722296714
1781099316176042800,79.61604272460937,0.6773088944554329,-0.9619231239378452,0.17343582797646523
1781099316201117700,79.64111767578125,-0.33836686245799064,0.0704252430960536,-0.5199538481861352
1781099316226193700,79.66619360351562,-0.8578606919169426,0.5387099865823984,-0.14823212087601423
1781099316251268900,79.69126879882812,-0.14779285267591474,0.49620063215494153,0.6909490050122141
1781099316276344800,79.7163447265625,0.8188952937066555,1.0010501424506306,-1.010379988592863
1781099316301419800,79.74141967773437,0.706816728490591,-0.08499854284971951,0.7839502370536326
1781099316326495700,79.76649584960937,-0.6213385854303837,1.0727885139718651,0.09870236629247665
1781099316351571000,79.79157104492188,-0.4809083704769611,0.3680132281810045,0.5475780604317784
1781099316376646700,79.81664672851562,0.2363911735832691,0.7970300833791494,1.334732646484673
1781099316401722600,79.84172265625,0.48178515331149097,0.5823503908663987,-0.08494418231397867
1781099316426797800,79.8667978515625,-0.7949182057917118,-0.49408057126104826,0.06047492696791887
1781099316451873800,79.89187377929687,-0.9315215559333563,1.2469304443910718,-0.042406186313927174
1781099316476948700,79.91694873046875,0.21832360197305678,1.5753241943672298,0.268900235261023
1781099316502024700,79.94202465820312,-0.09158288967609406,0.33374329431056976,0.6833098884359001
1781099316527100000,79.96709985351562,-0.3062573214918375,1.1398121319308876,1.1460378745779394
1781099316552175900,79.99217578125,-0.34212416916489596,0.7500643340647221,0.24489888968765733
1781099316577250800,80.01725073242187,-1.348835698378086,0.6078036888137459,1.4737994641304015
1781099316602326800,80.04232690429687,-0.019663316369056702,0.9760673846244812,-0.15999182451367377
1781099316627402800,80.06740283203125,0.6607341917514801,1.66394881875962,-0.027404724276065825
1781099316652477700,80.09247778320312,0.3035866409778595,0.048046530288457866,0.5728317441537976
1781099316677553700,80.1175537109375,-0.31745033115744586,0.2575453130319714,-0.9681684480682015
1781099316702628900,80.14262890625,-0.007091419565677643,0.0663943801447749,0.8549044724598527
1781099316727704800,80.16770483398437,-0.11454875472187995,-0.030119243931770324,0.03072510087043047
1781099316752779800,80.19277978515625,0.48606969876289363,-0.6946420143112539,-1.307133860941231
1781099316777855700,80.21785571289062,0.5297621254950762,-0.07880290307998657,0.2795493473082781
1781099316802931000,80.24293090820312,-0.29073826532065866,0.7853738401159643,-0.6204959971264005
1781099316828006700,80.26800659179688,-1.0246446607887745,-1.0514330067321658,0.08670534676760434
1781099316853082600,80.29308251953125,-0.17386135991215704,-0.027357962524890898,0.8153332173109054
1781099316878157800,80.31815771484375,0.4770388355672359,1.9155638649597764,0.21449235324710605
1781099316903233800,80.34323388671875,-0.7281424251139164,-0.43336072962135075,1.0190908260539173
1781099316928308700,80.36830883789062,-1.252340486741066,-0.3025885698512196,0.6757260091781616
1781099316953384700,80.393384765625,1.015453054073453,1.8626839231655001,0.17169103013575077
1781099316978460000,80.4184599609375,1.2757669550359247,1.377420572349429,1.0132488220274447
1781099317003536000,80.44353588867187,-0.23230302748680112,-0.20533640236705542,-0.27531185586899515
1781099317028610000,80.46861010742188,0.5138368266105652,0.1684630079999566,0.25408172857463357
1781099317053686000,80.49368603515624,-0.4678016361445188,0.407846933658421,0.028705577741563317
1781099317078761200,80.51876123046875,-0.4848790276736021,-0.8761308003619313,-0.22687544948011634
1781099317103837000,80.5438369140625,-0.2226718603104353,-1.241530923435092,-0.713396399141848
1781099317128913000,80.56891284179687,-0.5187199224770069,-0.020507950499653815,0.364457581526041
1781099317153987800,80.59398779296875,0.16600889284610748,1.3471096052378415,-0.22323183228075502
1781099317179064000,80.61906396484375,-0.409085243281722,-0.8066884308233857,-0.49505847638249395
1781099317204139000,80.64413891601562,0.2900508675783872,0.5918415650501847,0.9690469844684004
1781099317229215000,80.66921508789062,0.10678396593928337,2.479559391707182,0.2160182476401329
1781099317254290200,80.69429028320313,-2.2202432696104046,-0.8503352648481726,3.1957126883417364
1781099317279366100,80.7193662109375,-1.488804141038656,-1.6060247453182934,2.4486019433856008
1781099317304441900,80.74444189453125,2.5432185016691684,1.240569969448447,-2.0972966888993976
1781099317329516800,80.76951684570312,3.4970039118587968,1.5711580145984887,-1.2173948455661534
1781099317354593000,80.79459301757812,-0.9065659783750772,0.4349415690720081,-0.8049901024729013
1781099317379668000,80.81966796875,-1.5299024596244095,-0.466549882517755,-0.5762205098092555
1781099317404744000,80.84474389648437,-0.4323100515246391,0.12687310650497674,0.26604455356895923
1781099317429819100,80.86981909179687,0.11127367857396601,0.323233590734005,0.8154027754157781
1781099317454895000,80.89489501953125,1.0797703356832264,0.4704039275974035,0.7057283487319946
1781099317479970000,80.91996997070312,0.458875402367115,0.4696928567185998,-0.4021551517575979
1781099317505046000,80.9450458984375,-0.008899345770478248,0.19839462040513753,0.8895017385885119
1781099317530121200,80.97012133789063,-0.8480570907831192,-0.41432548202276226,0.524480677960813
1781099317555197000,80.99519702148437,-0.9932920756697654,-0.510584546816349,0.3262169904589653
1781099317580273000,81.02027294921875,0.26052666693031784,0.42546033176034687,0.8545742175921798
1781099317605348000,81.04534814453125,0.9932587579220533,0.6557517271637916,-1.7214967523649334
1781099317630424000,81.07042407226562,0.03263385710120201,-0.4030494702488184,-0.5887634727790951
1781099317655499000,81.0954990234375,-0.6264519829213618,0.9181701991900801,0.6172293965458869
1781099317680575000,81.12057495117188,-0.3627764965713024,1.6486267464652657,0.4284741266235709
1781099317705650200,81.14565014648437,-1.2215607330739497,-1.3783908786863088,1.9193816696822643
1781099317730726000,81.17072583007813,-0.6450994002461433,-0.7237716626837849,0.7996192230895162
1781099317755801000,81.19580102539062,1.8597569298028944,1.333895318877697,-1.2135375856161117
1781099317780877000,81.220876953125,1.2243255216121673,1.1082046952679752,-0.05951397298127412
1781099317805953000,81.245953125,-0.26494915954768655,-0.002087327668070793,-0.38365415716618295
1781099317831028000,81.27102807617187,0.006431494352221488,-0.37362025440782304,-0.32412206400632854
1781099317856104000,81.29610400390625,-1.8469535623311994,-0.8834124818027019,0.8593366096884012
1781099317881179100,81.32117919921875,-0.5323427896380424,0.2223836910188198,1.365738317862153
1781099317906255000,81.34625512695312,1.7463737117290496,1.0659142442882061,-0.8973977525353432
1781099317931330000,81.371330078125,1.5033897157520055,0.5542828187674284,-0.5293766333088279
1781099317956406000,81.39640600585938,-0.7158125203728676,0.5634814397454262,-0.19703852962106466
1781099317981481000,81.42148095703125,-0.7869453272163868,1.0763111351400614,0.4543874432981014
1781099318006557000,81.44655688476563,-1.6612357604086398,-0.7974599992290139,2.6668358212485908
1781099318031633200,81.47163305664063,-0.2039484551399946,-0.8896206887930631,0.9920397375211119
1781099318056708400,81.49670825195312,2.623822901213169,0.6555947830364107,-2.412379414142668
1781099318081784300,81.52178442382812,1.5997241838693619,0.36168811681270596,-1.1042527427718043
1781099318106859300,81.546859375,-2.154434288138151,0.20333762976527212,-0.6322162455365061
1781099318131935200,81.57193530273437,-1.869617814081907,0.12691431529819966,-0.41049949399381874
1781099318157010400,81.59701049804687,0.26564649416208264,0.7504092019796371,1.5620666533872485
1781099318182086100,81.62208618164063,1.3279565764784813,0.393007091923058,0.864129981444776
1781099318207161000,81.6471611328125,0.775480514872074,0.37655601559877394,-0.02293810025602579
1781099318232237300,81.6722373046875,-0.7017191130906343,0.2608002231746912,0.6284989785790444
1781099318257313300,81.69731323242188,-1.5503671555042267,-0.41831922783404585,0.3368058967515826
1781099318282388200,81.72238818359375,-0.12837035932540894,-0.4311313631340861,-0.905421192254126
1781099318307464400,81.74746435546875,0.279722950309515,-0.13409516671299934,-0.20243980414271354
1781099318332539400,81.77253930664062,-0.4903121586382389,0.5947706042394042,-0.44358430973291396
1781099318357615400,81.79761547851562,-0.059839843934774394,0.8897519139572978,0.35174189233779907
1781099318382690300,81.82269018554688,0.8481558749824761,1.070892324961722,0.8025500158444047
1781099318407766300,81.84776635742188,0.04177753302156925,-0.285137084312737,-0.6547343668147921
1781099318432841200,81.87284130859375,-0.037084406769275664,0.4153966183856129,-0.24477350974231957
1781099318457917200,81.89791723632813,-1.0049836825072764,-0.09874825126081704,0.5024588157668709
1781099318482993400,81.92299340820313,-1.1894272267103194,-0.3576531622081995,-0.06416121426522732
1781099318508068400,81.948068359375,0.010798457390069962,-0.04752922841608524,0.12814765648543833
1781099318533144300,81.97314428710938,0.5877414362549781,0.9147302878692746,-0.6915262203782796
1781099318558219300,81.99821923828125,0.3909983824491501,0.8575590786218643,0.5708721345186233
1781099318583295200,82.02329516601563,-0.30703941178023814,1.0891568804487586,0.9034314797416328
1781099318608370400,82.04837036132812,-0.2464952189683914,0.2714525500923395,-0.054960255199670786
1781099318633446100,82.07344604492188,-0.20555998198986053,0.3138277567461133,1.3144327857777476
1781099318658521000,82.09852099609375,-0.32507600373029705,0.03778378721028566,-0.9421537168458104
1781099318683597300,82.12359741210938,0.05637830530405044,0.27281477835625406,-0.9541007597491145
1781099318708673300,82.14867333984375,-0.7526198637664318,-0.36359891887009144,0.5589399969235063
1781099318733748200,82.17374829101563,-0.8937339693307876,-0.293995805811882,-0.7946414346769451
1781099318758824400,82.19882446289063,0.6430752009421586,0.8923933683767914,0.30364596994966264
1781099318783899400,82.2238994140625,0.600738864994049,1.0920900112912058,-0.010340484489500522
1781099318808975000,82.24897509765626,-0.4566659096240997,0.7044228190913796,0.7474307706907392
1781099318834050300,82.27405029296875,-0.06568973900675773,1.4993161827027797,0.9088160953894256
1781099318859126300,82.29912622070313,-0.23037644333839416,0.23442045803219078,1.4086311186492442
1781099318884201200,82.324201171875,-0.11628712282180785,0.9164598881408572,1.0389733381316064
1781099318909277200,82.34927709960938,0.9542518586575984,0.43904520499855276,-0.5142775561153888
1781099318934352100,82.37435205078125,0.1026478890478611,0.030948680493235587,-0.30467998917251826
1781099318959428400,82.39942846679688,-1.2299813554167747,-0.7979150495201349,-0.12691606886386872
1781099318984504300,82.42450439453125,-0.8312205222725868,-0.5550856595829129,-0.8468409929916262
1781099319009579300,82.44957934570313,0.508443443134427,1.353804426701367,0.009648118311166763
1781099319034655000,82.47465502929687,1.0938526370495558,0.8753785206899046,0.2180833634763956
1781099319059730200,82.49973022460938,0.2479419106453657,0.39226474912315606,-0.06911445275843144
1781099319084806000,82.52480590820312,-0.5463268913269043,-0.13040683358907698,0.6124862936720251
1781099319109880800,82.549880859375,-0.6555524051994085,1.0375725314229727,0.9887994404256343
1781099319134957000,82.57495703125,0.20265257011055945,1.3251193072259426,1.0922703362941741
1781099319160032000,82.60003198242188,0.4047650419950485,0.3007853198215365,1.45178607750386
1781099319185108000,82.62510791015625,0.16484160263240336,-0.13918372202366588,0.7653627332225441
1781099319210184000,82.65018383789062,-0.27444880929887294,0.05127192207574844,-0.236363408793509
1781099319235259100,82.67525903320312,-0.17105507031977177,0.6487903637185692,0.5287728221967816
1781099319260334800,82.7003349609375,-0.41769817332625386,-0.06996873150020837,-0.6296855580151081
1781099319285410000,82.72541015625,-0.08903262067139148,-0.6464370785906911,0.18341069402396679
1781099319310485800,82.75048583984375,0.03497662083506584,0.1586640830412507,-0.5848007066279649
1781099319335561000,82.77556103515624,0.4776251110225916,0.7025456270426511,-0.6782146111235022
1781099319360637000,82.80063696289062,-0.630329116615653,0.468164916498959,0.5222811220899224
1781099319385711900,82.8257119140625,-0.6315373233616352,0.08641776199787855,0.4696566163614392
1781099319410788000,82.8507880859375,0.792705790439248,0.38944881491959094,-0.38009208077043294
1781099319435864000,82.87586401367187,0.39173546455204483,-0.2769543623790145,0.021418343342840672
1781099319460939000,82.90093896484375,-0.48967269169092176,-0.09752192433625459,-0.2563251235872507
1781099319486014700,82.9260146484375,-0.20563363174796104,-0.803617937336862,-0.9765484461396932
1781099319511090000,82.95108984375,-0.22581951068639755,0.7383771111413836,0.6291553966611624
1781099319536166000,82.97616577148438,0.802644416129589,1.057334924252331,-0.20158114148676395
1781099319561240800,83.00124072265625,1.0529740986943243,0.04270604604333639,-0.31735680765509605
1781099319586317000,83.02631713867187,-0.6967138521492481,-0.14976532179266214,-0.12333558002859353
1781099319611392000,83.05139208984374,-0.42272973775267597,0.7937339644432068,0.9471060785561799
1781099319636468000,83.07646801757812,0.028120179069042205,1.2358952556356786,-0.07669248679727315
1781099319661544000,83.1015439453125,-0.6479203028857707,-0.3956459159940481,2.388599310104549
1781099319686619100,83.126619140625,-1.0200368747323751,-0.7488675254955888,1.0771651216208935
1781099319711694800,83.15169482421875,1.5862573840528726,0.965782137453556,-1.0977265558734535
1781099319736769800,83.17676977539062,1.6894319273233414,1.1432584729924797,0.09204729231745004
1781099319761846000,83.20184594726562,-1.3025976788163185,-0.5935869474127888,0.4124000669181347
1781099319786921000,83.2269208984375,-1.5433511392623185,-1.159600828245282,-0.19376257669031619
1781099319811997000,83.25199682617188,0.00828968943953514,0.6595303689196705,0.9022074909046292
1781099319837072000,83.27707177734375,0.696719697368145,0.8984022534027695,1.671142529655993
1781099319862148000,83.30214819335937,0.3680751875013113,0.2245391154870391,0.16152414864748715
1781099319887223000,83.32722314453125,0.49225920105278487,0.03347206149101257,0.6472694377616047
1781099319912299000,83.35229907226562,-0.5716594855040311,-0.20424802260845898,0.12700871558338403
1781099319937375000,83.377375,-0.0630284108430147,0.8790385045021771,0.8817898490369319
1781099319962450000,83.40244995117187,0.17310674215257166,-0.6330141179159283,-0.23386399319320916
1781099319987526000,83.42752587890625,-0.31910394358336924,-0.6224176128387451,0.40508886712193487
1781099320012600800,83.45260083007813,-1.1481716717362402,-0.7953691644296049,0.613355769982934
1781099320037677000,83.47767700195313,0.045828854238986964,1.4376222353339194,0.45864831561297176
1781099320062752000,83.502751953125,0.900533127951622,0.2158919909119606,-0.2519163672342896
1781099320087828200,83.527828125,-0.11081132175922394,-0.0353989379003644,0.840578717726469
1781099320112903200,83.55290307617187,-0.0401718513906002,0.21018179657161234,0.26878274636119603
1781099320137979100,83.57797924804687,0.8469307171016931,0.7725850856915116,0.228420340834558
1781099320163055000,83.60305517578125,-0.8978910890102386,-0.9478636189252138,0.5979454348832368
1781099320188130000,83.62813012695312,-1.4079045579403637,-1.218192133423686,0.97484777970165
1781099320213206000,83.6532060546875,1.3853683164834976,0.6080000881686807,-1.5320403484359382
1781099320238281000,83.67828100585938,2.051157453536987,0.47052580041140313,-0.0528162289083004
1781099320263357200,83.70335717773438,-0.7245189739197492,-0.6694067430287599,-0.8395990590393543
1781099320288432000,83.72843212890625,-1.0103238744914531,-0.6589864713013172,-0.401634635014832
1781099320313508000,83.75350805664063,-0.037084406769275664,0.6241521815463901,0.833616769759357
1781099320338583000,83.7785830078125,0.02544774498939514,0.6869499985039234,1.681004582978785
1781099320363659300,83.8036591796875,0.19895663820207118,-0.3902145385950804,-0.05111790055781602
1781099320388734200,83.82873413085937,0.679721800816059,0.04993921216726303,0.4792807692751288
1781099320413810000,83.85380981445313,-0.1168517709672451,-0.6257540637850761,-0.4301502431422472
1781099320438886100,83.87888623046875,-0.8766612539768218,-0.772955380308628,-0.07097586271613836
1781099320463961000,83.90396118164062,-0.2272375607907772,-0.5841539331570267,-0.3495265543758869
1781099320489037000,83.929037109375,1.2637684742063282,0.6253320389807224,0.02426175007522106
1781099320514112000,83.95411206054688,0.5191881245106459,-0.0002808627679944038,-0.410601493063569
1781099320539188200,83.97918823242188,0.008421791386604309,0.11066986746191977,0.43434243413507934
1781099320564263200,84.00426318359375,-0.3325023543387651,-0.37763708883374925,0.22281945208758114
1781099320589339100,84.02933911132813,-0.5026590145140886,-0.45521220368444915,1.239820320124924
1781099320614414000,84.0544140625,-0.4066951332747936,-0.5966717616856098,0.3394473511710763
1781099320639490000,84.07948999023438,0.9223544991374015,0.5557689656719565,0.6363613825172185
1781099320664566000,84.10456591796876,0.8463923724412917,0.06327420229762792,-0.05359305849969387
1781099320689641000,84.12964086914063,-0.13856091395020484,-0.8129293710395693,0.0977218308225274
1781099320714717200,84.15471728515625,-1.445784499001503,-1.0990841079622506,-0.41181875989884137
1781099320739792100,84.17979223632813,-0.5206991135954857,-0.057924365702271455,1.548724941255152
1781099320764868000,84.2048681640625,1.3753192161560057,1.7320473724737762,0.4667749234452843
1781099320789943000,84.22994311523438,1.1258978806078432,0.047108664916455746,0.8031994196638464
1781099320815019000,84.25501904296875,-0.8559434601187705,-0.1443158242151141,1.2716454911917447
1781099320840094200,84.28009423828125,-0.17701310194134712,0.6565390781491994,1.0177516864046454
1781099320865170000,84.305169921875,1.2245254280984401,1.1428379094928502,0.9078601098388432
1781099320890245000,84.3302451171875,-0.26698212668001653,0.10487257936000824,1.568434434853494
1781099320915321000,84.35532104492188,-1.3510428530335425,-1.435489314958453,1.2884256533399223
1781099320940397000,84.38039697265626,0.1117886423587799,0.010844050097465514,-0.19614362660795448
1781099320965472000,84.40547192382813,2.155252618783712,1.374050511394441,0.6053279463499784
1781099320990548200,84.43054833984375,0.7208090134859084,0.4012675552681088,0.6352089976117015
1781099321015623200,84.455623046875,-1.451815595859289,-1.1583432293996214,0.34849867263287304
1781099321040699400,84.48069946289063,-0.44617081909477707,-0.7896160077303648,0.3665522157177329
1781099321065774300,84.5057744140625,0.888307852628827,0.8386682079300284,1.0011685081332922
1781099321090850300,84.53085034179688,1.2515648261934518,0.8133774070680141,0.4680675936043262
1781099321115925500,84.55592553710937,0.7318611533761024,0.04314180711209774,0.07493775208443403
1781099321141001500,84.58100146484375,-0.4942494980871677,-0.6571551642209291,0.019442951616644857
1781099321166076400,84.60607641601563,-0.06520517036020755,0.9756228557273745,0.5109466581270098
1781099321191152600,84.63115258789063,0.7506915260523557,1.0512564811214804,-0.28354513894617556
1781099321216228600,84.656228515625,0.08578735513985157,-0.37138416591882706,0.8797983829587698
1781099321241303600,84.68130346679688,-1.1728285586088896,-1.389541510514915,0.004078793746232986
1781099321266379300,84.70637915039063,-0.782336372116208,-0.9650342416957021,-0.14498510177880525
1781099321291454500,84.73145434570313,0.20787118154168127,0.9389645654156804,-0.6480480209186673
1781099321316530400,84.75653051757813,1.4314602055728434,0.8454004387944937,-0.051043374016880985
1781099321341605400,84.78160546875,0.5920569613665342,-0.5249664156511425,-0.7937742964535951
1781099321366681600,84.806681640625,-0.7171294481903314,-0.9597685762524604,-0.17101532283127308
1781099321391756500,84.83175659179688,-0.6169184309005737,-0.4753051436424255,0.36815848187059164
1781099321416832500,84.85683251953125,0.21990298011898993,0.38493864401876926,0.16417203280776738
1781099321441907500,84.88190747070313,0.13460896145403384,-0.219871123676002,0.5560942521035671
1781099321466983700,84.90698364257813,-0.3071446257203817,-0.6563397561848163,-0.2436199557930231
1781099321492059400,84.93205932617188,0.19592998385727403,-0.36079642866998907,-0.7308493459850549
1781099321517134300,84.95713427734376,1.1324041937619447,0.6066469199940562,0.5762649334728718
1781099321542210300,84.98221020507812,0.4502876067638397,-0.2949409777075052,0.5530684745416045
1781099321567285500,85.00728540039063,0.6934300081729888,-1.112235558219254,0.3759375914394855
1781099321592361500,85.03236157226563,0.8184545642018318,-1.1779726434990763,-0.4062333609819412
1781099321617436400,85.0574365234375,1.0530775590687989,-1.2142872349396348,-0.9676938162937759
1781099321642512600,85.0825126953125,-0.23895605563521383,-0.9911743528634309,-0.2764744699075818
1781099321667587600,85.10758764648438,-0.784322577497363,-0.5513350748777389,0.1797694149121642
1781099321692663600,85.13266357421875,-0.9505220244795084,-1.2062781160071492,0.4549415700495243
1781099321717738500,85.15773852539063,0.25412206058502196,-1.3549296313390136,1.234414077167213
1781099321742814500,85.182814453125,0.6161340025246143,-1.003093630976975,-0.07138795064836741
1781099321767890400,85.20789038085937,2.3528648566395045,0.13107815697938202,-0.5925970595926046
1781099321792965400,85.23296533203126,1.1942998011827468,0.2985620908141136,-0.9328557271465658
1781099321818041600,85.25804150390626,-0.5258405681371688,-0.936473625382781,0.3269482273429632
1781099321843116500,85.28311645507813,-1.1941904955893754,-0.9593605799734591,0.7473863470271229
1781099321868192500,85.30819262695313,0.5335656094312667,-0.7891521896108985,1.3419336639046668
1781099321893267500,85.33326733398438,0.6717027450114488,-0.4530959421828389,-0.05857873795777559
1781099321918343400,85.35834350585938,0.9601397476524114,-1.7298790885239839,1.090014081799984
1781099321943418600,85.38341870117188,0.10346037447452544,-1.1795534829497336,-1.2872256299003957
1781099321968494300,85.40849438476563,0.6714975778281689,-1.2306406961083411,0.01452156956642866
1781099321993570600,85.43357055664063,0.0734334850013256,-0.5314572389751673,-0.27450638470500704
1781099322018645500,85.4586455078125,0.07169102524816989,-1.6364260210618375,0.8453326342552899
1781099322043721700,85.4837216796875,0.13404255974292753,-0.9541925296857953,-0.5294564205467701
1781099322068796700,85.50879663085938,1.158640458780527,-0.8867620844915509,0.2199108711645007
1781099322093872600,85.53387255859376,0.7104892795234918,-0.22666443707793948,0.002722410701215267
1781099322118947800,85.55894775390625,0.7655839747577905,-1.3428855578020213,0.01660860497355461
1781099322144023600,85.5840234375,-0.15373276411890982,-0.8805158835783601,0.1603647494792938
1781099322169098500,85.60909838867188,0.5590250448584556,-1.1841270744755863,-0.04481617006510496
1781099322194174500,85.63417456054688,0.9230226076573133,-0.6221928641721606,-0.11443068130016326
1781099322219249700,85.65924975585938,0.741024703040719,-1.661492950040102,-0.7194023615583777
1781099322244325600,85.68432568359376,-0.5298194086402654,-1.4625254981830715,-0.647393940924108
1781099322269401600,85.70940161132812,-0.6381517730653286,-1.7034858793780208,-0.6062447689339518
1781099322294476500,85.7344765625,-0.3254232097327709,-0.587318242406845,-0.5982198679104447
1781099322319552800,85.759552734375,1.4351988075792788,-0.7615317767575382,-0.9837684605211019
1781099322344627700,85.78462768554688,0.4532423649162054,-1.0148305382609366,-1.220135376445949
1781099322369703400,85.80970336914062,-0.04110182571709156,-1.007751978176832,-0.8038131676480174
1781099322394778600,85.83477856445313,-1.0779349369496107,-0.8769026615172624,-0.4618456503495574
1781099322419854600,85.8598544921875,-0.07023907287418842,-0.44315790101438757,0.2331932543247938
1781099322444929500,85.88492944335937,0.2298603105098009,-0.5602952109247445,-0.10443068081140518
1781099322470005500,85.91000561523437,1.4911176786780356,-0.52780602299124,-0.6479407611519098
1781099322495080700,85.93508081054688,0.03442132503986359,-0.9097451929330825,-0.32298458440899847
1781099322520156700,85.96015673828126,-0.594808305901289,-0.6684799835726618,-0.22695435993522403
1781099322545231600,85.98523168945313,-0.46256665810048575,-1.3495622590869665,-0.23815087673217056
1781099322570307800,86.01030786132813,0.34397944164276123,-0.8714140009731054,-0.3836997498735785
1781099322595383600,86.03538354492187,0.4894190091907978,-1.3554410879924892,-0.16969313431680202
1781099322620458500,86.06045849609374,0.13104045531749725,-0.5344876927122474,-0.6180246385768056
1781099322645534500,86.08553442382812,0.35815059033632274,-1.472228269290924,-0.8062441941872238
1781099322670609700,86.11060961914062,-0.5087210910320281,-0.8798720327168703,-0.6644514587089418
1781099322695685600,86.135685546875,0.3784381760835647,-1.3486962899073958,-0.464056312136352
1781099322720760600,86.16076049804687,0.16963000595271585,-0.8605182206884026,0.05354015926867723
1781099322745836800,86.1858369140625,0.18120295484662055,-0.7993027044862508,-0.7102884962543845
1781099322770911700,86.21091186523438,-0.24045418523848056,-1.2177534497454763,-0.1282391341611743
1781099322795987700,86.23598779296876,0.30045243460536003,-0.6502928772360086,-0.42045565534085033
1781099322821062700,86.26106274414063,0.2613490892291069,-1.3232675418794155,-0.23510990160107612
1781099322846138600,86.286138671875,0.3006441577851772,-0.9363359704777597,-0.4546799965038895
1781099322871214600,86.31121459960937,-0.09053893358111381,-1.4916720976904034,-0.17742051369845865
1781099322896289500,86.33628955078125,-0.28886954883933064,-0.8038099527776241,-0.9925848041832447
1781099322921365800,86.36136572265625,-0.1706172634243965,-0.6642194035187363,-0.48815293477773664
1781099322946440700,86.38644067382812,-0.2577320677757263,-0.6180260998815298,-0.4389379452317953
1781099322971516700,86.4115166015625,0.5615127700209618,-0.7722457707345485,-0.5894403491273522
1781099322996591600,86.43659155273437,-0.18573066140413283,-1.2617071577623487,-0.1097688269689679
1781099323021667800,86.46166772460937,-0.8110264600276946,-1.1081693316936492,-0.5395131196588278
1781099323046742500,86.48674243164062,-0.5449047495692968,-1.6574112336844204,-0.4657438268318772
1781099323071818200,86.511818359375,0.1611006625384092,-0.5087760360896587,-0.6619324616253376
1781099323096893200,86.53689306640625,0.5337994181871414,-1.1912164482146501,-0.5662403830647468
1781099323121969200,86.56196923828125,0.47127252712547774,-0.8413426878362894,0.0385205770522356
1781099323147045400,86.58704541015625,0.3132885353028774,-0.3036787031754851,0.47492111276090143
1781099323172120300,86.61212036132812,-0.5637064806729555,-2.0099396002247927,-0.5890966502562165
1781099323197196300,86.6371962890625,0.14979425562620163,-0.7548077291995287,-0.6828600988417863
1781099323222271500,86.662271484375,0.6821569190084934,-1.2234908243536948,-0.968775474050641
1781099323247347500,86.68734741210938,0.7595096232801676,-0.621942104281485,-1.0249404288649557
1781099323272422400,86.71242236328125,0.4236655572980642,-1.2340151409775018,-0.7741779078409076
1781099323297498000,86.737498046875,0.7311246557950973,-0.8580278651773929,-0.3980757734894752
1781099323322573300,86.7625732421875,0.2341699904024601,-0.8042261323630809,-0.9031579234972595
1781099323347649300,86.78764916992188,0.03313011618554592,-1.5009440761655568,-0.5243903693288564
1781099323372724200,86.81272412109375,0.3200385940849781,-0.892832344315946,0.3091667791977525
1781099323397800400,86.83780053710937,0.42392450049519537,-1.3308169343456626,-0.3020163229212165
1781099323422876400,86.86287646484375,0.5284077882766723,-1.5795467804983256,-0.6008338498011231
1781099323447951400,86.88795141601562,0.05405716888010501,-0.9293480112865566,-0.19482494522482155
1781099323473027300,86.91302734375,-0.7178460720270872,-1.675603600718081,-0.6419006042048335
1781099323498102500,86.9381025390625,-0.24801263779401778,-1.027907461977005,-0.7168921323031187
1781099323523178200,86.96317822265625,0.22888532799780367,-0.5970575461328029,-0.01923544634580612
1781099323548253200,86.98825317382813,0.8293091356933117,-0.2574970899760723,0.22688217148184775
1781099323573329400,87.01332934570313,-0.3404875078737736,-1.0670306810975074,-0.4603571653574705
1781099323598404400,87.038404296875,-0.13292787649929522,-1.668753296431899,-0.8202271268323064
1781099323623480300,87.06348022460938,0.7136626488626003,-0.4689645424440503,0.3636658466264605
1781099323648555300,87.08855517578125,0.40329029326736926,-1.4116557271674275,-0.24923896471858023
1781099323673631500,87.11363159179687,0.39382688387334347,-1.6863699094042182,-0.959707785975933
1781099323698707500,87.13870751953125,0.07257774495482444,-1.2618822220683097,-0.7074184937760234
1781099323723782400,87.16378247070313,-0.12196633750200271,-1.6024878033638,-0.4794865209802985
1781099323748858400,87.1888583984375,0.8656447699218988,-0.14652999313324688,-0.33136896639466284
1781099323773933300,87.21393334960938,1.073340594896674,-0.5217217346414923,-0.5532146050140261
1781099323799009300,87.23900927734375,0.726095429456234,-1.5339742391079663,-0.33646190561950207
1781099323824084200,87.26408422851563,-0.30086569158136844,-1.0238646163269878,0.6252016905993223
1781099323849160400,87.28916040039063,-0.9649281509727239,-1.6729744212582707,1.1769313177525997
1781099323874235400,87.3142353515625,0.1207072773516178,-1.7562796041935682,-0.5336240616202355
1781099323899311400,87.33931127929688,0.4047925145238638,-0.39608489193320273,-0.7173115267589688
1781099323924386300,87.36438623046875,0.6781541131079196,-0.7737859859138727,-0.44758448528498407
1781099323949462500,87.38946264648438,-0.2280909627497196,-0.6810083334952592,0.13355156135559082
1781099323974538200,87.41453833007813,-0.0023217209458351136,-0.6514239270925521,0.22442338015288113
1781099323999613200,87.43961328125,0.5450315908193588,-0.9880199804857372,-0.30559827306121584
1781099324024689400,87.464689453125,0.5978028115421533,-1.6664143320903182,0.28574060316383837
1781099324049764000,87.48976416015626,-0.024096914902329444,-1.548510713982582,-0.08563479492664337
1781099324074840300,87.51484033203126,0.24282734411060808,-0.8569456228986382,-0.351115284872055
1781099324099915300,87.53991528320313,1.0658780039310454,-0.3819847626492381,-0.22137568302005528
1781099324124991200,87.5649912109375,0.8170692473232746,-1.5535884556382893,-1.433052150939405
1781099324150066200,87.59006616210938,0.20292320374548434,-1.8122779702693224,-0.28141046500504013
1781099324175142400,87.61514233398438,-0.4170212969779968,-1.140697390332818,0.56809010258466
1781099324200217300,87.64021728515625,0.19151099837124347,-0.8054220641493797,-0.1297454470708966
1781099324225293000,87.66529296875,2.0816420236498114,-0.20310615909695623,-0.8208762383908033
1781099324250369300,87.69036938476563,1.0766776303648948,-0.6118640701204539,-0.11604659206420183
1781099324275444200,87.7154443359375,-0.8808224653095006,-1.7875617544248699,0.5671113206803798
1781099324300520200,87.74052026367187,-0.7411947989106178,-1.3933864955052733,0.19101824641823767
1781099324325595100,87.76559521484376,0.8325491405278443,-0.9634288523256778,1.2949205683171747
1781099324350671400,87.79067138671876,1.2524322566777466,-1.3996055161505936,-0.9996174792990088
1781099324375746300,87.81574633789063,0.7330453947246074,-1.3740829523593185,-1.0152256750583648
1781099324400822300,87.840822265625,0.3047019087433815,-0.6160775961622595,0.07381137840300799
1781099324425897200,87.86589721679688,-0.41034897960722444,-0.9380679088369012,-1.3920669373393058
1781099324450973200,87.89097314453124,0.9331248994767666,-1.3212927346751093,0.3762666772633791
1781099324476048100,87.91604809570312,0.8037602684170008,-0.5236810520157218,0.5039230431005358
1781099324501124000,87.9411240234375,0.21997195370197295,-1.5244254895180462,0.43663639029115436
1781099324526200300,87.96620043945312,0.11737257997095585,-1.6377373959213495,-0.7457175370320678
1781099324551275300,87.99127514648437,-0.12805471750497818,-1.6547236020356415,-0.06943710884153842
1781099324576351200,88.01635131835937,-0.13247896368801593,-1.3683181052222848,-1.2444982488080858
1781099324601426200,88.04142626953124,0.16084230386316775,-1.1992182606235147,-0.443149717707932
1781099324626502400,88.06650244140624,1.382910986459255,-0.1814192279458046,0.21539806991517543
1781099324651577300,88.09157739257813,0.7937479929685592,-0.9390075277745723,-1.1257079109936952
1781099324676653000,88.11665307617187,-0.7932049721330404,-1.861029726217687,-0.01843728170543909
1781099324701728000,88.14172802734375,-1.1729308499395847,-1.835714083175361,1.3583227809086442
1781099324726804200,88.16680419921875,0.1761076775342226,-0.4041945486307144,-0.01973988873660564
1781099324751879200,88.19187915039062,1.402454475840926,-0.42345191454738373,-0.8245081651523709
1781099324776955100,88.216955078125,0.8445651570141315,-1.1213169825583695,-0.486251777331531
1781099324802031400,88.24203125,-0.9722077865868807,-1.3815896747276186,-0.0865370044633746
1781099324827106300,88.26710620117187,-0.9742086050152778,-0.9847115865901112,-0.6433399893581867
1781099324852182300,88.29218237304687,0.632451515597105,-0.7488917831540107,0.014288345332443714
1781099324877257200,88.31725732421874,1.2626543754845856,-1.2430746457457542,0.05311199698448181
1781099324902333200,88.34233325195312,0.40090310586988925,-1.8726444684267043,-1.2922668389379977
1781099324927408000,88.367408203125,-0.3787280989408493,-1.1925719544768332,-0.9038409373253583
1781099324952484000,88.39248413085937,0.22054244706630705,-0.4881590722575783,0.7594704603135586
1781099324977559300,88.41755932617187,0.8102367709547281,-0.6241998200803994,-0.23870295765697955
1781099325002635300,88.44263525390625,0.6710580173671246,-1.1496765233412385,-0.3860135797739029
1781099325027711500,88.46771142578125,-0.7994114255577325,-1.5507435876011848,0.6408508028909564
1781099325052786400,88.49278637695312,-0.7982125711619853,-1.1141159651383756,1.1991834815710782
1781099325077862100,88.51786206054688,-0.11095102249085903,-1.5553624795734882,-0.7764949526116252
1781099325102937300,88.54293725585937,0.04527063583433628,-1.8354615697190164,-0.7636997684463858
1781099325128013300,88.56801342773437,-0.10707155070900916,-0.6428191803544759,0.17003011118620634
1781099325153088300,88.59308813476562,0.48245735348463054,0.21648469610810278,-0.6103402215540409
1781099325178164500,88.61816455078124,0.5355336946338415,-0.40581016713380813,-1.0333207191973923
1781099325203239400,88.64323950195312,0.37827275638878344,0.17629326323419808,0.3894885624080896
1781099325228315400,88.6683154296875,-1.2091904963225126,-1.4569921217143535,1.617375868155062
1781099325253390300,88.69339038085937,-0.38206279632151124,-1.882356007362902,-0.16513357131630182
1781099325278466600,88.71846655273437,1.608821098038554,-0.8941545328304171,-1.8088629011288284
1781099325303542300,88.74354223632812,3.3100901781499386,-0.5439928954213857,-0.9415399688616395
1781099325328617200,88.7686171875,1.1852817974686622,-1.3566843660518526,-2.18543265299201
1781099325353693400,88.793693359375,0.09174889389276504,-1.780318066906929,-2.4853116716235877
1781099325378768400,88.81876831054687,-1.1739210300207137,-0.7883195381790399,0.40161271544396876
1781099325403844400,88.84384423828125,-0.18970891738533974,-0.897823284471035,1.3618085771977901
1781099325428919300,88.86891918945312,1.1312784046024082,-0.029958792673051356,-0.1453676713556051
1781099325453995500,88.89399560546875,1.534388665127754,-0.708778676213324,-0.03391132969111204
1781099325479070500,88.91907055664062,-1.3195593350112438,-1.4209475793868303,0.892867707890272
1781099325504146400,88.944146484375,-1.6761323007673024,-1.8697490392461418,0.1912201987311244
1781099325529222400,88.96922241210937,1.715523815435171,-0.14008037860244513,-1.618359033973515
1781099325554297300,88.99429736328125,3.225912596294284,0.20758242772817612,-3.048824091029167
1781099325579373300,89.01937329101563,-0.47994624744653697,0.031525311337411405,-0.015940204192698
1781099325604448300,89.0444482421875,-2.763333078712225,-1.5150293001413344,1.4008292127266526
1781099325629524500,89.0695244140625,-1.3982687145888804,-1.5853265329435466,0.8248571247205138
1781099325654599400,89.09459936523437,1.2369383349478245,-0.7818298838987946,-0.915932357135415
1781099325679675400,89.11967529296875,2.521683546209335,-0.3966390186846256,-1.5564195874109863
1781099325704750300,89.14475024414062,0.10494506007432937,-1.3945979171216487,-1.1598404822200536
1781099325729826600,89.16982666015625,-1.6486866599589585,-1.1919678511038423,-0.16954641932249068
1781099325754902300,89.19490234375,-0.2891197242081165,-0.6912102862969041,-1.5188403828620909
1781099325779977200,89.21997729492188,0.3754021693885326,-1.1225193440854548,-1.33150228626132
1781099325805053400,89.24505346679688,0.645167204785347,-1.56244571583271,-0.5524421593368053
1781099325830128400,89.27012841796875,-0.941188378944993,-1.1831526764854787,-0.6441650420054793
1781099325855204400,89.29520434570313,-0.28623101702928544,-0.27725042271614075,-1.2655603260591626
1781099325880279300,89.320279296875,-0.6420154627561568,-0.49233109724521634,-1.2680854606226086
1781099325905355500,89.34535546875,-0.9625041386961937,-1.354054309809208,0.01419569861292839
1781099325930430500,89.37043041992187,-1.871374886882305,-0.9807336228698491,0.5433630730852484
1781099325955506400,89.39550634765625,-0.6037199266314506,-0.2302241753861308,-0.265666367906332
1781099325980582400,89.42058251953125,0.8161468717813491,0.4803215104997158,-1.6200553164973854
1781099326005657300,89.4456572265625,0.19182137949466704,-0.20643354995399713,-0.48538317780345674
1781099326030733800,89.47073388671875,-0.5470797555208206,-1.0366399267479778,-0.3809127495035529
1781099326055808800,89.49580883789062,-0.23854513674676417,-0.26389322075396776,-0.8625517723426223
1781099326080884700,89.520884765625,0.07671849802136421,-0.9779833012484014,-0.7400248783484101
1781099326105959700,89.54595971679687,0.03717559218406677,-0.8116241336598992,-1.5552242401465772
1781099326131036000,89.57103588867187,0.29546646288633344,-0.5958005318090319,-0.7708037552326917
1781099326156111600,89.59611157226563,1.0304150608837603,-0.11507321698740124,-1.1588377349182963
1781099326181186600,89.6211865234375,-0.4309522071748972,-1.1762309143982828,-0.6077148414865136
1781099326206262800,89.6462626953125,-1.568645154994726,-1.379890177333355,-0.5997901859670877
1781099326231337700,89.67133764648437,-1.2935463573545216,-1.0253136460915206,-1.0703627481296658
1781099326256413700,89.69641357421875,-0.19892448949813843,-0.09089812228232622,-1.1744269337162374
1781099326281488600,89.72148852539063,0.3700140466094017,0.15663286947458982,-0.7565306074693798
1781099326306564900,89.74656494140625,-0.42042321437597274,-0.04950257431566715,0.19729045855551958
1781099326331639800,89.77163989257812,-1.8772633603990077,-0.6027399756833911,0.5481204967454075
1781099326356715800,89.7967158203125,-1.4117793535470962,-0.8704892873436212,-0.06354512819349765
1781099326381791500,89.82179150390625,-0.1699544156014919,-0.2411930209070444,-0.5420549130961299
1781099326406866700,89.84686669921875,1.1867875258564948,0.15798808347582816,-1.3398024970948694
1781099326431942700,89.87194262695313,-0.028826281511783597,-0.5463514412462711,-1.0617682305246592
1781099326457017600,89.897017578125,-1.2200900759994984,-0.9493056344270706,-0.9750114458307624
1781099326482093800,89.92209375,-0.46631519697904583,0.07216887189298868,-0.7111997658804059
1781099326507168800,89.94716870117188,0.6453402232646942,0.11330167727023363,-0.9683975806489586
1781099326532244700,89.97224462890625,1.0206757571578025,-0.3435568323165178,-1.1162699283018707
1781099326557319700,89.99731958007813,-0.18785130681991577,-0.09420096322000027,-0.6547828821316362
1781099326582396000,90.02239599609375,-0.15210311709046362,0.7140890575811266,-0.5635244021043181
1781099326607471600,90.0474716796875,0.4325578888058662,0.08061345963329077,-1.0310209178224206
1781099326632546600,90.07254663085938,0.7185077508062124,-0.7412780932798981,-1.350078099654615
1781099326657622800,90.09762280273438,-0.8746703724205493,-0.9373387177795172,0.03842383867949247
1781099326682697700,90.12269775390625,0.23396306965351105,0.3721864222124219,-0.9577405775561928
1781099326707773700,90.14777368164063,1.680599801570177,0.6628159664615988,-1.4085145065322517
1781099326732848600,90.1728486328125,0.5086930339813233,-0.8336626547276973,-2.7907889486536384
1781099326757924900,90.1979248046875,-2.1884365109831094,-1.4876783518791197,0.38140345562994477
1781099326782999800,90.22299975585938,-0.5642413182020187,0.08418810324966906,0.7756830517068505
1781099326808075800,90.24807568359375,0.6085118370831012,0.5666232449024915,-3.01962225420326
1781099326833151700,90.27315185546875,-1.4623556945741176,0.30320787079334255,2.035133954975009
1781099326858226700,90.29822680664063,-2.940756515020132,-1.7248244354829192,4.387582047507166
1781099326883302700,90.323302734375,-1.137303071719408,-0.5148004109457135,-1.3128954932078718
1781099326908377600,90.34837768554688,2.49854875433743,0.19062632449120281,-3.645735798950493
1781099326933453800,90.37345385742188,1.7346517097532748,0.38427667297869916,0.5807689668938517
1781099326958528800,90.39852880859375,-2.5457494814515114,0.2214385191231966,-1.3782120149880648
1781099326983604700,90.42360473632813,-1.9703344428062437,-0.014239245493710041,-0.45187779856473204
1781099327008679700,90.4486796875,-1.69146723254323,-0.10238690002411603,1.0911313953921198
1781099327033755400,90.47375537109374,-0.9726561148762702,-0.4124883297234773,1.2167425191372632
1781099327058831000,90.4988310546875,0.4624596905946731,-0.15386428154408932,0.847343097294867
1781099327083906300,90.52390625,0.5962953295886516,0.7119432777240872,-0.20581600257754323
1781099327108982300,90.54898217773437,-0.13604980791211127,0.6988821360990405,0.5352881954401731
1781099327134057200,90.57405712890625,-0.3745440912544727,0.6553355475783348,-0.14107991103380918
1781099327159133400,90.59913354492187,0.8271861521899699,0.36439708351045846,0.0033151158973574635
1781099327184208400,90.62420849609374,0.6034539691716432,1.1144976579323411,0.43177112234234805
1781099327209284400,90.64928442382812,0.40961774272322654,-0.11429068830758332,0.6788645994648337
1781099327234359300,90.674359375,-0.7683136919826269,0.40275925513058897,-0.0203168118417263
1781099327259435500,90.699435546875,0.3176800482600927,0.652095542743802,0.686577658060193
1781099327284511200,90.72451123046875,0.9611176527738571,1.533269890230894,-0.8279086212456226
1781099327309586200,90.74958618164062,-0.15203765063881874,0.9723203070506453,0.60629474555552
1781099327334662400,90.77466235351562,-1.7735767759531735,1.1525880268737674,2.330964574998617
1781099327359737300,90.7997373046875,-1.8823440246641634,0.529788428980112,2.1512647181913254
1781099327384813300,90.82481323242187,1.1619254718005656,1.094570429930091,0.8992372429221868
1781099327409888300,90.84988818359375,1.4659031579226254,0.7412351309210061,1.3696022998139261
1781099327434964500,90.87496459960937,-0.848083394268155,0.8567246736243367,-0.4184025222033262
1781099327460039400,90.90003930664062,-0.969987772449851,-0.43983430954962965,-0.11778466790318488
1781099327485115400,90.92511547851562,-0.378133640179038,-0.3423375196546316,-0.15811697055250407
1781099327510191400,90.95019140625,0.6327133814036846,0.19762714316397903,0.4091746751308441
1781099327535266300,90.97526635742187,0.7996873198896646,0.4371510618150234,-0.6150681268587708
1781099327560342300,91.00034228515625,-0.07585457466840743,0.5868871575132012,0.32590485576987266
1781099327585417200,91.02541723632812,-0.7492781521230936,0.5820668977499008,1.309269703926146
1781099327610493400,91.05049340820312,-0.6675333503723144,0.9694853758856654,1.30310767416507
1781099327635568400,91.075568359375,1.0107108279824257,1.4504443075060844,1.3905655928656457
1781099327660644400,91.10064428710938,0.8596832311689853,1.3387240542083978,1.283045713867247
1781099327685719300,91.12571923828125,-0.12052782913148402,0.788429428294301,1.1445128569677472
1781099327710795500,91.15079541015625,0.08219722169339656,0.8890712382167577,0.1739858630746603
1781099327735871200,91.17587133789063,0.4463935219347477,1.5744070795223115,0.40585634436309337
1781099327760946200,91.2009462890625,0.08798983362019061,1.2458587235063314,0.7739283169940113
1781099327786022400,91.2260224609375,-0.9041261840075254,0.49819092918932434,0.8962319236263632
1781099327811097300,91.25109741210937,-0.6240256325572728,0.10478022490143775,0.8846388087272643
1781099327836173300,91.27617333984375,1.0047785153239965,1.4560820211321115,0.5824500518485903
1781099327861248300,91.30124829101563,1.4843699579834937,1.8119003691285847,0.9305456966385245
1781099327886324500,91.32632446289062,-0.3520569496363401,1.1910425529524684,0.9641486910328269
1781099327911399400,91.3513994140625,-1.026044006192684,0.015355390042066572,1.1741755893036723
1781099327936475400,91.37647534179688,-0.30248189460635183,0.39044834735095496,1.5027745064631104
1781099327961551400,91.40155126953125,0.3494745319277048,-0.05319353778809309,1.621348278917372
1781099327986626300,91.42662622070313,0.4415338069438934,0.5084264919996261,0.8006798380583524
1781099328011702300,91.45170239257813,0.6606535277307033,0.5715250454694032,0.573603020787239
1781099328036778000,91.47677807617187,0.14045359582901001,0.33709786543548104,0.42169951792210336
1781099328061854000,91.50185400390625,-0.8720663274019956,-0.09657558339685202,0.7568538480743765
1781099328086929200,91.52692919921876,-0.6692068365424871,-0.13337766609340906,1.8632544165298341
1781099328112005000,91.55200512695312,0.5074117619991302,0.48499476300776,1.0488035350114107
1781099328137080000,91.577080078125,1.4270061487734318,0.4496560308620333,0.7569272055715323
1781099328162156000,91.60215600585937,-0.2973334258019924,-0.029247721794247627,1.2933414824321865
1781099328187232000,91.62723193359375,-0.7565630484342575,-0.17820552659630776,0.8554547998189925
1781099328212307000,91.65230688476562,-0.038140053302049635,-0.007361468678712844,0.2366194293811917
1781099328237383000,91.6773828125,1.3942851979106663,1.4399196986213325,0.7951715960308909
1781099328262458000,91.7024580078125,1.0373895760715006,1.2732140556827187,0.8347112869977951
1781099328287534000,91.7275341796875,0.457183796018362,0.6478326246023177,1.6081334080353378
1781099328312609000,91.75260913085937,0.13526128788292408,-0.37166736677438017,1.0939569742068647
1781099328337685000,91.77768505859375,-0.9856079509079456,-1.2452727403119206,1.886544983485341
1781099328362760200,91.80276025390626,-0.08391571604907512,-1.0722884554952383,2.0010218420147896
1781099328387836000,91.8278359375,1.8880448666542768,1.668447299222648,-0.26901158668100833
1781099328412910800,91.85291088867187,2.365209374427795,-0.687398326793313,-0.29824177281856534
1781099328437987000,91.87798706054687,-1.4879975008308886,0.7995151781931519,1.3565858741134404
1781099328463063000,91.90306298828125,-1.5297323637545108,-0.637789077232778,3.6384094015851614
1781099328488138000,91.92813793945312,-0.3460392967820167,-0.28208354196101426,0.6608379443868995
1781099328513214200,91.95321411132812,1.4574696760982273,-0.07352846980839968,0.6178221017420291
1781099328538289200,91.9782890625,0.9119324738442898,0.26935177842080593,2.454033905306458
1781099328563364900,92.00336474609375,-0.724776748073101,0.4621881801769137,1.2035600892201066
1781099328588440000,92.02844018554687,1.8861317265093325,2.0418843060180545,-0.11849778460860251
1781099328613516000,92.05351611328125,1.3307710493773222,0.31132571079730986,0.4015378966420889
1781099328638591000,92.07859106445312,0.21015900021791456,0.5718026933670044,3.8959196433037517
1781099328663667000,92.1036669921875,-1.0023743767917155,-0.32340953182280063,2.1697990305304526
1781099328688743200,92.1287431640625,1.9022709604054688,-1.5882731077894567,1.646680580833554
1781099328713818000,92.15381811523437,2.6203461650133133,0.2559782098457217,-2.390202945908904
1781099328738894000,92.17889404296875,3.27271292591393,-0.6768278329402208,0.8484393680989741
1781099328763969000,92.20396899414062,0.9503636190474033,0.47269876053631305,0.0780342567950487
1781099328789045000,92.229044921875,-1.327874743413925,-1.5522192131116985,1.4087240576297044
1781099328814120000,92.25411987304688,-0.682008450448513,-0.48802667804956434,2.594644737523794
1781099328839196000,92.27919580078125,-0.6228793851315975,-0.6758969818308949,3.168169432377815
1781099328864270800,92.30427075195313,1.268537588304281,-0.3541849015757441,2.5336171451091767
1781099328889347000,92.32934716796875,1.6761831541717052,1.0094242953032255,1.4750976872473955
1781099328914422000,92.35442211914062,1.5556331132084131,0.1297208971515298,1.9527625457584856
1781099328939498000,92.379498046875,-0.7032149046063423,-0.2095712634578347,2.7413492104411126
1781099328964574200,92.40457421875,0.3486170383155346,0.4454579946503043,1.3940981509059667
1781099328989649200,92.42964916992187,2.286892793560028,-0.06523205836713314,1.3542922102183104
1781099329014724900,92.45472485351563,2.2667700429856774,-0.17496932115405797,0.7098784541487694
1781099329039799300,92.47979931640624,0.8025655056744814,0.13227525780946014,1.9460206702828406
1781099329064875000,92.504875,0.7830173401176929,0.05842793131023645,1.6531459774553774
1781099329089950200,92.5299501953125,2.2530694344133138,0.0374769132182002,0.3573895428359508
1781099329115026200,92.55502612304687,3.531247542244196,1.4691127676188944,1.3839783234298229
1781099329140101000,92.58010107421875,2.2491174819171427,0.37701165041178464,1.4781512295991182
1781099329165177000,92.60517700195312,0.8404056992471217,-0.5710884076178073,0.5208785618156194
1781099329190253300,92.63025341796875,0.9870295081436633,-0.7216314357846975,1.3477087401747703
1781099329215328300,92.65532836914062,1.3763000438869,-0.08266483920514583,1.370669344523549
1781099329240404200,92.680404296875,3.758388072401285,0.7586085827872157,0.3745815006554126
1781099329265479400,92.7054794921875,3.664035718011856,0.42421676144003867,-0.7816559886366129
1781099329290555100,92.73055517578125,0.36758944981098174,0.02254500928521156,1.4530793321847915
1781099329315630000,92.75563012695312,-0.8989058190107345,-0.15158727652281523,2.683001650890708
1781099329340706000,92.7807060546875,0.8463158000737429,-1.4672764921024442,1.4637141234457491
1781099329365781200,92.80578125,2.4512615179836748,-0.7485776026383042,0.7131213815927505
1781099329390857200,92.83085717773437,2.814183560505509,-0.4864353172048926,1.156632041567564
1781099329415932200,92.85593212890625,2.1398042897611855,-0.8363038168862461,1.2139572723329066
1781099329441008000,92.88100805664062,0.20882570578753948,-2.1916966818228363,-1.7563760503053665
1781099329466084400,92.90608447265625,0.1200362462222576,-2.1189535171732303,-1.1765525475680827
1781099329491159300,92.9311591796875,-0.4303752840697765,-1.8967375839367508,0.9410352342098951
1781099329516235000,92.95623510742188,-1.4695195948541164,-2.7359762852311134,1.4626771816134452
1781099329541310200,92.98131030273437,-0.975797335511446,-1.8250906900912522,2.1055501379817723
1781099329566386200,93.00638623046875,0.3064373542338609,-1.1373419424250721,1.6988450678348541
1781099329591461000,93.03146118164062,0.6278606806755066,-0.9270514247819781,0.562349805366993
1781099329616537000,93.056537109375,-0.1614408542782068,-0.6250619898676872,1.5734224523991345
1781099329641612300,93.0816123046875,-0.49525370669364926,-0.020865970157086848,1.757775395709276
1781099329666688300,93.10668823242187,-1.4183546402841805,0.0011313421174883843,1.312307756447792
1781099329691763200,93.13176318359375,1.3466139306753873,0.07220832712054252,2.0779905154049394
1781099329716839400,93.15683935546875,1.4065513897657393,0.04608049091249704,2.48383341576457
1781099329741915100,93.1819150390625,1.6529998469829559,-1.1068351604804396,1.2558867810457943
1781099329766990000,93.20698999023438,1.6779618542820214,-0.08754442794024944,-0.059657473105192184
1781099329792066000,93.23206616210938,2.337712295693159,-0.44447775144129986,-0.5745861866056918
1781099329817141200,93.25714135742187,2.0282325050234795,-0.4634536700680852,-1.1869833406895398
1781099329842217200,93.28221728515625,3.1805034287720915,-1.0172741320207714,-0.9184645059615373
1781099329867292200,93.30729223632812,2.384548281148076,0.16927900055795908,-0.46928690626621244
1781099329892368400,93.33236840820312,1.0912351480275393,-1.3040358949258923,0.7759960631787777
1781099329917443300,93.357443359375,0.17175591206550597,-1.6162319588169454,0.401425668439269
1781099329942519300,93.38251928710937,1.3217547992289065,-1.6355588828384875,1.3096622103750706
1781099329967594200,93.40759423828125,2.5365806710898875,0.01980272483974695,-0.39496845512390133
1781099329992670200,93.43267016601563,2.2314637518048284,-1.3338088096380234,-1.1924620643615722
1781099330017746200,93.45774609375,0.3170277218312025,-0.37887773654460905,0.2507259884059429
1781099330042822000,93.48282177734374,-1.2707961808860302,-1.1672174407288431,2.490075525024533
1781099330067897900,93.50789794921874,-1.012336383357644,-1.8945836207732558,1.7127642875939606
1781099330092972800,93.53297290039062,1.5253256532281636,-0.4319114075958729,0.9268325213342905
1781099330118049000,93.55804907226562,3.237890618857741,-0.42882074810415505,1.2962117771714925
1781099330143124000,93.5831240234375,0.5598901372551918,-1.5238000510960816,-0.7987129218995571
1781099330168199700,93.60819970703125,-1.3158295008331538,-2.084998056079447,1.046758877441287
1781099330193274600,93.63327465820312,-0.7786223200291394,-1.7026956057831644,1.5022855539023876
1781099330218350800,93.65835083007812,0.9879852014333009,-1.0788964754581452,0.5058744694292545
1781099330243425800,93.68342578125,1.6597253558456897,-0.26276597028970716,0.5879086095154286
1781099330268501800,93.70850170898437,0.9498445636093616,-1.0686980297878383,1.35511346347332
1781099330293578000,93.73357788085937,-1.6660159804224968,-1.380223647071421,2.5237352180421353
1781099330318653000,93.75865283203125,-0.38138825806081295,-0.9922636094048619,2.2114988221406935
1781099330343729000,93.78372900390625,3.001706950545311,-0.147477210855484,0.3466676578134298
1781099330368803800,93.80880395507812,2.9659996773481367,-0.3767810565263033,-0.250854583221674
1781099330393879800,93.8338798828125,1.8800643892943858,0.07309767717570066,1.88498021838665
1781099330418954800,93.85895483398437,0.5228367101460695,-1.0145999443754554,0.2633189279973507
1781099330444030700,93.88403076171875,1.9297884974062443,-1.1427967006996274,-1.2012737318485975
1781099330469105700,93.90910571289062,2.717958982503414,-0.8094356837049126,-0.016609189495444297
1781099330494182000,93.93418188476562,2.655851193636656,-1.0487085502043365,0.21846797887980937
1781099330519256800,93.9592568359375,0.5223907199442386,-1.321071200878918,-0.9210936854213476
1781099330544332800,93.98433276367187,-0.1883984193086624,-2.0879761951074003,0.4461480227410793
1781099330569408800,94.00940869140625,0.3494868068873882,-1.493576762267947,1.380177177581191
1781099330594484000,94.03448388671875,0.4517401436597109,-1.3303940327584742,0.5421937370449305
1781099330619559700,94.0595595703125,0.23506430889368055,-1.3510446065992117,1.2804583277225494
1781099330644634600,94.08463452148438,-1.4612649767279624,-1.624201914782822,2.8844185417264696
1781099330669710800,94.1097109375,-0.9300637583404779,-1.5518053716138005,2.5846675333887337
1781099330694785800,94.13478588867187,0.9811538941085338,-0.557549127086997,1.264779697075486
1781099330719861800,94.15986181640625,2.1946149073570966,0.2845440868556499,0.4037473893851042
1781099330744937000,94.18493701171874,0.6193272456079721,-1.324372288250923,2.5452882936805485
1781099330770013000,94.21001293945312,-0.09731763393580913,-1.4890107695266603,1.7698165466368196
1781099330795089000,94.2350888671875,1.1039128432929515,-0.5091346402689815,0.6565525221526622
1781099330820163800,94.26016381835937,2.762085124477744,-0.0042407063096761705,-0.07028700366914271
1781099330845239800,94.28523974609375,2.4060452426850794,-0.28653964458703995,1.5858382818579673
1781099330870314800,94.31031469726562,1.6562380982518194,-1.2269009250581264,1.663210275352001
1781099330895390700,94.335390625,2.212059963154793,-0.20271745204031466,-0.20125030209720132
1781099330920466000,94.3604658203125,3.8745208814442154,-0.5849795703262091,-0.10136486349999904
1781099330945542000,94.3855419921875,3.5945758128166196,0.12334610142260789,-0.9001081805378198
1781099330970616800,94.41061694335937,1.5485755959123373,-0.9990066539242863,0.8750000427663326
1781099330995692800,94.43569287109375,0.9453308855772018,-1.2866443228811024,0.7151245381087065
1781099331020768000,94.46076806640625,1.0285054278701544,-1.553050110977888,0.31343992647230623
1781099331045843200,94.48584326171876,1.4739859266132116,-1.2748778972417116,1.332369716745615
1781099331070919000,94.5109189453125,0.7760562689334154,-2.1763044669017195,1.679279366621375
1781099331095994000,94.535994140625,0.590455371388793,-1.412488086338341,-0.0825052647292614
1781099331121070000,94.56107006835937,0.2822404860883951,-0.9945753934785723,1.4407213703930377
1781099331146145000,94.58614501953124,-0.42374622131884093,-0.5642842805609106,1.7504864077448843
1781099331171221000,94.61122094726562,-1.2823124311566352,-1.8050380821436642,1.9510674322783945
1781099331196296200,94.63629614257812,0.5332803627490997,-0.8991253069803118,2.309592116624117
1781099331221372200,94.6613720703125,1.2305670463502407,-1.1634382144510744,2.0095242974221703
1781099331246447000,94.68644702148437,1.348942081362009,-1.675762006150186,0.2007552120566368
1781099331271523300,94.7115234375,1.7675637992739677,-0.17645371449291705,1.8769056330025196
1781099331296598300,94.73659838867188,1.6182196255028247,-0.15508359420597553,0.22314006234407424
1781099331321674000,94.76167407226562,1.6163672756344079,-1.3024874964401125,-0.6129384213536977
1781099331346750000,94.78675,0.21988427541851996,-1.6503648223042486,3.346607598686218
1781099331371825200,94.8118251953125,1.7332272299081086,-1.0707456099674104,2.5431302388638257
1781099331396901000,94.83690112304687,3.984805548980832,0.01947597710341215,-1.7488854022890328
1781099331421976000,94.86197607421875,5.203375283545255,0.42658962805122136,-0.6554127044677734
1781099331447052300,94.88705224609375,0.04111819233000278,-1.0638546814098953,0.9839601837009191
1781099331472127200,94.91212719726562,-2.115955796661973,-2.78568461125195,2.5323060625106093
1781099331497203200,94.937203125,0.7067647060424089,-0.7556935721233486,1.1568132433533669
1781099331522278100,94.96227807617187,4.734871052089333,1.3127566692590713,0.1488029065012932
1781099331547354000,94.98735400390625,2.791250428685546,-1.018623208542168,0.984133786702156
1781099331572429000,95.01242895507812,-1.0084586651414633,-2.33279617433995,1.9435387903392314
1781099331597505000,95.03750512695312,-1.7554186034500598,-2.5984508518084883,2.380121696877479
1781099331622581200,95.06258129882812,2.179679204031825,-0.6337184667930007,-0.39158641147017476
1781099331647656200,95.08765625,3.8821997455090282,1.191837794983387,0.17949498188495636
1781099331672732200,95.11273217773437,0.6528630199849605,-1.642908076557517,3.2355700669556855
1781099331697807000,95.13780712890625,-2.63206465985775,-2.788400299951434,1.6299994951456784
1781099331722883300,95.16288330078125,-0.7966618345886468,-1.9427569923117756,0.5588917738676071
1781099331747958300,95.18795825195312,4.596338779711723,1.179696690812707,-0.403762586954236
1781099331773034000,95.21303393554687,4.193405044797062,0.5782914708644151,0.3684107030659914
1781099331798109000,95.23810888671875,-0.8054466140687465,-2.369217733286321,2.264990173831582
1781099331823185200,95.26318505859375,-1.1656342631906271,-2.220545175166428,1.6612024426609278
1781099331848260000,95.28826000976562,1.4723130249649286,-1.1222294212281703,1.7654267872452736
1781099331873336000,95.31333618164062,3.978700802364945,0.5879886890143156,-0.505694436687231
1781099331898412300,95.33841235351562,2.7473300384163855,-0.2557987616255879,0.5836620579868554
1781099331923487200,95.3634873046875,1.4691162747502327,-0.5274462497681379,1.0501450127482415
1781099331948563200,95.38856323242187,0.02922492544054985,-1.560595704051852,-0.19925883601903915
1781099331973638100,95.41363818359375,0.3227390852153301,-1.7564841868549583,1.2964251276612282
1781099331998714000,95.43871411132812,1.9163351415932177,-1.0562398224920033,1.2372229971081017
1781099332023789000,95.4637890625,2.1822090147703883,-0.6996528282105923,-0.8150041314870119
1781099332048864500,95.48886450195313,1.0061574024617672,-0.4744397589847445,0.6945365081101655
1781099332073939500,95.513939453125,0.2712643340438604,-0.1201280161589384,1.2277981661587953
1781099332099015700,95.539015625,-0.10444997003376483,-1.0651187099963426,0.9611673371344804
1781099332124090600,95.56409057617188,0.4599509226441383,-1.6377181066989899,1.3614035035282372
1781099332149166600,95.58916650390626,1.594417894154787,-0.20973405280411242,2.152277986887097
1781099332174242800,95.61424291992188,1.7723942881703376,0.12137655491530895,0.8865876047074794
1781099332199317800,95.63931787109375,1.3391735515415668,-0.14782003294378518,-0.8450538173139095
1781099332224393700,95.66439379882813,0.2846153985261917,-0.9350129051804542,0.5558680421322584
1781099332249468700,95.68946875,0.3755471308171749,-1.2252683554202317,1.0064479098409413
1781099332274544600,95.71454467773438,1.4499492174655197,-0.604836363440752,-0.21105039609968662
1781099332299619600,95.73961962890625,1.6735235795736312,-1.36752490901798,0.9330693698972463
1781099332324695600,95.76469555664063,1.3654168308228254,-0.9986766913175582,0.0010644143611192702
1781099332349770500,95.7897705078125,-0.18779928437173365,-1.421873462060094,0.7934639153301716
1781099332374846700,95.8148466796875,0.9314251098215579,0.22105887215584516,0.9420613623872399
1781099332399921700,95.83992163085938,0.3650374272406101,-0.7470303731963038,0.610011720252037
1781099332424997600,95.86499755859376,0.3538087617397308,-1.6666183302298188,0.815522310142219
1781099332450073600,95.89007348632812,-0.22362229290306568,-1.2608388504952193,1.7842469307884572
1781099332475148800,95.91514868164063,0.6436147146463393,-0.6778463623329997,-0.3615978081807494
1781099332500224500,95.940224609375,1.018266942450404,-1.0161787379994989,-0.2703831672951579
1781099332525299500,95.96529956054688,-0.009798340436816214,-0.6032116848483682,1.428689571815729
1781099332550375700,95.99037573242188,-0.3689753512114286,-0.9444339367374778,1.6709163196846841
1781099332575450600,96.01545068359376,-0.6621779608190059,-0.8756897785961627,0.10394377407729626
1781099332600526600,96.04052661132812,0.1512853709667921,-0.4075377215787768,0.7821727059870958
1781099332625601500,96.0656015625,0.01603694256544113,-1.2480498038098216,1.352090023998916
1781099332650677800,96.090677734375,0.6211527074694633,-0.7150961887970566,-0.36189532982259986
1781099332675752700,96.11575268554688,0.30513387041985984,-0.7993810304194688,0.02895896798074245
1781099332700828700,96.14082861328124,0.14135843571424483,-0.8760515976458787,1.5135013599216938
1781099332725904600,96.16590454101562,0.10286007049381732,-0.798668205974996,1.137315931200981
1781099332750979600,96.1909794921875,0.4952431852996349,-0.22540596144944428,1.4229519049465655
1781099332776055600,96.2160556640625,0.46273675397038455,-0.5843500402510166,0.39051702867299315
1781099332801130500,96.24113061523437,0.016138649374246597,-0.9453133499205112,0.21678367905467746
1781099332826206700,96.26620678710937,0.6543605650663376,-0.7458104760125279,1.0157444382354617
1781099332851281700,96.29128173828126,1.798507219070196,0.30441490849554537,-0.05905103164464235
1781099332876357600,96.31635766601562,0.7861375179648399,-0.752341631346941,-0.380489263394475
1781099332901432600,96.3414326171875,0.4332172294974327,-0.8712924204200506,1.5158832866221665
1781099332926508500,96.36650854492187,0.6795774239093065,0.1998135472923517,1.289371994279325
1781099332951583700,96.39158374023438,1.5389812536150216,-0.22231062578260896,-0.41945612290948625
1781099332976659500,96.41665942382812,0.8959130669355392,-0.6707672177270054,0.025143793606758117
1781099333001735700,96.44173559570312,1.57453129042387,-0.5076102071806788,1.2794848065152764
1781099333026810600,96.466810546875,1.105931781899929,-1.1375652297869323,-0.8170017350450157
1781099333051888000,96.49188818359374,2.092729234853387,0.3706944300889969,-0.27137247059345243
1781099333076963300,96.51696337890625,1.1441291183471678,-0.11750760452747344,0.5257312625437974
1781099333102039300,96.54203930664063,-0.09690788409113883,-0.7559104297444224,0.993203228342533
1781099333127114200,96.5671142578125,-1.047543890339136,-1.7925015489146112,1.0002347344145177
1781099333152190500,96.5921904296875,1.888072339183092,-0.14434241996109484,0.9183838419407605
1781099333177265400,96.61726538085938,1.7979145138740538,-0.11713643312752246,-0.3397223687201738
1781099333202341400,96.64234130859376,0.5369102436840534,-1.104881980586052,0.5878016420096158
1781099333227416300,96.66741625976563,-0.8481348321944475,-2.0290438214063644,2.1913491835594177
1781099333252492500,96.69249243164063,-1.604834074229002,-1.873657444861531,-1.6785954760104418
1781099333277568300,96.717568359375,0.6469371370673179,-0.22019348749816417,2.396106032472849
1781099333302643200,96.74264331054688,1.810165508159995,1.3888915221735834,-0.6160515849381685
1781099333327719400,96.76771948242188,-1.2336159125268458,-0.7351870829284191,-0.7340168701052665
1781099333352794400,96.79279443359376,-2.2435715382277963,-2.428963761457801,7.37302233838439
1781099333377870300,96.81787036132812,1.9665011482536792,-2.258654541069269,-0.23339199176728723
1781099333402945300,96.8429453125,1.6956266903102397,-0.333487273722887,0.6809452051311731
1781099333428021500,96.868021484375,6.894639686992764,0.09661416184157133,0.21379180376231668
1781099333453096400,96.89309643554688,-1.9970394943803547,-0.7052402729541063,-0.9128256232917308
1781099333478172400,96.91817236328124,-0.32399054658114906,-1.9508277783036232,-0.33251053764522076
1781099333503247400,96.94324731445313,0.6026771395802497,0.3165069128274917,-0.0006371288597583771
1781099333528323300,96.9683232421875,-1.035434350350499,-1.3730001255586743,3.1032237897366284
1781099333553399300,96.9933994140625,2.584289932247996,-0.4792240706518292,0.08636720085442065
1781099333578474200,97.01847412109375,-0.6055278528362512,-0.8917351967290044,0.6339022989273071
1781099333603550500,97.04355053710937,2.019882025307417,-0.6666264646604657,0.074853873193264
1781099333628625400,97.06862548828126,1.0832593468427658,0.038835342089831824,-0.05850070428550243
1781099333653701400,97.09370141601562,1.0004553914278744,-0.20383330432772634,0.49755146224200725
1781099333678776300,97.1187763671875,-0.07890519441068172,-0.16071955426633358,2.852020831468701
1781099333703852300,97.14385229492187,-1.35149527297616,-1.8908079016268253,1.7000673031061886
1781099333728927500,97.16892749023438,0.09494915123879909,-1.4558081726267933,2.0077567032277583
1781099333754003200,97.19400317382812,2.0136451767444608,0.2366287817314267,-0.18311200333833694
1781099333779078100,97.219078125,1.7085352717220783,0.004648994849622249,-1.9554279655754565
1781099333804154400,97.244154296875,-0.2926397150278091,-1.3493889483466743,2.175615607854724
1781099333829230300,97.26923022460937,-0.3734323306202888,-2.1229539849862453,1.133449903422594
1781099333854305300,97.29430517578125,0.5783996074140072,-0.3031877047881484,1.3874123895317316
1781099333879381500,97.31938159179687,2.4917402433663605,-0.6672887279614805,0.6123924779087305
1781099333904456400,97.34445654296874,1.4344628945201634,-0.1219385727122426,-0.8130909913420676
1781099333929532400,97.36953247070312,1.0661258412122725,-0.8797706181690096,1.0377870509564875
1781099333954607400,97.394607421875,0.6577882014274596,-0.29121143579035996,-0.17788579312264918
1781099333979683300,97.41968334960937,-0.16987024444937704,-1.2633245298311113,0.7757628389447927
1781099334004758300,97.44475830078125,1.6381366243720055,0.009586158990859985,2.2464356954872606
1781099334029834200,97.46983422851562,1.4172849652260542,0.367245750939846,0.920792656648159
1781099334054908400,97.49490844726563,1.2855980286985635,-0.1859086483195424,-0.04795534487366676
1781099334079984400,97.519984375,0.8406056057333946,-1.5349197032645343,1.1526742438524962
1781099334105059300,97.54505932617188,1.0705986027121543,-0.26119828258156774,1.4217776004701852
1781099334130135600,97.57013549804688,1.9608879845470188,0.03648497957140207,-0.21371523139476775
1781099334155211500,97.59521142578124,0.3116454442709684,-0.7835694210425019,0.8296551726520061
1781099334180286500,97.62028637695313,0.13829437196850775,-1.6484744785130023,1.5478735851228236
1781099334205362400,97.64536254882813,0.5977881984949112,-1.5236585967987775,0.5589139856994152
1781099334230437600,97.67043774414063,1.619015159794688,0.5318117515012621,-0.5003080674737692
1781099334255513300,97.69551342773437,1.503681392174959,-0.36584786684066056,0.2864981435328722
1781099334280588300,97.72058837890626,-0.5600462045997381,-1.27278267852813,1.8653630792468785
1781099334305664500,97.74566455078126,0.06270107858479022,-0.48700873317867516,1.6898662270873783
1781099334330739500,97.77073950195313,0.4707002801954746,0.15063099871128796,-0.0835004132464528
1781099334355815400,97.7958154296875,2.592561501508951,0.779124716593325,0.8321405597269534
1781099334380890600,97.820890625,2.657366274374723,0.0664645227715373,1.5660294195383786
1781099334405966600,97.84596655273438,-0.5769792192220687,-1.2136261406823992,0.41824207094460725
1781099334431042600,97.87104248046874,0.6641717649847269,-0.4972279293760657,1.9094740236520766
1781099334456117500,97.89611743164062,2.487356329193711,0.13829495649039744,-1.6873346627831458
1781099334481193500,97.921193359375,1.5325573580473661,0.518275685840845,0.3513005783110857
1781099334506268400,97.94626831054687,0.7064788748383521,-0.9790253576472401,1.1834221410766244
1781099334531344400,97.97134448242187,0.8230085742443799,-0.5976236555829644,-1.1358508270844816
1781099334556419600,97.99641967773438,1.8737316791415213,-0.5251195603862404,1.1822840769574046
1781099334581495600,98.02149560546874,2.388822889727354,1.058344101294875,0.21799217806160448
1781099334606570500,98.04657055664063,-1.074862689897418,-1.4231032961159944,0.341855581356585
1781099334631646500,98.071646484375,-0.29221184500455855,-0.6979474855974316,2.5068892971813677
1781099334656721700,98.0967216796875,0.7732347817718982,-0.40819063252955673,-0.706645171315968
1781099334681797600,98.12179760742187,1.252776540070772,-0.17637158916741608,0.439923156876862
1781099334706872600,98.14687255859376,0.872958892327547,-0.7710311342477798,0.9495850358903407
1781099334731948500,98.17194848632812,-0.5571662652492523,-0.7939455613672732,-0.029236323617398738
1781099334757023500,98.1970234375,0.14593173497915268,-0.39931583667844534,1.0892220546394586
1781099334782099500,98.22209936523437,1.010025768327713,0.2109019275397062,0.6688119920060038
1781099334807175400,98.24717553710937,-0.061245034557580944,-1.0634814641833306,0.6491872540816664
1781099334832250600,98.27225073242188,0.7103261979162693,-0.8020715846776961,1.4373054244697092
1781099334857326600,98.29732666015624,0.1326584119081497,0.1549915320083499,0.5130480143204331
1781099334882401500,98.32240161132812,0.49734103436172006,0.18746581463366746,-0.3287336494550109
1781099334907477500,98.3474775390625,0.791861156308651,-0.8697843539446591,0.9330135480567813
1781099334932552700,98.372552734375,1.3927987587451933,0.23971564183086155,0.9063450291007756
1781099334957628400,98.39762841796875,1.0402747761189937,0.12831892139911652,-0.3709390524998307
1781099334982703400,98.42270336914062,-0.09611351884305476,-0.7341399119630455,0.5621116126969457
1781099335007779600,98.44777954101562,-0.24658406629562377,-1.3420838860303164,0.3754164901748299
1781099335032854500,98.4728544921875,0.6959557272583246,0.03645458443313837,0.30207097571790215
1781099335057929700,98.4979296875,0.4982067112803459,0.6171835115775466,-0.30378362485468385
1781099335083006000,98.523005859375,-0.09377309319674969,-0.10419950240403413,0.3458230236828327
1781099335108081000,98.54808081054688,-0.13010814290344713,-0.8952484655469656,0.32865152412950993
1781099335133156900,98.57315698242188,-0.8162742975533008,-0.3128106886580586,0.8812976816058158
1781099335158231800,98.59823168945313,0.12517244006693362,0.4935311206847429,0.7228051557391881
1781099335183307800,98.62330786132813,0.8965238923102616,1.150656474289298,-0.014579437233507632
1781099335208382700,98.6483828125,1.1166098277807235,0.4084820166915655,0.5884276649534702
1781099335233458700,98.67345874023438,-0.06364975761175155,-0.6899409970134496,0.34143794046640397
1781099335258533600,98.69853369140625,-0.6386345881462097,-0.44805619444996114,0.18082447692304848
1781099335283609900,98.72360986328125,0.39247722283005715,0.056284489540755746,-0.26831834371984004
1781099335308684800,98.74868481445313,0.6911047800958157,0.7118684589222073,-0.30472996579408645
1781099335333760800,98.7737607421875,0.5506874246239661,-0.01009615433961153,-1.31055828243196
1781099335358836000,98.7988359375,0.036921325162053105,-0.9993258028760552,-0.49250674607306716
1781099335383912000,98.82391186523438,-0.47155952737331386,-0.8622840613171457,-0.19772475831955671
1781099335408987000,98.84898681640625,-0.44171676229536533,-0.5241176898673177,0.020545944422483444
1781099335434062600,98.8740625,0.026928923457860944,0.7725996987387538,-0.4616209016829729
1781099335459137800,98.8991376953125,0.1517699396133423,0.9318953576818108,-0.2418269348964095
1781099335484213800,98.9242138671875,0.5452724138379097,0.5412007804848253,0.6072910631164908
1781099335509289700,98.94928979492188,-0.3066752546429634,-0.3979647143304348,0.24941139867603776
1781099335534365000,98.97436499023438,-0.5762836381733417,-0.9377946448534726,0.16764292378872633
1781099335559441000,98.99944091796876,0.6025204877138137,0.1407574010811746,-0.5212736986130476
1781099335584515800,99.02451586914063,0.18852818316817282,0.6787042943365872,-0.9328241629645228
1781099335609591800,99.049591796875,-0.6511293280601501,0.3713901572681963,-0.11612813286781311
1781099335634667000,99.0746669921875,-2.246014839726686,-0.9045162062384188,1.4106275531634687
1781099335659742700,99.09974267578124,-0.6543897911608219,0.07814663112834096,0.007919102561473846
1781099335684817700,99.12481762695313,0.4006394864976406,0.6686309363506734,-1.2621171998679637
1781099335709894000,99.14989379882813,0.8606114519298076,0.43612201102823017,-0.060901627947390076
1781099335734968800,99.17496875,-0.2356464926958084,-0.17160568993985653,-0.33318829077631235
1781099335760044800,99.200044921875,-0.9222469471096992,0.3011057839475572,-0.6055170391812921
1781099335785119700,99.22511962890626,0.28621581946015356,0.8440934478491544,-0.30645196728110313
1781099335810196000,99.25019604492188,-0.371596931886673,0.751753163934499,-0.5244236870765686
1781099335835272000,99.27527197265626,-0.7330886493444442,0.4750425471834838,0.23229484418034552
1781099335860347000,99.30034692382813,-1.006103626447916,-0.31420579627826806,-0.530306899896264
1781099335885422800,99.3254228515625,-0.8908382478892802,-0.19226517773941157,-1.4136749580353498
1781099335910497800,99.35049780273438,1.338054192122817,0.8970927782393991,-0.6006795360222459
1781099335935573800,99.37557373046874,0.9611205753833055,1.8403832440301775,-2.458541738119721
1781099335960648700,99.40064868164062,-2.239711355668306,-0.5189981548964977,1.745938535182178
1781099335985725000,99.42572485351562,-1.5848866802215575,-1.1321427663467825,0.9899296134993434
1781099336010799900,99.4507998046875,-0.08394903379678725,0.8846985760904849,-2.0532719614729285
1781099336035875800,99.47587573242187,2.8180922583818435,0.749366707189381,-1.5369704983144998
1781099336060951000,99.50095092773438,0.31042320899963377,1.2477642648667095,-1.7725798738703131
1781099336086027000,99.52602709960938,-1.7439935385942458,-0.09032192982956766,-0.7893237467855214
1781099336111102000,99.55110205078125,-1.4491034142911434,0.3096675683267414,-0.5773012907832861
1781099336136177700,99.576177734375,-1.876975775629282,-0.42395007332786916,-0.7105994618996977
1781099336161252900,99.6012529296875,-0.14102642728090287,-0.344654126033932,-0.2605547239810228
1781099336186328800,99.62632885742188,1.0344038382589817,1.588847108285129,-1.3674679181337355
1781099336211403800,99.65140380859376,-1.9542402170956135,0.718036626163125,-0.7815458062604069
1781099336236479700,99.67647973632812,-3.1791146047621965,-0.5088030702270567,1.1085869725838302
1781099336261556000,99.70155590820312,-1.1962661328196524,0.16971929167136549,-0.5716451647177339
1781099336286631000,99.726630859375,-0.0007703998506069183,1.4864103777699171,-1.9368784556671976
1781099336311707000,99.75170678710937,1.4933037905454636,1.67274689611271,-0.517168016859889
1781099336336782000,99.77678198242188,-1.3860732498824595,0.8184688849881291,-1.3512158715128897
1781099336361857800,99.80185791015624,-1.1689841581404208,0.9200757405504584,-1.330549223320186
1781099336386932700,99.8269326171875,-0.6903793884307146,1.0800906536787747,-1.1414999388873577
1781099336412008700,99.8520087890625,-0.12111176649928092,0.2314711067073047,-0.7034916757211088
1781099336437084000,99.877083984375,-0.30622634183168407,0.3345416050814092,-1.7948989654451608
1781099336462160000,99.90215991210937,-0.40750761870145796,1.1915258064247667,-1.5828078281208873
1781099336487234800,99.92723486328126,0.24133915137946604,1.358955964245647,-1.334600252276659
1781099336512311000,99.95231103515626,-0.9729705876529217,0.46520139051824805,-1.492871828868985
1781099336537386000,99.97738598632813,-1.2824316736221313,-0.5612310304701328,-0.5432008682608604
1781099336562462000,100.0024619140625,-0.514202737313509,1.0509656814813613,-2.2415441240534184
1781099336587537000,100.02753686523438,-0.000367079746723175,1.8068077221646903,-1.6486302535966038
1781099336612612900,100.05261279296874,-0.8925836302518844,0.6514885167613625,-0.9948492419838905
1781099336637688800,100.07768872070312,-2.1061282301306723,0.4001920349910855,-0.91254739087224
1781099336662763800,100.102763671875,-0.8584685946822166,0.4094802339486778,-0.5046043033629656
1781099336687840000,100.12784008789062,-0.26213819378018377,1.1515497698672115,-1.5090595780819653
1781099336712915000,100.1529150390625,-0.40039749443531036,0.31374241655021906,-0.4018520771577954
1781099336737991000,100.17799096679687,0.5689630860269069,0.9462807336479425,-1.9036326041474938
1781099336763065900,100.20306591796874,-2.0308394726514813,0.5929432426817715,-1.8981448203861713
1781099336788142000,100.22814208984374,-0.40784313426613805,-0.48926031149774785,0.29145839628875253
1781099336813217000,100.25321704101563,-1.9062258355110882,1.640777348139137,-4.0505423419997095
1781099336838292700,100.27829272460937,-1.9451018018722532,0.21083982208892701,0.9807508662655949
1781099336863367700,100.30336767578125,0.8850193324774503,1.2146157362416385,-1.644491254095733
1781099336888444000,100.32844384765625,-1.1307669479489326,1.8072694944575427,-1.8380188529863952
1781099336913518800,100.35351879882812,-0.03637538171708583,-0.2967712618745863,-0.5922875552520156
1781099336938594800,100.3785947265625,-0.5093851078987122,0.9234697669029235,-1.5758865044251082
1781099336963669800,100.40366967773437,1.3626046960115432,1.9978005418807268,-3.284258110018074
1781099336988746000,100.42874609375,-0.08859539829790591,2.9317344196528197,-0.31612697359919545
1781099337013822000,100.45382202148437,-2.3962188451975583,-0.34235695500746366,-0.39452509527057406
1781099337038897200,100.47889721679688,-0.29716040732264515,0.8281435990452766,-1.7949568331122396
1781099337063972900,100.50397290039062,2.449495092833042,0.9707621178232133,-2.6040476489022373
1781099337089047800,100.5290478515625,0.4994646023869514,0.9850666836380958,-2.3913114916726945
1781099337114124000,100.5541240234375,-1.1015613117307423,0.15416282609924672,-1.5973074781164527
1781099337139199000,100.57919897460937,-1.393310799920559,1.548544031730294,-1.218876608556509
1781099337164275000,100.60427490234375,-2.6343969021975995,-0.794894386524707,0.15446429326385258
1781099337189350000,100.62934985351562,-2.0322604453653095,-0.5893395191013813,0.2164294587895274
1781099337214426000,100.65442602539062,-0.03842413094043731,1.3385429985530675,-2.369138238309324
1781099337239501000,100.6795009765625,0.32798984535038467,2.5400311038047074,-1.5162699478521942
1781099337264577000,100.70457690429687,-1.9553776966929435,0.8377532850421965,0.30786914060264825
1781099337289652000,100.72965185546875,-2.202663773778081,0.4900402098290622,-0.07938742496967315
1781099337314728000,100.75472802734375,1.8517858047932385,1.2033952540472148,-1.7352195727691053
1781099337339803000,100.77980297851562,1.810928309226036,1.4058723214603959,-1.6527695453584192
1781099337364878800,100.80487890625,0.474429529851675,0.29600188493728635,-2.936213026371598
1781099337389955000,100.829955078125,-0.6420610554635524,0.7211313773080706,-2.648138427302241
1781099337415030000,100.85503002929687,-1.0015233129203318,0.24667978175505995,-1.2049296240076421
1781099337440106000,100.88010595703125,-1.735516802150011,0.6131247377060354,0.19098025249540804
1781099337465182000,100.90518188476562,-1.1707377238094805,-0.8493389472872018,-0.03399082466810942
1781099337490257200,100.93025708007812,-0.20470833359658716,0.2213980409823358,-0.8248419271513819
1781099337515332900,100.95533276367188,0.025888474494218824,0.4218098464287817,-0.9101298083364963
1781099337540407800,100.98040771484375,0.09242226310968399,1.838468642580509,-1.1094199162766336
1781099337565484000,101.00548413085937,-0.6786188080102205,0.6915588074736296,-0.7515785380199551
1781099337590559000,101.03055908203125,-1.1749024422734975,0.30336160005033014,0.26267536939680575
1781099337615635000,101.05563500976562,-1.6292939772248267,-0.272026988979429,-0.310435776220262
1781099337640710000,101.0807099609375,-0.9348585914015769,0.17386194443404673,-0.4127385050922632
1781099337665786000,101.1057861328125,0.6123521458983421,1.1447066259741783,-0.32357933543175454
1781099337690861000,101.13086108398437,0.1426537362217903,0.979697996211797,-1.779652004213631
1781099337715937000,101.15593701171875,-1.5673147831737995,-1.0181539835952222,0.08335866668820381
1781099337741012000,101.18101196289062,-1.5393074168294667,-0.8150168448381125,-0.011001286485791205
1781099337766088000,101.206087890625,-0.8352946398437022,1.6762442367091774,-1.279891926011443
1781099337791164000,101.23116381835938,0.09623509939610958,1.264400780760497,-0.4964125213399529
1781099337816238800,101.25623876953125,-0.4235948301494121,0.6093444885149598,-0.2378250057786703
1781099337841315000,101.28131518554687,-1.100925936436653,-0.12917393079325556,-0.5143099970802665
1781099337866390000,101.30639013671875,-0.4934393507480621,0.0736589643202722,0.8482660573586821
1781099337891466000,101.33146606445312,-0.3463946860909462,0.4437656576491892,-0.2234212173730135
1781099337916541000,101.356541015625,0.41629181365966794,0.5328672519035637,-0.6267375218644737
1781099337941617000,101.38161694335938,0.635778614193201,1.045446771929413,-0.3426131217256188
1781099337966692000,101.40669213867187,-0.3600035247266292,0.9000520664364099,-0.053823944646120066
1781099337991767800,101.43176782226563,-0.6299439166903495,0.09911971492171287,0.3254319775611162
1781099338016842800,101.4568427734375,-1.1621183640241621,-0.4611214277282357,0.680389617075026
1781099338041919200,101.48191918945312,0.3877420110017061,0.4778346621200442,-0.30790041252374645
1781099338066994200,101.506994140625,1.4942431172221897,1.2666548432976006,-0.7345397249355912
1781099338092070400,101.5320703125,1.439055483007431,0.9892451383665204,0.055147594465315336
1781099338117146400,101.557146484375,-0.5964297696232795,-0.2753878437146544,-0.6194815593868493
1781099338142221300,101.58222119140625,-0.3909440219134092,-0.633096827763319,0.7109098430231213
1781099338167297300,101.60729736328125,0.4156558538436889,-0.21128829650878905,-0.08459230013638734
1781099338192372200,101.63237231445312,0.43799394237995143,0.969894541208446,-0.07289923199415206
1781099338217448200,101.6574482421875,1.3164198679417372,0.9690238958537578,-1.2456322212740778
1781099338242523100,101.68252319335937,0.013250526717305183,-0.01998188079893589,0.14660013576000927
1781099338267599400,101.70759936523437,-1.3106634963721036,-1.1232149251341819,0.8848863537475467
1781099338292674300,101.73267431640625,-0.8829191453278065,-0.8788532110631465,1.933086077646911
1781099338317750300,101.75775024414062,0.25773031421005727,1.9909587131619453,0.6554921994447708
1781099338342825200,101.7828251953125,1.0848539225578306,1.2500962149456143,0.452536262473464
1781099338367901400,101.8079013671875,-0.47788288517594335,-0.4694216385617852,0.1726581216022372
1781099338392976400,101.83297631835937,0.02971124765276909,-0.4989055071994662,1.113315170149505
1781099338418052000,101.85805200195313,0.8847884463310242,0.736050714020431,-0.5720265652507543
1781099338443128300,101.88312841796875,0.04576747944056987,0.22040537668317556,0.34553280856460333
1781099338468203300,101.90820336914062,0.8466916476488113,0.2004866242483258,0.009285422478616237
1781099338493279200,101.933279296875,0.6291933905839919,1.3703697770550847,-0.8668722658902406
1781099338518354200,101.95835424804687,0.14829846411049366,-0.27790742532014845,0.9391919444307685
1781099338543430400,101.98343041992187,-1.1079331848502159,-1.1521052117928863,0.8512062024638056
1781099338568505300,102.00850537109375,0.19705694206058977,-0.02624240249842405,1.2606202393084764
1781099338593581300,102.03358129882812,1.6819664137482642,1.858506637480855,-0.22531448377370833
1781099338618656300,102.05865625,0.28424831877946855,0.9853101370051502,1.383724348668754
1781099338643732200,102.08373217773438,-0.36383857284486293,-1.0353329358026384,1.1843863099336625
1781099338668807200,102.10880712890625,-0.5897048452824354,0.1265522039875388,1.7357845131754874
1781099338693883100,102.13388305664063,1.2110907769858836,0.1896849519878626,1.6915040574222802
1781099338718958000,102.1589580078125,-0.5225321742415427,0.756666508808732,-1.9288380648136139
1781099338744034300,102.18403442382812,0.5613865132927894,-0.14050123436301945,3.332993207092583
1781099338769109200,102.20910913085937,1.2257441562384366,2.179011095511913,-4.381760209485888
1781099338794185200,102.23418530273437,-3.244429080715775,0.8649044729486107,2.028822287610173
1781099338819261400,102.25926147460937,0.12318857277333736,-2.624591547498107,4.28775184622854
1781099338844336400,102.28433642578125,0.9001613720297813,2.899830045869946,-2.20685216537863
1781099338869412000,102.309412109375,6.955405413600802,0.5978478197276592,0.334729382738471
1781099338894487000,102.33448706054688,2.929965071892738,0.9425228424191474,-0.9698425187602638
1781099338919563300,102.35956323242188,-2.5087691195786,-2.564592129087448,1.4339315641224384
1781099338944638200,102.38463818359375,1.6390151607722043,-0.22342823163568973,0.291692497305572
1781099338969714200,102.40971411132813,-2.779651176306605,3.490360236060619,1.2386986226186156
1781099338994789400,102.43478930664062,-1.915690998470783,-0.9838201907083391,4.44788103338629
1781099339019865300,102.459865234375,-1.3056652496933936,-1.2177794609695671,2.1372665879771113
1781099339044939800,102.48493969726563,0.9361877941787242,0.24702479580044745,0.5840794066160917
1781099339070015700,102.510015625,3.267846781182289,1.7187085829511284,-0.8839090331479906
1781099339095090700,102.53509057617188,-0.2857160532444715,0.3852171686992049,0.9935589099124074
1781099339120166700,102.56016674804688,-1.239886078837514,0.632802228730917,0.6434858275696634
1781099339145242600,102.58524267578125,-1.5922914035201072,0.9847732536494731,1.1340297491371631
1781099339170317600,102.61031762695312,0.2626747848749161,1.103207033111155,1.6031787082374096
1781099339195393800,102.63539379882812,0.3456307159811258,1.051505195185542,1.415446351622045
1781099339220468700,102.66046875,0.7587228568166494,0.22092706246972083,-0.08395020284056663
1781099339245544700,102.68554467773437,0.20322072538733482,0.9448051081374287,-0.7382403330191969
1781099339270619600,102.71061962890624,1.8876497298568486,1.304959439511597,-0.1318961953639984
1781099339295696000,102.73569580078124,1.0402654237687587,2.0485440561681987,0.09637947630286216
1781099339320770800,102.76077075195313,-0.8082645940989256,-0.23065876741111277,1.676494704338908
1781099339345846500,102.78584643554687,-0.28551147058308124,0.2264619002431631,0.9830489140748977
1781099339370921700,102.81092163085937,1.6413333745867014,1.0831813131704926,-0.12014672085940838
1781099339395997700,102.83599780273437,2.0422025781869886,1.783767915099859,-0.9110171125650406
1781099339421072600,102.86107275390626,-1.3503449338972568,-0.210499484218657,0.8635691326916217
1781099339446148600,102.88614868164062,-2.3179221380740405,-0.28888094701617956,1.605750020030141
1781099339471224800,102.91122485351562,-1.3326333361178635,1.3684265340328217,0.9202531429439783
1781099339496299800,102.9362998046875,-0.5681190364181995,1.4635893280223011,1.10145375970304
1781099339521375700,102.96137573242187,-1.3588801225304603,-0.0793742732271552,2.1981138553887605
1781099339546450700,102.98645068359374,-1.6490063934326171,-0.26470073774456976,1.7469310533508657
1781099339571526700,103.01152661132812,0.5910007303118705,0.7053802659466862,-1.2050807229161262
1781099339596601600,103.0366015625,1.2073930915117264,1.2146414552047848,-0.3048348874732852
1781099339621677600,103.06167749023437,0.3819558288156986,0.5314616228893398,1.0322241561323404
1781099339646752500,103.08675244140625,-0.7579355058312416,0.5211743298918009,-0.6127157185137272
1781099339671828700,103.11182885742187,-0.9702794488728046,1.5819748844280839,1.1649240690946578
1781099339696903700,103.13690356445312,-0.07836451166272163,1.2983937973856925,-0.07958440884649753
1781099339721979600,103.16197973632812,-0.8736626566827297,0.7280757896184921,1.9279837860718367
1781099339747054800,103.18705493164063,-0.8756547072827815,-0.4572317268133163,1.6026479623615741
1781099339772130800,103.212130859375,0.5586468591958285,2.7500688157305118,-1.6134683393225073
1781099339797205800,103.23720581054687,2.4811095437586306,1.512536898803711,0.04338789082765579
1781099339822281500,103.26228149414062,0.1765162583351135,1.0218412938058377,-0.9100734019741415
1781099339847357700,103.28735766601562,-1.6373866827875374,-0.6534507567450404,-0.27745500537753104
1781099339872432600,103.3124326171875,0.8948135812610387,2.0358605156838894,-0.2739794382214546
1781099339897508600,103.33750854492187,0.20458266139030457,1.7741944694600997,-1.7562097538277506
1781099339922583800,103.36258374023437,-1.831109511989355,0.03733472826853394,2.029536281098425
1781099339947659800,103.38765966796875,-1.8835504778444765,-0.6504667724981904,1.371418993847072
1781099339972734700,103.41273461914062,-0.3851718682527542,3.0444685261681674,-1.2754311472103
1781099339997810700,103.43781079101562,0.3488075924515724,0.31868133425712586,1.9081573880955576
1781099340022886000,103.46288598632813,-2.0299054066717623,0.5224249144747853,0.4140960571810603
1781099340047962600,103.48796264648438,-1.0644926870524882,0.667685326063633,-0.38355391166210173
1781099340073037600,103.51303759765625,1.609811862641573,2.4148579330854116,-0.6124953537613154
1781099340098113500,103.53811352539063,0.9044874185353518,2.5153873686745762,-0.3642740416526794
1781099340123188500,103.5631884765625,-0.4130383648216724,0.21107143888771532,-0.38520080208629365
1781099340148264700,103.5882646484375,-1.329465811997652,0.1761839576408267,-1.0191910715579986
1781099340173339600,103.61333959960938,0.6395078638494014,0.5140509077526628,-0.06666413699686527
1781099340198415600,103.63841552734375,1.8089315824508665,1.8851045754186808,-2.5237457394361495
1781099340223491600,103.66349169921875,-0.6818354319691657,0.962449485899508,0.7979165108248591
1781099340248566500,103.68856640625,-1.3332587745398283,0.07906608406081796,0.3061442165061831
1781099340273642500,103.713642578125,-2.5132863047420977,0.0027722411923110485,0.32976766867786644
1781099340298717400,103.73871752929688,-0.2229635367333889,-0.6244590555384755,0.5579746590226888
1781099340323793700,103.76379370117188,0.5081272167921066,2.3201835071347654,-0.5740770680397749
1781099340348868600,103.78886865234375,0.5823907228767872,1.0039750899866222,-0.18451894752681255
1781099340373944600,103.81394458007813,-2.0258897412896153,0.6949206851221621,-0.2763353536978364
1781099340399019500,103.83901953125,-2.7658085289150476,-0.2799386388868093,0.2442255204707384
1781099340424095700,103.864095703125,-1.3858043698132037,1.0751973286792635,-0.2641325824677944
1781099340449170700,103.88917065429688,0.8213923712193966,2.75920167799592,-0.39747254689931866
1781099340474246400,103.91424633789063,-0.2466296590030193,0.5866165238782763,-0.11457096655368804
1781099340499321600,103.93932153320313,-1.5515665944218635,0.7162951893232763,0.2003022075921297
1781099340524397600,103.9643974609375,-0.8385060031056404,0.7505594241052865,-1.1072384805843234
1781099340549472500,103.98947241210938,0.07584229970872401,1.880602003302425,-0.9940312035992741
1781099340574548500,104.01454858398438,-0.08508183721899985,1.1677712752193212,0.03998977282196283
1781099340599623700,104.03962377929687,-0.03125438544154167,1.5910878729492426,-0.24383242949992417
1781099340624699600,104.06469970703125,-0.2642366273641586,1.162027470870316,-0.033306934057176114
1781099340649775600,104.08977563476563,-0.37306875800490374,0.6739033237956464,0.24958383263349532
1781099340674850800,104.11485083007813,-1.1570692639410496,0.518119326235354,-2.0345070552483198
1781099340699926500,104.13992651367188,0.13452537482380866,0.8292698265962303,-0.1994961519062519
1781099340725001500,104.16500146484375,-0.7159586508452892,1.1576057089053093,-0.7623831328898668
1781099340750077400,104.19007739257812,-0.9184002085536718,1.9730717588156461,-0.21075492028445003
1781099340775152600,104.21515258789063,-1.376325762850046,0.31109687047749757,0.25228198567628857
1781099340800228600,104.240228515625,-0.5478372958898544,2.085092602495104,0.30172347745448347
1781099340825303600,104.26530346679688,0.7509270883738994,0.8671564896591007,-0.28475685282349583
1781099340850379500,104.29037963867188,0.6767945151925087,1.5053477179519832,-0.8095610636502504
1781099340875454700,104.31545483398438,-0.34566403372883797,0.5729353506587446,-0.9364248178049921
1781099340900530700,104.34053076171875,1.349863287860155,2.015602594422549,-1.977961868944764
1781099340925605600,104.36560571289063,0.7296914081215858,0.5683505070865154,-1.4029440129235387
1781099340950681600,104.390681640625,-0.14543255328536034,0.756343852725625,-1.0144552752077578
1781099340975756500,104.41575659179688,-1.4381179098963737,0.3091268855787814,-1.0591954574272036
1781099341000832500,104.44083251953126,-1.0282155050128698,1.583681103824079,-0.7418444949910045
1781099341025907500,104.46590747070313,-1.3586112424612045,0.13267419399917124,0.980748820438981
1781099341050982700,104.49098266601563,-0.6536147151350975,0.603065700506419,-0.11357201864421367
1781099341076059000,104.51605883789063,-1.1777128235191106,0.2567323892138898,-0.5879337439566851
1781099341101133800,104.5411337890625,-0.7283224578559399,0.9109801415555179,-0.5679711523801088
1781099341126209800,104.56620971679688,-1.9102981995165347,1.0048328758597374,-0.18002777358740568
1781099341151284700,104.59128466796875,-0.0922515827178955,1.4661911810837684,-0.6052975512117147
1781099341176361000,104.61636083984375,-1.1515712510466576,1.4338582066252827,0.1234311493575573
1781099341201436000,104.64143579101562,-1.3372013746857643,1.0397953220389782,0.5213172454938292
1781099341226511600,104.66651171875,-1.590287077960372,0.3203093738503754,-1.093064701542258
1781099341251586600,104.69158666992188,-0.7453191853642464,1.1709535585172475,-0.2714531346142292
1781099341276662800,104.71666284179688,0.7118512155264616,1.5394623151302336,-1.4867168133705853
1781099341301737700,104.74173779296875,0.865427912300825,2.001894387065619,-1.0877172030344604
1781099341326813700,104.76681372070313,0.005154898545145988,1.0127325430683791,-0.9136097594067454
1781099341351888600,104.791888671875,-1.008130748361349,1.3957000331446527,-0.8563336284801364
1781099341376964900,104.81696484375,0.17990882338285444,0.2637038356617093,-1.0439534646317363
1781099341402039800,104.84203979492187,-0.07074234622120856,1.6088503241330385,-0.7378381819590926
1781099341427115800,104.86711572265625,0.7264484806776046,1.7067540873937308,-0.5172673855811357
1781099341452190700,104.89219067382813,-0.14907295561432837,2.6708324896693227,-1.3568641065329312
1781099341477266700,104.9172666015625,-0.9218903887569904,0.879365252238512,0.5606611216276883
1781099341502341600,104.94234155273438,-0.8738543798625469,1.419836403274536,0.10941168409436941
1781099341527417600,104.96741748046875,0.03399111692905426,0.8242508293904364,-1.430892342557013
1781099341552493800,104.99249389648438,-0.8484896369814873,0.8752737451411783,-0.3902884806141257
1781099341577568800,105.01756884765625,-0.43823827252984043,1.4915335660025477,-1.3112737372249363
1781099341602644700,105.04264477539063,-1.1920926465272903,1.4539270350553095,-1.2633835665419697
1781099341627719700,105.0677197265625,-2.2770424306750296,0.5009714998185635,0.09928045844137669
1781099341652796000,105.0927958984375,-2.8059844719588756,1.0607720590941607,0.6140589498162269
1781099341677870800,105.11787084960937,0.011317512828111649,1.9997635125167668,-0.231521813981235
1781099341702946600,105.14294653320313,0.92176062489748,2.125291049631685,-0.7431716519415378
1781099341728021800,105.16802172851563,-0.9768903914451599,0.6099257955342531,0.4600236956194043
1781099341753097700,105.19309765625,-1.5051765991687773,0.09228826146647333,-1.0894336515635252
1781099341778172700,105.21817260742188,0.9794383223623037,1.1725248994871973,-0.7738803861990571
1781099341803248600,105.24324853515625,2.494434304755926,1.7212864706151187,-1.7760379053696989
1781099341828323800,105.26832373046875,-0.371550170135498,1.1938415360212324,-2.175120810075104
1781099341853399800,105.29339990234375,-2.7301906875669957,0.4578539503648877,0.0010848726272583008
1781099341878474800,105.31847485351562,-2.7973639431297777,-0.680510905367136,-0.1978071759060025
1781099341903551000,105.34355102539062,-1.5420996778964995,1.702202269308269,-0.199391522487998
1781099341928626000,105.3686259765625,2.382930909079313,2.5896792240709066,-0.4718740001499653
1781099341953701600,105.39370166015625,0.11647943052351474,1.9555887090951203,-0.07788754180073737
1781099341978776600,105.41877661132813,-2.7085850049585103,-0.11217355002313852,-0.17493717245012522
1781099342003852800,105.44385278320313,-1.6687188096404075,-0.29880203704982994,-0.3886620484560728
1781099342028928800,105.4689287109375,1.005047979915142,1.711460657649487,-0.9831170108750462
1781099342054004500,105.49400439453125,2.2409563872933385,1.683414712860435,-0.6314493528172374
1781099342079080400,105.51908056640625,-1.49541742169857,1.5615924600042401,-0.6969710417807102
1781099342104155400,105.5441552734375,-1.6405577140390872,0.18687237878516316,-0.32013737828433514
1781099342129231400,105.5692314453125,-2.2250375181496143,0.060954234917461866,0.7453688697248697
1781099342154306300,105.59430639648437,2.169602631175518,1.730747980313003,-0.9331927040159702
1781099342179382300,105.61938232421875,2.948589108341932,1.8519132305651902,-1.6909756496340036
1781099342204457200,105.64445727539062,0.6860603561878204,0.5576442580245435,-0.6064250939369201
1781099342229533400,105.66953344726562,-2.4436083728820086,-0.3765006321497261,-1.7686223684161901
1781099342254608400,105.6946083984375,-1.2800994312822818,0.13968290371745823,-1.4017808143630623
1781099342279684400,105.71968432617187,0.18368600383400915,0.8985163813017308,-0.476374818700552
1781099342304759300,105.74475927734375,-0.38261224689781664,1.3425504806287585,0.38347967738211153
1781099342329835500,105.76983544921875,-1.3391735515415668,1.6976939981035888,-0.6014861762300133
1781099342354910500,105.79491040039062,-2.9683143840312955,0.30609292471036315,0.8313590539604425
1781099342379986200,105.81998608398438,-3.2007460063338278,-0.18176555716544388,1.647652640736103
1781099342405061400,105.84506127929687,-1.889416739529371,-0.5714934812873601,-0.037708383886516095
1781099342430137300,105.87013745117187,1.7836662082910537,2.0570058873042463,-1.1664669146224855
1781099342455212300,105.89521240234374,1.913992377859354,2.123720877705514,-0.11704992388784885
1781099342480288300,105.92028833007812,-1.7351824556291102,1.2679659258961677,-0.9412541376575827
1781099342505364500,105.94536450195312,-2.474644731658697,0.04670461416020989,0.2873027379140258
1781099342530439400,105.970439453125,-1.6170038199722765,0.5832885484993457,1.3605275974765418
1781099342555515400,105.99551538085937,1.624101084756851,1.46300392934978,-0.9053896280720829
1781099342580590600,106.02059057617187,3.639887365183234,1.8447258032791316,-0.6758265469431877
1781099342605666300,106.04566625976562,1.5790274327993392,1.1168953667238355,-0.6353253174677491
1781099342630741200,106.0707412109375,-3.4835388656079767,-1.414628459367901,-1.824678602159023
1781099342655817200,106.09581713867188,-0.951332171818614,-0.2550466280840337,0.2487958971261978
1781099342680892400,106.12089233398437,2.345475915431976,1.9118286239542066,-2.44402484472841
1781099342705968400,106.14596850585937,0.16963877378106115,2.489803137823939,-0.4804445523574948
1781099342731043300,106.17104321289062,-3.345184872406721,-2.0207623152732848,3.0594118282780047
1781099342756119600,106.19611962890625,-1.5145441469728946,0.3098522772438824,-1.1397826135754585
1781099342781194500,106.22119458007812,2.399533668833971,0.9772853821121156,-0.643201457670331
1781099342806270500,106.2462705078125,4.084174854749441,2.4031246790632603,-0.0782002610117197
1781099342831345400,106.27134545898437,-3.6685400436937807,-0.14270225153863428,-1.083687801387906
1781099342856421400,106.29642138671875,-1.296225805696845,0.7882599169462918,0.11544482677876948
1781099342881496300,106.32149633789062,-0.8403811493277549,2.2838700847379863,-0.2721940161094069
1781099342906572300,106.346572265625,0.6148258425354958,1.761246286690235,0.8228571830749511
1781099342931648500,106.3716484375,-0.9342425053298473,-0.2401695230782032,0.384045786832273
1781099342956723500,106.39672338867187,0.5069184255242347,0.9489205806322395,-0.5499234545141458
1781099342981799400,106.42179931640625,3.060405807751417,2.4677307144865392,-2.075244139306247
1781099343006874400,106.44687426757812,2.809513815128803,3.208827021458745,-2.089317672844231
1781099343031950600,106.47195068359375,-1.2379571566015481,-0.24422727403640745,0.42243513872027394
1781099343057025800,106.49702587890626,-0.781756526401639,-0.04492386822327971,-1.2985241457670926
1781099343082101500,106.5221015625,2.111886355265975,-0.2959730972342193,-1.6606342873841524
1781099343107176400,106.54717651367187,2.859111666512489,1.166872572813928,-2.4473317773193117
1781099343132252700,106.57225268554687,-0.823166979676485,1.043120228677988,-1.7738509167194365
1781099343157327600,106.59732763671875,-3.2698902697086334,0.5781745664864778,0.2477130703255534
1781099343182403600,106.62240356445312,-3.9996611728072162,0.05771583751812577,1.855181000189483
1781099343207478500,106.647478515625,-2.142559141427278,-0.12044818802401423,1.96863494541198
1781099343232554800,106.6725546875,1.854451809132099,1.1979958792217076,-0.05900660798102617
1781099343257629700,106.69762963867187,2.2622376602530476,1.571755249839276,-0.839914700859785
1781099343282705700,106.72270556640625,-1.273403733035922,0.7488730784535408,-0.5013400408700108
1781099343307780600,106.74778051757812,-2.5380150878071785,-0.11192089043632149,-1.2513672577947377
1781099343332856600,106.77285668945312,-1.1341875700473785,1.2148929457478224,-1.429792272360623
1781099343357931500,106.797931640625,0.919699600714445,0.6873407513871789,-0.38216421086937186
1781099343383007500,106.82300756835937,0.43019642037153244,1.1915107549861073,-0.27472645719647404
1781099343408082400,106.84808251953125,-1.4447089787244796,-0.8896711038060485,-0.6555825080767274
1781099343433158700,106.87315869140625,-1.7181576710700988,0.44683936600610613,-1.1995613749727605
1781099343458234600,106.89823461914062,0.2737140652835369,0.7450916602186858,-0.8473530341669917
1781099343483309600,106.9233095703125,1.2186422152787446,2.186922307027876,-1.1218035970315337
1781099343508385500,106.94838549804687,-0.7596540001869201,-0.2525325994364917,-0.25386253286600113
1781099343533460700,106.97346069335937,-1.6964122877299785,-0.0907325564570725,1.2942235259637236
1781099343558536400,106.99853637695313,-0.29030747268795964,0.697710900362581,-2.084580999711156
1781099343583611400,107.023611328125,0.9090601332783699,0.5216998150706291,-0.8064262727558612
1781099343608687600,107.0486875,-0.13117840248346327,0.7325655022531747,-0.05128068990409374
1781099343633762600,107.07376245117187,-1.305774555286765,0.590475829654932,-1.8206684897348284
1781099343658838500,107.09883862304687,-1.0072212323009968,-0.8440396718353033,-0.13568857338428497
1781099343683913500,107.12391357421875,-2.959508561763167,-1.2718253778032957,-1.5137901137351988
1781099343708989700,107.14898974609375,-3.1520629317075013,-1.4558053961478172,1.1662594093516467
1781099343734064600,107.17406469726562,0.9863841959774493,3.232098883713782,-2.4896909096211193
1781099343759140600,107.199140625,-3.378801895326376,3.1724732670515774,-1.6081532817795872
1781099343784215800,107.2242158203125,-5.629266115677356,-1.3510365694232285,6.553155569297075
1781099343809291500,107.24929150390625,-2.4387924970328805,-2.4261421281658113,1.4309236144781112
1781099343834366500,107.27436645507812,5.603308667600155,2.9126518257811664,-2.0344725684568283
1781099343859442400,107.2994423828125,11.27819437867999,1.8539495586983858,-0.4960910343006253
1781099343884517600,107.324517578125,-5.63871491202414,-0.33440950313434004,-5.79811695395112
1781099343909593600,107.34959350585937,-1.2815338479995726,-0.7950915165320038,-1.767529312482476
1781099343934669600,107.37466967773437,-0.7276514267265797,2.186499405440688,-3.0512726532250642
1781099343959744800,107.39974487304687,-0.24278116688132284,1.1014577052257954,0.3398100470036268
1781099343984820500,107.42482055664063,0.2511784083485603,0.7480420344568789,0.8127025765463709
1781099344009895700,107.44989575195312,-2.1865081732690332,-0.17322686140090227,-0.38290538462549445
1781099344034971400,107.47497143554688,-2.8321336432158946,0.7626713021814823,0.9973495343670249
1781099344060045800,107.5000458984375,-1.1780898401379585,0.7460990836955607,-0.35010435426384207
1781099344085121800,107.52512182617187,-1.223800036433339,1.657848456057906,0.6670607644245028
1781099344110196700,107.55019677734376,-1.1631143893241882,1.3935036921441555,1.3265063776701689
1781099344135272700,107.57527270507812,-2.379679798328876,1.8817673938199877,0.20060615897476672
1781099344160348000,107.60034790039063,-1.053030797317624,2.2772332770720123,-0.1514265330031514
1781099344185424000,107.625423828125,-0.004760346269607543,1.4449109310373662,0.33678543848544357
1781099344210498800,107.65049877929688,-1.256599897751212,0.5794686979502439,-1.2104644617810845
1781099344235574800,107.67557470703125,0.14906944848299025,0.12065204003304242,-0.8339081539213656
1781099344260650000,107.70064990234376,1.4448667996346949,0.9346563468277453,-2.1015455785155295
1781099344285726000,107.72572583007812,-0.1397965932250023,1.2636352032154798,-3.3460347672343254
1781099344310801000,107.75080078125,-0.5233084193110465,0.9791602360732853,1.03608550773561
1781099344335876900,107.775876953125,0.42325288484394546,1.5705169402159749,-2.014946614731848
1781099344360951800,107.80095190429688,-1.1620669260978698,2.696448576962948,-1.0131129206880927
1781099344386027800,107.82602783203124,-1.3665186545848846,-0.8887119033850729,2.988785801912844
1781099344411103700,107.85110375976562,1.5845377206534146,2.2233945732481777,-4.279122549571096
1781099344436179000,107.87617895507813,4.525543826520443,1.1158636855885387,-1.4462372112050652
1781099344461255000,107.9012548828125,0.47611061480641365,2.86619724085927,0.9181073630869389
1781099344486329900,107.92632983398437,-3.1171418404519557,-1.470493700583279,-1.2452259785607456
1781099344511405800,107.95140576171875,-1.774189354893565,1.16714846714586,-1.1805913015648721
1781099344536481000,107.97648095703126,1.4513164141654968,1.2595526100769638,0.4153355358481407
1781099344561556700,108.001556640625,0.05151625222563743,2.3512762722738088,-1.2802198427915572
1781099344586631700,108.02663159179687,-2.199566392284632,-0.10054594833254814,0.7256298577710986
1781099344611708000,108.0517080078125,-3.1226538818717002,-0.6566989448860288,0.638218116299808
1781099344636782800,108.07678295898438,-0.4710790503799915,2.0577800865471363,-1.6531345792785286
1781099344661858800,108.10185888671874,3.3018273767173287,2.2448601167336104,-1.4149194051384926
1781099344686933800,108.12693383789062,-0.6538198823183775,2.040897486937791,0.6217489197969436
1781099344712010000,108.15201000976562,-4.517272841781377,-1.1753132150314747,0.07388619720488786
1781099344737085000,108.1770849609375,-2.9253485180079934,-0.4472146290592849,0.15194588070213794
1781099344762161000,108.20216088867187,0.7543430342972278,1.642747625298798,-1.17047761156857
1781099344787235800,108.22723583984374,2.866810988843441,2.925942392247915,-1.6448153714835643
1781099344812311800,108.25231176757812,-1.5613713645994662,2.1854532573886214,0.6043778060182928
1781099344837386800,108.27738671875,-3.717611240854859,-0.04811228900104761,0.2570321028128266
1781099344862462700,108.30246264648437,-0.9501321483790874,1.3738560117356478,-1.229126784414053
1781099344887539000,108.3275390625,3.8512434662312267,2.0675639600671825,0.06341770242154599
1781099344912614000,108.35261376953125,2.338611290359497,1.5298153658628464,-1.4593626502379775
1781099344937689900,108.37768994140625,-1.5245944163441658,-0.227452372585237,-1.1757941304162145
1781099344962764800,108.40276489257812,-0.7428063257604837,0.6356820219509303,-1.2425313326492904
1781099344987840800,108.4278408203125,0.32019290786385535,0.7280133919067681,-1.4708487976312636
1781099345012916000,108.452916015625,-0.7099357372939586,1.1062927241668103,-1.1926233924031258
1781099345037991700,108.47799169921875,-3.401200774139166,-1.3683645747125148,2.6548279880687593
1781099345063067400,108.5030673828125,-1.6209855830848217,0.7575698873892426,0.4184855243116617
1781099345088143400,108.52814331054688,1.8155507083296776,2.0537553610756993,-2.036817378017306
1781099345113218600,108.55321850585938,0.8135071709275246,2.7322978889793155,1.2351420991808175
1781099345138294500,108.57829443359375,-5.257292751693726,-0.620737404666841,0.1581260306417942
1781099345163369500,108.60336938476563,-2.9692309143543243,-0.17946867839992045,-0.5261471498683095
1781099345188445700,108.62844580078125,3.833663385877013,2.584687407132983,-1.3893804747343061
1781099345213520600,108.65352075195312,3.096222971063852,2.7999183037877082,-1.2816133429765701
1781099345238596400,108.67859643554688,-3.0530805794298645,0.5116366862177848,-0.6962947499543428
1781099345263671300,108.70367138671875,-3.600946516892314,-0.42773470643311734,-0.13753303220719099
1781099345288747500,108.72874755859375,0.5256693032234907,1.5679855220422148,-1.0360571584239602
1781099345313822500,108.75382250976563,2.3918857844293115,1.0475821765229105,-0.4455500568479299
1781099345338898400,108.7788984375,0.6732312697529792,0.99416009067595,-0.3286082695096731
1781099345363974700,108.803974609375,-1.2313164034128188,1.0462772314041853,-0.5496756172329187
1781099345389049600,108.82904956054688,-0.2178571535050869,1.401173496119678,-1.1276637212365865
1781099345414125600,108.85412548828126,-1.4939017564386128,0.8991273528069257,0.23166063793003558
1781099345439200500,108.87920043945313,-2.3321289426028726,-0.0977197849959135,0.5529924866959453
1781099345464276500,108.9042763671875,-0.5483323859304189,0.7818246232017875,-0.5467801880523562
1781099345489351400,108.92935131835938,1.9310428813815115,2.155504255457222,-0.710531949621439
1781099345514427400,108.95442749023438,1.1624614783734082,1.954223850482702,-1.558971609981358
1781099345539502300,108.97950244140625,-3.7448528835237025,-0.013128069381415843,1.3870456020459532
1781099345564578600,109.00457861328125,-2.2851181851029394,-0.6175485454976558,0.4751949612662196
1781099345589653500,109.02965356445313,0.10893617553710937,0.6310410642772912,-1.7846765543773768
1781099345614729500,109.0547294921875,2.912565024280548,1.3988073515102266,-0.3378820015504956
1781099345639804400,109.07980444335938,0.42368952269554133,1.463994401691854,-0.9819821616262197
1781099345664880600,109.10488061523438,-1.321160924988985,1.2585016397193074,-1.9539809816375373
1781099345689955600,109.12995556640625,-2.8325884012460705,0.10685206273943185,1.3904156630009412
1781099345715031300,109.15503125,-1.2049883684575557,0.6334405266344547,0.11547609869986772
1781099345740106200,109.18010620117188,1.925267805111408,0.9087687491163611,-1.1141644804552198
1781099345765182500,109.20518237304688,3.118316144928336,1.8306085767298936,-0.8779197296053171
1781099345790258400,109.23025854492188,-1.0489818141877651,0.9697413964733481,-1.1209276909798382
1781099345815333400,109.25533349609375,-1.5035866996288298,0.8926134408682584,-0.969344213849306
1781099345840409600,109.28040966796875,-0.7853840692490339,0.8903773523792624,0.040346331174671644
1781099345865484500,109.30548461914063,-0.2503741062283516,0.6608768150925636,0.7658800350949168
1781099345890560500,109.330560546875,-0.18224924902915954,0.6442489208966493,-0.4647770276263356
1781099345915635500,109.35563549804688,-0.15608838733434677,1.4910884525835513,-0.33332331533282994
1781099345940711400,109.38071142578124,-0.22059680760204792,1.04652010024935,-0.6951780208840966
1781099345965786400,109.40578637695313,-0.19305705876946447,1.1812336911216377,-0.8761062504425644
1781099345990862300,109.4308623046875,-1.3909002316474914,0.3108832277268171,0.8274795821785926
1781099346015937500,109.4559375,-1.1339186899781226,0.010581892029941082,0.556245643272996
1781099346041013500,109.48101342773438,0.09995207409262656,0.5019108264952897,-1.0733327038511633
1781099346066088200,109.50608813476562,0.7648182510823011,0.5247656323820352,-0.8288035242587327
1781099346091164200,109.5311640625,-0.6108019938468933,0.6859630332931875,-0.41455899851769207
1781099346116239400,109.5562392578125,-1.147752569541335,0.6545858982548117,-0.49127486619055266
1781099346141315300,109.5813154296875,-0.8150181600123644,0.993387937259674,0.3321381972014904
1781099346166390300,109.60639038085938,-0.5560048202544451,0.7258864628806709,1.0727326921314
1781099346191466000,109.63146606445312,-1.6106044743239878,-0.3391305403068661,0.5006432907775045
1781099346216541200,109.65654125976563,-1.4918682047843932,0.010459142433106899,0.23724925171732902
1781099346241617200,109.6816171875,0.044645197412371634,1.121775247719884,0.041371582569181914
1781099346266692000,109.70669213867187,0.7891320236057042,1.5290566564500332,-0.7648983305811882
1781099346291768300,109.73176831054687,-0.9185627056390047,0.7339148710355162,0.20420213764011858
1781099346316844300,109.75684423828125,-1.772124823579192,-0.09378653720021247,1.2422235818743705
1781099346341919200,109.78191918945312,-1.3194272330641745,0.1454167711943388,0.12084990069270134
1781099346366995200,109.8069951171875,0.8500567401677369,0.3986863066032529,-0.2458741644605994
1781099346392070400,109.8320703125,1.281895082527399,0.627197832852602,-1.1386354893669486
1781099346417146000,109.85714599609375,0.18900398398637772,0.300428176946938,-1.187693242524564
1781099346442221000,109.88222094726562,-0.4973609081059694,0.7238318684384226,0.005679214680194855
1781099346467297300,109.90729736328124,-0.4947252989053726,0.1946092566475272,0.2817179235190153
1781099346492372200,109.93237231445312,-0.5031213713288307,0.09118804513961076,0.5980073942035437
1781099346517448200,109.9574482421875,-0.39756490135788913,-0.09208440945744514,1.7403803165331482
1781099346542523100,109.98252319335937,-0.07624737337827682,0.7660702969700097,-0.0035930560559034345
1781099346567599400,110.00759936523437,0.3118038497030735,0.3677165833219886,-0.6224021230086684
1781099346592674300,110.03267431640624,-0.3890297127246857,0.38010494025200603,0.14011954156905412
1781099346617750300,110.05775024414062,-0.5108242007911205,0.3255380682840943,-0.2509659346416592
1781099346642825200,110.0828251953125,0.3998492129027843,0.6020496553316712,-0.7569877035871148
1781099346667901200,110.10790112304687,0.29588088890612124,0.9689294955685734,0.6266179871380329
1781099346692976000,110.13297607421875,-0.5639379513412713,0.26728432449698447,0.4031400711417198
1781099346718052000,110.15805200195312,-0.2925233951717615,-0.08902589866966008,0.051214931191504
1781099346743127000,110.183126953125,-0.0443634578615427,0.27127923935204745,-0.41699499349296093
1781099346768203300,110.20820336914062,-0.23518588944673538,0.9262479994446039,0.8243909685134887
1781099346793279200,110.233279296875,1.5434697972059248,1.802112257824838,-1.0530787281125784
1781099346818354200,110.25835424804687,1.9815999331861733,1.3307716338992117,0.5109665318712592
1781099346843430400,110.28343041992187,0.6499439176678657,-0.19333762927651404,-0.15125322226285934
1781099346868505300,110.30850537109374,-1.0078425790697336,-1.5610069152012467,0.3373547628059983
1781099346893581000,110.3335810546875,1.0299152946680783,-2.012018452325463,-0.7615142411008476
1781099346918656000,110.35865600585937,2.4298259312450883,-0.3806824478790164,-2.663104818026721
1781099346943732200,110.38373217773437,0.645327363783121,-0.16143120966702698,-3.0676857356265184
1781099346968807200,110.40880712890625,-3.7369407952249047,-0.09023556672036648,0.904156871406734
1781099346993883100,110.43388305664062,-2.3434312578618526,-1.412697345174849,2.0141993034958836
1781099347018958000,110.4589580078125,-1.1444722326964138,0.35175592086315155,0.38411329911053177
1781099347044034300,110.48403442382812,2.0974878275573254,-0.851323106841743,1.6916610015496611
1781099347069109500,110.50910961914063,0.32823183741271494,-0.3469306926637888,1.5843682093054055
1781099347094185500,110.534185546875,-1.604032110196352,0.021382102985680104,0.3743275258943438
1781099347119260700,110.5592607421875,0.12096212889552116,0.8751903046414256,-0.43001171145439143
1781099347144336400,110.58433642578125,0.024822891089320183,0.8457619655832648,0.2528244219899177
1781099347169412400,110.60941235351562,0.07523147433400154,0.4391276225849986,1.5625851243034004
1781099347194487600,110.63448754882812,-0.19975626414716244,-1.308103875017166,0.11778905181735753
1781099347219563500,110.6595634765625,-0.8821826477468013,-1.0716486962869762,-0.8454933777749538
1781099347244638500,110.68463842773437,2.1240467486590147,0.7947451873123645,-1.388269590882957
1781099347269714400,110.70971435546875,2.4002976389437913,1.0598346321135759,-1.43046856418699
1781099347294789600,110.73478955078124,0.3506652030169964,0.762063691677153,-1.1500804279670118
1781099347319865300,110.759865234375,-1.4488438865721225,-1.3860074911698699,2.643557821513712
1781099347344940500,110.7849404296875,-0.33818741423785686,-0.3263347716197371,0.5296297312870621
1781099347370016500,110.8100166015625,2.3689281026899813,-0.9689745037540792,-0.7957794987961649
1781099347395091500,110.83509155273437,2.4280507382661103,0.5098045023545622,-0.2015396404325962
1781099347420167400,110.86016748046875,-0.22710019814670085,0.40292818195670843,-0.0412546781912446
1781099347445242400,110.88524243164062,-2.3287685262590645,-0.6528796788588166,0.2061579478830099
1781099347470318600,110.91031860351562,-1.500475874131918,-0.0642184974104166,1.0096426142290233
1781099347495393500,110.9353935546875,0.37200609720945355,0.3044029257968068,1.1422726768255234
1781099347520469500,110.96046948242187,-0.16482874315083026,-0.5939233397603034,1.8375687711313367
1781099347545544400,110.98554443359374,-2.5932337016820908,-0.11119652168452739,1.2662538612812757
1781099347570620400,111.01062036132812,-1.5479910740226506,-0.264248902323842,1.7612717133924365
1781099347595696400,111.0356962890625,1.0565507881373166,1.7673975027963518,-0.9917287718757987
1781099347620771300,111.06077124023437,1.411725577533245,1.079157756742835,0.9091346598193049
1781099347645847600,111.08584765625,-1.363028474381566,0.11358078647255897,0.4767550501897931
1781099347670922500,111.11092260742187,-1.0722148057371377,-0.2892377976298332,0.6243664088189601
1781099347695998500,111.13599853515625,1.1208066949486732,0.8681216814294457,-0.3402779567763209
1781099347721073400,111.16107348632812,1.8204069161891936,1.039503791746497,0.3120706839457154
1781099347746149600,111.18614965820312,1.8238333835065363,1.6398638865560293,0.8968918488398194
1781099347771224600,111.211224609375,0.3974000661849975,1.087919447608292,0.8396192250445484
1781099347796300300,111.23630029296875,0.5042115046530962,0.7613549588859081,0.38742578465938565
1781099347821375500,111.26137548828125,1.381639066827297,1.3180702654972671,-0.44504678350090976
1781099347846451500,111.28645141601562,0.6345686538815498,0.22928981714546678,0.5159913742959499
1781099347871526400,111.3115263671875,-0.8845435316592455,-0.3139385236442089,-0.3077498981371522
1781099347896602400,111.33660229492187,0.020667524975538254,-0.17113398077487946,0.9838611072406173
1781099347921677300,111.36167724609375,0.9564519990503787,1.084452356019616,0.35648324164599177
1781099347946753500,111.38675341796875,0.70148471981287,1.1307236933290958,-0.0875049727126956
1781099347971829500,111.41182958984375,-0.5374906739205122,0.05508066670894622,0.8296405596047639
1781099347996904400,111.43690454101562,-1.916635001322627,0.6237891934528946,0.37759792586714025
1781099348021980400,111.46198046875,-1.5406284363001583,0.43153380645513534,1.0820590311422944
1781099348047055400,111.48705541992187,0.5651368057370185,0.632740561671555,1.2576228110581635
1781099348072131000,111.51213110351563,0.16700374910235405,0.9104337597191333,1.2730565270334482
1781099348097206300,111.53720629882812,-0.7891133189052343,0.6991372799038886,1.1681029913917182
1781099348122282200,111.5622822265625,-1.1105261239528654,1.275856094624102,-0.09135288031250238
1781099348147357200,111.58735717773438,0.4596715211808681,0.8076941007345915,0.926297976066172
1781099348172433200,111.61243310546875,-0.20390403147637842,1.8362281701773404,0.3942708282485604
1781099348197508400,111.63750830078125,-0.6276818169772624,0.2508624742671847,1.0064502479285
1781099348222584300,111.66258422851563,-0.370112246286869,0.7936842800825834,0.19818360800296067
1781099348247659300,111.6876591796875,2.149751683279872,1.7835279688641428,0.8659542742624878
1781099348272735200,111.7127353515625,1.8383482310712336,1.1155991894334554,-0.7326701316714287
1781099348297810400,111.737810546875,-1.1047557238578796,1.5824951089099049,0.45407238599956035
1781099348322886100,111.76288623046875,-0.9324258112967013,1.5776988145440816,1.1270239620283244
1781099348347961000,111.78796118164063,0.570501547640562,1.2207333423390985,1.003513025432825
1781099348373037300,111.81303735351563,1.0887257955551146,2.385233925324678,0.10272592272013426
1781099348398113300,111.83811328125,-1.3689526037335396,0.5171902286916971,2.8516674879863855
1781099348423188200,111.86318823242188,-1.239292789119482,-0.46988662572503087,0.7802022826969623
1781099348448264400,111.88826440429688,0.37875031077265736,2.1339748529553413,0.9517126955687999
1781099348473339400,111.91333935546875,1.4543793088674544,1.0695572769656776,2.5995766409680248
1781099348498415000,111.9384150390625,-1.0106173044800757,1.9831287501886485,-0.9752139826655387
1781099348523490300,111.963490234375,0.23424480920433996,1.2803081055969,0.5157403221443295
1781099348548566300,111.98856616210938,-2.061229934740066,0.7343100078329443,0.6853118759080767
1781099348573641200,112.01364111328125,-1.529049642187357,0.3552838027283549,0.4227358752325177
1781099348598717200,112.03871728515625,0.654029725676775,1.8860747356250882,1.2175047356814146
1781099348623792000,112.06379223632813,0.6278256093621254,1.454271756839752,0.6239572434961795
1781099348648868400,112.08886840820313,-1.5860089622497557,0.9579206102982163,0.41943858725279565
1781099348673943300,112.113943359375,-1.974651721483469,-0.28177169953286646,0.6485913340151309
1781099348699019300,112.13901928710938,-1.033131334105134,1.5918492127105592,0.5112190453276038
1781099348724094200,112.16409423828125,1.2445254290759562,2.2012208814933896,0.7871408497884869
1781099348749170200,112.18917016601563,0.733549837115407,1.3301719144403934,0.10415829361081123
1781099348774246100,112.21424609375,-0.9658774145215749,0.7457078924208879,-0.04450549668073654
1781099348799321000,112.23932104492188,-2.401498831427097,0.30543957536816596,0.9346475789994001
1781099348824397300,112.26439721679688,-1.2935223919570444,1.0508443931892513,0.7958575324684382
1781099348849472300,112.28947216796875,3.155140439456701,1.9264242816701531,-0.7411731716006994
1781099348874548200,112.31454833984375,2.4622084439337253,0.8440531158387661,0.8336305060237645
1781099348899623200,112.339623046875,-2.0907272473812104,0.4339356068998575,-0.12659721217304468
1781099348924699400,112.36469946289063,-1.2913035468637943,1.5344924177631736,0.7798346184283494
1781099348949774300,112.3897744140625,-0.01052139401435852,-0.32791268846094607,0.9829255799561738
1781099348974850300,112.41485034179688,0.0007353285372257233,0.7049862981930375,0.2889171873733401
1781099348999925200,112.43992529296875,-1.0419406635046005,1.7551807030409574,2.5618954373493787
1781099349025001200,112.46500122070313,-1.1584358761191367,-0.0927335210159421,1.503620017376542
1781099349050076200,112.490076171875,0.22993629835546014,2.86146933555454,-0.6749509331524371
1781099349075152100,112.51515209960938,0.8771557594954967,2.4025199911683797,3.132639853835106
1781099349100227000,112.54022705078125,-1.576086703172326,0.8359881750658154,1.3570432624921203
1781099349125303000,112.56530297851563,0.6349181979715823,0.7344815650075673,-1.9858409317567944
1781099349150378000,112.5903779296875,2.26592599337697,0.004041092084348202,0.9301768633261323
1781099349175454200,112.6154541015625,0.14659399828016756,1.4199696742653847,-0.8358560731187462
1781099349200530200,112.6405302734375,1.2529700168162583,1.9043059733644128,-0.14917758503258227
1781099349225605000,112.66560522460938,1.5235615661650894,0.9812570622220634,-0.10044657961130142
1781099349250681000,112.69068115234376,-0.3589548924565315,-0.05785480759739876,0.25927900495678186
1781099349275756000,112.71575610351563,-0.9775415488302707,0.33280016824156045,1.3211062721922993
1781099349300832000,112.74083203125,0.08274374966025352,1.1350243131324649,1.6072800060763954
1781099349325907000,112.76590698242188,0.54626025583148,0.2135588717892766,0.7913675275728106
1781099349350983200,112.79098315429688,-0.17126491367816923,0.31092677460759877,0.6403264867559075
1781099349376058000,112.81605810546876,-1.0418728589653967,0.5381883007958531,0.8145785995513201
1781099349401134000,112.84113403320312,-0.7549211264461279,1.1881135137632488,0.6101093354076147
1781099349426209000,112.866208984375,0.6036264031291008,1.7794716792106626,-0.7593781058549881
1781099349451285200,112.89128515625,0.3504962761908769,0.7487155498042702,1.5071014297515153
1781099349476360200,112.91636010742188,-1.4959674567967653,0.3345712695673108,0.2872577297285199
1781099349501436000,112.94143579101562,-1.514819456782937,-0.19644494764208792,1.1152160353347658
1781099349526511000,112.96651098632813,-0.9899754984676837,-0.0980310429021716,1.7781892381846904
1781099349551587000,112.99158715820313,0.09085048374831677,0.9052204089850187,0.07766308539509773
1781099349576662000,113.016662109375,2.038998229187727,1.9993913182035088,1.4533160635501146
1781099349601738000,113.04173803710937,0.5861094511389732,1.0340791363492607,0.04418430190235376
1781099349626814200,113.06681420898437,-1.3213339434683322,0.10861673432439566,0.11888561488240956
1781099349651889200,113.09188916015626,-1.1826485263556241,0.3687707685500383,1.2089578566104173
1781099349676965000,113.11696508789062,0.6693658264964819,1.4727107921108602,1.6003817709952592
1781099349702040300,113.14204028320313,3.829600958743691,2.3112653105333445,1.6532786639243364
1781099349727116000,113.16711596679687,2.3915087678104636,1.4386363808125258,-0.24955548332184552
1781099349752191000,113.19219091796874,-3.36765973906517,-1.0924503690361975,0.574931054520607
1781099349777267000,113.21726684570312,-4.536379693311453,-0.8063774651780724,1.1090250717401504
1781099349802342100,113.24234204101562,-0.3941682446569204,0.4239958121657371,0.39002982967793937
1781099349827418000,113.26741821289062,2.6721763054937124,1.1166580508366226,0.1318070557758212
1781099349852493000,113.2924931640625,2.3609493788957594,0.8708049291640519,-0.17868688037246463
1781099349877569300,113.3175693359375,-0.8369657879263163,1.5622925710976123,1.0029258731946349
1781099349902644200,113.34264428710938,-2.5857588357567787,0.6556853839293122,0.6702429015919565
1781099349927720200,113.36772021484374,-2.077308962881565,0.5698457140803337,0.679236939908564
1781099349952795100,113.39279516601563,1.9555308414280412,1.68311207665205,1.5208502613797783
1781099349977871000,113.41787109375,1.7737988942712544,0.9427189495131373,1.175714635439217
1781099350002946000,113.44294604492187,-0.08121171778738498,0.1356692841619253,-0.2901303625553846
1781099350028022000,113.46802197265625,0.6145785897761583,0.6562336654618383,-0.3480541437357664
1781099350053097500,113.49309741210938,0.5426344665497541,0.5703434344694018,-0.20854951919466255
1781099350078173700,113.51817358398438,0.37013328907489773,0.8877496342241764,-0.21243980463147163
1781099350103249700,113.54324975585938,-0.22730828793942928,1.0999147135674954,1.168347906063497
1781099350128324600,113.56832470703125,0.37239772687554357,1.2241814369663595,1.6477333047568796
1781099350153400600,113.59340063476563,0.25389526609182356,-0.057708384864032264,1.1153326474517584
1781099350178475500,113.6184755859375,-0.6544540885686874,-0.35568975318074225,0.854176450446248
1781099350203551500,113.64355151367188,-1.2866332169651984,0.3696706399992108,0.8890051872432231
1781099350228626400,113.66862646484375,-0.5860615203440189,1.3508677887275815,0.639497342455387
1781099350253702700,113.69370263671875,1.0835188745617865,1.272786477920413,-0.24692893421053885
1781099350278777600,113.71877758789063,0.9699240595638752,1.4456097269564867,0.12843553351610898
1781099350303853600,113.743853515625,-1.2924644073367118,0.8145011504009365,1.3597449226662517
1781099350328928500,113.76892846679688,-1.9508973364084958,0.5812178797051311,1.3848673812240362
1781099350354004700,113.79400463867188,-0.8876070108830928,-0.28742665655463934,1.5228215614527463
1781099350379079700,113.81907958984375,0.22916239137351513,0.12731617409735918,1.175711128307879
1781099350404155400,113.8441552734375,0.5286480267733336,0.3366308324456215,-0.10388327606171369
1781099350429230600,113.86923071289063,0.561971035182476,1.1075032690003515,0.12256810278743505
1781099350454306600,113.894306640625,-0.4950771810829639,1.3244777944520114,0.29469138686060903
1781099350479381500,113.91938159179688,0.24962124203443525,1.4731263871744273,0.48019379246681926
1781099350504457500,113.94445751953126,0.5716460415005683,-0.27912936833053825,0.5035705764010548
1781099350529533700,113.96953369140626,-0.3100987993508577,-0.2994403349533677,0.22556845853477714
1781099350554608600,113.99460864257813,-0.5705675986140966,0.16609774017333984,0.6905579598680138
1781099350579684600,114.0196845703125,-0.27778116859197616,0.9181918264999985,0.33293197792768475
1781099350604759800,114.044759765625,0.8823124116063118,0.39545039342194793,0.03968611370027065
1781099350629835500,114.06983544921874,1.0908020173072814,0.15973171227276325,-0.9259434635400772
1781099350654910500,114.09491040039063,0.2365577623218298,0.006077858608961105,0.13160071954876185
1781099350679986400,114.119986328125,-0.8489093236982822,-0.2842173391193151,-0.15718611944317817
1781099350705061600,114.1450615234375,-0.39032735131978985,-0.9151339002341031,0.34159137746244667
1781099350730137600,114.1701376953125,0.9653466686457395,0.1856225248545408,-0.08283347377032041
1781099350755212500,114.19521264648438,0.22931787419617175,-0.008135667921602726,0.09185352331101894
1781099350780288800,114.22028881835938,-0.6212666892379521,0.19185586628615856,0.9974708226591348
1781099350805363700,114.24536376953125,-0.15021628043055532,0.8098366657212376,0.053103521417081356
1781099350830439700,114.27043969726563,0.8385837445169687,0.5881330659210682,1.0262877518206834
1781099350855514600,114.2955146484375,0.923013839828968,0.12393091557323932,-0.09795797766596079
1781099350880590600,114.32059057617188,0.790788558641076,0.1503191562831402,-0.5252887794733048
1781099350905665500,114.34566552734375,-1.0549795932978392,-0.4900847796231508,0.3360679378658533
1781099350930741500,114.37074145507812,-1.8686679660111665,-0.9168319363236427,-0.07269464933276176
1781099350955817700,114.39581762695312,-0.1279191084265709,0.5353457708463073,0.3066489511579275
1781099350980892700,114.420892578125,1.4164987832844256,1.1747256244018673,0.20470570324808357
1781099351005968600,114.44596875,2.0368425124585627,1.8465645630136132,-0.3908674495458603
1781099351031043600,114.47104370117188,0.35853462121784685,0.3872705940976739,0.5909893321350217
1781099351056119300,114.49611938476562,-2.075969823232293,1.0410001677840948,1.635961033898592
1781099351081194200,114.5211943359375,-1.503129603511095,0.5701812296450137,2.281121808943152
1781099351106270200,114.54627026367187,-0.3319920667290687,-1.1307824377790092,1.2507955953866243
1781099351131345200,114.57134521484375,1.4119523720264433,-0.011884791322052479,0.5204644280567765
1781099351156421000,114.59642114257812,2.4057091425985098,1.9569477224886416,-1.875702102431655
1781099351181496000,114.62149609375,1.1029390298247337,1.3642048246845602,-0.601915799818933
1781099351206572300,114.646572265625,-2.0527736565619707,-0.8392588672995567,-0.6178238553076982
1781099351231647200,114.67164721679687,-1.3601397672027349,-0.8061442409440874,0.023446049778163433
1781099351256723200,114.69672314453125,0.6674000793814658,0.8984671353325248,1.6752362287104128
1781099351281798100,114.72179809570312,1.5683762749254702,1.6580083227947353,1.4470286538437007
1781099351306874400,114.74687426757812,0.7901677963942288,-0.16224018796235323,0.06480535738766192
1781099351331949300,114.77194921875,-0.9730869075089692,-0.7660080453887581,0.31000761393606663
1781099351357025000,114.79702490234375,-1.1816332118332384,1.4105889747187494,0.49329029766619203
1781099351382100200,114.82210034179687,-0.8736983125180006,0.6044678223893046,0.3056543871626258
1781099351407176200,114.84717626953125,-0.31824469640552994,-0.7414306534931063,0.8534276779055595
1781099351432252200,114.87225219726562,0.6097773269742727,0.31966771494597196,-0.10725830545276403
1781099351457327000,114.8973271484375,1.279088208413124,2.172470587827265,-0.5684396466746926
1781099351482403300,114.9224033203125,-1.575411580389738,0.05013356569558382,1.018147699984908
1781099351507478300,114.94747827148437,-1.701933681499958,-0.47935237320661545,0.402548534989357
1781099351532554200,114.97255419921875,1.0970832895338534,1.0562968133762478,-0.12241174318194388
1781099351557629200,114.99762915039062,0.8564625155568122,-0.3099550069659948,1.287643270790577
1781099351582705200,115.022705078125,-1.1355717178821563,-0.7678764696091414,0.591434445554018
1781099351607780000,115.04778002929687,-0.14251228192448614,0.7920534640103578,-0.5446276861935854
1781099351632856000,115.07285595703125,1.5603192251980305,1.7734484733983873,-0.08118103038817644
1781099351657931300,115.09793115234375,1.2365244934499262,1.2641238635152579,0.11365911240577697
1781099351683007200,115.12300732421875,0.01597030707001686,0.1537386093378067,0.3336725671619177
1781099351708082200,115.14808227539062,-1.5565771160602568,-0.028077508971095084,0.6459300058513879
1781099351733158100,115.173158203125,-2.0481950966000557,-0.3834095347553491,1.043053008660674
1781099351758233300,115.1982333984375,-0.31870939130783077,-0.28356062877625227,0.2179275883927941
1781099351783309300,115.22330932617187,0.9636457099467516,0.9710203303679823,0.03421528107374906
1781099351808384300,115.24838427734375,1.657477284657955,1.8366127855807541,-0.036323943790793414
1781099351833460000,115.2734599609375,0.6841478005647659,1.1648536342069506,-0.3194771608099341
1781099351858536200,115.2985361328125,-1.1423854895502328,0.04593319139629602,0.8000798263385891
1781099351883611100,115.32361108398437,-1.1453472619652747,-0.04076894050091505,0.735149965788424
1781099351908687000,115.34868701171875,-0.2524842302501201,0.8087553002253174,0.6000234102010726
1781099351933762300,115.37376220703125,-0.2595271344989538,0.08463730832189321,1.1730188204839824
1781099351958838300,115.39883837890625,-0.2509492757678032,-0.13453794204443692,-0.33715719440728426
1781099351983913200,115.42391333007812,0.8425719373703002,0.8084510565817355,-0.45358284891694783
1781099352008989200,115.4489892578125,2.1553654315084216,1.1366650660768152,-0.9521019871473312
1781099352034064400,115.474064453125,-0.86847736299932,-0.5201733361557126,-0.2635296481385827
1781099352059139800,115.49913989257813,-3.6715024006307124,-1.3561571273073554,1.7782129113212226
1781099352084215000,115.52421508789062,-0.932562589418888,1.4201862396255134,1.0003539768800138
1781099352109290800,115.54929077148438,1.66571144451797,1.5142352271541952,0.7325169869363307
1781099352134365700,115.57436572265625,1.3365455411255358,1.5032771952882409,2.09191119646877
1781099352159442000,115.59944189453125,-0.5772504373788834,0.1193637537881732,-0.8056324920296668
1781099352184516900,115.62451684570313,-1.782533404868841,2.1007894994512197,0.4215650778874755
1781099352209592800,115.6495927734375,-3.660669456449151,0.3313672128289938,4.314004770120978
1781099352234667800,115.67466772460938,-2.7407114970594644,-1.0051897264733909,2.246619819882512
1781099352259744000,115.69974389648438,4.489672887194156,2.6290178395077586,-2.105260215124488
1781099352284820000,115.72482006835938,6.585002075412869,0.5511515350043773,1.5976280883729457
1781099352309895000,115.74989501953125,-2.718240722054243,1.3417147604569792,-3.2809394869893787
1781099352334971000,115.77497094726563,-3.189814862474799,0.5755424644172191,-0.014868483307957649
1781099352360045800,115.8000458984375,-0.9656184713244438,0.41639848890453574,0.2511094347655773
1781099352385121800,115.82512182617188,2.640145090460777,1.4075243264511226,0.6493202328115701
1781099352410196700,115.85019677734375,5.177266444298625,-0.15988047309368847,0.21295389163345096
1781099352435273000,115.87527294921875,-0.5648877994120121,1.098154718157649,-2.147093862247467
1781099352460348000,115.90034790039063,-3.5532886936604973,0.39461686520725486,2.8883500359565017
1781099352485423900,115.925423828125,-2.7305074984312054,-0.2693032631039619,1.059627126842737
1781099352510498800,115.95049877929688,2.8322978938668966,1.0183391309037804,0.6999623325511812
1781099352535575000,115.97557495117188,6.240935540008545,0.8508277245402336,0.9016554099798202
1781099352560650000,116.00064990234375,-1.1208663161814212,0.13085954579263925,-2.666487446202338
1781099352585725700,116.0257255859375,-5.03663456929326,-0.17760872974693775,-0.3841641525149345
1781099352610800600,116.05080053710938,-4.750437454533577,-1.5076938426867126,2.038513660541177
1781099352635876900,116.075876953125,-2.104914178165793,-0.39757571501284833,0.28641952533870935
1781099352660951800,116.10095190429688,5.551287972983718,0.8879799358487128,-0.3550111232668161
1781099352686027800,116.12602783203126,4.234015872126817,-0.6407426663413643,-0.29854280159175395
1781099352711102700,116.15110278320313,-3.4910476338028906,0.5366293809160589,-0.5357610736489296
1781099352736179000,116.17617895507813,-4.65007504607439,0.4705418747633695,2.032138864812255
1781099352761255000,116.2012548828125,-3.2793191923111675,-1.654989559495449,1.2031307578921318
1781099352786329900,116.22632983398438,1.2838444630295038,0.22504297335594892,0.6672475191682576
1781099352811405800,116.25140576171874,7.094173248299956,0.9446884960204363,-0.3352247650399804
1781099352836480800,116.27648071289063,2.7781600609660146,2.58201643435806,-2.87770472330153
1781099352861556700,116.301556640625,-3.978541227889061,-0.5443868631750345,1.3428084009125827
1781099352886631700,116.32663159179687,-3.456031265479326,-0.9176368229657411,1.0785007541388272
1781099352911708000,116.3517080078125,2.1722481772482394,0.5872124439448118,-0.6888187149852514
1781099352936782800,116.37678295898438,5.787276410984993,0.06900777751356363,0.1494376972734928
1781099352961858800,116.40185888671876,-1.0429986481249331,0.28522826972752807,-0.05410743776261806
1781099352986934000,116.42693408203125,-2.491860654875636,0.6801373958796262,-0.28122429478317496
1781099353012010000,116.45201000976563,-0.8848071510314941,1.0402093096673488,-0.06395633934289216
1781099353037085000,116.4770849609375,0.9353320541322231,0.7881108638644218,1.041975442557037
1781099353062161400,116.50216137695313,1.364902451559901,0.7837181818634271,0.9199737414807081
1781099353087236400,116.527236328125,-0.03491115438342094,0.628046266375482,0.26674802566319705
1781099353112312600,116.5523125,-2.054800778475404,1.3865505120053887,1.4706941915914415
1781099353137387500,116.57738745117187,-3.467458083900809,-0.10612784011811018,2.331078264506161
1781099353162463500,116.60246337890625,-2.0657675781697034,-1.071440021972358,0.8105497824266552
1781099353187539500,116.62753955078125,1.6715338670611382,0.12884440657794474,-0.9688877022534609
1781099353212614700,116.65261474609375,4.313213912004232,2.2930068925261495,-0.5814794532507658
1781099353237690400,116.6776904296875,0.9896744696944951,1.8945324751079082,-0.21915391531735656
1781099353262765300,116.70276538085938,-3.320965792429447,0.20464257488399742,0.21453356204032897
1781099353287841500,116.72784155273438,-2.3420903646469116,0.5509808546125888,1.397547706837952
1781099353312916500,116.75291650390625,1.0142454318493603,1.1523007343649863,1.5929489906460046
1781099353337992400,116.77799243164063,2.904496868637204,1.6920254509478807,0.7778396452188492
1781099353363067400,116.8030673828125,0.5560054047763348,0.5690417042210698,0.18887217430025338
1781099353388143600,116.8281435546875,-1.7977292204350233,0.18692279379814863,0.010346037447452544
1781099353413218600,116.85321850585937,-1.133343520438671,1.1760115725591778,0.13999357710182667
1781099353438294500,116.87829443359375,0.9322656522989272,1.619489207047224,0.02004588594585657
1781099353463369700,116.90336962890625,1.7595616946041583,0.30712884362936016,0.5205819169566035
1781099353488445400,116.92844555664063,-0.7287444826602936,-0.5310097874686122,0.6668620269820094
1781099353513520400,116.95352026367188,-2.5843361094772814,-0.9278370222017168,0.3880842485681176
1781099353538596400,116.97859643554688,-0.3616635668933391,1.599231139655411,0.41155280243903397
1781099353563671600,117.00367163085937,1.9197119245499372,1.8701202106460928,0.7667743535861372
1781099353588747500,117.02874755859375,0.75778937535882,0.4512529446646571,0.9462795646041631
1781099353613823500,117.05382348632813,-1.3324948044300078,0.36981414012312885,1.0430760972753166
1781099353638898700,117.07889868164062,-0.033633974054455756,1.300009708149731,0.18529314676970243
1781099353663974400,117.10397436523438,1.6644745961993932,2.9739260864332318,-0.26319208674728867
1781099353689049600,117.12904956054687,2.4616484719634055,5.359080224519968,0.8894280888304114
1781099353714125300,117.15412524414063,-0.728199123737216,2.3083213660359383,3.0768337954610585
1781099353739200500,117.17920043945313,-0.8524971190571784,2.783224650879204,2.1492226909697054
1781099353764276500,117.2042763671875,1.8375252242505549,0.7239341597691178,1.4088804172351956
1781099353789351400,117.22935131835938,1.1728922714948653,0.16311346366554497,0.5989052198261022
1781099353814427600,117.254427734375,-0.022871172499656676,1.7319202389627695,-0.7584653749242425
1781099353839502600,117.27950268554687,-1.052471409869194,1.450075474193692,-0.32759324724823236
1781099353864578600,117.30457861328125,-0.42284430404305456,-0.06787117469906806,1.0641773374930024
1781099353889653500,117.32965356445312,3.1609751369595527,-0.9020034927651286,-0.6561410187423229
1781099353914729500,117.3547294921875,5.744171428751945,-0.08388912030309438,-2.69275147601068
1781099353939804700,117.3798046875,3.472172837463021,1.0500795462965964,-1.5194538385853171
1781099353964880400,117.40488037109375,-3.7149662793040275,-0.5938733631387353,-0.7207637130394577
1781099353989955300,117.42995532226563,-3.4680127951741215,0.2550263159483671,1.4291612809807062
1781099354015031600,117.45503149414063,-1.231584698960185,-0.4185346241503954,3.0787200475990772
1781099354040106500,117.4801064453125,0.7798334493845701,-0.44847471212297674,1.632191744492948
1781099354065181700,117.505181640625,2.635391173931956,0.01504004048258066,-0.4017646911352873
1781099354090258000,117.5302578125,0.8591431329429149,0.44709933211654423,-0.49291211200356483
1781099354115332900,117.55533276367187,-4.593619583880901,-0.40480069783031936,0.3865162685990333
1781099354140408800,117.58040893554687,-5.868811369377374,-1.629056369076669,1.0864961368069053
1781099354165484000,117.60548413085938,-4.934311674416065,-1.561086410178244,2.5901559016719458
1781099354190559700,117.63055981445312,-3.962082260519266,-1.465861072346568,4.307943278124928
1781099354215635000,117.65563500976563,-2.018079944321513,-1.324476917669177,2.184948961128294
1781099354240710700,117.68071069335937,-0.7359072138965129,0.09760697227120399,0.33036943396329876
1781099354265785900,117.70578588867187,2.1905197469979525,2.0774963021472095,0.5563388745144009
1781099354290861800,117.73086181640625,0.06456394984722137,1.6790093175083398,-0.6474395336315035
1781099354315936800,117.75593676757812,-2.7200989171415566,0.49911564281880855,0.13373743931651114
1781099354341012700,117.7810126953125,-1.5994003587424754,1.5120599289417267,2.2051994297355413
1781099354366088000,117.806087890625,-0.09882920754253864,1.7836328905433416,2.5491633815482255
1781099354391164000,117.83116381835937,-0.6043488721847534,1.499863879713416,2.890938591144979
1781099354416238800,117.85623876953125,-1.637743825662136,1.4910305849164724,2.561503515422344
1781099354441314800,117.88131469726562,-0.9549562075346708,1.8890724561363457,1.099051374736428
1781099354466390000,117.90639013671876,2.1709441089123485,2.3505925277933475,0.6807023362860083
1781099354491465700,117.9314658203125,2.401862404042482,1.7689008930966257,0.9430261157661676
1781099354516540700,117.95654077148437,0.7809387802779674,0.1573126684322953,-1.0642886889129877
1781099354541617000,117.98161694335937,1.4571633866280316,1.0639011509001255,-1.5573331951245664
1781099354566692900,118.00669287109375,0.06172258894145488,-0.13381927238106728,0.07708323968052863
1781099354591767800,118.03176782226562,-0.7551742244243621,-0.5330962383538485,-0.48376902060508725
1781099354616844000,118.05684399414062,2.426842531520128,0.09222790958136319,0.28381986423432826
1781099354641919000,118.0819189453125,2.8876737441301343,0.009485328964889048,0.7250631637990474
1781099354666994700,118.10699462890625,-0.3009843495249748,-0.09630758011043071,-0.4736486086070537
1781099354692070000,118.13206982421875,-0.8464695293307304,-1.877296385885775,0.6336015624150634
1781099354717145900,118.15714575195312,2.807451621901989,-0.5889753619641065,-3.084540716576576
1781099354742220800,118.182220703125,4.893968558111786,-0.8129390156507491,-2.0463690502166747
1781099354767296800,118.207296875,0.8487982645392418,0.5875529279455542,-2.4538313684716817
1781099354792371700,118.23237182617187,-1.646999729785323,-0.5898825399369001,-1.9662559413209557
1781099354817448000,118.25744799804687,-1.1914087559163569,-0.33328181427866216,0.26674685661941766
1781099354842523000,118.28252294921874,-0.37851124131977554,0.0794052528873086,1.135997249817848
1781099354867598800,118.30759887695312,0.31015783606171604,-0.5301172225430607,1.0651698556616902
1781099354892673800,118.332673828125,-0.4754524431586265,-0.6154208858191966,1.2441019429668783
1781099354917749800,118.35774975585937,-1.1230594423115252,0.16752718845456838,0.4315972270801663
1781099354942825700,118.38282568359375,-1.1412468409091234,0.12141893275231122,0.36062194888591764
1781099354967900700,118.40790063476562,-0.6903484087705611,0.061730772247910494,0.6669935444071888
1781099354992977000,118.43297680664062,-0.8507716104388237,-0.520383471775055,-0.16846066991239786
1781099355018051800,118.4580517578125,-0.5030225871294737,0.029201544564962385,0.5439055093988776
1781099355043127800,118.4831279296875,-0.3782710028231144,0.7011874904319644,-0.6669552582234144
1781099355068203800,118.50820385742188,-0.023902269113063812,0.8937731322973966,0.17462416097819805
1781099355093279700,118.53327978515625,-0.6377040292978287,0.9262646583184599,0.29524317552447316
1781099355118354700,118.55835473632813,-0.17988251989781856,0.4746475565165281,0.8856146680220961
1781099355143430700,118.5834306640625,0.37307109609246253,0.5022559866711497,1.2182742587491868
1781099355168505600,118.60850561523438,1.3301847739219665,0.39566111356317996,0.044070320133864874
1781099355193581800,118.63358178710938,1.2839900089800358,0.21238778218328952,-0.8088613909482956
1781099355218656800,118.65865673828125,1.0223100803613663,0.21728724466264246,-0.5638061416551471
1781099355243732700,118.68373266601563,0.5000269124448299,-0.014934826542437076,-1.1835539507627486
1781099355268807700,118.7088076171875,-0.3142518273770809,-0.5004319861143827,-0.44985739865303037
1781099355293884000,118.7338837890625,-0.4036614646673202,-0.20580635796636343,0.026309037993848323
1781099355318958800,118.75895874023438,0.0011608604729175568,-0.27068068893700836,-0.6890200827762484
1781099355344034600,118.78403466796875,-0.07469196062982082,-0.4798936404764652,-0.09334697673916816
1781099355369109800,118.80910986328125,-0.43310967746973034,-0.17646452814787625,-0.3123854489833116
1781099355394185700,118.83418579101563,-0.6041092182099819,-0.33244302536696196,0.20907325080782174
1781099355419261700,118.85926171875,-0.6172165370643139,-0.15854571735858916,-0.013760814327001571
1781099355444336600,118.88433666992188,-0.4100912054538727,-0.3943924088016152,-0.2089338423371315
1781099355469412900,118.90941284179688,0.14932605359256268,0.5738666401594877,-0.2684735342815518
1781099355494487800,118.93448779296875,0.9317220469415187,0.8227394019141793,-0.40978403920084233
1781099355519563800,118.95956372070313,1.910371849274635,1.6095198939576745,-2.4674556969374417
1781099355544638700,118.984638671875,-2.1288673006832597,2.3529200939580797,1.717099686449766
1781099355569714700,119.00971459960938,-4.520895708453655,-2.1836559987083075,4.070708054932951
1781099355594789600,119.03478955078126,-3.129270669662952,-1.91465230307281,-1.3215592766568063
1781099355619865600,119.05986547851562,7.384200735002755,0.3730488842606544,-0.09326981984972953
1781099355644940800,119.08494091796875,6.1203299694657325,1.5817071734026074,-0.06729746646434068
1781099355670016800,119.11001684570313,-3.64765273848772,-0.3242693635225296,-2.7538109248682856
1781099355695091700,119.135091796875,-3.61270242113769,-1.3338286833822726,-1.6678949260368943
1781099355720167700,119.16016772460938,-0.7832955725371837,0.028328268861770627,0.24245441914498805
1781099355745243000,119.18524291992188,1.8362369380056858,0.1949880268320441,0.8329258648857474
1781099355770318800,119.21031884765625,1.2808417740821838,-0.021661796709895133,0.18094664199799299
1781099355795393800,119.23539379882813,-0.5067904152303934,-0.4066945487529039,-0.6602022768318653
1781099355820469800,119.2604697265625,-0.8644149358659983,0.5037894798487424,-0.3301180895507336
1781099355845544700,119.28554467773438,-0.1484007554411888,0.44462680452317,-0.4554615022704005
1781099355870620700,119.31062060546876,0.604983662956953,0.18218787423074245,0.2340647764623165
1781099355895696600,119.33569653320312,-0.04756722233891487,-0.1563613590568304,-0.28532617714405056
1781099355920771800,119.36077172851563,-0.6043909577608109,0.5429135757520794,1.132623681731522
1781099355945847800,119.38584790039063,-0.09244915111660956,0.5585621035218239,-0.1310731885433197
1781099355970922800,119.4109228515625,0.8809680112600327,0.31273850020468236,0.008323591709136963
1781099355995999000,119.4359990234375,-0.05527005180120468,-0.37786972854584455,0.6443982662394643
1781099356021074000,119.46107397460938,-1.0864549280136824,-0.27259032195061444,0.985819840092957
1781099356046149600,119.48614965820312,0.027781156373023985,0.6320148777455091,0.5382356470689177
1781099356071224600,119.511224609375,1.3384984287589787,0.4081324726015329,-0.10387421597242355
1781099356096300300,119.53630029296875,0.8490946171373128,-0.09941694430261849,-0.006814648450911045
1781099356121375200,119.56137524414062,-0.8679343421638012,-1.0707508706644178,-0.8992357816174625
1781099356146451200,119.586451171875,-0.9349240578532219,-0.9254851983785629,-0.3293932824075222
1781099356171526400,119.6115263671875,-0.22988719851672648,-0.4295651367306709,-0.4490282543525099
1781099356196602400,119.63660229492187,0.2846370258361101,-0.18118074301481246,-0.45100072346925735
1781099356221677300,119.66167724609375,0.600306318795681,0.13589344830662012,0.1337649118453264
1781099356246753300,119.68675317382812,0.43956396817564963,0.17670622794926166,-0.1372442783936858
1781099356271828500,119.71182836914062,0.11789105088710784,-0.13617109620422124,-0.18890783013552426
1781099356296904400,119.73690454101562,-0.21474223635494707,-0.14935966360121963,0.024510171878337858
1781099356321980200,119.76198022460937,-0.28065117107033727,-0.5658057910397648,-0.2612418294623494
1781099356347055400,119.78705541992187,-0.03678162443041801,-0.5180059289887547,-0.894777633164823
1781099356372131300,119.81213134765625,0.31427520825266836,-0.2557061149060726,-0.3679275957241654
1781099356397206300,119.83720629882812,0.2542085698246956,-0.04738163663893938,-0.14410422729104758
1781099356422282200,119.8622822265625,0.5258768084943294,-0.5509539666056633,-1.0769921031415461
1781099356447357400,119.887357421875,0.8130465676784515,-0.9113704560473561,-0.6480600036174059
1781099356472433400,119.91243334960937,0.284741655254364,-1.1248661994725464,-0.8230641038239002
1781099356497508400,119.93750830078125,0.14034253666996954,-1.6288517864152787,-1.526406726463139
1781099356522584300,119.96258422851562,-0.007626257094740867,-1.8466192158102988,-1.9008517412573098
1781099356547659500,119.98765942382812,-0.7619991020083426,-1.6771929157361387,-0.9846043268233537
1781099356572735200,120.0127353515625,-1.8341677305161952,-1.3507201969504357,-0.7091080542981624
1781099356597810200,120.03781005859375,-1.7581565039813518,-1.265050330710411,-0.3310457257896662
1781099356622886400,120.06288647460937,-0.37661388326585293,0.06617343087047338,0.10570698435753584
1781099356647961300,120.08796142578124,0.0822433989226818,0.1683826362401247,0.4868424367010593
1781099356673037300,120.11303735351562,0.381488795825839,0.16551643315404652,0.2633048994719982
1781099356698112300,120.1381123046875,-0.09716390467882156,-0.487499439305067,-0.40648704348206516
1781099356723188500,120.1631884765625,-0.9070049543142318,-0.5571718182072043,-0.770566439345479
1781099356748263400,120.18826342773437,-0.8483680564284324,-0.1525882702589035,-0.17553893773555754
1781099356773339400,120.21333935546875,0.5083493351101875,0.37998891265690327,-1.0736790330708026
1781099356798415400,120.23841528320312,1.138966621017456,0.44128976905494927,-0.48089784908294675
1781099356823490300,120.263490234375,0.14426000237464903,0.18098025200664997,-0.74976973503232
1781099356848566300,120.28856616210938,-0.5096674319714307,-0.5834948847264051,-0.658688365137577
1781099356873641200,120.31364111328125,-1.019697267514467,-0.4177957884818315,-0.029687282255291936
1781099356898717400,120.33871752929687,-0.5187748675346374,-0.03872925136685371,-0.0024918168157339097
1781099356923792400,120.36379248046875,-0.07662029834389686,0.21067045687139033,0.376112071223557
1781099356948868400,120.38886840820312,0.14855857635140418,0.7655977110221982,0.497128560654819
1781099356973943300,120.413943359375,0.0678477938234806,0.23879268176704643,-0.26841888148486615
1781099356999019300,120.43901928710937,-0.6483896739631891,0.6921209714010358,-1.094911498452723
1781099357024094500,120.46409448242187,-1.4968027385771274,0.7357514388129115,1.1712319370672106
1781099357049170200,120.48917016601563,-1.6473475203096866,0.8911462909251451,1.2243363352671266
1781099357074246000,120.51424584960938,0.914630626887083,1.1260697300434113,-0.40559009464234114
1781099357099321900,120.53932177734374,2.6446073305666444,1.7699957025960087,-1.54543729788661
1781099357124396800,120.56439672851562,1.6540560780376194,0.7370531690612435,-1.4605027601838112
1781099357149473000,120.58947314453125,-1.1030033272325992,0.09979045379012823,-0.883919554542005
1781099357174548000,120.6145478515625,-2.671791105568409,0.021172259627282617,0.5213160764500498
1781099357199624000,120.6396240234375,-2.2943524619162083,-0.017504677030444143,1.2325406845107674
1781099357224699600,120.66469970703125,1.0436743554294108,0.2675681098744273,0.6030532794162631
1781099357249774800,120.68977490234376,2.332829199826717,0.737356243661046,-0.8785285091534256
1781099357274850800,120.71485083007812,0.9370242450028657,1.124167988075316,-0.8653355578422546
1781099357299925800,120.73992578125,-0.9112228642702103,0.9469315987721085,-0.8100450477749109
1781099357325001700,120.76500170898437,-0.9402794474065304,0.8792541930794715,0.5975614040017128
1781099357350077000,120.79007690429688,-0.4711427632659673,0.9118322283402085,0.8923147501826286
1781099357375153000,120.81515283203125,0.11000935772657394,0.8757964538410306,0.6112985451921821
1781099357400227800,120.84022778320312,-0.29508418557047844,0.6380714013054967,0.28043285214453934
1781099357425304000,120.86530395507812,-0.6984148108482361,1.4498933956250548,0.07707476411312818
1781099357450379000,120.89037890625,-0.4371697665154934,1.4186536232307552,-0.3449427337169647
1781099357475454700,120.91545483398437,-0.2360030510485172,0.7921487410783767,0.050426411162316796
1781099357500529700,120.94052978515624,-0.20522271285951135,0.7217728900820016,0.7841863838970661
1781099357525606000,120.96560595703124,-0.7398159117728471,0.8483592886000871,0.6120058166787028
1781099357550680800,120.99068090820313,-0.8851590332090854,0.8884881776317953,0.6063923607110977
1781099357575756800,121.0157568359375,-0.2514396896332502,1.4302020222052931,0.3797463360726833
1781099357600831700,121.04083178710937,-0.21532734276652335,0.8285802368968724,0.15297493148893118
1781099357625908000,121.06590795898437,-0.7939455613672732,0.10761953998059033,-0.12985825979560614
1781099357650984000,121.09098388671875,-0.19258008890748024,0.7166063010990619,-0.1482441035747528
1781099357676059000,121.11605883789062,0.16673837616443632,0.31994185571223493,-0.5461226009264588
1781099357701134800,121.141134765625,0.07850304335057735,-0.0887707548648119,-0.512067186589539
1781099357726209800,121.16620971679687,0.5019546656370163,0.5418772184416651,-1.1487211223125458
1781099357751285800,121.19128564453125,0.051039866885542864,0.0894762727856636,-1.0018123589947818
1781099357776360700,121.21636059570312,-0.33139410083591936,0.6872028042212128,-0.000827098473906517
1781099357801437000,121.24143701171874,-0.2326490644454956,0.3636050563499331,-0.2835945310458541
1781099357826512000,121.26651196289062,-0.16523030968904495,0.37970483501851554,0.49062867724150416
1781099357851587800,121.291587890625,-0.6293921280264854,0.036358138321340085,0.15536328793019055
1781099357876662800,121.31666284179687,-0.2440466567724943,0.6153785079821944,-0.24256167891174554
1781099357901739000,121.34173901367187,0.4380255065619945,1.144220303761959,-0.2806099622771144
1781099357926814000,121.36681396484374,-0.47235213905572887,0.5779936569616199,-0.18279577699601648
1781099357951889700,121.3918896484375,-0.9366063118517398,0.28722295067608355,-0.5424696313768625
1781099357976964900,121.41696484375,0.15618892509937285,0.6127332541704178,-0.6664315266102552
1781099358002040800,121.44204077148437,-0.2791220618069172,-0.11947452068626879,-1.0192121143460273
1781099358027115800,121.46711572265625,-1.0276520259112119,0.12089637018293142,-0.22292963446378705
1781099358052191700,121.49219165039062,-0.7121931608319282,0.2708367562815547,-0.13417436942905187
1781099358077267000,121.51726684570312,0.3901829744130373,0.38295126959383485,-0.5918430263549089
1781099358102343000,121.54234301757812,-0.02067278567254543,-0.782523126859963,-0.5625450356781483
1781099358127419000,121.5674189453125,-0.7673550760835409,-0.5685320011332631,-1.3405670517265795
1781099358152493800,121.59249389648437,-0.342428120547533,-0.2899330864176154,-0.8737582260116934
1781099358177569800,121.61756982421875,-0.539014522486925,-0.4304948187962174,-0.8220970123574137
1781099358202644700,121.64264477539062,-0.4687456389963627,-0.32914310703873634,-0.6633811991289258
1781099358227720700,121.667720703125,-0.15570611001849174,-0.338002413059771,-0.9018290129810571
1781099358252796000,121.6927958984375,-0.3212146521270275,0.2147127179995179,-0.4645183766901493
1781099358277871900,121.71787182617187,-0.5523778619289398,0.18162059573680162,-0.49680152065753935
1781099358302946800,121.74294677734375,-0.21319968308806417,0.42823827204108234,-0.7293748895183205
1781099358328022800,121.76802270507812,0.22176175972819326,0.3984139194026589,-0.42572599695920943
1781099358353098000,121.79309790039062,-0.18118425014615058,-0.10924684892147779,-0.3261576614871621
1781099358378174000,121.81817407226562,-0.47163083904385567,0.06339402928501367,-0.7773074380382895
1781099358403249000,121.84324877929687,-0.38204935231804843,-0.6276029065221548,-1.0182134586974978
1781099358428324900,121.86832495117187,-0.33609131874144077,-0.0633861382395029,-0.5568211050733923
1781099358453399800,121.89339990234375,-0.8641898949384689,-0.8345978897511959,-1.1239005693107842
1781099358478475800,121.91847583007812,-0.2419295184880495,-0.744087013220787,-0.580391658014059
1781099358503550700,121.94355078125,0.5140484235346316,-0.5878092407941818,-1.4875646623715757
1781099358528627000,121.968626953125,0.24995851116478443,-0.8585206171303987,-1.7647814750790596
1781099358553703000,121.99370288085937,-0.28407354673445223,-0.9270517170429229,-1.8652546504363416
1781099358578777900,122.01877783203125,-0.5272048422276974,-1.3280316875413058,-0.9275149506404995
1781099358603853800,122.04385375976562,0.2005938840150833,-1.1171779830574988,-0.7243783964052796
1781099358628929000,122.06892895507812,-0.08537526720762252,-0.9090887748509645,-1.9051108600065112
1781099358654004700,122.09400463867188,-0.2269324403643608,-0.4640075045585632,-1.64115831028074
1781099358679079700,122.11907958984375,-0.5881301433116197,-0.015454758763313292,-0.9194263367310166
1781099358704156000,122.14415600585937,-0.6203250244736671,0.4456184459090233,-0.5214107689961791
1781099358729230800,122.16923095703125,-0.08539864808320999,0.4104837119027972,-0.06012684418261051
1781099358754306800,122.19430688476562,-0.24076222827434537,0.7346493227899075,-0.4054427951261401
1781099358779381800,122.2193818359375,-0.6890466785222291,0.164385383297503,-0.26899142067581416
1781099358804458000,122.2444580078125,-0.1385141521990299,-0.09432166699022054,-0.8234916815862059
1781099358829533000,122.26953295898437,-0.1508499021589756,-0.3219432586625218,-0.7677265397444367
1781099358854609000,122.29460888671875,0.07884674222171306,0.17917729423791168,0.07646890717446804
1781099358879683800,122.31968383789062,-0.2292635136604309,0.058908408303558826,-0.15012188014537095
1781099358904759800,122.344759765625,0.055880292654037475,-0.356660059517622,-0.5610954213917255
1781099358929834800,122.36983471679687,-0.42042555246353147,-0.8081821765124797,-0.7988383018448948
1781099358954910700,122.39491064453125,-0.024948563295602796,-0.003416530445218086,0.18087883745878933
1781099358979987000,122.41998706054687,0.44891865649819374,0.4428019271835685,-0.15166794054359198
1781099359005062000,122.44506176757812,0.054072950971126556,-0.03426233508586883,-0.19876725310981272
1781099359030137900,122.47013793945312,-0.24003216043412684,-0.49934214505106206,-0.1136579433619976
1781099359055212800,122.495212890625,-0.26773206826448437,-0.34821985569149255,-0.06204436824172735
1781099359080287700,122.52028784179687,0.2229974390029907,-0.197425775372982,-0.10654460422545671
1781099359105362700,122.54536279296875,0.09363923768401146,-0.22639760283529758,-0.4098708407014608
1781099359130439000,122.57043896484375,-0.4106102608919143,-0.42596272832453247,-0.8222913658857345
1781099359155513900,122.59551391601562,-0.6508008267581462,-0.1278881287664175,-0.7142784426733851
1781099359180589600,122.62058959960937,-0.1568015040397644,0.149370184995234,0.03207446965277195
1781099359205664500,122.64566455078125,0.33967385340332984,0.428921578130126,0.1788087531864643
1781099359230740700,122.67074072265625,0.4700993916928768,-0.6426058298647404,0.1567562035933137
1781099359255815700,122.69581567382812,0.45945174095034597,-0.07866846304535866,0.39645986272543665
1781099359280891600,122.7208916015625,0.2830506334275007,0.042078854055702684,0.2888660417079925
1781099359305967900,122.7459677734375,-0.2067073984593153,-0.10700520747452974,0.27524668167829514
1781099359331042800,122.77104272460937,-0.14379823008179662,0.01654723017513752,0.5151435252949595
1781099359356118800,122.79611889648437,-0.4642459894895553,-0.1805760551199317,0.5705678908750415
1781099359381193700,122.82119384765625,-0.5812357076227664,0.15600889235734938,0.5371946135833859
1781099359406269700,122.84626977539062,0.05313537786006927,0.14019465263187886,0.8178875779688358
1781099359431344600,122.8713447265625,0.3770499365955591,-0.016946166364848612,0.33017537269592284
1781099359456420600,122.89642065429688,0.9917390010088681,-0.0005544190123677253,0.5390285510122775
1781099359481495800,122.92149584960937,0.6622428427487611,-0.8133005424395203,0.07895663233697414
1781099359506571800,122.94657177734375,0.07505962489843368,-0.6445607633247972,0.3573132627293467
1781099359531646700,122.97164672851562,-0.2830734297811985,-1.0307432699248193,0.25210078389048574
1781099359556722700,122.99672265625,-0.04579904362261295,-0.36699762139767406,0.18475041819512844
1781099359581798000,123.0217978515625,-0.1495160232067108,-0.5818579311743378,0.09170856188237667
1781099359606873900,123.04687377929687,-0.048452188479900356,-0.6507973196268081,0.9014604719296098
1781099359631948800,123.07194873046875,0.5691489639878272,-1.0350848062604665,0.3168754538789391
1781099359657024800,123.09702465820313,1.3758938011735677,-0.7922522014528512,0.45447102992832655
1781099359682100700,123.12210083007812,1.232651451408863,-0.9900491482257843,-0.9878893398433923
1781099359707175700,123.14717578125,0.6956009224712848,-2.0007903713464734,-0.2663090497240424
1781099359732251600,123.17225170898438,0.2838964366018772,-1.692510019594431,-0.2645449626609683
1781099359757326800,123.19732690429687,-0.17572130856513976,-2.601765675444901,-0.10422609815001486
1781099359782402800,123.22240283203125,0.6828630214512348,-2.0465742173999546,-1.5040177845224738
1781099359807477800,123.24747778320312,-0.27798575125336644,-2.872627858428657,-1.4019263603135943
1781099359832554000,123.27255395507812,-0.5773427918374539,-1.5404267762482164,-0.20288141043037175
1781099359857629000,123.29762890625,-0.35491058550179,-1.4566612823247909,1.3076909103021024
1781099359882704600,123.32270458984375,0.17345687076449393,-0.20642887377887964,2.2274475019007918
1781099359907779600,123.34777954101563,1.3105629586070775,-0.4024634870544076,2.8326670194402337
1781099359932855800,123.37285571289063,1.1946464226633309,-0.2854550642207265,2.7870746043056247
1781099359957930800,123.3979306640625,1.560146206718683,-0.3484729536697268,1.34097680157125
1781099359983006700,123.4230068359375,1.5893980201661586,-0.2794689755484462,0.24356150360405443
1781099360008083000,123.4480830078125,1.807476122945547,-0.8202385250091552,-0.610367986343801
1781099360033158000,123.47315795898437,1.5920400591075419,-0.904596724128723,-0.9537994387149811
1781099360058233900,123.49823388671875,1.0279752665162085,-1.693205600643158,-0.8389017244249581
1781099360083309000,123.52330908203125,0.20653145737051962,-1.9980437029868363,-0.2779766911640763
1781099360108385000,123.54838500976562,0.41248365354835986,-2.4619676209151744,0.9028986880391836
1781099360133460000,123.5734599609375,0.9636626610815524,-2.0982953445479273,0.10714899985939264
1781099360158536200,123.5985361328125,1.7743688031136988,-2.092064633464813,0.8940434736713766
1781099360183611100,123.62361108398437,1.360915427750349,-2.288694582284987,-0.3733206869393587
1781099360208687000,123.64868701171875,1.5933429583996532,-2.705802973024547,0.14521101948916912
1781099360233762000,123.67376196289062,0.7707645922660827,-2.7660458448022602,-0.3776923261523247
1781099360258838300,123.69883837890625,1.369160693526268,-2.7877245926469563,0.7768713847085833
1781099360283913200,123.72391333007812,0.6602431933641434,-2.831162752357125,0.09136340170651673
1781099360308989000,123.74898901367187,0.8355272795557975,-2.915897968095541,0.9698004331842064
1781099360334065200,123.77406518554687,0.6217419055342673,-2.4317744349643586,0.4183572217568755
1781099360359140000,123.79914013671875,1.1328151126503945,-2.250571187856793,0.7087520804673433
1781099360384216000,123.82421606445313,2.5739801351577043,-1.5724012926578521,-1.8466127860695123
1781099360409291000,123.849291015625,2.9358687429785726,-1.6913754626065491,-0.6184738436490297
1781099360434367200,123.8743671875,0.44651159535646434,-2.121682649876177,0.008099719825387
1781099360459442200,123.89944213867187,-0.06766425395011902,-2.6964468233972787,0.5825155183002353
1781099360484518100,123.92451806640625,0.7891787853568792,-2.009671304677427,-0.3440028225183487
1781099360509593000,123.94959301757812,1.8069629127264022,-2.2293039434224364,-0.15451134727597235
1781099360534669000,123.9746689453125,1.6097002189606426,-2.1929273926615713,0.001225157880783081
1781099360559744000,123.99974389648438,1.1824480353474616,-2.2776035716891285,-0.3604480536237359
1781099360584820000,124.02482006835938,0.751157389998436,-2.3808280915811655,-0.11631927152574062
1781099360609895000,124.04989501953125,1.3002818030893801,-2.4461136337012053,-0.587631546139717
1781099360634971100,124.07497119140625,0.7740975360810757,-2.9430121849924324,0.2036331055805087
1781099360660046000,124.10004614257812,0.9938795201689005,-2.110990283209085,-0.25198738664388654
1781099360685122000,124.1251220703125,0.8640613001227379,-2.0051336612477897,0.12521978633999825
1781099360710198300,124.1501982421875,1.1004250011771917,-1.9527093542665241,-0.33589491938650606
1781099360735273200,124.17527319335937,1.228755613014102,-2.7966230616346,-0.43162996030598877
1781099360760349000,124.20034887695313,1.2145008776903152,-2.532635148334503,-0.6196516552567481
1781099360785424000,124.225423828125,0.5670014305651188,-2.226445631381869,-0.00535568181425333
1781099360810500000,124.2505,0.8115876010417937,-2.3107953549340365,-0.5537611329808831
1781099360835575000,124.27557495117188,1.7794295936346054,-2.6027596549183127,-1.165397531825304
1781099360860651000,124.30065112304688,1.2061989132910966,-2.5347695300146937,-0.9465662725910544
1781099360885726000,124.32572583007813,0.16236147625446318,-2.361090248671174,-1.3978446439579129
1781099360910802200,124.35080224609375,-0.035660511445999146,-2.1881305137738583,-0.41113370024412865
1781099360935877000,124.37587719726562,0.937020153349638,-2.0003648394107816,-0.8309469660282135
1781099360960953000,124.400953125,1.2035329089522362,-2.3371821343392134,-1.012479883481562
1781099360986028300,124.4260283203125,0.5860825631320477,-2.294680963218212,-0.2926528667703271
1781099361011104000,124.45110400390625,0.16225976944565773,-2.2894144209921357,-1.0200199235975742
1781099361036180000,124.47617993164063,0.20285832181572913,-2.478365213486552,-1.1143676018118858
1781099361061255000,124.5012548828125,-0.014515432086586951,-2.0112766940474507,-0.6612824732840061
1781099361086331600,124.52633154296875,0.3983475761681795,-2.1317153835907576,-1.059601407879591
1781099361111406600,124.55140649414062,0.5565472565680742,-2.4203423558458685,-1.116614211694896
1781099361136482600,124.57648266601562,0.023511808490753173,-2.33229290099293,-1.2775190594002603
1781099361161557800,124.60155786132813,-0.33274493092298507,-2.0866198120623825,-1.5606404199764132
1781099361186633500,124.62663354492187,0.1632370900452137,-1.8844515183374284,-0.744980454929173
1781099361211708700,124.65170874023437,0.3969815485119819,-1.905208182901144,-0.9885317294001579
1781099361236784600,124.67678466796875,0.09200959065556526,-2.0302444293677806,-1.3569716585606335
1781099361261859600,124.70185961914062,-0.2820762354373932,-2.044121271289885,-1.5547697743773459
1781099361286935600,124.726935546875,-0.16132921059727667,-1.7803858714461325,-1.3373966049969195
1781099361312010500,124.75201049804687,-0.18532383416891096,-1.3379270586118102,-1.2417384287059305
1781099361337086700,124.77708666992187,-0.41218730095028877,-1.7009700971648096,-1.2320181219413875
1781099361362162700,124.80216259765625,-0.409309115165472,-1.7303794392615555,-1.1290911236912011
1781099361387237600,124.82723754882812,-0.13120704405605793,-1.790109100820124,-1.2931594038635492
1781099361412313600,124.85231372070312,-0.5355880551695823,-1.400850840036571,-1.3530109382361173
1781099361437388500,124.87738842773437,-0.6171878954917193,-1.867684215670824,-1.1159309056058526
1781099361462464500,124.90246459960937,0.00016249708533287046,-1.9586676781490444,-1.0448612271264195
1781099361487539500,124.92753955078125,0.10156184737682342,-1.913490565817058,-2.064371739897132
1781099361512615700,124.95261572265625,-0.16444529679119585,-1.3278142453983426,-1.573266677315533
1781099361537690600,124.97769067382812,-0.35500936970114705,-1.3643679062917828,-1.876829937417805
1781099361562766600,125.0027666015625,-0.19355857855081557,-1.4972987054005265,-1.9574410589635372
1781099361587841500,125.02784155273437,-0.6872580415397882,-1.3809358869940043,-1.5049004125759005
1781099361612917800,125.05291772460937,-0.5545826784968376,-1.3760431465163827,-0.6294768837004899
1781099361637992700,125.07799267578125,0.3438718896150589,-1.2013698856994508,-1.4477300801113246
1781099361663068400,125.103068359375,0.5059340906620026,-1.3794336657375097,-1.7402867930307984
1781099361688143600,125.1281435546875,0.041999651339650154,-1.6599010046735405,-0.792866241697967
1781099361713219600,125.15321948242187,-0.6694669487833976,-1.763754762379825,-0.559932515092194
1781099361738295600,125.17829565429687,-0.39548984864950176,-1.1879644606813788,-0.7046221410557627
1781099361763370500,125.20337060546875,-0.4232470396250486,-0.8696946298345923,-0.9572633154332637
1781099361788446700,125.22844677734375,-0.6881997063040733,-1.6562003965899348,-1.1263213667169212
1781099361813521700,125.25352172851562,-0.6989379579395055,-1.959341924148798,-1.137058741569519
1781099361838597600,125.27859765625,-0.7258201196461915,-1.6635528051793573,-1.5667510118111967
1781099361863672600,125.30367260742187,-0.44972412766218184,-1.5499404545247555,-1.431776139654219
1781099361888748500,125.32874853515625,-0.37016719134449955,-1.9072621928215026,-1.1663976487785577
1781099361913823500,125.35382348632812,-0.5185141707718373,-1.5284250805482267,-0.6371063556656241
1781099361938899500,125.3788994140625,-0.053475569599866865,-0.9020248278141021,-1.4635250306144356
1781099361963974400,125.40397436523438,-0.02814472898840904,-1.1441694503575564,-2.0952716128125783
1781099361989050600,125.42905053710938,0.28320085555315017,-1.1374217296630142,-0.6398521472424268
1781099362014125600,125.45412548828125,-0.35539632319211956,-1.0664949667856096,-0.8846519604697823
1781099362039201500,125.47920141601563,-0.9001414982855319,-1.6939368375271557,-0.8447770461991428
1781099362064277800,125.50427783203125,-0.6075239950895309,-1.0701166644141078,-0.4511261034145951
1781099362089352700,125.52935278320312,0.02584288178682327,-1.3396648421898483,-0.3936360374763608
1781099362114428400,125.55442846679688,0.4632148928761482,-1.310534317034483,-1.2057707510069011
1781099362139503400,125.57950341796875,-0.17552607825398445,-1.3437085646227,-0.623152649115026
1781099362164579600,125.60457958984375,-0.19660861377120017,-1.5579644787654279,-1.08132136451751
1781099362189654500,125.62965454101563,-0.6819172650337219,-1.4162284419104456,-0.44199177984446286
1781099362214730500,125.65473046875,-0.06222118611335754,-2.103420432476699,-0.5806590767785906
1781099362239805700,125.6798056640625,0.7262672788918018,-1.9744863017886876,-1.8114017719566822
1781099362264881700,125.70488159179688,1.2302379605263472,-1.5945061569601295,-1.6701462120950221
1781099362289956600,125.72995654296875,1.4336176758676766,-0.5096434665739537,-1.1652373728275298
1781099362315032600,125.75503247070313,0.3018406740933656,-1.3510109965905546,-1.209896598765254
1781099362340107800,125.78010766601562,-0.4282283351689577,-1.852581339085102,-0.8278688737571239
1781099362365183500,125.80518359375,-0.42994449143707747,-1.674314729951322,-0.5103969152897596
1781099362390259500,125.83025952148438,0.2449310383915901,-1.2817287860497832,0.10976152044534683
1781099362415334700,125.85533471679688,1.0870996556580066,-1.4924322684079407,-0.5952940435916185
1781099362440410600,125.88041064453125,0.9941951619893312,-1.9342033912390468,-1.1181801458373666
1781099362465485600,125.90548559570313,0.5203250195860862,-1.6164873948827385,-0.8880734593510627
1781099362490561500,125.9305615234375,-1.0300994190633297,-0.7357651750773191,-0.13635346703380347
1781099362515636700,125.95563671875,-0.9397714978843927,-0.5747691419571638,-0.009155950880050659
1781099362540712700,125.98071264648438,0.39522096858024597,-0.2853884287253022,0.7277247842237353
1781099362565787600,126.00578759765625,0.6594149258464574,-0.24974516067504882,0.08157412135899067
1781099362590863400,126.03086328125,0.1343757372200489,-0.6367793156683444,0.5744920785814523
1781099362615938600,126.0559384765625,-0.7854325845658778,-0.23424860859662294,0.8867261363953352
1781099362641014500,126.0810146484375,-0.4885772976696491,0.026601883460581302,1.0295514297917485
1781099362666089500,126.10608935546875,0.4267722911417484,0.0011088380247354507,1.3673296787068248
1781099362691165700,126.13116577148438,2.003288617902994,0.26953298020660876,0.3866951322972774
1781099362716240600,126.15624072265625,1.6942893042266367,0.727398913270235,-0.2040963391780853
1781099362741316600,126.18131665039063,-0.09375263493061065,0.7627645334228873,0.5786997594043612
1781099362766392600,126.206392578125,-1.4249620757251977,0.13839812460392711,0.5715531025201082
1781099362791467800,126.2314677734375,0.04244973319470882,-0.33840281055420635,1.5240616246417165
1781099362816543500,126.25654345703126,1.7898001810014248,0.12669161245822905,0.24291677595973013
1781099362841618400,126.28161840820313,2.342158753708005,0.3807230721503496,-0.39647389125078913
1781099362866694700,126.30669458007813,0.9783715699136256,-0.15089958651959895,-0.07441109786182641
1781099362891769600,126.33176953125,-0.6413590446740388,-1.141087266433239,0.49426937183141706
1781099362916845600,126.35684545898438,-0.34360885476469993,-1.010299909093976,0.51644817815274
1781099362941920500,126.38192041015625,1.9219214172929524,0.5154053911015392,0.3498313825413584
1781099362966996700,126.40699682617188,2.1093208886921406,-0.18461013294160364,0.1958358758330345
1781099362992071700,126.43207177734375,0.6713888567566871,-0.49461628557294607,0.4761766657799482
1781099363017147600,126.45714770507813,-0.0010275894820690155,-0.018326222546398638,1.1617144593983888
1781099363042222600,126.48222265625,0.3045581163585186,-0.23957097266316413,-0.37325960440188644
1781099363067298000,126.50729809570312,0.06442600268125534,-0.9283002557992934,0.8672586348593234
1781099363092374000,126.5323740234375,0.5622668032586574,-0.9215487357124685,1.6638716618701814
1781099363117449000,126.55744897460937,0.5544990918666124,-0.36806700419485566,1.0009247625052928
1781099363142525200,126.58252514648437,0.18045418230593205,-0.6782339003458618,-0.15938333722651005
1781099363167600000,126.60760009765625,0.3224018160849809,-0.49102410629987714,0.7269277886271477
1781099363192676000,126.63267602539062,2.179007588380575,-0.06447510251998902,-1.7787296286717056
1781099363217751000,126.6577509765625,0.05934533841609955,0.91544749622792,1.0694462178066373
1781099363242827300,126.6828271484375,-1.5099802000582216,-2.5738208529427644,2.524599141395092
1781099363267902200,126.70790209960937,-1.5241571939706802,-1.7984174949601293,1.309414957615733
1781099363292978200,126.73297827148437,2.3764146590530872,0.3756573131933808,0.3910015973195433
1781099363318053000,126.75805322265624,3.736265087920427,0.9253492970392108,0.7258981533184647
1781099363343129000,126.78312915039062,1.4579723649233578,-1.4748068876072764,-1.367992818790674
1781099363368205000,126.808205078125,0.6680465605914593,-1.872106123766303,-1.8299641413465142
1781099363393280000,126.83328002929687,-0.6855249341368674,-1.689063094010949,-0.899716258610785
1781099363418356200,126.85835620117187,-1.7416273939847946,-1.6170783465132117,-0.17636574394851923
1781099363443431200,126.88343115234375,-1.284319679325819,-1.9379794026464223,1.5208458774656057
1781099363468507100,126.90850708007812,0.7064426344811916,-0.5335325839444994,0.8637114637717604
1781099363493582000,126.93358203125,3.6795161957383153,0.6011372166618705,-0.6340551514014602
1781099363518658000,126.95865795898438,3.3732916074723005,-0.2673600200816989,-0.9373302422121167
1781099363543733000,126.98373291015625,-0.00634907676577568,-1.3295046827033161,-1.4100278337046503
1781099363568809000,127.00880908203125,-1.3733295036435127,-0.8796919999748468,0.3734238550528884
1781099363593884200,127.03388427734374,-1.209430150297284,-0.15428250695616005,1.552660527138412
1781099363618960100,127.05896020507812,-0.05602350051701069,-0.8554898711323737,1.3219696110233663
1781099363644035000,127.08403515625,2.138316681551933,-0.9170341808974742,0.023468261609971522
1781099363669111000,127.10911108398437,1.9561136097520588,-0.6549664220049977,-1.3762208411708474
1781099363694186200,127.13418627929687,0.11932371403872966,-0.9539780101522802,-1.1081401055991649
1781099363719262200,127.15926220703125,-1.0690203936100005,-1.0832499944925307,-0.7948144531562924
1781099363744338000,127.184337890625,-0.17905542142391204,-1.1071581088244915,0.5901952591478824
1781099363769413000,127.2094130859375,0.9487468315005302,-0.7158055061101913,-0.40823885558545586
1781099363794489000,127.23448901367188,0.5859294183969498,-1.1439642831742762,-0.6158849961996078
1781099363819564000,127.25956396484375,-0.34824820500314235,-1.429577460566163,-0.14576631528437137
1781099363844640000,127.28463989257813,-1.0556272435516119,-1.359684716911614,-0.9273600523397326
1781099363869715200,127.30971508789062,-0.19738135170936583,-1.177074233354628,-1.0420677970156074
1781099363894791200,127.33479125976562,0.556698647737503,-1.5658873807191849,-1.1739981869101523
1781099363919866000,127.3598662109375,0.5074585237503051,-1.3072881747201084,-1.129072418990731
1781099363944942300,127.3849423828125,-0.54980362752676,-0.5567579767093062,-0.47143853134214875
1781099363970017300,127.41001733398437,-0.743773709487915,-0.3979156144917011,0.21305910557359456
1781099363995093000,127.43509301757813,-1.2073112584471701,-1.393043965677917,-0.6046165832102298
1781099364020168200,127.46016821289062,-0.5766963106274604,-1.287958328089118,-0.12488047138303518
1781099364045244200,127.485244140625,-0.6651514236718415,-0.7680944962739944,-0.7458779882907867
1781099364070319900,127.51031982421875,-0.6391466293215752,-0.969258581392467,-0.522470214921236
1781099364095394800,127.53539477539063,-0.1286287180006504,-0.5108671631500125,-1.0994167009174822
1781099364120471000,127.56047094726563,0.5568564686477184,-0.19366028535962104,-1.7745950130850077
1781099364145546000,127.5855458984375,0.3868225580692291,-0.4697954403102398,-1.674678594827652
1781099364170622000,127.6106220703125,-0.8954536327302456,-1.0779083412036299,-1.1391466537594794
1781099364195697200,127.635697265625,-2.0434937870413066,-1.1205278780072927,-0.4244219286233186
1781099364220772900,127.66077294921875,-1.5610253276407717,-0.577187601275742,-0.48802755483239885
1781099364245848000,127.68584814453125,0.17988661155104635,-0.657308308956027,-1.821605186063051
1781099364270923800,127.710923828125,1.0686094747215509,-0.32455197985619305,-1.8652587420895694
1781099364295999000,127.7359990234375,0.9590379238903521,0.23103198463767766,-1.0545964391991496
1781099364321075000,127.76107495117188,0.20462240887880323,0.8372519113913178,-0.6816121446073055
1781099364346150000,127.78614990234375,-1.2336720266282557,-0.3822507201090455,-0.8345370994746685
1781099364371226000,127.81122607421875,-0.6109522159725427,-0.18776742792874573,-0.40095395927429195
1781099364396302000,127.83630200195313,-1.517148776513338,-0.1915010614991188,-0.4287099812060594
1781099364421377000,127.861376953125,-0.6584709229946136,-0.8002081288933753,0.19416385096758604
1781099364446452700,127.88645263671874,1.6589742452174425,-0.3613409108102321,-2.3915873860046264
1781099364471528000,127.91152783203125,2.098864376607537,-0.37816330466493964,-4.008825599254667
1781099364496604000,127.93660400390625,0.7381108614206313,-0.0628986469835043,-2.3307979862600563
1781099364521678800,127.96167895507813,-1.383430041897297,-0.311768339998275,-1.1755813644483686
1781099364546755000,127.98675512695313,-1.509959157270193,-0.9776654674708842,0.011402268502116203
1781099364571830000,128.011830078125,-0.6876397343337536,-0.7361549050472677,-1.0578174470722674
1781099364596906000,128.03690600585938,-0.6463228045612573,-0.7055985848724842,-1.1163076299637555
1781099364621981000,128.06198095703124,-0.31200141810178755,-0.5587699010536075,-1.1207336297124624
1781099364647057200,128.08705712890625,-0.6857996594250202,-0.8635460440769791,-1.5195713274851441
1781099364672132000,128.1121320800781,-0.6064730247318745,-0.18206658593863248,-2.4825258402973414
1781099364697207800,128.13720776367188,-1.6571049442142247,-0.2141726197734475,-1.262417059597373
1781099364722283800,128.16228369140626,-1.341567753201723,0.055447161933779715,0.01942921535223722
1781099364747359000,128.18735888671876,-1.4358259995669125,-0.34615751633420583,-0.9203440360978246
1781099364772435000,128.21243505859374,-0.3777250593781471,-0.16449731923937796,-1.0602116487324238
1781099364797510000,128.23751000976563,0.0789408502459526,0.7609007853776216,-1.6416916865050792
1781099364822586000,128.26258618164061,-0.9920493821322918,0.01391775845438242,-1.0320596132203936
1781099364847661000,128.2876611328125,-0.7270505382239818,-0.6164617731742561,-1.2566031126216053
1781099364872737000,128.31273706054688,-0.6783201173245906,-0.6897388985700905,-2.248290675704181
1781099364897812000,128.33781201171874,0.5325222378581762,-0.22395342455357312,-2.2335247759878634
1781099364922888000,128.36288793945312,0.024837504136562345,0.39816228272914883,-2.57239403501004
1781099364947963000,128.387962890625,-0.5379202975094318,-0.2777250544905662,-1.9964460585318504
1781099364973038800,128.41303881835938,-0.1280968030810356,-0.48055166599377985,-2.01020614220649
1781099364998113800,128.43811376953124,-0.3189619047641754,0.06766717655956744,-1.920014853019267
1781099365023190000,128.46318994140626,-0.5071341141015291,0.0941113852404058,-1.1671376534909008
1781099365048266000,128.48826586914063,-1.035908397603035,-0.9479719016052782,-1.7038931450046597
1781099365073341700,128.513341796875,-0.7140460952222347,-0.25706556669101116,-2.820534390836954
1781099365098417400,128.53841748046875,-0.17325696427822113,0.9362997301205992,-1.3828231620453297
1781099365123492400,128.5634924316406,0.5274947650849819,0.9325487070240079,-1.3120466212935744
1781099365148568600,128.58856860351563,-0.8847884463310242,-0.673559040402621,-1.3619414097972213
1781099365173643500,128.6136435546875,-1.1691712051451206,0.42410146449729796,-1.0627005429387093
1781099365198719500,128.63871948242186,-2.3146470619261263,-0.5378459170989692,-0.5759960534036159
1781099365223794700,128.6637946777344,-0.47081835361719127,-0.5466181293584406,-1.4897469748467207
1781099365248870700,128.68887060546874,2.4327567239999768,1.1055126797050236,-4.319044517853856
1781099365273945600,128.71394555664062,1.5687129595339298,0.11156257851794361,-3.495899750009179
1781099365299021600,128.739021484375,-1.9756372253894805,-0.03958133815154433,-1.1731762030027806
1781099365324096800,128.7640966796875,-3.635881636673212,-0.6490560289174317,-0.5152107453122735
1781099365349172500,128.78917236328124,-1.2234528304308652,0.2697792100526392,-0.9249262493215501
1781099365374248400,128.81424853515625,0.8417039223641156,0.3557346152357757,-2.006689804648608
1781099365399323600,128.83932373046875,0.7241337739944458,0.38732583141624927,-1.9937907217174766
1781099365424399600,128.86439965820313,-0.0734334850013256,-0.005615355663746595,-2.1170640501648186
1781099365449474600,128.889474609375,-1.6507868471086025,-0.00348608855009079,-2.8304145643383265
1781099365474550500,128.91455053710936,-1.233822833275795,0.22909078744202852,-0.7789566665500401
1781099365499625700,128.9396257324219,-0.5244739559590816,0.7424180570952594,-0.9607479426786303
1781099365524701700,128.96470166015624,0.02778349446058273,0.08194280854091048,-0.9432366897769272
1781099365549776600,128.98977661132812,0.39599136843085286,0.17463453624173997,-2.7716034789294004
1781099365574852400,129.01485229492187,-1.0522300023287534,0.1387307175591588,-2.272532259774208
1781099365599927600,129.03992749023436,-0.9764122525393962,0.9736747903995215,-0.8540421565420925
1781099365625003500,129.06500341796874,-0.7330898183882236,0.2575657712981105,-1.9186700142815707
1781099365650079500,129.09007958984375,1.4738754519760608,0.3932262876316905,-2.9713696799486873
1781099365675154700,129.11515478515625,1.3850772245824337,0.71594783719033,-2.9906854980543254
1781099365700230700,129.14023071289063,-0.7802548896670342,-0.616514087883383,-1.0488397753685712
1781099365725305600,129.1653056640625,-1.2640139733999967,-0.8717248204879462,-1.45720371863842
1781099365750381600,129.19038159179686,-0.4321744424462318,-0.17578925923481584,-2.379254558654129
1781099365775456800,129.2154567871094,0.6524421642243862,0.37414413215145464,-1.3096475973278283
1781099365800532500,129.24053247070313,0.11242226408720016,-0.05898629584535956,-2.1888243412569164
1781099365825607400,129.265607421875,-0.3057072863936424,-0.5206530824966729,-2.6794848749414086
1781099365850683600,129.29068359375,-0.8753402345061302,0.8966087941147387,-1.2931865841314196
1781099365875758600,129.31575854492186,-1.0727630872696639,0.0655551528416574,-0.28468612567484375
1781099365900834600,129.34083447265624,-1.4139911843776702,-0.5292195430509746,-0.6221612999901175
1781099365925910500,129.36591064453125,-1.4392688334971666,-1.1456957831420003,-1.195278875347972
1781099365950985700,129.39098583984375,-0.09517419216632843,0.5182433910064399,-1.3564146091997622
1781099365976061700,129.41606176757813,-0.3230231628537178,0.6177876149505377,-0.9132260207861661
1781099366001136600,129.44113671875,-0.3409861050456762,-0.06509966415911912,-2.4740695621192454
1781099366026212600,129.46621264648437,-1.9443559519410132,-0.0032741993650794027,-1.3321554894730447
1781099366051287600,129.49128759765625,-1.9497902519494295,0.5449944736793637,0.9322700362130999
1781099366076363300,129.51636328125,-0.9167571175217628,-0.6058829498842359,-0.3199725431114435
1781099366101438200,129.54143823242188,1.347476100462675,0.1631723542459309,-2.850838928207755
1781099366126514200,129.56651416015626,1.2945698551833629,0.37582244062721726,-1.254184653303027
1781099366151589000,129.59158911132812,-1.1531348471015692,-0.3873584185115993,-1.153523261897266
1781099366176665300,129.61666528320313,-1.3700544274955988,-1.2227351836808025,-0.9884332374617457
1781099366201741300,129.6417412109375,0.9415361694693565,1.3308334470890462,-1.0223357993245124
1781099366226816300,129.66681616210937,1.2910861047208309,0.18436857927069067,-0.9635416650503873
1781099366251892200,129.69189233398438,-0.6393868678182363,-1.0021595649972557,-1.4238137824729085
1781099366276967200,129.71696728515624,-1.791099573162198,-0.9503357081271707,-0.42614276106655596
1781099366302043100,129.74204321289062,-0.5229390014767646,-0.3893136442326009,-0.16657938621044158
1781099366327118000,129.7671181640625,1.020911904001236,-0.06894114201813936,-1.6545055753707885
1781099366352194300,129.7921943359375,0.9196645294010639,0.6038561202317476,-1.245736266170442
1781099366377269200,129.81726928710938,-1.4918214430332184,-0.6035407706722616,0.33035219056755305
1781099366402345200,129.84234521484376,-3.696447456794977,-1.176691956038773,1.2346169062629342
1781099366427420200,129.86742016601562,-2.3477111271381377,-1.5774936473608017,0.23120149598568676
1781099366452496400,129.89249633789063,2.8897955585896966,0.6793649502024054,-1.9546973132133483
1781099366477571300,129.9175712890625,2.9748399864077566,1.287290511830151,-2.1472940609946845
1781099366502647000,129.94264697265626,-1.0087123476415871,-0.9713909172460437,0.2964306317433715
1781099366527723300,129.96772314453125,-2.7514193535566327,-0.9042173694223165,-0.517964427934587
1781099366552798200,129.99279809570314,-1.5416636245667934,-0.6136451083183289,1.423792447423935
1781099366577874200,130.01787426757812,1.8153490482777357,0.34937837807685135,0.6262614287853241
1781099366602949000,130.04294921875,1.0799965456545353,-0.7884814507424831,-0.739099872457981
1781099366628025300,130.068025390625,1.2348872476369142,-1.6398285229817031,-0.20487229198664425
1781099366653100300,130.09310034179688,-1.8322651117652653,-1.2915344330102205,-0.459242774374783
1781099366678176300,130.11817626953126,-0.4967559279501438,-0.9241095261111855,-0.31750790656358
1781099366703251500,130.14325146484376,1.3486837226867674,0.146386200748384,-1.2796806213483214
1781099366728327200,130.1683271484375,1.6788906595647335,0.4160033521071076,-1.0382014769762753
1781099366753403100,130.19340307617188,-0.9468436282277106,-0.4159621433138847,2.1046397451385856
1781099366778478000,130.21847802734376,-1.5403069492608308,-1.6082292696252465,1.1640656986996532
1781099366803554300,130.24355419921875,-0.2023673234283924,-0.6347779127180576,0.7102566398113965
1781099366828629200,130.26862915039064,2.0989678369820117,-0.05572685565799474,0.5836614734649658
1781099366853705200,130.29370532226562,1.6492553997576236,-0.7205462708964944,-1.172387829104066
1781099366878780400,130.31878051757812,0.9408423419862985,-0.8668588218867779,-1.441325181505084
1781099366903856400,130.3438564453125,-0.014487959557771681,-0.9643880527466535,0.3006087942108512
1781099366928931300,130.36893139648438,-0.14730068524479864,-0.7305147072032093,0.02995733136832714
1781099366954007000,130.39400708007813,-0.06318506270945072,-0.8926692627087235,1.1992799276828765
1781099366979082200,130.41908227539062,0.6651204440116882,-0.29073943436443805,1.320742991837859
1781099367004158200,130.444158203125,0.6340805781036615,-0.9992512763351201,0.07487871537357568
1781099367029234200,130.46923413085938,0.6061842709183692,-0.6274325183913111,-0.02869154921621084
1781099367054309400,130.49430932617187,-0.8403133447885512,-1.2537363250136375,0.9834826293170451
1781099367079384800,130.519384765625,-1.14242815964818,-1.1808642732873558,1.2158394328176974
1781099367104459800,130.54445971679687,0.11802256831228733,-0.6824722685679793,0.9758739078789949
1781099367129535700,130.56953564453124,1.6446511208325623,0.204214412599802,0.6227262403964996
1781099367154610700,130.59461059570313,1.9750679010689258,0.47844636427760123,0.36195319748967886
1781099367179687000,130.61968701171875,0.9154799371927976,-0.404174674886465,0.6287929930895566
1781099367204761900,130.6447619628906,-0.23317805675566194,-0.7324275550872087,1.2731377755761146
1781099367229837600,130.66983764648438,-0.5728168388456106,-1.151340949422121,2.0815900012016297
1781099367254912500,130.69491259765624,1.7457120329499243,0.15636632749289273,0.7393529704362154
1781099367279988700,130.71998876953126,2.725174320709705,0.16222469813227652,-1.1469348234176635
1781099367305064700,130.74506469726563,2.0760347051620482,-0.04333586837947368,-0.27791619314849375
1781099367330139600,130.7701396484375,0.5869651911854744,-0.5334522121846675,0.776786336773634
1781099367355216000,130.7952158203125,0.003960720324516296,-1.3593348805606364,0.4897328974455595
1781099367380290800,130.82029077148437,0.8849836766421795,-1.1938567335903645,0.5932026242703199
1781099367405366800,130.84536669921874,1.4019927035480737,-0.922668971914053,1.2322627443522214
1781099367430441700,130.87044165039063,1.0710124442100524,-0.34427696328461166,1.48639123467803
1781099367455517700,130.895517578125,1.2525275337457655,0.31242431968897577,-0.10375614255070685
1781099367480592600,130.92059252929687,1.3535995517790316,-0.08983663053065538,-0.21120529440045355
1781099367505668600,130.94566870117188,0.23139292690455912,-1.844988984259963,1.1932739652663469
1781099367530743600,130.97074365234374,-0.8871768027722835,-1.71918116889894,2.5217665483176708
1781099367555819800,130.99581982421876,0.9634218380630015,-1.1030068343639372,0.8031874369651079
1781099367580895700,131.02089575195313,2.6502193252295254,0.11348434036076069,-0.6266776083707809
1781099367605970700,131.045970703125,2.5198072309434414,0.2401797522112727,0.4004916024595499
1781099367631046700,131.07104663085937,-0.1776367867976427,-0.779598471584916,1.203956687322259
1781099367656121900,131.09612182617187,-1.6769681670695542,-1.0349588417932392,1.775325665447116
1781099367681197600,131.12119750976564,0.3070943568378687,-1.1198889955818652,2.539480484184623
1781099367706272500,131.1462724609375,3.0303742421030995,-0.4941489603221416,-0.1504880831092596
1781099367731348700,131.1713486328125,3.1391765621274708,-0.02060147400200367,-0.28292379217743874
1781099367756423700,131.19642358398437,1.6220786390185356,-0.28451719884872434,-0.6435305434942246
1781099367781499600,131.22149975585938,-0.3878904795616865,-1.3764403291404246,0.2904495115071535
1781099367806574800,131.24657495117188,-0.6400315954625606,-1.1138272113248706,1.1516694507241247
1781099367831650800,131.27165087890626,0.3786626324892044,-1.3856626232549547,2.0075813466608525
1781099367856726500,131.2967265625,2.449622518604994,0.609114771412313,-0.5557663353234529
1781099367881801700,131.3218017578125,2.48610895948112,-0.3415051604837179,-0.09911620779037475
1781099367906877700,131.34687768554687,-0.3629986148893833,-0.9262649505794047,0.6331745691746473
1781099367931952600,131.37195263671876,-2.432204350814223,-2.033646054504812,1.171583819244802
1781099367957028600,131.39702856445314,-1.0431044465869665,-1.35107529399842,3.2014144071146844
1781099367982103800,131.42210375976563,1.4428893620818852,0.8048360809549688,1.2629653411298989
1781099368007179800,131.4471796875,2.413211481052637,0.5343944614708424,-0.43437195249050853
1781099368032254700,131.47225463867187,1.3768132541060447,-0.24409137269705533,0.19541765042096376
1781099368057330700,131.49733056640625,-2.6284324408352373,-1.1413123073607683,3.1644547957688567
1781099368082406400,131.52240649414063,-1.4171540323227643,-1.8168930628493427,1.8984078552365302
1781099368107482400,131.547482421875,2.0091525415003297,-0.5271589572593569,-1.0557190134882926
1781099368132558300,131.57255834960938,4.838298693338036,0.04859890347421169,0.16647972522825003
1781099368157633300,131.59763330078124,2.1493425179570913,1.244939855095744,-0.8048989170581102
1781099368182709500,131.62270947265625,-2.361343931171298,-0.9973349213197826,-1.224389234498143
1781099368207784400,131.6477844238281,-0.4613888464927673,0.06447013408392667,1.059981931629777
1781099368232860400,131.6728603515625,0.6173305188328028,0.35470308023095126,3.6221103009521958
1781099368257935400,131.69793530273438,2.2773317690104244,-0.47418958361595864,-0.8449293141514063
1781099368283011300,131.72301123046876,1.8723627288758753,-0.8070990574508905,-0.5575447431728243
1781099368308086300,131.74808618164062,0.9466273551285266,-0.09784428815841674,0.3410618006303906
1781099368333162200,131.77316235351563,-1.138953761535883,-1.0770181143656372,-0.1861591159492731
1781099368358237200,131.7982373046875,-0.3929313963383436,0.018340251071751117,0.009460486784577369
1781099368383313400,131.8233134765625,0.7288251466810702,-0.37105128070265053,0.8018328074857592
1781099368408389400,131.84838940429688,-0.25363398480713367,-0.41371173403859135,1.7033844648301601
1781099368433464300,131.87346435546874,-0.8420429450601339,-0.20506138481795785,1.3103098606288432
1781099368458540500,131.89854052734376,0.05407645810246467,-0.4859311670750379,0.35790012270659205
1781099368483615500,131.92361547851561,-0.33854806424379347,0.07735825722962618,-0.952493909074366
1781099368508691200,131.94869116210938,-0.31340076350569723,-0.9165265236362814,2.2489774889245626
1781099368533766100,131.97376611328124,-0.273365105715394,-0.7609484239116311,0.4117462791845202
1781099368558842400,131.99884228515626,1.7705840238779782,0.11006284147948026,-1.384731772145629
1781099368583917300,132.02391723632812,2.8718852233678103,0.986519220533967,-0.15555413432717322
1781099368608993300,132.0489931640625,0.3671194942116737,0.040380817966163156,-0.09149871852397919
1781099368634068500,132.074068359375,-1.5196470230698584,-0.807702284041047,-0.0261205296844244
1781099368659144400,132.09914453125,0.0783089820832014,-0.21868249841332435,1.3814832917436957
1781099368684220400,132.12422045898438,0.3732371003091335,-0.22548457964360713,0.8822174267992376
1781099368709295400,132.14929541015624,-0.039490883389115335,-0.9426642967164516,-1.2781348532110453
1781099368734371300,132.17437133789062,-0.05657236657142639,0.08654548003077507,0.9528972291782498
1781099368759446300,132.1994462890625,0.4851350482612848,1.1735820073246954,-0.6068512103945016
1781099368784522200,132.22452221679688,-0.10972294200062752,-0.3911971198916435,-0.611718231908977
1781099368809597400,132.24959741210938,-2.599977915245294,0.7813733723029493,2.746952145014703
1781099368834673400,132.27467333984376,-2.199143782958388,-0.15195055687725542,3.7236844232887027
1781099368859748400,132.29974829101562,0.4303168318808078,1.1906564762443304,-1.7543267165601253
1781099368884824300,132.32482421875,1.3630559469103813,1.1133835592105985,0.7552820687130093
1781099368909900500,132.34990063476562,1.2350409768939017,0.8129474912181496,1.2844348301380872
1781099368934975500,132.3749755859375,-1.5768296304941176,-0.8139391326040029,-2.9147584426715967
1781099368960050400,132.40005053710937,0.4997252991497516,1.2738365714952349,-0.9664327103167771
1781099368985126100,132.42512622070313,0.04195113602280617,1.1900839370533822,1.5653732937172053
1781099369010201300,132.45020141601563,0.546739563781023,0.0655672816708684,-1.4064432532161473
1781099369035277300,132.47527734375,-0.9055296210646628,0.6475871254086494,-0.1119566924020648
1781099369060352300,132.50035229492187,-0.5944195988446473,-0.12978490229845047,3.085141897340119
1781099369085428000,132.52542797851564,0.25396073254346846,0.4003466410309076,0.2085802065938711
1781099369110504200,132.55050415039062,2.962195024368167,0.9278931363031268,-1.4200503382861613
1781099369135579100,132.5755791015625,1.5421370872974396,1.0885308575049042,-0.2714221549540758
1781099369160655000,132.6006550292969,-2.7655940093815325,0.2570125213295221,1.5442822826325893
1781099369185730000,132.62572998046875,-1.616483010968566,-0.06901800664663314,0.3508960891634226
1781099369210806000,132.65080590820313,0.7669564321547746,1.1139371014401316,-0.8611822375550866
1781099369235881200,132.67588110351562,2.2003180874347685,1.6024389957860112,0.45061873841434713
1781099369260957000,132.70095703125,-1.1750538334429264,-0.4230702217534184,0.8062202287897468
1781099369286032100,132.7260322265625,-1.6086930877447128,-0.9272592223137617,0.12113280928730964
1781099369311108000,132.75110815429687,-0.560816604450345,1.0529334744229912,0.0795747642353177
1781099369336184000,132.77618408203125,0.6402776791781186,0.5104369550392032,1.0897165601581333
1781099369361259000,132.80125903320314,0.4252034343898296,1.6057152409777045,-0.8151005775988102
1781099369386335200,132.82633520507812,-0.21846739435791968,-0.24364976640939712,-0.13245412150770425
1781099369411410200,132.85141015625,-0.6728887399256229,0.9834335294783115,-0.8088435630306601
1781099369436486000,132.87648583984375,-2.9099194782078266,0.009838380186259746,0.2214931719198823
1781099369461561000,132.90156103515625,0.23436405166983604,-0.007381050162017345,0.3371607015386224
1781099369486637000,132.92663696289063,0.5638941121995449,1.677168365816772,-0.7545613532230258
1781099369511713000,132.9517131347656,1.5043945088803767,-0.04365151019990444,-0.09275076441168785
1781099369536788000,132.9767880859375,-1.4147604151844977,0.6729083214089274,0.30766660376787186
1781099369561864200,133.0018642578125,-2.8466894073128697,-0.7854828534483909,1.171514553400874
1781099369586939100,133.02693920898437,0.058960723012685776,-0.10575754550099373,-0.20757278311699628
1781099369612015000,133.05201513671875,1.3704793749094009,0.16498890214860437,-2.0175702412337064
1781099369637090000,133.07709008789064,0.8365513619065285,-0.7627607340306043,-1.2242208921939133
1781099369662166000,133.102166015625,-1.9832430242180823,-0.5998112287551164,0.07780833908468485
1781099369687242000,133.12724194335937,-2.4293910469591617,0.544695490732789,0.5534866999536753
1781099369712317000,133.15231689453125,0.8885890076577663,1.2418985877037048,-0.05937105737924576
1781099369737393200,133.17739306640624,1.124361757081747,1.4224638291686773,-0.9039715779677033
1781099369762468000,133.20246801757813,0.45990942158997056,-0.14340250876247881,0.11566986770629882
1781099369787544000,133.2275439453125,-0.5375426963686942,-0.061876318198442457,-0.2931561401173472
1781099369812619000,133.25261889648436,0.8284440432965755,0.787224728679657,-1.844550592842698
1781099369837695200,133.2776953125,1.5705267309576272,0.3653574529752135,-1.0787085516706107
1781099369862771000,133.30277099609376,-0.014960253244638443,0.5990352759465575,-0.8095429434716701
1781099369887846000,133.32784594726562,-0.7703016509294509,-0.04266483725011348,1.0800973756805061
1781099369912922000,133.35292211914063,-0.5612918207466602,0.3141208944737911,-1.3782161066412926
1781099369937997000,133.3779970703125,-0.8749193787455558,-0.9591720716640353,-0.5785191421404481
1781099369963073000,133.40307299804687,-0.5085305368959904,-0.8578922560989857,-0.19368483527898786
1781099369988148000,133.42814794921875,-0.44020694225430484,-0.9254863674223422,-0.3756377317100763
1781099370013224200,133.45322412109374,0.2541419343292713,0.5636854378849268,-1.1887307688787578
1781099370038300200,133.47830004882812,0.1764905393719673,0.2117287337526679,0.3301043532863259
1781099370063375000,133.503375,-1.0758721592009066,0.3762111476838588,-0.22667846560329197
1781099370088450800,133.52845092773438,-1.187415886887908,-0.6804916161447763,0.8338371345117688
1781099370113525800,133.55352587890624,-1.3356114751458168,-0.6750277977809309,1.3372419989570974
1781099370138601700,133.57860180664062,-1.1891256134152413,-1.1869392092868685,0.29218028082251546
1781099370163676700,133.6036767578125,0.798064102602005,0.24126871649175882,-0.8752294676080346
1781099370188753000,133.6287529296875,1.2934119173198937,0.9910568639636039,-0.6572969107791781
1781099370213828900,133.65382885742187,0.2854138554275036,0.09846358910053968,-0.5712599647924304
1781099370238903800,133.67890380859376,-1.1571920135378837,-1.2298965997427702,-0.9969944373190402
1781099370263980000,133.70397998046874,-1.3414812439620494,-0.4470420489713549,0.40726328855156896
1781099370289055000,133.72905493164063,-0.3671761928349733,-0.5854337438344955,-0.025168343526124952
1781099370314130700,133.75413061523437,1.1944810029685498,-0.30740590700507164,-1.4280916059225797
1781099370339205600,133.77920556640626,1.0017793335080145,-0.020498890410363672,-0.5262272293671966
1781099370364281900,133.80428173828125,-1.0834598378509281,-0.4020034683272242,-0.0386906729221344
1781099370389357800,133.82935791015626,-0.745045629119873,-0.44652357805520293,-0.46871027542203664
1781099370414432800,133.85443286132812,-0.08333996198773383,-0.24069734634459017,0.00028436989933252336
1781099370439509000,133.87950903320314,1.42408120123744,0.7316086399197578,0.5770780034214258
1781099370464584000,133.904583984375,0.6343441974759102,0.5044453134089708,0.30655805800408126
1781099370489660000,133.92965991210937,-0.16495675344467162,-0.9159890557587146,-0.34230741677731275
1781099370514734800,133.95473486328126,-2.377506545943022,-1.7259055087178945,-0.7119786412984133
1781099370539810800,133.97981079101564,-0.5033505039095878,-1.476084944719076,0.8130953752562403
1781099370564886800,134.00488671875,3.1748376580953597,1.6443059606567023,-3.0345106112554667
1781099370589961700,134.02996166992187,2.0045318959623573,0.056337096510827536,-2.3586609756976364
1781099370615038000,134.0550378417969,-3.2199569027602672,0.033595980131626124,1.7219801519677043
1781099370640113000,134.08011279296875,-3.7077930266737935,-2.4343337640583513,2.038285697004199
1781099370665188900,134.10518896484376,0.6446995872735977,-0.186405491925776,-1.551580330686271
1781099370690263800,134.13026391601562,4.269999624177813,0.6959741396978497,-1.9201625909268856
1781099370715339800,134.15533984375,2.2113480154931544,2.1964722256615756,-0.019191022682189942
1781099370740415700,134.18041577148438,-3.169042708081007,-0.27806115457713604,-0.1637231199964881
1781099370765490700,134.20549072265624,-2.6052666693031785,-1.2531614477351307,0.07760258737951517
1781099370790567000,134.23056689453125,-0.3111106067419052,-0.5259495814695954,-0.5889964047521352
1781099370815641900,134.25564184570314,2.5726146920233965,-0.06672463501244782,-1.3940654176801441
1781099370840717800,134.2807177734375,1.3124527178764342,-0.06774433344900607,-0.32807401650249957
1781099370865792800,134.30579272460938,-0.8782768724799156,0.4485559606656432,-1.0512132265016436
1781099370890869000,134.33086889648436,-1.9920570297926663,-0.25380349615514275,-0.13288053022623061
1781099370915944700,134.35594482421874,-0.6473579928278923,-0.36296529714167114,-0.16725217090547084
1781099370941019600,134.38101953125,-0.5960434006541967,-1.2710095313757657,0.3312625834107399
1781099370966096000,134.4060959472656,0.4609533776849508,-0.18666501964479684,-1.057329663555324
1781099370991170800,134.4311708984375,-0.6384966409802436,-0.0011468319475650788,0.025275895553827286
1781099371016246800,134.45624682617188,-0.6817781488239765,0.10754062952548264,-1.0688149341657758
1781099371041321700,134.48132177734374,-0.23565116887092588,0.4004869262844324,-0.6130398359015584
1781099371066398000,134.50639794921875,0.2511795773923397,0.3476218897983432,0.528871021874249
1781099371091474400,134.53147436523437,-0.5745324105918407,-0.9216805453985929,-0.1676271416977048
1781099371116549400,134.55654931640626,-0.7549369085371493,-0.8520628192931413,-0.16158376988023518
1781099371141625600,134.58162548828125,-0.031465397843718525,0.1487842018008232,-0.3550152149200439
1781099371166700500,134.60670043945314,0.5838648870825767,0.256833657631278,-2.239603511379659
1781099371191776500,134.63177661132812,0.6662134999454021,-0.577660333354026,-1.3879323217526078
1781099371216851500,134.6568515625,-1.417154616844654,-0.4597881332978606,0.5845546229124069
1781099371241927700,134.681927734375,-1.5073440063357353,-1.2539061286225914,-0.02039835264533758
1781099371267002600,134.70700268554688,0.2023193926334381,-0.6561281592607497,-0.32591976107805964
1781099371292078600,134.73207861328126,1.271339201721549,0.601130494660139,-1.132013733139634
1781099371317154600,134.75715454101564,-0.4634381802380085,-0.44294630409032104,-0.23079613005518912
1781099371342229500,134.7822294921875,-0.9370634079694747,-0.05890548569411039,-0.7832949880152941
1781099371367305500,134.80730541992187,-0.8277168980658054,-0.09806757552027702,-0.7145914541453122
1781099371392380400,134.83238037109376,0.39159517929852006,0.29107904158234593,-0.25044337207227946
1781099371417456600,134.85745654296875,0.5124339740753173,0.15765329856351018,-1.158397882196307
1781099371442531600,134.88253149414064,-0.1686789888381958,-0.5852016886442899,-0.16440613382458685
1781099371467607600,134.90760766601562,-0.4463315626144409,0.41988004740998147,-0.5518132137835026
1781099371492683800,134.93268383789064,0.2801309465885162,-0.5951911677390337,-1.3960983848124742
1781099371517758700,134.9577587890625,0.2646726806938648,-0.026611089680343866,-1.1840557628050445
1781099371542834400,134.98283447265624,0.27387656236886976,-0.7782645926326512,-0.6938245604485272
1781099371567909400,135.00790942382812,-0.370199924570322,-0.3795288939297199,-0.7416957341700792
1781099371592985600,135.03298559570314,-0.6295744988560676,-0.7948911716543138,-0.8106044352233409
1781099371618060500,135.058060546875,-0.2963666265964508,0.3881267725355923,-0.10279022012799978
1781099371643136500,135.08313647460938,0.0504068296790123,-0.03531301318258047,-0.8186553474709392
1781099371668212700,135.10821264648436,-0.8524240538209676,0.007716565726697444,-0.5292404397085309
1781099371693287700,135.13328759765625,-1.144679153445363,-0.44935675565451383,1.0572311716169118
1781099371718363600,135.15836376953126,-0.3811936122715473,-0.00019376900643110274,-0.5196060576617717
1781099371743438600,135.1834384765625,0.23603929140567778,-0.7111199786424637,-1.4246759522601962
1781099371768514600,135.2085146484375,0.1009440077394247,-0.2902349919736385,0.049665655922889705
1781099371793589500,135.2335895996094,-0.2238742218375206,0.8168708021417259,-0.7104726206496358
1781099371818665500,135.25866552734374,-0.6436018551647663,0.302350961703062,-0.584599046576023
1781099371843741700,135.28374169921875,-0.5523498048782348,-0.21059505354762076,-0.16831366265714168
1781099371868816600,135.3088166503906,-0.9523626839101313,-1.2161986215189098,-0.9024418841823935
1781099371893892600,135.333892578125,0.09945523048639297,-1.1306725476637483,-0.5134197702422738
1781099371918967600,135.35896752929688,0.5644599293887614,0.003345511035621166,-1.0017097754031419
1781099371944043500,135.38404345703125,0.35987083825767036,-0.2669137376189232,-2.3175065430104733
1781099371969118700,135.40911865234375,-1.6169009441196918,-0.5409212328910827,0.1400315710246563
1781099371994194400,135.4341943359375,-0.8097486951768398,0.11838701771050691,1.3068240643396973
1781099372019270700,135.4592707519531,-0.5925637418448925,0.7991223794832826,-0.3909770474001765
1781099372044345600,135.484345703125,0.4578817151546478,-0.28679420386999843,0.18154110075980423
1781099372069421600,135.50942163085938,-0.04928337860703468,-0.05931932719200849,-0.17702800724953413
1781099372094495700,135.53449584960939,-0.5180325247347355,-0.5440151072531938,-1.5191624544233082
1781099372119571700,135.55957177734376,-0.38050738357305525,0.058140931062400335,-0.26809622540175915
1781099372144648000,135.58464794921875,0.06308160233497619,0.5540408267050981,-0.33004034813940525
1781099372169723000,135.60972290039064,0.570587472358346,0.04289689244031906,-1.1960834697291254
1781099372194798600,135.63479858398438,-0.2323006893992424,-0.08185147699564695,-0.10235796619057655
1781099372219873800,135.65987377929687,-0.7328834821611643,-0.5547539434105158,0.18217238440066574
1781099372244949800,135.68494970703125,-0.2625911982446909,-0.06037555824667215,-1.6330129977479577
1781099372270024700,135.71002465820314,0.7770505406677722,0.20665245340168475,-1.2665747637987137
1781099372295100700,135.7351005859375,-0.6900561478257179,-0.4603983741506934,0.48475861616432664
1781099372320177000,135.76017700195314,-0.6829600520849227,-0.07740589576363563,-0.34613135897964237
1781099372345251800,135.785251953125,-0.716384182780981,0.674373133264482,-0.05075841959565878
1781099372370327800,135.81032788085938,1.0320002842485905,0.6365764865726232,0.2075330356284976
1781099372395402800,135.83540283203126,-0.43591538254022594,0.24898060604333877,-0.03177694801092148
1781099372420478700,135.8604787597656,0.5443418549895286,0.21293664823770522,-0.054831952644884586
1781099372445553700,135.8855537109375,-0.2892085715353489,-0.5373132715269923,-1.531102775324881
1781099372470629600,135.91062963867188,0.9064064038991928,0.093645667424798,-0.8804510016486048
1781099372495705900,135.93570581054686,1.2032932549774646,0.017089958749711514,-0.9809621709287166
1781099372520780800,135.96078076171875,0.17639233969449997,-0.1462964766383171,-1.0536609119147062
1781099372545856800,135.98585668945313,0.21258359701633453,-0.9980778486415743,-0.6277315013378858
1781099372570931700,136.010931640625,-0.8060323050022125,-0.7832163698211312,-0.7499801629126072
1781099372596008000,136.0360080566406,-0.1777367400407791,-0.48665772778391836,0.18342939872443675
1781099372621083600,136.06108374023438,-0.5877303303390741,-0.9182909029603004,-0.0019248305827379226
1781099372646158600,136.08615869140624,-0.41213469398021696,-0.34428573111295696,-1.0072358453482388
1781099372671234800,136.11123486328125,-1.4255389988303184,-1.5019403937265277,1.727721033707261
1781099372696309800,136.1363098144531,0.3138800714552402,0.21979045965522526,-0.20951398031264543
1781099372721385700,136.1613857421875,-0.08684241715073585,0.5492173520714044,-0.9008093145444989
1781099372746460700,136.18646069335938,0.02576104872226715,-0.34558307744711636,0.6933519745007157
1781099372771537000,136.21153686523436,-2.4745588069409132,-1.1556328013971446,-0.32622605054825543
1781099372796612900,136.23661279296874,-0.5340536852091551,-0.771351452243328,-0.12293138314187527
1781099372821687800,136.26168774414063,1.9973264946281908,0.8156368764325976,-0.09459317740797996
1781099372846763800,136.286763671875,0.9627057987481356,-0.7040513554304838,-1.0120505521535872
1781099372871838700,136.31183862304687,-0.60748833925426,-1.3839374068975447,0.09199117821604012
1781099372896914700,136.33691479492188,-0.561610969698429,-0.6053975044548511,0.08566840493530034
1781099372921990700,136.36199072265626,0.02043722335100174,-0.44027445453256364,-1.4027321237385273
1781099372947065900,136.38706591796876,-0.618609452727437,-0.9679963063716888,1.0244693042218684
1781099372972141800,136.41214184570313,0.47467502904534337,0.5224132240369915,0.8780527083352208
1781099372997216800,136.437216796875,-0.0187222361266613,0.12653349928706883,-1.5415966968104242
1781099373022292700,136.46229272460937,-1.050790909436345,-1.2125959208518267,1.3125848198235035
1781099373047368700,136.48736865234375,-1.6779940029859541,-1.1531570589333773,0.39419805527329443
1781099373072443600,136.51244360351564,-0.023441081342101096,0.19337094702422616,-0.8908911471202969
1781099373097520600,136.53752075195314,1.3681915562331675,1.3112941954910755,0.059956748312711715
1781099373122595600,136.562595703125,-0.3139730104357004,0.6262225580796599,0.5265986930280924
1781099373147671600,136.58767163085938,-1.337326462370157,-0.2523825234413147,0.794505533337593
1781099373172747500,136.61274755859375,-0.19737141483724116,0.732100515089929,0.8110118469804525
1781099373197822500,136.6378225097656,1.5012567953765392,1.8944398283883928,-0.3421346905589103
1781099373222898400,136.6628984375,3.265504601970315,1.5673954471945761,-0.13915420366823672
1781099373247973400,136.68797338867188,1.7332576250463723,1.5768082954451441,-0.42683804985433815
1781099373273049600,136.71304956054686,1.5809528479039667,0.8405500761538743,-1.19011637801826
1781099373298124500,136.73812451171875,1.1897440375745296,0.033922727867960925,-0.4132087529525161
1781099373323200500,136.76320043945313,0.8020780144184827,0.8251996545478701,-0.5059028187409043
1781099373348276700,136.78827685546875,0.11498480805158615,1.0017378324538468,0.38836949525028464
1781099373373351700,136.8133515625,-1.5261457374393939,0.651532355903089,1.5656564945727587
1781099373398427400,136.83842749023438,-2.4554081162691115,0.6688701519340277,1.9670745642274616
1781099373423502300,136.86350244140624,-0.7722054387241601,1.2055199911162255,2.9914605740800497
1781099373448578600,136.88857861328125,-0.34222587597370147,2.164114262892306,1.8366303212374449
1781099373473654500,136.91365454101563,-0.28239596891105173,1.4215315167546272,1.5811346342116592
1781099373498729500,136.9387294921875,-1.26305652654469,0.7794292524978518,2.0963979864940048
1781099373523805700,136.9638056640625,-1.087451537835598,0.9519622864156961,0.14193857368975876
1781099373548880600,136.98888061523436,0.04044716120064258,1.5099156103894114,0.18524784632325172
1781099373573956600,137.01395654296874,0.5569570064127445,1.8170897544652223,1.2319830506280063
1781099373599032300,137.0390322265625,-0.27650340374112126,0.7469692906588316,1.136978662070632
1781099373624107500,137.064107421875,-0.8510983581751584,0.2760398778825998,0.9438657814607023
1781099373649183500,137.08918359375,-0.2604547707378864,0.8913976353377103,0.8904533402249216
1781099373674258400,137.11425854492188,0.5582528914421796,1.4579896083191037,0.8192492217108607
1781099373699334400,137.13933447265626,0.9771814833462238,1.6288903648599982,0.5387222615420818
1781099373724410600,137.16441064453124,0.03836684779524803,1.7775047630518674,0.9672945878431201
1781099373749485600,137.18948559570313,-0.4423100520133972,1.7075684725165365,1.487989317524433
1781099373774561300,137.21456127929687,-0.10632628529965876,1.9686735238566992,0.8124220060393214
1781099373799636500,137.23963647460937,0.4422480926930904,2.242388173662126,1.4336416412651538
1781099373824712400,137.26471240234375,-0.30796938610672947,1.075121925355494,1.3062246371418238
1781099373849787400,137.28978735351564,0.11257423977851867,0.8276686750099063,0.062382221893966194
1781099373874863400,137.31486328125,1.8609791650742291,1.9425445186048744,0.12232143454998731
1781099373899939600,137.33993969726563,1.8182436006754636,2.307123972944915,-0.40557285124659537
1781099373925014500,137.3650146484375,-1.0410329010099173,1.5821885271787643,1.363375388123095
1781099373950090500,137.39009057617187,-1.630916025468707,0.8482081896916032,2.176577438624203
1781099373975165700,137.41516577148437,-1.0959510706335305,1.045403078918159,1.0812924306839704
1781099374000241400,137.44024145507814,0.3740811499178409,1.2427715711459517,1.9247619014158843
1781099374025317400,137.4653173828125,0.3810790459811687,1.385688342218101,0.7144573063716292
1781099374050392300,137.49039233398437,-0.277689983177185,1.5053516634747386,1.7426520608574152
1781099374075468500,137.5154685058594,-1.0415472802728414,2.135744492976367,0.746401427643001
1781099374100544500,137.54054443359374,0.0404243648469448,1.3188637539625168,1.1621812001273035
1781099374125620500,137.56562036132811,-0.9187421538591385,1.0545306804865597,2.082359524269402
1781099374150695400,137.5906953125,-1.1326841797471046,-0.486486755131185,2.506405605317652
1781099374175771100,137.61577124023438,-1.2696201228439807,0.7098731934517621,0.4958753457233309
1781099374200847400,137.64084741210937,2.6733862658053633,3.4467537340462204,0.8981807196065783
1781099374225922300,137.66592236328125,1.7269021185398101,3.221150204198062,-0.4463236715689301
1781099374250998300,137.69099829101563,-2.533539988219738,1.7479031132534146,1.6238973788782953
1781099374276073200,137.7160732421875,-4.478377586197853,0.3651008478656411,3.6129242471948264
1781099374301149400,137.7411494140625,-0.6778150904119015,-0.01354863288104534,0.6602072452679276
1781099374326225400,137.76622534179688,4.928007021313905,2.559405666360259,0.9853674201503395
1781099374351300400,137.79130029296874,5.105642054545879,2.5467317704871295,-0.31607816602140665
1781099374376376300,137.81637622070312,-2.953365821224451,2.0194982866868374,-0.010107552516460418
1781099374401451300,137.841451171875,-1.6489035175800322,1.5261960063219069,0.5642804811686277
1781099374426527200,137.86652734375,-0.02012041248679161,2.4160233236029742,0.9608554947063326
1781099374451603500,137.891603515625,1.9681343024134634,2.6059277635604143,2.415896774613857
1781099374476678400,137.91667846679687,-0.5133925899744034,0.28215573041439057,0.20830343547910452
1781099374501754400,137.94175439453124,-1.6492156522691248,-0.17441753249019384,0.4485965849369764
1781099374526829300,137.96682934570313,0.6428244410514831,2.25252670583874,0.3416223571226001
1781099374551905300,137.9919052734375,1.4914146157979964,2.815864353199303,-0.1223869010016322
1781099374576981200,138.0169812011719,-0.4583282898783684,1.969151662762463,0.3144578713431954
1781099374602056200,138.04205615234375,-4.637755662727356,1.5706228848084807,3.5086429117262363
1781099374627132400,138.06713232421876,-3.22638547450304,-0.6720896985024213,2.5189529522016643
1781099374652207400,138.09220727539062,-0.35407530372142787,0.8445984747618436,-0.7865095661476253
1781099374677283300,138.11728344726563,4.013987804323435,2.4467601149111986,1.8765052355080842
1781099374702359600,138.14235961914062,1.0636404541373252,2.351664833199978,1.9106044889867304
1781099374727434500,138.1674345703125,-1.9321990656793115,1.2606366059213876,-0.8270119646668433
1781099374752510200,138.19251025390625,-0.9845651638567448,1.520817235893011,1.130234448507428
1781099374777585200,138.21758520507814,-0.14636311213374137,1.62580028989017,2.0197543072745203
1781099374802661400,138.24266137695312,1.1106605639874934,1.4457923900470138,0.14593231950104235
1781099374827736300,138.267736328125,0.25994156051874157,-0.05049363117963075,0.3306821531742811
1781099374852812300,138.2928122558594,-1.6765689386188982,0.48995501576364037,0.8466092300623654
1781099374877888500,138.31788842773437,0.4564011212080717,2.582378545668721,0.9967875165700912
1781099374902963500,138.34296337890626,1.8010387833744286,1.7551169901549815,-0.7992132726371288
1781099374928039400,138.3680393066406,0.26914602671563626,1.315192956495285,1.3322323541015386
1781099374953114400,138.3931142578125,-2.444464697450399,0.3876245221018791,2.9357834027826786
1781099374978190300,138.4181904296875,-1.670705599543452,-0.23269524167478084,0.7132394550144672
1781099375003266300,138.44326635742186,2.2256115186452865,2.3932982815757393,-0.2732034854128957
1781099375028341200,138.46834130859375,4.773925882148743,3.9720258546456693,-0.038354280574619766
1781099375053417500,138.49341748046874,-0.009866729497909545,1.5640931907787918,0.7491957345366478
1781099375078491000,138.51849096679686,-3.433981930756569,-0.2972188595116138,0.8802318059399723
1781099375103567000,138.54356713867188,-2.4517606996774672,-0.5673147342979907,1.4907108514428138
1781099375128643000,138.56864306640625,0.8006640559673309,1.858386810493469,1.792591273024678
1781099375153718000,138.5937180175781,2.670662978321314,1.7314964605927465,0.42083179517686364
1781099375178794200,138.61879418945313,0.5697638810157776,2.083202697095275,0.08671645268350839
1781099375203869200,138.643869140625,-1.6088918251872062,1.3246695176318286,1.0832555474504828
1781099375228945000,138.66894482421876,-2.865919008439779,-0.007548807944357395,1.7865479012072085
1781099375254021000,138.69402124023438,-1.4511924955248832,0.14638444718271493,1.4491086749881505
1781099375279096000,138.71909594726563,1.4103402606546878,1.5946259839475154,1.5176783533453941
1781099375304172000,138.74417211914061,1.725498096960783,2.1207366011977196,0.6886965499103069
1781099375329247000,138.7692470703125,0.4568623089790344,2.227930316981673,0.19838965196907518
1781099375354323200,138.7943232421875,-0.8990320757389068,1.0080103368520736,0.2558271109372377
1781099375379398100,138.81939819335938,-1.672069289112091,0.6131976568117737,1.379427528257668
1781099375404474000,138.84447412109375,-0.8161673300474882,0.38450668234229085,1.6184589872166513
1781099375429550000,138.86955004882813,1.2141752989977597,1.6667124382540583,1.4651283741578458
1781099375454625000,138.894625,1.7962497955322265,2.1541309212774036,0.5517129682794213
1781099375479701000,138.91970092773437,-0.10712532672286033,1.998128166399896,0.8948772941470146
1781099375504776000,138.94477587890626,-1.4088929844558238,0.8435127253517508,0.9889639833375811
1781099375529852200,138.96985205078124,-0.11996902620494365,0.8247814291357993,1.0505673298135398
1781099375554928000,138.99492822265626,0.665202861598134,0.2926896916493773,1.2702137048229574
1781099375580003000,139.02000317382812,-0.16255436847805976,0.9914560924142598,0.6848927737131715
1781099375605079300,139.04507934570313,0.17730711645185945,1.8455808126732707,1.3597317709237335
1781099375630154200,139.070154296875,0.42080666073560713,0.9103577718734741,0.007969663704931736
1781099375655230000,139.09522998046876,-0.2132031902194023,0.24507249268889425,-0.3036307723805308
1781099375680306200,139.12030615234374,-1.6008932276487349,1.2148641580447554,3.157798260489106
1781099375705381000,139.14538110351563,0.4890875852793455,2.632145031617582,0.8226081767499447
1781099375730457000,139.17045703125,0.6473889724880456,-0.6117644091382622,1.6288956255570053
1781099375755532000,139.19553198242187,0.45866672805249686,2.2801538406938313,1.2886655995756386
1781099375780608300,139.22060815429688,-1.9979349819153547,3.3212963395580646,2.0597788591489197
1781099375805683200,139.24568310546874,-3.698396252775192,-2.4707795806631445,3.987748324434459
1781099375830759200,139.27075927734376,-0.7287082423031329,2.16682030698061,-2.8159228053882717
1781099375855835100,139.29583520507813,2.9170313560396433,2.7064061996147033,1.6411366829708218
1781099375880910000,139.32091015625,1.3312427585422992,1.9417095290854571,0.6433920118063687
1781099375905986000,139.34598608398437,-2.3169711209595203,1.1450979633793235,-3.102460404148698
1781099375931061000,139.37106103515626,0.955649450495839,-0.2530126380383968,1.231107144576311
1781099375956137200,139.39613720703124,-2.0607038650393483,0.3101271486625075,0.33698242236226794
1781099375981213200,139.42121313476562,-0.3381295465707779,0.6248451322466134,1.4106070948973297
1781099376006288100,139.4462880859375,0.1804687953531742,0.9575544073343276,1.7116490198284386
1781099376031364000,139.4713640136719,1.2477215947687625,1.8295546837627887,-0.16593232047855852
1781099376056439000,139.49643896484375,1.1834522439539432,1.3530775737315415,0.584960865625739
1781099376081515000,139.52151489257812,-1.9996493846178054,0.5202668596580624,1.6113821806982158
1781099376106591200,139.54659130859375,-1.827287907874584,0.359207698173821,0.8876835832506418
1781099376131666200,139.57166625976564,-0.7111877831816673,0.1800152063667774,1.3096718549862503
1781099376156742100,139.5967421875,1.16986211001873,1.5315265536949039,1.0453627469077706
1781099376181817000,139.62181713867187,1.834509675821662,2.2356097655683755,0.538298483172059
1781099376206893300,139.6468933105469,0.5662327842801809,1.6275728525206445,-0.0857815099209547
1781099376231968300,139.67196826171875,-1.853746875733137,0.6935296691551804,0.4244979164689779
1781099376257044000,139.6970439453125,-1.8557716595590112,0.07343991474211216,1.5783128547891974
1781099376282120200,139.7221201171875,0.9426888466358184,1.3846069767221807,1.3517410644307732
1781099376307195100,139.7471950683594,1.8542571633428333,1.139572770217061,0.7231073535561561
1781099376332271000,139.77227099609374,0.9313286637097596,1.0223203094944358,-0.1766173806220293
1781099376357346000,139.79734594726563,-0.9440233101099729,1.4841490087091922,0.7282037999123334
1781099376382422300,139.82242236328125,-0.9188046977013349,0.35487843679785724,0.43358430924415586
1781099376407498200,139.84749829101563,-0.25047932016849517,0.45655543498694895,0.4955220022410154
1781099376432573200,139.8725732421875,0.609258271536231,1.6179364246472716,1.0101695607125758
1781099376457649200,139.89764916992186,0.6192576875030994,1.2462392472565174,1.0423001444667577
1781099376482724000,139.92272412109375,-0.3265244489729404,0.9708198393598199,0.3482967203199863
1781099376507800000,139.94780004882813,0.31954876474142074,1.6946946701571344,0.784693748897314
1781099376532876000,139.9728759765625,-0.026323358780145644,1.8359408776685595,1.607965357992053
1781099376557951200,139.997951171875,-0.2793336587309837,0.5979071486994624,1.2368839744120836
1781099376583027200,140.02302709960938,-0.4022147729903459,0.2908931636214256,0.8995636983975768
1781099376608102100,140.04810205078124,-0.4995651401519775,0.593504529826343,0.31455460971593857
1781099376633178000,140.07317822265625,0.5174883348554372,1.4144792601555585,0.6298050927415489
1781099376658253300,140.09825341796875,0.4903098205506801,1.2459513702258467,0.020544483117759228
1781099376683329000,140.1233291015625,0.8251192827880383,0.7881634708344936,0.18074468968510626
1781099376708405000,140.14840502929687,0.043019057515263553,0.26002427036613224,0.22312311120927333
1781099376733480200,140.17348022460936,-0.5957037934362888,1.2958110874161124,1.23171533960253
1781099376758556200,140.19855615234374,0.304031462135911,1.8130591837748884,1.140231234125793
1781099376783631000,140.22363110351563,0.6913853506028652,1.1934104511275887,0.7784972323447465
1781099376808707300,140.24870727539061,0.2247135952711105,1.0626596264064312,1.4838424269780515
1781099376833783000,140.27378295898438,-0.49205871004462237,0.9782122876986861,0.011783084513247012
1781099376858858000,140.29885791015624,-0.44868309417665003,0.7442644156143069,0.6905605902165174
1781099376883934000,140.32393383789062,-0.9152303463459014,0.43894729758203027,1.2577239333450794
1781099376909009200,140.34900903320312,-0.1988204446017742,1.0468269742414356,0.6950880045130848
1781099376934085000,140.37408520507813,0.5225368504166603,1.504988967642188,1.1373565554723144
1781099376959161000,140.3991611328125,0.16180851854681969,0.6515463844284415,0.5808513844802975
1781099376984236300,140.424236328125,-0.788528212493658,1.5502905831366776,1.0501707317113875
1781099377009312300,140.44931225585938,0.5471288553595542,1.9680255813419818,1.2931605729073286
1781099377034387200,140.47438720703124,0.10353986945152283,0.6331558644741774,1.207750234386325
1781099377059463000,140.499462890625,-0.3875754222631454,0.3142190941512584,1.485790346175432
1781099377084538600,140.52453857421875,-0.40249651254117486,1.2605050884962081,0.43066374562233684
1781099377109614600,140.54961450195313,0.7313982120394706,1.15606154820323,0.5280164508715272
1781099377134690600,140.57469067382812,0.04552840998768806,0.927357421991229,0.3264271260783076
1781099377159765800,140.5997658691406,-0.24034020346999166,0.06105564946532249,0.3555035829588771
1781099377184841700,140.624841796875,-0.32185411907434464,0.6466112661138177,0.518119326235354
1781099377209916700,140.64991674804688,0.28359833043813704,0.6792766873970627,0.42889030620902774
1781099377234992600,140.67499267578125,-0.8075286810398101,0.8044941356495022,0.7262851068094373
1781099377260068600,140.70006860351563,0.4075315840989351,1.8136282158344983,1.0829507192850112
1781099377285143600,140.7251435546875,1.2328724006831646,1.8824115369424224,0.6968354327023029
1781099377310219500,140.75021948242187,-0.42807694399952884,0.6296008023411035,0.6133391111090779
1781099377335294700,140.77529467773437,-1.7048761646926403,0.6376192736238241,1.2478951977699995
1781099377360370700,140.80037060546874,0.09304185631275176,2.290346733406186,0.8283361990079283
1781099377385446700,140.82544677734376,0.4801426468014717,1.2597414106473326,1.2436527378946542
1781099377410521600,140.850521484375,-1.3803776685893534,-0.5577271140024066,1.4842822797000408
1781099377435597600,140.87559765625,-1.283258187574148,0.3657116732403636,0.09175912302583455
1781099377460672500,140.90067260742188,0.6455664332360029,1.9345155259281395,0.05989712707996368
1781099377485748500,140.92574853515626,-0.5057938054084777,0.2597586051672697,1.0379217832520604
1781099377510824700,140.95082470703124,-1.749590335687995,0.23724603684693574,0.3122612380817532
1781099377535899600,140.97589965820313,1.3761702800273894,1.8747472859248517,-0.012818272779881953
1781099377560975600,141.0009755859375,1.8882395124435423,2.8098689121767877,1.6510209481254219
1781099377586050600,141.02605053710937,-0.6479144576668739,-0.04528261853307485,0.8652101778969168
1781099377611126800,141.05112670898438,-1.9328934776842592,-0.7312135031223297,-0.2331654895350337
1781099377636201700,141.07620166015624,-0.03350947089195251,0.8527952252209186,1.3992875362426043
1781099377661277400,141.10127734375,1.8127403270840643,2.477702073402703,0.2637093886196613
1781099377686353700,141.12635375976564,0.16134791529774664,-0.4857110945835709,-0.09614245267659426
1781099377711428600,141.1514287109375,-1.0976327401101589,0.432864178276062,0.9875906491577625
1781099377736504600,141.17650463867187,0.3613642916858196,1.1171575247913599,-1.2221861714959144
1781099377761579500,141.20157958984376,-0.2740788069427013,0.7576888375937938,0.7835545157343149
1781099377786655700,141.22665576171875,-2.6463456986665723,-0.16768822423517704,2.690258490151167
1781099377811731500,141.2517314453125,-1.4603063608288764,-0.2696048763990402,1.0525991279020905
1781099377836806700,141.276806640625,2.4017776483684776,2.684394566553831,-0.28282793058753014
1781099377861882600,141.3018825683594,1.7976742753773927,1.6408134423658252,1.364884039120376
1781099377886957600,141.32695751953125,-2.016983965778351,-0.3345309375569224,-0.1379550570115447
1781099377912033500,141.35203344726563,-1.4552794725775717,-0.2640986801981926,-0.6916396176248788
1781099377937109800,141.37710986328125,1.6924492293179034,0.546495233631134,0.45982846530824895
1781099377962184700,141.40218481445314,0.7603063266158103,-0.025267127725481984,-0.2842573788687587
1781099377987260700,141.4272607421875,-0.35960254271030423,-0.3950827291533351,0.23905688566118477
1781099378012335600,141.45233569335937,-0.08513970488607883,-0.3184527861982584,-0.2958846882984042
1781099378037411600,141.47741162109375,1.0908972943753004,0.807312700201571,0.001535246743261814
1781099378062487600,141.50248754882813,2.269853395953774,1.0673445693522692,0.0018070494219660758
1781099378087561700,141.52756176757813,0.3719347855389118,-0.587264174132049,-0.16495090822577477
1781099378112638000,141.55263793945312,-0.7852689184367656,-0.7009449138477444,0.08804185606837273
1781099378137713000,141.577712890625,-1.2334054846465587,0.8083625015154481,1.7580045282900332
1781099378162788900,141.6027888183594,-0.38583997677266596,0.3599751754149794,1.122189089217782
1781099378187865000,141.62786499023437,0.48810968015789985,-0.7051043716147541,0.24557635055780408
1781099378212940000,141.65293994140626,0.7391577401250601,-0.14828005167096853,0.07476210325658321
1781099378238016000,141.67801611328125,0.5777566333353519,0.875711698167026,-1.0583303650304674
1781099378263091000,141.70309106445313,0.017643208718299865,1.4005194161251187,-0.3973126801624894
1781099378288167000,141.7281669921875,-2.0431296299040316,-0.5283537200018763,1.6230524524867533
1781099378313243000,141.7532429199219,-1.6251052933633328,-1.572608505667746,1.732846121636033
1781099378338317800,141.77831787109375,0.3833195183843374,0.03745060973316431,-0.1150911910355091
1781099378363394000,141.80339404296876,1.126827270412445,0.8904600622266531,0.4759335046738386
1781099378388469000,141.82846899414062,-0.32393618604540825,1.1520970284864305,0.24744945095330476
1781099378413545000,141.853544921875,-1.107097318547964,0.29002397957146164,-0.0873044817045331
1781099378438621000,141.87862084960938,0.6618336774259805,0.7410670808777212,0.8194722168117761
1781099378463696100,141.90369604492187,1.0777344459414482,0.6194309982433914,0.30644875241070985
1781099378488771800,141.9287717285156,1.319631231203675,0.8259133557751774,0.2973801875531673
1781099378513846800,141.9538466796875,0.15287234789729118,0.4000608098268509,0.1429015735030174
1781099378538923000,141.97892309570312,-1.1539870800167322,0.060842298975586885,0.7578902053847909
1781099378563999000,142.0039990234375,-0.33030981273055077,1.0324667327165602,0.6278133344024419
1781099378589075000,142.02907495117188,0.24145137958228588,0.870155817605555,0.9230451117500662
1781099378614150100,142.05415014648437,0.08804360963404179,0.627693799676001,0.6166191556930541
1781099378639225900,142.07922583007812,-0.18802257173359394,1.3247943130552768,1.1239768494173883
1781099378664300800,142.10430078125,0.11201719041764735,0.9728867087617515,0.6059905019119382
1781099378689377000,142.129376953125,0.03773673319816589,0.07120207268744706,1.339262691129744
1781099378714453000,142.15445288085937,0.35531799725890156,0.4672881336644292,-0.020327917757630348
1781099378739528000,142.17952783203125,0.3325421018272638,-0.31005174533873797,0.1558788362368941
1781099378764604000,142.20460400390624,-0.5094447291314601,-0.32976006989330053,-0.5812883145928383
1781099378789679000,142.22967919921874,-0.32633974005579947,0.7360846162900329,0.2061673002332449
1781099378814755000,142.2547551269531,0.02581073308289051,-0.014386545009911059,-0.39089901372790337
1781099378839830800,142.27983081054688,0.4100105414330959,-0.20085487303882837,-0.7208268414035439
1781099378864906000,142.30490600585938,-0.11564239517748355,-0.7801043752804399,0.6216632873401046
1781099378889982000,142.32998193359376,-0.215150817155838,-0.28587475093752146,0.5623799082443117
1781099378915057000,142.35505688476562,0.30751053642332554,0.3499021096900105,0.28091157557219265
1781099378940132900,142.3801328125,0.21701427294015882,-0.03412818731218576,1.2658721684873104
1781099378965209000,142.405208984375,-0.4390402365624904,0.1221931319952011,1.1004136030003429
1781099378990284000,142.43028393554687,1.1408680707246064,0.6691872550591826,0.36815088308602567
1781099379015360000,142.45536010742188,2.053734610548615,1.1502546154901385,-0.3668184654384851
1781099379040435200,142.48043530273438,0.5370744943350553,0.22254005062431095,0.8068620338246226
1781099379065511000,142.50551098632812,-0.45837154449820516,0.1325125736966729,0.6035971770346165
1781099379090587100,142.53058715820313,0.18531214373111723,-0.4806403671905398,0.2837579049140215
1781099379115662000,142.555662109375,0.6770955439656973,-0.6585805208489298,0.6469023580148816
1781099379140738000,142.58073803710937,0.2467395491182804,-1.0972571847960353,0.6948954045504331
1781099379165813200,142.60581323242187,0.4900537999629974,-1.22256727976799,-0.1913680827692151
1781099379190889200,142.63088916015624,0.7369874103486538,-0.88899232776165,-2.1108295396894214
1781099379215965000,142.65596484375,-0.26019641206264493,-1.2166484111130236,-0.7812111674785613
1781099379241040100,142.6810400390625,-1.049429557955265,-1.0676379993408918,0.38543899475634097
1781099379266116000,142.7061162109375,-1.6282757400929926,-0.8768442093282938,0.3876780058547854
1781099379291191000,142.73119091796875,0.7118406941324472,0.726300596639514,1.080060258540511
1781099379316267000,142.75626708984376,1.0767197159409523,1.5572852643296122,0.02851327003985643
1781099379341343200,142.78134326171875,1.783279254800081,0.4171449233576655,0.9565735796034336
1781099379366418200,142.80641821289063,0.16210720923244953,-0.3109735363587737,0.004175824379920959
1781099379391494100,142.831494140625,-0.32579905730783937,-0.9157228060379624,-0.5011112005501985
1781099379416569300,142.8565693359375,-0.5529840111285448,-1.3621908545136452,-0.6467085890084505
1781099379441645000,142.88164501953125,-1.3170605039328336,-1.00864191275388,0.7639666026890277
1781099379466721000,142.90672094726563,-0.5535264474421739,-0.47411593385785816,0.40332156518846746
1781099379491796000,142.9317958984375,1.0504098011642693,0.20483400580286978,-0.7026683766394853
1781099379516872200,142.9568720703125,1.9191127896130085,-0.3596940203860402,-1.3922060535490512
1781099379541947100,142.9819470214844,0.946207083889842,-0.5101566767930984,-0.2912415386676788
1781099379567023000,143.00702319335937,-0.19106267008185385,-0.6948600409761071,-0.5950339313507079
1781099379592098300,143.03209838867187,-1.9914730924248694,-1.1594850929111242,0.17605799317359924
1781099379617174300,143.05717431640625,-2.3471014708071944,-1.460245862813294,1.5308125602066516
1781099379642250000,143.08225,-0.08418167350888252,-0.4989873402640223,0.43524581271559
1781099379667325000,143.10732495117188,2.8623206916868686,-0.5794669443845749,-0.21771920633912084
1781099379692401200,143.13240112304686,2.200867538011074,-0.6793120509713888,-2.505928635455668
1781099379717476000,143.15747607421875,0.33930209748148915,-1.4423542322918772,-0.8237281206905841
1781099379742552000,143.18255200195313,-0.8176496775597334,-0.21375702470988034,-1.0897533850371837
1781099379767628300,143.2076281738281,-0.5639414584726095,-0.49455607981830835,0.32861440698951483
1781099379792703200,143.232703125,-0.42760289674699303,-1.2352771237373352,1.4330173718869685
1781099379817779000,143.25777905273438,0.3127309014201164,-1.3988237181231378,0.8305570899277925
1781099379842854100,143.28285424804687,2.0194728599846363,-0.292723886179924,-1.1380486293897032
1781099379867930000,143.30793017578125,1.0012491721540688,0.11490648211836814,-0.41827714225798845
1781099379893006000,143.33300610351563,-1.4269319144934416,-0.9784314834073186,0.1510308116838336
1781099379918081000,143.3580810546875,-0.15700667122304438,-1.1153212492749094,0.02071340994387865
1781099379943157200,143.3831572265625,0.5751251157879829,-1.1201815487876534,-0.2651978736117482
1781099379968232200,143.40823217773436,-0.05400397738814353,-0.9762553084120154,0.20941198124289512
1781099379993308200,143.43330810546874,-1.228152970945835,-0.7921428958594798,-0.2071691707521677
1781099380018383000,143.45838305664063,0.42633448424637316,0.08740326590389012,-0.09800707750469445
1781099380043459000,143.483458984375,0.2159352455317974,-0.6016407822698354,0.07037351290881633
1781099380068535000,143.50853515625,0.7306745739400387,-1.0126716066613792,0.9615496144503355
1781099380093610000,143.53360986328124,-0.1871300068080425,-0.8189777112931013,-0.20921499736607074
1781099380118686000,143.55868603515626,-0.07088146243095397,-1.1470853378042578,-0.11713526408374308
1781099380143761000,143.58376098632812,-1.3101532087624073,-0.385533979563415,-0.0534501428976655
1781099380168837000,143.60883715820313,0.002190203520655632,-0.8609487210601567,0.7953948833927512
1781099380193913000,143.6339130859375,0.6922983737945556,-0.6427867393895983,-1.1630240806922316
1781099380218988000,143.65898803710937,1.3934417328238486,-1.3635495756462215,-0.22794366323351858
1781099380244063700,143.68406372070314,-0.7074521037846804,-0.7189768296226858,-1.203053601002693
1781099380269139000,143.70913891601563,-0.18905016121566295,-0.590597117947042,-0.033250819955766196
1781099380294215000,143.73421484375,-0.27410978660285473,-0.3836360369876027,-0.20376023909151553
1781099380319291000,143.7592907714844,0.5543757577478885,-2.010824566365778,0.31448446708917616
1781099380344366000,143.78436596679688,-0.24489129090309142,-1.204129998062551,-0.7531877267822623
1781099380369442000,143.80944213867187,-0.04185585895478725,-1.1614204448878764,-0.08061755128651857
1781099380394517000,143.83451708984376,-0.9259487242370843,0.033004736240208145,-0.48298108509778975
1781099380419593000,143.85959301757813,0.11921557748913764,-1.0433061066389082,-0.8590791277959943
1781099380444668200,143.88466821289063,0.1080465332210064,-1.118800031301379,-1.1095952728435396
1781099380469743900,143.90974389648437,0.9584107319027185,-0.5999214111313224,-0.7825824558317661
1781099380494819800,143.93481982421875,-0.2815834834843874,-0.14539192901402712,-0.05947539453655481
1781099380519895000,143.95989501953125,-0.8717220440089702,-0.6848351983070373,-0.8082412132233381
1781099380544971000,143.98497094726562,-1.2961223453223705,-1.3560554204985498,0.7033850004762411
1781099380570046000,144.0100458984375,0.8201461705505847,-0.2716042335227132,-1.0682210599258541
1781099380595122000,144.0351218261719,1.6538111633658408,-0.21092940006852148,-0.5156786550849676
1781099380620198000,144.06019799804687,0.35623569662570953,-0.30304478918612,-0.4965171507582068
1781099380645273000,144.08527319335937,-1.0113251604884863,-1.514853066791594,-0.33836773924082514
1781099380670348800,144.1103488769531,0.08051204508543014,0.8183055111199616,-1.133431198722124
1781099380695423700,144.135423828125,1.0009680171251296,-0.5917132624953985,0.35482553756684065
1781099380720500000,144.1605,0.5800327615737915,-1.0284683107301593,-0.3375859412133693
1781099380745576000,144.18557592773436,1.0099451043069363,-1.061155067062378,-1.7148077761203049
1781099380770651000,144.21065087890625,-0.0925485198378563,-0.19249708679914473,-0.28082915798574687
1781099380795727000,144.23572705078124,-0.6856991216599941,-0.7973024705797433,-0.9939300813123583
1781099380820802000,144.26080200195312,-0.3414250809848308,-1.1647355607852339,-1.7039032280072568
1781099380845877800,144.28587768554686,1.3087094396948813,0.11986352000385522,-1.7605033593684434
1781099380870953000,144.31095288085936,-0.09291793767213821,-0.7099196629419923,-1.2459852724954485
1781099380896029000,144.33602880859374,-0.3936743236601353,0.10373071584850549,-0.327332842746377
1781099380921105000,144.36110498046875,-1.369311500173807,-0.4994704476058483,-0.6029805064409971
1781099380946179800,144.3861799316406,-0.49964521965086456,-0.27018559889644383,-0.5029942378178238
1781099380971256000,144.41125610351563,-0.7982815447449684,-1.5064932347252964,0.05267974304705858
1781099380996331000,144.4363310546875,0.16586510046124459,0.3068678546056151,-1.0993304839387534
1781099381021407000,144.46140698242186,-0.4653904833495617,-0.2757704132914543,-0.0961664180740714
1781099381046483000,144.48648291015624,-1.1635481045663356,-0.6889274360567331,-1.335452485191822
1781099381071558000,144.51155786132813,-0.9219237065047026,-1.9007658165395258,-0.853816384962201
1781099381096633900,144.5366337890625,-1.2800024006485937,-0.18431524164825677,-0.7376216165989637
1781099381121709000,144.561708984375,-0.6824222919464111,0.007636778488755226,-0.8043173177778721
1781099381146785000,144.58678491210938,-0.72541270788908,-0.6316022052913903,-0.5580708128735423
1781099381171861000,144.61186108398437,0.3628670974642038,-0.16729601004719732,-1.0243512308001517
1781099381196936000,144.63693603515625,0.2829144398272037,-0.2722059988081455,-1.230105858579278
1781099381222012200,144.66201220703124,0.38188627071082587,0.8317840013742447,-0.8197688616707921
1781099381247087000,144.68708715820313,-0.30472645866274833,-1.2264067118003963,-1.796431581839919
1781099381272162800,144.71216284179687,0.1976923173546791,0.41414501088932154,-2.310661499421298
1781099381297238000,144.73723803710936,1.2477402994692326,0.17773717843219636,-1.808766747277975
1781099381322314000,144.76231396484374,-0.2437503041744232,-0.19345394913256167,-1.6915037651613354
1781099381347390000,144.78738989257812,0.11286650072336196,-0.24660700877979397,-0.9465276941463351
1781099381372465000,144.81246484375,0.04185176730155945,0.0002671265035867691,-1.7587521317869423
1781099381397541000,144.837541015625,0.18065934948921203,-0.27417759114205836,-1.5620067398935555
1781099381422616000,144.86261596679688,-0.7945780140519142,-1.233402123645693,-0.9167553639560937
1781099381447692000,144.88769213867187,-0.14931027150154114,0.2550330379500985,-2.0375854397803543
1781099381472767200,144.91276733398436,-0.8196692006886005,-0.8836809234805405,-1.3224708385437727
1781099381497843000,144.93784301757813,-0.4227724078506231,0.012711597535014153,-1.4382421207979321
1781099381522919000,144.9629189453125,-0.9908382527768611,-0.19629589456021784,-1.0045467523947358
1781099381547993900,144.98799389648437,-1.6193348932683467,-1.0161669014312327,-0.68397244399786
1781099381573070000,145.01307006835938,-1.4314531913101671,-0.0038753801286220547,-0.9153551417693495
1781099381598145000,145.03814501953124,-1.0607412255644797,-0.42431218463853,-1.0568252211645246
1781099381623221000,145.06322094726562,-0.020796119791269302,0.5055594121307134,-1.2920631330594419
1781099381648297000,145.088296875,-0.45072482913732526,-0.034011282934248446,-1.1664242445245385
1781099381673372000,145.11337182617189,-0.5172726462781428,-0.267221780654788,-0.8482038057774305
1781099381698448000,145.13844775390626,-0.5127712432056665,0.39358576859384775,-1.6169336773455143
1781099381723522800,145.16352270507812,-0.1590145039141178,-0.5602922883152961,-1.7281489037305116
1781099381748599000,145.18859912109374,0.7397919463753699,0.45888665441349147,-1.8343764048308133
1781099381773675000,145.21367504882812,-0.6478384698212146,-1.0075430116012691,-2.216994496947527
1781099381798750000,145.23875,-0.9865981309890747,-0.2324364446081221,-1.6603692067071794
1781099381823826200,145.263826171875,-0.10179565613269806,0.5077985693596303,-0.6747337832704186
1781099381848901000,145.28890112304688,0.18363398138582707,-0.10996756441146134,-2.2469190950900315
1781099381873976800,145.31397680664062,0.7740507743299007,0.3786033035174012,-2.1257330943107604
1781099381899052000,145.33905200195312,-0.6238987913072109,0.9156485717579722,-0.4983835291519761
1781099381924128000,145.3641279296875,-1.472819220921397,0.13109919976741075,-0.7396104523286223
1781099381949204000,145.38920385742188,-1.067471410602331,-0.6610344898723065,-1.9139348024532197
1781099381974279000,145.41427880859376,-0.36141572961211205,-0.0806622672110796,-2.3370383419543503
1781099381999355100,145.4393552246094,0.5356909310221671,0.2545259652107954,-1.3813041357845066
1781099382024430000,145.46443017578125,-0.0785141492664814,-0.8192524365812539,-1.9873685797154903
1781099382049506000,145.48950610351562,0.5087333659917116,-0.764327837216854,-3.523270572015643
1781099382074582000,145.51458203125,0.3645797466009855,1.0159819002531467,-2.0401558747902513
1781099382099657500,145.53965747070313,-2.562340550768375,-0.5166552450321614,-1.1696037513434887
1781099382124733400,145.5647333984375,-2.440619712460041,-1.180594370304793,0.19666472787261008
1781099382149808400,145.58980834960937,-0.28129765228033066,0.5455522536925971,-1.8154886028788983
1781099382174884600,145.61488452148438,1.362008483684063,0.528252743845433,-2.5727204904854295
1781099382199959600,145.63995947265624,0.7904992203056812,1.0095566895112396,-1.7084857334919272
1781099382225035500,145.66503540039062,-1.5790169114053247,-0.043964521671831604,-2.3853210190862417
1781099382250111200,145.690111328125,-2.5286229900836945,-0.9197164057187736,-0.830109492290765
1781099382275186400,145.7151865234375,-2.5063188038170336,-0.44072877417132256,-1.2658435269147157
1781099382300262400,145.74026245117187,-0.015654665249586103,-0.11973097966536879,-2.4481632597073912
1781099382325337300,145.76533740234376,1.1755997768878936,1.0955468737468124,-2.3767364383533596
1781099382350413600,145.79041357421875,0.9295558088183402,0.8567901400759815,-3.3640698978796597
1781099382375489500,145.81548950195312,-0.5704740751117467,-0.025184271747618912,-2.572432613454759
1781099382400564500,145.840564453125,-1.3753753302574157,0.3823737619668245,-1.976604024595022
1781099382425640400,145.86564038085936,-2.180084277701378,-0.8081839300781488,-2.2612609241753816
1781099382450715600,145.89071557617189,-0.5019201788455248,0.30471798309534787,-1.5177482037112116
1781099382475791400,145.91579125976563,0.7802537206232547,0.9821059341363608,-1.8560655279390512
1781099382500867300,145.9408674316406,2.0107611457407475,-0.2576524266682565,-3.0033167238295078
1781099382525942500,145.96594262695314,0.8675812909424304,1.0897834879145025,-2.618153038883209
1781099382551018500,145.9910185546875,-3.2813504058778284,1.0236696782767771,-0.03654533145651221
1781099382576093400,146.01609350585937,-2.8746576106905937,-0.7644653459914028,-0.11751666461676359
1781099382601169400,146.04116943359375,1.1053975288927556,-0.010842881053686141,-3.602607728102803
1781099382626244600,146.06624462890625,3.2206635897248983,1.1915073939852416,-4.577466321459412
1781099382651320600,146.09132055664062,0.44027474679350853,1.811801292668283,-2.690049231314659
1781099382676396300,146.11639624023437,-2.3702280793726445,-0.3516016070842743,-1.7734321067854761
1781099382701471500,146.14147143554686,-1.3290917179882527,-0.04309387631714344,-1.6234823683366177
1781099382726547500,146.16654736328124,-0.3314356018900871,-0.025738836890459058,-2.433355274415016
1781099382751622400,146.19162231445313,0.24232407076358795,-0.3606028057940304,-1.509564020472765
1781099382776698400,146.2166984863281,0.024442951861023902,0.25997633957117794,-2.6616484817385673
1781099382801774600,146.24177465820313,0.5460960051804781,0.5578726599529386,-4.0427293301612135
1781099382826849500,146.266849609375,0.35910569910407064,0.7884482791252434,-2.2390935160309073
1781099382851925200,146.29192529296876,-2.110382964965701,0.23376418608054517,-1.4700729909531771
1781099382877000400,146.31700048828125,-2.2019909890830514,-0.20250468607246874,-1.4983509909324346
1781099382902076400,146.34207641601563,-0.42177112185359,-0.38944676909297704,-1.1533300774127244
1781099382927151400,146.3671513671875,-0.0660310997903347,-0.6658731620751321,-2.672835353924334
1781099382952227300,146.39222729492187,-0.93369656188488,0.11100406785234808,-2.354082854127139
1781099382977303600,146.41730346679688,-1.2045049688547849,0.5164334189750254,-0.6564455546468496
1781099383002378500,146.44237841796874,-0.9740227270543574,0.9764160519316792,-2.4291652753792703
1781099383027454500,146.46745434570312,-0.49365445480346676,1.081137386252731,-2.6084733563899993
1781099383052529700,146.49252978515625,-1.7456255237102507,-0.009516600885987282,-0.2693175838902592
1781099383077605400,146.51760546875,-2.471367901945114,-0.5035001415133475,-0.3548949495412409
1781099383102681600,146.542681640625,-1.2277432211011647,-0.7972283824302255,-2.0894645339690148
1781099383127756500,146.56775659179686,0.09064414752125739,-0.7998002787448465,-1.9970611216902732
1781099383152832500,146.59283251953124,1.126812072843313,0.4270595836505294,-3.111068658018112
1781099383177907500,146.61790747070313,1.0704279223203659,-0.03245587018579244,-3.5557091988056895
1781099383202983700,146.64298364257812,-0.33278701649904247,0.34231706138849255,-4.109944963560999
1781099383228058600,146.66805859375,-2.457690089726448,0.8198568322151899,-1.676427484321594
1781099383253134600,146.69313452148438,-3.1958208248913285,0.20404636255651712,0.5704182532712817
1781099383278210600,146.71821044921876,-1.1375152531653643,-0.6029436815619469,0.023592034120112657
1781099383303285500,146.74328540039062,3.0285411814570424,0.7259548519417643,-3.384569957333803
1781099383328361500,146.76836157226563,2.0965075843483207,0.6553337940126657,-3.271379046961665
1781099383353436400,146.7934365234375,-2.21249309387505,0.2887045675359666,-1.1639026170924305
1781099383378512600,146.8185126953125,-2.9092127912431955,0.06793240336701274,-0.6650836191326379
1781099383403588600,146.84358862304688,0.31145956631004806,0.22657705105543136,-2.618220843422413
1781099383428663600,146.86866357421874,1.113788925141096,0.6284826119661331,-2.5498320745900274
1781099383453739500,146.89373950195312,0.46349137172996996,-0.16248071871995926,-2.31397749210149
1781099383478814700,146.91881469726562,-0.7368798583209514,0.23362097821757197,-2.0888260899350044
1781099383503890400,146.9438903808594,-0.8886837002038955,0.5990928513526916,-2.4528806436181068
1781099383528965400,146.96896533203125,-1.2142495332777499,-0.8474031569190322,-1.0814634033367037
1781099383554041600,146.99404150390626,-1.2098036597847939,0.24184797768443822,-1.2449869091078638
1781099383579117600,147.01911767578125,-0.20165596028864383,0.7703180175423622,-1.9798779316991566
1781099383604192500,147.04419262695313,1.6519073755711315,1.19121221043095,-3.891458572241664
1781099383629268700,147.06926879882812,-0.4360790486693382,0.2504844347350299,-2.612356919825077
1781099383654343700,147.09434375,-2.2038334020793435,0.24155191734731196,-0.4583562007986009
1781099383679419400,147.11941943359375,-1.8310230027496814,-0.44673765919730063,-1.6021806371107696
1781099383704495600,147.14449560546876,1.8688661189317701,-0.07473360781446099,-3.202780142509937
1781099383729570600,147.16957055664062,2.000350810885429,1.150437424711138,-1.929450497623533
1781099383754646500,147.194646484375,-1.331448510247469,0.36753874253705143,-1.2802198427915572
1781099383779721500,147.2197214355469,-2.290857605537772,-0.41908875090181824,-1.27345853196308
1781099383804797700,147.24479760742187,-1.0498632731974125,-0.44010742740258574,-1.6993161924779414
1781099383829873700,147.2698737792969,-0.4335433927118778,0.37344402105808255,-0.7365387897983193
1781099383854948600,147.29494848632814,-1.119813007736206,0.22213161595389247,-2.471350950810313
1781099383880024600,147.32002465820312,-0.1830254940986633,-0.29694837200716134,-2.5546687009662388
1781099383905099500,147.345099609375,-0.21958149307966232,0.573957533313334,-2.8963936416804787
1781099383930175500,147.37017553710936,-0.6162339557677508,0.6344083487533032,-1.8309044909365475
1781099383955250400,147.39525048828125,-1.111379525911808,0.7515943201109766,-1.6867938339047133
1781099383980326700,147.42032666015626,-1.2686100690186024,0.0545620496623218,-1.8822950709559023
1781099384005402600,147.4454025878906,-0.2294856319785118,0.5534172879792749,-2.4250072789169845
1781099384030477600,147.4704775390625,-0.40371290259361264,0.7482809577792883,-2.9043761648669837
1781099384055553800,147.4955537109375,0.28513211587667464,0.10995996562689542,-3.3251500923767683
1781099384080628700,147.52062866210937,-0.48846039329171176,0.15388561659306288,-3.391539211824536
1781099384105705200,147.54570532226563,-0.3571761923462152,0.3938292219609022,-1.7801207907691596
1781099384130781400,147.57078149414062,0.030665771898627278,1.288675390317291,-2.5878280432462692
1781099384155856400,147.5958564453125,-0.04123334314227104,1.1690749051637948,-2.26754380383715
1781099384180932400,147.62093237304688,-0.8669184431195258,0.7902529904596507,-1.405923320995271
1781099384206007600,147.64600756835938,-1.4031962341189383,-0.24208061739653347,-1.8626098350159823
1781099384231083500,147.67108349609376,-0.6614391251504421,1.210434505034238,-2.3388597121626136
1781099384256159200,147.6961591796875,0.6367325539171695,0.4031220970936119,-2.4453572623759507
1781099384281234200,147.7212341308594,-0.07564648487567902,-0.2859017850749194,-3.6272026556551453
1781099384306310400,147.74631030273437,-1.1579530610382556,0.15428762152269482,-1.6669241813085973
1781099384331385300,147.77138525390626,-1.2719348295271395,1.3228450786836445,-1.4174663131423293
1781099384356461300,147.79646142578125,-0.1823562165349722,1.1988931203223765,-2.9059640185803173
1781099384381536500,147.82153662109374,-0.34229426503479476,0.7346228731743991,-1.7934480359844862
1781099384406612500,147.84661254882812,-2.2569524133265015,-0.3990500253491103,-2.17719396308735
1781099384431688200,147.8716882324219,-1.9639736756026744,0.5667302124083042,-1.3447016673132777
1781099384456763400,147.89676342773438,0.5716472105443478,1.6896261347211896,-2.2461196152754126
1781099384481839400,147.92183935546876,1.7394956426531076,1.1342281943187116,-3.12779270606488
1781099384506914300,147.94691430664062,-0.49947746186852454,0.18055793494135142,-1.6278914169505239
1781099384531990300,147.971990234375,-1.3595494000941515,0.13810469461530447,-1.1951143324360252
1781099384557066500,147.99706640625,-1.3863842155277728,-0.052721244101226326,-2.2435559022672473
1781099384582141400,148.02214135742187,1.0818518181324004,1.091473486828059,-3.1801328418940304
1781099384607217400,148.0472175292969,1.518849735212326,0.5883946394667029,-3.288106309878826
1781099384632292400,148.07229223632814,-0.1421188986927271,0.17575974087938664,-2.455328621292114
1781099384657368300,148.09736840820312,-2.078226662248373,-0.020177549501508473,-0.05108896672427654
1781099384682444300,148.1224443359375,-1.9623206476986408,-0.24205256034582853,-1.6764802374221384
1781099384707519200,148.14751928710936,0.4247936845451593,0.7584276732623577,-2.3221327415063975
1781099384732595500,148.17259545898438,1.4285960483133793,1.578845354230702,-2.1968489500194788
1781099384757670400,148.19767041015626,0.006907879692316055,0.7252339903213083,-2.246309292628616
1781099384782746400,148.2227463378906,-2.3566414525687693,0.5443573448196053,-2.7744197053939104
1781099384807821300,148.2478212890625,-1.8093518536895512,0.9954355174392461,-0.19896116824671625
1781099384832897500,148.2728974609375,0.8622633107900619,1.1050688814602792,-1.348978467849642
1781099384857973200,148.29797314453126,0.9686498018443583,-0.8618184896320104,-3.270191298481822
1781099384883048200,148.32304809570311,0.2947147677361965,0.8623373989395797,-1.4296695227637886
1781099384908124400,148.34812451171874,-1.9875977122962474,-0.22189941463321447,-1.2365364761486648
1781099384933199400,148.37319946289062,1.3167910393416882,-0.11383987580016254,-4.687461066138744
1781099384958275300,148.398275390625,-1.090642442831397,-0.20951295739933848,-1.0477741919636725
1781099384983351600,148.4233515625,-0.5632254191577434,-0.2732726051263511,-0.4863388710930943
1781099385008426500,148.44842651367188,-1.0241910718023777,-0.5045850141406059,-1.7246233599528669
1781099385033502500,148.47350244140625,1.2119938633054494,1.5396673361830413,-2.329030976587534
1781099385058577400,148.4985773925781,-0.33609424135088917,1.5104064626462756,-2.110168445432186
1781099385083653400,148.5236533203125,-2.231443878060579,0.21879998731315134,0.5337836360961199
1781099385108728600,148.548728515625,-1.6529869875013827,-0.17706278630197048,-1.046980703498423
1781099385133803500,148.57380346679687,-0.7740794159024953,0.850187088549137,-1.653400536738336
1781099385158879500,148.59887939453125,1.5990139897733926,1.1271017034396529,-1.0807347968012093
1781099385183954400,148.6239543457031,0.26870237460136415,-0.47442587658986446,-2.707248495657742
1781099385209030700,148.64903076171876,-2.0649591843962667,-0.2700431216858327,-1.688503706562519
1781099385234105600,148.67410571289062,-0.695830055052042,0.6511133998386561,0.38174803128391505
1781099385259181600,148.699181640625,0.08060381502211093,0.8710214945241809,-3.247659733200073
1781099385284257500,148.72425756835938,-0.23881693942546844,-0.7400704710558056,-1.3848103903397917
1781099385309332700,148.74933276367187,-0.7457616684347391,0.9390696332253515,-0.40699382396042344
1781099385334408400,148.7744084472656,-1.0721814879894256,-0.8451220602445304,-2.488454938085377
1781099385359483400,148.7994833984375,1.2863421250641345,0.5454995005920529,-2.2879773739263416
1781099385384559600,148.8245595703125,-0.483898199942708,1.1292999441362916,0.16880583008825778
1781099385409635600,148.84963549804687,-1.3480138606011867,1.0887084060288965,-0.32079964158535
1781099385434710500,148.87471044921875,-2.4135288764387366,-0.4165599630765617,0.024649872609972954
1781099385459786800,148.89978686523438,-0.49690907268524165,1.231792350361496,-0.5272866752922535
1781099385484861700,148.92486181640626,0.4983528417527675,0.016487316681444646,-1.011946799518168
1781099385509937400,148.9499375,2.8663468784630295,0.3341572819389403,-1.8566472733497619
1781099385535013600,148.975013671875,0.7529974649071693,0.3001587123557925,-0.9786553552910685
1781099385560088600,149.00008862304688,-1.5868974355220793,0.10892843062207103,-0.3198793118700385
1781099385585164500,149.02516455078126,-1.177883503910899,-0.6016485271848738,-0.9131243139773607
1781099385610239500,149.05023950195311,-0.461154453215003,-0.3310542013570666,-1.97173057333976
1781099385635315700,149.07531567382813,0.38140988537073134,0.043621553453058,-0.08192834162414074
1781099385660391700,149.1003916015625,0.0251531459569931,0.15654358375594019,-1.0744771977111696
1781099385685466600,149.12546655273437,-1.9370330617070197,-1.0580069782949983,-0.6954188439026474
1781099385710542600,149.15054248046874,-2.842047134464979,-0.12769319071620702,2.632693313150108
1781099385735617500,149.17561743164063,-1.5964520303308962,-0.5805880573689938,0.7752057895839214
1781099385760693500,149.20069360351562,0.5190951855301856,0.9285084917224943,-2.88716900947839
1781099385785769700,149.22576977539063,1.8583266047388314,0.191463359837234,-0.6991542310386896
1781099385810844700,149.2508447265625,-0.9194003255069255,0.7470680748581886,-0.24850451296418904
1781099385835920600,149.27592065429687,-1.9438392345905302,-0.13178513620495796,-0.7153522093847393
1781099385860995600,149.30099560546876,1.03302670468688,0.7047631569616496,0.26419161917865275
1781099385886071800,149.32607177734374,1.326724404335022,0.38349721303880213,-0.9104889970377087
1781099385911146800,149.35114672851563,0.3434533719420433,-0.6360751129217446,-1.7303905451774597
1781099385936222500,149.37622241210937,-0.28006781822443005,-1.0197850919283926,-0.5831695982947945
1781099385961298400,149.40129833984375,1.0820844578444957,0.5759332173004746,-1.6718728897571562
1781099385986373600,149.42637353515624,1.1046388194799424,-0.043216918174922465,-1.6378192289859055
1781099386011449600,149.45144970703126,-1.5952362248003482,-0.1733567713908851,0.6708969815865159
1781099386036524500,149.47652465820312,-1.8091092771053312,-1.2408619381323456,1.2759043176800011
1781099386061600800,149.50160083007813,-0.5033271230340004,0.5410277620054781,-1.496929872088134
1781099386086676500,149.52667651367187,1.708632886877656,0.2556095226638019,-1.60372786655277
1781099386111751400,149.55175146484376,0.48562078595161434,0.7012915353283286,-0.16111761367321015
1781099386136827100,149.5768271484375,-1.7521055333793163,-0.07332505619078875,0.011140110434591769
1781099386161902000,149.60190209960936,-1.6650614561766386,-0.01870981503650546,0.5853121632814406
1781099386186978000,149.62697802734374,-0.31223990303277965,0.4958608788065612,0.17312018615603447
1781099386212054300,149.65205419921875,1.3362906895816324,0.509657495099306,-1.01815325294286
1781099386237129200,149.6771291503906,0.8285258763611316,0.2801647027276456,-1.2141571788191794
1781099386262205200,149.702205078125,-0.3508756308972835,-0.01695376514941454,-1.451373405049741
1781099386287280400,149.7272802734375,-0.38238662144839763,-0.23028058174848556,-1.6273080641046165
1781099386312356400,149.7523564453125,0.35248598870337006,-0.30317864469885825,-0.7030939085751772
1781099386337432000,149.77743212890624,0.6066466277331114,0.1767139728643,-0.11058131239563226
1781099386362507000,149.80250708007813,-0.8687503347218036,-0.7095327094510198,-1.251329263871908
1781099386387583200,149.82758325195311,-1.31581781039536,-0.4263881141297519,-0.8839692389026284
1781099386412658200,149.852658203125,-0.44440731655359267,0.9340634955011308,-0.27693507315665483
1781099386437734100,149.87773413085938,0.5087672682613134,0.2657264275304973,-1.1798331766739487
1781099386462810400,149.90281030273437,-2.0657307532906533,-0.607216974966973,0.20089315922260284
1781099386487885300,149.92788525390625,-2.6742460975050926,-1.1726552478685974,1.4468705406725406
1781099386512961000,149.9529609375,-0.7579319986999035,-0.015057430008798837,-0.6626110915392637
1781099386538036200,149.9780361328125,1.3988696030914782,0.9109050304926931,-2.0394877662703395
1781099386563112200,150.0031123046875,-0.19816344199776648,1.17906146164909,-0.4498568141311407
1781099386588187100,150.02818725585936,-2.268475677859783,-0.45351226789876814,0.17688158451616762
1781099386613263000,150.05326318359374,-1.7467846306174992,0.17843626661226153,0.04465718011111021
1781099386638339300,150.07833935546876,0.23716098891198634,0.2871815957523882,-0.7763914922371506
1781099386663414300,150.10341430664062,0.8751999492526054,0.18740911601036786,-1.1432418141186236
1781099386688490200,150.128490234375,0.9239601807683706,0.033306057274341584,-1.2472878795266151
1781099386713565200,150.15356518554688,-0.653307841143012,0.21077800889909265,-1.0127142767593265
1781099386738641200,150.17864111328126,0.14889584548175333,-0.12424509608894586,-0.9282152078643441
1781099386763717000,150.20371704101564,0.11146131010055542,-0.48114144858047364,-1.1975754618525505
1781099386788792000,150.2287919921875,0.33417934764027596,-0.09185951466038822,-0.47052287780195473
1781099386813868300,150.25386840820312,-0.9858639714956283,-0.5591293820157647,-0.30106413676291705
1781099386838943200,150.27894311523437,-0.4878559976577759,-0.35460035050883887,-1.1640496243476868
1781099386864019200,150.30401928710938,0.06477671581506729,0.6998726084411144,-0.3454693879395723
1781099386889095400,150.32909545898437,0.43262043264806266,0.891462663397938,-0.3519152030780911
1781099386914170400,150.35417041015626,-1.6441770735800265,-0.25438874869719147,-0.027393033838272095
1781099386939246000,150.37924609375,-1.9761860914438962,-0.7726141656555235,1.0440294524773954
1781099386964321000,150.4043210449219,-0.2898790181428194,0.7016121455848217,-0.5421127807632088
1781099386989397200,150.42939721679687,1.2213257552742958,1.1109864349409937,-1.2702327017843722
1781099387014472200,150.45447216796876,1.1692647286474704,0.5679356426753104,0.12275222718268632
1781099387039548200,150.47954809570314,-1.5856518193751572,-0.8389503858722746,-0.5069751241475343
1781099387064624400,150.50462426757812,-1.2891466610908509,-0.7191710370205342,0.219425425735116
1781099387089699300,150.52969921875,0.46335050195455546,0.9590409926302731,-0.5660284938797354
1781099387114775000,150.5547751464844,0.5274760603845119,-0.030692513775080442,-1.4101017757236958
1781099387139850000,150.57985009765625,-1.4562883573591707,-1.458186592195928,0.45576749947965145
1781099387164926000,150.60492602539063,-0.2929132712721825,0.15113441818878054,-0.3418248939573765
1781099387190002000,150.630001953125,-0.08743161521553992,0.9876244052968919,-2.66043150716424
1781099387215076900,150.65507690429686,1.4861632711410522,0.057399318914860484,1.347433138103783
1781099387240153000,150.68015307617188,-0.23742694637179373,0.13991452051624656,0.3685241003125906
1781099387265228000,150.70522802734374,-1.232466742491722,-0.8735625573091208,-0.8497168406888842
1781099387290304000,150.7303039550781,1.0055565139591693,0.4210604893662035,0.9661810736432671
1781099387315380200,150.75538012695313,0.4921019646644592,0.8956902179650962,-1.1975263620138168
1781099387340455200,150.780455078125,-0.5878764608114957,0.564860765274614,0.8019795224800705
1781099387365531000,150.80553076171876,-0.7412789700627327,-0.3952145388394594,1.705866929295659
1781099387390605800,150.83060571289062,-0.5355108982801438,0.12218947873339056,-1.1503080992430448
1781099387415682000,150.85568212890624,1.3230904317468404,-1.3553358740523456,-0.019441782572865485
1781099387440757000,150.88075708007813,1.8952292252004146,-0.06921236017495393,-0.9000903526201843
1781099387465833000,150.9058330078125,-0.6186889477044344,-0.418421519164741,-0.5642848650828004
1781099387490909200,150.9309091796875,0.7403811444401741,0.6497416730940342,0.9164952517151832
1781099387515984100,150.95598413085938,-1.327050567549467,-0.3825757142797112,0.1522980551406741
1781099387541060000,150.98106005859376,-1.1784148343086243,-1.6727485035479068,1.5296522842556237
1781099387566135000,151.00613500976561,0.12679390378892422,-0.32958880497962234,1.5289622561648488
1781099387591211000,151.0312109375,0.9960071798473596,0.9777467160135507,-0.7245911623731255
1781099387616287000,151.05628686523437,1.2509943328291178,0.14935089577287436,0.686031130093336
1781099387641362000,151.08136181640626,-0.26093641677498813,-1.0760758650794624,0.8729404798880219
1781099387666438100,151.10643823242188,0.0660310997903347,-0.32356004620939494,0.3993035617187619
1781099387691513000,151.13151318359374,2.179652900546789,0.6647492726117372,0.1630278312087059
1781099387716589000,151.15658911132812,-0.26742577879428864,-0.5622524824723601,0.15324819547235966
1781099387741664800,151.1816647949219,-1.0418038853824139,-1.8496636980727315,1.8439391829460858
1781099387766740000,151.20673999023438,0.9868488908797501,-0.07101414889991282,0.365886153024435
1781099387791816000,151.23181591796876,0.9718038819611072,1.6239865184664726,-1.260553603813052
1781099387816891000,151.25689086914062,1.968304982805252,0.5836094510167836,1.2029290978401899
1781099387841967000,151.28196704101563,0.15333470471203325,-0.9078899204552173,1.1526380034953354
1781099387867042000,151.3070419921875,-0.30946459310054775,-1.9107497426763176,-0.040785599374771116
1781099387892118000,151.33211791992187,-0.37549218575954435,-1.5184782715514302,1.6444231572955845
1781099387917194000,151.35719409179688,2.168522434723377,1.5138722390606998,-1.2829858003735541
1781099387942269200,151.38226928710938,0.4743091183423996,0.42489129970073697,-0.6285977627784013
1781099387967345000,151.40734497070312,0.3348305050253868,-0.38075112920105453,2.7273481576174494
1781099387992419800,151.432419921875,-1.3810416854560374,-0.9880378084033727,0.9126175334990024
1781099388017496000,151.45749609375,0.7613900301992893,-0.839413181078434,1.4672218393057583
1781099388042572000,151.48257202148437,2.38772983379364,0.23840835862457752,1.8321587287813423
1781099388067647000,151.50764697265626,1.8427298071563243,0.8703250366926193,-0.022862989193201063
1781099388092723000,151.53272290039064,1.5156535695195197,-0.2925125815168023,0.2360644258469343
1781099388117798000,151.5577978515625,-0.1009872623592615,-0.5506736883595585,0.39016076258122917
1781099388142873900,151.58287377929688,0.20403554890155792,-0.9088739630565047,1.0935855105459689
1781099388167949800,151.60794970703125,0.9925848041832447,0.7377849904671311,2.200593397244811
1781099388193024800,151.6330246582031,1.085448381319642,0.1694520190373063,0.6248603298157454
1781099388218100700,151.65810083007813,-0.1712193209707737,-1.465532863305509,1.7996920449405907
1781099388243176000,151.68317602539062,-0.06037468146383762,-1.886106884329021,1.4307733923524617
1781099388268252000,151.708251953125,1.229186405646801,0.13621727343350648,1.518489669728279
1781099388293326800,151.7333269042969,2.1865800694614648,1.8635998689666389,-1.4036176744014024
1781099388318402800,151.75840283203124,-0.2778711849629879,-0.7694853661105037,1.3736334550261498
1781099388343479000,151.78347900390625,-1.9081337149590252,-1.0945578627094625,4.720324640342593
1781099388368554000,151.80855395507814,-0.7743547257125377,-2.17245217538774,0.8479653208464384
1781099388393629700,151.83362963867188,1.5329028104841709,1.4394275311902165,0.602264467126131
1781099388418705000,151.85870483398438,4.910069213563204,2.486024788329005,-1.4472060562372207
1781099388443780900,151.88378076171875,1.89367088984251,3.2062016413912175,2.9958576399952173
1781099388468856800,151.90885693359374,-0.07564180870056152,-1.495068754391372,1.1862842525094748
1781099388493931800,151.93393188476563,2.3792168569922447,0.7865472678095102,0.6359346815377473
1781099388519008000,151.9590080566406,10.302351450461149,2.251185228101909,-4.841714054739475
1781099388544083000,151.9840830078125,6.00151362042725,1.2241904970556496,-2.6578952666848896
1781099388569159000,152.00915893554688,0.9312053295910357,-1.4626210675120352,-0.3898889599025249
1781099388594235000,152.03423486328126,-2.8417537044763566,-0.8124050549045204,0.9735030870944261
1781099388619309800,152.05930981445312,0.22773265083134173,-1.6921511231541633,2.56128724232316
1781099388644385800,152.0843857421875,0.5503635994970798,-0.17406857292205094,2.3698773662388324
1781099388669460700,152.10946069335938,-0.5769032313764095,-2.12221807192713,2.1269576676696538
1781099388694537000,152.13453686523437,0.23617256239652631,-0.8087582228347658,1.7296616463810204
1781099388719612000,152.15961181640625,-2.4656898563086984,-1.590503058798611,0.8234569025337696
1781099388744687900,152.18468798828124,-3.049364773777127,-1.8920742683008311,1.7905787641584872
1781099388769763800,152.20976391601562,-1.7853227433264254,-1.5138283999189734,3.291256298342347
1781099388794838800,152.2348388671875,-1.4169208080887794,0.10447422769218682,2.05848151281476
1781099388819914800,152.25991479492188,-1.5917156494587659,0.6443406908333301,2.3365660482674837
1781099388844989700,152.28498974609374,-1.6772972528934478,-0.6341451677724719,2.7186364433735606
1781099388870066000,152.31006591796876,-0.2849310403466225,0.5406389088183641,2.303554590025544
1781099388895142000,152.33514184570313,2.7948504990041254,-0.08477613227069378,0.8542430859416723
1781099388920216800,152.360216796875,2.3032833718687296,0.7588800932049751,0.3556120117694139
1781099388945293000,152.38529296875,3.4499113212943073,0.49443946770131586,0.9768237559497356
1781099388970368000,152.41036791992187,2.990948825165629,1.4783102195531128,-2.35436473980844
1781099388995443700,152.43544360351564,2.4885680430710315,0.931443814522028,-0.8746890771210193
1781099389020518700,152.4605185546875,3.0194226399779316,1.2945838837087154,0.6831365776956081
1781099389045595000,152.48559497070312,2.7609260175704953,0.5797936921209097,-0.8256225561350583
1781099389070670800,152.5106708984375,2.4775381150126456,0.9793433375552296,-0.3099439010500908
1781099389095746600,152.53574658203124,0.2087462108105421,0.37959728299081325,0.9123796330899
1781099389120822500,152.56082250976561,-0.5316916322529316,-0.5833718428686261,1.3740806142717599
1781099389145897500,152.5858974609375,-0.7142904253721237,-0.3671747315302491,1.0649857312664388
1781099389170973400,152.61097338867188,-0.4899871644675731,-0.6707213327586651,1.9350956639036536
1781099389196049400,152.63604931640626,-0.5150561392724514,-0.1862596537142992,1.8006304948344825
1781099389221124400,152.66112426757812,-1.6786667876809835,-0.4924634914532304,0.9780413150459527
1781099389246200600,152.68620068359374,-2.2333733848184347,-0.6549065085113048,1.9279156892716884
1781099389271275500,152.71127563476563,-0.2394149053186178,-0.19977818371802566,1.1228747333943843
1781099389296351500,152.7363515625,-0.1678513058423996,0.32444325878471136,-0.32892858750522136
1781099389321427500,152.76142749023438,0.9060077599704265,0.39445349133908747,0.8407461832478642
1781099389346502700,152.78650268554688,-0.7845698302567005,0.8323062716826796,0.6086608901649713
1781099389371578400,152.81157836914062,-0.5748462988466024,1.5211352158010005,0.297056362426281
1781099389396653300,152.8366533203125,-0.8355909924417734,-0.25064181725382806,0.9051178253933787
1781099389421729500,152.8617294921875,0.9363514603078364,1.2444114473074674,0.30147067173719405
1781099389446804500,152.88680444335938,2.2139199118077753,0.0939966728195548,0.022170038492977617
1781099389471880400,152.91188037109376,0.5233768083721398,0.5639088713772594,-0.24908640450537203
1781099389496956400,152.93695629882814,-0.18129472478330133,0.01757715774476528,-0.11225450630486011
1781099389522031600,152.96203149414063,0.34509880106151103,1.2728553053729235,-0.2853466354101896
1781099389547107600,152.98710766601562,0.3650771747291088,0.9888944252327084,0.1378890060380101
1781099389572182500,153.0121826171875,-1.144233163243532,-0.09331088251248001,1.499917947988212
1781099389597258500,153.03725854492188,-1.5860668299168348,-0.41125571918860077,1.0546195278137922
1781099389622334500,153.06233447265626,-0.17316870147287844,0.4616339072950184,-0.7826827013358474
1781099389647409400,153.08740942382812,-0.15206453864574432,0.7328058868803083,0.20693185486495494
1781099389672485400,153.1124853515625,-0.1706558418691158,1.3011743680149317,-0.913235665397346
1781099389697560600,153.137560546875,-2.0962901422053575,0.11854103922843932,0.02841623940616846
1781099389722636500,153.16263647460937,-1.933852678105235,-0.04180091389715671,1.078491986310482
1781099389747711500,153.18771142578126,-1.27969260404706,0.2840316072888672,0.3330205329939723
1781099389772787500,153.21278735351564,1.7535200763523577,1.689351117172092,-0.7082306869417428
1781099389797863400,153.23786352539062,1.9062147295951841,1.430185363331437,-0.40005467234700914
1781099389822938400,153.2629384765625,-1.3890928899645805,0.9043849810741841,-0.4746206685096025
1781099389848014300,153.2880144042969,-1.4478314946591853,0.37699922932162877,0.2423994740873575
1781099389873089500,153.31308959960938,-0.396289474594593,1.073020276901126,-0.04894552495479584
1781099389898165500,153.33816552734376,0.6721838065266609,1.1346205546371637,-0.058229486128687856
1781099389923241500,153.36324145507814,0.447860671877861,1.304114513120055,0.04720277294069528
1781099389948316700,153.38831665039064,0.10409691881239413,1.0899088678598403,-1.4775053329110144
1781099389973392400,153.41339233398438,-0.9227636644601821,0.7237704936400056,-0.1200301087424159
1781099389998467300,153.43846728515626,-0.10423661954402923,1.3451662160851061,0.40833793204575775
1781099390023543300,153.4635432128906,0.09617372459769248,0.9816358324065804,-0.4676514140188694
1781099390048618500,153.48861840820314,-1.277114862513542,0.19134075637087225,0.8129664881795644
1781099390073694500,153.51369458007812,-1.279285776811838,1.3159030044607818,-0.3171881730899215
1781099390098770200,153.53877026367186,-0.3614893793702125,1.743998068638891,-0.6660711688652634
1781099390123845000,153.56384521484375,0.18029343878626822,2.2702561315357683,0.2589364751294255
1781099390148921300,153.58892138671874,-1.6528683295577764,1.175147941467166,0.29797581535875795
1781099390173996300,153.61399633789063,-1.6594547222107647,0.8376884031124413,0.5287807132422924
1781099390199072000,153.63907202148437,0.013067571365833282,1.9371949742704628,0.5446446373283863
1781099390224148200,153.66414819335938,1.3306336867332458,1.9133001578114925,-0.06571808831840753
1781099390249223200,153.68922314453124,0.3124380559533834,1.2091077864751218,-0.6125362702935934
1781099390274299100,153.71429907226562,-1.364421390044689,0.2988984831616282,-0.23762568381428717
1781099390299374000,153.7393740234375,-1.8260358619868755,0.384190309869498,-0.6877037394806742
1781099390324450300,153.7644501953125,-0.23474983611702918,0.5820543305292725,-1.0310787854894996
1781099390349526300,153.7895263671875,0.28515315866470337,1.5489698559269307,-0.3831546832114458
1781099390374601200,153.81460131835937,0.2627554488956928,1.798038286384195,-0.46929655087739225
1781099390399677200,153.83967724609374,-1.725488744610548,0.44765506630316376,0.3637655076086521
1781099390424752000,153.86475219726563,-1.9002543598860502,0.7070445458970963,0.7721043164372444
1781099390449828000,153.889828125,-0.5943968024909496,1.1020752526022493,-0.043561493828892704
1781099390474903000,153.91490307617187,1.6246902828216552,2.086339533816278,0.12075696171224116
1781099390499979300,153.93997924804688,0.41684477136731146,1.434670692051947,0.195635384824872
1781099390525055200,153.96505517578126,-1.6224726067721842,0.9007967473238706,0.2982353430777788
1781099390550130200,153.99013012695312,-0.5779086090266704,1.3145670796819031,0.13243775489479304
1781099390575206400,154.01520629882813,1.0888087976634502,1.7739840415798127,0.0256499895632267
1781099390600281300,154.04028125,0.02088847424983978,0.5779051018953323,0.2696256269261241
1781099390625357000,154.06535717773437,-0.5729506943583488,0.3857672037974,-0.12896306452155112
1781099390650433300,154.09043334960938,-0.35340719520151614,0.24760610281974077,-0.197063956323266
1781099390675508200,154.11550830078124,0.25559037957191466,1.2410313033498823,-0.36351474771797654
1781099390700584200,154.14058422851562,0.7242588616788387,0.9915238969534635,-0.12301526203304529
1781099390725659100,154.1656591796875,-0.9671686233758926,1.3528044558785854,0.5759130512952805
1781099390750735400,154.1907353515625,-1.3365537244319916,-0.3992211441323161,1.4158815281689165
1781099390775810300,154.21581030273438,-2.392303133058548,-0.3406120110362768,1.3541001947775482
1781099390800886300,154.24088623046876,0.7143693358272314,0.9250424230471253,0.291377440007031
1781099390825962200,154.26596215820314,2.349527236649394,2.1280881330043075,-0.17129735464304685
1781099390851037200,154.291037109375,0.16144319236576557,0.7645026092618703,0.9495049563914537
1781099390876113200,154.31611303710937,-2.8518752855181693,0.25329642341583963,1.8086881290838122
1781099390901188000,154.34118798828126,-0.12652268563210964,0.5938222174733877,1.00257136066854
1781099390926264300,154.36626440429689,0.5840735613971948,-0.4434975082322955,0.8720902927994728
1781099390951340300,154.39134033203126,1.377915077868104,0.5834945924654603,1.404571321864426
1781099390976415200,154.41641528320312,1.0664952590465544,0.2637693021133542,-0.7768541413128376
1781099391001491200,154.4414912109375,0.1070697971433401,2.377968318235874,-0.9035054217606783
1781099391026566100,154.4665661621094,-1.5946984646618365,-1.0720257129058242,3.083954733382165
1781099391051642000,154.49164208984374,-0.5962836391508579,0.6040446285411715,1.3184993045642972
1781099391076718000,154.5167180175781,1.9341525378346442,0.5951373917251825,0.0230596808090806
1781099391101793000,154.54179296875,3.2409155196368693,2.257164302511513,1.1367661883637308
1781099391126869200,154.566869140625,0.1592676018923521,0.03761749073266983,0.19958616827726364
1781099391151944200,154.59194409179688,-0.8017389917224645,-0.3625724984318018,1.012435459817946
1781099391177020200,154.61702026367186,-0.12454057190418243,-0.03155716778039932,1.7348592150241136
1781099391202095000,154.64209521484375,0.3092442283481359,-0.25279344232976436,1.4678747502565384
1781099391227171000,154.66717114257813,1.2730372378110886,1.015460360597074,1.2203683084189891
1781099391252247000,154.6922470703125,0.6617629502773285,0.680023998633027,1.7052824074059725
1781099391277322000,154.71732202148436,-0.44101825863718985,0.6803428553238511,1.3547235873728989
1781099391302398000,154.74239794921874,-0.8356441839337349,-0.22500088777989147,1.9649527497678994
1781099391327473200,154.76747314453124,0.7231681438326836,0.38450346747189756,2.1398305932462214
1781099391352549000,154.79254907226561,1.7014087808430194,1.3136609246224165,1.5951175668567419
1781099391377625000,154.817625,1.634664564347267,0.21554332360476255,0.7332903093963861
1781099391402700300,154.8427001953125,0.363646265143156,-0.41036008552312847,1.699068939718604
1781099391427776000,154.86777587890626,0.5456804101169109,-0.48687312410026784,1.111304707109928
1781099391452851000,154.89285083007812,1.6886656191259621,1.1518319478094576,0.9319482569128275
1781099391477927000,154.91792700195313,2.517825701737404,1.105194992057979,0.4487251797527075
1781099391503002000,154.94300219726563,0.4694879817962646,-0.6528855240777135,1.466217630699277
1781099391528078000,154.968078125,-0.4296902244150638,0.1266661857560277,2.0634768368840217
1781099391553154000,154.99315405273438,1.4161580070227384,0.8409165713787078,0.25972178028821946
1781099391578229200,155.01822924804688,2.8005256220310923,1.5214105256110428,-0.3018167086958885
1781099391603305200,155.04330517578126,2.433327801886201,0.686758567585051,1.5144383485108612
1781099391628380200,155.06838012695312,0.05014321030676364,-0.6009481238305568,0.32219606437981124
1781099391653456000,155.09345581054689,-0.2199567561328411,-0.38059769220501183,1.346183722564578
1781099391678532000,155.11853198242187,1.6118401535987854,0.7770999327674508,1.279218556794524
1781099391703607000,155.14360693359376,1.666654862847924,1.5471347494542598,0.9731009360343217
1781099391728683000,155.16868310546874,0.9054407737374305,0.9900129078686237,1.5644693306148052
1781099391753758200,155.19375830078124,-0.5516513012200593,-0.39526743807047604,1.3191174364626408
1781099391778834200,155.21883422851562,-0.8067471752732992,-0.85296970500499,2.3875647063598033
1781099391803910100,155.24391015625,-0.06559680002629757,-0.5717562238767743,1.6895266198694705
1781099391828985000,155.26898510742188,1.878568597778678,1.4823323146760463,0.3639621992245316
1781099391854061000,155.29406103515626,1.8441180466443299,1.1073296659991145,0.5380976999029516
1781099391879136000,155.31913598632812,0.46089024932086464,0.5677642316311597,0.8318503446087241
1781099391904212000,155.3442119140625,-0.8769102603018283,-0.4610086150035262,0.5541892952650785
1781099391929288200,155.3692880859375,-0.37107027766406536,-0.09951017554402351,0.8427598611578345
1781099391954363100,155.39436303710937,0.2448831075966358,-0.5264584077745675,1.2508306667000055
1781099391979439000,155.4194392089844,1.4323212063163517,0.09478928450196981,0.2655766437962651
1781099392004514000,155.44451416015625,1.1129127268284558,0.2230164359644055,-0.4080322270974517
1781099392029590000,155.46959008789062,-0.35493104376792906,0.037411154505610465,0.3990314667791128
1781099392054666000,155.494666015625,-1.0568944870084525,-0.09548398876786232,0.9636626610815524
1781099392079741000,155.5197409667969,-1.3373609491616487,-0.43871290430426596,0.9211088829904794
1781099392104817400,155.5448173828125,-0.8779343426525592,0.16368834094405174,1.6249325671449302
1781099392129892400,155.56989233398437,0.3593856850892305,1.1899939206823706,1.1241203495413064
1781099392154968600,155.59496850585938,0.22086276506185532,1.4801123005390167,-0.6062120357081293
1781099392180044300,155.62004418945313,-1.472476106572151,0.4537915232315659,2.381310906662047
1781099392205119500,155.64511938476562,-1.086339777201414,-0.1180041558727622,1.658033164975047
1781099392230195500,155.67019555664064,0.3838216226875782,0.6357198697432875,-0.6941764426261187
1781099392255270400,155.6952705078125,2.0557032802730797,0.4292687841325998,0.5764475965633988
1781099392280346400,155.72034643554687,0.5624830763578414,1.1369050123125315,-0.5711085736230015
1781099392305422600,155.7454226074219,-0.778511260870099,0.5265186135292053,0.04185761252045631
1781099392330497500,155.77049755859375,-2.3237878152370453,-0.31365678409337994,1.6439029328137635
1781099392355573500,155.79557348632812,-1.8090870652735231,-0.20605974820554254,0.2628863817989826
1781099392380648400,155.8206484375,1.7611890035450457,0.9291922362029552,0.18021569737493992
1781099392405724400,155.8457243652344,1.9962953980147837,2.0115888287365435,-0.3272027866259217
1781099392430800400,155.87080029296874,-1.6053835248053072,-0.071483812238276,0.6595411825746298
1781099392455875300,155.89587524414063,-2.5663725827634334,0.08939064032882452,1.0742518645226955
1781099392480951600,155.92095166015625,0.0805354259610176,1.1529977767184376,-0.12878478534519672
1781099392506026500,155.94602661132814,0.7656336591184139,1.619229679328203,0.5006728091329335
1781099392531102500,155.9711025390625,0.7644850736051797,1.0909101538568735,0.3896457987964153
1781099392556178700,155.9961787109375,-0.9954945541501045,0.5426911651730537,-0.16812398530393838
1781099392581253600,156.0212536621094,-0.3544751166939735,0.8667863411724567,-0.1254153089120984
1781099392606329300,156.04632934570313,-0.7195481997698545,0.5695525763526559,0.01386456696242094
1781099392631404300,156.071404296875,0.2907856115937233,0.5560021899059414,-0.0919444164648652
1781099392656480500,156.09648046875,0.7965729872614145,1.8514035274773835,-0.5804661845549941
1781099392681556500,156.12155639648438,1.3074930496424435,1.3382177121214567,-0.15434329723268747
1781099392706631400,156.14663134765624,-0.7678630256056785,0.8176900095701217,0.586990033365786
1781099392731707600,156.17170776367186,-1.22336924380064,-0.7202268296837806,0.3920525676771998
1781099392756782600,156.1967824707031,0.05260463198423385,0.8307393146269023,-0.08444909227341413
1781099392781858600,156.22185864257813,1.835702684998512,1.2179296830952167,-0.32597324483096596
1781099392806934300,156.24693432617187,0.6601110914170741,1.140087734001875,-0.21106939306110142
1781099392832009500,156.27200952148436,-1.2435025157690047,0.4996095638155937,0.1843155339092016
1781099392857085400,156.29708544921874,-1.573738678741455,0.9500982461094856,0.5948448385193944
1781099392882160400,156.32216040039063,-0.7565303152084351,0.8057584564968943,1.5787605985566973
1781099392907236600,156.34723657226561,-0.10644143611192702,0.4910638537883758,0.9058207129657267
1781099392932312600,156.3723125,-0.18873978009223938,0.21940701329559087,-0.10967004276961087
1781099392957387500,156.39738745117188,-0.5644429782539606,1.3095616726100443,0.58434361051023
1781099392982463200,156.42246313476562,0.12060440149903297,0.4840893386006355,-0.3669751173049211
1781099393007538400,156.44753833007812,-0.03596095569729805,1.2653110274732111,-0.36182109554260966
1781099393032614400,156.47261450195313,-0.7375836226761341,-0.07505933263748883,0.7157260111331939
1781099393057690400,156.4976904296875,-0.337068054819107,0.8131915291070938,0.5827534187093377
1781099393082765300,156.52276538085937,0.6574585310816764,1.4070096549272537,0.7820572629138827
1781099393107841000,156.54784106445314,0.68910103905797,0.7127914189860224,0.6477449463188648
1781099393132917200,156.57291723632812,-1.2022142275691032,-0.4060977519035339,-0.1640802628710866
1781099393157992200,156.5979921875,-0.6958686334967613,-0.14038754485547542,0.07444967630654573
1781099393183068200,156.6230681152344,0.9174538676142692,1.6777189854368566,0.7837748804867267
1781099393208143000,156.64814306640625,1.4927502483159303,1.0164444031983613,0.025586861199140547
1781099393233219000,156.67321899414063,-0.86312489605546,-0.01841156274229288,0.8907873944848775
1781099393258295000,156.698294921875,-1.3653829285532235,0.07718377744555473,1.3225237377747892
1781099393283370000,156.72336987304686,0.6124550217509269,0.8544216573789716,-0.538195899580419
1781099393308446200,156.7484462890625,1.138632859018445,2.252638057258725,0.6150716339901089
1781099393333521200,156.77352124023437,0.010130348870158195,-0.4050336298033595,1.3789441286548971
1781099393358597000,156.79859716796875,-1.4218921667605637,-0.1343313135564327,-0.24808482624739406
1781099393383673000,156.82367309570313,0.40132045449912546,0.5405503537520766,0.7517638314589857
1781099393408748000,156.848748046875,1.1136387030154467,1.8424775859609246,0.5473161946251988
1781099393433824000,156.87382397460937,0.4453460587084293,0.3302405468866229,0.2523436527356505
1781099393458899000,156.89889892578125,-0.026372458618879317,1.122804298506677,1.2542486584499477
1781099393483975200,156.92397509765624,-1.0734119065672159,-0.41193420297205446,1.0691349599003792
1781099393509051100,156.94905102539062,-0.865446617001295,0.10151216301620006,1.2052651395723224
1781099393534126000,156.9741259765625,0.6713795044064521,0.3810322842299938,2.160591349463165
1781099393559202300,156.99920239257813,1.7691244727194309,0.6090861298397183,-0.7981430130571127
1781099393584278000,157.02427807617187,0.07228665305376053,-0.2197191479846835,0.33082623782008885
1781099393609353000,157.04935302734376,0.35240006398558615,0.6124599901869893,1.177670737943053
1781099393634429000,157.07442895507813,0.26947686610519883,0.7693430350303649,0.7309943074136972
1781099393659504000,157.09950415039063,0.28422493790388104,-0.059525371158123015,1.1928712296843529
1781099393684580000,157.124580078125,-1.2539677956819533,-0.7488783391505479,2.098442936325073
1781099393709656000,157.14965600585938,-0.3483084107577801,-0.09900982480645179,2.1129256351858374
1781099393734731300,157.17473120117188,2.0632441971719264,2.0037559431537986,0.057871758732199664
1781099393759807200,157.19980712890626,1.2257254515379667,1.3355001237258315,0.6028752925008535
1781099393784882200,157.22488208007812,-0.4877963764250278,-0.3762523564770818,1.781638209594786
1781099393809958000,157.2499580078125,-0.7596458168804645,-1.1494316086694598,1.5894032808631657
1781099393835034000,157.2750341796875,1.4529852241605519,0.5491103845655918,0.18783903186023235
1781099393860109000,157.30010913085937,2.1773095522910357,1.0735022151991724,0.1217664310157299
1781099393885185000,157.32518505859375,1.1538637458980083,0.5180056367278099,1.9256869073063134
1781099393910261200,157.35026123046876,0.14167232396900653,0.3320850057095289,1.0754466272652148
1781099393935336200,157.37533618164062,-0.08832125753164291,-0.3046837885648012,1.106174358484149
1781099393960412000,157.4004118652344,0.28170506403744217,-0.2245806165412068,1.592290234476328
1781099393985487000,157.42548706054689,1.2847627469182015,0.10466332052350044,1.5714619659811258
1781099394010563000,157.45056298828126,1.8041162911236286,0.9977908483937382,0.7895096247464418
1781099394035639000,157.47563916015625,1.6272294459104537,0.6227578045785427,0.34889001003801823
1781099394060714000,157.5007138671875,-0.1211737258195877,-0.4495829656258225,1.0222627340883017
1781099394085790200,157.52579028320312,0.3544377072930336,-0.21218232273906468,1.5027999331653117
1781099394110866200,157.5508662109375,1.3349831141144037,1.1131541343688964,0.9507499880164861
1781099394135941000,157.5759411621094,2.0304957737803457,1.2576292407989502,1.4119015186220407
1781099394161016800,157.60101684570313,0.2766097867250442,-0.5951750933870673,1.5613824705153703
1781099394186091800,157.626091796875,-0.2505909638494253,-0.6488707354784011,1.8935878877341745
1781099394211168000,157.65116796875,0.40592590246796606,-0.21451047342568635,1.3952636875540017
1781099394236244000,157.67624389648438,2.196937797346711,0.8473062724158167,-0.01515256094634533
1781099394261319000,157.70131884765624,2.2309300833195445,0.4743626020953059,0.68611705481112
1781099394286395100,157.72639501953125,0.998072880205512,-0.3376981694161892,1.4499369425058364
1781099394311470000,157.7514699707031,-0.37121407004892826,-0.5676116714179515,1.0382990921318531
1781099394336546000,157.77654614257813,0.07980126646757126,-0.04482143076211214,1.7009867560386658
1781099394361622000,157.8016220703125,1.390057935604453,0.7051601934552192,1.9489146381586788
1781099394386697000,157.82669702148436,1.477920343452692,0.2937158198267221,0.5888274779260159
1781099394411773000,157.85177294921874,0.9790607212215662,0.0021750059515237806,0.8116255949646234
1781099394436847900,157.87684790039063,0.5213794970750808,-0.2583048992276192,1.2880091814935206
1781099394461924000,157.90192407226561,0.3133674457579851,-0.8512427350819111,0.7460095057159661
1781099394487000000,157.927,0.289711844882369,-0.1258311962366104,1.3755249678611754
1781099394512075000,157.95207495117188,1.1793185051500796,0.705033936727047,1.4800398198246956
1781099394537151000,157.97715087890626,1.3422329391121863,0.6634644934982061,0.16308160722255705
1781099394562227000,158.00222705078124,0.08854220680594443,-0.5129983299598098,0.7562719565331936
1781099394587302000,158.02730200195313,-0.40916415373682974,-0.6368737159535288,1.5863076529353857
1781099394612377900,158.0523779296875,0.32150866663753985,0.04578676866292953,1.0268380791798233
1781099394637453000,158.077453125,1.6251777740776538,0.9936191156670451,0.22493805167675018
1781099394662529000,158.10252905273438,1.5243658682852983,1.1835565811112523,0.9519079258799552
1781099394687605000,158.12760498046876,0.5979278992265462,0.34302579417973755,1.7723010569289326
1781099394712680200,158.15268017578126,-0.09927285965681075,-0.4416194394007325,0.2995397036746144
1781099394737756000,158.177755859375,-0.23805004670619964,-0.46777708622515196,1.231928105570376
1781099394762830800,158.20283081054689,0.9976660529702901,-0.021580548167228698,1.138392328260839
1781099394787906800,158.22790673828126,1.770657089114189,0.7385419463142752,-0.5481839173704386
1781099394812983000,158.25298315429689,1.1159686072677373,0.6369526264086365,0.6549143995568156
1781099394838058000,158.27805810546874,-0.35878713467419143,0.37691578882187604,0.8895227813765406
1781099394863134000,158.30313403320312,-0.8010171071887016,0.024124679692089555,0.7994061648607254
1781099394888210200,158.32821020507814,0.06827274123728275,0.6760895817935466,1.0318751965641975
1781099394913285000,158.35328515625,0.9631570496469736,0.8309241696745157,0.7088242689207196
1781099394938360800,158.37836083984374,0.9601812487065792,0.20330022036433218,0.793901429964602
1781099394963435800,158.40343579101562,0.2305488772958517,-0.26810031705498694,0.5645511148035526
1781099394988512000,158.42851196289064,-1.4036252731859684,-0.9103416975215077,0.7708879263848066
1781099395013588000,158.453587890625,0.12451426841914653,-0.020310089839994907,0.14287030158191918
1781099395038663000,158.47866284179688,1.167618715006113,0.8363979249104857,-0.6345303676977754
1781099395063739100,158.5037392578125,1.3157237023711204,1.2028542790383099,-0.2418742811694741
1781099395088814000,158.52881396484375,-0.8183844215750694,-0.16208412061780691,1.0313760148704052
1781099395113890600,158.553890625,-1.2145336109161375,-0.4137207941278815,1.0145470451444387
1781099395138966500,158.57896655273439,-1.6059949347019196,-0.7142389874458313,0.8331216797187924
1781099395164041500,158.60404150390625,-0.32999767804145813,0.13131401156187056,0.9417840067505836
1781099395189117700,158.62911767578126,1.4687766675323246,1.2329700158387422,-1.028159098650515
1781099395214192600,158.65419262695312,0.9919143575757742,1.3608476232111453,-1.119736435368657
1781099395239268600,158.6792685546875,-1.639058999913931,0.4795169161185622,0.7398582896098495
1781099395264344600,158.70434448242187,-2.2111410947442054,-0.032064532780647276,1.5761580148428678
1781099395289419800,158.72941967773437,-0.985465327566862,0.24318594828993081,0.4828559974133968
1781099395314495500,158.75449560546875,0.2544505618870258,0.6992761038526892,1.2664032066240907
1781099395339571500,158.77957153320312,1.1112538537055254,1.6696642737969756,0.07004296578019857
1781099395364646700,158.80464672851562,0.4606874202251434,0.6979170904591679,-0.8304109594553708
1781099395389722600,158.82972265625,-1.1810066043674945,0.5565934337973595,0.40312896522581576
1781099395414797600,158.8547976074219,-1.0973743814349173,0.39572950262427325,0.2620578220203519
1781099395439873800,158.87987377929687,0.37392683613896366,0.5120326997980476,-0.3254264246031642
1781099395464949500,158.9049494628906,0.3802770819485187,-0.06083031627684831,-0.11389262890070675
1781099395490024400,158.9300244140625,-0.11063596519231796,0.6121785428971052,0.28577421317249535
1781099395515100400,158.95510034179688,0.2955915505707264,1.3926000213026999,-0.516377158743143
1781099395540175600,158.98017553710937,0.870698546180129,0.8397165479391813,-1.017662839077413
1781099395565251600,159.00525146484375,-1.4547791218400001,0.3280390913195908,-0.1210211656063795
1781099395590327600,159.03032763671874,-1.6345505825787783,-0.8281333699122071,0.6388721962943673
1781099395615402800,159.05540283203126,-0.2134475203692913,0.6093652390420436,-0.7364192550718784
1781099395640478700,159.0804787597656,2.5204858608573675,1.2653247637376188,-1.2450304559886456
1781099395665554400,159.10555444335938,1.0125760373324155,2.0657944661766288,0.2167988766238093
1781099395690629400,159.13062939453124,-2.741930225199461,-0.5790165702685713,0.5674114726707339
1781099395715705600,159.15570556640625,-3.102641021412611,-0.23701047452539203,0.759247757473588
1781099395740780500,159.1807805175781,0.26100539035797116,1.4081909736663103,0.713972737725079
1781099395765856500,159.2058564453125,2.2088895164251325,1.9816624770283697,-0.383180402174592
1781099395790932700,159.2309326171875,0.08780220209360122,-0.0019014497071504592,-0.50112698264122
1781099395816007700,159.25600756835937,-2.2794670274734496,-0.44777942333519455,0.47416474143564696
1781099395841083600,159.28108374023438,-1.546688759252429,0.42119829040169715,-0.2704217457398772
1781099395866158600,159.30615869140624,0.7847954557061195,1.261312897747755,-0.47605742331445217
1781099395891234600,159.33123461914062,1.3400742997735737,0.6304048122003674,0.36414515457600355
1781099395916310500,159.356310546875,-0.39355157406330105,-0.0149991239503026,-0.007429565478861332
1781099395941385500,159.38138549804688,-1.883896514803171,0.04590425756275653,0.08665127849280833
1781099395966461700,159.40646166992187,-0.6506792462050914,1.1873089193820954,0.48361850621849295
1781099395991536600,159.43153662109376,1.2121715579599142,1.2728496062844992,-0.1458718214854598
1781099396016612600,159.45661254882813,0.5288742367446422,0.12882131796330212,0.29651304932981726
1781099396041688600,159.4816884765625,-1.7659493498146532,-0.03977466876655817,-0.07147679797559976
1781099396066763500,159.50676342773437,-1.6406541601508855,0.11367138736546038,0.1401633807107806
1781099396091839500,159.53183959960938,1.214488018208742,1.5946894045725464,-0.8714730376839637
1781099396116914400,159.55691455078124,1.1890490410476922,1.0912050451502204,-0.3143570413172245
1781099396141990400,159.58199047851562,-1.0078992776930331,0.045723055776953694,0.8146975497558713
1781099396167066600,159.60706665039064,-1.643905855423212,-0.30788755304217336,0.5106240020439028
1781099396192141600,159.6321416015625,-0.19763035803437232,1.1537725604832172,0.8981742898657917
1781099396217217500,159.65721752929687,0.6306558643519878,1.0998626911193132,0.27156039438098667
1781099396242293200,159.6822932128906,0.5988993746072053,-0.02977992897480726,-0.6054167936772108
1781099396267368400,159.70736840820314,-0.8474515261054039,0.030395430524647233,-0.17218056721836328
1781099396292444400,159.7324443359375,-1.4298773202955721,-0.1844996583044529,0.3355456675574183
1781099396317519400,159.75751928710937,-0.3782645730823278,0.7045020218074322,0.4184782177880406
1781099396342595600,159.782595703125,1.1492284873127936,0.5624696323543786,-0.43471126744747157
1781099396367671600,159.80767163085937,0.48809097545742985,1.080974158515036,0.31614246342927216
1781099396392746500,159.83274658203126,-0.9906430224657058,0.14023469238132238,1.2299205651402472
1781099396417822500,159.8578225097656,-0.4083984300613403,-0.048534313805401325,-0.2831859502449631
1781099396442897700,159.88289770507814,-0.36265608506202696,-0.08910539364665745,0.7463762932017445
1781099396467973400,159.90797338867188,0.21963936074674129,0.12204407891333102,0.48544776747226714
1781099396493049300,159.93304931640625,0.7462643572598695,1.165464751842618,-0.5736939139410853
1781099396518124300,159.9581242675781,1.3430886791586876,0.5710416458666324,-0.17261662054806948
1781099396543200500,159.98320043945313,-1.1972668342947959,-0.43888153886944054,0.4887582071945071
1781099396568275500,160.008275390625,-1.460273627603054,-0.7444654911443591,0.6722542414143681
1781099396593351400,160.03335131835937,0.5602390968233346,0.5597653418317436,-0.052606677810847755
1781099396618427400,160.05842749023438,1.9146067103654145,2.2055445899114012,-0.4142135460808873
1781099396643502600,160.08350268554688,0.7540355757832526,0.4566705857992172,0.5429466012388467
1781099396668578300,160.10857836914062,-1.877663757893443,-1.0083420530244707,0.22555764487981794
1781099396693654500,160.13365454101563,-0.8332704405397177,1.085436983142793,1.7883575809776782
1781099396718729500,160.1587294921875,0.0571948823839426,0.8548778767138719,0.7338917824208736
1781099396743805400,160.18380541992187,1.6938438985466957,0.6753060302004218,-2.369003798274696
1781099396768880400,160.20888037109376,-0.8739952496379614,0.2707517083466053,2.160991454696655
1781099396793956600,160.23395654296874,0.22606384083628653,-0.3909589272215962,0.6253305776759982
1781099396819032300,160.2590322265625,0.019409633868932723,1.6505074456453321,-1.7719585271015763
1781099396844107300,160.28410717773437,2.666220027437806,0.8284954812228679,0.40054859334379433
1781099396869183500,160.30918359375,-0.03776303668320179,0.8570163500472903,1.930059423302114
1781099396894258400,160.33425854492188,-1.1066957520097493,-0.33625469260960816,1.2881892142355442
1781099396919334400,160.35933447265626,-0.3632990591406822,-0.1960369513630867,0.9257616772323847
1781099396944410600,160.38441064453124,1.0933324125677346,1.2062135263383387,0.7610711735084652
1781099396969485600,160.40948559570313,0.899359992519021,0.3764627843573689,0.8523717391118407
1781099396994561500,160.4345615234375,0.1978618287026882,0.5001794726580381,0.7436220260575414
1781099397019636500,160.45963647460937,-1.4777274512290954,-0.7299696405410766,0.9097600982412696
1781099397044712400,160.48471240234375,-0.4826292029201984,0.21460575049370526,1.537393399901688
1781099397069788400,160.50978833007812,-0.05975216565132141,0.930098829653859,1.4316118890032172
1781099397094863400,160.53486328125,1.4918950927913188,1.5722706520155072,1.5128487412318588
1781099397119939800,160.55993994140624,1.2028145315498113,0.6441898841857909,-0.0589507861405611
1781099397145014800,160.58501489257813,-0.2193430081486702,-0.3296878814399242,1.8603160249903796
1781099397170090800,160.6100908203125,-0.33104631031155585,-0.15969722548127174,1.3158774316281079
1781099397195166700,160.63516674804688,2.143995896232128,1.0629802366629242,0.34471769278943537
1781099397220241700,160.66024169921874,3.8150457791686057,1.047771561615169,-1.103251456774771
1781099397245317600,160.68531762695312,0.8342167814791202,-0.0872390152528882,1.155384379594028
1781099397270392600,160.710392578125,-1.2635001786589621,-0.1777791178777814,1.6954922502756118
1781099397295468800,160.73546875,-0.47839726443886754,-0.7797168372675776,1.0696288808971643
1781099397320544800,160.76054467773437,1.9268863462239503,0.3954232131540775,-0.004520107772946358
1781099397345619700,160.78561962890626,1.5900702203392982,0.19600421813726424,1.9889707542151212
1781099397370695700,160.81069580078125,0.8583686414390802,0.3843354174286127,1.7559195387095212
1781099397395771000,160.83577099609374,-0.6759387751460075,0.8664353357776999,1.2767860689505934
1781099397420846600,160.8608466796875,0.6031365737855434,0.33120208539515733,1.7216414215326308
1781099397445922600,160.88592260742186,-0.8138660673677921,-0.3986854298204183,1.4732552742511034
1781099397470997800,160.91099780273439,0.24542612843215464,-0.08098550781607627,1.2988044240131973
1781099397496073700,160.93607373046876,1.4191490055322646,0.8754553853183984,1.1063614054888486
1781099397521149700,160.9611496582031,2.08511408367455,0.9582724924758076,0.3681777710929513
1781099397546224600,160.986224609375,-0.670719579192996,-0.9716434307023882,1.9996800720170138
1781099397571300900,161.01130078125,-2.121434520334005,-1.3097645017057657,2.082230929453671
1781099397596375800,161.03637573242187,0.5086509484052658,1.0110077651023863,1.1427481853827834
1781099397621451500,161.06145141601561,2.404806056278944,1.663499321426451,0.35301498101353646
1781099397646527700,161.08652783203124,1.8635826255708932,1.4296180848374962,0.02206014837771654
1781099397671602700,161.11160278320312,-0.4688146125793457,0.21911212200224398,1.6274121090009808
1781099397696678700,161.1366787109375,-0.2564472886621952,0.03972527666687965,1.2755311004534362
1781099397721753600,161.16175366210936,0.7134995672553778,-0.06677928780913353,0.29560616361796854
1781099397746829800,161.18682983398438,2.212711705061793,-0.39369010575115676,0.8894082150861621
1781099397771905500,161.21190551757812,1.5007202042818069,-0.28944676420539617,1.0414151783257721
1781099397796980700,161.2369807128906,0.1450070213496685,-0.06313859321922063,-0.11100041459053754
1781099397822056700,161.262056640625,0.8099901027172803,0.5176905794292688,-0.5536521196484565
1781099397847131600,161.28713159179688,-0.38861528670489787,0.015308628290891647,1.5442477958410978
1781099397872207600,161.31220751953126,-0.6456897673547267,-0.4787859714955091,1.9614257446855305
1781099397897283800,161.33728393554688,-0.7962526692658662,-0.10293927320986986,1.1251929472088813
1781099397922358800,161.36235888671874,0.6607201632261276,1.0980915897935628,0.6658446666330099
1781099397947434800,161.38743481445312,1.6454384718179702,1.1608704097896814,0.14038374546319246
1781099397972509700,161.412509765625,0.5554372494995594,0.9041799600213766,1.06307171433866
1781099397997585700,161.43758569335938,0.006544307076930999,0.03972586118876934,1.2250576352789997
1781099398022661600,161.46266162109376,-0.400877386906743,0.30357904219329357,2.087758752964437
1781099398047736600,161.48773657226562,0.5923562365740538,0.19634177952855825,1.0863657884255051
1781099398072812800,161.51281274414063,0.08485796533524989,-0.5736828080251812,1.362163089723885
1781099398097887700,161.5378876953125,0.6866530613839625,0.5402364654973149,0.26890286560952664
1781099398122963500,161.56296337890626,0.45036067200005053,0.8222937039732933,0.299223477332294
1781099398148039400,161.58803930664064,0.7824959465920924,0.8326715978637337,0.788604784861207
1781099398173114600,161.61311450195313,-0.4896534024685621,-0.02345481760650873,0.1707517034590244
1781099398198190300,161.6381904296875,-0.4236860155642032,-0.7939856011167168,1.4643427767381072
1781099398223265500,161.663265625,-0.05029693956375122,0.33607115273624655,1.3131576512753962
1781099398248341500,161.68834155273439,1.0871955172479153,0.6762193456530571,1.09438572101295
1781099398273417500,161.71341748046876,1.5863187588512897,0.9835080560192465,0.6234221137061715
1781099398298492400,161.73849243164062,-0.15058920539617537,0.8762965123176574,1.3066320488989351
1781099398323568400,161.763568359375,-0.9805237795114516,-0.6656307316213845,2.0922879208266734
1781099398348643600,161.7886435546875,-1.900177787518501,-0.8446148413747548,1.782114010412991
1781099398373719600,161.81371948242187,0.01979132666289806,-0.6206368669018149,1.8129735513180494
1781099398398795300,161.83879516601561,2.2594892383277414,1.5946908658772707,0.8370619417771696
1781099398423870500,161.8638703613281,2.243274016585946,1.0106658197969198,0.45496582770794625
1781099398448946400,161.88894653320312,-0.9814812263667583,0.5158244932964444,1.3163912263691424
1781099398474022400,161.9140224609375,-1.297941377443075,0.6900687150463461,2.1744716985166073
1781099398499097300,161.93909741210936,-0.3900947116076946,0.29526392605155705,2.6893434211328624
1781099398524173600,161.96417358398438,1.3248989424735307,0.05415419951379299,0.9569567337021231
1781099398549248500,161.98924853515626,1.5543372281789778,0.3219295223981142,0.7530947878018022
1781099398574324500,162.0143244628906,0.6651911711603403,0.7742170708075166,1.1273977637767791
1781099398599400400,162.039400390625,0.5392454086333512,1.0857917879298329,-0.15605565410852432
1781099398624475400,162.06447534179688,1.9045657933443783,-0.03712064712643623,-1.0042024690017104
1781099398649551400,162.08955126953126,-0.3504015836447477,0.6413596291959285,2.320015603221953
1781099398674626300,162.11462622070312,-0.9964783044904469,-0.9230942115887999,2.6582550399079916
1781099398699702500,162.13970263671874,0.30571956135332584,0.36319326067864893,-0.4548877940356731
1781099398724778500,162.16477856445312,1.9417109903901815,-0.002675064428150654,0.6737596775412559
1781099398749853400,162.189853515625,0.21649989367723463,0.7599035910338163,1.5180974555402993
1781099398774929400,162.21492944335938,-1.2892892844319344,-0.47896629649847744,1.3970122847869992
1781099398800004600,162.24000463867188,-0.1805517974615097,0.6370642700895667,2.1063982792437077
1781099398825080300,162.26508032226562,1.4118682008743286,1.900959585545957,1.1230877916231752
1781099398850156500,162.29015649414063,1.269032093822956,0.4565639105543494,1.9100372104927896
1781099398875231500,162.3152314453125,-0.9121113375425338,0.3842106220051646,1.1507122961297631
1781099398900307500,162.34030737304687,-0.5789210009396076,0.054935705280303955,1.4910375991791487
1781099398925382400,162.36538232421876,-0.5876549270153045,-0.9996545964390039,0.4935349200770259
1781099398950458600,162.39045874023438,1.0220277562886475,-0.1164420211225748,-0.5475652009502053
1781099398975534300,162.41553442382812,2.016442698508501,0.9482114094495773,0.603433803166449
1781099399000609300,162.440609375,0.471710334020853,0.6710398971885443,0.37243542853742834
1781099399025685500,162.465685546875,-0.45807051572501656,0.06417933444380759,0.6555474367633461
1781099399050761500,162.49076147460937,-0.2585316937208175,0.37569676842093463,2.391075344829261
1781099399075836400,162.51583642578126,0.20491759243309496,0.9512857023283838,2.682125160317123
1781099399100912600,162.54091259765624,1.6566192065238952,1.2273033683791756,1.6497291547492146
1781099399125987800,162.56598779296874,1.812116057705879,0.6685796445548534,0.4719903200060129
1781099399151063800,162.59106372070312,-0.15091419956684113,0.11525982560068368,0.35184447592943907
1781099399176139800,162.61613989257813,-0.7449427532672882,-0.7044321714416146,0.4905249246060848
1781099399201214700,162.64121459960938,0.5227788424789905,-0.37494185840040445,-0.4125646098300814
1781099399226290700,162.66629077148437,1.8133739488124847,0.11424889499247073,0.05303279426842927
1781099399251365600,162.69136572265626,1.4550503399968147,1.2977303650408982,1.5942197412341832
1781099399276441900,162.71644189453124,0.25290742409825323,0.9291717779368162,1.9125287350475788
1781099399301517800,162.74151782226562,-0.6631827539473771,-0.5989475976631045,2.919137096147239
1781099399326592800,162.7665927734375,-0.4239408671081066,0.15676351011693476,2.4663392601281404
1781099399351668700,162.7916687011719,0.30725977653264996,0.3501876486331224,0.9840279882401227
1781099399376743700,162.81674365234375,0.8025199129670858,0.6922939898803829,0.563431463123858
1781099399401819600,162.84181958007812,0.5969920796811581,0.33002894996255633,-0.9111065444141626
1781099399426896000,162.86689575195314,-0.5472714787006377,-0.5765846669465303,0.6169064482018352
1781099399451970800,162.891970703125,-0.7688543747305869,-0.09745616562366485,0.24812515825778245
1781099399477046800,162.917046875,0.3480184879004955,-0.2021905055567622,0.7619906264409423
1781099399502121700,162.94212182617187,1.454911808308959,0.7044339250072836,0.5638879747197032
1781099399527198000,162.96719799804688,0.5966314296752214,0.09500234273076057,1.115622278048098
1781099399552273700,162.99227368164063,-0.7773720277070999,-0.18940818087309597,1.4178291551053523
1781099399577348600,163.0173486328125,-0.6697030956268311,-0.1927183283343911,1.1566007696464657
1781099399602424800,163.0424248046875,0.6112918231904506,-0.3029164866313338,0.8018541425347328
1781099399627499800,163.0674997558594,0.6523936489075421,-0.2778200392976403,1.118083991986513
1781099399652575700,163.09257568359374,0.8965127863943576,0.374243354742229,-0.7618079633504152
1781099399677651700,163.1176516113281,0.4210702801078558,0.24501491728276012,0.3768298641040921
1781099399702727000,163.14272680664064,-0.45168753668963907,-0.4884685765981674,-0.21130495538264513
1781099399727803000,163.16780297851562,-0.6649252137005329,0.4407832808375358,1.0011281761229038
1781099399752877800,163.1928779296875,0.5878267764508723,1.2135592129260302,1.704369384214282
1781099399777953800,163.21795385742186,0.6697194622397422,0.9900956177160143,0.8171206852495669
1781099399803029800,163.24302978515624,0.8375941489577293,0.647280251416564,1.516007497523725
1781099399828104700,163.26810473632813,-0.12557517564892767,0.563589868555963,2.1817893280535934
1781099399853180700,163.2931806640625,0.04786474398076534,0.8510688398197293,2.1874387321174145
1781099399878257000,163.3182568359375,1.0986708509862422,-0.12566051584482194,1.0712193649590014
1781099399903331800,163.34333178710938,2.1416285825788974,0.1630190633803606,-0.10726941136866808
1781099399928407600,163.36840747070312,0.4881032504171133,-0.28136925621181724,0.03283610167503357
1781099399953482800,163.39348266601561,-0.6854664819478988,-0.7186281623154879,0.5019657715529203
1781099399978558700,163.41855883789063,-0.7117582765460014,-1.0483861863821744,0.23149580275714396
1781099400003634700,163.443634765625,1.4380495208352804,-0.21460545823276042,0.7375798232838511
1781099400028709600,163.46870971679687,1.3839105188906191,-0.5214259665653109,1.1225690284460783
1781099400053785900,163.49378588867188,-0.3908370544075966,-0.7113412201777101,0.17794716792106627
1781099400078860800,163.51886083984374,-0.9819880068451166,-0.2891439818665385,0.8270394371956586
1781099400103936800,163.54393676757812,0.8190858478426932,1.0241749974504113,2.2896260179162025
1781099400129012200,163.56901220703125,0.9009504765808581,0.5005713945850729,0.8055302006989717
1781099400154087400,163.59408740234375,0.9820867910444736,0.22965894271880388,1.448928642246127
1781099400179163100,163.6191630859375,0.9927993237167596,1.29005296228081,1.2034253569245337
1781099400204238000,163.64423803710937,0.22451719591617583,-0.2929679240688681,1.0986123987972736
1781099400229314300,163.6693142089844,0.483536380892992,-0.0701288904979825,0.23883885899633167
1781099400254390300,163.69439038085937,1.4689561157524584,0.30323329749554395,1.13401688965559
1781099400279465200,163.71946533203126,0.6710597709327936,-0.7324889298856258,2.0025790083289143
1781099400304541200,163.7445412597656,0.06684475426077842,-0.1516147490516305,-0.4349395232453942
1781099400329616400,163.76961645507814,0.7325923902601004,0.02220131041407585,0.5977575110957026
1781099400354692000,163.79469213867188,0.9351204572081565,-0.13885726654827593,0.7170937923550605
1781099400379768000,163.81976806640625,0.6412146677672863,-0.42250206647664307,-0.6997767468512058
1781099400404843000,163.8448430175781,1.3256868779808282,0.8137342576816677,1.2802432236671446
1781099400429919200,163.86991918945313,0.6986918742239475,0.6222124456554651,1.117319437354803
1781099400454995200,163.8949951171875,-0.3556932603120804,-1.698414275202155,0.882550604276359
1781099400480070100,163.92007006835937,-0.007093757653236389,-0.37783056557923556,0.8371709551095962
1781099400505146400,163.945146484375,0.9466612573981285,1.0432663591504097,2.255999350385368
1781099400530221300,163.97022119140624,0.956017114764452,0.839116536219418,1.4461942488461732
1781099400555297000,163.99529711914062,1.2565467062592506,-0.24370967990308998,-0.26165800904780623
1781099400580373200,164.02037329101563,0.3191208947181701,-0.48375353077501054,0.961063584499061
1781099400605448200,164.0454482421875,-1.1638117239385843,-0.24974457615315912,2.190674937559664
1781099400630524200,164.07052416992187,-0.6518763470351696,-0.8577166072711349,1.6061276211708784
1781099400655599000,164.09559912109376,1.4518705409169197,-0.18902268868684768,-0.1330672849699855
1781099400680675300,164.12067529296874,1.626400593870878,-0.4753618422657251,-0.316748904889822
1781099400705751300,164.14575122070312,0.5101905790627003,0.6911863208994269,0.62398442376405
1781099400730826200,164.170826171875,0.7499807474344968,0.4196826251417398,0.7575777784347534
1781099400755902200,164.19590209960938,-0.1662438706457615,-1.3983145995572208,0.642177667580545
1781099400780977200,164.22097705078124,0.6939408803045749,-0.22095336595475673,0.8063637289136648
1781099400806053000,164.24605322265626,1.8330916257172822,1.0313356828600169,1.7465382546409964
1781099400831129300,164.27112939453124,0.8298264375656843,0.4836331192657351,-0.051415422199666494
1781099400856204300,164.29620434570313,0.5761006828218698,-1.1890391041755675,0.7374509362071752
1781099400881280300,164.3212802734375,0.6359329279720782,0.8995897096216678,1.1188652054920791
1781099400906355200,164.34635522460937,0.7112719543337822,0.21314766063988208,0.4703270629689097
1781099400931431200,164.37143115234375,-0.8116776174128055,-1.4532979433715343,0.3271118934720754
1781099400956507100,164.39650708007812,1.6214368339836596,0.9968673038080335,0.19245061730891466
1781099400981582000,164.42158203125,0.1320575234055519,-0.16479776349067687,2.4961399396300314
1781099401006658300,164.446658203125,-0.53706572650671,-0.49073213761597867,0.42124300632625816
1781099401031734300,164.471734375,-0.5457236647367477,-1.1744091057986021,-0.026878362314403055
1781099401056809200,164.49680932617187,2.08567347112298,1.1019561562672258,0.8569374395921826
1781099401081885200,164.52188525390625,0.196280696991086,0.07253478259593248,0.5282999439880252
1781099401106960400,164.54696044921874,-0.3337760275363922,-0.9626412090793252,0.45162207023799417
1781099401132036000,164.5720361328125,1.0606658222407102,-0.08683920228034257,0.43344665433913465
1781099401157112300,164.5971123046875,1.251146893042326,-0.9589400164738296,0.7920248224377632
1781099401182187300,164.6221872558594,0.3650859425574541,-0.932173005579412,0.12662731505036354
1781099401207263200,164.64726318359374,0.13296587042212485,-1.096530039565265,0.012024492053687571
1781099401232338200,164.67233813476562,0.26891689413487907,-0.5678288212999701,0.10656506249159574
1781099401257414400,164.69741430664064,0.7685375638663768,-0.23748393725603817,0.38046295990943907
1781099401282490400,164.72249047851562,0.832978764116764,-0.12730711400806904,0.568433216933906
1781099401307565300,164.7475654296875,0.04286766634583473,-0.88636256377995,0.8082593334019184
1781099401332641300,164.77264135742186,-0.0817681826263666,-0.7302960960164666,0.43474721554368734
1781099401357716200,164.79771630859375,0.5310416439116001,0.07930792999267577,0.4918772159978747
1781099401382792200,164.82279223632813,1.3794512013942002,-0.10345072986334562,0.6400277960702776
1781099401407868200,164.8478681640625,0.35407647276520726,-0.9365244787871837,-0.9901970322638749
1781099401432943400,164.872943359375,-0.532058127477765,-0.9383768286556005,-0.24792408272773026
1781099401458019300,164.89801928710938,-0.8614671919763087,-0.11316869854032993,1.547846989376843
1781099401483094300,164.92309423828124,-0.7058288864970207,-0.6620104952976107,0.16870850719362496
1781099401508170200,164.94817016601561,1.0092150364667176,-1.0415022720873355,-0.730190882076323
1781099401533246200,164.97324609375,1.5513479832351207,-0.1666045206516981,-0.17847060727328062
1781099401558321200,164.99832104492188,0.05029693956375122,1.227804303638637,0.768747991746664
1781099401583397000,165.02339721679687,-1.220614976656437,-0.23144436483085154,0.9522253212660551
1781099401608472300,165.04847241210936,0.10245499682426452,-0.5915265077516436,-0.4073685024917125
1781099401633548300,165.07354833984374,1.2689064216166734,-0.32608693433851,1.4230103571355341
1781099401658624300,165.09862426757812,1.5883143165826796,0.806963740633428,0.325258959081769
1781099401683699500,165.1236994628906,0.3742483231782913,0.003353402081131935,-0.9137813165813684
1781099401708775200,165.14877514648438,2.0694471434652804,-0.00710544809103012,-0.33070144239664073
1781099401733851100,165.17385107421876,0.9194985251843929,-0.3254273013859987,-0.315046192625165
1781099401758926000,165.19892602539062,-0.9730161803603171,-1.5396905709281563,0.4287725250482559
1781099401784002300,165.22400219726563,-0.8014911544412374,-1.5638859777688978,0.39418957970589397
1781099401809077200,165.2490771484375,0.9088561351388692,0.06322919411212205,0.12142974640727043
1781099401834153200,165.2741533203125,1.843687254011631,0.5739011269509792,0.35710751102417704
1781099401859229400,165.2992294921875,-0.3981067531496286,0.47295887277722354,-1.164830253331363
1781099401884304400,165.32430444335938,-1.3285107032299042,-0.5600570182546973,0.5315542696088552
1781099401909380000,165.34938012695312,-1.448287421733141,0.3771647951468825,2.0687588689401744
1781099401934455000,165.374455078125,-0.6685714612483978,0.02695785729140043,0.9463307102695107
1781099401959531300,165.39953125,0.1467488965809345,-0.5492106300696731,0.9192071410223841
1781099401984607200,165.42460717773437,0.11816110000014304,0.07893734311461448,1.0334469759255647
1781099402009682200,165.44968212890626,-1.3196867607831955,0.030054654262959956,0.5670137055248021
1781099402034758400,165.47475830078125,-0.5916816983133554,0.9920315542146563,1.0500012203633784
1781099402059833300,165.49983325195313,0.4123772705644369,0.9785378663912415,-0.40749534374177454
1781099402084909300,165.52490942382812,0.8225649221301078,1.165341125462949,0.8723696942627429
1781099402109985300,165.5499853515625,-0.43349780000448224,0.9318138168781995,0.5125426951467991
1781099402135060500,165.575060546875,-0.7161714168131351,1.2982596496120093,1.0426412129893898
1781099402160136400,165.60013647460937,-0.048119011002779,0.26570874574333425,-0.11308102025687694
1781099402185211400,165.62521142578126,0.9295809432595967,0.754695208735764,0.5819827265977859
1781099402210287600,165.65028759765624,1.5769067873835563,1.4502189743176102,-0.8009107242047786
1781099402235363600,165.67536352539062,1.2693740391284227,1.3719929943427442,0.032144612279534336
1781099402260438500,165.7004384765625,-0.10355740510821342,0.2065738352075219,0.2236000810712576
1781099402285514200,165.72551416015625,-0.540331450304389,1.0212243309512734,0.2588829913765192
1781099402310589400,165.75058935546875,-1.1538146460592746,1.1211907258301972,2.404184709510207
1781099402335665400,165.77566552734376,-0.8964666091650724,1.355752930420637,1.1321475886523722
1781099402360741400,165.80074145507814,-0.17128595646619796,0.9172931240946054,0.4450044056639075
1781099402385816600,165.82581665039064,0.3238473387181759,1.3751964665591716,0.908802651385963
1781099402410892500,165.850892578125,-1.0613567271143198,1.090767238254845,1.1495321464344859
1781099402435967500,165.87596752929687,-1.195422083210945,1.5535843639850615,1.136669157730043
1781099402461043500,165.90104345703125,-0.36029461662769313,0.9884805837348103,1.0342854725763202
1781099402486119400,165.92611938476563,-0.44798926669359207,0.8589224759295582,1.0180348872601985
1781099402511194400,165.9511943359375,-0.05896773727536201,1.1775468193024397,0.7702873301431536
1781099402536270300,165.97627026367186,0.36760464738011356,2.1408175584569573,0.33422347904294725
1781099402561345500,166.0013454589844,0.10610358245968818,1.500695946623385,0.5282222025766968
1781099402586421500,166.02642138671874,-0.035351883888244624,0.9607900282546877,0.21629063484072683
1781099402611497500,166.05149755859375,0.502542694658041,1.6621856084793805,-0.023350480449199674
1781099402636572400,166.0765725097656,0.24163433493375777,1.0380284584969282,0.38702275681644677
1781099402661648400,166.1016484375,-0.11223346351683139,0.5142836935952305,0.08283055116087197
1781099402686724400,166.12672436523437,0.8484966512441635,1.3540385277181863,0.20299130054563283
1781099402711799300,166.15179931640625,0.6533855825543403,1.403564482909441,0.13678016801327467
1781099402736875500,166.17687548828124,-0.4992085817992687,1.0667357898041605,1.0209507747069
1781099402761950500,166.20195043945313,-1.1340233193963765,1.1202809175089001,0.9051774466261268
1781099402787026400,166.2270263671875,-0.5463689769029617,0.672694678658247,1.0915586808934807
1781099402812102700,166.2521025390625,0.27557167584896086,0.8778577702850103,0.9268447962939739
1781099402837177600,166.27717749023438,-0.3027811698138714,0.047936932434141634,0.16639789216369388
1781099402862253300,166.30225341796876,-1.1117641413152217,0.5415756051465869,0.9594543957367538
1781099402887328500,166.32732861328125,-0.7750111437946557,0.46923342251330613,0.49989597954154014
1781099402912404500,166.35240454101563,-0.09681552963256836,-0.030064591135084626,0.26145781030058857
1781099402937480400,166.37748046875,0.2027893482327461,0.11074907017797231,-0.17531623489558695
1781099402962555400,166.40255541992187,-0.1789741728812456,0.8348708614736795,-0.30926205626577136
1781099402987631600,166.42763159179688,-0.8190045993000269,0.0337801045268774,0.1554857452660799
1781099403012706600,166.45270654296874,-1.1549264066934586,0.1900152068555355,0.08820289184898138
1781099403037782500,166.47778247070312,-0.34855975517034526,0.29913229191750285,-0.023153204311430454
1781099403062858200,166.5028581542969,1.2742109577655791,1.7369740152209996,0.20722557711452244
1781099403087933400,166.52793334960938,0.2788999434888363,0.4698249586656689,0.6621300300240516
1781099403113010000,166.55301000976561,-0.25889643537998197,1.0682654835894703,0.759424867606163
1781099403138084900,166.5780849609375,0.36778117299079893,0.6213830090939998,1.1511103555366395
1781099403163160800,166.60316088867188,0.415403924909234,0.7353095402643084,0.48861762968003747
1781099403188237000,166.62823706054687,-0.522977579921484,-0.2933800120010972,0.6134644910544157
1781099403213312000,166.65331201171875,-0.8367237958639859,-0.17210048771947623,-0.09261252498477697
1781099403238387700,166.6783876953125,-0.2865542576342821,0.5348895515114068,-0.09267506882697343
1781099403263462700,166.70346264648438,0.5542629450231791,0.45445670914202924,-0.0034673838496208187
1781099403288539000,166.72853881835937,0.38363048402965066,0.71420391613245,-0.6623433805137873
1781099403313614800,166.75361474609375,0.30934359706938264,0.7222861003011465,0.3605155659019947
1781099403338689800,166.77868969726563,-0.7332453012108803,0.11958908697664737,0.7721934560254216
1781099403363765800,166.80376586914062,-0.9670330142974853,0.05569090756177902,1.3771920242905615
1781099403388841000,166.82884106445312,-0.6536065318286418,0.03185439716130495,0.9718877608522772
1781099403413917000,166.8539169921875,0.9870856222450732,1.139274664053321,0.3058361734703183
1781099403438992600,166.87899267578126,1.2953244729429483,0.8884650890171527,0.2695554842993617
1781099403464067800,166.90406787109376,-0.537574845072627,-0.343440804721415,-0.19164777649343012
1781099403489143800,166.92914379882814,-0.8963228167802095,0.12226795079708098,0.3396124786049127
1781099403514218800,166.95421875,-0.09994389078617096,0.971826678314805,0.6113140350222587
1781099403539294700,166.97929467773437,0.7486532982230186,1.3498685485571622,0.5377513706833124
1781099403564371000,167.0043708496094,0.6211076992839575,0.40700492987632747,0.5534612732514739
1781099403589446000,167.02944580078125,0.0418798243522644,0.33106267692446706,0.014951777677237987
1781099403614521900,167.05452197265626,-0.6242810686230659,0.5822311484009027,0.7671016858443618
1781099403639597000,167.07959716796876,-1.0043792868733405,0.5022399123191833,1.1717226431936025
1781099403664672800,167.1046728515625,0.41650984032452104,0.5467530077844858,-0.0031371289819478987
1781099403689748700,167.12974877929688,0.7175660860419273,0.9205597246751188,0.32830899430215355
1781099403714823700,167.15482373046876,0.5264531470775604,1.0658932015001774,-0.20651392171382904
1781099403739900000,167.17989990234375,-0.6901262904524803,0.16338351277858018,-0.021401684468984602
1781099403764974800,167.20497485351564,-0.9982961675673723,0.30156974819749593,0.7753264933541417
1781099403790050800,167.23005078125,-0.04268471099436283,0.8939657322600484,0.33192718479931355
1781099403815126800,167.25512670898436,0.12591186025738715,1.3311059804201126,1.8002309741228817
1781099403840201700,167.28020166015625,-0.03639116380810738,0.5535650258868933,1.3864336076274513
1781099403865277700,167.30527758789063,-0.2434855157583952,-0.16404723738431928,-0.1283519468858838
1781099403890352600,167.3303525390625,0.4473766877532005,0.6959411142110824,0.39583647013008594
1781099403915428900,167.35542895507814,0.3534656473904848,0.03804711432158947,-0.38941608169376846
1781099403940504800,167.3805048828125,-0.05746317793130874,-0.47883477907329797,-1.123220185831189
1781099403965579800,167.40557983398438,-0.8154571359515189,-0.8183674704402685,0.11715046165287495
1781099403990656000,167.43065600585936,0.5156009136736392,0.28789310502260923,-0.0022737901508808134
1781099404015731000,167.45573095703125,0.625819530236721,1.55515380525887,0.014976619857549667
1781099404040806700,167.480806640625,-0.20428455522656438,0.3765510471627116,1.1661407514080404
1781099404065883000,167.5058828125,-0.4043663980662823,0.5749050432965159,0.7062962117478251
1781099404090957800,167.53095776367186,0.6932961526602506,0.36571459584981203,0.6796849759370088
1781099404116033800,167.55603369140624,-0.12813070535063742,0.6246794202908873,0.9284642141893505
1781099404141110000,167.58111010742186,-1.3403431798428296,-0.28782851535379883,0.5076864872872829
1781099404166185000,167.60618505859375,-0.8972796791136264,0.22822277243584393,0.7524056364938616
1781099404191261000,167.63126098632813,-0.16850070966184139,0.6798059719681739,-0.28684447275251146
1781099404216336000,167.6563359375,-0.2733399712741375,0.023011165492236613,0.5013961549714208
1781099404241411800,167.68141186523437,-0.2303261744558811,0.5661290316447616,0.416866106416285
1781099404266487800,167.70648779296874,0.6371043098390102,1.3321362002506851,-0.05183773926496506
1781099404291562800,167.73156274414063,0.33195115019679067,0.9384379111930727,0.7802049130454659
1781099404316639000,167.75663891601562,-1.1117466056585312,-0.24750293470621107,0.9681322077110409
1781099404341714000,167.7817138671875,-0.25004092875123024,0.30310353363603354,0.6126911685943603
1781099404366790000,167.80678979492188,2.1735919930726286,2.2630551141157746,0.6553615588024259
1781099404391864800,167.83186474609374,1.6633610819995401,2.156265887479484,0.45560383335053917
1781099404416940800,167.85694091796876,-1.0538953051924704,-1.3606032930612564,0.4560799264296889
1781099404442016800,167.88201684570313,-1.6882763275474308,-1.1992413492381573,0.8644830326661467
1781099404467091700,167.907091796875,0.662815674200654,0.829966722819209,0.028084523233771322
1781099404492168000,167.93216796875,0.5878524954140186,0.7182151976004243,-0.4042521240368485
1781099404517243000,167.95724291992187,-0.08286591473519801,-0.3213052530199289,0.5449512190595269
1781099404542318800,167.98231884765624,-0.05210895742177963,-0.24775047972649333,0.04950988083928823
1781099404567395000,168.00739501953126,2.46432558221817,1.7157921109825371,-1.7417057199180126
1781099404592470000,168.03246997070312,1.7317296848267316,3.174049722588062,-0.433755574157834
1781099404617545700,168.0575456542969,-2.4554507863670585,0.24083266316205262,2.436607846470177
1781099404642621000,168.08262084960938,-3.5058547423124313,-0.5730787046521901,2.8390122968137264
1781099404667697000,168.10769677734376,-0.008794131830334662,0.5244254406422376,1.5932427128955722
1781099404692772900,168.13277294921875,2.191531554389,1.7187100442558525,0.3913315599262714
1781099404717847800,168.15784790039064,0.9871616100907326,0.648231268531084,0.5125482481047511
1781099404742924000,168.18292407226562,-1.872542761617899,-0.15301847836971283,0.17356003887802363
1781099404768000000,168.208,-0.9157780433565378,0.9486252509474754,0.38425066175460815
1781099404793075000,168.2330749511719,0.762681239053607,1.7002110954910516,0.43335809927284713
1781099404818150700,168.25815063476563,1.5014333209872246,0.34383535699695345,1.2641221099495887
1781099404843225900,168.28322583007812,-0.037785833036899565,-0.47341363080739973,0.973874258494377
1781099404868301800,168.3083017578125,-0.796538500469923,-0.0716492319330573,0.48931496429443355
1781099404893376800,168.3333767089844,0.33290918157398697,1.553376566453278,0.1893590810343623
1781099404918453000,168.35845288085937,1.9560271005123853,2.872345826616883,0.49793783121109003
1781099404943529000,168.3835290527344,0.9783324069470166,0.3100225192442536,0.3886930281162262
1781099404968604000,168.40860400390625,-0.22676059092879294,-0.011479425391554832,0.8502677525699138
1781099404993680000,168.43367993164063,0.12774141377210615,0.67001259996742,0.428266913613677
1781099405018755000,168.45875512695312,0.22986206407546997,1.2154042562708258,0.08150807038545609
1781099405043830800,168.48383081054686,-0.6620657326161861,0.7355304895386099,1.09225017028898
1781099405068906800,168.50890673828124,-0.512688241097331,0.10545534768402576,1.417008778633177
1781099405093982000,168.53398193359374,0.10296879156529903,-0.0874435979142785,0.9310437092885374
1781099405119057700,168.5590576171875,1.1040209798425435,0.34054625232368707,-1.0594169912233948
1781099405144132600,168.58413256835937,1.0371405697464942,2.215677569130063,1.2854025061264633
1781099405169208600,168.60920849609374,-1.0296627812117338,0.9639020227953791,-0.14304711945354937
1781099405194284800,168.63428491210936,-1.4621709856569767,-0.7538286550343036,1.9091475681766867
1781099405219359700,168.65935986328125,-0.6256611248046159,0.6573673456668854,1.3793354660600423
1781099405244435500,168.684435546875,1.7008739433139561,0.7617199928060173,0.5180024218574166
1781099405269510400,168.70951049804688,-0.18563246172666548,-0.3764303433924913,0.14154080654382706
1781099405294586600,168.73458666992187,-0.6506663867235183,0.5140718044102192,0.36517742023319005
1781099405319662600,168.75966259765624,-1.546613940450549,1.9079595274358987,1.1008762520760298
1781099405344737500,168.78473754882813,-0.7625006217896938,-0.543069350835681,1.8893135714158416
1781099405369813800,168.80981372070312,0.8066612505555153,2.008025583297014,0.5121186245158315
1781099405394888700,168.834888671875,1.541242768806219,-1.0662906763851643,1.3618985935688017
1781099405419964700,168.85996459960938,-1.1622954741567373,0.5760787632510066,-0.6167886670410633
1781099405445040600,168.88504052734376,-0.20086101051867006,1.1612059253543614,-0.2324815989241004
1781099405470115600,168.91011547851562,0.8239613449245691,1.8358569987773894,0.5226169299155473
1781099405495191600,168.93519165039064,-0.5115782340288162,-0.13256810327619314,1.3026087847322225
1781099405520266500,168.9602666015625,-0.5505091454476118,-0.35649990051984787,0.5198807829499245
1781099405545342700,168.9853427734375,0.7915577894479036,1.0538634487494827,0.35023967108130455
1781099405570418700,169.0104187011719,1.6080501136660574,1.5676912152707576,-0.3567953763350844
1781099405595493600,169.03549365234375,0.8458826693534851,0.8825552804514766,-0.15527005668878555
1781099405620569600,169.06056958007812,-1.2830997821420431,-0.03172346425801515,0.895702639055252
1781099405645644500,169.08564453125,-1.4923714781314135,-0.08472352530062198,1.430796773228049
1781099405670720500,169.1107204589844,0.07649813326895237,0.3865107156410813,0.5855059322878718
1781099405695796700,169.13579663085937,0.8967086012274026,1.467457401627302,0.5795493619710207
1781099405720871700,169.16087158203126,0.2846867101967335,1.1413786505952477,0.8133017114832997
1781099405745947600,169.18594775390625,-0.37042905715107916,0.6414087290346622,-0.16547084044665097
1781099405771022600,169.21102270507814,-0.3896083893954754,0.25307021344453096,0.7499141119390725
1781099405796098800,169.23609887695312,-0.5019914905160665,0.25060762272328135,1.0041484007269144
1781099405821174500,169.26117456054686,0.639534751856327,1.5242150616377592,0.5795505310148
1781099405846249500,169.28624951171875,0.30942309204638,1.1376099457114934,0.550204609543085
1781099405871325700,169.31132568359374,-0.7407382873147725,0.7821484483286738,0.5553332046031951
1781099405896400600,169.33640063476562,-0.7477157251119613,0.46067572978734966,0.6828688666701317
1781099405921476600,169.3614765625,-0.24389643464684485,0.4278571637690067,0.40750644965767857
1781099405946552600,169.38655249023438,-0.18851298559904098,0.10962445006221533,0.5488014647468924
1781099405971627800,169.41162768554688,-0.015471709898114203,0.8075430018261075,0.6354854764655232
1781099405996703700,169.43670385742186,0.045508536243438716,1.1751105320662258,0.4501423530742526
1781099406021778700,169.46177880859375,-0.8100251740306615,0.29794220535010096,1.0011617861315607
1781099406046854700,169.48685473632813,-0.5600923818290233,0.7638786321446299,0.9684262222215533
1781099406071930600,169.5119306640625,0.6941168213933706,1.6072370437175034,0.46460839306116103
1781099406097005600,169.53700561523436,0.7552414444416761,1.5939523224696517,0.7679305378839373
1781099406122080800,169.5620808105469,-0.4094534920722246,0.6019952947959304,0.03188654586523771
1781099406147155700,169.58715576171875,-0.68794485476017,0.9565876081287861,0.45744244695454833
1781099406172232000,169.61223193359376,-0.004435936620831489,1.5055088998630641,0.8470262864306568
1781099406197308000,169.6373078613281,0.6000426994234324,1.621529480703175,0.7604077411636709
1781099406222382800,169.6623828125,0.25428806480169297,1.595081911021471,0.7335606507703661
1781099406247458800,169.68745874023438,-0.6187485689371824,0.9474906939595937,1.0065452327355742
1781099406272534800,169.71253466796875,-0.6237567524880171,1.523301453924179,0.8766092315286398
1781099406297609700,169.7376096191406,0.4021656731516123,1.5275225787505506,0.86094287584126
1781099406322686000,169.76268603515626,0.4700888702988624,1.7655854849383235,0.31173341481536626
1781099406347761000,169.78776098632812,0.3054980275571346,1.3821300652146338,0.6122431325659156
1781099406372836900,169.8128369140625,-0.8281932834058999,1.3022189086318015,0.6095066933393478
1781099406397913000,169.8379130859375,-0.7161953822106123,1.107143788038194,0.8367085982948541
1781099406422988000,169.86298803710937,-0.3319587489813566,1.5867235402598976,1.132095858465135
1781099406448063700,169.88806372070312,-0.14672200857400894,1.8159864693984389,1.214382219746709
1781099406473138700,169.913138671875,0.19564765978455542,1.6367024999156594,0.6728261960834264
1781099406498215000,169.93821484375,-0.1603267555564642,1.069319961078465,0.6282938113957643
1781099406523291000,169.96329077148437,-0.8889847289770841,1.1032874048709869,0.9205936269447207
1781099406548365800,169.98836572265625,-0.5903145016133785,1.664019838169217,0.7464771232277154
1781099406573442000,170.01344213867188,0.7775275105297565,1.9604118914678692,0.6253671102941036
1781099406598517000,170.03851708984374,0.3910498203754425,2.008488232372701,0.603743599767983
1781099406623593000,170.0635930175781,-0.37102176234722134,1.1613546861752868,0.3389426165193319
1781099406648668700,170.08866870117188,-0.2074479876935482,1.3908271664112806,0.8331760402545333
1781099406673744000,170.11374389648438,-0.05356383240520954,1.8268322730615734,0.7977490453034639
1781099406698819800,170.13881982421876,-0.5978115793704987,1.261305298963189,1.0855819445714354
1781099406723894800,170.16389477539062,-0.6225485457420349,0.9307873964399099,0.7567717227488756
1781099406748971000,170.18897094726563,-0.33953415267169473,1.134628884074092,0.6289563669577241
1781099406774047000,170.214046875,-0.38742110848426814,1.1978776596695184,0.6475237047836184
1781099406799122000,170.23912182617187,-0.6487801345854998,1.1521180712744592,0.4393430189013481
1781099406824198000,170.26419799804688,-0.9597522096395492,0.7361395613476633,1.1569465143442152
1781099406849273000,170.28927319335938,-0.8455605977922678,0.8012912479549645,1.0447139276102184
1781099406874348800,170.31434887695312,-0.23429390904307365,1.2235180046215652,0.644269963684678
1781099406899424800,170.3394248046875,0.4498082988142967,1.3979007580593228,0.8576186998546123
1781099406924500000,170.3645,-0.15099603263139724,1.0768737374588846,0.38208793076276776
1781099406949576000,170.38957592773437,-0.4016232368379831,1.4188529451951384,0.09546177693605422
1781099406974651000,170.41465087890626,0.3590074994266033,1.6212874886408448,0.8938307077035308
1781099406999726800,170.43972680664064,0.7756698999643326,1.6943813664242624,0.7727657029554248
1781099407024802800,170.464802734375,-0.19263854109644887,1.1473483726546168,0.4000611020877957
1781099407049877800,170.48987768554687,-1.1121931803822516,0.7826409080207347,0.7073714397639036
1781099407074953700,170.51495361328125,-0.6206979494392871,1.379244865167141,0.5509741326108575
1781099407100029000,170.54002880859375,0.14640753579735755,1.8280857802540063,0.36028584879934783
1781099407125105400,170.56510546875,0.13920213446319102,1.7226298480480908,0.4011985816851258
1781099407150181600,170.590181640625,-0.3823872059702873,1.1164388551279902,0.5366925092801451
1781099407175256600,170.61525659179688,-0.8462310443997383,0.8933487694054841,0.5345645573407412
1781099407200332300,170.64033227539062,-0.7429390122294426,1.118510985226929,0.6274424552634358
1781099407225407500,170.66540747070312,-0.31379648482501504,1.3544842256590723,0.6442012823626398
1781099407250483500,170.6904833984375,-0.14021101924479007,1.768753009058535,0.795460642105341
1781099407275559400,170.71555932617187,0.0310918883562088,1.9965975958317517,0.9150216720312834
1781099407300634400,170.74063427734376,0.23265841679573057,2.0398472472324967,0.7899491852074861
1781099407325710600,170.76571069335938,-0.19452771584391593,0.8958408784821629,0.8164756653442978
1781099407350785500,170.79078564453124,-0.6579150426775217,0.7132397472754121,1.2509700751706958
1781099407375861500,170.81586157226562,-0.11477262660562991,1.4390475919619201,0.3166983437463641
1781099407400937500,170.8409375,0.3893056070566177,1.2785738291501998,0.11171849973201751
1781099407426012400,170.86601245117188,0.00870586902499199,1.7847098721250891,0.3646916825428605
1781099407451088400,170.89108837890626,-0.5853671083390712,1.3637497743934393,0.8078022372841834
1781099407476163300,170.91616333007812,-0.5830909801006317,1.5217133079499006,0.8991302754163741
1781099407501239600,170.94123950195313,0.13122399519085884,1.6886951374813914,0.8923147501826286
1781099407526315500,170.9663154296875,-0.10357084911167622,1.4490262574017048,0.7225763154193758
1781099407551390500,170.99139038085937,-0.8342974454998969,1.1737106021404267,0.6359717986777425
1781099407576466700,171.016466796875,-0.5156874229133129,1.2973363972872496,1.097858365559578
1781099407601541600,171.04154174804688,-0.020994272711873055,1.3389724760115145,0.8636340146213769
1781099407626617300,171.06661743164062,-0.4973217451393604,1.0567910266339777,0.7395619370117783
1781099407651693300,171.091693359375,-0.31970424756407734,1.4940700987428426,1.0760928162142633
1781099407676768500,171.1167685546875,-0.14185527932047842,1.4484619015172122,1.2399328405886887
1781099407701844500,171.14184448242187,-0.251697463786602,1.1299261132106184,1.2720248458981513
1781099407726919400,171.16691943359376,-0.3741834412485361,0.9984799997016787,0.9847922506108879
1781099407751995600,171.19199560546875,0.022429273951053617,1.2440846995711325,0.7168760579511523
1781099407777071400,171.2170712890625,-0.21842998495697974,1.5610232818141578,0.5020175017401576
1781099407802146600,171.242146484375,-0.6601005700230598,1.323857908987999,0.26647330037504435
1781099407827222300,171.26722216796875,-0.4917418991804123,0.9624351651132106,-0.006919277869164943
1781099407852297500,171.29229736328125,0.2056909148931503,1.0990376384720206,0.32968700465708967
1781099407877373400,171.31737353515626,0.49792497172951694,1.4558382755041122,0.34846506262421606
1781099407902449400,171.3424494628906,0.13273615331947802,1.0521800257071852,0.8247177162498235
1781099407927524600,171.36752465820314,-0.2596422853112221,0.9219865426078439,0.8685659180656075
1781099407952600600,171.3926005859375,-0.18740239400863645,1.0748702886819839,1.191349134683609
1781099407977675500,171.41767553710937,0.3028326077401638,1.152661384370923,1.2402490669310091
1781099408002751200,171.44275122070312,0.8611305073678494,1.3961501149997115,0.785762547172606
1781099408027827500,171.46782739257813,0.4477332461059093,1.454391291566193,0.21278759515583515
1781099408052902400,171.49290234375,-0.31925884188413617,0.9717617963850498,-0.18338965123593806
1781099408077978400,171.51797827148437,-1.6369973912090061,-0.4112485587954521,-1.3333783092662692
1781099408103053600,171.54305346679686,-2.1087024645328523,-1.063169037233293,-1.353127258092165
1781099408128129000,171.56812890625,-2.176445044416189,-2.6742519427239895,-1.5939140362858772
1781099408153205000,171.593205078125,-1.8518150308877228,-1.6369132200568914,-0.9306687384963035
1781099408178280000,171.61828002929687,-2.9499668264359236,-1.3804825902685522,0.12103840900212526
1781099408203356000,171.64335595703125,-1.845557724058628,-0.8863035270690918,2.801486576017737
1781099408228431000,171.66843115234374,-0.20040040726959704,2.0235881863489746,4.777796293841302
1781099408253506800,171.6935068359375,-0.9373656057864427,2.0768010133594275,6.045349255022407
1781099408278583000,171.7185830078125,-0.8602724292337894,3.0967513788521286,6.654792235475778
1781099408303658000,171.7436579589844,-1.3923685506343841,3.016155162614584,4.352096308106184
1781099408328734000,171.76873388671876,-1.6054466531693934,2.138727600440383,0.48561347942799327
1781099408353809000,171.79380883789062,-0.8001853325396776,0.8882792110562324,-0.37495077235922214
1781099408378885000,171.81888500976564,-0.18577683863341807,0.7631167078614235,-0.3578487578455359
1781099408403960800,171.8439609375,-0.6256985342055559,1.1635405057817696,-0.07106204316224903
1781099408429035800,171.86903588867187,9.471348954853415,7.653834252974391,-5.306931519609689
1781099408454112000,171.8941120605469,12.978257590132952,15.135995595991611,-12.803319540899992
1781099408479187000,171.91918701171875,-10.22112979580164,-5.172586177527904,-7.8817825923830265
1781099408504263000,171.94426293945313,-4.827465164634585,-7.723239213111996,5.451545157727598
1781099408529339100,171.9693391113281,0.33275662136077877,-3.4076036269187924,11.128271528238058
1781099408554414000,171.9944140625,0.2428320202857256,5.978505669805407,3.213195738062262
1781099408579490000,172.01948999023438,-0.8028145119994878,4.758927634981275,0.7835092152878642
1781099408604565000,172.04456494140624,-2.0744804614573717,-0.05964227553606033,0.4922539403557777
1781099408629641000,172.0696408691406,0.33127719645798204,-2.4516513940840956,3.353079132787883
1781099408654717000,172.09471704101563,0.09969546898305416,-0.6458014110356569,4.442758283545077
1781099408679791900,172.1197919921875,-0.3590641980499029,2.1059066963344812,0.07061857371106743
1781099408704867800,172.14486791992186,-0.9379688323765992,0.8908049301415681,-2.7599761694997547
1781099408729943000,172.1699431152344,1.053760280635953,-1.6760872925817965,-4.10110962293744
1781099408755019000,172.19501904296874,1.4383774376153946,-1.4090554815411567,-3.2611987214699387
1781099408780095000,172.22009497070312,-0.4789221650958061,-0.4772369884878397,-1.178721196844056
1781099408805170200,172.2451701660156,-1.9503829571455715,-0.793045397657156,0.3219129365894943
1781099408830246000,172.27024584960938,-1.4519003515332936,0.017017185774445533,-1.1401125761821866
1781099408855320800,172.29532080078124,0.670835314527154,0.474097521418333,-1.0718424652934073
1781099408880396800,172.32039672851562,0.6523737751632929,0.3406500049591064,-0.6665497461624443
1781099408905473000,172.34547314453124,-0.11521744776368141,-0.6628752954334021,-1.333620885850489
1781099408930548000,172.3705478515625,-0.10219956075847149,-1.4261281968951225,-0.6841245658196509
1781099408955624000,172.3956240234375,-0.22789631696045398,-0.4359568835943937,0.08024250742904841
1781099408980699100,172.42069921875,-0.862218302604556,1.5729700324565172,0.39368572183698414
1781099409005774800,172.44577490234374,-0.8498959966480731,1.1529226656556129,0.7774291647218168
1781099409030850000,172.47085009765624,-0.2348357608348131,-0.040948680981993675,0.5259621121576056
1781099409055925800,172.49592578125,-0.21176409732699392,0.09690554600358009,-0.25407212049607186
1781099409081002000,172.521001953125,0.7095125434458255,1.3747341097444294,-0.19950941324662416
1781099409106077000,172.54607690429688,-1.2189707165807484,0.789611916077137,1.0886406014896928
1781099409131153400,172.5711533203125,1.0758376724094152,-0.5369295329064131,-0.6505154339455068
1781099409156229400,172.5962294921875,-0.15212357535660265,0.39293373442590235,-0.38130039711426944
1781099409181304300,172.62130419921874,-0.7403864051371812,0.02444645899236202,-0.2126789654158987
1781099409206380300,172.64638037109376,-0.2844540704846382,-0.43060090951919555,-0.1792438384017907
1781099409231455200,172.67145532226561,-0.10906418583095073,-0.4558329659312963,-0.9523522355813533
1781099409256531200,172.69653125,0.8208575336903333,0.8669324716448783,-0.3995899774447083
1781099409281606100,172.72160620117188,0.23498306035101413,-0.5968962180912494,-0.6994372126985341
1781099409306682400,172.74668237304687,0.13826456135213375,-0.7822633068799972,-0.4370790560247376
1781099409331758300,172.77175830078124,0.6206324829876423,-0.5784066216766834,-0.16895669153472406
1781099409356833300,172.79683325195313,0.8166127357274293,0.006436170527338981,0.28934343169508503
1781099409381909200,172.8219091796875,0.3195411659568548,0.26265783374011514,-0.017627700621914117
1781099409406984400,172.846984375,-0.6057791972488165,0.5217173507273197,0.22560924720289185
1781099409432060200,172.87206005859375,-0.1589969682574272,0.8374614624887704,0.3085925595063716
1781099409457136000,172.89713623046876,0.18371289184093476,0.35871757656931874,0.3947740285303443
1781099409482211300,172.92221142578126,-0.08129238180816173,1.085439028969407,-0.11459798242477699
1781099409507287300,172.94728735351563,0.07742576950788498,0.5273129787772893,-0.9990548039149493
1781099409532362200,172.9723623046875,0.08010463332831859,-0.39647418351173397,-1.9553347343340515
1781099409557438200,172.99743823242187,0.16800971127450465,-1.4485773445904253,-1.8585905163720249
1781099409582514200,173.02251416015625,-0.13345979141891,-0.7040320662081241,-0.7091038165144622
1781099409607589000,173.04758911132814,-0.0708890612155199,-1.040007649615407,-0.23592012200541793
1781099409632665000,173.0726650390625,0.36531858226954933,-0.17988251989781856,0.39173217661641535
1781099409657740300,173.097740234375,-0.025587445721030232,-0.7420897019237279,-0.4731997688610106
1781099409682816300,173.1228161621094,-0.2898568063110113,-0.3135562463283539,-0.4794601444300264
1781099409707892200,173.14789233398437,0.18145955995619295,0.09564882394075393,-0.4616075307447463
1781099409732967200,173.17296728515626,0.6518026972770691,0.18107319098711014,0.9641617697101086
1781099409758043400,173.19804345703125,0.13857669604122638,-0.2079185278147459,-0.491225766351819
1781099409783118300,173.22311840820313,-0.2827104416877031,0.20954174510240553,-0.40020789014734326
1781099409808194000,173.24819409179688,-0.33475042552649975,0.31703064444065093,-0.8246441395569593
1781099409833270300,173.27327026367186,0.2775286551356315,-0.030753450182080266,-0.39954482312873
1781099409858345200,173.29834521484375,0.4022615347415209,-0.7204670681804418,0.0010425678554922342
1781099409883421200,173.32342114257813,0.08826923508346081,-0.31287995450198647,-0.0673117141854018
1781099409908496100,173.34849609375,0.13169336626827716,0.37403380364477634,-0.5157129226807504
1781099409933572400,173.373572265625,0.15115560710728168,-0.5617804810464382,-0.8595585818760096
1781099409958648300,173.3986484375,0.23627134659588336,-0.809254189658165,-0.020328538812138138
1781099409983723300,173.42372314453124,0.0449339512258768,-0.0022241057902574538,0.2507879842588678
1781099410008799200,173.44879931640625,-0.08387246142923832,0.04232932168543339,-0.3052232292037457
1781099410033874200,173.4738742675781,-0.003285597541928291,-0.04545125309824943,-1.1288649137198925
1781099410058950100,173.4989501953125,0.05962649344503879,-0.3258592630624771,-0.9588955928102135
1781099410084026400,173.5240263671875,0.1449099907159805,0.4517413127034902,-0.5419008915781974
1781099410109101300,173.54910131835936,0.24889351228177545,-0.5238923566788435,-0.2119895035807043
1781099410134177000,173.57417700195313,-0.36589375180900097,-2.688174085092544,-1.6111758444711566
1781099410159252200,173.59925219726563,-0.3379015830338001,3.891767199799418,-0.15965117611614987
1781099410184328200,173.624328125,0.7677548890560865,1.3402034791111945,2.068839386830479
1781099410209404000,173.64940380859375,0.3412479708522558,-2.6045617359042166,-0.8754053356315941
1781099410234479000,173.67447900390624,-0.7922691525876522,-0.23202888672053812,-1.1284279836073516
1781099410259555000,173.69955517578126,-0.1383838038176298,2.8057208525866266,-0.4675651970401406
1781099410284630000,173.72463012695312,0.8500403735548258,0.5482154815524816,-0.20803077428387476
1781099410309706000,173.7497060546875,0.5695382555663585,-3.637462183862924,-2.164883639829606
1781099410334782200,173.7747822265625,-0.20542963360846042,2.4329782577961683,0.22754421558715401
1781099410359857200,173.79985717773437,-0.14248714748322963,5.648907220214605,1.372734168098867
1781099410384933000,173.82493310546874,0.7735463319391012,4.907441787669062,0.15384181398395447
1781099410410008300,173.85000830078124,1.2311620896339415,9.302237419816851,1.280515756998211
1781099410435084000,173.875083984375,-1.4041957665503024,4.236600043401122,2.657406021863222
1781099410460159000,173.90015893554687,0.09491057279407977,-0.014281623330712317,4.919285954719782
1781099410485235000,173.92523486328125,-2.5971821470469236,2.1523983983963726,1.1043353064887225
1781099410510311200,173.95031127929687,0.37746845426857467,2.80903509170115,-3.685824355971813
1781099410535386000,173.97538623046876,1.8310428764939306,2.1853981662005184,-2.0162629580274225
1781099410560462000,174.00046215820313,6.340880599838495,-5.075092602503299,0.5756450480088591
1781099410585537300,174.02553735351563,-23.732121805238723,4.715560202419757,0.42546676150113344
1781099410610613000,174.05061303710937,28.07308063325882,-4.204066139543056,-2.764493354663253
1781099410635689000,174.07568896484375,0.38024668681025503,3.2890286854207513,-2.1788656956918535
1781099410660764000,174.10076391601564,11.687737302601336,5.0379976743400094,-6.6208981491804115
1781099410685840100,174.12584008789062,-3.1012896068036553,-1.38922440738976,-14.311125319528578
1781099410710915000,174.1509150390625,-3.4734885962367055,-2.2193039429336783,-16.49302746030688
1781099410735991000,174.1759909667969,-5.140003758352995,0.42491877222955227,-8.271951538270711
1781099410761067300,174.2010673828125,-2.169045581814647,-0.43798108289837834,-7.679009026241302
1781099410786142200,174.22614208984376,1.069782025632262,1.412948981848359,-4.6084623482257125
1781099410811218000,174.2512180175781,2.379578091520071,1.9442264803424476,-1.3634459691412746
1781099410836292900,174.27629296875,3.3453070374816654,1.950929631242901,0.5939277236744761
1781099410861369000,174.301369140625,6.038502165606618,4.989513921678066,2.26652279022634
1781099410886445000,174.32644506835936,6.716888333904743,8.14925571745038,1.7478218647107482
1781099410911520000,174.35152001953125,5.632434808841348,13.603375694102048,-0.34118126229159534
1781099410936596200,174.37659619140624,4.28281818921864,14.398043724524975,-0.2925502831786871
1781099410961671200,174.40167114257812,5.04679882043302,8.718862362077832,-0.8546493286550044
1781099410986747100,174.4267470703125,5.609201817291975,-2.699609671342373,3.8799461213633415
1781099411011823000,174.45182299804688,-2.035717307820916,-3.929181276914477,7.218062662819028
1781099411036898000,174.47689794921874,-4.502411372736096,-5.0974856360971925,15.087926853871345
1781099411061974000,174.50197412109375,2.081808612388372,-1.5362459834322333,0.986649568915367
1781099411087049000,174.5270490722656,1.504365867307782,-4.529062648296356,-5.001123695451021
1781099411112125200,174.55212524414063,-5.457223787885904,-2.758371656912565,-2.455490826116502
1781099411137201200,174.577201171875,-7.135356322559714,-0.015092720517888665,0.3227000683791935
1781099411162276000,174.60227612304686,-2.9994898590177295,1.1512766520142554,-1.09829719536826
1781099411187352000,174.62735205078124,0.730274760967493,-0.1269329469334334,0.2607340260706842
1781099411212427300,174.65242724609374,0.7297066056907177,-0.640775472632423,-0.3218270849369466
1781099411237503000,174.6775029296875,0.05062660990953445,0.7879895755723119,-0.14411365270651877
1781099411262578000,174.70257788085937,-0.7139069790124892,1.3776516046263276,0.913076237051934
1781099411287654100,174.72765405273438,-3.492442303031683,0.7563913451291621,-1.6927067112103105
1781099411312730000,174.75273022460937,-2.0187246719658374,1.7239561282157896,-2.4430730969615277
1781099411337805000,174.77780517578125,0.5520704034149646,1.2608764060266315,-0.15630115330219269
1781099411362881300,174.80288134765624,1.3530255512833596,-0.46133170947805047,1.5290513957530258
1781099411387956200,174.82795629882813,-0.520651767322421,0.891810307791829,-1.1562950646981596
1781099411413032000,174.85303198242187,-1.1543027218371629,1.561412865653634,-0.7555236223839223
1781099411438107100,174.87810717773436,0.8336158929765224,1.5801540987417102,-1.165069395849481
1781099411463182000,174.90318212890625,1.4449790278375148,0.937447146590054,0.017660013722628355
1781099411488258000,174.92825805664063,-0.32070085738599297,0.9204679547384381,0.08305226762015372
1781099411513333000,174.9533330078125,0.25789047320783137,0.8918193678811192,1.0365330323074013
1781099411538409000,174.97840893554687,0.7437433143496512,1.0256529610484837,0.5739004328312352
1781099411563485200,175.00348510742188,0.0103261637032032,0.5458858695611357,0.5719008565118536
1781099411588560100,175.02856005859374,1.4202064056307075,0.9639932082101702,-0.31505196477882563
1781099411613636000,175.05363598632812,0.3476075690120458,-1.1373165157228708,0.6969797365438193
1781099411638711000,175.0787109375,-1.3030775712877511,-0.847348650252819,-0.8982147680066526
1781099411663787000,175.103787109375,-0.44045477953553197,-0.049422202555835244,-0.5097791852502151
1781099411688863000,175.12886303710937,0.5248538951873779,0.191731947645545,1.1000159819848834
1781099411713938000,175.15393798828126,0.24035423199534414,-0.17457418435662983,1.0183203531380742
1781099411739014100,175.17901416015624,-0.28182956719994545,-0.210273858769238,0.5789376963460817
1781099411764089000,175.20408911132813,-0.5123585707515478,0.559345070593059,1.266005147217214
1781099411789165000,175.2291650390625,-0.03911678937971592,0.42378538428545,1.3651331915758549
1781099411814241300,175.2542412109375,0.5419032296657562,0.22576807276010513,0.22665661909766494
1781099411839316200,175.27931616210938,1.0237345602065324,-0.9020154754638672,-0.41588396351113915
1781099411864392000,175.30439184570312,1.3195803777992725,-0.9054483725219964,0.1491756853364408
1781099411889468200,175.32946826171874,1.0158990442752838,-0.3180196554780006,0.34585973896402866
1781099411914543000,175.35454321289063,0.47050154275298117,-0.046886254337429996,0.2782830536995083
1781099411939619000,175.379619140625,0.691713851904869,-0.281953485840559,0.11507588386852294
1781099411964694000,175.40469409179687,0.3362508932173252,-0.5974520984083413,-0.09381791871916502
1781099411989770200,175.42977026367188,-0.9391472285062075,-0.3321323519825935,-0.2919958824326284
1781099412014846200,175.45484619140626,-0.9611404491275548,-0.14447043025493622,-0.05883996444353833
1781099412039921200,175.47992114257812,-0.24151158533692357,-0.36465281183719633,0.09056414108760655
1781099412064997000,175.5049970703125,0.43900516524910926,-0.5200573085606098,-0.05765741272862069
1781099412090073000,175.53007299804688,1.0782540859013796,-0.7468325125366448,0.14278971062637866
1781099412115148000,175.55514794921876,0.8626391583651304,-0.8037865719020366,0.39431766306497157
1781099412140224000,175.58022412109375,0.6437392178088426,-0.44503509306311606,0.10041005612635052
1781099412165300000,175.60530004882813,0.7157727728843688,-0.2495107673972845,-0.05173034250088967
1781099412190375000,175.630375,0.30668226890563965,-0.48366322214305396,0.5617815770249813
1781099412215451000,175.65545092773436,0.041778117543458934,-0.26707155852913855,0.486822928282991
1781099412240526800,175.68052685546874,0.16502397346198558,-0.3023322570025921,0.3001566299965605
1781099412265601800,175.70560180664063,0.186772863933444,-0.34699557459354397,0.3464426534185186
1781099412290677800,175.730677734375,0.3371247534424066,-0.32563889831006526,0.13625037198551
1781099412315754000,175.75575390625,0.5027344178378582,-0.4332084616690874,-0.013513232774101196
1781099412340829000,175.78082885742188,1.222824469399452,-0.86030866959095,-0.21734332223143427
1781099412365905000,175.80590478515626,1.2204969032347202,-0.9640735799700021,-0.30215927505586293
1781099412390980900,175.83098095703124,0.648828065380454,-0.3803150758713484,0.6514822331510484
1781099412416056800,175.85605688476562,1.169811841136217,0.2651823837816715,0.6918989992134272
1781099412441131800,175.8811318359375,1.753842147913575,0.0695166038185358,1.062828991623968
1781099412466208000,175.9062080078125,1.1077291867107153,-0.6041524728298187,0.5937281094491481
1781099412491284000,175.93128393554687,0.23362638504505157,-0.9315133726269006,-1.1743930314466358
1781099412516359700,175.9563596191406,-0.5105483064591885,-0.718202630379796,-1.1273497599165887
1781099412541435000,175.98143481445314,-0.0375274743616581,0.040758126845955846,-0.01368721936782822
1781099412566510800,176.0065107421875,0.6487988392859697,-0.05088555310666561,0.18521485736910254
1781099412591586800,176.0315869140625,0.70072016518116,-0.0626017098635435,0.589403889574483
1781099412616663000,176.0566630859375,0.4739712646901607,0.12466273697912693,0.64001888211146
1781099412641739000,176.08173901367186,0.2034574567526579,-0.029907062485814092,0.33515896979477255
1781099412666814000,176.10681396484375,-0.08789338750839233,-0.053453357768058776,0.18303660001456737
1781099412691889700,176.1318896484375,0.2080705035060644,-0.17537585612833498,0.08475872447816654
1781099412716966000,176.1569658203125,0.740107003673911,-0.14365034604370594,0.30178419466577466
1781099412742041900,176.18204174804688,0.5982610767036676,-0.28238310942947864,0.06860664023361168
1781099412767118000,176.2071181640625,0.7311123808354139,-0.488338812738657,-0.14412927953391336
1781099412792193800,176.23219384765625,0.6329752472102642,-0.6084522158503533,0.05224146579422522
1781099412817268700,176.25726879882814,0.9032979164898395,-0.38503333656489847,0.49083037382606415
1781099412842344700,176.2823447265625,0.9310621217280626,-0.3172328890144825,0.4743513500489294
1781099412867421000,176.3074208984375,0.35596097133755683,-0.2715828984737396,0.2700512136607431
1781099412892497000,176.33249682617188,0.3261287276536226,-0.3955716817140579,0.38335141135994344
1781099412917572900,176.35757275390625,0.4521393721103668,-0.4282224899500608,0.2845943192055449
1781099412942648800,176.38264892578124,0.8733090209394693,-0.3180161483466625,0.5003515412893146
1781099412967724800,176.40772485351562,0.6920604733854532,-0.2192149978548288,0.8578583538293838
1781099412992799700,176.4327998046875,0.042110125976800916,-0.3246089707404375,0.5223357383539899
1781099413017876000,176.4578759765625,-0.4991454534351825,-0.23452304162383078,0.782289245038852
1781099413042952000,176.48295190429687,0.36188626973330973,-0.6685103787109256,0.20929292144048958
1781099413068028000,176.50802783203125,-0.22170623014867305,-0.5985515840828418,-0.20579079507105053
1781099413093103900,176.53310375976562,-0.6007715982198715,-1.034917633000016,-0.9543306960474699
1781099413118179800,176.55817993164064,0.07345628135502338,-1.0987339793503283,-0.9868635769922286
1781099413143256300,176.58325634765626,0.8687690394222736,-0.7491404972180724,0.1684679033707827
1781099413168332500,176.60833251953125,1.1064783098667859,-0.592003185352683,0.41847840045113116
1781099413193408500,176.63340844726562,0.6680167499750852,-0.5427665684968233,0.331499680102244
1781099413218484500,176.658484375,0.5117337168514728,-0.6579413461625576,0.23267684750156475
1781099413243560400,176.683560546875,0.11745967373251914,-0.8292281794115901,-0.4248364277083426
1781099413268636400,176.70863647460936,0.08623802151679992,-1.1078814546629785,-0.5633513105597346
1781099413293711400,176.73371142578125,-0.6029214697301387,-0.39833150181621313,0.15320434719747864
1781099413318787600,176.75878759765624,-1.0237444970786571,-0.033470600186288356,0.4889904085151851
1781099413343863600,176.78386352539061,-0.5400345131844282,-0.17508681005388496,0.5475315909415484
1781099413368939500,176.808939453125,0.1746387740254402,-0.19001842172592878,0.36581527974531053
1781099413394015500,176.83401538085937,0.5156482599467039,-0.31787264822274447,0.37908984492532904
1781099413419091500,176.85909155273438,0.5368827711552381,-0.319566884920001,0.6010263766985386
1781099413444167400,176.88416748046876,0.12977730351388453,-0.35696167281270025,-0.4965390703290701
1781099413469243600,176.90924365234375,0.3615022388517856,-0.3043620092645287,-0.6253994051285088
1781099413494319400,176.9343193359375,0.5562029731750487,-0.14210983860343693,0.3955040963705629
1781099413519395300,176.95939526367187,0.9313292482316493,-0.3594914835512638,-0.014220632124785334
1781099413544471600,176.98447143554688,0.991000749862194,-0.6210784731894731,-0.5693386778736487
1781099413569547500,177.00954760742187,0.9607797991216183,-0.787353323495388,-0.059145249266736206
1781099413594623500,177.03462353515624,0.3990045787721872,-0.4972615393847227,-0.1844133682604879
1781099413619699500,177.05969946289062,0.7899088531970977,-0.8583250945582985,0.15691197867691517
1781099413644775400,177.084775390625,-0.21288813292086123,0.3600646072641015,0.4674242541994899
1781099413669851600,177.1098515625,-0.6572767447739839,-0.1398816411599517,0.41344139266461133
1781099413694927400,177.13492724609375,1.2514286325931547,-0.19178250878900288,0.7245132748313248
1781099413720003300,177.16000341796874,1.205375906470418,-0.6695537502840161,0.7080465625464916
1781099413745079600,177.18507958984375,-0.8155629344135522,-0.626852672676742,-0.23781353453658519
1781099413770155500,177.21015551757813,-0.8724743236809969,-0.30494653115421533,0.1710385941090062
1781099413795231200,177.23523120117187,-1.0082418075203894,0.12316899129003285,0.8085939721837639
1781099413820307500,177.26030737304689,-0.342398309931159,0.14480536129772661,0.9487535535022615
1781099413845382400,177.28538232421874,0.3632207332074642,-0.1892488986581564,0.8569568749450147
1781099413870458400,177.31045825195312,-0.18898469476401805,-0.14172288511246442,0.4518011165993288
1781099413895534600,177.33553466796874,0.06603752953112126,-0.2462251698553562,-0.0056415130183100695
1781099413920610300,177.3606103515625,0.3966337579876184,-0.4199640724316239,0.256247930165194
1781099413945686300,177.38568627929686,1.1913830369532108,-0.3068380439892411,0.504633237196505
1781099413970762500,177.41076245117188,1.0294897627323865,-0.33191257175207134,0.4768192745324224
1781099413995838500,177.43583837890625,0.20940555150210857,-0.36108752057105303,-0.015011590706231072
1781099414020914400,177.46091455078124,0.10298398913443088,-0.41240795796364543,-0.25227161041274665
1781099414045990400,177.48599047851562,0.15410568908452987,-0.423796490201354,-0.1806874430725351
1781099414071066400,177.51106640625,0.3503817099004984,-0.606792758205533,-0.3266113235387951
1781099414096142600,177.536142578125,0.8474591248899698,-0.9441229710921645,-0.45771121742594983
1781099414121218600,177.5612185058594,0.4789958148539066,-0.7893722621023654,0.1122747088426724
1781099414146294500,177.58629443359376,-0.0437578931838274,-0.22934768481254575,0.40346049873512235
1781099414171370500,177.61137060546875,0.2512707628071308,-0.20725246512144802,0.286330349217914
1781099414196446700,177.63644677734376,0.43201545249223705,-0.7854968819737433,-0.17620202302047983
1781099414221522700,177.6615227050781,0.5049585236281157,-0.8874991665944456,-0.31655206714347
1781099414246597600,177.68659765625,0.26321605214476584,-0.6004015958636999,0.029366544134635478
1781099414271673600,177.71167358398438,-0.13670914860367775,-0.34351386995762584,0.2568413660136983
1781099414296749600,177.73674951171876,-0.2862999906122684,-0.1991910314798355,0.2532187733360566
1781099414321825500,177.76182543945313,-0.14492577280700206,-0.31398090148121116,0.0544830296093598
1781099414346901800,177.78690185546876,-0.011437339815497398,-0.538934442988038,0.04515611064315308
1781099414371977500,177.8119775390625,0.18521277500987052,-0.4251595952481031,0.1212023856584914
1781099414397053400,177.83705346679687,0.2788040818989277,-0.34438743792176246,0.1000403551642783
1781099414422129700,177.8621296386719,0.3906611133188009,-0.347251010659337,0.1554759727907367
1781099414447205600,177.88720556640624,0.503034862089157,-0.36572365593910217,0.23629476400408891
1781099414472281600,177.91228149414061,0.5241016155153513,-0.3856953076049685,0.19125753506682813
1781099414497356500,177.9373564453125,0.3081277915388346,-0.3637608314335346,0.3244544377658516
1781099414522432500,177.9624326171875,0.22686872747838496,-0.26767244703173637,0.37792240858115256
1781099414547508500,177.98750854492187,0.23999708912074563,-0.39746582489758725,0.09779333428931422
1781099414572584700,178.01258471679688,0.2858861491143703,-0.4583347196191549,0.03499070415934548
1781099414597660400,178.03766040039062,0.2546387779355049,-0.35181788018345833,0.26490327457934615
1781099414622736600,178.06273657226564,0.1517120719462633,-0.24444997687637804,0.32715799763612446
1781099414647812600,178.0878125,0.14811667780280113,-0.34929946762174363,0.22694378374228252
1781099414672888600,178.112888671875,0.08830255283117294,-0.420034799580276,0.1723515764037147
1781099414697963500,178.1379636230469,0.009136661657691001,-0.3356231167078018,0.24552801790405063
1781099414723039700,178.16303979492187,-0.04638005838096142,-0.2808911173060536,0.292964745731093
1781099414748115500,178.1881154785156,0.32251462880969045,-0.33815643457770345,0.20721598730226978
1781099414773191700,178.21319165039063,0.3190834853172302,-0.3908686185896396,0.16636872086813673
1781099414798267600,178.238267578125,0.2923883706152439,-0.41230595889389515,0.10363033334710635
1781099414823343600,178.26334350585938,0.3249538386553526,-0.4083037375152111,0.17923026653416455
1781099414848418600,178.28841845703124,0.21550679098665712,-0.36086043381690974,0.23991423314288257
1781099414873494500,178.31349462890626,0.2221785238355398,-0.37591421056389807,0.10420169436112045
1781099414898570500,178.33857055664063,0.15129530783891676,-0.4390206550791859,0.03335705680921674
1781099414923646700,178.36364672851562,0.1679728863954544,-0.4576543361395597,0.003200787068996578
1781099414948722700,178.38872265625,0.04100830221474171,-0.2806339276745915,0.17213764139208942
1781099414973798400,178.41379833984374,0.4473299260020256,-0.3972159417897463,0.4154929183669388
1781099414998873600,178.43887353515626,0.16496084509789943,-0.44236090541779993,0.013168127397168427
