time,seconds_elapsed,z,y,x
1781099236662109700,0.102109619140625,-9.416953347799181,-2.7347891212731597,-0.11090787746887654
1781099236687184600,0.1271845703125,-9.418413483479618,-2.730031405352056,-0.1039106937916018
1781099236712259600,0.152259521484375,-9.418101348790525,-2.731081206665933,-0.1046242854210548
1781099236737334500,0.17733447265625,-9.41710356992483,-2.7343714803829786,-0.10841122921439818
1781099236762409700,0.20240966796875,-9.417844743680954,-2.7317668508425355,-0.10970999118750914
1781099236787484700,0.227484619140625,-9.420416055473686,-2.722597455959022,-0.11664191847569308
1781099236812559600,0.2525595703125,-9.42038975198865,-2.722019363810122,-0.13136079157935454
1781099236837634600,0.277634521484375,-9.416049676957726,-2.7361735613688825,-0.14747996906815095
1781099236862709500,0.30270947265625,-9.411682713919877,-2.7506135901317,-0.15726650946931914
1781099236887784400,0.327784423828125,-9.411250752243399,-2.752392290242016,-0.15191596048790962
1781099236912859600,0.352859619140625,-9.413957088592648,-2.74386236230582,-0.13790538178407585
1781099236937934600,0.3779345703125,-9.415385075569151,-2.7393065986976026,-0.1307958968387451
1781099236963008800,0.4030087890625,-9.414630457809567,-2.741931101982295,-0.1301091658167541
1781099236988083700,0.428083740234375,-9.413563120839,-2.7460806228771806,-0.11940310855102725
1781099237013159000,0.453158935546875,-9.4136367705971,-2.7463766832143066,-0.10603796074441633
1781099237038233900,0.47823388671875,-9.41320539344251,-2.748219096210599,-0.09612507228353061
1781099237063309800,0.503309814453125,-9.408480703008175,-2.764504168318212,-0.0916070286035072
1781099237088384800,0.528384765625,-9.403149863374233,-2.78289673409909,-0.08148634261083788
1781099237113459700,0.553459716796875,-9.401393959617614,-2.789313907665014,-0.06248155408259481
1781099237138535000,0.578534912109375,-9.400324284559488,-2.793219975192845,-0.046974617607472464
1781099237163609900,0.60360986328125,-9.399155825302005,-2.797303445114195,-0.03668399557510856
1781099237188685000,0.62868505859375,-9.40128816115558,-2.7903017496585845,-0.01962491602085065
1781099237213760000,0.653760009765625,-9.404763143789769,-2.7786320623919365,-0.004184339904872467
1781099237238835000,0.6788349609375,-9.403054001784325,-2.784401877965033,-0.008109593336252146
1781099237263910000,0.703909912109375,-9.398657812651992,-2.798935722491145,-0.0396994755053427
1781099237288984800,0.72898486328125,-9.397117597472667,-2.802831853146851,-0.09325827554240822
1781099237314060000,0.75406005859375,-9.40194107210636,-2.7852675548836587,-0.12716625336580908
1781099237339135000,0.779135009765625,-9.414000343212484,-2.7450939499273894,-0.10698022829690017
1781099237364211000,0.8042109375,-9.424515307486057,-2.7099372963503003,-0.07168725325535051
1781099237389286000,0.829285888671875,-9.42654301392138,-2.703421046324074,-0.04673284930742811
1781099237414360800,0.85436083984375,-9.42544177468121,-2.707350786988437,-0.04108536320605781
1781099237439436000,0.87943603515625,-9.427262560367584,-2.70098534360975,-0.04225540706585161
1781099237464511000,0.904510986328125,-9.430711824038625,-2.6889216885894536,-0.04194312167970929
1781099237489586000,0.9295859375,-9.429349888035654,-2.6935785744845866,-0.04883332415143959
1781099237514660900,0.954660888671875,-9.422547806805373,-2.7169328543260693,-0.06521227595442905
1781099237539737000,0.979737060546875,-9.419176869067549,-2.728088162329793,-0.08383917108098976
1781099237564812000,1.00481201171875,-9.42113560191989,-2.7213810659065842,-0.08167075013387948
1781099237589887000,1.029886962890625,-9.428879347914457,-2.6951903935953974,-0.0506886468616547
1781099237614962000,1.0549619140625,-9.438619236162305,-2.6613313786134123,-0.012938702555466442
1781099237640036900,1.080036865234375,-9.441976729896664,-2.6494150231093165,0.007904974142243736
1781099237665111800,1.10511181640625,-9.432909041821956,-2.6815201801612973,-0.007609051944079692
1781099237690188000,1.13018798828125,-9.417091879487037,-2.736082960475981,-0.0511851434080163
1781099237715263000,1.155262939453125,-9.404801137712598,-2.776905676990747,-0.0943147897248622
1781099237740338000,1.180337890625,-9.405512500852346,-2.7739938811972737,-0.10804149171970784
1781099237765412900,1.205412841796875,-9.416447151842712,-2.7370293014153835,-0.09785835321638732
1781099237790488800,1.23048876953125,-9.424206095406413,-2.710027020460367,-0.10233316054288297
1781099237815564000,1.25556396484375,-9.428671258121728,-2.6936998627766964,-0.12053413100810721
1781099237840639000,1.280638916015625,-9.430464571279288,-2.6865733718976377,-0.13801077838730996
1781099237865714000,1.3057138671875,-9.430937449488043,-2.6845462499842045,-0.14497065312834456
1781099237890790000,1.330789794921875,-9.437423888897895,-2.6621643223062157,-0.13525888586328363
1781099237915864800,1.35586474609375,-9.449066980418563,-2.6212185639336703,-0.12134411395043133
1781099237940940000,1.38093994140625,-9.459806985619664,-2.582687173226476,-0.11027823779582976
1781099237966015000,1.406014892578125,-9.470844512462616,-2.542380005018413,-0.09897587687107734
1781099237991091200,1.43109130859375,-9.481737662398814,-2.5022239357188343,-0.07685108402562327
1781099238016166100,1.456166259765625,-9.489021389666199,-2.4747256879404187,-0.06771383327946533
1781099238041241000,1.481240966796875,-9.492736026275157,-2.46066998232007,-0.05872394598159007
1781099238066317300,1.5063173828125,-9.496111640188097,-2.4478857579402624,-0.04590644951984286
1781099238091392300,1.531392333984375,-9.4990360032022,-2.436785687255114,-0.0277529668915784
1781099238116467200,1.55646728515625,-9.500446454522013,-2.431411593001336,-0.011899268513621063
1781099238141543200,1.581543212890625,-9.501232051941752,-2.428325755815208,-0.01435311994763324
1781099238166618000,1.6066181640625,-9.502026417189835,-2.425153555519879,-0.022506213928072245
1781099238191693300,1.631693359375,-9.505373974052072,-2.412105127245933,-0.0014829532972602463
1781099238216769300,1.656769287109375,-9.511761044740677,-2.386602729459852,0.030229412608244455
1781099238241844200,1.68184423828125,-9.513205982851982,-2.3807531266488136,0.03616585345251951
1781099238266919200,1.706919189453125,-9.510237196174263,-2.3928429390236734,0.008945000697489013
1781099238291995400,1.731995361328125,-9.509286179059742,-2.396549100065231,-0.020363263065647334
1781099238317070300,1.7570703125,-9.51171545203328,-2.3868102347306905,-0.028177943988132753
1781099238342145300,1.782145263671875,-9.516463523343205,-2.3677261795543134,-0.034318672949564644
1781099238367221000,1.807220947265625,-9.520947390758991,-2.3494775522887705,-0.043615936563024295
1781099238392296200,1.832296142578125,-9.525286881268023,-2.3313320931367576,-0.06473647056964692
1781099238417371400,1.857371337890625,-9.533571310010553,-2.2967910872399804,-0.07844732197481206
1781099238442447000,1.882447021484375,-9.554473812785744,-2.2084787436671554,-0.07092356627332046
1781099238467522000,1.90752197265625,-9.577974515360593,-2.105117445652932,-0.03558218551278114
1781099238492597000,1.932596923828125,-9.59079249587953,-2.0462300801374016,0.004839938857193919
1781099238517673200,1.957673095703125,-9.594605916687845,-2.0282624617703258,0.0087165713696304
1781099238542748200,1.982748046875,-9.5916330383569,-2.041562965109199,-0.05460852371912915
1781099238567824100,2.00782421875,-9.583072715282439,-2.0775728745147584,-0.13710493385507724
1781099238592899300,2.0328994140625,-9.580655132746696,-2.087206087517738,-0.15812171979285775
1781099238617974300,2.057974365234375,-9.587607436102628,-2.0591487445518375,-0.08985100611587986
1781099238643050200,2.08305029296875,-9.59597778956294,-2.021443429405242,-0.03691776551507646
1781099238668125200,2.108125244140625,-9.595487375697493,-2.0237759640060364,-0.036613234177127016
1781099238693200100,2.1332001953125,-9.585456980070472,-2.0703693728767334,-0.054485107402014545
1781099238718276400,2.1582763671875,-9.58195394038558,-2.0861264755874873,-0.06800143631550018
1781099238743351300,2.183351318359375,-9.584372691965102,-2.0759636857524515,-0.02356567355286097
1781099238768426200,2.20842626953125,-9.58777110223174,-2.0603015678487715,0.013836338665068615
1781099238793502200,2.233502197265625,-9.591942834958434,-2.040803086652607,0.011878585343551821
1781099238818577400,2.258577392578125,-9.594024901929497,-2.030789057638496,-0.031045921189477667
1781099238843653000,2.283653076171875,-9.593436872908473,-2.0314248713240026,-0.09832679271204396
1781099238868728000,2.30872802734375,-9.59248936292529,-2.0336571604207156,-0.1370049349461682
1781099238893803000,2.333802978515625,-9.594380875760317,-2.0235292957685886,-0.15351302042100579
1781099238918879200,2.358879150390625,-9.599604747888446,-1.997333508890867,-0.16920967991510405
1781099238943955000,2.383954833984375,-9.602586978569626,-1.9809128277048467,-0.1915550201760605
1781099238969030000,2.40902978515625,-9.598875264570117,-1.9950046275518833,-0.22788115592394023
1781099238994105900,2.43410595703125,-9.588526889035105,-2.0379780923597512,-0.2778254095925018
1781099239019180800,2.459180908203125,-9.571590367281436,-2.1039466483078897,-0.3583987198784947
1781099239044255700,2.484255859375,-9.55563701134622,-2.1619651220344007,-0.43138690879773345
1781099239069332000,2.50933203125,-9.548719779303669,-2.1849261647745966,-0.46736689798906444
1781099239094407000,2.534406982421875,-9.546109304544329,-2.193146296109259,-0.4819670492170378
1781099239119481900,2.55948193359375,-9.54310544655323,-2.2075214429423213,-0.47578879897352305
1781099239144558000,2.58455810546875,-9.542107667687535,-2.217519251473993,-0.4485255655273795
1781099239169633000,2.609633056640625,-9.54383083821833,-2.2193562576428056,-0.400163101157546
1781099239194708000,2.6347080078125,-9.55019277446568,-2.2011124526828527,-0.3454092917827889
1781099239219783700,2.65978369140625,-9.558829669907688,-2.170623644786328,-0.29588960193553937
1781099239244858600,2.684858642578125,-9.561241407224536,-2.1620093995675442,-0.2806447047969326
1781099239269933800,2.709933837890625,-9.554672550228238,-2.190194606696814,-0.2857741949061863
1781099239295009800,2.735009765625,-9.541514962491393,-2.244253090751171,-0.30530188393052665
1781099239320084700,2.760084716796875,-9.523439207574725,-2.3167744293436408,-0.32717673886921256
1781099239345159700,2.78515966796875,-9.51244376630783,-2.3641423297181725,-0.3076177231248468
1781099239370236000,2.81023583984375,-9.516123331603408,-2.3550683580331504,-0.2596872204314917
1781099239395310800,2.835310791015625,-9.534180966341495,-2.285736024740338,-0.21257661928627639
1781099239420385800,2.8603857421875,-9.560148351290822,-2.177060984357446,-0.1853400363850407
1781099239445461800,2.885461669921875,-9.581116320517658,-2.085886967743188,-0.1471901466755662
1781099239470537000,2.910536865234375,-9.578570727688074,-2.1026912414193153,-0.007686511940084164
1781099239495612000,2.93561181640625,-9.561447743451595,-2.1777964590251444,0.07941297953603789
1781099239520687900,2.96068798828125,-9.538187863895297,-2.2782938920408484,0.052257325517060235
1781099239545762800,2.9857626953125,-9.515856205099821,-2.36982592831254,-0.052820722420327364
1781099239570837800,3.010837646484375,-9.49304640739858,-2.454307169289887,-0.1697838996064849
1781099239595914000,3.0359140625,-9.481630694893003,-2.49171364762038,-0.24581821475597096
1781099239620989000,3.060989013671875,-9.485882507118582,-2.47520791849941,-0.2485283139648847
1781099239646063900,3.08606396484375,-9.493240468665958,-2.451068918021023,-0.20256682805586604
1781099239671139800,3.111139892578125,-9.499964808484911,-2.428213235351443,-0.15759504730394108
1781099239696215000,3.136215087890625,-9.496831771156192,-2.4377765979886052,-0.1944481660679914
1781099239721290000,3.1612900390625,-9.472337381368876,-2.5142417057707904,-0.3518521112466231
1781099239746365000,3.186364990234375,-9.438673596698045,-2.6126129404127596,-0.5060407659068703
1781099239771440600,3.211440673828125,-9.413739061927794,-2.683963481660187,-0.5901181022584437
1781099239796515800,3.236515869140625,-9.391447735142707,-2.741887262840569,-0.6731617116481066
1781099239821590800,3.2615908203125,-9.365709482774138,-2.8050708642452955,-0.765141564752534
1781099239846666800,3.286666748046875,-9.342192413586378,-2.855592844736576,-0.8598929283969103
1781099239871741700,3.31174169921875,-9.333509925436973,-2.865505166941881,-0.9191592102274299
1781099239896816600,3.336816650390625,-9.344663187614083,-2.8327582048550246,-0.907268062229827
1781099239921266700,3.3612666015625,-9.365212639167904,-2.7778119781807065,-0.8642553613901138
1781099239946342000,3.386341796875,-9.381822997707127,-2.718447642803192,-0.8728259135976433
1781099239971417900,3.41141796875,-9.379950774094462,-2.7020842447623608,-0.9410911291155963
1781099239996492800,3.436492919921875,-9.355165876927972,-2.742842079347372,-1.0621058649811894
1781099240021567700,3.461567626953125,-9.32756592234075,-2.793262353029847,-1.168153844796121
1781099240046644000,3.48664404296875,-9.318070364242791,-2.806049061627686,-1.2124513247493653
1781099240071719000,3.511718994140625,-9.328495896667242,-2.7739073719575997,-1.2062277009941638
1781099240096793900,3.5367939453125,-9.351614906448125,-2.7243513138890263,-1.1382429098527878
1781099240121869800,3.561869873046875,-9.376696156212686,-2.670200036984682,-1.0573501948866992
1781099240146944800,3.58694482421875,-9.399104387375711,-2.60987094822824,-1.0078688094895332
1781099240172020000,3.61202001953125,-9.421661087098718,-2.5429329627260566,-0.9675608375638722
1781099240197095000,3.637094970703125,-9.458523375549913,-2.4474951511874794,-0.8464555008053779
1781099240222171000,3.6621708984375,-9.498249236738681,-2.3851138060763475,-0.5146656786501407
1781099240247245800,3.687245849609375,-9.51031844471693,-2.388773351497203,-0.13412916031414643
1781099240272321000,3.712321044921875,-9.497679912418127,-2.4369217347249386,0.16084150014556944
1781099240297397000,3.73739697265625,-9.455330132466553,-2.5805276571050286,0.32862036180626597
1781099240322472000,3.762471923828125,-9.404268638271093,-2.758886912958324,0.3444767601730302
1781099240347547000,3.787546875,-9.323943055668472,-3.0198388195633887,0.3391888098327443
1781099240372621800,3.812621826171875,-9.184757287818194,-3.4240921126440167,0.2936113182726316
1781099240397698000,3.837697998046875,-9.030100394591688,-3.824112005938589,0.061966585731203665
1781099240422773000,3.86277294921875,-8.865480910277366,-4.182261719492078,-0.2869108707859181
1781099240447848000,3.887847900390625,-8.74838773176968,-4.385716838157177,-0.633709918160364
1781099240472924000,3.912923828125,-8.719279710707069,-4.42073496004641,-0.7756550677213817
1781099240497998800,3.937998779296875,-8.77335967594087,-4.328341046248376,-0.6811793061479926
1781099240523073800,3.96307373046875,-8.892856992980837,-4.0997310280606145,-0.5288534862175583
1781099240548149800,3.988149658203125,-9.022651247629522,-3.8197117251530286,-0.4146730533514172
1781099240573224700,4.013224609375,-9.09009338326156,-3.65112187590301,-0.45814116980843245
1781099240598300000,4.0382998046875,-9.079417675468324,-3.672344112151861,-0.4984438810370862
1781099240623374800,4.063374755859375,-9.001886107498407,-3.820075590029359,-0.737191993010044
1781099240648450800,4.088450927734375,-8.879708757594226,-4.029912810947001,-1.0396895966421813
1781099240673525800,4.11352587890625,-8.77188726530075,-4.177546089147031,-1.3313472418300807
1781099240698600700,4.1386005859375,-8.64965321677327,-4.328365011645853,-1.6183768618911505
1781099240723677000,4.163677001953125,-8.525209675502776,-4.554434697701037,-1.6578021326981485
1781099240748752000,4.188751953125,-8.473425712251663,-4.66038045925051,-1.6285880209125578
1781099240773826800,4.213826904296875,-8.455773735705018,-4.6420133201718325,-1.7669132264107466
1781099240798901800,4.23890185546875,-8.330112635338306,-4.663591822512448,-2.242881510137021
1781099240823978000,4.26397802734375,-8.023957605177163,-4.755120643913745,-3.0290786493346094
1781099240849053000,4.289052978515625,-7.540664969912171,-4.869592534007132,-3.949155266667902
1781099240874128000,4.3141279296875,-6.935594213193655,-4.932264678758383,-4.8724403246536845
1781099240899203800,4.339203857421875,-6.274339212438464,-4.868296356716752,-5.753497475501895
1781099240924279000,4.364279052734375,-5.768172482064366,-4.506141206914187,-6.526350564479827
1781099240949353200,4.389353271484375,-5.312707764923572,-3.8431498838856815,-7.292168347993493
1781099240974429400,4.414429443359375,-5.1416760754793875,-3.058340107393265,-7.770463321101665
1781099240999504400,4.43950439453125,-5.2711605335265395,-2.3397883713148535,-7.931622435829043
1781099241024579300,4.464579345703125,-5.430408261674642,-1.7296863424308597,-7.980553932258486
1781099241049654300,4.489654296875,-5.379761778020859,-1.0250770608566702,-8.134972340553999
1781099241074730500,4.51473046875,-4.896707043164969,-0.351621955752559,-8.489346919482946
1781099241099805400,4.539805419921875,-4.298066027233005,0.1723893511308357,-8.812906088909505
1781099241124880400,4.56488037109375,-3.6718437614142894,0.41694706269800663,-9.083726770839094
1781099241149956400,4.589956298828125,-2.7833710736125705,0.5790033819934353,-9.385520683181285
1781099241175031300,4.61503125,-1.735220887943357,0.7497201237369329,-9.622750061154365
1781099241200106500,4.6401064453125,-0.48175041079167275,0.9416397029090672,-9.749441089090704
1781099241225182200,4.66518212890625,0.8478352647259831,1.2736495244905353,-9.686558224198222
1781099241250257200,4.690257080078125,1.980157333162427,1.7649432415120303,-9.441099362540244
1781099241275332400,4.715332275390625,3.10405059594959,2.350069965223968,-9.00068900666833
1781099241300408300,4.740408203125,4.17760395681411,2.411377105232328,-8.538340375232696
1781099241325483300,4.765483154296875,4.2418885051980615,2.472000354629755,-8.48916980935037
1781099241350558200,4.79055810546875,4.036368855218589,2.7860499374330043,-8.492115215152502
1781099241375634400,4.815634521484375,4.141815142813325,2.9991908760711548,-8.367830079314112
1781099241400709400,4.84070947265625,4.3997322117671365,3.2266534777894615,-8.148708604961634
1781099241425784300,4.865784423828125,4.694037229658663,3.6659666860744355,-7.790832155391573
1781099241450860300,4.8908603515625,4.830188452118635,4.035032345917821,-7.5205182539403435
1781099241475935200,4.915935302734375,4.772060088276863,4.208742022399604,-7.462192906221747
1781099241501010400,4.941010498046875,4.934858786904812,4.376257228155434,-7.25713035236001
1781099241526086400,4.96608642578125,5.370371433863044,4.592807098454236,-6.799678260794281
1781099241551161300,4.991161376953125,5.7659267489641906,4.934755326530337,-6.210688285782933
1781099241576237600,5.016237548828125,5.891473283040523,5.178083605900406,-5.886287989357114
1781099241601312500,5.0413125,5.937385723909736,5.345874705988169,-5.686780731534958
1781099241626387500,5.066387451171875,5.994141630354523,5.41952154147923,-5.556027860987186
1781099241651463200,5.091463134765625,6.054960548454523,5.431694209831953,-5.477641137492657
1781099241676538000,5.1165380859375,6.117306237730384,5.4800289094120265,-5.358942277354002
1781099241701613300,5.14161328125,6.148171331593394,5.532534757196903,-5.268910708773136
1781099241726689300,5.166689208984375,6.16395634522438,5.51260431432426,-5.271361024534702
1781099241751764200,5.19176416015625,6.182856860527396,5.501928022009134,-5.260364998745918
1781099241776840400,5.21684033203125,6.171813488465547,5.590240511712431,-5.179608038988709
1781099241801915400,5.241915283203125,6.124050451293587,5.865287871426344,-4.925924954342841
1781099241826990300,5.266990234375,6.183448396679759,6.198796187937259,-4.417046042400599
1781099241852066300,5.29206640625,6.250483120554685,6.557177079898119,-3.755705409188568
1781099241877141200,5.317141357421875,6.371980671501159,6.771660373055934,-3.1165497197777032
1781099241902217500,5.342217529296875,6.674432755491137,6.7885343509674065,-2.3533226834096013
1781099241927292400,5.36729248046875,6.767715434822439,6.8525646323293445,-1.846828620777279
1781099241952367900,5.392367919921875,6.752855134820938,6.958247943550348,-1.46701374951303
1781099241977442800,5.41744287109375,7.000723395708203,6.8019409450292585,-0.9454211211439222
1781099242002518000,5.44251806640625,7.272577512338757,6.525857812526822,-0.832557689160481
1781099242027593700,5.46759375,7.522038010853529,6.25757980081737,-0.6573094779998063
1781099242052669000,5.4926689453125,7.624220620477199,6.146971892675757,-0.5063339766997844
1781099242077744600,5.51774462890625,7.637142061370611,6.1163984752357,-0.6588540040280669
1781099242102819800,5.54281982421875,7.697105239424109,6.030369128033518,-0.7480479527410119
1781099242127894800,5.567894775390625,7.69617175796628,6.018326808062195,-0.8479670013468712
1781099242152970800,5.592970703125,7.690728690129518,6.0123728680938475,-0.9351494641069322
1781099242178045700,5.618045654296875,7.675254057621955,6.030061084997653,-0.948253275829926
1781099242203122000,5.643121826171875,7.656570399940014,6.055937869054079,-0.9343099445428699
1781099242228196900,5.66819677734375,7.665311924800276,6.043228609606623,-0.9448767851341515
1781099242253272800,5.69327294921875,7.671130255690216,6.0332747863471505,-0.9611042087703943
1781099242278347800,5.71834765625,7.66802878254354,6.03763941129744,-0.9584436843242495
1781099242303423000,5.743423095703125,7.66551124676466,6.039013622260093,-0.9698536977414041
1781099242328499000,5.7684990234375,7.669863596755266,6.032441258132457,-0.9763465668920427
1781099242353574000,5.793573974609375,7.67513364611268,6.024447336769104,-0.9842248259864746
1781099242378649900,5.81864990234375,7.669449170735478,6.0274196305781595,-1.0100005608212201
1781099242403724800,5.843724853515625,7.652066658779979,6.043113458794355,-1.0474078428693114
1781099242428800800,5.86880078125,7.634612250632047,6.057873221030831,-1.0886853904794902
1781099242453875700,5.893875732421875,7.6228569309085605,6.066895900920033,-1.1203571976155042
1781099242478950700,5.91895068359375,7.6152826962620015,6.072264734476804,-1.142571367511153
1781099242504027000,5.94402685546875,7.59930186779797,6.087821784570813,-1.1659290083535014
1781099242529101800,5.969101806640625,7.574888142031431,6.11205372402966,-1.1975900018345564
1781099242554177800,5.994177734375,7.55629566976428,6.1316468977719545,-1.2147623781707138
1781099242579252700,6.019252685546875,7.54441643140018,6.148246734917164,-1.204664835591614
1781099242604329000,6.044328857421875,7.5344316284805535,6.16585896397531,-1.1768385979678482
1781099242629404000,6.06940380859375,7.527534270182252,6.181070561632514,-1.1405902766965328
1781099242654478800,6.094478759765625,7.518126974889635,6.198609140932559,-1.1069896934550254
1781099242679554800,6.119554931640625,7.509877032938599,6.215887023469805,-1.0653123328723013
1781099242704630000,6.144630126953125,7.507365342378616,6.22738456903994,-1.0146456101480872
1781099242729705700,6.169705810546875,7.504327582117915,6.239199509996175,-0.9632333297535777
1781099242754780700,6.19478076171875,7.489768310889601,6.262921161845326,-0.9217449889369308
1781099242779857000,6.21985693359375,7.4675705076068635,6.2945625007778405,-0.8855735322941094
1781099242804931800,6.244931884765625,7.444579508119821,6.326582025372982,-0.8502967594686895
1781099242830006800,6.2700068359375,7.419175602272152,6.359851842290163,-0.8237428068030626
1781099242855082800,6.295082763671875,7.382088857415318,6.4034799716144795,-0.8189103451453149
1781099242880158000,6.320157958984375,7.330297879901528,6.46144466932714,-0.8287767093170434
1781099242905234000,6.34523388671875,7.272147304227948,6.526089867717027,-0.8345079464454204
1781099242930308900,6.370308837890625,7.2178580801576375,6.5861909929364915,-0.833647968615219
1781099242955384600,6.395384521484375,7.169090834379196,6.639109513175487,-0.8347109947368502
1781099242980460500,6.42046044921875,7.119851294913888,6.6912880287021395,-0.8394772592905908
1781099243005535500,6.445535400390625,7.06910018184185,6.744898622858524,-0.8393665654577315
1781099243030611500,6.470611572265625,7.021050728943943,6.7960080478489395,-0.8303561605282127
1781099243055686400,6.495686279296875,6.984359705406427,6.834702227902412,-0.8221680317670106
1781099243080762600,6.5207626953125,6.978445512926578,6.839504075226187,-0.8323880316819995
1781099243105837600,6.545837646484375,7.0128417035251855,6.80225483328402,-0.8483854459546506
1781099243130912500,6.57091259765625,7.059639110535382,6.752635354590415,-0.8566293234910816
1781099243155988700,6.59598876953125,7.087666350623965,6.723810826644301,-0.8519080671228468
1781099243181063700,6.621063720703125,7.0819684312433,6.731303228226303,-0.8400310937810689
1781099243206139600,6.6461396484375,7.059693471071124,6.755224786561727,-0.8355124473128467
1781099243231214600,6.671214599609375,7.042950426062941,6.772512021449208,-0.8368673690531402
1781099243256289500,6.69628955078125,7.0395543538838625,6.776265236502885,-0.8350413957349956
1781099243281365800,6.72136572265625,7.04815617801249,6.768711460122466,-0.8236770480904728
1781099243306440700,6.746440673828125,7.058074345436692,6.7602592735975975,-0.8080104001421481
1781099243331516400,6.771516357421875,7.0612167351156465,6.759158618879318,-0.7895379009928554
1781099243356591600,6.796591552734375,7.056705979692936,6.766472156763077,-0.7669233336027711
1781099243381666600,6.82166650390625,7.0496934705823655,6.7755643947571516,-0.7509609906435012
1781099243406742500,6.846742431640625,7.0454860820204015,6.780822169154882,-0.7429578630603849
1781099243431817500,6.8718173828125,7.044078553310036,6.782791423401236,-0.738317270712927
1781099243456893700,6.896893798828125,7.043838314813375,6.783034584507345,-0.7383272806502879
1781099243481968600,6.92196875,7.0443234679818145,6.7818310539364814,-0.7447630858514458
1781099243507043600,6.947043701171875,7.04257925466299,6.782293995273113,-0.7569605233192443
1781099243532119600,6.97211962890625,7.0364522962152956,6.787276459860801,-0.7691800264883786
1781099243557194500,6.997194580078125,7.02894645062983,6.793931826096773,-0.7789804127518087
1781099243582270700,7.022270751953125,7.022668101012706,6.79958824442327,-0.7862335987504572
1781099243607345700,7.047345703125,7.016427160796523,6.80501436112523,-0.7949118491161614
1781099243632420600,7.072420654296875,7.0098670716285705,6.810752612516284,-0.8036359844502061
1781099243657496600,7.09749658203125,7.005440487357974,6.815009685438871,-0.8061023745637387
1781099243682571800,7.12257177734375,7.002477545899152,6.81848057641983,-0.8025039116803556
1781099243707647500,7.1476474609375,6.999075628501177,6.822422007521986,-0.7986505972530692
1781099243732722400,7.172722412109375,6.994551429075003,6.826919318941235,-0.7998977477699518
1781099243757797400,7.19779736328125,6.990990521723032,6.829703981223702,-0.8072269216142595
1781099243782873600,7.22287353515625,6.991113855841755,6.828600403895973,-0.815439819490537
1781099243807948500,7.247948486328125,6.995704690763354,6.82303049480915,-0.8226822648994624
1781099243833024500,7.2730244140625,7.003807333198189,6.814318196043372,-0.8258916554000229
1781099243858099700,7.298099609375,7.013098893156648,6.8042357779681675,-0.8301915445510297
1781099243883174700,7.323174560546875,7.018394661477208,6.798221047723293,-0.8347054417788982
1781099243908250600,7.348250732421875,7.017185285687447,6.799235777723789,-0.8366002425495535
1781099243933325600,7.37332568359375,7.010905767026543,6.806682586598396,-0.8286535943940282
1781099243958400500,7.398400390625,7.002410910403728,6.817479874944686,-0.8115403278339653
1781099243983476500,7.4234765625,7.0023156333357095,6.818764654058217,-0.8015200152095406
1781099244008551400,7.448551513671875,7.012984326866269,6.808789788010716,-0.7930050656467675
1781099244033627400,7.47362744140625,7.027300436988472,6.793365424385667,-0.798538588245958
1781099244058702600,7.49870263671875,7.038424473071098,6.780164582028984,-0.8126337490938603
1781099244083777500,7.523777587890625,7.042195808303355,6.7733946495026345,-0.836069496673718
1781099244108853200,7.548853271484375,7.042850472819805,6.770073396125436,-0.8571768013060093
1781099244133928400,7.573928466796875,7.037429032292962,6.772389271852374,-0.883025016855076
1781099244159004400,7.59900439453125,7.0263529270052905,6.781182234638929,-0.9034922700181602
1781099244184079400,7.624079345703125,7.017582176050543,6.787945152902603,-0.9206971603844314
1781099244209154300,7.649154296875,7.017192299950122,6.787655230045318,-0.9257968946762383
1781099244234230500,7.67423046875,7.028627301678061,6.776698367223143,-0.9193173964638263
1781099244259305500,7.699305419921875,7.04451869829297,6.760913353592157,-0.9138680450167507
1781099244284381400,7.72438134765625,7.05298725143075,6.750235307711362,-0.9273929316960274
1781099244309456400,7.749456298828125,7.048010047540068,6.750394297665357,-0.9633982379917054
1781099244334531600,7.774531494140625,7.02877986189127,6.7638605129599565,-1.0083896915584802
1781099244359607600,7.799607666015625,6.995800552353263,6.789811531296372,-1.0618695720072835
1781099244384682500,7.8246826171875,6.954761855000257,6.81902125916779,-1.1413053661633281
1781099244409757400,7.84975732421875,6.922681540128588,6.8363692843317985,-1.2291769071660936
1781099244434833400,7.87483349609375,6.895749694061279,6.8547460680216545,-1.2772886116452515
1781099244459908600,7.89990869140625,6.861551656383275,6.886355258250236,-1.2913638987489044
1781099244484984300,7.924984375,6.831062994617223,6.9125786637872455,-1.3127230592504142
1781099244510059300,7.950059326171875,6.80607819096446,6.933444341683387,-1.3323159407317637
1781099244535134500,7.975134521484375,6.794750156742334,6.944177332621813,-1.3342333186604083
1781099244560210400,8.00021044921875,6.796459883269668,6.943892085939646,-1.3269875853158533
1781099244585285400,8.025285400390626,6.799073865160346,6.941584393519163,-1.3256585286691784
1781099244610361600,8.050361572265626,6.801485017955303,6.935995779731869,-1.3424486276894807
1781099244635436500,8.0754365234375,6.807435450792312,6.9284303129136555,-1.3513055956229567
1781099244660511500,8.100511474609375,6.8105404310703275,6.926106838402152,-1.3475829218380153
1781099244685587500,8.12558740234375,6.808682820504903,6.928391734468937,-1.3452140007495879
1781099244710662400,8.150662353515624,6.804625654068589,6.934547334489226,-1.3339914727285505
1781099244735737600,8.175737548828126,6.803015880784392,6.940813409146666,-1.3093801785632968
1781099244760813600,8.2008134765625,6.801538793969154,6.948217547923326,-1.277383011930436
1781099244785888500,8.225888427734375,6.79826430234313,6.955360989937186,-1.2557483954884112
1781099244810964200,8.250964111328125,6.787225606456398,6.966473335582018,-1.2538785099633036
1781099244836039400,8.276039306640625,6.772517866668105,6.976397348225117,-1.2779837543025612
1781099244861114600,8.301114501953125,6.768235659304261,6.974960593420267,-1.3081547284215689
1781099244886190300,8.3261904296875,6.765114896935224,6.974592344629764,-1.3261426589243113
1781099244911265300,8.351265380859376,6.754822050979733,6.982301019310951,-1.338018097896129
1781099244936341500,8.376341552734376,6.749725604623555,6.98345895717442,-1.3575263698339461
1781099244961416700,8.401416748046875,6.758160255491733,6.972974388039112,-1.3694038546323775
1781099244986491600,8.42649169921875,6.770950763481855,6.961519512566924,-1.36450351537019
1781099245011567600,8.451567626953125,6.774054574716091,6.959566040411591,-1.3590331211350857
1781099245036642600,8.476642578125,6.77071695472598,6.961876070919632,-1.3638450514614582
1781099245061717500,8.501717529296876,6.769091399350762,6.961979531294107,-1.3713561577439308
1781099245086793700,8.526793701171876,6.768800307449698,6.9592650116384025,-1.3865132487349212
1781099245111868700,8.55186865234375,6.765117235022783,6.957545348238945,-1.412859549999237
1781099245136944600,8.576944580078125,6.766417796227335,6.950647989940643,-1.4403103053741155
1781099245162019800,8.602019775390625,6.772663412618637,6.9422788055241105,-1.4512620536297558
1781099245187094800,8.6270947265625,6.780363319471478,6.936309083464741,-1.4438630294196306
1781099245212170500,8.65217041015625,6.79449588972032,6.922858065739273,-1.4419742930635808
1781099245237245400,8.677245361328126,6.815070475715398,6.9014692407518625,-1.447388427066803
1781099245262320600,8.702320556640625,6.831606015452742,6.886629983538389,-1.4400965164929627
1781099245287396600,8.727396728515625,6.838169611752033,6.880983502084017,-1.4359217150263488
1781099245312471600,8.752471435546875,6.830925631973147,6.885531666907668,-1.4485318980135022
1781099245337547500,8.777547607421875,6.8232695642620325,6.887972630318999,-1.4728186363995075
1781099245362622700,8.802622802734374,6.820948427838086,6.884354439821839,-1.5002508332043885
1781099245387697700,8.82769775390625,6.817947492456436,6.879879340234399,-1.534028891904652
1781099245412773600,8.852773681640626,6.806932177445292,6.888006532588601,-1.5464356612741945
1781099245437848600,8.8778486328125,6.781996473631263,6.9103107188552615,-1.5564401918075979
1781099245462923500,8.902923583984375,6.758510968625545,6.9288149283170695,-1.5762034614197908
1781099245487999700,8.927999755859375,6.760644473522901,6.927724210470914,-1.5718313838154077
1781099245513074700,8.95307470703125,6.79139967727065,6.906112098121643,-1.533909649439156
1781099245538150700,8.978150634765624,6.819476601719856,6.88534111277163,-1.5024102031953632
1781099245563225600,9.0032255859375,6.835088596871495,6.872106952667236,-1.492006736472249
1781099245588300800,9.02830078125,6.845969471848011,6.864425165992975,-1.4774245227597653
1781099245613376500,9.05337646484375,6.86027447605431,6.858680484861135,-1.4372000643990932
1781099245638451500,9.078451416015625,6.872512026336789,6.855157571431994,-1.3949145818553863
1781099245663526700,9.103526611328125,6.876765592128038,6.854575972151756,-1.376677498897165
1781099245688602600,9.1286025390625,6.88062285207808,6.851940947473048,-1.3705157613970338
1781099245713677600,9.153677490234376,6.886705971384048,6.848440245875715,-1.357399820844829
1781099245738753500,9.17875341796875,6.888447846615314,6.847953923663496,-1.35101011980772
1781099245763828500,9.203828369140625,6.886588482484221,6.847318548369407,-1.3636397381477057
1781099245788903700,9.228903564453125,6.884338073208927,6.844975784635543,-1.3865699473582207
1781099245813979600,9.253979736328125,6.878526756581664,6.845216607654094,-1.4139476374968885
1781099245839054600,9.2790546875,6.862538913854956,6.856105665937066,-1.4386794893018902
1781099245864130800,9.304130859375,6.82696608069241,6.886939780139922,-1.4604685656532643
1781099245889205800,9.329205810546876,6.793442581275105,6.91717592844963,-1.47384403392449
1781099245914280700,9.35428076171875,6.783728996512293,6.921953225854039,-1.4959917144551873
1781099245939356700,9.379356689453125,6.784535636720061,6.915168095758557,-1.5234572290077804
1781099245964432000,9.404431884765625,6.777256001105904,6.913813174018263,-1.5615378072075545
1781099245989506800,9.4295068359375,6.761278095251321,6.921360520657896,-1.596958226287365
1781099246014582500,9.45458251953125,6.751679661300778,6.926172304853797,-1.6165886633001267
1781099246039657500,9.479657470703126,6.748228059542178,6.926140156149864,-1.6310646401591598
1781099246064733700,9.504733642578126,6.746835728400946,6.92215605494976,-1.6535912370048462
1781099246089808600,9.52980859375,6.744428082737326,6.921760333630442,-1.665029745864123
1781099246114883600,9.554883544921875,6.74522361702919,6.9236103454113005,-1.6540600235603748
1781099246139959800,9.579959716796875,6.752409729140997,6.922246071320772,-1.6302962861351669
1781099246165034800,9.60503466796875,6.7589756635278455,6.9199658514291045,-1.6126792347714305
1781099246190109700,9.630109619140624,6.760033063626289,6.919709246319532,-1.6093316779091953
1781099246215185700,9.655185546875,6.75756930386126,6.921174642696976,-1.6133727699935436
1781099246240260600,9.680260498046875,6.757291655963659,6.9214429382443425,-1.613400973174721
1781099246265336800,9.7053369140625,6.764147513207793,6.915433468696475,-1.610421518972516
1781099246290411800,9.730411865234375,6.773054457762837,6.905297859129309,-1.6164894407093524
1781099246315486700,9.75548681640625,6.778031661653518,6.895702932310104,-1.6364469177193939
1781099246340563000,9.78056298828125,6.785124250262975,6.882273541894555,-1.6633762795686722
1781099246365638000,9.805637939453124,6.79382427406907,6.86732497908771,-1.689431488931924
1781099246390712800,9.830712890625,6.7981397991806265,6.855584272411465,-1.719484828020632
1781099246415788500,9.85578857421875,6.796328365844488,6.848196500247717,-1.7557086724378168
1781099246440863500,9.880863525390625,6.797789670568704,6.837896640029549,-1.7898505960144102
1781099246465939700,9.905939697265625,6.800031312015652,6.827067787501216,-1.8224001358330248
1781099246491014700,9.9310146484375,6.803417447322607,6.816046627271175,-1.850788172058016
1781099246516089600,9.956089599609374,6.812884363847971,6.7987459483802315,-1.8793772838130591
1781099246541165600,9.98116552734375,6.823299959400296,6.778916627794504,-1.9129300093248485
1781099246566240800,10.00624072265625,6.838814339396357,6.752626002240181,-1.9501438876926898
1781099246591316700,10.031316650390625,6.860646816498041,6.720173931446671,-1.9852331751219927
1781099246616391700,10.0563916015625,6.87946608325839,6.688586368528008,-2.0263564820185302
1781099246641466600,10.081466552734375,6.892487477394938,6.660277388888597,-2.0747873354494573
1781099246666542800,10.10654296875,6.907078312805295,6.629015404662489,-2.125750045445561
1781099246691617800,10.13161767578125,6.923384719961882,6.591629384598136,-2.1880448813170195
1781099246716693800,10.15669384765625,6.936358767825364,6.55141135597825,-2.2663412961795926
1781099246741768700,10.181768798828125,6.948348480826616,6.511334781655669,-2.343790446563065
1781099246766844000,10.206843994140625,6.970919209074974,6.461846235865354,-2.412709669010341
1781099246791919600,10.231919677734375,7.0024635173737995,6.399528019118309,-2.486354750935733
1781099246816994600,10.25699462890625,7.041712408700585,6.324625046086311,-2.5658997045546768
1781099246842070800,10.28207080078125,7.088277760520577,6.2386880533427,-2.6467861359104514
1781099246867145700,10.307145751953126,7.146223753532767,6.134001936465501,-2.7342116136461496
1781099246892220700,10.332220703125,7.228103579840064,5.98931640215516,-2.8377812937140465
1781099246917296600,10.357296630859375,7.331622406503557,5.798736547154188,-2.9651944984450935
1781099246942371600,10.38237158203125,7.452927649748325,5.563122787684202,-3.1106077625080943
1781099246967445800,10.40744580078125,7.600116106790304,5.2714457802087065,-3.2589106105327605
1781099246992522000,10.43252197265625,7.766580342188477,4.922988900890946,-3.4080437719017267
1781099247017597000,10.457596923828126,7.94796508334279,4.5370697214022275,-3.5235245467767116
1781099247042673000,10.4826728515625,8.146422539851068,4.129928013403713,-3.5706951710134742
1781099247067748000,10.507748046875,8.35382844196856,3.7178298520416018,-3.5442411715909836
1781099247092823000,10.532822998046875,8.529173318436742,3.3124031312674282,-3.5286814911484714
1781099247117899000,10.55789892578125,8.668404678994417,2.9305709288313984,-3.52716494910568
1781099247142974000,10.582973876953124,8.757681045293808,2.6103321359992027,-3.5580215674012896
1781099247168050200,10.60805029296875,8.798683502289652,2.3718435517452656,-3.6232483650714156
1781099247193125000,10.633125,8.813665967366099,2.210683414104581,-3.6881656584009526
1781099247218200000,10.658199951171875,8.812679294416307,2.1187105021975934,-3.7440795610636473
1781099247243275800,10.68327587890625,8.799314785930514,2.0836776211306454,-3.794832135440409
1781099247268351000,10.70835107421875,8.782090094885229,2.0977768736317755,-3.8268291559427974
1781099247293427000,10.733427001953125,8.758105992707609,2.1522090133041143,-3.8514913035124536
1781099247318502000,10.758501953125,8.726142582213878,2.2396559722192584,-3.8741193149060007
1781099247343576800,10.783576904296876,8.683060396334529,2.3580932588122785,-3.9005391197979447
1781099247368653000,10.808653076171876,8.64068665098548,2.451614715335518,-3.936818639925122
1781099247393728000,10.83372802734375,8.637037480828166,2.428859278170019,-3.958861544907093
1781099247418804000,10.858803955078125,8.655724061119557,2.3651702114611863,-3.9566187344163652
1781099247443879000,10.88387890625,8.685309052044152,2.3494756525926292,-3.900740487588942
1781099247468953900,10.908953857421874,8.695756211778521,2.360362957309931,-3.8707758496969937
1781099247494030000,10.934030029296874,8.687733064320684,2.3868545122638345,-3.8725434438914057
1781099247519105000,10.95910498046875,8.678177300468088,2.4155856628380716,-3.8761525742992755
1781099247544181000,10.984180908203125,8.675237155362963,2.4381831329628825,-3.868580093218386
1781099247569256200,11.009256103515625,8.675086933237314,2.448988750746101,-3.8620910234600303
1781099247594331100,11.0343310546875,8.679571969696878,2.463950903686881,-3.842441735616326
1781099247619406800,11.05940673828125,8.683254457601905,2.490058866150677,-3.8172076333776115
1781099247644481800,11.084481689453124,8.681427826696634,2.5134660452231765,-3.80601023979783
1781099247669558000,11.10955810546875,8.678031169995664,2.526865332761407,-3.8048803589850664
1781099247694633000,11.134633056640626,8.682546601593494,2.530242115718126,-3.7923163532271977
1781099247719708000,11.1597080078125,8.69130040141344,2.5402795256078243,-3.7654610795274372
1781099247744784000,11.184783935546875,8.693665376979112,2.5679028610706327,-3.7411768253594633
1781099247769859000,11.209859130859375,8.687222776710987,2.624833539560437,-3.7165494568422432
1781099247794935000,11.23493505859375,8.688070333451032,2.698634396569431,-3.661305124004185
1781099247820010000,11.260010009765624,8.693190160682796,2.769742945754528,-3.5954654551327225
1781099247845086000,11.2850859375,8.69426626548171,2.8367569191023705,-3.5401866355031726
1781099247870161200,11.3101611328125,8.687827756866811,2.9111668479204176,-3.4952994460284708
1781099247895236000,11.335236083984375,8.683549641156196,2.9655601168870924,-3.4600253035515545
1781099247920311800,11.360311767578125,8.68885768443644,2.97242766456902,-3.4407539091095325
1781099247945387000,11.385386962890625,8.70950358210206,2.94573050404042,-3.4113971739828584
1781099247970463700,11.410463623046875,8.71791309852898,2.929077475403249,-3.404244379618764
1781099247995539000,11.4355390625,8.71144127216637,2.9333649434641003,-3.4171021076261994
1781099248020614000,11.46061376953125,8.690196239563821,2.929366521477699,-3.4741520285815
1781099248045689900,11.48568994140625,8.679577230393885,2.9030247502580284,-3.5224677312001584
1781099248070764800,11.510764892578125,8.686839914873241,2.8612855034202336,-3.5386832452028987
1781099248095841000,11.535841064453125,8.6942271025151,2.8304385297358032,-3.5453397804826494
1781099248120916000,11.560916015625,8.695707696461676,2.8189035747647284,-3.550897999131679
1781099248145991000,11.585990966796874,8.69642782742977,2.8168095250949263,-3.550788693538308
1781099248171067000,11.61106689453125,8.702108795675635,2.8024574668765068,-3.548228487661481
1781099248196141800,11.636141845703126,8.70787861124873,2.7890283687219024,-3.544650629174709
1781099248221217800,11.6612177734375,8.711933439597487,2.7935727341532703,-3.5310797844618556
1781099248246292700,11.686292724609375,8.71631033950746,2.8005948878750204,-3.514683653195202
1781099248271368700,11.71136865234375,8.720072906911373,2.7821082140699027,-3.520025306484103
1781099248296444000,11.73644384765625,8.72602918496728,2.733190746165812,-3.5435122727945445
1781099248321518800,11.761518798828124,8.730305547112225,2.6676126508399842,-3.582739244550466
1781099248346594800,11.7865947265625,8.725044850105046,2.5924203394725915,-3.6501164982527494
1781099248371669800,11.811669677734375,8.716742885705829,2.5001217027425766,-3.7333831027433275
1781099248396746000,11.83674609375,8.719635100015998,2.4152166833952067,-3.7822012019261715
1781099248421821000,11.861821044921875,8.717440804842115,2.3661736894153056,-3.8180896769091484
1781099248446895900,11.886895751953125,8.702407486361265,2.373099104764312,-3.8479689746052026
1781099248471971800,11.911971923828125,8.678234583613277,2.4406378326386213,-3.860297125780582
1781099248497047000,11.937047119140624,8.6762097997874,2.495038992650807,-3.8299458266586064
1781099248522122800,11.962122802734376,8.691177067294717,2.5142697628214954,-3.7831513422578573
1781099248547197700,11.98719775390625,8.703990371638536,2.503731125411391,-3.760622115063667
1781099248572273700,12.012273681640625,8.705649829283356,2.5001848311066626,-3.7591330455496905
1781099248597348900,12.037348876953125,8.69592630764842,2.522195002862811,-3.7669329056456684
1781099248622423800,12.062423828125,8.68410142982006,2.5643694262474774,-3.765743403600156
1781099248647499800,12.087499755859374,8.673232245281339,2.602981773236394,-3.764288528616726
1781099248672574700,12.11257470703125,8.666939282616973,2.606520761017501,-3.776323542064428
1781099248697651000,12.13765087890625,8.66073575180173,2.588939511619508,-3.802558930300176
1781099248722726000,12.162725830078125,8.659120717820525,2.570788061118126,-3.818511993974447
1781099248747801900,12.1878017578125,8.662993759861587,2.563769706788659,-3.8144454751878976
1781099248772876800,12.212876708984375,8.666433671182393,2.5667420005977153,-3.8046184931784865
1781099248797952000,12.237951904296875,8.666728270214795,2.5721312924206257,-3.8003009222403166
1781099248823028000,12.263028076171874,8.66628870975375,2.57180629824996,-3.801538062819838
1781099248848103000,12.28810302734375,8.663555485397577,2.5714763356432315,-3.8079847547411916
1781099248873178600,12.3131787109375,8.65756296698451,2.5724299831062556,-3.8209500347763297
1781099248898253800,12.33825390625,8.656514334714412,2.568464002084732,-3.8259830605074763
1781099248923329800,12.363329833984375,8.660943841594458,2.55721224796921,-3.8234976734325286
1781099248948404000,12.388404052734375,8.669580737036465,2.5428879545405505,-3.8134535415410995
1781099248973479000,12.41347900390625,8.679284384927152,2.5330489898324013,-3.797905843797326
1781099248998555100,12.43855517578125,8.680280994749069,2.5376193664878604,-3.7925703279882668
1781099249023630000,12.463630126953126,8.685959040385484,2.5365438462108374,-3.7802763713434335
1781099249048706000,12.4887060546875,8.692668182635307,2.5186072075039148,-3.776837921327352
1781099249073781000,12.513781005859375,8.697599209296703,2.499240535993874,-3.7783582627624273
1781099249098857200,12.538857177734375,8.700021468007565,2.494352763952315,-3.776004685373604
1781099249123932200,12.56393212890625,8.70062527911961,2.496706049080193,-3.773060740876198
1781099249149007000,12.589007080078124,8.708058643990755,2.4855171310678124,-3.763285489054024
1781099249174083000,12.6140830078125,8.716532457825542,2.4680247289970514,-3.755176709139347
1781099249199158300,12.639158203125,8.718720907780527,2.464711951187253,-3.7522643288239834
1781099249224234000,12.66423388671875,8.717040991869569,2.4607512308627366,-3.758760412845015
1781099249249309200,12.68930908203125,8.721397433513403,2.4410602958343923,-3.7614942217230793
1781099249274385000,12.714385009765625,8.732541343340277,2.422492227356136,-3.747621471454203
1781099249299460000,12.739460205078124,8.737809639132022,2.423810616478324,-3.7344624224126335
1781099249324536000,12.7645361328125,8.735572089338302,2.42056812742576,-3.741787942995131
1781099249349611000,12.789611083984376,8.72421716710925,2.42450312878713,-3.765663031840324
1781099249374686000,12.81468603515625,8.719921515741945,2.427285306851566,-3.7738124360263345
1781099249399762200,12.83976220703125,8.723572439464926,2.4239304434657094,-3.767519473361969
1781099249424837000,12.864837158203125,8.72563813982308,2.426392888056487,-3.761153737722337
1781099249449913000,12.8899130859375,8.728215296834707,2.428991233986616,-3.7534859795734286
1781099249474988000,12.914988037109374,8.727288829639553,2.4251608620434997,-3.758111885808408
1781099249500064300,12.940064208984374,8.71877117666304,2.430598669183254,-3.774344643206894
1781099249525139200,12.96513916015625,8.70901901345551,2.4425416204333303,-3.7891149268373843
1781099249550214100,12.990214111328125,8.704930282837152,2.460207625505328,-3.7870766990080473
1781099249575290000,13.0152900390625,8.712838864004611,2.4560519671306014,-3.7715520898789165
1781099249600365000,13.040364990234375,8.728624462157487,2.437806262474507,-3.7468069402009245
1781099249625441000,13.06544091796875,8.735646323618292,2.437540158884227,-3.7305870422840117
1781099249650516000,13.090515869140624,8.726197527271509,2.4596260262250897,-3.738198978592455
1781099249675592200,13.11559228515625,8.71812060379982,2.464092942506075,-3.754066702070832
1781099249700667100,13.140667236328126,8.71546979703009,2.4542528087541458,-3.766651750616729
1781099249725743000,13.1657431640625,8.718751302918792,2.4419864707686005,-3.767030520801246
1781099249750818000,13.190818115234375,8.719737975868583,2.429731530959904,-3.772657420772314
1781099249775893000,13.21589306640625,8.71050954427421,2.422644056916982,-3.798445065240562
1781099249800969200,13.24096923828125,8.703917890924215,2.420255992736667,-3.8150437333419918
1781099249826044200,13.266044189453124,8.699532807707786,2.4263443727396425,-3.8211779983133076
1781099249851119900,13.291119873046876,8.698510478922724,2.430093642270565,-3.821121299690008
1781099249876195000,13.316195068359375,8.705869609513877,2.4297015742130577,-3.804576407602429
1781099249901271000,13.34127099609375,8.717437297710775,2.4213506561055778,-3.7833524177879094
1781099249926346000,13.366345947265625,8.71990865626037,2.426430443587899,-3.774389943653345
1781099249951422500,13.39142236328125,8.712197643491626,2.4420969454057513,-3.7820819594606756
1781099249976497400,13.416497314453125,8.702052097052336,2.455567398484051,-3.7966923763543363
1781099250001572600,13.441572509765624,8.695513050672412,2.4588661477684974,-3.8095255544424056
1781099250026648600,13.466648681640624,8.687687471613287,2.477516487702727,-3.815281633751094
1781099250051723500,13.4917236328125,8.676911810576915,2.5061808566510675,-3.821074537938833
1781099250076799500,13.516799560546875,8.671286371910572,2.524483406060934,-3.821805774822831
1781099250101874700,13.541874755859375,8.671685600361227,2.5249378718301654,-3.8205905538141725
1781099250126950400,13.566950439453125,8.670591959905623,2.524984925842285,-3.8230478838384148
1781099250152025300,13.592025390625,8.663217047223448,2.5433620017930862,-3.8275823123976584
1781099250177101600,13.6171015625,8.657078982859849,2.5611644927263257,-3.829597451612353
1781099250202176500,13.642176513671876,8.661315012994407,2.572228907576203,-3.8125636069640514
1781099250227251500,13.66725146484375,8.663497617730497,2.593231655855477,-3.793323192182183
1781099250252327400,13.692327392578125,8.659012581270932,2.634007026097178,-3.775433899748325
1781099250277402400,13.71740234375,8.653246272829174,2.681156899806857,-3.7554149018093943
1781099250302478600,13.742478515625,8.643255040168762,2.738097515168786,-3.7373011529698967
1781099250327553500,13.767553466796874,8.637477041289209,2.791758962729573,-3.7108611820727586
1781099250352629500,13.79262939453125,8.63197610578537,2.83470583179146,-3.691038875749707
1781099250377704400,13.817704345703126,8.63639392222762,2.8477634662851687,-3.670607789878547
1781099250402780400,13.842780517578126,8.648157425257564,2.8426152897417545,-3.6468142418369647
1781099250427855600,13.867855712890625,8.655165258193016,2.8378812469571826,-3.6338548070207235
1781099250452931300,13.892931396484375,8.658398833286762,2.836414097014069,-3.6272996862888336
1781099250478006500,13.918006591796875,8.652912510830163,2.8369062644451857,-3.639984688077867
1781099250503081500,13.94308154296875,8.64046219457984,2.832433210684359,-3.6728888865530487
1781099250528157400,13.968157470703124,8.616397428381443,2.835881597572565,-3.7263743930250404
1781099250553232400,13.993232421875,8.599456230452656,2.84219443398118,-3.7605446659132835
1781099250578308600,14.01830859375,8.595173438566922,2.8366169261097904,-3.7745115242063996
1781099250603383600,14.043383544921875,8.59637229296267,2.823269953280687,-3.7817891139939426
1781099250628459500,14.06845947265625,8.589128897705674,2.824186483603716,-3.797523274220526
1781099250653534500,14.093534423828125,8.575853821069002,2.8316397222191094,-3.8218992983251807
1781099250678610700,14.118610595703124,8.568367849227785,2.827694199463725,-3.8415681676521896
1781099250703685600,14.143685546875,8.563451435613631,2.8292148331597446,-3.851398072271049
1781099250728761300,14.16876123046875,8.56181477432251,2.8330662478908897,-3.8522006208255886
1781099250753836300,14.193836181640625,8.553968152475356,2.833350617790222,-3.8693890715137123
1781099250778912500,14.21891259765625,8.534847856941818,2.8210575379282234,-3.9202562121808526
1781099250803987500,14.243987548828125,8.517030460700392,2.786986341500282,-3.9828804261371493
1781099250829062400,14.2690625,8.51145996709168,2.728916137586534,-4.034652698950469
1781099250854138600,14.294138671875,8.512718442720175,2.6882296146720646,-4.059235643804073
1781099250879213600,14.319213623046876,8.5087723354429,2.694183554640412,-4.0635695813551544
1781099250904289500,14.34428955078125,8.506910048702359,2.731556715223193,-4.042462203657627
1781099250929364500,14.369364501953125,8.496883160206675,2.776844594453275,-4.032681106616557
1781099250954440400,14.3944404296875,8.483359661766887,2.807798243382573,-4.039711735905707
1781099250979515600,14.419515625,8.467124566280841,2.821440984287858,-4.064194727516174
1781099251004591400,14.44459130859375,8.457260174870491,2.8156729222804304,-4.0886540459901095
1781099251029666300,14.469666259765624,8.452568802183865,2.818786962647736,-4.096211621762812
1781099251054742500,14.494742431640624,8.458913202774525,2.8275948307424783,-4.07699692594409
1781099251079817500,14.5198173828125,8.463556644666195,2.8283061938822267,-4.066847287851572
1781099251104893400,14.5448935546875,8.456839319109916,2.8205741383254526,-4.086155507172644
1781099251129968400,14.569968505859375,8.43892898388803,2.8181854896232483,-4.124649780739843
1781099251155043300,14.595043212890625,8.419722179114817,2.832117568863928,-4.154247046624124
1781099251180119600,14.62011962890625,8.405856735369563,2.8469325684189797,-4.172167318718135
1781099251205194500,14.645194580078124,8.403072073087095,2.840178417983651,-4.182360503691434
1781099251230270500,14.6702705078125,8.405382688117026,2.845174911096692,-4.174310175965726
1781099251255345400,14.695345458984375,8.39834679813087,2.8754467152416705,-4.16772933627069
1781099251280421400,14.72042138671875,8.395224866718053,2.8820304775461554,-4.16947325732857
1781099251305496600,14.74549658203125,8.392036299809813,2.8821050040870904,-4.175834316793084
1781099251330572300,14.770572265625,8.385954934069513,2.902224832051992,-4.174119329568743
1781099251355647500,14.7956474609375,8.37014595504105,2.9279841272085902,-4.187838058319688
1781099251380723500,14.820723388671874,8.352253155475854,2.9405063396513462,-4.214690117149055
1781099251405798400,14.84579833984375,8.344055235973,2.9442136697366834,-4.228324090225994
1781099251430874400,14.870874267578126,8.337401623302698,2.9443107003703712,-4.241359805148839
1781099251455949600,14.895949462890625,8.3305720695436,2.941640604378283,-4.256611734816432
1781099251481025500,14.921025634765625,8.327191779455543,2.9349723786607385,-4.267807082569599
1781099251506100500,14.9461005859375,8.324423483785987,2.929142649593949,-4.277202979685366
1781099251531176400,14.971176513671875,8.3216569416821,2.9301790069043636,-4.281872432801127
1781099251556251600,14.996251708984374,8.309733279654383,2.941635051420331,-4.297154757606983
1781099251581326600,15.02132666015625,8.306649342164397,2.931832327069342,-4.309797089298069
1781099251606402300,15.04640234375,8.304920326414704,2.9066072849199176,-4.33016183193475
1781099251631477200,15.071477294921875,8.304411792370676,2.905798891146481,-4.331685680501162
1781099251656553500,15.096553466796875,8.3025232021451,2.904006747032702,-4.336506817047297
1781099251681628400,15.12162841796875,8.295959605845809,2.8891458625093103,-4.358936967781186
1781099251706704400,15.146704345703125,8.280776649761199,2.8962808289557693,-4.382995304238796
1781099251731779600,15.171779541015624,8.275188035973907,2.90318958543092,-4.388981685172021
1781099251756855600,15.19685546875,8.276818852046132,2.874388146099448,-4.40483625690788
1781099251781930500,15.221930419921875,8.277745319241285,2.8633728310883044,-4.41026412717551
1781099251807006500,15.24700634765625,8.268647820550203,2.886449170771241,-4.4122842348262665
1781099251832081700,15.27208154296875,8.241875548958777,2.9163129786372184,-4.442627642902732
1781099251857157400,15.297157470703125,8.22700881921649,2.9212793688729404,-4.466863089492917
1781099251882232300,15.322232421875,8.226462291249632,2.918780830055475,-4.469496360605955
1781099251907308500,15.34730859375,8.22484550370276,2.9291879500404,-4.4656630660533905
1781099251932383500,15.372383544921876,8.214518170955778,2.945855007202923,-4.473699072992801
1781099251957459700,15.397459716796876,8.197216323021054,2.958708935818076,-4.4968996235772964
1781099251982534700,15.42253466796875,8.174779450285435,2.974175092758238,-4.527434462572634
1781099252007610600,15.447610595703125,8.160487305560707,2.983286327713728,-4.547179612006246
1781099252032685600,15.472685546875,8.148841291430593,2.978705429664254,-4.571001509359479
1781099252057761800,15.49776171875,8.133858241832256,2.9713094741940496,-4.60239705683738
1781099252082836700,15.522836669921874,8.115285643309354,2.9754797456160187,-4.632390336301922
1781099252107912400,15.547912353515626,8.099710473036765,2.9680764836221933,-4.664290033909678
1781099252132987600,15.572987548828126,8.084919146618246,2.962565318985283,-4.6933597687885165
1781099252158062600,15.5980625,8.06516347579062,2.9732734677433967,-4.720506134389341
1781099252183138600,15.623138671875,8.04211227054894,2.975264057038724,-4.758431083635986
1781099252208213500,15.648213623046875,8.028378344228864,2.9637329014599323,-4.788713409174979
1781099252233289700,15.673289794921875,8.010788327002524,2.977194732840359,-4.809777532252669
1781099252258364700,15.69836474609375,7.98698075043559,3.0070065182581542,-4.830783203141391
1781099252283440600,15.723440673828126,7.964237003707885,3.0199025324493647,-4.860202774371206
1781099252308515600,15.748515625,7.933722038456797,3.047136284072697,-4.892997374992072
1781099252333591800,15.773591796875,7.924855425912141,3.0667902480915186,-4.895084702660143
1781099252358666800,15.798666748046875,7.919968238392472,3.064435501658916,-4.904456634378433
1781099252383742500,15.823742431640625,7.910598352500796,3.0686256468251347,-4.916945529073477
1781099252408817400,15.8488173828125,7.89002025937438,3.1101541735216975,-4.923910691910982
1781099252433893600,15.8738935546875,7.858553692486882,3.1396362885937092,-4.955422266983986
1781099252458968600,15.898968505859376,7.844493602952361,3.126820061640441,-4.9857133603513235
1781099252484044500,15.92404443359375,7.847986705765128,3.1108702128365633,-4.9901843682855365
1781099252509119500,15.949119384765625,7.85160080460906,3.1151015667960045,-4.981857853966951
1781099252534195700,15.97419580078125,7.84563342063725,3.1163144497171045,-4.990492995843291
1781099252559270700,15.999270751953125,7.847532532256841,3.0986057745471594,-4.998530171826482
1781099252584346600,16.0243466796875,7.854052873936295,3.0798069660529492,-4.999903798267245
1781099252609421800,16.049421875,7.858460753506422,3.074952219498157,-4.995965289774537
1781099252634497500,16.07449755859375,7.852553575289249,3.077668492719531,-5.003572842168808
1781099252659572500,16.099572509765625,7.8472613141000265,3.0752801362782716,-5.013333188682794
1781099252684648400,16.1246484375,7.8499290720045565,3.0656667970195413,-5.015049929472804
1781099252709723600,16.1497236328125,7.859394234964251,3.0525308365926143,-5.008233235195279
1781099252734799600,16.174799560546877,7.863589348566531,3.045506344783306,-5.0059196975559
1781099252759874600,16.19987451171875,7.862283526664972,3.0509736702784895,-5.004639594617486
1781099252784950800,16.22495068359375,7.85182292292714,3.062848232467472,-5.013807820457219
1781099252810025700,16.250025634765624,7.839372022154927,3.0837749929010867,-5.020457925996184
1781099252835101700,16.275101806640624,7.837236179170012,3.087173987689614,-5.0216976969242095
1781099252860176600,16.3001767578125,7.840524699321389,3.0748218711167574,-5.024140998423099
1781099252885252600,16.325252685546875,7.848002487856149,3.0635446902990338,-5.019360778409243
1781099252910327600,16.35032763671875,7.84069128805995,3.065802990619838,-5.029389420470595
1781099252935403500,16.375403564453126,7.813284225696325,3.088687022601068,-5.057961434960365
1781099252960478200,16.400478271484374,7.796110972577333,3.1000498358756303,-5.077467514941096
1781099252985554200,16.42555419921875,7.783454320099949,3.0920035998031494,-5.101740370932221
1781099253010629000,16.450629150390625,7.791606062373519,3.073919661580026,-5.100226459237933
1781099253035705300,16.475705322265625,7.787846417579054,3.0804224676027894,-5.102046660402417
1781099253060780300,16.5007802734375,7.770810527104139,3.1039380754858255,-5.113755218374729
1781099253085856300,16.525856201171877,7.7651266362488265,3.1045085688501595,-5.12203380189836
1781099253110931200,16.55093115234375,7.764939004722237,3.086977880595624,-5.132901817393303
1781099253136006100,16.576006103515624,7.767478752332925,3.074920947577059,-5.136289121744037
1781099253161082400,16.601082275390624,7.760951396390795,3.079300477835536,-5.14353719317615
1781099253186157300,16.6261572265625,7.749654341828823,3.078059537863731,-5.1612727563530205
1781099253211233000,16.65123291015625,7.7321601861923925,3.086751378363371,-5.182285149243474
1781099253236308200,16.67630810546875,7.707391655638814,3.1008813182637094,-5.2106689476847645
1781099253261384200,16.70138427734375,7.699441573417186,3.1070006779268384,-5.218769836553931
1781099253286459100,16.726459228515626,7.713437950065732,3.097377401795983,-5.203797308349609
1781099253311535000,16.75153515625,7.726707181483507,3.1004300673648713,-5.182247739842534
1781099253336610300,16.7766103515625,7.729657263460755,3.1042978487089274,-5.175532167851925
1781099253361686300,16.801686279296874,7.729159835332632,3.0952006422787903,-5.1817164094448085
1781099253386761200,16.82676123046875,7.723013587662577,3.0968402261793613,-5.189902053987979
1781099253411837200,16.851837158203125,7.724664277479052,3.0932427862092853,-5.1895887502551075
1781099253436912400,16.876912353515625,7.699909190928936,3.1056516014054414,-5.2188838183224195
1781099253461988000,16.901988037109376,7.6978171870857475,3.104720458035171,-5.22251954447627
1781099253487063300,16.927063232421876,7.698098342114687,3.1014602871954438,-5.224045146608352
1781099253512139300,16.95213916015625,7.720684852454066,3.076896339303255,-5.205204252538085
1781099253537214200,16.977214111328124,7.735182164362072,3.0739222919285294,-5.185395390218496
1781099253562290200,17.002290283203124,7.720254059821367,3.083024759055674,-5.202215007594227
1781099253587365000,17.027365234375,7.719761892390251,3.078721801164746,-5.205489499220252
1781099253612441300,17.05244140625,7.707692684412002,3.072927727933228,-5.226757912698388
1781099253637516300,17.077516357421874,7.708957589781284,3.077485245107114,-5.222212085962295
1781099253662592300,17.10259228515625,7.7081854363650075,3.087836250990629,-5.217236635637283
1781099253687667200,17.127667236328126,7.711888382536173,3.0910040673717853,-5.209881596699357
1781099253712743200,17.1527431640625,7.727649430769682,3.1033745963841675,-5.179076708590984
1781099253737818400,17.177818359375,7.735494883573055,3.135015058533847,-5.148223889687657
1781099253762894000,17.20289404296875,7.756381019735336,3.165666801907122,-5.097798355308175
1781099253787969000,17.227968994140625,7.779633300507069,3.2052801426321267,-5.037249486321211
1781099253813045200,17.253045166015625,7.793399960052967,3.235710644470155,-4.99635048969984
1781099253838120200,17.2781201171875,7.801255349728464,3.261571061913669,-4.967189277145266
1781099253863196200,17.303196044921876,7.8119339801311485,3.2832875114202498,-4.93599918911159
1781099253888271000,17.32827099609375,7.82237704821229,3.2914024288147687,-4.914006553012133
1781099253913347300,17.353347412109375,7.843518035918474,3.280095729641616,-4.887803605741262
1781099253938422300,17.37842236328125,7.857227412319183,3.263457021790743,-4.876911624848843
1781099253963498000,17.403498046875,7.866102792692184,3.250138690534234,-4.871493691453337
1781099253988573000,17.428572998046874,7.871939828282594,3.240697492972016,-4.868347210121154
1781099254013649000,17.45364892578125,7.877780371004342,3.2203195985928175,-4.872428049694001
1781099254038723800,17.478723876953126,7.878954675480723,3.1909362677201627,-4.889829850871861
1781099254063799800,17.5037998046875,7.868398210152983,3.1742963908255097,-4.917577981758117
1781099254088874800,17.528874755859373,7.8487243723899125,3.1885815212875603,-4.939723178070784
1781099254113951000,17.553950927734373,7.837473495057225,3.1847242613375184,-4.960033560171723
1781099254139026000,17.57902587890625,7.826264118778705,3.174301651522517,-4.984352593392133
1781099254164102000,17.604101806640625,7.829107233250141,3.1649180293664334,-4.985857152736187
1781099254189176800,17.6291767578125,7.81183928758502,3.1768712097495793,-5.005300104352831
1781099254214253000,17.654253173828124,7.802460049343109,3.1901427792549133,-5.0114849304676055
1781099254239328800,17.679328857421876,7.7859496440470215,3.20331556456089,-5.028735340476036
1781099254264403700,17.70440380859375,7.78345315105617,3.1955823399603367,-5.0375060914307825
1781099254289480000,17.72947998046875,7.7973443137645715,3.181397747263312,-5.024986801597476
1781099254314555000,17.754554931640627,7.794674217772483,3.200059485374391,-5.0172775423944
1781099254339630800,17.779630859375,7.799141134053468,3.23810659969598,-4.985825004032254
1781099254364705800,17.804705810546874,7.7865341659367076,3.2481805422037837,-4.9989621335029595
1781099254389782000,17.829781982421874,7.789989274826645,3.2136525419190525,-5.015862414899468
1781099254414857000,17.85485693359375,7.792216887748241,3.2145603044137356,-5.011818692466616
1781099254439933000,17.879932861328125,7.778462503162026,3.2417335580214854,-5.015680044069886
1781099254465007900,17.9050078125,7.746625933918357,3.2327947570234534,-5.070423441648483
1781099254490083800,17.930083740234377,7.736731147369742,3.151681531174481,-5.136174555453658
1781099254515158800,17.95515869140625,7.774798135435581,3.067786273391545,-5.129485286948085
1781099254540234800,17.98023486328125,7.783804448711872,3.044629269687831,-5.129622649592161
1781099254565309700,18.005309814453124,7.754121258109808,3.0953847666740417,-5.144178413689136
1781099254590386000,18.030385986328124,7.726510782128572,3.148361446841061,-5.153565250715613
1781099254615460900,18.0554609375,7.7020462029576295,3.1656732316479084,-5.17951276192069
1781099254640536800,18.080536865234375,7.7210560238540165,3.146130911310017,-5.163097049170732
1781099254665612000,18.105612060546875,7.7420368525624275,3.153975195069611,-5.126761999464034
1781099254690688000,18.13068798828125,7.734019550323486,3.1745728696793316,-5.126154096698761
1781099254715763000,18.155762939453126,7.719185553807019,3.1981776171505447,-5.133828284588456
1781099254740838700,18.180838623046874,7.687332033428549,3.2335739247024056,-5.159393518477678
1781099254765913900,18.205913818359374,7.680278607785701,3.2361271163165566,-5.168283511897921
1781099254790989800,18.23098974609375,7.691575077825784,3.2057994903311133,-5.170388375222682
1781099254816064800,18.256064697265625,7.7036226584941145,3.204235017493367,-5.153393985801935
1781099254841141000,18.28114111328125,7.699730911752581,3.2162697386801242,-5.151712316325306
1781099254866216000,18.3062158203125,7.670745055764913,3.2257939383506775,-5.188864527633786
1781099254891292000,18.3312919921875,7.671594366070628,3.2277006487548348,-5.186422395178675
1781099254916366800,18.356366943359376,7.6734426242858165,3.2143218194827434,-5.19199113522172
1781099254941443000,18.381443115234376,7.677529601338505,3.2008155644387006,-5.194294151467084
1781099254966518300,18.406518310546875,7.668495815533399,3.2192648288428782,-5.196238855794072
1781099254991594000,18.431593994140623,7.638439699965715,3.2402307522431015,-5.227379259467124
1781099255016669000,18.4566689453125,7.621117393764853,3.2396707802727818,-5.252950338575244
1781099255041745200,18.4817451171875,7.616193381366133,3.2553187235206362,-5.250416436183452
1781099255066820000,18.506820068359374,7.616170000490546,3.271951878413558,-5.240104301005601
1781099255091896000,18.53189599609375,7.607468223118782,3.2782468869045376,-5.2487990641146895
1781099255116972000,18.556971923828126,7.586269367745518,3.2998572456881403,-5.2659126960009335
1781099255142047200,18.582047119140626,7.558423913964629,3.338909153138101,-5.281320108491182
1781099255167123200,18.607123291015625,7.554397142666578,3.3308754842862487,-5.292139024147391
1781099255192198100,18.6321982421875,7.571209745779633,3.2898829641625285,-5.293752304562926
1781099255217274000,18.657274169921877,7.585764340832829,3.2836580982983112,-5.2767596687078475
1781099255242349000,18.68234912109375,7.56235716176033,3.3165900615632533,-5.289741315355896
1781099255267425000,18.707425048828124,7.53941760019958,3.330738998425007,-5.313545969313383
1781099255292500000,18.7325,7.528196533483267,3.3274013784348964,-5.331520017421245
1781099255317576200,18.757576171875,7.532378203082084,3.323246596843004,-5.328196425956487
1781099255342651100,18.782651123046875,7.5337389700412745,3.3169492502644657,-5.330197828906774
1781099255367727000,18.80772705078125,7.5411208969861265,3.311321473510563,-5.323251370769738
1781099255392802000,18.832802001953127,7.540636912861466,3.3173540316730734,-5.320188476067782
1781099255417878300,18.857878173828126,7.523940629604458,3.327968364667892,-5.337167083397508
1781099255442953200,18.882953125,7.513999081304669,3.3393498826429244,-5.344058011955022
1781099255468029000,18.90802880859375,7.522820101141929,3.33471462405771,-5.334533812284469
1781099255493103900,18.933103759765626,7.5432245912671085,3.3012466542199252,-5.326534630224108
1781099255518180000,18.95818017578125,7.559887556776404,3.280435629120469,-5.315758969187736
1781099255543255000,18.983255126953125,7.5546321204662314,3.2982898502409457,-5.3121723428726195
1781099255568331000,19.0083310546875,7.528813788598775,3.3227795638531443,-5.333528434634208
1781099255593406200,19.03340625,7.531851548859477,3.3022739514410495,-5.341962500980496
1781099255618482200,19.058482177734376,7.550805840176343,3.2647026379376647,-5.338302224907279
1781099255643558100,19.08355810546875,7.566152462390065,3.257478824163973,-5.320957122352719
1781099255668633000,19.108633056640624,7.538215238672494,3.275946501007676,-5.349190114146471
1781099255693709000,19.133708984375,7.52056267760396,3.2909444559141994,-5.364812046170234
1781099255718784000,19.158783935546875,7.519358562511205,3.294665230002999,-5.364212326711416
1781099255743860000,19.18385986328125,7.534151057973504,3.272723739568889,-5.356885929346085
1781099255768935200,19.20893505859375,7.564901585546136,3.2481720666363834,-5.328422051405906
1781099255794011100,19.23401123046875,7.565776614814996,3.2561148423343895,-5.322321396443248
1781099255819086000,19.259086181640626,7.549149305140972,3.2811151358172297,-5.330573676481842
1781099255844162000,19.284162109375,7.5343170621901745,3.280503141398728,-5.351894112408161
1781099255869237200,19.3092373046875,7.5483081781417125,3.249017577549815,-5.3513849938422435
1781099255894313200,19.334313232421874,7.565479677695036,3.2467709676668046,-5.328447185847163
1781099255919388200,19.35938818359375,7.555018489435315,3.2681089392498133,-5.3302486823111765
1781099255944464000,19.3844638671875,7.55620156174004,3.2620693668246266,-5.332269959005713
1781099255969539000,19.4095390625,7.565782460033893,3.237191822938621,-5.333845830020308
1781099255994615000,19.434614990234376,7.557495693203807,3.2591970262587067,-5.332196893769503
1781099256019690000,19.45968994140625,7.537084773337841,3.291470233353972,-5.341248799753188
1781099256044766200,19.48476611328125,7.53057787566185,3.292600990949571,-5.349726120719313
1781099256069841200,19.509841064453123,7.547327934932708,3.266380800282955,-5.3421922180831425
1781099256094917000,19.534917236328123,7.548983885446191,3.280124078953266,-5.331414218959212
1781099256119993000,19.5599931640625,7.522794382178783,3.3123990396142005,-5.3484536165654655
1781099256145068300,19.585068359375,7.502138547641039,3.3143393600270152,-5.376197948059439
1781099256170144000,19.61014404296875,7.491070625659823,3.31000279212743,-5.394270780366659
1781099256195219000,19.635218994140626,7.5008157746046775,3.2918340982303023,-5.391841507393122
1781099256220295200,19.660295166015626,7.492858678120374,3.277139510184526,-5.411822219148278
1781099256245370000,19.6853701171875,7.49299720980823,3.2842969807237385,-5.407290420937538
1781099256270446000,19.710446044921873,7.469473126357793,3.3000127285107967,-5.430222968235611
1781099256295521000,19.73552099609375,7.468237447082996,3.2702757618948817,-5.449875763210654
1781099256320597200,19.76059716796875,7.47069185449779,3.2635075829342006,-5.450565499040484
1781099256345672200,19.785672119140624,7.466566299000382,3.304844386450946,-5.431279783812165
1781099256370748200,19.810748046875,7.461605461722612,3.332840062357485,-5.42097583194077
1781099256395823000,19.835822998046876,7.462796132811904,3.313170316247642,-5.431386751317977
1781099256420899000,19.860899169921876,7.498151523831487,3.2930405514106154,-5.3948126321583985
1781099256445974000,19.88597412109375,7.518393516871333,3.2992540190979835,-5.362746930333972
1781099256471050000,19.911050048828123,7.506166487982869,3.3199691826075313,-5.3670951886713505
1781099256496125000,19.936125,7.481438289439677,3.3490964928925036,-5.383492196720838
1781099256521201200,19.961201171875,7.465925078487396,3.353213572822511,-5.402433628556132
1781099256546277000,19.986277099609374,7.4919374716222285,3.3106831756070254,-5.392648732122779
1781099256571352000,20.01135205078125,7.520565015691519,3.283683817261457,-5.369254412531852
1781099256596428000,20.036427978515626,7.522169528278708,3.303338950324058,-5.3549365488439795
1781099256621503200,20.061503173828125,7.510063495421409,3.2958801587507125,-5.376480272132158
1781099256646579000,20.086578857421873,7.498463658520579,3.2585224879980084,-5.415300124391913
1781099256671654000,20.11165380859375,7.511667423486709,3.2418378951787945,-5.407004589733481
1781099256696730000,20.136730224609376,7.520975934579968,3.2413360831364986,-5.394353782474995
1781099256721805000,20.16180517578125,7.503159707382321,3.2479780053690073,-5.415126521390676
1781099256746881000,20.186881103515624,7.487354235485196,3.272875130738318,-5.422015111860633
1781099256771956000,20.2119560546875,7.487873875445127,3.2796082383856175,-5.417224954974651
1781099256797032200,20.2370322265625,7.524750192421674,3.24862565562278,-5.384696896335482
1781099256822107100,20.262107177734375,7.553519190788268,3.24525004170984,-5.346313681927323
1781099256847183000,20.28718310546875,7.5442112642169,3.281545343928039,-5.337299769866466
1781099256872258300,20.31225830078125,7.51257986215651,3.3194986424863338,-5.358399841040373
1781099256897334000,20.337333984375,7.5008946850597855,3.3156010505259035,-5.377151303261519
1781099256922410000,20.362409912109374,7.5189137413531535,3.297595145975053,-5.363042113888263
1781099256947485000,20.38748486328125,7.530349912124872,3.29392668659538,-5.349233368766307
1781099256972561400,20.4125615234375,7.512136210042238,3.3056568718776105,-5.367573327577114
1781099256997636400,20.43763623046875,7.48408208194673,3.3267224562600255,-5.393684504911303
1781099257022712300,20.46271240234375,7.464821501159667,3.357847954624891,-5.401081044903397
1781099257047787500,20.48778759765625,7.470538709762692,3.353243383438885,-5.396034282907843
1781099257072863200,20.51286328125,7.499554376366734,3.31999928548485,-5.376304331043363
1781099257097938200,20.537938232421876,7.51879099175632,3.323896292923391,-5.34695314887464
1781099257123014400,20.563014404296876,7.508363121244311,3.3541692661121485,-5.342696660473942
1781099257148089300,20.58808935546875,7.4864692693442105,3.3547508653923868,-5.372964957487583
1781099257173165300,20.613165283203124,7.495770181652903,3.327112916882336,-5.377189297184348
1781099257198240300,20.638240234375,7.5092305517286055,3.319703225147724,-5.362971386739611
1781099257223316500,20.66331640625,7.494573080822825,3.3429999295830726,-5.368992546725273
1781099257248392400,20.688392333984375,7.492345467901229,3.3487101239234205,-5.368545387479663
1781099257273467400,20.71346728515625,7.509870018675923,3.3371628939926623,-5.35122541936636
1781099257298543400,20.73854345703125,7.5463114513665435,3.327699776859581,-5.305659599977731
1781099257323618300,20.763618408203126,7.556504928600788,3.337259047843516,-5.285099042508006
1781099257348694300,20.7886943359375,7.569060458791255,3.347387058626115,-5.260673626303673
1781099257373769200,20.813769287109373,7.566275211986899,3.378955624583363,-5.244474186652899
1781099257398845400,20.838845458984373,7.5791352780818935,3.401096436981857,-5.211491369983554
1781099257423920400,20.86392041015625,7.608215826615691,3.4010686721920966,-5.168958634680509
1781099257448996400,20.888996337890624,7.6446198499053715,3.394954573225975,-5.119024683210253
1781099257474071300,20.9140712890625,7.654780593913793,3.3951310988366603,-5.103708456134796
1781099257499147500,20.9391474609375,7.6352780210644005,3.3973207178354263,-5.131384398567676
1781099257524222500,20.964222412109375,7.628750080600381,3.3810084654599426,-5.151826298093796
1781099257549298200,20.989298095703123,7.618826067957282,3.3618267951279877,-5.178994875526428
1781099257574374400,21.01437451171875,7.6192387404114,3.3388498241662976,-5.193230906149744
1781099257599449300,21.039449462890627,7.618146268999576,3.3282135716006156,-5.201654451102018
1781099257624525300,21.064525390625,7.624241663265228,3.312779563364386,-5.202575657600164
1781099257649600300,21.089600341796874,7.621129668724536,3.309892902012169,-5.208970911595225
1781099257674676500,21.114676513671874,7.618689289835095,3.31712811396271,-5.2079351388067
1781099257699751400,21.13975146484375,7.619248677283525,3.3230925753250715,-5.203320338487625
1781099257724827400,21.164827392578125,7.637286438277363,3.310005130214989,-5.185177948075532
1781099257749902300,21.18990234375,7.666466940054297,3.28231720508337,-5.159661229503154
1781099257774978300,21.214978271484377,7.670449872210622,3.2851419071152805,-5.151933850121498
1781099257800053200,21.24005322265625,7.672977929383515,3.302640154404938,-5.136958399307727
1781099257825129200,21.265129150390624,7.675267501625418,3.293678264792263,-5.139296486866474
1781099257850204200,21.2902041015625,7.698024107834696,3.2583579450860616,-5.127762116417289
1781099257875280400,21.3152802734375,7.718110033529997,3.2555238907039166,-5.099284794473648
1781099257900356400,21.3403564453125,7.724988102605939,3.2711461149886247,-5.078834127119183
1781099257925431300,21.365431396484375,7.70633484006226,3.2874808714568613,-5.096593071171641
1781099257950507500,21.390507568359375,7.715369210389256,3.260641672109067,-5.100169176092743
1781099257975582200,21.415582275390626,7.731309122321009,3.222537859164178,-5.100242241328955
1781099258000658200,21.440658203125,7.7396847364783286,3.2090731051743027,-5.0960301765918725
1781099258025733000,21.465733154296874,7.725164043694734,3.219291132327914,-5.111598332601785
1781099258050809000,21.49080908203125,7.73252025167644,3.1967978532299397,-5.1145852394580835
1781099258075884000,21.515884033203125,7.7525401263982054,3.14550956454128,-5.116085707148909
1781099258100960300,21.540960205078125,7.768231616526841,3.121404466332495,-5.107035554730892
1781099258126035200,21.56603515625,7.760386163723468,3.142322458937764,-5.106131299367547
1781099258151111200,21.591111083984377,7.751136104819178,3.1612144986733792,-5.1085249165058135
1781099258176187400,21.6161875,7.783112959316372,3.137268682679534,-5.074555426886677
1781099258201262300,21.641262451171876,7.818190117916465,3.1111803016990422,-5.036552151706815
1781099258226338000,21.666338134765624,7.848266691750288,3.1182609076097605,-4.985134099158644
1781099258251413000,21.6914130859375,7.871395638403296,3.1397233823552724,-4.934940035447478
1781099258276489200,21.7164892578125,7.89531544317305,3.1272990773290394,-4.904527361527085
1781099258301564200,21.741564208984375,7.934106069338322,3.079173052063584,-4.872273151393235
1781099258326640000,21.76664013671875,7.965712921479344,3.0493893236964937,-4.8393204376012084
1781099258351715300,21.79171533203125,7.986392721414566,3.0438620847076177,-4.808623686042428
1781099258376791300,21.816791259765626,8.010619400176406,3.0226997619524596,-4.781594224819541
1781099258401866200,21.8418662109375,8.044251036143303,2.9766847374916074,-4.753921204996109
1781099258426942200,21.866942138671874,8.075870163244009,2.939220976015925,-4.723525774471462
1781099258452018200,21.89201806640625,8.086662190893293,2.937973898564279,-4.705800148166716
1781099258477093000,21.917093017578125,8.090902897202968,2.953665973214805,-4.688664888970553
1781099258502169000,21.942169189453125,8.111308556371927,2.9549031137943267,-4.65248152269423
1781099258527244000,21.967244140625,8.162007062473892,2.9185744938284155,-4.586277112163603
1781099258552320300,21.9923203125,8.208103627738357,2.8785812138751146,-4.52892528565228
1781099258577395200,22.017395263671876,8.225691306877136,2.879367688077688,-4.496404241275787
1781099258602471200,22.04247119140625,8.220289740094541,2.9033804318279026,-4.490834916710853
1781099258627546400,22.06754638671875,8.217958666798472,2.903267619103193,-4.495177329829335
1781099258652622300,22.092622314453124,8.237876250189542,2.8645126487731933,-4.483560541793704
1781099258677697300,22.117697265625,8.268575924357771,2.8323580996215343,-4.447340058377385
1781099258702773000,22.14277294921875,8.307461243069172,2.825715592867136,-4.378563751532137
1781099258727849200,22.16784912109375,8.310064703565835,2.830693089018762,-4.370396811689436
1781099258752924200,22.192924072265626,8.308464867153763,2.830626161262393,-4.373479580135643
1781099258778000100,22.218000244140626,8.308168514555692,2.8392171717360615,-4.368472273367643
1781099258803075300,22.243075439453126,8.314859536626935,2.8480034125208853,-4.3499870608672495
1781099258828151300,22.2681513671875,8.321253037056326,2.8559330364763733,-4.332527392022311
1781099258853226200,22.293226318359373,8.334778289061784,2.841247216258943,-4.316150257717073
1781099258878302200,22.31830224609375,8.357320375737547,2.8167639323875306,-4.288522246079147
1781099258903377400,22.34337744140625,8.367045066416264,2.8185306497991083,-4.2683547795802355
1781099258928453000,22.368453125,8.352799098920821,2.84547652439177,-4.278368224072456
1781099258953528000,22.393528076171876,8.336804241931437,2.858561923675239,-4.300781131410599
1781099258978604800,22.418604736328124,8.333596970322727,2.853059819127619,-4.310643769255281
1781099259003680800,22.4436806640625,8.34196557021737,2.8435376652836797,-4.300724432787299
1781099259028755700,22.468755615234375,8.354303658264875,2.8257185154765843,-4.288514939555525
1781099259053832000,22.49383203125,8.363312894150614,2.8058836419329047,-4.283973204472661
1781099259078907000,22.518906982421875,8.359303073987364,2.812535208776593,-4.287432405015826
1781099259103982600,22.543982666015626,8.34222860506773,2.838691978818178,-4.303422585830092
1781099259129057500,22.5690576171875,8.343050442844628,2.839782988925278,-4.301112847582996
1781099259154133800,22.5941337890625,8.366781447044014,2.8160093146279452,-4.270526278400421
1781099259179208700,22.619208740234374,8.391642332056165,2.7908392175361514,-4.2381542871057984
1781099259204284700,22.64428466796875,8.392835925754904,2.8017507799118757,-4.228573973333836
1781099259229361000,22.66936083984375,8.379183247977494,2.832109970079362,-4.235424569880962
1781099259254435800,22.694435791015625,8.37548088632822,2.843333374883234,-4.23523138539642
1781099259279511800,22.71951171875,8.400472119721769,2.8094644230291244,-4.20824634783715
1781099259304586800,22.744586669921876,8.426299219417572,2.778230203592777,-4.177233954457939
1781099259329662700,22.769662841796876,8.434301908609271,2.7891809289351106,-4.153716300748289
1781099259354737700,22.794737548828124,8.419389001637697,2.8307737530395385,-4.155843083643913
1781099259379813600,22.819813720703124,8.41214619090259,2.8413933467313646,-4.163246637898683
1781099259404888600,22.844888671875,8.42128519064784,2.8174583443924783,-4.161038606460393
1781099259429964800,22.86996484375,8.439549161612987,2.8072791879445314,-4.130805088499188
1781099259455039700,22.895039794921875,8.445857321846484,2.833356170748174,-4.099998446825146
1781099259480115700,22.92011572265625,8.44563987970352,2.8514383554056284,-4.087893290750682
1781099259505191700,22.945191650390626,8.449829732608794,2.8381051188409328,-4.088505285169184
1781099259530267000,22.970266845703126,8.450592533674836,2.820535852141678,-4.099073440934718
1781099259555342600,22.995342529296874,8.448768240857124,2.8327514828532934,-4.094414509212971
1781099259580417500,23.02041748046875,8.437486383864282,2.8577886012151836,-4.100279309593141
1781099259605493800,23.04549365234375,8.431285775658488,2.8504440836712717,-4.118097290356457
1781099259630568700,23.070568603515625,8.435706514710187,2.8252868460610507,-4.126374997097254
1781099259655644700,23.095644775390625,8.442261343181134,2.8148671588554977,-4.120087295129895
1781099259680719600,23.1207197265625,8.43743611498177,2.8101772474735975,-4.133156620061397
1781099259705795800,23.1457958984375,8.42633955142796,2.789884693290293,-4.169375057651102
1781099259730871600,23.17087158203125,8.409844343701005,2.761431629005074,-4.221302813287079
1781099259755946800,23.19594677734375,8.395494331309198,2.7446868304312226,-4.26060694193244
1781099259781022700,23.221022705078123,8.39107066964805,2.742415086106956,-4.270766516897082
1781099259806097700,23.24609765625,8.40205909665227,2.7390552542850375,-4.251282941009104
1781099259831173600,23.271173583984375,8.42227478620708,2.7326725675106047,-4.2152351838111874
1781099259856248600,23.29624853515625,8.442643035975099,2.718456702892482,-4.183561111652851
1781099259881324800,23.32132470703125,8.451384560835361,2.716280820158124,-4.167292990680039
1781099259906399700,23.346399658203126,8.454773618751764,2.7201994549065827,-4.157851793117821
1781099259931475700,23.371475830078126,8.467055592697859,2.706651698808372,-4.141671642689406
1781099259956551700,23.3965517578125,8.501955641165376,2.6708067707061764,-4.093154572279751
1781099259981625900,23.4216259765625,8.539629830521344,2.640189514124393,-4.034164623172581
1781099260006701800,23.446701904296877,8.573186063164473,2.611836403082311,-3.9811084480285643
1781099260031777000,23.471777099609376,8.603331610581279,2.5674215072944757,-3.944798825024068
1781099260056852700,23.496852783203124,8.63611510528624,2.508940384492278,-3.910635858659446
1781099260081927700,23.521927734375,8.664560863047837,2.4653125474289057,-3.8753117395609613
1781099260107004000,23.54700390625,8.693189576160908,2.427544688440114,-3.8348213237404822
1781099260132078800,23.572078857421875,8.72037627377212,2.3895355680413544,-3.7967809314206242
1781099260157154800,23.59715478515625,8.752242069110274,2.3602511674985287,-3.741363580103218
1781099260182229800,23.622229736328126,8.793182566785811,2.321045384661108,-3.6692034760385748
1781099260207306000,23.647305908203126,8.835214951351285,2.2671360998190937,-3.6013092127248645
1781099260232381700,23.672381591796874,8.886022178524732,2.218570221831649,-3.5052664210304614
1781099260257457000,23.697456787109374,8.935684327316284,2.183140742662549,-3.39968218626976
1781099260282532900,23.722532958984374,8.98183291502893,2.122327231390029,-3.315536753118038
1781099260307607800,23.74760791015625,9.026540656283498,2.046066121747345,-3.241219763280451
1781099260332683800,23.772683837890625,9.061797847625613,2.002686268095672,-3.1691350625395773
1781099260357758700,23.7977587890625,9.082259036374092,1.9896597593925893,-3.118372259029746
1781099260382835000,23.8228349609375,9.10018398464322,1.9529060458824037,-3.089200232820213
1781099260407910000,23.847909912109376,9.14041311917901,1.8786350871436297,-3.0156162334322927
1781099260432985900,23.87298583984375,9.187476483649014,1.8090771284013984,-2.9133924150153994
1781099260458061800,23.898061767578124,9.218616887322067,1.7759597255669533,-2.834340505610406
1781099260483136800,23.92313671875,9.231133839067816,1.7530134420044718,-2.807760833981633
1781099260508212700,23.948212646484375,9.236730636161566,1.7285495934858917,-2.8045205368861557
1781099260533287700,23.97328759765625,9.24207667336464,1.7124977456122636,-2.796739966012537
1781099260558364000,23.998364013671875,9.252191824665665,1.7017890123322605,-2.769694722698629
1781099260583438800,24.02343896484375,9.269373845613002,1.685478805783391,-2.721807766886055
1781099260608514800,24.048514892578126,9.285279855275153,1.6747072364002464,-2.6738199810475107
1781099260633591000,24.073591064453126,9.294085677543283,1.6890226158700883,-2.633929576946795
1781099260658666000,24.098666015625,9.292270737075805,1.7277075897037981,-2.6151748998552558
1781099260683741700,24.12374169921875,9.28750629915297,1.7596913123331963,-2.610759129239619
1781099260708816600,24.148816650390625,9.293517522266507,1.7397705140717326,-2.60270880151391
1781099260733892900,24.173892822265625,9.318067441633342,1.6739400514200329,-2.5577128909677267
1781099260758967800,24.1989677734375,9.340235434299707,1.5998302745923398,-2.524065180648863
1781099260784043800,24.224043701171876,9.327383551511168,1.6123739682145415,-2.5633041351035235
1781099260809120000,24.2491201171875,9.287714388945698,1.6498898982688783,-2.680786897450685
1781099260834195000,24.27419482421875,9.24323285766244,1.555287222380191,-2.883420178338885
1781099260859271000,24.29927099609375,9.253639100864529,1.4267206098303198,-2.9163348982080817
1781099260884345900,24.324345947265623,9.282314575728774,1.4159056396968661,-2.829178592802584
1781099260909421800,24.349421875,9.280185747006534,1.5118028854407368,-2.7862226636514067
1781099260934496800,24.374496826171875,9.24969942332804,1.6081120729863643,-2.8332676156818866
1781099260959573200,24.3995732421875,9.210995890924334,1.6823216569267212,-2.9150913278877733
1781099260984648200,24.424648193359374,9.20986717915535,1.680206126077473,-2.9198697943359613
1781099261009724200,24.44972412109375,9.243706904914974,1.6276082160949705,-2.841672163672745
1781099261034800400,24.47480029296875,9.254404240018129,1.655485818579793,-2.790299119310081
1781099261059875300,24.499875244140625,9.232631384149194,1.7552552295818924,-2.801424908958375
1781099261084951000,24.524950927734373,9.180963156232238,1.8264843364067374,-2.92306128385365
1781099261110026200,24.550026123046877,9.134087423288822,1.8318406027428804,-3.0632036217764016
1781099261135102200,24.575102294921876,9.138418730491399,1.8130979083500802,-3.0614380734086035
1781099261160177200,24.60017724609375,9.152571759006381,1.7774863506123422,-3.0399589397892353
1781099261185253000,24.625253173828124,9.135327778738736,1.768144083379954,-3.096745533633232
1781099261210329300,24.650329345703124,9.089649731147288,1.8316012410290539,-3.1927880330666896
1781099261235404300,24.675404296875,9.034832099288701,1.898325291519612,-3.3073525698795914
1781099261260480300,24.700480224609375,8.986626579046249,1.912604722893238,-3.428246894235909
1781099261285555200,24.72555517578125,8.95424640444517,1.939722885312885,-3.497042782564461
1781099261310631200,24.750631103515627,8.90779211178422,2.0193119703345,-3.569877132628858
1781099261335706000,24.7757060546875,8.83643484853506,2.103263780610263,-3.696505616723001
1781099261360782000,24.800781982421874,8.773681162980198,2.1729906661786136,-3.804078687213361
1781099261385858300,24.8258583984375,8.711314430916309,2.267179792830348,-3.8914366526708006
1781099261410933200,24.850933349609374,8.649796424636245,2.359025863487273,-3.973215941213071
1781099261436009200,24.87600927734375,8.592356043058633,2.4270072205625475,-4.056035386458039
1781099261461084200,24.901084228515625,8.53713684466183,2.4866826677158476,-4.135702505151928
1781099261486160400,24.926160400390625,8.462993165564537,2.5897052352949976,-4.22392965465933
1781099261511235300,24.9512353515625,8.384226502841711,2.7020436204910276,-4.309763187028468
1781099261536311000,24.97631103515625,8.307581070056557,2.7849004751369355,-4.404413647581636
1781099261561387300,25.00138720703125,8.251898930323124,2.831358859451115,-4.478830298401415
1781099261586462200,25.026462158203124,8.213535589659214,2.88271144554764,-4.51643785226196
1781099261611538200,25.0515380859375,8.165780735793708,2.9338977351665494,-4.569756477734447
1781099261636613000,25.076613037109375,8.104101985993982,2.978966418687999,-4.649695106846094
1781099261661689300,25.101689453125,8.026777923294901,3.038471331579983,-4.744360180446505
1781099261686764300,25.126764404296875,7.972771607819199,3.076179715466499,-4.810659868045151
1781099261711840300,25.15184033203125,7.9355223658770315,3.0793165521875023,-4.86987661164552
1781099261736916200,25.176916259765626,7.908934218680858,3.083459058819711,-4.910342185285687
1781099261761991200,25.2019912109375,7.868296503344178,3.1232071318402883,-4.950337511065602
1781099261787067100,25.227067138671874,7.820517099559306,3.162550131191313,-5.000813314327598
1781099261812142000,25.25214208984375,7.782256634747982,3.183680305242538,-5.046882407063245
1781099261837218300,25.27721826171875,7.746729978814721,3.225987122835219,-5.074598681506514
1781099261862293200,25.302293212890625,7.71150201356709,3.275108881139755,-5.096740955209731
1781099261887369200,25.327369140625,7.68617526460886,3.2970781363636252,-5.120778248879313
1781099261912445200,25.352445068359376,7.691864416161179,3.2783775275468825,-5.1242403720319265
1781099261937520400,25.377520263671876,7.699314147645235,3.2770144225001334,-5.113917130938172
1781099261962596400,25.402596435546876,7.692259552958607,3.296965323638916,-5.111709391760826
1781099261987671300,25.42767138671875,7.666358218982816,3.323336320953071,-5.133498614242672
1781099262012747300,25.452747314453124,7.637222140869498,3.3443110121816395,-5.16321453807056
1781099262037823500,25.477823486328123,7.629967055174708,3.340460181972384,-5.17641654947102
1781099262062898400,25.5028984375,7.632952208465337,3.3333395363122222,-5.176609441694617
1781099262087974400,25.527974365234375,7.636851553991437,3.344101753345132,-5.163901935812831
1781099262113049300,25.55304931640625,7.622921228316426,3.3984166963785887,-5.14900188832283
1781099262138125300,25.578125244140626,7.610416551530361,3.453848953004181,-5.130581850013137
1781099262163201300,25.603201171875,7.593487628561258,3.50069107593894,-5.123915962383151
1781099262188276200,25.628276123046874,7.595117275589704,3.546711945618689,-5.089733122274279
1781099262213352400,25.6533525390625,7.59422997136116,3.594959551437199,-5.057102187782526
1781099262238427400,25.678427490234377,7.60062580987811,3.629281507755816,-5.022869663313031
1781099262263503400,25.70350341796875,7.625997567021846,3.6343045966148373,-4.9806005473822355
1781099262288579600,25.72857958984375,7.675216063699126,3.6036996149927374,-4.926943775996565
1781099262313654500,25.753654541015624,7.697426141941547,3.5740570486620067,-4.913874451065063
1781099262338730200,25.778730224609376,7.709296027955412,3.5567610459461805,-4.907813543590903
1781099262363805200,25.80380517578125,7.686427193543315,3.5767654308378694,-4.929093062984943
1781099262388881400,25.82888134765625,7.6481778346478935,3.571446573902666,-4.992044316938519
1781099262413956400,25.853956298828123,7.608806193724274,3.536357724864781,-5.076480841991305
1781099262439032300,25.8790322265625,7.642748210814595,3.4821184774160385,-5.062964942336082
1781099262464108500,25.904108642578127,7.657223310890793,3.4779555125176906,-5.043925895345211
1781099262489183500,25.92918359375,7.656717699456214,3.5107793392330406,-5.021904617673158
1781099262514259500,25.954259521484374,7.638423917874693,3.554692130717635,-5.0188656883686775
1781099262539334400,25.97933447265625,7.651490320196747,3.551183830335736,-5.0014147873520844
1781099262564410400,26.004410400390626,7.691103953182697,3.513880227857828,-4.96688357219696
1781099262589486300,26.029486328125,7.764494768086076,3.4570524252206085,-4.892018008565903
1781099262614561300,26.054561279296873,7.816657501521706,3.411430199469626,-4.840699032478034
1781099262639637500,26.079637451171877,7.813675270840525,3.440546403838694,-4.824888884405792
1781099262664712400,26.10471240234375,7.7525629227519035,3.5170310931041833,-4.868122169193625
1781099262689788400,26.129788330078124,7.667360089501738,3.5552509336441753,-4.974149763807654
1781099262714863400,26.15486328125,7.719941340610385,3.53519364952147,-4.90666378903389
1781099262739939300,26.179939208984376,7.84026107994914,3.437771093906462,-4.7835602641955015
1781099262765015300,26.205015380859376,7.963757695758343,3.3283982805177565,-4.655182598346472
1781099262790090200,26.23009033203125,8.032007640641927,3.337396410487592,-4.52979125483185
1781099262815166500,26.25516650390625,8.10792885080576,3.278575972728431,-4.436529326027632
1781099262840241400,26.280241455078126,8.042927094063163,3.073853902867436,-4.693942537112534
1781099262865317400,26.3053173828125,8.063070302903652,3.0097476336598397,-4.700928450477123
1781099262890393300,26.330393310546874,8.110902898180484,2.989237637333572,-4.631215155042708
1781099262915468500,26.355468505859374,8.039242852592468,3.063214727692306,-4.707190141220391
1781099262940544300,26.380544189453126,8.046758635050058,3.100391488920152,-4.669861988823116
1781099262965619700,26.40561962890625,8.09740921035707,3.1031366959750653,-4.579613854882121
1781099262990695700,26.43069580078125,8.160038392749428,3.1024753094568847,-4.467528567664325
1781099263015771600,26.455771728515625,8.264026005968452,3.0830028394848106,-4.286180943650007
1781099263040846800,26.480846923828125,8.336318504241108,3.087564448311925,-4.140426611064374
1781099263065922800,26.5059228515625,8.354192599105835,3.093067721903324,-4.100100153633952
1781099263090997800,26.530997802734376,8.333562483531237,3.051851329895854,-4.17233536876142
1781099263116073700,26.55607373046875,8.32825794738233,2.9734751277953384,-4.238983139145374
1781099263141149700,26.581149658203124,8.335843287944794,2.913250960718095,-4.265804218314588
1781099263166224600,26.606224609375,8.338101296004652,2.90124955727905,-4.269569416067004
1781099263191300600,26.631300537109375,8.310723459735513,2.882107634435594,-4.335400901632011
1781099263216375800,26.656375732421875,8.287607372564077,2.831900126720965,-4.412060947464406
1781099263241451800,26.68145166015625,8.290746255111694,2.7771380244418977,-4.440876415321231
1781099263266526700,26.706526611328126,8.28510152722299,2.7800349149271844,-4.449589590869843
1781099263291602700,26.731602783203126,8.259630401358008,2.828796023225784,-4.4661870899274945
1781099263316678700,26.7566787109375,8.24205733526647,2.885015046314895,-4.462682296676934
1781099263341753600,26.781753662109374,8.248070896467565,2.9114713838249444,-4.434302589888871
1781099263366829600,26.80682958984375,8.267247890624404,2.926035915750265,-4.388774179901183
1781099263391904500,26.831904541015625,8.282169565424322,2.9501252318680287,-4.344283296267688
1781099263416980700,26.856980712890625,8.28424578717649,2.988413169208169,-4.314045102131367
1781099263442056700,26.882056640625,8.259559674209356,3.062332684160769,-4.309551005582511
1781099263467131600,26.907131591796876,8.2314628760159,3.1222499772459265,-4.320297440524399
1781099263492207900,26.932207763671876,8.2212103620708,3.1281805363386868,-4.33549617870003
1781099263517282800,26.95728271484375,8.233662431886792,3.1057448326468466,-4.327993255724013
1781099263542358500,26.982358642578124,8.254505313429236,3.086271778152883,-4.3021445287182924
1781099263567434800,27.007434814453124,8.259818617406488,3.0839506417289373,-4.293598818691074
1781099263592509700,27.032509765625,8.230603044316172,3.089268621881306,-4.345569244424999
1781099263617585700,27.057585693359375,8.191108653795718,3.0854274362832306,-4.422248871740699
1781099263642660600,27.08266064453125,8.174621629375219,3.0557436611592768,-4.473073634570837
1781099263667736800,27.10773681640625,8.194273255306483,3.0080244631290434,-4.469460704770684
1781099263692812800,27.132812744140626,8.212797338512539,2.9712796635776755,-4.460027105993032
1781099263717887700,27.1578876953125,8.219308912363648,2.9492881965219975,-4.462630858750641
1781099263742963700,27.182963623046874,8.215843866601586,2.931796963495016,-4.480494432221353
1781099263768038700,27.20803857421875,8.201170613604784,2.9160107808202502,-4.51752944689095
1781099263793114600,27.233114501953125,8.192419736394285,2.9039275443166495,-4.541127180099487
1781099263818189600,27.258189453125,8.17952459898591,2.9050904506161808,-4.563571359358727
1781099263843265800,27.283265869140624,8.189030678477883,2.890913748964667,-4.555522492937744
1781099263868341800,27.308341796875,8.21497877420485,2.8594816688686606,-4.528557036861777
1781099263893416700,27.333416748046876,8.235651559877395,2.8438290494456884,-4.500788447709382
1781099263918492700,27.35849267578125,8.248328086099027,2.84665199791193,-4.475721518731117
1781099263943568000,27.38356787109375,8.245767295700311,2.8522239528253674,-4.47689056251049
1781099263968643000,27.40864306640625,8.25238934418857,2.837722257003188,-4.473894011043012
1781099263993719300,27.43371923828125,8.277291730254888,2.7933634753167627,-4.45577938542068
1781099264018794200,27.458794189453126,8.31052355324924,2.7580256199538704,-4.415751910936832
1781099264043870200,27.4838701171875,8.341336040142178,2.7266137058630586,-4.376994310258329
1781099264068945200,27.508945068359374,8.365914016559719,2.689931742414832,-4.352713270960748
1781099264094021400,27.534021484375,8.400268121582268,2.642765794353187,-4.31527756653577
1781099264119097300,27.559097412109374,8.436449442031979,2.600842423120141,-4.269929773811996
1781099264144172300,27.58417236328125,8.472738899031281,2.5627760195761917,-4.220809184551238
1781099264169248300,27.609248291015625,8.520780168622732,2.5003452823653816,-4.161125407961011
1781099264194323200,27.6343232421875,8.579256322988867,2.431406770695746,-4.0810517542928455
1781099264219399200,27.659399169921876,8.638264976796508,2.3764666815012694,-3.987884810295701
1781099264244475400,27.684475341796876,8.676471665593981,2.3497135530017315,-3.92021500338763
1781099264269550300,27.70955029296875,8.709407720512152,2.3190229389227923,-3.8650636095300315
1781099264294626300,27.734626220703124,8.747273048526049,2.274779892570525,-3.8053886007681488
1781099264319701200,27.759701171875,8.80558904389441,2.2124255815967917,-3.706374392047524
1781099264344777500,27.784777587890623,8.854055260899662,2.1705479492016138,-3.6145302210867403
1781099264369852400,27.809852294921875,8.901625405848026,2.1304205214746297,-3.520336564390361
1781099264394928000,27.83492822265625,8.938644346165656,2.0926928483657536,-3.4484342344790697
1781099264420004400,27.86000439453125,8.981214490869641,2.030000537609309,-3.3745053671762344
1781099264445079300,27.885079345703126,9.035484425717591,1.9464903336212038,-3.2774370318263766
1781099264470155300,27.9101552734375,9.07073869445026,1.895772830557823,-3.209072520652413
1781099264495230200,27.935230224609374,9.086280546975136,1.8887511152274905,-3.1689909778937695
1781099264520306400,27.960306396484373,9.095704208880662,1.8737702575862407,-3.1507991953819987
1781099264545382100,27.985382080078125,9.122615012159944,1.825081630001962,-3.101193452952802
1781099264570457300,28.010457275390625,9.162843562173842,1.7802132913582025,-3.0072517251908777
1781099264595533000,28.035532958984376,9.197096544909476,1.770940582230687,-2.906471968102455
1781099264620608300,28.060608154296876,9.212430307641625,1.7489893010549247,-2.8709853519186375
1781099264645684200,28.085684326171876,9.217166688513755,1.7284475944161415,-2.868222609207034
1781099264670760200,28.11076025390625,9.237782191041111,1.7207755984835327,-2.8058406795740125
1781099264695835400,28.13583544921875,9.265736950415372,1.6884658587701618,-2.7323151323750614
1781099264720911400,28.160911376953123,9.289268048128486,1.6336970344893633,-2.68531051235497
1781099264745986300,28.185986328125,9.30486776832044,1.6036844658024607,-2.6491578334778545
1781099264771062000,28.21106201171875,9.318256826725602,1.5843575417809188,-2.613490600030124
1781099264796138200,28.23613818359375,9.316398631638288,1.5669557406030594,-2.630542272596061
1781099264821213200,28.261213134765626,9.31460648752451,1.5514359537795186,-2.6460446698933837
1781099264846289200,28.2862890625,9.325570949131249,1.5202270149149,-2.625462777374685
1781099264871364400,28.3113642578125,9.34451939522922,1.4873513118818402,-2.5764678603202102
1781099264896440300,28.3364404296875,9.362449604195357,1.4824176548719405,-2.513448217305541
1781099264921516300,28.361516357421873,9.365161785763501,1.4960126111127434,-2.4952052891284224
1781099264946591200,28.38659130859375,9.364164006897807,1.48036232977733,-2.5082600010126828
1781099264971667000,28.4116669921875,9.36568960902989,1.4702585766531526,-2.5085046234235167
1781099264996742000,28.436741943359376,9.380559261381626,1.4606304782167077,-2.4580600920826194
1781099265021818000,28.461818115234376,9.390860875165462,1.4674442498847842,-2.4142728266738356
1781099265046893000,28.48689306640625,9.399543947836756,1.4785866984069347,-2.373343727175146
1781099265071969000,28.511968994140624,9.410083462029695,1.4925003652080893,-2.3223167197711763
1781099265097045200,28.537045166015623,9.426338431259989,1.4989445729114115,-2.2511605320520696
1781099265122120200,28.5621201171875,9.43021673399806,1.5234028684720395,-2.218246396704763
1781099265147196200,28.587196044921875,9.438340419220923,1.5269909560918806,-2.180921313047409
1781099265172271000,28.61227099609375,9.437513905268908,1.5098654876373707,-2.196374172114581
1781099265197347000,28.63734716796875,9.453519868174194,1.4873793689325452,-2.1422109125114974
1781099265222423000,28.662423095703126,9.447779278695583,1.5065074093811213,-2.1541423194542526
1781099265247498000,28.687498046875,9.440033194613456,1.4705579979911445,-2.2121496872648594
1781099265272574200,28.71257421875,9.418473104712367,1.4388079379871486,-2.3221909014344213
1781099265297649200,28.737649169921873,9.400269924023746,1.438177969520539,-2.3952017771095035
1781099265322725000,28.76272509765625,9.387438499501346,1.413909643574059,-2.459107555308938
1781099265347801000,28.787801025390625,9.38815804594755,1.4089438378602266,-2.4592288436010477
1781099265372876300,28.812876220703124,9.390924588051437,1.4846265630930662,-2.403491320418566
1781099265397952000,28.837951904296876,9.39027050805688,1.54646313380301,-2.3667766237445176
1781099265423027000,28.86302685546875,9.383507589793204,1.5657165541969238,-2.380911678211391
1781099265448103200,28.888103271484376,9.396901324373482,1.5612944999709724,-2.3304458118215203
1781099265473179100,28.91317919921875,9.408921432512997,1.582183266481757,-2.2670019520454106
1781099265498254000,28.938254150390627,9.415404949313402,1.5858895736537872,-2.237298157046735
1781099265523330000,28.963330078125,9.414902845010161,1.5936057009890674,-2.233933210658282
1781099265548405200,28.9884052734375,9.416994264331459,1.5935558704979718,-2.22511993573606
1781099265573481000,29.01348095703125,9.42736251361072,1.5720187230810523,-2.1963613126330075
1781099265598557000,29.038556884765626,9.448724450591206,1.5122358700305223,-2.1459674885660407
1781099265623632100,29.063632080078126,9.474739766335487,1.42512091954872,-2.0901475477971134
1781099265648708000,29.0887080078125,9.494377948263287,1.3514916197143494,-2.049549433818459
1781099265673783000,29.113782958984373,9.50580476668477,1.2967287867829203,-2.0318954114452
1781099265698859000,29.13885888671875,9.517295297992229,1.263913581765443,-1.9984940771028399
1781099265723935200,29.163935302734377,9.536713699689507,1.2199481833107768,-1.932160779495537
1781099265749010200,29.18901025390625,9.566128010222315,1.1480483376175163,-1.8279992710143327
1781099265774086000,29.2140859375,9.590673837935924,1.0963772601563482,-1.728385781226307
1781099265799161000,29.2391611328125,9.604074002256988,1.0958276634495705,-1.6526863971196113
1781099265824237000,29.264237060546876,9.617451954746246,1.0780326251704244,-1.585192531300336
1781099265849313000,29.28931298828125,9.63135656145811,1.0428837165083735,-1.5230822582155465
1781099265874388000,29.314387939453123,9.650973116075992,1.0198331688538194,-1.4103474210478364
1781099265899464200,29.339464111328127,9.664119013375043,1.027825701977685,-1.3110221005514264
1781099265924539100,29.3645390625,9.67165993027389,1.032437506622076,-1.250397243718803
1781099265949615000,29.389614990234374,9.676012280264496,1.0379720521345734,-1.2115309219688177
1781099265974689800,29.414689697265626,9.683001408499479,1.0288386053472758,-1.162467981179431
1781099265999765800,29.439765869140626,9.692539636695384,1.0097743508499115,-1.0979017663098871
1781099266024841700,29.464841796875,9.699255793207882,1.0233592971533536,-1.0235144877150655
1781099266049916700,29.489916748046873,9.699832131791114,1.0671481699973344,-0.9720168671246617
1781099266074993000,29.514992919921873,9.698335755753517,1.097407918378338,-0.9530687132876365
1781099266100068900,29.54006884765625,9.701820090737938,1.0888931880112738,-0.9270017404213547
1781099266125143800,29.565143798828124,9.708361475205422,1.0725795473963022,-0.8761837726581841
1781099266150220000,29.590219970703124,9.712046301198004,1.0628341061905027,-0.8467161975681782
1781099266175295000,29.615294921875,9.712649527788162,1.0686683653019369,-0.8323108017273246
1781099266200370700,29.64037060546875,9.713720371890068,1.067908048453927,-0.820725724004209
1781099266225447000,29.665447021484376,9.718481302681564,1.052893507738784,-0.7829027738273143
1781099266250521900,29.69052197265625,9.72410381873846,1.050377433264628,-0.7133578937623649
1781099266275597800,29.715597900390627,9.724801737874746,1.0658607605352997,-0.6801187642443924
1781099266300672800,29.7406728515625,9.726094115772844,1.050102269585058,-0.6861134746145456
1781099266325749000,29.7657490234375,9.727344408094883,1.0173787614390253,-0.7170338788613677
1781099266350825000,29.790824951171874,9.728568396931886,0.992766517425701,-0.7347152276329696
1781099266375900000,29.81589990234375,9.729152918821573,0.9730008366607129,-0.7531322702679782
1781099266400976000,29.840975830078126,9.733605806577206,0.9415821275029331,-0.7353228381372988
1781099266426050800,29.86605078125,9.738516374972463,0.9084224198967218,-0.7116593462161719
1781099266451126800,29.891126708984373,9.742024090832471,0.9000685791797935,-0.6732335347753018
1781099266476200700,29.91620068359375,9.74337082926631,0.8951061344668269,-0.6602172552052885
1781099266501276700,29.941276611328124,9.743753106582163,0.8778224067106842,-0.6775877844620496
1781099266526353000,29.966352783203124,9.745188107821345,0.8596757785148919,-0.6802149911604821
1781099266551427800,29.991427734375,9.74527110992968,0.8502097387723624,-0.6908347309827804
1781099266576503800,30.01650390625,9.744243520447611,0.8501120505515486,-0.7053011362958699
1781099266601579000,30.0415791015625,9.742173143914341,0.8515712363839149,-0.7315923463720828
1781099266626655000,30.066655029296875,9.741267134985327,0.8490636374771594,-0.7464585646577179
1781099266651730700,30.091730712890627,9.742540223661065,0.8393245529469102,-0.7408326875999569
1781099266676805600,30.1168056640625,9.745545250695944,0.8145281845383345,-0.728924515402317
1781099266701881900,30.1418818359375,9.748427528133988,0.7842720163539052,-0.7235207566626369
1781099266726956800,30.166956787109374,9.747065592131017,0.7987225665107369,-0.7260106737822294
1781099266752032800,30.19203271484375,9.73818495106101,0.8753407459627837,-0.7562786785349249
1781099266777109000,30.21710888671875,9.731202837088704,0.9267674202088266,-0.784345446916297
1781099266802184000,30.242183837890625,9.73452935116291,0.9104355132848024,-0.7618844626527279
1781099266827260000,30.267260009765625,9.741776838073134,0.8896916351374238,-0.6903557152941823
1781099266852335900,30.2923359375,9.739981186828016,0.9266416749373078,-0.6666540102545172
1781099266877410800,30.317410888671876,9.734726919561624,0.9594599486947059,-0.6963479414463043
1781099266902486800,30.34248681640625,9.733084413051605,0.9274564984515309,-0.7598274570576846
1781099266927561700,30.367561767578124,9.738612236562371,0.8491679015692323,-0.780229536030069
1781099266952638000,30.392637939453124,9.744910459923744,0.8091338512141257,-0.7432797154258937
1781099266977714400,30.41771435546875,9.742191264092922,0.8266434966806322,-0.7594573816362769
1781099267002789600,30.44278955078125,9.733305362325906,0.879411356402561,-0.812246868668124
1781099267027865600,30.467865478515623,9.722783968311548,0.9317006388273089,-0.8773927100565284
1781099267052940500,30.4929404296875,9.725747494292259,0.9273302417233585,-0.8486873515106738
1781099267078016500,30.5180166015625,9.738761289644241,0.8889563796654343,-0.7325667443621903
1781099267103092700,30.5430927734375,9.745389183351397,0.8923992866609245,-0.6335309083316475
1781099267128167700,30.568167724609374,9.74107774989307,0.9511845069762319,-0.6140695442754774
1781099267153243600,30.59324365234375,9.729768420371412,1.0224915013428777,-0.6756614195093512
1781099267178319600,30.618319580078126,9.722095401525497,1.0396543061330914,-0.7551967285171151
1781099267203394600,30.64339453125,9.72973627166748,0.9649549659144133,-0.7559845178939402
1781099267228470500,30.668470458984373,9.743346863868831,0.9035546677298844,-0.6489660125464201
1781099267253545500,30.69354541015625,9.744249365666509,0.9363562826134264,-0.5858615042598918
1781099267278621700,30.71862158203125,9.736962131267786,0.9891946502882987,-0.6192553494155406
1781099267303697700,30.74369775390625,9.72582172857225,1.0214941608686,-0.7316326783824711
1781099267328772600,30.768772705078124,9.721630706623197,1.0091220244210213,-0.8012242471333593
1781099267353848600,30.7938486328125,9.729517660480736,0.9607681817490606,-0.7640745931081473
1781099267378924500,30.818924560546876,9.736553550466894,0.9275309519272297,-0.7138803102012723
1781099267403999500,30.84399951171875,9.73354034012556,0.9427988828815519,-0.7346180508688092
1781099267429075700,30.86907568359375,9.724901691117882,0.9873196501966566,-0.7885479401074349
1781099267454150700,30.894150634765627,9.718833769381046,1.012299996870011,-0.8306143730729818
1781099267479226600,30.9192265625,9.720209149387479,0.9952134721864014,-0.8351417873695492
1781099267504302800,30.944302734375,9.725882518848776,0.9753185390185564,-0.7914331401549279
1781099267529377800,30.969377685546874,9.725618899476528,0.9886725261103362,-0.777948074029386
1781099267554453500,30.99445361328125,9.719849083903432,1.0419438783749937,-0.7805196050178259
1781099267579529500,31.019529541015626,9.71574983189106,1.0667256337363271,-0.7979486595287919
1781099267604604700,31.044604736328125,9.718026544651389,1.042238915798813,-0.8025508926272392
1781099267629680600,31.0696806640625,9.717596336540579,1.0410885767199098,-0.8092294936083256
1781099267654755600,31.094755615234376,9.70936860642135,1.0814349078945815,-0.853819453702122
1781099267679831800,31.119831787109376,9.704692431303858,1.0935404292952269,-0.8907719046548008
1781099267704907800,31.14490771484375,9.70981868827641,1.051268098494038,-0.8858033224619924
1781099267729982700,31.169982666015624,9.716052614229916,1.014789475598186,-0.8596117733679711
1781099267755058400,31.195058349609376,9.713064538329839,1.0258168463733046,-0.8800577645473182
1781099267780133600,31.220133544921875,9.705427759841085,1.0486392843604087,-0.935634251949191
1781099267805209600,31.245209716796875,9.698484808835387,1.044474638961628,-1.0093722728550434
1781099267830285600,31.27028564453125,9.701888479799031,1.0158310936056076,-1.0059048890054225
1781099267855360500,31.295360595703126,9.706528999081254,1.0047123912852256,-0.9717227795489132
1781099267880436700,31.320436767578126,9.706435475578903,1.0190088468588887,-0.9576624708186835
1781099267905512400,31.345512451171874,9.696745271691679,1.0640701507914812,-1.0056267296511678
1781099267930587600,31.370587646484374,9.68519687271714,1.1094771263565868,-1.0660016303107143
1781099267955663600,31.39566357421875,9.679600075623393,1.1221893814787267,-1.1029140415139496
1781099267980738000,31.420738037109373,9.681574006044864,1.1289267269097267,-1.0784420096889138
1781099268005814000,31.44581396484375,9.678816231769323,1.1662974763397127,-1.0633377448637038
1781099268030890000,31.470889892578125,9.674535193449259,1.1925872251112013,-1.0730763910025358
1781099268055965000,31.49596484375,9.674369773754478,1.1798583841804415,-1.0885386754851787
1781099268081041200,31.521041259765624,9.675332481306791,1.1564093387275933,-1.1050011499863117
1781099268106117000,31.5461171875,9.667914314004777,1.154427882586792,-1.1700924116432667
1781099268131192000,31.571192138671876,9.652065587487817,1.1501979168668388,-1.2981100120082496
1781099268156268000,31.59626806640625,9.637046882054209,1.1145231576997785,-1.4337272737219928
1781099268181344000,31.621343994140624,9.63732277638614,1.06469222821258,-1.469290023881942
1781099268206419000,31.6464189453125,9.641087097355722,1.0549217986959964,-1.4515299107857047
1781099268231495000,31.671494873046875,9.641174775639175,1.092462643995881,-1.422909088718146
1781099268256570000,31.696570068359375,9.638212418702244,1.1509094261370598,-1.3966396520823239
1781099268281646000,31.72164599609375,9.631013447108865,1.1935573122523724,-1.4104638870343564
1781099268306722000,31.74672216796875,9.624986441904305,1.2079993137765674,-1.4390325405232607
1781099268331797000,31.771796875,9.622467737081646,1.2249923149578272,-1.4415011225938796
1781099268356873000,31.796873046875,9.617675242108106,1.254260495018214,-1.4482890291683375
1781099268381949000,31.821948974609374,9.610697219789028,1.2659578009441494,-1.4840117921955882
1781099268407023900,31.84702392578125,9.608100773555039,1.2590601503849028,-1.5064900198549032
1781099268432100000,31.87210009765625,9.607301147609949,1.2392648781992495,-1.5278786987118422
1781099268457175000,31.897175048828124,9.603543256381153,1.2257370689105243,-1.5620269058987497
1781099268482251000,31.9222509765625,9.593634441307186,1.2439977519400418,-1.607813528431207
1781099268507327000,31.947326904296876,9.58551484773755,1.2613713499367236,-1.6423099645338952
1781099268532402000,31.97240185546875,9.582299977344274,1.2509491785131395,-1.6688415592372416
1781099268557478000,31.997477783203124,9.590081717261672,1.2277480434067547,-1.641140920754522
1781099268582552800,32.022552734375,9.590981296449899,1.2466181635715066,-1.6215589990586041
1781099268607629000,32.04762915039063,9.581741758939623,1.2805628110103309,-1.649470065421611
1781099268632705000,32.072705078125,9.568051087239384,1.289496789702773,-1.7204684322305022
1781099268657780000,32.09778002929688,9.563158639022708,1.2768759391911326,-1.7566944686047732
1781099268682856200,32.12285620117188,9.568154547613858,1.2700976772278547,-1.7342697246983647
1781099268707932000,32.147931884765626,9.563056932213902,1.297687987203896,-1.7419243311047552
1781099268733006800,32.1730068359375,9.557740705627202,1.3150503331542014,-1.758020748772472
1781099268758083000,32.1980830078125,9.544470889687538,1.3365085701160133,-1.8130679516032338
1781099268783158000,32.22315795898437,9.53637116986215,1.3417200211539864,-1.8514242780044674
1781099268808234000,32.24823388671875,9.538781738135219,1.313991764011979,-1.858884823143482
1781099268833310000,32.27331005859375,9.545261163282394,1.299773999697715,-1.835474575331062
1781099268858385200,32.29838525390625,9.540079961252212,1.306195995569229,-1.857715779364109
1781099268883461000,32.323461181640624,9.532012390130758,1.2944544121101498,-1.9067105502881108
1781099268908536800,32.34853686523437,9.522488774982094,1.263825611221045,-1.9736746931448577
1781099268933612000,32.373612060546876,9.520534133782983,1.2367958577372133,-2.000038383935392
1781099268958688000,32.39868798828125,9.503333408135175,1.249046705892682,-2.0729116047054528
1781099268983763000,32.42376293945313,9.473788749220967,1.335269091448933,-2.1528502338171003
1781099269008839000,32.4488388671875,9.42139337607324,1.4794208111435174,-2.2845286947771903
1781099269033915100,32.4739150390625,9.402101231104135,1.5460989766657351,-2.319591386460513
1781099269058990000,32.49898999023438,9.420894778901339,1.5376193176120518,-2.247858421766758
1781099269084065800,32.524065673828126,9.463961767211556,1.5201369985438882,-2.0719459745436906
1781099269109142000,32.54914208984375,9.465071774280071,1.6293011376179753,-1.981969935542345
1781099269134217000,32.57421704101562,9.443453816711902,1.7240544740237294,-2.0047876242890954
1781099269159293000,32.59929296875,9.387081941148638,1.6208391603514551,-2.329355824627727
1781099269184367900,32.62436791992187,9.381367070633173,1.5002750908628106,-2.4309468980990347
1781099269209444000,32.64944409179687,9.402070835965871,1.4998738165855408,-2.349851938559115
1781099269234520000,32.67452001953125,9.39205972956121,1.6091513529062271,-2.317376925281435
1781099269259595000,32.699594970703124,9.34554347757995,1.6700041732758282,-2.4581091919213534
1781099269284671000,32.7246708984375,9.298280791145563,1.692689613945037,-2.6167156995564698
1781099269309747000,32.74974682617187,9.283902721703052,1.678960802191496,-2.6759318586349488
1781099269334822000,32.77482177734375,9.303414646902679,1.6332416919372974,-2.636160989260673
1781099269359898000,32.799898193359375,9.299763723179698,1.6674769928857682,-2.6276021274909374
1781099269384973000,32.82497314453125,9.269201996177435,1.7313674273855983,-2.693445888015628
1781099269410049000,32.85004907226563,9.227857009354233,1.7747281379453836,-2.8048841095015407
1781099269435125000,32.875125,9.212256704640389,1.7606518279284238,-2.8643986670047044
1781099269460200200,32.9002001953125,9.223362036022543,1.7456448129326103,-2.83772780996114
1781099269485276000,32.92527587890625,9.22948373377323,1.7392442982405423,-2.8217066494867202
1781099269510352000,32.950351806640626,9.22260391113162,1.7387119449295103,-2.8444375367328525
1781099269535427000,32.97542700195312,9.211100520342589,1.7548025173783302,-2.871701975755393
1781099269560503000,33.0005029296875,9.207674053025245,1.764611086948216,-2.876676549297571
1781099269585578000,33.02557788085937,9.21100407423079,1.759649957409501,-2.869048538637161
1781099269610654200,33.050654296875,9.216424345713854,1.7456736006356774,-2.860169651132822
1781099269635730000,33.07572998046875,9.208286631965636,1.7350439239412545,-2.892653870630264
1781099269660804900,33.100804931640624,9.19119754999876,1.7407688774593173,-2.9431270435437558
1781099269685880800,33.125880859375,9.178435099059342,1.7522106011889873,-2.9759926635742184
1781099269710956000,33.1509560546875,9.173947139990329,1.7575792886152863,-2.986641191099584
1781099269736032000,33.176031982421875,9.17706205714047,1.7616918385006486,-2.9746126073926686
1781099269761108000,33.20110791015625,9.17525120832622,1.7603138281457125,-2.9810215976521373
1781099269786183200,33.22618310546875,9.17071648750603,1.7686054172813892,-2.990057429283857
1781099269811259100,33.25125903320313,9.15865137118101,1.788961976611614,-3.014811931312084
1781099269836334800,33.2763349609375,9.142337949761748,1.815521482235193,-3.048269379755854
1781099269861409800,33.30140991210938,9.122731332015992,1.845837417782843,-3.0885405998677014
1781099269886486000,33.32648608398438,9.108420482590795,1.868763827601075,-3.116846949158609
1781099269911561000,33.35156103515625,9.105348235538601,1.8723405170440672,-3.123681763614714
1781099269936637000,33.37663696289062,9.104186206021904,1.8778258165873587,-3.123765642505884
1781099269961713200,33.40171313476562,9.096960346421598,1.8986122917674482,-3.132243840254843
1781099269986788000,33.4267880859375,9.077692166849971,1.9212972940452395,-3.1740318946704265
1781099270011864000,33.45186401367187,9.060462215107679,1.929944418620318,-3.217726074968278
1781099270036939800,33.47693969726563,9.056126816251874,1.9159195465296506,-3.238238993903994
1781099270062015000,33.502014892578124,9.054500676354765,1.902563221350312,-3.250642256142199
1781099270087091000,33.527091064453124,9.043318188083171,1.919649526838213,-3.2716593252077697
1781099270112166000,33.552165771484376,9.012021717065572,1.9365166366174815,-3.3472090717107057
1781099270137241900,33.577241943359375,8.994443974798918,1.9384855986028908,-3.393030911687016
1781099270162318000,33.602318115234375,8.981244886007904,1.9473929815493523,-3.4227544342994687
1781099270187393000,33.62739306640625,8.972831277927757,1.9648885984905062,-3.4348081524476406
1781099270212468700,33.65246875,8.953764758408068,1.990538588053733,-3.4696240297630427
1781099270237544000,33.6775439453125,8.92604965300858,2.0390382689371704,-3.51259924813658
1781099270262620000,33.70261987304688,8.909690054360032,2.060395237481594,-3.5415541244640942
1781099270287696000,33.72769580078125,8.90068491012752,2.066178789319098,-3.560770281587541
1781099270312770800,33.75277075195312,8.890715889298916,2.079680952709913,-3.577774023358524
1781099270337847000,33.77784692382812,8.872724890056253,2.0988540013439954,-3.6110873871564864
1781099270362923000,33.80292309570312,8.84447260904014,2.111814020682126,-3.6723183931887147
1781099270387998000,33.827998046875,8.811708403557539,2.1292105611629784,-3.740407594552636
1781099270413074000,33.85307397460937,8.790065311548114,2.1687029058568177,-3.7685380027547475
1781099270438148900,33.87814892578125,8.785759723308681,2.180845763593167,-3.7715652416214343
1781099270463224800,33.903224853515624,8.784149365502595,2.1763084124244747,-3.7779298082172867
1781099270488301000,33.928301025390624,8.775051866811513,2.1833974939025937,-3.7949446559041737
1781099270513376000,33.9533759765625,8.746037369251251,2.216795905635506,-3.8422701784417033
1781099270538452000,33.978451904296875,8.707400472342968,2.24994764913097,-3.9101498287081715
1781099270563528000,34.00352783203125,8.676152516642212,2.274333317846805,-3.9651191439971325
1781099270588603100,34.02860302734375,8.661398015102744,2.278519955881685,-3.994865170702338
1781099270613678800,34.05367895507813,8.653602831181884,2.2760782618179918,-4.013104299487173
1781099270638753800,34.07875390625,8.636063667359947,2.294964164073765,-4.040037314598262
1781099270663830000,34.103830078125,8.595543440923095,2.355133678354323,-4.091497160461545
1781099270688906000,34.12890600585938,8.54929665353298,2.4008994042292238,-4.161206656503677
1781099270713981000,34.15398095703125,8.520124919584394,2.41395630807057,-4.213156331710517
1781099270739057200,34.17905712890625,8.50161194229424,2.42597188616544,-4.243546501538157
1781099270764132900,34.2041328125,8.47492384185493,2.4663573803067207,-4.273542995873093
1781099270789207800,34.22920776367187,8.438674716866016,2.511457628010213,-4.3187665776953095
1781099270814283800,34.25428369140625,8.399981121334433,2.5488170523285865,-4.371981450532377
1781099270839359000,34.27935888671875,8.373153320163487,2.58058084859699,-4.404693049044907
1781099270864435000,34.30443505859375,8.350920445567368,2.605392926031351,-4.432205325348675
1781099270889511000,34.329510986328124,8.325057105514407,2.6275088962495325,-4.467665345786512
1781099270914586000,34.35458618164063,8.291765661287307,2.6569334359154104,-4.511952231280506
1781099270939662000,34.379662109375,8.260456330788134,2.6885432106658813,-4.5504999886006114
1781099270964737800,34.40473779296875,8.21251559896171,2.729676308304071,-4.612360524708032
1781099270989813800,34.42981372070312,8.170593104511498,2.761214186862111,-4.667713870878518
1781099271014889700,34.4548896484375,8.151094623315334,2.768319634953141,-4.6974923385486
1781099271039964700,34.479964599609374,8.118280733472108,2.794464130035043,-4.738662553326785
1781099271065041000,34.505041015625,8.062124546486139,2.863948000627756,-4.792737550124526
1781099271090116900,34.530116943359374,8.012790898996592,2.898430115944147,-4.854347326341271
1781099271115191800,34.55519189453125,7.971480398964881,2.9215856583431363,-4.908181207859516
1781099271140267500,34.580267578125,7.971636466309428,2.9106527609184383,-4.914414549291133
1781099271165342700,34.6053427734375,7.967695035207271,2.919989329062402,-4.915272042903304
1781099271190418700,34.63041870117188,7.927638919150829,2.9564141028791666,-4.958078334450722
1781099271215494700,34.65549462890625,7.872046211266517,3.00449716578573,-5.017400876513123
1781099271240569600,34.68056958007813,7.833456660631299,3.019731559796631,-5.068388136428594
1781099271265645800,34.70564575195313,7.814541532281041,3.013176439064741,-5.101382643535733
1781099271290721500,34.730721435546876,7.813878684458136,3.0250404798597095,-5.095369082334638
1781099271315796700,34.75579663085937,7.799820933011174,3.0517598522201177,-5.100970555603504
1781099271340872700,34.78087280273437,7.757481089931726,3.0700232386633752,-5.154307008993626
1781099271365947600,34.80594775390625,7.700785973763465,3.1032477551341056,-5.219013582181931
1781099271391023600,34.83102368164062,7.653553097945451,3.1453388841494916,-5.263112836149334
1781099271416099800,34.85609985351562,7.642967991045117,3.144515877328813,-5.278965069797635
1781099271441174800,34.8811748046875,7.65155987830162,3.115830757853389,-5.2835190798401825
1781099271466250800,34.906250732421874,7.656531821495294,3.0893449019879102,-5.2918689750343555
1781099271491326700,34.93132666015625,7.630686601620912,3.084550068926811,-5.331842673504352
1781099271516401700,34.956401611328126,7.578447295817733,3.1135785950124264,-5.389167904269695
1781099271541477600,34.9814775390625,7.53706723768115,3.142808488889038,-5.430079175850748
1781099271566552600,35.00655249023438,7.519165085765719,3.1478640187129376,-5.451926850521565
1781099271591628800,35.03162890625,7.527820101386308,3.1271026779741047,-5.451925681477785
1781099271616704800,35.05670483398438,7.548658306753635,3.117657973280549,-5.428475247785449
1781099271641779700,35.08177978515625,7.539784679946303,3.1382565246731042,-5.42893818912208
1781099271666856000,35.10685595703125,7.507951617833972,3.1840193279385565,-5.446384413963556
1781099271691931000,35.131930908203124,7.472460033214092,3.2281364098235965,-5.469172584354877
1781099271717006600,35.15700659179687,7.453043385082482,3.2534900467887518,-5.480630966958404
1781099271742082600,35.18208251953125,7.464560804396867,3.259858705037832,-5.461143007156252
1781099271767157800,35.20715771484375,7.507969153490662,3.2283620352730154,-5.420194326174259
1781099271792233700,35.23223364257812,7.534795785617828,3.2006855083182453,-5.3993409232378005
1781099271817309700,35.25730981445312,7.5301102581501,3.1996605491846797,-5.406474428379536
1781099271842385000,35.282385009765626,7.507755803000927,3.1914626296818254,-5.4422910071700805
1781099271867460600,35.307460693359374,7.484229965984821,3.161391901066899,-5.492022129544615
1781099271892535800,35.33253588867188,7.485484934481978,3.1382778597220775,-5.503553577384352
1781099271917611500,35.357611572265625,7.503593422624468,3.119585726472735,-5.489506931853294
1781099271942687700,35.382687744140625,7.547222136470675,3.081299542698264,-5.451186261287331
1781099271967762700,35.4077626953125,7.591735816457867,3.0527231442943212,-5.405257453805208
1781099271992839000,35.4328388671875,7.618715593320131,3.0480101442977783,-5.369843610596656
1781099272017915000,35.45791479492188,7.631243650981784,3.0662799604818223,-5.341580223664641
1781099272042990000,35.48298999023437,7.646950338679551,3.0829961174830793,-5.309399371027946
1781099272068065800,35.50806567382813,7.694179707366228,3.077105013617873,-5.244182510229945
1781099272093140700,35.533140625,7.758378331032395,3.0448186547800895,-5.1678895441442725
1781099272118217000,35.558217041015624,7.810055326777696,3.024612609836459,-5.101487272953987
1781099272143293000,35.58329296875,7.832959232503176,3.032608577026427,-5.061465059167146
1781099272168367900,35.608367919921875,7.839742609032988,3.053488867969811,-5.038362415999174
1781099272193443800,35.63344384765625,7.844658438125252,3.0641756816789507,-5.02419535895884
1781099272218519800,35.65851977539062,7.885605950063467,3.0483810234367845,-4.969406368672847
1781099272243595000,35.683594970703126,7.96225079832673,3.0195886441946027,-4.863641516648233
1781099272268670700,35.708670654296874,8.028467776077985,3.0084079094886778,-4.760629762724042
1781099272293746000,35.73374584960938,8.066688493400811,3.0302868560805916,-4.681489298252761
1781099272318822000,35.75882177734375,8.085587255138158,3.0343659420877693,-4.646103512094915
1781099272343897900,35.78389794921875,8.087763430133462,3.009575199702382,-4.6584258180513975
1781099272368972800,35.80897290039063,8.091324922007322,2.984742956262827,-4.66820282343924
1781099272394049000,35.83404907226563,8.098242154049872,2.9521839179635045,-4.676907523420453
1781099272419124700,35.859124755859376,8.111791371452808,2.9146266329854726,-4.6769873106583955
1781099272444199700,35.88419970703125,8.128277226829528,2.8941525847554206,-4.661047690987587
1781099272469276000,35.90927587890625,8.140524713984131,2.8873452428281308,-4.643869177171588
1781099272494350800,35.934350830078124,8.155174586105346,2.8706553893119096,-4.6284813461646435
1781099272519426800,35.9594267578125,8.164145243546367,2.871928477987647,-4.6118484835326665
1781099272544503000,35.9845029296875,8.174514077347517,2.8936133633121845,-4.579812592324615
1781099272569578000,36.009577880859375,8.188539095568656,2.910552807675302,-4.543886707940698
1781099272594654000,36.034654052734375,8.213752447280287,2.8955536837249993,-4.507817615693807
1781099272619729700,36.05972973632812,8.23437379502654,2.8891280345916748,-4.474190948162972
1781099272644804900,36.084804931640626,8.233886303770541,2.8992013925775884,-4.468578076717257
1781099272669880800,36.109880859375,8.21561356497705,2.9133655270084735,-4.492933934816718
1781099272694955800,36.13495581054688,8.203125254803895,2.9231100914314387,-4.509384426619112
1781099272720032000,36.16003198242188,8.203755953922867,2.918670647679269,-4.511114611412585
1781099272745108000,36.18510791015625,8.22473093741238,2.893386568818986,-4.489150324624776
1781099272770183000,36.21018286132813,8.251397995063662,2.867019955419004,-4.457021786697209
1781099272795259000,36.2352587890625,8.252996662431954,2.870951741909981,-4.45152698867321
1781099272820334000,36.260333984375,8.24181592772603,2.8912860894083976,-4.459072581747174
1781099272845409800,36.28540991210937,8.233021795895695,2.901102257762849,-4.468936388635635
1781099272870485800,36.31048583984375,8.230414243745804,2.905274867272377,-4.471021085955202
1781099272895561000,36.33556103515625,8.239750227367878,2.9127558706775307,-4.448898685996234
1781099272920637000,36.360636962890624,8.246835217192768,2.916875288695097,-4.433054343393445
1781099272945713000,36.385712890625,8.252273024332522,2.9146587816894054,-4.424376823680102
1781099272970787800,36.410787841796875,8.253578846234083,2.933771478438377,-4.409289436924457
1781099272995863300,36.43586328125,8.242771621015667,2.9625156346246597,-4.410280493788421
1781099273020938200,36.460938232421874,8.223791610735654,2.9956986500412226,-4.423286398094892
1781099273046014000,36.48601391601562,8.204926751267909,3.0294664796084163,-4.4353059217125175
1781099273071090000,36.51108984375,8.213260279849171,3.0284093717709184,-4.420572170700132
1781099273096165000,36.5361650390625,8.228000168341397,3.0050109605267643,-4.409120217837393
1781099273121241000,36.56124096679687,8.221172952669859,3.0140453308537603,-4.415680891527235
1781099273146317000,36.58631713867187,8.183048096936941,3.0608354313403368,-4.454142431868613
1781099273171392300,36.61139233398438,8.151554057520627,3.093558428029716,-4.489147109754383
1781099273196468200,36.63646826171875,8.146145476475358,3.0872946914598343,-4.503256299127638
1781099273221543200,36.66154321289063,8.16883836979866,3.0631632897660133,-4.4785584957227105
1781099273246619000,36.686618896484376,8.190281555321812,3.0505092676371333,-4.447929256442189
1781099273271695000,36.711695068359376,8.192721934211253,3.0446175792500374,-4.44747069901973
1781099273296770000,36.73677001953125,8.17419083674252,3.0573198244348165,-4.472781958147883
1781099273321846000,36.76184594726563,8.165626422014832,3.0699823221310973,-4.479745075158775
1781099273346922200,36.78692211914063,8.164242274180054,3.077621730968356,-4.477024710284173
1781099273371997200,36.8119970703125,8.163779332843422,3.096527214707434,-4.464817847400903
1781099273397073200,36.8370732421875,8.165544004428385,3.1157731824472545,-4.448174171113967
1781099273422148000,36.862148193359374,8.178544355776905,3.10602686445862,-4.431069599317014
1781099273447224000,36.88722412109375,8.202349009734391,3.08379691247195,-4.402504306828975
1781099273472300000,36.91230004882812,8.217032199603318,3.083205668580532,-4.375455556383729
1781099273497375000,36.937375,8.20651022106707,3.0992364736661315,-4.383867410898208
1781099273522451200,36.962451171875,8.187399277883767,3.1000998124971986,-4.418857183475792
1781099273547526100,36.98752612304688,8.179340474590658,3.092713501638174,-4.438912129510939
1781099273572602000,37.01260205078125,8.174038276529311,3.100639326201379,-4.443147575123608
1781099273597678000,37.037677978515624,8.16102448117733,3.11496069702059,-4.457025878350437
1781099273622753000,37.0627529296875,8.14727827989757,3.1247286423191425,-4.475297448100149
1781099273647829000,37.0878291015625,8.134439256590605,3.1371181682929397,-4.489960471963882
1781099273672905000,37.112905029296876,8.126803062623738,3.163102212116122,-4.485563406048715
1781099273697980200,37.13798022460937,8.126435398355126,3.1825366881653663,-4.472458425281942
1781099273723056000,37.16305615234375,8.120918680760264,3.203205966706574,-4.467721167626976
1781099273748131000,37.18813110351562,8.104898689329623,3.2325565643534064,-4.475664527846873
1781099273773207300,37.21320727539062,8.088276640352607,3.2461408530697224,-4.495853913916648
1781099273798283000,37.23828295898438,8.095219006836414,3.2334923838987946,-4.492477130959927
1781099273823358000,37.26335791015625,8.098938319620489,3.227346428489685,-4.490187266457081
1781099273848434000,37.28843383789062,8.090437033256888,3.234880915647745,-4.5000817607447505
1781099273873510100,37.31351025390625,8.08116534704268,3.241947493033111,-4.511645941810309
1781099273898585000,37.338585205078125,8.06419024684429,3.26135449655354,-4.528005832719803
1781099273923661000,37.3636611328125,8.05807497883439,3.268014246703684,-4.534081937763094
1781099273948736300,37.388736328125,8.068851224392652,3.2567584009349346,-4.523001740822195
1781099273973812200,37.413812255859376,8.079516410791873,3.2313512802168725,-4.522188378612697
1781099273998887700,37.4388876953125,8.066252440071105,3.2457562376663085,-4.535523368743061
1781099274023962600,37.463962646484376,8.052968595606089,3.2855762068793175,-4.530457902047038
1781099274049038600,37.48903857421875,8.023472452008724,3.298285758587718,-4.57335742483586
1781099274074114800,37.51411474609375,8.021344207808374,3.310831644167006,-4.568021324504912
1781099274099189800,37.53918969726563,8.004820358508825,3.37137145306468,-4.552702174820006
1781099274124265700,37.564265625,7.9921286347180605,3.4074496054008603,-4.548132967208326
1781099274149340700,37.58934057617188,8.010959591916203,3.392451358233392,-4.526167511376738
1781099274174417000,37.6144169921875,8.036935744693874,3.3748952432766557,-4.493127411562204
1781099274199492600,37.63949267578125,8.024694102758168,3.3968034159630536,-4.498485431464016
1781099274224567600,37.66456762695312,8.001058960148692,3.4325016290709374,-4.513460005494952
1781099274249643800,37.68964379882812,7.985210233631729,3.436933766299486,-4.538091173404455
1781099274274718700,37.71471875,7.986025057145953,3.409825394621491,-4.557068845596909
1781099274299794700,37.73979467773437,7.988672356784344,3.409822472012043,-4.552434463794529
1781099274324871000,37.76487084960937,7.986001676270365,3.4289079884931444,-4.542772024697065
1781099274349945900,37.78994580078125,7.989338711738586,3.4034614125475287,-4.55602313593626
1781099274375021800,37.815021728515624,8.004914466533064,3.361144073560834,-4.560093454115092
1781099274400097500,37.84009765625,7.995464501142501,3.3537370121747254,-4.582073815254867
1781099274425172700,37.8651728515625,7.975103850159049,3.3591827103599905,-4.61345562646836
1781099274450248700,37.890248779296876,7.971853323930501,3.3477947626441713,-4.627336852304637
1781099274475323600,37.91532373046875,7.970856714108586,3.334035994143784,-4.638974098606408
1781099274500399900,37.94039990234375,7.956648740535974,3.3498072715103624,-4.651977372564375
1781099274525475800,37.96547583007813,7.952821875724196,3.3882591672405598,-4.630630340892076
1781099274550550800,37.99055078125,7.971639973440766,3.3870720032826065,-4.599037517276406
1781099274575626500,38.01562646484375,7.997923584732413,3.3602123456686734,-4.573029508055746
1781099274600702700,38.04070263671875,8.00434455769062,3.3763989258378744,-4.549810545031726
1781099274625777700,38.06577758789062,7.980850284856557,3.4400434227526184,-4.543406230947375
1781099274650853600,38.090853515625,7.965970695632696,3.470901210092008,-4.546043301452696
1781099274675928600,38.11592846679687,7.996831113320589,3.4325177034229037,-4.520938670812547
1781099274701004800,38.1410048828125,8.031301538199186,3.3908392468616366,-4.491193228629231
1781099274726080800,38.16608081054687,8.03955498728156,3.3902576475813984,-4.476835909713804
1781099274751155700,38.19115576171875,8.01657918536365,3.4248987528517842,-4.491646817615628
1781099274776231700,38.216231689453124,8.006479231631756,3.4377164411097763,-4.499865779906511
1781099274801307600,38.2413076171875,8.023622089612484,3.3730309107095002,-4.518241686813533
1781099274826382600,38.266382568359376,8.05475606354475,3.312683409513533,-4.507486776304245
1781099274851458800,38.291458740234376,8.062946384263038,3.310502850604057,-4.494427095983922
1781099274876533800,38.31653369140625,8.024528683063387,3.340914355480671,-4.540442412705719
1781099274901609700,38.34160961914063,8.00275641171634,3.3542154433414337,-4.568975556489825
1781099274926685700,38.36668579101563,8.01139389168024,3.3244045347064732,-4.575614556112885
1781099274951761000,38.39176098632812,8.025928028467296,3.2918019495263695,-4.5737227510169145
1781099274976836600,38.41683666992188,8.033978648453951,3.2997952863678335,-4.553782371272146
1781099275001912800,38.44191284179688,8.034738526910543,3.3143335148081183,-4.541865138985217
1781099275026987800,38.46698779296875,8.034834388500451,3.3131694394648075,-4.542551075422764
1781099275052063700,38.49206372070312,8.019705792951584,3.3268317618533967,-4.559266940163075
1781099275077138700,38.517138671875,8.006404997351765,3.342073462387919,-4.57148373991847
1781099275102215000,38.54221484375,8.018487064811588,3.332549262717366,-4.557229589116573
1781099275127290600,38.56729052734375,8.025734551721811,3.32620077047348,-4.549102104501426
1781099275152365600,38.592365478515624,8.010209065809846,3.3392440841808915,-4.566878876471519
1781099275177441800,38.61744189453125,7.987474086910486,3.3630206810876726,-4.589198844829202
1781099275202517800,38.642517822265624,7.97317901957631,3.3792125219538804,-4.602144543381035
1781099275227592700,38.6675927734375,7.969956550398469,3.3735970201596617,-4.611832409180701
1781099275252669000,38.6926689453125,7.966221455523371,3.35812969417572,-4.6295413766115905
1781099275277743900,38.71774389648437,7.967302236497401,3.362000398129225,-4.624872215756774
1781099275302819800,38.74281982421875,7.952386406916379,3.370470120310783,-4.644336210161447
1781099275327895600,38.7678955078125,7.927369454559683,3.363252736277878,-4.6920939866364
1781099275352970800,38.792970703125,7.912607354235648,3.3414220127418637,-4.732438271984457
1781099275378046700,38.81804663085938,7.893755938771367,3.339679845249653,-4.765030628031492
1781099275403122700,38.84312280273438,7.881435970902443,3.3392736025363203,-4.78566921917349
1781099275428198000,38.868197998046874,7.868750676852464,3.329037455204129,-4.813595921497047
1781099275453273900,38.89327392578125,7.8681351753026245,3.309067264842987,-4.828348084948956
1781099275478348800,38.918348876953125,7.859681819733977,3.294422653418779,-4.852066229666769
1781099275503424800,38.9434248046875,7.833466012981534,3.299777458450198,-4.890670685610175
1781099275528500700,38.96850073242187,7.813584669947624,3.31646497387886,-4.911142980274557
1781099275553575700,38.99357568359375,7.809797552624344,3.316560835468769,-4.917104519027471
1781099275578651600,39.018651611328124,7.808662995636463,3.3113355020359156,-4.922420745614171
1781099275603728000,39.043727783203124,7.803114129337668,3.3211700828298922,-4.924596336087585
1781099275628802800,39.068802734375,7.813148032096028,3.324258988755941,-4.90656909648776
1781099275653878800,39.093878662109375,7.83748167836368,3.309365955528617,-4.877743984019756
1781099275678953700,39.11895361328125,7.855473846650123,3.2962533759772774,-4.857634969709813
1781099275704029700,39.14402978515625,7.847371788737178,3.314136823192239,-4.858567866645753
1781099275729105700,39.16910571289063,7.841717708498239,3.3367662958905098,-4.8522041768327355
1781099275754180600,39.1941806640625,7.863857059592008,3.3283573639854787,-4.822052199675142
1781099275779256800,39.2192568359375,7.893835433748364,3.3043399440601466,-4.7894759179800745
1781099275804331800,39.244331787109374,7.9049016021639105,3.296627762247622,-4.7765284658625715
1781099275829407700,39.26940771484375,7.906653414267301,3.3181863908439873,-4.75866489239186
1781099275854484000,39.29448388671875,7.925387340831756,3.3234847895130515,-4.723674535292386
1781099275879559000,39.319558837890625,7.9565224838078015,3.2968580638721585,-4.689871926672756
1781099275904634600,39.34463452148437,7.991133778461814,3.272333863468468,-4.648011099281907
1781099275929710800,39.3697109375,8.01538559166491,3.271024826696515,-4.606987307237088
1781099275954785800,39.394785888671876,8.034401842302083,3.2734953084632754,-4.571979706741869
1781099275979862300,39.4198623046875,8.059684752118587,3.2620962548315524,-4.535477776035666
1781099276004937200,39.44493725585937,8.07616710036397,3.252219880722463,-4.513199016471207
1781099276030013200,39.47001318359375,8.085422419965267,3.2525361070647834,-4.496367708657682
1781099276055089200,39.49508911132813,8.103775822779536,3.249459476098418,-4.465452053651213
1781099276080164000,39.5201640625,8.134489525473118,3.2368992697328327,-4.418482212683558
1781099276105240000,39.54523999023438,8.162884429830312,3.2288112403452396,-4.371784174394607
1781099276130316000,39.57031591796875,8.172208138492703,3.23119725869894,-4.3525574958771465
1781099276155391200,39.59539111328125,8.176471641156077,3.2313889818787573,-4.3444075071692465
1781099276180467200,39.62046728515625,8.182994905444978,3.2238714458554982,-4.337703333355486
1781099276205542100,39.645542236328126,8.191095794314146,3.2138945339813825,-4.3298102420181035
1781099276230618000,39.6706181640625,8.195946156954765,3.194160490463674,-4.335224960543215
1781099276255694000,39.695694091796874,8.195535238066315,3.1733798605024814,-4.351234722840786
1781099276280769000,39.72076904296875,8.194870052155851,3.149999277175963,-4.369443748748302
1781099276305845000,39.745844970703125,8.196509051534534,3.1218358434870837,-4.3865418908044695
1781099276330921200,39.770921142578125,8.200887120488286,3.0959865319594737,-4.396664056368172
1781099276355996200,39.79599609375,8.199417047935723,3.0904782899320122,-4.403282597725093
1781099276381072100,39.821072021484376,8.194742626383901,3.102977998282015,-4.403191704571247
1781099276406147300,39.84614721679687,8.199303650689124,3.128329297159612,-4.376690066614747
1781099276431223000,39.87122314453125,8.209803417393564,3.160838066576421,-4.333432231907547
1781099276456299000,39.89629907226563,8.22747176055312,3.17733590465188,-4.287613022279739
1781099276481374000,39.9213740234375,8.24384831033647,3.183626821489632,-4.251341977719962
1781099276506450200,39.9464501953125,8.256013964426517,3.1892075442314147,-4.223455607406795
1781099276531526100,39.97152612304688,8.26660374750197,3.200206200368702,-4.1943215751200915
1781099276556601000,39.99660107421875,8.274556752333044,3.2175986491963267,-4.165235473628342
1781099276581677300,40.02167724609375,8.276414947420358,3.2293165595188733,-4.152453733466565
1781099276606752300,40.046752197265626,8.27799607913196,3.2126360583528872,-4.1622248936355115
1781099276631828000,40.071827880859374,8.287569963163136,3.1630858455032107,-4.181084784667194
1781099276656904200,40.096904296875,8.301666293054819,3.097162590001523,-4.202413696160912
1781099276681979100,40.12197924804688,8.312488715842365,3.045830169910192,-4.21851376709044
1781099276707055000,40.14705517578125,8.305187452918291,3.0041362235188482,-4.262560414087772
1781099276732131300,40.17213134765625,8.278970477122067,2.9547043763518333,-4.347272541211545
1781099276757206300,40.19720629882813,8.252005313307047,2.906505285850167,-4.430243962147832
1781099276782282200,40.2222822265625,8.241297456809878,2.8710326981917023,-4.473088539879024
1781099276807357200,40.24735717773437,8.238913192021846,2.865186017990112,-4.48122742267102
1781099276832433200,40.27243310546875,8.242310433244704,2.90567935642004,-4.448792010751366
1781099276857509000,40.29750903320313,8.242932364535331,2.979397795842588,-4.398598239301145
1781099276882584000,40.322583984375,8.230960187190771,3.0349957644239067,-4.382977184060215
1781099276907660000,40.34765991210938,8.21919142346382,3.05898308147192,-4.388379627625644
1781099276932736300,40.372736328125,8.2221228007406,3.061599401450157,-4.381061998088658
1781099276957811200,40.397811279296874,8.237403956502675,3.0587618399366736,-4.3542517325744035
1781099276982887200,40.42288720703125,8.25285462361276,3.0758100053712725,-4.312790425895154
1781099277007962000,40.447962158203126,8.251186398139595,3.116161597242951,-4.286936145931482
1781099277033038000,40.4730380859375,8.23105254164934,3.1340988204717632,-4.312495242340862
1781099277058114300,40.4981142578125,8.205832760196923,3.1143069092869755,-4.374444041253626
1781099277083189200,40.52318920898438,8.21550192129612,3.0713492265701294,-4.386654119007289
1781099277108265200,40.54826513671875,8.239757241630553,3.038257396568358,-4.364143011991679
1781099277133340400,40.57334033203125,8.246689671242237,3.0371345300182697,-4.351816029860079
1781099277158416400,40.59841650390625,8.239976437339186,3.0321935664847492,-4.367948249493539
1781099277183492000,40.6234921875,8.22421012840867,3.0390131833717224,-4.392856480778754
1781099277208567000,40.64856713867187,8.224816277608275,3.0331030825451015,-4.395797794927656
1781099277233643300,40.67364331054687,8.228879289263487,3.032025808702409,-4.388941060900688
1781099277258719200,40.69871923828125,8.232308679190277,3.039784460005164,-4.377117059855163
1781099277283794200,40.72379418945312,8.2341493386209,3.049148208416998,-4.367136056327819
1781099277308870400,40.74887036132812,8.243011859512329,3.0556676733136174,-4.34581006744355
1781099277333945300,40.7739453125,8.262140922874211,3.047460401460528,-4.315139619369805
1781099277359021300,40.799021240234374,8.26837251074016,3.046994829775393,-4.303517570637166
1781099277384097300,40.82409716796875,8.266555816707015,3.0540155221924183,-4.302027039818466
1781099277409172200,40.849172119140626,8.26424929333031,3.055144818483293,-4.305662473711371
1781099277434248200,40.874248291015626,8.270745669612287,3.0445836769804355,-4.300665688337386
1781099277459324400,40.899324462890625,8.279426988717914,3.030427725856006,-4.293946316954493
1781099277484399400,40.9243994140625,8.28564396353662,3.0247832902282474,-4.285931645064056
1781099277509475300,40.94947534179688,8.28722860237956,3.0229791634157297,-4.2841362860798835
1781099277534550300,40.97455029296875,8.288415766337513,3.0204926072970033,-4.283595603331923
1781099277559626200,40.99962622070313,8.29744896762073,3.010643997977674,-4.2730183874771
1781099277584702200,41.0247021484375,8.310352288335562,2.9938910160973666,-4.259700933003425
1781099277609777200,41.04977709960937,8.3205007573843,2.9826246489346024,-4.24777551741004
1781099277634853400,41.07485327148437,8.318445578420162,2.986063683472574,-4.2493826603457325
1781099277659928300,41.09992822265625,8.309373798692226,2.9892735854297876,-4.2648529089391225
1781099277685004300,41.12500439453125,8.308402907833457,2.9862071835964916,-4.268888740326464
1781099277710080300,41.15008032226562,8.314573705422879,2.986022182418406,-4.256986121086776
1781099277735155500,41.175155517578126,8.323882801038026,2.9881773146256805,-4.23723834130466
1781099277760231200,41.200231201171874,8.324801084926724,2.990949117426574,-4.233473435813188
1781099277785307100,41.22530712890625,8.323619766187667,2.992359276485443,-4.234803223112225
1781099277810382300,41.25038232421875,8.324625728359818,2.996949526885152,-4.229575551591814
1781099277835458300,41.275458251953125,8.329119532647729,2.9938799101814624,-4.222895050914586
1781099277860533200,41.300533203125,8.331201599618792,2.991547375580668,-4.220436844107509
1781099277885609200,41.32560913085938,8.338921380215883,2.985652764584124,-4.209352263252437
1781099277910685200,41.35068530273438,8.344472000080346,2.9788664654448627,-4.20315574669987
1781099277935760400,41.37576049804687,8.349764845791459,2.9645766588076947,-4.202752134335041
1781099277960836000,41.40083618164063,8.352807282227277,2.966741143365204,-4.195167670555413
1781099277985911800,41.425911865234376,8.350851471984386,2.977291471213102,-4.191583090066909
1781099278010986800,41.45098681640625,8.360497252207994,2.9689319314077496,-4.1782720653340215
1781099278036063000,41.47606298828125,8.376825871196388,2.9411697719961403,-4.1651767291784285
1781099278061138000,41.50113793945312,8.390783084878326,2.922546027807891,-4.15016036183238
1781099278086214000,41.5262138671875,8.396371698665618,2.915935085235536,-4.143503534291685
1781099278111289900,41.55128979492188,8.389442776185273,2.906953029617667,-4.163810701522231
1781099278136365000,41.576364990234374,8.382644202086329,2.896979040353,-4.184391132736206
1781099278161440800,41.60144067382812,8.379884089723229,2.898838404484093,-4.188630962263048
1781099278186515700,41.626515625,8.380940320777892,2.8986361599102612,-4.186667553235591
1781099278211592000,41.651592041015626,8.389437515488266,2.8887796595454214,-4.176446895733475
1781099278236668000,41.67666796875,8.41181301342547,2.874397206188738,-4.141210162657499
1781099278261742800,41.70174291992188,8.435500178483128,2.855706826505065,-4.10581093249619
1781099278286819000,41.72681909179688,8.454599431228637,2.8481209014207125,-4.071656441698968
1781099278311894800,41.751894775390625,8.461865038317441,2.853091675570607,-4.053032989771664
1781099278336969700,41.7769697265625,8.465840956211089,2.85052124056071,-4.046535152184963
1781099278362045700,41.802045654296876,8.472925361514092,2.8388237885043024,-4.039931223875284
1781099278387121000,41.82712084960937,8.484672497931122,2.8332532948955893,-4.019131012430787
1781099278412196900,41.85219677734375,8.495151806369423,2.8331518803477285,-3.997004520818591
1781099278437272800,41.87727294921875,8.515272803378105,2.819400710631907,-3.9637753281727433
1781099278462348000,41.90234814453125,8.536260061827301,2.789372067593038,-3.9398108074784277
1781099278487424000,41.92742407226562,8.54963450718522,2.770031115046143,-3.924424437776208
1781099278512499700,41.95249975585938,8.55336551040709,2.7694299342826008,-3.9167090410932897
1781099278537574700,41.97757470703125,8.551638832744956,2.769910119014978,-3.920138723281026
1781099278562651000,42.00265087890625,8.55649796321392,2.750479442358017,-3.9232106780722735
1781099278587725800,42.027725830078126,8.56729642060399,2.7296760160431264,-3.9141695857435463
1781099278612801800,42.0528017578125,8.58013018321395,2.72352421541512,-3.890258841063082
1781099278637878000,42.0778779296875,8.588531516334413,2.723750133125484,-3.8715205305844544
1781099278662953000,42.10295288085938,8.605261117339134,2.7105522133782505,-3.8435412212908266
1781099278688029000,42.12802880859375,8.62738527086377,2.685528539019823,-3.8113685519605873
1781099278713105000,42.15310498046875,8.6377950211972,2.6732360436797142,-3.7964012844532724
1781099278738179800,42.17817993164063,8.638571266266704,2.671561972987652,-3.7958179316073655
1781099278763255800,42.203255859375,8.63415520339012,2.6792349918335674,-3.8004572818458078
1781099278788330800,42.22833081054687,8.635913445234298,2.6789798480287192,-3.796643276515603
1781099278813407000,42.25340698242187,8.645556887370347,2.6813261188939213,-3.772965171547234
1781099278838483000,42.27848291015625,8.660085178938507,2.686738499331474,-3.7356048704460263
1781099278863558000,42.30355786132812,8.676366451653838,2.6896786444365977,-3.6954946861147877
1781099278888633900,42.3286337890625,8.6924758749336,2.689736219842732,-3.65740723978281
1781099278913708800,42.353708740234374,8.711748146158456,2.684066065251827,-3.615471009068191
1781099278938784800,42.37878466796875,8.73203456286192,2.672135681222379,-3.5751498123347756
1781099278963861000,42.403861083984374,8.752142700389028,2.6486326405599714,-3.5433170424833893
1781099278988936400,42.4289365234375,8.75976545035243,2.633095464210212,-3.5360575728744266
1781099279014012400,42.45401245117188,8.76107185677588,2.6286092587068675,-3.5361563570737835
1781099279039088400,42.47908837890625,8.766416140413284,2.6144573992356657,-3.533399167320132
1781099279064163300,42.50416333007813,8.789200219151377,2.571336342650652,-3.508359418609738
1781099279089239300,42.5292392578125,8.814256334474683,2.532820441773534,-3.4733465574175115
1781099279114314200,42.55431420898437,8.833833141604066,2.5099893090233207,-3.440016534745693
1781099279139390500,42.57939038085937,8.84242152172923,2.5011449083104726,-3.424363330800831
1781099279164466400,42.60446655273437,8.854217173463105,2.4878090413972735,-3.403527755782008
1781099279189541400,42.629541259765624,8.8685338681072,2.4706226365357637,-3.3786835296437143
1781099279214617600,42.65461767578125,8.881040882980823,2.463940090031922,-3.350588777276873
1781099279239692500,42.67969262695313,8.895783694082498,2.4620924163386224,-3.3126281721949575
1781099279264768300,42.704768310546875,8.919329989364742,2.4445313329458234,-3.26193317322433
1781099279289844200,42.72984423828125,8.941796088194847,2.421114363131672,-3.2175892968460915
1781099279314919400,42.75491943359375,8.965179301869869,2.4127457632370293,-3.1582547720849514
1781099279339995400,42.779995361328126,8.968968172758817,2.4298795611284674,-3.1342665782541035
1781099279365070300,42.8050703125,8.982863427120447,2.418208412557095,-3.1033576452493667
1781099279390146600,42.830146484375,9.004687720915674,2.3784235146574675,-3.070681702572107
1781099279415222500,42.85522241210938,9.031062517622113,2.354403756644577,-3.0111650992423296
1781099279440297500,42.88029736328125,9.050924571433663,2.367478342273086,-2.9404367815464734
1781099279465373200,42.90537329101563,9.055372198492288,2.3788449549399315,-2.9174896212011574
1781099279490449400,42.93044946289063,9.07222630265951,2.3478854607917365,-2.8900796362280845
1781099279515524400,42.9555244140625,9.097709703484178,2.302776883651316,-2.845926898507774
1781099279540600300,42.98060034179687,9.11855316954851,2.288273142002523,-2.7903663393273948
1781099279565675300,43.00567529296875,9.121339000874757,2.2963073953762647,-2.77462604162097
1781099279590751500,43.03075146484375,9.12743030348718,2.280880255272239,-2.7673005210384725
1781099279615827200,43.0558271484375,9.146722448456288,2.265583901941031,-2.715691329832375
1781099279640902400,43.08090234375,9.166431357532739,2.2795263564452526,-2.636423147328198
1781099279665978400,43.105978271484375,9.179270380839705,2.3204398199833927,-2.554785897605121
1781099279691054300,43.131054443359375,9.191299256807564,2.3429401133440435,-2.4901962287947534
1781099279716129300,43.15612939453125,9.200386818626523,2.3330193155713377,-2.465811729122698
1781099279741205500,43.18120556640625,9.216120978853105,2.3071837403081354,-2.4311370138436557
1781099279766280400,43.20628051757812,9.235133137837051,2.254653050342947,-2.4081729023635385
1781099279791356400,43.2313564453125,9.24597134271562,2.212215299846977,-2.4059381290487942
1781099279816432400,43.25643237304688,9.243144010335206,2.192190456689149,-2.434943274258822
1781099279841507300,43.28150732421875,9.243699890652298,2.1638927290961143,-2.458038464772701
1781099279866583300,43.30658325195313,9.257665287640691,2.1392561543591317,-2.42685772908926
1781099279891658200,43.331658203125,9.263422243732213,2.1464476732984186,-2.398373392882943
1781099279916734500,43.356734375,9.266126826515793,2.159315045917034,-2.37627422766909
1781099279941810400,43.381810546875,9.271590352618693,2.165034592607617,-2.3495982560589908
1781099279966885400,43.406885498046876,9.288638518053293,2.148429933156818,-2.2969249427527187
1781099279991961300,43.43196142578125,9.306369405055046,2.1291208370529113,-2.242475121293217
1781099280017036500,43.45703662109375,9.31577845391333,2.1326522260494527,-2.1996586006127297
1781099280042112300,43.4821123046875,9.316118645653129,2.120579510939866,-2.209847255541384
1781099280067188200,43.507188232421875,9.316755774512886,2.0750671753041443,-2.2500195453234015
1781099280092263200,43.53226318359375,9.332776934987306,2.043329097998887,-2.2123561696223915
1781099280117339400,43.55733935546875,9.340189257070422,2.0393911740280686,-2.184520506583154
1781099280142414300,43.58241430664062,9.33534357060492,2.047665227507055,-2.1974545146971938
1781099280167490300,43.607490234375,9.32650150797963,2.051550398377329,-2.2311220987603066
1781099280192566300,43.63256616210938,9.329242331120371,2.0407722531229258,-2.2295538265302777
1781099280217641500,43.65764135742187,9.342662369185685,2.018644154075533,-2.193190281381458
1781099280242717200,43.68271728515625,9.355778455868363,1.9936293936759233,-2.1599289400316772
1781099280267793400,43.70779345703125,9.356739409855008,1.991135092642158,-2.1580539399400354
1781099280292868400,43.732868408203124,9.35499870366752,2.003791452858597,-2.1538782616905867
1781099280317944300,43.7579443359375,9.354493092232943,2.0030010331332684,-2.1568008711390196
1781099280343019300,43.783019287109376,9.361690310260652,1.9894180595912039,-2.138081996013224
1781099280368095500,43.808095458984376,9.372265480288863,1.9614257446855305,-2.117520561760664
1781099280393171200,43.833171142578124,9.37846024327576,1.9508366922624407,-2.099785583105683
1781099280418246100,43.85824609375,9.384634547996521,1.9533596348688005,-2.069632729165256
1781099280443322400,43.883322265625,9.385161202219129,1.9466063612163065,-2.0736118619292974
1781099280468397300,43.90839721679688,9.391860992118716,1.932000912758708,-2.056878461532295
1781099280493473300,43.93347338867188,9.401746426317095,1.9171034956172108,-2.025404441990703
1781099280518549500,43.95854956054688,9.409547455456853,1.9035048861145971,-2.001873198147118
1781099280543624400,43.98362451171875,9.409642148002982,1.9031999118186533,-2.001721514716744
1781099280568700400,44.00870043945312,9.403926692965626,1.9070833291232585,-2.024747293256223
1781099280593776000,44.03377612304688,9.402232748529315,1.8971464569985865,-2.0418679394051433
1781099280618851300,44.05885131835937,9.404912781393527,1.8841281316019594,-2.041570563893765
1781099280643927300,44.08392724609375,9.402086033535003,1.8985934409365057,-2.0411953008405863
1781099280669002200,44.109002197265625,9.394247594994306,1.9321715931504964,-2.045779998282343
1781099280694078500,44.134078369140624,9.39349473080039,1.9391141057647763,-2.0426599665656684
1781099280719154400,44.159154541015624,9.399739178147911,1.9296108027517795,-2.022849058419466
1781099280744229400,44.1842294921875,9.400442357981204,1.9445153802864252,-2.005219732096046
1781099280769305300,44.209305419921876,9.392191246986389,1.969724201953411,-2.019233644401282
1781099280794380500,44.23438061523437,9.387261389368772,1.9749926438756287,-2.0369279987849294
1781099280819456300,44.25945629882813,9.39056335352361,1.943974259147048,-2.051493845884502
1781099280844532200,44.2845322265625,9.391925289526581,1.9018124029830097,-2.0845156793899835
1781099280869607400,44.309607421875,9.393803358358145,1.859687810089439,-2.1138551711209117
1781099280894683400,44.33468334960938,9.399936162024735,1.8006082830026744,-2.1376095561958848
1781099280919759400,44.35975927734375,9.40485316016078,1.7549742206834256,-2.153882207213342
1781099280944834300,44.38483422851562,9.406981404361128,1.7512417561568319,-2.1476028346829117
1781099280969910300,44.40991015625,9.407374787592888,1.7728375018931923,-2.1280818493939937
1781099280994985000,44.43498486328125,9.410025594362615,1.7997065118573605,-2.0935183394044636
1781099281020061000,44.46006103515625,9.413204224398731,1.8041003629021346,-2.0753753644704815
1781099281045137000,44.48513696289063,9.417767002269626,1.7805919154122472,-2.07499089519754
1781099281070211800,44.5102119140625,9.420960245352983,1.7713930021733044,-2.068342397093773
1781099281095288000,44.5352880859375,9.419885309597849,1.7958233868137001,-2.052116069436073
1781099281120364000,44.56036401367187,9.420047806683183,1.8120111360266804,-2.0370833354771136
1781099281145439000,44.58543896484375,9.423522204795479,1.7959135493151843,-2.035279208664596
1781099281170515000,44.610514892578124,9.428822649291158,1.7699305284053086,-2.0334790273748338
1781099281195590100,44.63559008789063,9.428871749129891,1.7598342279352246,-2.041994342263788
1781099281220665900,44.660665771484375,9.425141330429911,1.757839839247614,-2.0608516029469666
1781099281245741800,44.685741943359375,9.419261040219665,1.7581098883606492,-2.087325183852762
1781099281270817000,44.71081713867188,9.416800203064083,1.7553100285090506,-2.1007440528742967
1781099281295893000,44.73589306640625,9.415673244860768,1.7575662830032408,-2.1039080698631705
1781099281320969000,44.760968994140626,9.411319725826383,1.7686115547612309,-2.1141135297961533
1781099281346044200,44.78604418945312,9.406403312212229,1.782595071928203,-2.1242364260122177
1781099281371119900,44.81111987304688,9.406790850225091,1.7849568326234817,-2.120532310797274
1781099281396194800,44.83619482421875,9.404037752124667,1.7816376250728965,-2.135480289082229
1781099281421270800,44.86127075195313,9.39871626484096,1.7802574227608738,-2.159913596332073
1781099281446347000,44.88634692382813,9.391894309866428,1.7817099596567452,-2.18820240996629
1781099281471422000,44.911421875,9.388239294490218,1.7757761856935916,-2.2085997396983204
1781099281496498000,44.93649780273437,9.38237712445855,1.7729373090058564,-2.2356433755770326
1781099281521574100,44.96157421875,9.373362627875805,1.803377893846482,-2.2490612216852606
1781099281546649000,44.986649169921876,9.366035645988584,1.8316015332899986,-2.256763612756133
1781099281571724800,45.011724853515624,9.360858535611628,1.8348076358549297,-2.2755584757275877
1781099281596799700,45.0367998046875,9.36469884442687,1.8238811681710183,-2.268542605616152
1781099281621876000,45.0618759765625,9.360590824586152,1.8340794677108525,-2.2772566579476
1781099281646952000,45.086951904296875,9.34912776580751,1.8496164979301393,-2.3115147552497683
1781099281672027000,45.11202685546875,9.334724561923741,1.8495032468140125,-2.3690976140379902
1781099281697103000,45.13710302734375,9.319835620349645,1.8542676847368478,-2.423381723541766
1781099281722178800,45.1621787109375,9.31249577898085,1.8526909369394182,-2.452624623030424
1781099281747254000,45.18725390625,9.304119580301641,1.848133419765532,-2.487602997431159
1781099281772330000,45.212330078125,9.298650208979845,1.8536586129277943,-2.5038889463216063
1781099281797405000,45.23740502929687,9.290946210473775,1.8834850113928316,-2.510218149343133
1781099281822481000,45.26248095703125,9.275548150333762,1.916866179729998,-2.541693191798031
1781099281847557000,45.28755712890625,9.26706264606118,1.923042091885954,-2.5678517154052853
1781099281872632000,45.312632080078124,9.265243613940477,1.9236374274305998,-2.573952662628889
1781099281897708000,45.3377080078125,9.259071647307277,1.9618767033234237,-2.5672949583053586
1781099281922783700,45.36278369140625,9.247626124185324,2.0136814171016213,-2.56843915990442
1781099281947859000,45.38785888671875,9.23250805003047,2.0309857492543757,-2.608888366931677
1781099281972935000,45.41293481445312,9.232550720128417,2.014268277078867,-2.6216698148325084
1781099281998010000,45.43801000976563,9.236118057221173,2.003646637560427,-2.617223941339552
1781099282023086000,45.46308618164063,9.227226894757152,2.0173761799663303,-2.6379694999873635
1781099282048162300,45.48816235351563,9.212426215988398,2.0402838850840923,-2.6718621249780057
1781099282073237200,45.5132373046875,9.2018276650846,2.043934808807075,-2.70538737796098
1781099282098313200,45.53831323242188,9.199504775094985,2.029211725319177,-2.7242957843095064
1781099282123389200,45.56338916015625,9.200686678355932,2.0374382863946257,-2.714158713437617
1781099282148464000,45.58846411132812,9.200366944882273,2.0501492994077504,-2.705646028897166
1781099282173540000,45.6135400390625,9.205548731434344,2.044204127267748,-2.6924787965491412
1781099282198615000,45.63861499023437,9.211536573672294,2.019522690475732,-2.69063462998718
1781099282223691300,45.66369116210937,9.206241389873624,2.020200297476351,-2.7081875300735234
1781099282248767200,45.68876733398437,9.194380271688104,2.039657131487876,-2.7337843281447887
1781099282273842200,45.71384228515625,9.186206902104615,2.0512806415252385,-2.752502472618222
1781099282298918000,45.73891796875,9.190498461818695,2.0354177403524516,-2.7499522036135193
1781099282323994000,45.763994140625,9.19917919640243,2.0134565223045646,-2.7370608655974267
1781099282349069000,45.789069091796875,9.206029208427667,2.007858410036564,-2.71807822496891
1781099282374145000,45.81414501953125,9.20505305687189,2.0109448317445815,-2.719097923405468
1781099282399220200,45.83922021484375,9.199704097059369,2.014166716400534,-2.7347654481366277
1781099282424296200,45.86429614257813,9.199251092594862,2.006830236032605,-2.7416820956572887
1781099282449372200,45.8893720703125,9.194512958157063,1.9960158504210412,-2.7653590315818786
1781099282474447000,45.91444702148438,9.20166049182415,1.9885418612785637,-2.746912689787149
1781099282499523000,45.93952319335938,9.211652893528342,1.9959502378389238,-2.7077736885756254
1781099282524599000,45.96459912109375,9.220670897242426,1.9856572457529604,-2.6845374821558594
1781099282549674000,45.98967407226562,9.223978122094273,1.9745568828068671,-2.6813617747291922
1781099282574750200,46.01475024414062,9.220656284195185,1.9760877456359565,-2.69165140581429
1781099282599825200,46.0398251953125,9.207156166630982,1.9819725658908485,-2.7332074050396677
1781099282624901000,46.06490112304687,9.200482680216432,1.9740666150718926,-2.761268255136907
1781099282649977000,46.08997705078125,9.19621450137794,1.9574584484897553,-2.787178649201989
1781099282675052300,46.11505224609375,9.190821117901802,1.9510583721891044,-2.80937060726583
1781099282700128000,46.1401279296875,9.180800659146904,1.9660894987128674,-2.8315611040249467
1781099282725204200,46.165204345703124,9.168167972066998,1.9780304041363297,-2.8639944701179862
1781099282750279200,46.190279052734375,9.150883075267076,2.00203686427623,-2.90234056738615
1781099282775355100,46.215355224609375,9.133074446853994,2.0357035715565086,-2.9348341392338275
1781099282800430000,46.24043017578125,9.114462100842594,2.0466506436370313,-2.984658200588822
1781099282825506300,46.26550634765625,9.100051298174261,2.0426503219544885,-3.0310175084427
1781099282850582000,46.29058203125,9.07951938227713,2.069046015318483,-3.074380264829099
1781099282875657000,46.31565698242188,9.048657211023569,2.1106617819070816,-3.1364468449026344
1781099282900733200,46.34073315429688,9.017596886849402,2.1507957855053244,-3.198041715811193
1781099282925809200,46.36580908203125,8.988896862065792,2.18273713029772,-3.2566493876025078
1781099282950884000,46.39088403320312,8.957837122413515,2.2041366228096186,-3.327062355738878
1781099282975960000,46.4159599609375,8.92910670249164,2.230740698227286,-3.38603009301424
1781099283001035300,46.44103515625,8.90452755703032,2.265977577433735,-3.427112337248027
1781099283026111200,46.466111328125,8.871742893281578,2.290151649225503,-3.4953955998793242
1781099283051187200,46.49118725585937,8.837992014849185,2.292018173749745,-3.578679740026593
1781099283076262100,46.51626220703125,8.787232133948802,2.3298571982786056,-3.6778713511407375
1781099283101338000,46.541338134765624,8.724358036884665,2.4013807580053803,-3.780120303998887
1781099283126414300,46.566414306640624,8.6554551810503,2.4749697258293626,-3.8894656448587774
1781099283151489300,46.5914892578125,8.598413443401455,2.519634796985984,-3.986120430971682
1781099283176565200,46.616565185546875,8.551863289150596,2.559905432575941,-4.059906382672488
1781099283201640200,46.64164013671875,8.500687228664756,2.634205179017782,-4.119427369916439
1781099283226716200,46.66671606445313,8.445178107410669,2.710727862206101,-4.183456189973652
1781099283251792100,46.691792236328126,8.387723697307706,2.7852026729539037,-4.249609747099876
1781099283276867000,46.7168671875,8.321447682845593,2.8703838788941503,-4.322594027028978
1781099283301943300,46.741943359375,8.27169493316114,2.941862430435419,-4.369772250050306
1781099283327019300,46.76701928710938,8.23916629000008,2.9827926989778875,-4.403353909395635
1781099283352094200,46.79209423828125,8.206137296101451,3.018363194052875,-4.4406306238666176
1781099283377170400,46.81717041015625,8.178595209181308,3.052934741218388,-4.467724674758315
1781099283402245400,46.842245361328125,8.13642253936231,3.084019323050976,-4.523038857962191
1781099283427321000,46.86732104492187,8.088422186303138,3.1089728547826407,-4.591522903862595
1781099283452397000,46.89239697265625,8.043148043337464,3.151628631943464,-4.64170060096085
1781099283477472300,46.91747216796875,8.015297913381456,3.190620625899732,-4.663190840496123
1781099283502548200,46.94254833984375,8.000230108109117,3.2017572292029857,-4.681392852140963
1781099283527624200,46.967624267578124,8.01021841816008,3.1776471625581384,-4.680742571538686
1781099283552699400,46.99269946289063,8.030309020030497,3.1572379962578414,-4.660086152479052
1781099283577775400,47.017775390625,8.02558666768372,3.170588476218283,-4.659155009108781
1781099283602850300,47.04285034179688,8.009053466033935,3.1975311359405514,-4.669177513690292
1781099283627926000,47.067926025390626,8.017210469004512,3.1683830751284954,-4.675042898592353
1781099283653002200,47.093002197265626,8.044875305521488,3.1008287112936377,-4.67281908506304
1781099283678077200,47.1180771484375,8.088910846602916,3.0464018323183057,-4.632425699876249
1781099283703153200,47.14315307617188,8.113823754063247,3.0476722906455396,-4.587798622642457
1781099283728229400,47.1682294921875,8.115817558228969,3.0564149845495816,-4.5784465646684165
1781099283753304300,47.19330419921875,8.111028570386766,3.053721799942851,-4.588724797576665
1781099283778380000,47.21838012695312,8.122385830703378,3.0195664323627947,-4.591238241702318
1781099283803455200,47.243455322265625,8.184758407986164,2.9586928614661097,-4.519546924193203
1781099283828531200,47.26853125,8.242040968653559,2.922382069417834,-4.438337252232432
1781099283853607200,47.29360717773437,8.279653198689221,2.891233482438326,-4.388451231557131
1781099283878682000,47.31868212890625,8.282706741040945,2.884556196631491,-4.387077605116367
1781099283903758300,47.34375830078125,8.294621050718426,2.860396737886965,-4.380391259220242
1781099283928834300,47.368834228515624,8.33478705689013,2.816727984291315,-4.332180478280782
1781099283953909200,47.3939091796875,8.382739479154347,2.77533389762938,-4.265862670503556
1781099283978985200,47.418985107421875,8.417149698278308,2.7518188742682335,-4.213012831586599
1781099284004060400,47.44406030273438,8.437495736214519,2.729270357851684,-4.186899316164851
1781099284029136400,47.46913647460938,8.460909929549693,2.688428059853613,-4.166027208527923
1781099284054212600,47.49421264648438,8.494664899635314,2.647597744554281,-4.123266801948845
1781099284079287600,47.51928759765625,8.522632518491148,2.6209853396996854,-4.0823461780175565
1781099284104363500,47.54436352539062,8.528435067290067,2.615247672830522,-4.073894283753633
1781099284129438500,47.5694384765625,8.546927586314082,2.5888065328896044,-4.051977927760779
1781099284154514400,47.59451440429687,8.580441733381152,2.560594876144826,-3.9987160009115934
1781099284179590400,47.61959033203125,8.636259482192992,2.5062761337190866,-3.9120281898006795
1781099284204665300,47.644665283203125,8.6786186144948,2.4700796157002447,-3.8406612819403407
1781099284229741600,47.669741455078125,8.706545901340245,2.4432806022323668,-3.7943200942650437
1781099284254817500,47.694817626953125,8.719133580234645,2.422261195079237,-3.7788495534107085
1781099284279892500,47.719892578125,8.750068816724418,2.367572158036381,-3.7418288595274087
1781099284304968400,47.744968505859376,8.789389604243636,2.3044842720910905,-3.688687344187498
1781099284330043600,47.77004370117187,8.820054791620374,2.265716296149045,-3.6391707413464784
1781099284355119400,47.79511938476563,8.842234474724531,2.254914770019054,-3.591742635217309
1781099284380195300,47.8201953125,8.860507213518023,2.2298856888331473,-3.562219311352074
1781099284405270500,47.8452705078125,8.885443501853942,2.1844961027942595,-3.5280642360329626
1781099284430346500,47.87034643554688,8.914164569425582,2.1659031921356915,-3.4665433071434495
1781099284455422500,47.89542236328125,8.94320770855844,2.159071446419507,-3.3952725531339643
1781099284480497400,47.92049731445312,8.972197071677446,2.1262419206157324,-3.3390406705632802
1781099284505573600,47.94557373046875,8.998480682969094,2.0840403169631956,-3.2946181759908795
1781099284530648600,47.970648681640625,9.023393005907534,2.063367823551595,-3.239019330626726
1781099284555724300,47.99572436523437,9.050902359601855,2.0457687462359666,-3.172761436343193
1781099284580800500,48.02080053710937,9.058808602681756,2.014622935735434,-3.1701252426207063
1781099284605875500,48.04587548828125,9.058459643113613,1.991831988865137,-3.1854742029219865
1781099284630951400,48.070951416015625,9.077883890029787,1.9571610729783773,-3.1515012061715124
1781099284656026400,48.0960263671875,9.08539558083415,1.9494405617289243,-3.1345980021655557
1781099284681102600,48.1211025390625,9.090649263578653,1.9526640538200735,-3.1172999536231156
1781099284706178300,48.14617822265625,9.093724433240293,1.955299224629253,-3.1066701307982205
1781099284731253500,48.17125341796875,9.093627987128496,1.9284063953980803,-3.123715081362426
1781099284756329500,48.19632958984375,9.090086368998884,1.9082503270760178,-3.1463144511833785
1781099284781405400,48.22140551757813,9.087747696918248,1.9229957685261965,-3.144088299566507
1781099284806480400,48.24648046875,9.08468947839141,1.9176150984011588,-3.156190240770578
1781099284831556600,48.271556640625,9.0787559966892,1.888470544720441,-3.19065189782083
1781099284856631600,48.296631591796874,9.077230394557118,1.8926855320669709,-3.1924922649905083
1781099284881707500,48.32170751953125,9.071621322503685,1.9239834643892944,-3.1897336139321326
1781099284906783200,48.346783203125,9.058175565475224,1.94867030800879,-3.2128689903259278
1781099284931858400,48.3718583984375,9.043809770992398,1.9659886686868964,-3.242645412169397
1781099284956934400,48.39693432617187,9.03543123422563,1.9788044572487473,-3.2581752819955345
1781099284982009300,48.42200927734375,9.038291299831867,1.9900674634106457,-3.2433582366138696
1781099285007085300,48.447085205078125,9.029891720277071,2.0055989406719803,-3.2571541222542524
1781099285032161300,48.472161376953125,9.016971448427439,2.0198007767647503,-3.2840631719678637
1781099285057236200,48.497236328125,9.00629983228743,2.0296843112669882,-3.3071602621778844
1781099285082312200,48.522312255859376,9.001304508218169,2.0095788040883837,-3.3329467376023527
1781099285107388200,48.54738818359375,8.999171587842703,1.9898245945654809,-3.350509282299876
1781099285132463000,48.57246313476563,8.986931699472665,1.9945532305225728,-3.3804110840886827
1781099285157539000,48.5975390625,8.95641147352457,2.0208741050846872,-3.4451632499843834
1781099285182614300,48.6226142578125,8.922229802459478,2.0649447174794973,-3.507164071345329
1781099285207690200,48.64769018554688,8.905973079663514,2.0884515575341878,-3.5344577364623544
1781099285232766200,48.67276611328125,8.901700809171796,2.0943423691384493,-3.5417210054636
1781099285257841200,48.69784106445312,8.888483600202202,2.123220673098415,-3.557697157752514
1781099285282917400,48.72291748046875,8.864129495668411,2.1721667825751005,-3.5887720949739217
1781099285307993000,48.7479931640625,8.835283924934268,2.2162474779725074,-3.6326875168070196
1781099285333068000,48.77306811523437,8.815052453288436,2.2331708479836583,-3.6712674228310584
1781099285358144300,48.79814428710937,8.789968280914426,2.2649065872013567,-3.711750239866972
1781099285383219200,48.82321923828125,8.763580624726414,2.294329227171093,-3.7558053624317047
1781099285408295200,48.848295166015625,8.72861744789481,2.3266744765892624,-3.816825940583646
1781099285433371400,48.873371337890624,8.693329276892543,2.347779370068759,-3.8838606644585725
1781099285458446300,48.8984462890625,8.667847629633545,2.3706110873408615,-3.9267026118412613
1781099285483522300,48.923522216796876,8.642323312276602,2.3983690089687704,-3.9659120479404923
1781099285508597200,48.94859716796875,8.607100607725977,2.4282884925447403,-4.023873530782759
1781099285533673200,48.97367309570313,8.56114257414937,2.4742747293025253,-4.093303040839731
1781099285558749200,48.99874926757813,8.516651690515875,2.504349257309735,-4.167167610734701
1781099285583824100,49.02382421875,8.477297000727058,2.5251050450906156,-4.234350510908663
1781099285608900400,49.048900390625,8.443466042795777,2.557944653896987,-4.281965079520642
1781099285633976300,49.07397631835938,8.410404315671324,2.6017513546586035,-4.320466075089573
1781099285659051300,49.09905126953125,8.369471416780351,2.6440646019920706,-4.373933461382985
1781099285684127000,49.124126953125,8.323359653946756,2.6993784929350015,-4.4277977380394935
1781099285709202200,49.1492021484375,8.281852754560113,2.765621481910348,-4.4646030356064434
1781099285734278100,49.17427807617187,8.25984959706664,2.79766701772958,-4.4853488865152
1781099285759354000,49.19935400390625,8.244009638378024,2.802450744874775,-4.5114299609720705
1781099285784429300,49.22442919921875,8.225976553559303,2.823552277353406,-4.531145592050254
1781099285809505300,49.24950537109375,8.19312116266191,2.8666382626250386,-4.5635003399491305
1781099285834580200,49.27458032226563,8.140297334969043,2.9195336942493912,-4.624095678426325
1781099285859656200,49.29965625,8.087704977944492,2.9711729883328077,-4.683113976845145
1781099285884732200,49.324732177734376,8.051132612350582,3.0047604928970335,-4.724514493247867
1781099285909807000,49.34980712890625,8.015947317200899,3.0191081672012805,-4.7749271681457754
1781099285934883000,49.37488305664063,7.974257462462782,3.049666971594095,-4.825053427317738
1781099285959958300,49.39995825195312,7.922773943462968,3.1054817977964877,-4.874014734363556
1781099285985034200,49.4250341796875,7.8614318782716985,3.175314043435454,-4.928049691411853
1781099286010110200,49.45011010742188,7.814992783179878,3.232877466870844,-4.964354930502176
1781099286035185200,49.47518505859375,7.797163696500658,3.252054168766737,-4.979834823706746
1781099286060261000,49.50026123046875,7.7922455293208355,3.267829537786543,-4.9772056442469355
1781099286085337000,49.52533715820312,7.778755348628759,3.3062811412557958,-4.972915838098526
1781099286110412000,49.550412109375,7.742557077044248,3.367674352112412,-4.98818179629147
1781099286135488000,49.57548803710937,7.7104457825124255,3.4230215608030554,-5.00023113052547
1781099286160563000,49.60056298828125,7.692988451755046,3.4447514543130993,-5.012187525779009
1781099286185639200,49.62563916015625,7.672327941042185,3.4345828192591665,-5.050684137433767
1781099286210715100,49.650715087890624,7.643823731091618,3.433004317896068,-5.094780468791723
1781099286235790000,49.6757900390625,7.606680287611484,3.4544171082809565,-5.135739086645842
1781099286260866000,49.700865966796876,7.5680264395684,3.4700285189107056,-5.182112715286016
1781099286285941200,49.72594116210937,7.538751245245337,3.4735637072995305,-5.2222559251040215
1781099286311017000,49.75101684570313,7.520591903698444,3.4799063543245192,-5.24417315787971
1781099286336093200,49.77609326171875,7.504270298972726,3.4930618962347504,-5.258783867034316
1781099286361168100,49.80116821289062,7.495676073628664,3.504351644273102,-5.263534276431798
1781099286386244000,49.826244140625,7.497899010375142,3.5175510253250595,-5.251546901518106
1781099286411319000,49.851319091796874,7.482672799670696,3.550331597420573,-5.25120437169075
1781099286436395300,49.876395263671874,7.463227509966492,3.5981682843506335,-5.246316599649191
1781099286461471000,49.90147094726562,7.430716986984014,3.647929217341542,-5.258078349113464
1781099286486546000,49.9265458984375,7.439096108272671,3.652578796713054,-5.242983071312308
1781099286511622100,49.9516220703125,7.467884395861625,3.6274303269311785,-5.219469509255886
1781099286536697000,49.97669702148438,7.484366159585118,3.620835750971734,-5.20040240521431
1781099286561773000,50.00177294921875,7.459806887868046,3.6644364077672362,-5.2051434622615576
1781099286586849000,50.02684912109375,7.41599054249525,3.6744933991402386,-5.2603796117931605
1781099286611924200,50.05192431640625,7.38046213299632,3.653477791379392,-5.324594017550349
1781099286637000200,50.07700024414063,7.395729260233044,3.642606561014056,-5.3108378793984645
1781099286662076000,50.102075927734376,7.394204242622852,3.6637919723838563,-5.2983723655790085
1781099286687151000,50.12715112304687,7.377281164872646,3.668196344822645,-5.3188744708597655
1781099286712227000,50.15222705078125,7.356389183491468,3.6841537924110885,-5.336749150246382
1781099286737302000,50.17730200195312,7.346131408849359,3.722565063869953,-5.324217585453391
1781099286762378000,50.2023779296875,7.353298231738806,3.732058283880353,-5.307647558924556
1781099286787454200,50.2274541015625,7.37473732560873,3.6985496897712347,-5.301358103391528
1781099286812529200,50.252529052734374,7.387038588777184,3.695251817269623,-5.28650832478404
1781099286837605000,50.277605224609374,7.35136814045906,3.7394668065711856,-5.305106642270088
1781099286862680300,50.30268041992188,7.304021282872557,3.7648032001405953,-5.352372251313924
1781099286887756000,50.327756103515625,7.295031920731067,3.75044295861572,-5.374664747142791
1781099286912832000,50.35283203125,7.3093474463313814,3.7567885282501576,-5.350735005500912
1781099286937907000,50.37790698242188,7.292259533408283,3.7988817030921576,-5.3443315681993955
1781099286962983200,50.40298315429688,7.263666476130485,3.8253710660889744,-5.364329815611243
1781099286988058000,50.42805810546875,7.257538348639011,3.8251574233382937,-5.372772649785876
1781099287013134600,50.45313452148437,7.2482649088591335,3.826387549655139,-5.384404635390639
1781099287038210300,50.47821020507813,7.248525021100044,3.818857446411252,-5.3893993749380105
1781099287063285200,50.50328515625,7.240116673716902,3.8227871870756145,-5.397905921998619
1781099287088361500,50.528361572265624,7.234158642095327,3.8277147066056725,-5.402399141764641
1781099287113436400,50.5534365234375,7.218470074576139,3.8277106149524447,-5.423348406291008
1781099287138512400,50.578512451171875,7.205809330445527,3.8159479887053367,-5.448417381095886
1781099287163588600,50.603588623046875,7.178789806094765,3.822627904860675,-5.47931228557527
1781099287188663600,50.62866357421875,7.148311665722727,3.839655612029135,-5.5071834583193064
1781099287213739500,50.653739501953126,7.12327776223123,3.822710322447121,-5.551231274360418
1781099287238815500,50.6788154296875,7.117718959060311,3.779124570959806,-5.588083041417598
1781099287263890400,50.70389038085938,7.1296250854313366,3.771343707825243,-5.578156106165051
1781099287288966400,50.72896630859375,7.083605092534422,3.8024870341077444,-5.615512315613031
1781099287314041300,50.75404125976563,7.079012504047155,3.794158473962545,-5.626929781684279
1781099287339117600,50.77911767578125,7.0599828094065185,3.750823190104961,-5.679641965696216
1781099287364193500,50.80419360351563,7.083294126889109,3.7166461952149867,-5.673081876528263
1781099287389268500,50.8292685546875,7.073492279320955,3.7055458322688937,-5.692540025714039
1781099287414344400,50.85434448242187,7.029269691234827,3.7376854761123655,-5.726205563950538
1781099287439419400,50.87941943359375,7.018069082784653,3.7388700097218153,-5.739160907113551
1781099287464495400,50.904495361328124,6.9774418888419865,3.7438343541309234,-5.785274423512816
1781099287489571600,50.929571533203124,7.018709718775749,3.7305426186203956,-5.74379032047987
1781099287514646500,50.954646484375,7.022631860655546,3.7544331972956657,-5.723392844617367
1781099287539722500,50.979722412109375,7.016120871326327,3.7946965263620016,-5.704799203306436
1781099287564797400,51.00479736328125,7.008827207186818,3.82011066134274,-5.696795929592848
1781099287589873700,51.02987377929688,6.974806864163279,3.8434196407377716,-5.722810076293349
1781099287614949400,51.054949462890626,6.98038203394711,3.852634043806791,-5.709800957116484
1781099287640024300,51.0800244140625,6.989217666831612,3.8617835649460552,-5.692790785604715
1781099287665100500,51.1051005859375,6.996508992883562,3.8654377035394307,-5.681344093438983
1781099287690176500,51.13017651367188,6.984840766921639,3.8772587819755073,-5.687636471581459
1781099287715251500,51.15525146484375,6.974366134658456,3.8934398091867566,-5.689436214479803
1781099287740327400,51.18032739257813,6.9748594711333505,3.9108626531526443,-5.676875423592329
1781099287765402600,51.205402587890624,6.956411960294842,3.9319031030938025,-5.68496871367693
1781099287790478600,51.230478515625,6.947126245555281,3.9466947217732664,-5.686075798135995
1781099287815554300,51.25555419921875,6.958108242818713,3.939597749249637,-5.677559314203262
1781099287840629500,51.28062939453125,6.995764311996102,3.9199037454813714,-5.644824919337034
1781099287865705500,51.30570556640625,7.026957322639227,3.915124986772239,-5.609280727747082
1781099287890780400,51.33078051757813,7.04345662201941,3.9222970703586935,-5.583523186156153
1781099287915856400,51.3558564453125,6.999574810194969,3.981147903256118,-5.597032656070589
1781099287940932600,51.3809326171875,6.937346609818935,4.0780750765696165,-5.604722041529417
1781099287966007600,51.40600756835938,6.952318553501367,4.084871312581003,-5.5811745772033925
1781099287991083300,51.431083251953126,7.046826390713453,3.9770498202875255,-5.540366765996813
1781099288016158500,51.45615844726562,7.187853987038135,3.8431981069415806,-5.45297957444489
1781099288041234200,51.48123413085938,7.249847209614515,3.82242302993834,-5.3850926176548
1781099288066310400,51.50631030273438,7.1306374773442744,3.937765857647359,-5.460621613630652
1781099288091385300,51.53138525390625,6.984682361489534,3.9217335912570355,-5.657260038018226
1781099288116461300,51.55646142578125,6.938710299387574,3.7320752350151536,-5.839204166620969
1781099288141536300,51.581536376953125,7.146138997858762,3.668531860387325,-5.625384305807947
1781099288166612500,51.606612548828124,7.256908234041929,3.765644911661744,-5.415500030878186
1781099288191688200,51.63168823242187,7.215510640248656,3.8706960624590514,-5.396707067602873
1781099288216763100,51.65676318359375,7.184032382923364,3.9105268453270194,-5.409977468064427
1781099288241839400,51.68183935546875,7.138669977152347,3.8996629214853047,-5.4774476607471705
1781099288266914300,51.70691430664063,7.1666422721832985,3.895514277373254,-5.443761079722643
1781099288291990300,51.731990234375,7.234139937394857,3.8939042118281124,-5.3549149215340615
1781099288317066500,51.75706640625,7.2639154824554915,3.899871595799923,-5.3100750783324235
1781099288342141400,51.78214135742188,7.218902620774507,3.896977920185029,-5.373216301900148
1781099288367217400,51.80721752929688,7.1688950195461505,3.8713632941961285,-5.458008216261863
1781099288392292400,51.83229223632812,7.169236964851617,3.8322698856920003,-5.485083270192146
1781099288417368300,51.85736840820312,7.202940497010946,3.793957398432493,-5.467538845673203
1781099288442444300,51.8824443359375,7.257007602763175,3.7662010842397806,-5.414976299265026
1781099288467519200,51.90751928710937,7.278291798332333,3.762638131061196,-5.38882128278911
1781099288492595500,51.93259545898437,7.254230539265275,3.766642398266494,-5.418384646403789
1781099288517670400,51.95767041015625,7.23189595786035,3.7717458588853474,-5.444627925685047
1781099288542746400,51.982746337890624,7.216625908014178,3.7845784524515267,-5.455974664607644
1781099288567822300,52.007822265625,7.225013212609291,3.7817891139939426,-5.4468052697241305
1781099288592897500,52.0328974609375,7.249877020230889,3.776252230393886,-5.417527152791619
1781099288617973200,52.05797314453125,7.288888595670461,3.770942725808918,-5.368659369248151
1781099288643048200,52.08304809570313,7.308997317719459,3.790695474027097,-5.327247746929526
1781099288668124400,52.10812451171875,7.308276602229475,3.8293092823207378,-5.300555554836988
1781099288693200400,52.13320043945313,7.301836340048909,3.8502091547474264,-5.29428480400443
1781099288718275300,52.158275390625,7.313010645014047,3.8458170572683215,-5.2820431620687245
1781099288743351300,52.18335131835938,7.349359138724208,3.822467745862901,-5.248429061758518
1781099288768427300,52.20842724609375,7.390982942488789,3.787776663970947,-5.215026558372378
1781099288793502200,52.23350219726562,7.417287596568465,3.7613115586325523,-5.196802919417619
1781099288818578200,52.258578125,7.429943664523959,3.7453053034663197,-5.190282577738166
1781099288843653400,52.2836533203125,7.418056242853402,3.7425735404148694,-5.209221671485901
1781099288868729300,52.30872924804687,7.408173146742582,3.730343296656012,-5.232009841877222
1781099288893805300,52.33380541992187,7.421986568039655,3.7100706162169574,-5.226840914806723
1781099288918880300,52.35888037109375,7.462943432328105,3.684130703796446,-5.186719916820526
1781099288943956500,52.38395654296875,7.495153511059284,3.6672701698884365,-5.152107453122735
1781099288969031400,52.40903149414063,7.511039646977186,3.6573873660385607,-5.135968219226599
1781099288994107000,52.43410693359375,7.515345235216617,3.666152271774411,-5.123411519992351
1781099289019182800,52.459182861328124,7.5274571132928125,3.6673131322473287,-5.104765271711349
1781099289044257800,52.4842578125,7.539856576138734,3.6601138683930037,-5.091612944671511
1781099289069333800,52.509333740234375,7.556224358093738,3.653553779225051,-5.072021524494886
1781099289094408700,52.53440869140625,7.565276848599314,3.6633094495639202,-5.051448107543587
1781099289119485000,52.55948486328125,7.568031700265407,3.6703698894694448,-5.042187527245283
1781099289144561000,52.584560791015626,7.5774530240833755,3.651931438720226,-5.0414294023543595
1781099289169635800,52.6096357421875,7.598641942584514,3.619987901970744,-5.032564543375373
1781099289194711800,52.6347119140625,7.6206234727680675,3.6015114572986957,-5.012544668653607
1781099289219787000,52.659787109375,7.616576827725767,3.6024887778982517,-5.01798539840281
1781099289244862700,52.68486279296875,7.59596366328597,3.6104356452494857,-5.04346120044291
1781099289269939000,52.70993896484375,7.597925318747758,3.594604746650159,-5.051805834940075
1781099289295014000,52.735013916015625,7.626981901884078,3.568724455462396,-5.02630256037116
1781099289320089900,52.76008984375,7.656604302209615,3.5481147981539367,-4.995764798766374
1781099289345165800,52.78516577148437,7.665915151390433,3.5377407036557793,-4.9888434750705954
1781099289370241000,52.810240966796876,7.6556223054349415,3.5452351510643956,-4.999315769246221
1781099289395316700,52.835316650390624,7.652429646873474,3.553118597790599,-4.998610835847258
1781099289420391700,52.8603916015625,7.664803975278138,3.543813301567733,-4.986235922920703
1781099289445468000,52.88546801757813,7.686531822961569,3.5216374178558585,-4.968463534864783
1781099289470544000,52.9105439453125,7.703816135239601,3.516899867939949,-4.944998488125205
1781099289495618800,52.93561889648438,7.713651300555467,3.519059384061396,-4.928099375772476
1781099289520694800,52.96069482421875,7.716210337388515,3.5203804035320876,-4.923154320585727
1781099289545770000,52.98577001953125,7.725032526269555,3.5086847050413486,-4.9176615683883425
1781099289570846000,53.01084594726562,7.766877279308438,3.46933001525253,-4.879518007954955
1781099289595921700,53.03592163085938,7.7974156254351135,3.438875548017025,-4.852301207466423
1781099289620996900,53.06099682617187,7.8184034684062,3.4217502256929873,-4.830585342481732
1781099289646072800,53.08607275390625,7.816139615127444,3.4300320240870117,-4.828381987218559
1781099289671148800,53.11114868164063,7.8075991657972335,3.425833111092448,-4.845151920233667
1781099289696223700,53.1362236328125,7.8166773752659555,3.403824400641024,-4.846018766196072
1781099289721300000,53.161300048828124,7.848020608034729,3.3778628609105943,-4.813419688147306
1781099289746375000,53.186375,7.88420134396255,3.3589883568316696,-4.767274607565999
1781099289771451000,53.211450927734376,7.895448129642009,3.357697440238297,-4.749543720564246
1781099289796526800,53.23652685546875,7.8892282322138545,3.3731013455972074,-4.748958906413614
1781099289821601800,53.26160180664063,7.897862789568305,3.363734090054035,-4.741245847818255
1781099289846677800,53.286677734375,7.92426096715033,3.337018224824965,-4.716009699752926
1781099289871752700,53.31175268554688,7.940260500314832,3.3278540906384584,-4.695530098564922
1781099289896829000,53.33682885742188,7.949055216667055,3.331387233200669,-4.678112515296042
1781099289921905000,53.36190478515625,7.950574973580241,3.3257857599318026,-4.679518582701683
1781099289946979800,53.38697973632812,7.977477593553066,3.2888080284073946,-4.659833054500818
1781099289972055800,53.41205590820312,8.003961695852876,3.268005478875339,-4.6289416571527715
1781099289997130800,53.437130859375,8.009349234110116,3.275376007643342,-4.6143908614918585
1781099290022206700,53.46220678710937,7.992158445334434,3.2912589286908505,-4.6328620454669
1781099290047283000,53.48728295898437,8.003212338790297,3.276375540074706,-4.624320719353855
1781099290072358000,53.51235791015625,8.043597540670634,3.2445743344053626,-4.576429087366163
1781099290097433900,53.537433837890624,8.083119403719902,3.214941997207701,-4.527445568488538
1781099290122508800,53.5625087890625,8.100833339586854,3.2097672249183056,-4.49936484464705
1781099290147585000,53.5875849609375,8.093719708189369,3.2031247181639073,-4.516870690721273
1781099290172660700,53.61266064453125,8.088855901545285,3.18632526679337,-4.53741020540297
1781099290197735700,53.63773559570313,8.111030908474326,3.1550068762049075,-4.5196772725746035
1781099290222812000,53.66281201171875,8.150129577675461,3.113224667008221,-4.478119519783556
1781099290247888000,53.68788793945313,8.169207203111052,3.0947748180821537,-4.456099995677173
1781099290272962800,53.712962890625,8.186118005901575,3.0872558207541703,-4.430208598573506
1781099290298038800,53.73803881835938,8.198999699306487,3.064719871558249,-4.4220220772475
1781099290323114000,53.763114013671874,8.215009753865003,3.03504544878453,-4.41276295825392
1781099290348190000,53.78818994140625,8.217867481383681,3.0464585309416052,-4.399567084333301
1781099290373265700,53.813265625,8.233042838683724,3.0359765921548005,-4.378388394965231
1781099290398340900,53.8383408203125,8.243720300042629,3.0126646901503205,-4.374394649153947
1781099290423416800,53.86341674804687,8.277023434707521,2.9759827267020937,-4.336450410684943
1781099290448491800,53.88849169921875,8.305723459491134,2.9720816276103257,-4.283937256376445
1781099290473567700,53.913567626953125,8.311758063480257,2.982870440389216,-4.264686904722452
1781099290498644000,53.93864404296875,8.308633793979883,2.977670241397619,-4.274400781746208
1781099290523719000,53.96371899414063,8.315225447329878,2.9586951995536683,-4.274755002011358
1781099290548794600,53.988794677734376,8.355642797914147,2.903305028504133,-4.233726241530478
1781099290573869800,54.01386987304687,8.371931669414042,2.88113586679399,-4.216662878526747
1781099290598945800,54.03894580078125,8.367561783766746,2.8959780466169116,-4.215161534053087
1781099290624021800,54.06402172851563,8.358454348203539,2.9077409651249644,-4.225119156704843
1781099290649096700,54.0890966796875,8.376903612607718,2.8671082182243466,-4.216345775401592
1781099290674173000,54.1141728515625,8.412005321127175,2.837310461331904,-4.166318300428986
1781099290699247900,54.139247802734374,8.443663026672601,2.829920351080596,-4.10688265338093
1781099290724323800,54.16432373046875,8.452110537022351,2.828044912597537,-4.09076913844794
1781099290749399800,54.18939990234375,8.463822602126001,2.8014661177515983,-4.084828642483055
1781099290774474800,54.214474853515625,8.472229195943473,2.8052044274970886,-4.0647970773234965
1781099290799550700,54.23955078125,8.48931886243224,2.8007643992230293,-4.032062682457268
1781099290824627000,54.264626953125,8.515788936206699,2.7704519708067177,-3.997041637958586
1781099290849702000,54.28970190429688,8.552418584945798,2.7217174582540986,-3.952061509503424
1781099290874777900,54.31477783203125,8.587842365026473,2.6854405684754252,-3.89971815880388
1781099290899852800,54.33985278320313,8.602982066491245,2.6637363939285277,-3.881176247680187
1781099290924929000,54.36492895507813,8.60595786743164,2.659446295519173,-3.877526785261929
1781099290950004700,54.390004638671876,8.624746739053725,2.6496260355114933,-3.8423473353311417
1781099290975079700,54.41507958984375,8.662322144210338,2.6141201301053165,-3.7816643185704946
1781099291000156700,54.44015673828125,8.709463250091671,2.558966690421104,-3.7104391572684046
1781099291025231600,54.46523168945313,8.746342489677668,2.5262875328734515,-3.645504912804067
1781099291050307800,54.49030786132813,8.76566093813181,2.528394149763882,-3.5973274496123193
1781099291075383600,54.515383544921875,8.775907022336124,2.5254320850878953,-3.5743539857819675
1781099291100458500,54.54045849609375,8.792516796353459,2.4913214334324,-3.5574317848145958
1781099291125534700,54.56553466796875,8.816894281762838,2.453935997889936,-3.5229213201865552
1781099291150609700,54.59060961914062,8.844562040889263,2.426961481724679,-3.4718829146057364
1781099291175685600,54.615685546875,8.850167021289467,2.4381166435979305,-3.4497044005453583
1781099291200761900,54.64076196289062,8.855117921695113,2.427182869390398,-3.4447152139559387
1781099291225836800,54.6658369140625,8.864546844297648,2.399199614574015,-3.4400635887578126
1781099291250912800,54.69091284179687,8.893810348182916,2.353550939207524,-3.3957787490904328
1781099291275987700,54.71598779296875,8.915891247087716,2.330358425799012,-3.353614847099781
1781099291301063700,54.741063720703124,8.920112664175033,2.303810902874172,-3.360716495798528
1781099291326139600,54.7661396484375,8.910079930460453,2.2952026490047572,-3.3930621836081145
1781099291351214600,54.791214599609376,8.897367748403548,2.3238488977745173,-3.406898985780775
1781099291376290800,54.816290771484375,8.893971676224469,2.357463436476141,-3.3926410355865952
1781099291401365800,54.84136572265625,8.908896858155726,2.3315761310257015,-3.3713080324396487
1781099291426441700,54.86644165039063,8.934825080138445,2.3006029006130992,-3.3236282896369693
1781099291451517700,54.891517578125,8.945188653242587,2.344400687415898,-3.2646251887872815
1781099291476593000,54.91659301757812,8.95232741908133,2.3680172714553773,-3.227804985912144
1781099291501668600,54.94166870117188,8.93378696926236,2.324427866706252,-3.3098215903416275
1781099291526743600,54.96674365234375,8.930499033632874,2.28647412975654,-3.344942295822501
1781099291551819800,54.99181982421875,8.953509906864166,2.2803962711475787,-3.287080766223371
1781099291576895700,55.01689575195312,8.939567890751361,2.3092202145718037,-3.3048505239307877
1781099291601970700,55.041970703125,8.908261482861638,2.3583976485863327,-3.3542943537965413
1781099291627047000,55.067046875,8.892988510406017,2.38963186802268,-3.3726585702657697
1781099291652121900,55.092121826171876,8.903919654265046,2.364727143868804,-3.3613536246582862
1781099291677197600,55.117197509765624,8.922622016647457,2.3475645582742986,-3.3235742213621733
1781099291702273500,55.1422734375,8.934064617159962,2.3557237532019615,-3.2868574788615104
1781099291727348700,55.1673486328125,8.913964662939309,2.375333001296222,-3.327072000350058
1781099291752424700,55.1924248046875,8.89121097933948,2.3799086386486885,-3.38420229306519
1781099291777499600,55.21749975585937,8.91047682082355,2.3468372669130564,-3.3565079381927845
1781099291802576000,55.24257592773437,8.925795970508455,2.320820051472634,-3.333812122260034
1781099291827651800,55.26765185546875,8.933287787568569,2.315723751246929,-3.3172496945157643
1781099291852726800,55.29272680664062,8.910521244487166,2.355826190663129,-3.350091641409695
1781099291877802500,55.31780249023438,8.897485237303375,2.3540571351639925,-3.3857796253845094
1781099291902877700,55.342877685546874,8.902218111044167,2.364351150163263,-3.366119231624901
1781099291927953700,55.36795361328125,8.939865412393212,2.3413335549302396,-3.281366480229795
1781099291953029600,55.39302954101562,8.965758563062549,2.329195227238536,-3.218759801930189
1781099291978104600,55.4181044921875,8.970576192477346,2.3181766973569986,-3.213280493736267
1781099292003180000,55.44317993164063,8.965894172140956,2.3212593196727336,-3.2241078849598765
1781099292028255000,55.4682548828125,8.958192511722444,2.2991459798030554,-3.2611481603264805
1781099292053331200,55.493331298828124,8.961642944437266,2.2713395428583025,-3.271137931682169
1781099292078407200,55.5184072265625,8.971940466567874,2.271323760767281,-3.2428064479500054
1781099292103482000,55.543482177734376,8.977903758886455,2.2774765843085945,-3.2219071600452063
1781099292128558000,55.56855810546875,8.983542057034374,2.2586592172443867,-3.219442231236398
1781099292153633000,55.59363305664063,8.986986060008405,2.263651326443255,-3.20629048871845
1781099292178709000,55.618708984375,8.99309723636508,2.257213548480719,-3.193671830163896
1781099292203785200,55.64378515625,8.98201879298985,2.2493758405923843,-3.230173468609154
1781099292228860200,55.66886010742188,8.98694163634479,2.2364606833092866,-3.2254414716511963
1781099292253936000,55.69393603515625,8.99701002589464,2.247166347849369,-3.1897426740214225
1781099292279011000,55.71901098632812,9.006629502633213,2.2321635706372556,-3.1730887686014175
1781099292304087000,55.74408715820312,9.007219285219907,2.234282170226425,-3.1699130611747504
1781099292329163000,55.7691630859375,9.000279841345549,2.2448171543747186,-3.1821640554606914
1781099292354238000,55.79423803710937,8.9937308580935,2.2096491026207805,-3.224999865363538
1781099292379314200,55.81931420898437,8.999645635095238,2.1629732761636373,-3.2401074181243774
1781099292404389000,55.84438916015625,9.005728169879317,2.1831958338506516,-3.2095079894602296
1781099292429465000,55.869465087890624,8.992045096963643,2.232530358123034,-3.2139211297273635
1781099292454541000,55.894541015625,8.974961860215663,2.2394224557243287,-3.2565973651543256
1781099292479616300,55.9196162109375,8.972595715606213,2.2469626419708133,-3.257927152453363
1781099292504692000,55.94469189453125,8.982602145835756,2.261817681275308,-3.219851981081068
1781099292529767000,55.96976684570313,8.991685031479596,2.255887122182548,-3.1985867824733254
1781099292554843100,55.99484301757813,8.994837358030676,2.2284907273434102,-3.208916161046922
1781099292579919000,56.01991918945313,8.982903174608944,2.2512338895492254,-3.2264149928584693
1781099292604994000,56.044994140625,8.964321223735809,2.281156587995589,-3.256939018198848
1781099292630070000,56.07007006835938,8.95359407801628,2.2791974167518316,-3.2876702565491196
1781099292655145200,56.095145263671874,8.96517462569475,2.2701718142531813,-3.2622578751340505
1781099292680221200,56.12022119140625,8.981705489256978,2.26701758800596,-3.218690828347206
1781099292705297000,56.145296875,8.985237755036353,2.2621932365894315,-3.2122128645047545
1781099292730372000,56.1703720703125,8.970121434447169,2.2707411385737357,-3.2482319801300763
1781099292755448000,56.19544799804687,8.966312689813972,2.2669746256470678,-3.2613585882067677
1781099292780523000,56.22052294921875,8.973015402323007,2.2557203873135148,-3.25070509224534
1781099292805599000,56.245598876953125,8.980926906099915,2.239132240606099,-3.24030790913254
1781099292830675200,56.27067529296875,8.97220700854957,2.249711940678954,-3.2571009307622907
1781099292855750100,56.29575024414063,8.961775046384334,2.2366722802333534,-3.2945807665899394
1781099292880826000,56.320826171875,8.952506867301464,2.2451468247205018,-3.3139576672330495
1781099292905901300,56.3459013671875,8.94747997905016,2.258844802944362,-3.3182267228543756
1781099292930977000,56.37097705078125,8.941933450838922,2.2809617960758506,-3.3180461055904624
1781099292956053000,56.39605297851563,8.944871842378378,2.2738636545084416,-3.315000162023306
1781099292981128000,56.4211279296875,8.949552693670988,2.2868201667152346,-3.2933830812379714
1781099293006204000,56.44620385742188,8.94149096776843,2.3217681459777055,-3.290825505709648
1781099293031278800,56.47127880859375,8.930659192630648,2.3447036158852277,-3.3039483143940567
1781099293056354800,56.49635473632812,8.929479042935371,2.340855416024476,-3.309863091395795
1781099293081431000,56.52143115234375,8.941686782601476,2.321554064835608,-3.2904446896985173
1781099293106506000,56.546506103515625,8.946198707067966,2.327039656639844,-3.2742581095293164
1781099293131581700,56.57158178710937,8.940006866690515,2.3353058190733194,-3.28527342454046
1781099293156657000,56.59665698242188,8.929563214087485,2.3428913057662544,-3.308196034966409
1781099293181732900,56.62173291015625,8.924474366515874,2.3505736769624055,-3.316467604227364
1781099293206808800,56.646808837890624,8.946877921503782,2.3248645045578478,-3.2739553271904587
1781099293231883800,56.6718837890625,8.973672989448904,2.287654279451817,-3.22648805809468
1781099293256960000,56.6969599609375,8.984302520012855,2.296510224471986,-3.1904031837567683
1781099293282035000,56.72203491210937,8.996223843953013,2.2858925304763016,-3.164339352695644
1781099293307111000,56.74711083984375,8.99490457804799,2.2590362338632346,-3.1872929427817462
1781099293332187000,56.77218676757813,8.998670652583241,2.236750460036099,-3.192381205831468
1781099293357261800,56.79726171875,9.012591041386127,2.225179556968808,-3.161041480194032
1781099293382337800,56.822337890625,9.013806846916674,2.2146960107468066,-3.1649332269355654
1781099293407412700,56.847412841796874,9.015135465171932,2.207819695236534,-3.1659453265875577
1781099293432489000,56.872489013671874,9.016509091612695,2.23019723900035,-3.1462937006562948
1781099293457565000,56.89756494140625,9.004703503006697,2.276591764298081,-3.1468706237614152
1781099293482640000,56.922639892578125,9.000475656178594,2.3025369374155997,-3.1400852014049887
1781099293507715800,56.9477158203125,9.013334553229809,2.3010452375531196,-3.104091512481868
1781099293532790800,56.97279077148438,9.02575213625431,2.310336505250633,-3.060802405853569
1781099293557866800,56.99786669921875,9.033886927393079,2.3382569239638746,-3.0152576292529703
1781099293582943000,57.02294287109375,9.031858051913977,2.34718505743742,-3.0144021814674136
1781099293608018000,57.04801782226563,9.02198547719717,2.3321787730939687,-3.0553339113146065
1781099293633094000,57.07309399414063,9.034659080809353,2.316614708737284,-3.0296286844328044
1781099293658168800,57.0981689453125,9.037401072993873,2.3319652764737606,-3.009595657968521
1781099293683245000,57.1232451171875,9.023313510930537,2.3433470867097377,-3.042842678532004
1781099293708320800,57.14832080078125,9.013325785401463,2.359988863300532,-3.0595448070079088
1781099293733395700,57.17339575195312,9.01459945859909,2.3662615138292313,-3.050938891226053
1781099293758472000,57.19847192382812,9.0165768961519,2.3604652486406263,-3.0495845540076494
1781099293783547000,57.223546875,9.01603445983827,2.380256721433997,-3.0357679178401824
1781099293808622800,57.248622802734374,9.01806976505816,2.417709376993775,-2.9999188980847595
1781099293833699000,57.273698974609374,9.013131139612197,2.4633564449250698,-2.977528787100315
1781099293858774000,57.29877392578125,9.009443975532054,2.4944649921551347,-2.9627661022543905
1781099293883850000,57.32385009765625,9.008662469765543,2.493142219118774,-2.966236116452515
1781099293908925000,57.34892504882812,9.00771671334803,2.458276072920859,-2.998055442300439
1781099293934001000,57.3740009765625,9.00437967787981,2.420560236380249,-3.0384967582821845
1781099293959076900,57.39907690429688,8.99210822532773,2.4191341490998863,-3.0757366478741166
1781099293984151800,57.42415185546875,8.971783230179549,2.4553596009522676,-3.10624226077497
1781099294009229000,57.44922900390625,8.959362140023709,2.486851302281022,-3.1170100307658313
1781099294034304000,57.47430395507813,8.958495878583193,2.5059426639810205,-3.104192050246894
1781099294059379700,57.499379638671876,8.970554565167426,2.509960375189781,-3.0658883308157323
1781099294084456000,57.5244560546875,8.972879208722711,2.5368589035093785,-3.0368010602802036
1781099294109531000,57.54953076171875,8.967792114716767,2.560496091945469,-3.0319933677375315
1781099294134606800,57.57460693359375,8.964400718712806,2.5569243709385394,-3.0449992720440027
1781099294159681800,57.59968188476562,8.972577595427632,2.5523709454178807,-3.024678076288104
1781099294184758000,57.62475805664062,8.981353022557496,2.56504484129101,-2.987686900760233
1781099294209834000,57.649833984375,8.976213906103371,2.564670455020666,-3.003398556894064
1781099294234909000,57.674908935546874,8.972398147207498,2.5533883057668803,-3.0243486982032657
1781099294259985000,57.69998486328125,8.969903407782315,2.572602124802768,-3.01545373634696
1781099294285059800,57.725059814453125,8.97162950092256,2.573609256018698,-3.0094527423664927
1781099294310135800,57.7501357421875,8.984860153895616,2.551236388429999,-2.988959112653136
1781099294335212000,57.7752119140625,8.98500102367103,2.57622645277977,-2.9670129460439085
1781099294360287000,57.800286865234376,8.98037862456739,2.594303961262107,-2.965260841679573
1781099294385363000,57.825363037109376,8.978485358166694,2.5557678943797946,-3.0041952602297064
1781099294410438000,57.85043798828125,8.995620617362857,2.528977794870734,-2.9754841295301913
1781099294435513900,57.87551391601563,8.99123085797131,2.5801824969291687,-2.9446234195813537
1781099294460589800,57.90058984375,8.979270371064544,2.606516084842384,-2.9578984962180255
1781099294485664800,57.92566479492187,8.980084610056876,2.5669687950909137,-2.9898423252284525
1781099294510740700,57.95074072265625,9.002069062849879,2.545311674556136,-2.941856585216522
1781099294535816000,57.97581591796875,8.996187019073963,2.582522922575474,-2.9273844077497717
1781099294560892000,58.00089184570312,8.974862491494417,2.6035581118196247,-2.973849514065683
1781099294585967900,58.0259677734375,8.978073270234464,2.5711282528579233,-2.992301116557419
1781099294611043000,58.05104296875,9.003023002573848,2.5372484873488546,-2.9458950469523666
1781099294636118800,58.076118896484374,9.00197320125997,2.5387980548784137,-2.9477731157839298
1781099294661193700,58.10119384765625,8.985165274322032,2.5665400482848284,-2.9749048683375117
1781099294686269700,58.126269775390625,8.973695201280712,2.58772370608896,-2.99113353408277
1781099294711346000,58.151345947265625,8.986693214541672,2.5613681986048817,-2.9747511390805244
1781099294736420900,58.1764208984375,9.003249212545155,2.5270994337782264,-2.95391790214926
1781099294761496800,58.201496826171876,8.99930485883355,2.5548177540481087,-2.9420789957955478
1781099294786572000,58.22657202148437,8.982294102799893,2.5939874426588414,-2.959734771734476
1781099294811648000,58.25164794921875,8.971633008053898,2.577999599932134,-3.0056808226123453
1781099294836723700,58.2767236328125,8.98069075925648,2.561757490183413,-2.992489624866843
1781099294861798700,58.30179858398437,8.985271657305955,2.5903379802405833,-2.9538845844015476
1781099294886875000,58.326875,8.979217179572581,2.6133351172074675,-2.9520442172318697
1781099294911949800,58.35194970703125,8.97562003186345,2.6190488186791536,-2.957904925958812
1781099294937025800,58.37702587890625,8.983520429724454,2.629587163828313,-2.9243790884539482
1781099294962102000,58.40210205078125,8.973802168786525,2.651482184772193,-2.9344360798269506
1781099294987177000,58.427177001953126,8.962521480837463,2.670334184758365,-2.951757801505923
1781099295012252000,58.452251953125,8.951981966644524,2.693368438865244,-2.962806142003834
1781099295037327000,58.4773271484375,8.95661664070785,2.6819901357606053,-2.95911225592196
1781099295062403000,58.50240307617187,8.962664104178547,2.6494699681669474,-2.9700720413535833
1781099295087478800,58.52747875976563,8.966845773777365,2.642010592071712,-2.9640941359877586
1781099295112554000,58.552553955078125,8.951649373689293,2.658409061425924,-2.9951982993036506
1781099295137630000,58.5776298828125,8.93442234455645,2.6631971724852916,-3.042014411014318
1781099295162705000,58.602704833984376,8.927032234305143,2.655327169762552,-3.070461337819695
1781099295187780900,58.62778076171875,8.939562630054354,2.6359780339092014,-3.0506133125334975
1781099295212857000,58.652857177734376,8.948054564067721,2.628515150682628,-3.032087768022716
1781099295237932000,58.67793212890625,8.939292580941318,2.646174726013839,-3.0425656151562928
1781099295263008000,58.70300805664063,8.933625056698919,2.662618788075447,-3.0448540183544157
1781099295288084000,58.728083984375,8.937579347282648,2.644621066831052,-3.0489389495804904
1781099295313159000,58.75315893554688,8.94322407517135,2.6312705868706106,-3.0439383648142218
1781099295338235000,58.77823486328125,8.941096415492892,2.647054723718762,-3.0364953553318976
1781099295363309800,58.80330981445312,8.93399505905509,2.6417811672300098,-3.061882310044765
1781099295388386000,58.82838598632812,8.940610677802562,2.6099282313734293,-3.0698712629720566
1781099295413461000,58.8534609375,8.948785800951718,2.5976705150857566,-3.05642755177021
1781099295438537000,58.87853686523437,8.95081467643082,2.5844030372336504,-3.061725950439274
1781099295463613000,58.90361303710937,8.942023467209935,2.5560414506241678,-3.1108330956965684
1781099295488687900,58.92868798828125,8.93548558987379,2.533633511722088,-3.1477219798937437
1781099295513763800,58.953763916015625,8.92552884400487,2.522963064625859,-3.1843405227169392
1781099295538838800,58.9788388671875,8.910633472689986,2.5150699732884765,-3.2319448621958493
1781099295563915000,59.0039150390625,8.897626107078791,2.5084026243537663,-3.2726950979962943
1781099295588991000,59.028990966796876,8.886216239792107,2.512341717368364,-3.3005513654321432
1781099295614066000,59.05406591796875,8.883780537077785,2.5010423247188327,-3.3156609640195964
1781099295639142100,59.07914208984375,8.880059470728039,2.4930451884850857,-3.3316108128234743
1781099295664217000,59.10421704101562,8.875641069763898,2.501504097011685,-3.3370465741366147
1781099295689292800,59.12929272460938,8.863971090236305,2.5129095803841945,-3.359415350072086
1781099295714369000,59.154369140625,8.861496224555372,2.5000156120195984,-3.375518928132951
1781099295739444000,59.17944384765625,8.849904570960998,2.5230972123995423,-3.3887449049308893
1781099295764520000,59.20452001953125,8.836838753160833,2.5536981023684144,-3.399899920673668
1781099295789595000,59.229594970703126,8.83598593572378,2.544621646465361,-3.4089071107327937
1781099295814671000,59.254671142578125,8.846848105999827,2.526335463668406,-3.394304000362754
1781099295839747000,59.2797470703125,8.843900946632028,2.5600606231376526,-3.376669267211854
1781099295864822000,59.30482202148438,8.825790120401978,2.6122774248480796,-3.3840509018957614
1781099295889898000,59.32989794921875,8.815928067079186,2.6293366961985827,-3.3965275216311213
1781099295914973000,59.35497290039063,8.828722666722536,2.6219679209962488,-3.368870576159656
1781099295940049000,59.380048828125,8.84311125755906,2.635398480455577,-3.320311420173943
1781099295965124900,59.405124755859376,8.839991664233803,2.661984581825137,-3.3073826727569102
1781099295990200000,59.43019995117187,8.833705715832114,2.679250773924589,-3.310238062188029
1781099296015276000,59.45527612304687,8.832154394736886,2.6934347820997235,-3.3028482441976665
1781099296040351000,59.48035107421875,8.828706300109625,2.7042159960940477,-3.3032658850878476
1781099296065427000,59.50542700195312,8.834830920469761,2.705705357868969,-3.2856226763695475
1781099296090503000,59.5305029296875,8.83671249643266,2.7153978998437522,-3.2725445836097
1781099296115577900,59.555577880859374,8.829450980997086,2.729472310164571,-3.280424523204565
1781099296140653800,59.58065380859375,8.816564611417055,2.751307709875703,-3.2967946432471273
1781099296165729000,59.60572900390625,8.799476113972068,2.7691838505670425,-3.327342049463093
1781099296190805000,59.630804931640625,8.786554673078657,2.785061510917544,-3.3481711947411297
1781099296215881000,59.655880859375,8.775478567790985,2.813637324799597,-3.353321709372103
1781099296240956200,59.6809560546875,8.769233535921574,2.8298715435028075,-3.3560064184114333
1781099296266031900,59.70603198242188,8.764282635515928,2.826826476718485,-3.3714646843060847
1781099296291106800,59.73110693359375,8.76377176338434,2.834211910794675,-3.3665891872242093
1781099296316182800,59.75618286132813,8.754304846858977,2.8408415580675004,-3.385577088549733
1781099296341259000,59.78125903320313,8.74566795141697,2.8351781254783273,-3.4125440059304237
1781099296366334000,59.806333984375,8.735788946959376,2.836426371973753,-3.436723046158254
1781099296391410000,59.83140991210937,8.724307768002152,2.8482418974518775,-3.4560566921815274
1781099296416485000,59.856485107421875,8.726540641620755,2.8494819606408477,-3.449397234292328
1781099296441561000,59.88156103515625,8.73787101393044,2.8309757053524254,-3.4359298499539492
1781099296466636800,59.90663671875,8.741705477526784,2.8244819594189523,-3.4315058960318563
1781099296491711700,59.931711669921874,8.734237041342258,2.8545702236905695,-3.4256232677340503
1781099296516788000,59.9567880859375,8.730195656996965,2.855682568846643,-3.4349911077991124
1781099296541863000,59.98186279296875,8.739906319150329,2.830012121017277,-3.4315357066482304
1781099296566939000,60.00693896484375,8.7426623398602,2.844843194924295,-3.412199722537398
1781099296592015000,60.03201513671875,8.734168652281165,2.8859681092560288,-3.399396062804758
1781099296617090000,60.05709008789062,8.744783569797873,2.8755639118805525,-3.3808617504656313
1781099296642166000,60.082166015625,8.774933208867907,2.8195260905772446,-3.349800549508631
1781099296667241000,60.10724096679687,8.795882473394274,2.8035028842762113,-3.3080554574519394
1781099296692317000,60.13231689453125,8.776354766103625,2.8702450549453493,-3.3026743489354846
1781099296717393000,60.15739282226563,8.755971318766473,2.9123922980621457,-3.3198385419651864
1781099296742467800,60.1824677734375,8.77395939539969,2.855651881447434,-3.321631270600855
1781099296767544000,60.2075439453125,8.817035151538253,2.8028029193133115,-3.2518609842821955
1781099296792619000,60.232618896484375,8.822866926431656,2.8310984549492595,-3.211275875915587
1781099296817695000,60.257695068359375,8.794929118192195,2.8841864865362643,-3.2405311964944
1781099296842771000,60.28277099609375,8.790784273472427,2.8899790984630584,-3.24662162232399
1781099296867846000,60.307845947265626,8.79006998772323,2.8511417105466124,-3.2826874997004865
1781099296892921900,60.332921875,8.803083783075213,2.8549370111763475,-3.24429960911721
1781099296917996800,60.35799682617188,8.79769858290553,2.914351615436375,-3.2058471288651225
1781099296943073000,60.38307299804688,8.796852195209265,2.894610265395045,-3.22599384483695
1781099296968149000,60.40814892578125,8.817091850161551,2.815034916637838,-3.241115426123142
1781099296993224000,60.43322387695312,8.825437653702497,2.7632345867738124,-3.2629034795612095
1781099297018300400,60.45830053710937,8.810533514559268,2.744691214345395,-3.318360578367114
1781099297043375600,60.48337573242188,8.792353714746236,2.7181141730651257,-3.3877354356274005
1781099297068451300,60.508451416015625,8.779767204895615,2.6885058012649417,-3.443554645743966
1781099297093526300,60.5335263671875,8.77500335149467,2.648638778039813,-3.4863214820638295
1781099297118602500,60.5586025390625,8.765819343563914,2.6285367779925464,-3.524432309271395
1781099297143678500,60.583678466796876,8.761739380773902,2.651031518395245,-3.51771819858551
1781099297168753400,60.60875341796875,8.75685453134179,2.6816914450749754,-3.506617835639417
1781099297193829600,60.63382958984375,8.728870545873045,2.7116429312244055,-3.553054884904623
1781099297218904600,60.65890454101562,8.716325537076592,2.718474238549173,-3.578545299991965
1781099297243980300,60.68398022460938,8.722021702891588,2.72135125529021,-3.562446982628107
1781099297269056500,60.70905639648438,8.729190863868594,2.723906492730975,-3.54287660523951
1781099297294131500,60.73413134765625,8.72871389400661,2.7485210017666217,-3.5249911121979354
1781099297319207400,60.75920751953125,8.715178120607137,2.770212609092891,-3.5414667384415863
1781099297344282400,60.784282470703126,8.712961029079556,2.769246102148294,-3.547674653171003
1781099297369358600,60.809358642578125,8.711298064303397,2.755040758924186,-3.5627865898460147
1781099297394434600,60.8344345703125,8.721065425080061,2.7495702185586093,-3.5430560534596443
1781099297419509500,60.85950952148438,8.722168417885898,2.7554166064992547,-3.5357986296772954
1781099297444585500,60.88458544921875,8.705545199865103,2.7752663853511215,-3.5611423297703264
1781099297469660400,60.90966040039063,8.697524390494824,2.784666081859171,-3.5733854330107566
1781099297494736400,60.934736328125,8.697698578017949,2.784174206689,-3.57335123848021
1781099297519812400,60.959812255859376,8.705561566478014,2.801588282826543,-3.540437687654793
1781099297544887600,60.98488745117187,8.704923853096366,2.842161408494413,-3.5095316772595044
1781099297569963500,61.00996362304687,8.709246392470599,2.859964191688597,-3.484254028140008
1781099297595038500,61.03503857421875,8.717214594870805,2.8633742923930288,-3.4614538750499486
1781099297620114700,61.06011474609375,8.718768254053591,2.8701819265812634,-3.451885251715779
1781099297645190400,61.0851904296875,8.709991073358058,2.901165970648825,-3.448143142578006
1781099297670265300,61.110265380859374,8.703235169357061,2.9449148037433623,-3.4280496180981395
1781099297695341300,61.13534130859375,8.715912864622473,2.9174133410945533,-3.419352809162438
1781099297720416500,61.16041650390625,8.729650298073887,2.8374469471931456,-3.4514521209955213
1781099297745492500,61.185492431640625,8.737279477778076,2.8189161419853566,-3.4473280268028375
1781099297770567400,61.2105673828125,8.714106691983341,2.8385078544229265,-3.4896433199629184
1781099297795643600,61.2356435546875,8.667619666096568,2.8367107418730853,-3.60497241140753
1781099297820719400,61.26071923828125,8.632975053694844,2.8218726537033914,-3.6985444290742278
1781099297845794600,61.28579467773437,8.630350550410151,2.7951582497790453,-3.724847329588234
1781099297870870300,61.31087036132813,8.631289292564988,2.813397378563881,-3.7089082944393157
1781099297895945500,61.335945556640624,8.624947230061888,2.868936310434341,-3.681018124733865
1781099297921021400,61.361021484375,8.613724994301796,2.9177056020393968,-3.668936641795933
1781099297946097400,61.38609741210937,8.59642840706408,2.951030071753263,-3.682831603896618
1781099297971172600,61.411172607421875,8.600245919525623,2.9633646526694295,-3.663958561122417
1781099297996248600,61.43624853515625,8.60864608360231,2.9888389934048054,-3.6233196767419575
1781099298021323800,61.46132373046875,8.624336404687165,3.005509265437722,-3.5718577850520608
1781099298046399500,61.4863994140625,8.627731307822465,3.014839696101844,-3.555754791513085
1781099298071475500,61.511475341796874,8.61774592038095,3.0164690508693455,-3.5785143203318115
1781099298096550700,61.53655053710938,8.60521084845662,3.0189769420370456,-3.606447744657099
1781099298121626600,61.56162670898438,8.59709710010588,2.99850026345849,-3.642705637474358
1781099298146701600,61.58670166015625,8.592786251169443,2.9763471761003135,-3.6709313227444884
1781099298171777500,61.61177758789062,8.583787536677718,2.960273993177712,-3.7048230709522962
1781099298196853800,61.63685375976563,8.574175658723712,2.954732433402538,-3.7314074187561865
1781099298221928700,61.6619287109375,8.571955644586682,2.9550659031406044,-3.736254274265468
1781099298247004400,61.68700439453125,8.566135560131073,2.958063623651862,-3.74720675317347
1781099298272079400,61.712079345703124,8.55949831407368,2.9399513361170886,-3.776513803939521
1781099298297155600,61.737155517578124,8.547367146775127,2.9051187999278305,-3.8305595746427774
1781099298322231600,61.7622314453125,8.538628544524311,2.890453145715594,-3.8610277781426903
1781099298347306500,61.787306396484375,8.526253047075867,2.8995579509302973,-3.881484582976997
1781099298372382700,61.8123828125,8.515035487490891,2.922923336687684,-3.888582724544406
1781099298397457700,61.83745776367188,8.503393565014004,2.955672636862099,-3.8892984715983268
1781099298422533600,61.86253369140625,8.487964525213837,2.9937922318980097,-3.8938483899876473
1781099298447609600,61.887609619140626,8.478286011764407,3.0020319447159767,-3.9085584678634997
1781099298472684500,61.9126845703125,8.462070790022612,2.9991745094582436,-3.9457249999582764
1781099298497760500,61.93776049804688,8.457930621477962,3.003131430390477,-3.9515827860757704
1781099298522835500,61.96283544921875,8.449206047752499,3.0167995979979634,-3.9598274673298
1781099298547911700,61.98791162109375,8.439959495979547,3.0203055602923032,-3.976840561451018
1781099298572986600,62.012986572265625,8.434062839156388,3.0282538889482615,-3.9832942676350473
1781099298598062600,62.0380625,8.426314416986703,3.030390316455066,-3.998043508477509
1781099298623138600,62.063138671875,8.418567163860798,3.0272040876343844,-4.016733595900237
1781099298648213500,62.088213623046876,8.4049478038311,3.02232625246495,-4.048801928073168
1781099298673289500,62.11328955078125,8.393614508911966,3.0227026845619083,-4.071967699605226
1781099298698364400,62.13836450195313,8.388228139698505,3.0372564028322695,-4.072231903499365
1781099298723440600,62.16344067382813,8.38109346551299,3.0552196372851728,-4.073482488082349
1781099298748516600,62.1885166015625,8.372384089356661,3.0713202927365897,-4.0792829910546535
1781099298773591600,62.21359155273438,8.381987784004211,3.069700874841213,-4.060740495409071
1781099298798667800,62.23866772460938,8.392098259130119,3.0647876760974526,-4.043530709671974
1781099298823742700,62.26374267578125,8.390947920051216,3.0749148100972175,-4.038227634827792
1781099298848818400,62.288818359375,8.37693400774598,3.0891245372354983,-4.056431400038302
1781099298873894700,62.31389477539062,8.375278641754388,3.0826392668694256,-4.064777495840191
1781099298898969600,62.338969482421874,8.384605857548117,3.0590222444385287,-4.063393640266359
1781099298924045600,62.36404565429687,8.384001461914181,3.052654755233228,-4.069422983558476
1781099298949120500,62.38912060546875,8.367420913991332,3.072890026271343,-4.088278490675986
1781099298974196700,62.41419677734375,8.357214577275514,3.0814871742248533,-4.102652468465268
1781099298999272700,62.439272705078125,8.36634247110486,3.0612276455283163,-4.099217525580525
1781099299024347600,62.46434765625,8.385326573038101,3.036541240300238,-4.0787329559564585
1781099299049423400,62.48942333984375,8.384999240779877,3.041916503597796,-4.075402642489969
1781099299074498300,62.51449829101563,8.36432703962922,3.064277973009646,-4.101045325529575
1781099299099574500,62.53957446289063,8.347164892426132,3.079440763089061,-4.124595712465047
1781099299124650500,62.564650390625,8.352429681086539,3.0742750508889554,-4.117780771753192
1781099299149725400,62.58972534179688,8.358903261014818,3.065998805452883,-4.110810640479624
1781099299174801400,62.61480151367188,8.35890092292726,3.0764819132834673,-4.102971325156092
1781099299199876600,62.639876708984374,8.358049859055876,3.0765555630415675,-4.104660301156342
1781099299224952600,62.66495263671875,8.353051027855276,3.065667089280486,-4.12292982507944
1781099299250028300,62.6900283203125,8.34437204683721,3.068333970402181,-4.138497396567463
1781099299275103500,62.715103515625,8.329659046351908,3.083718294277787,-4.156665798203647
1781099299300179500,62.740179443359374,8.31087777351439,3.0948651267141103,-4.185869388595223
1781099299325254400,62.76525439453125,8.31192172960937,3.1038743625998495,-4.177121726255119
1781099299350330400,62.790330322265625,8.315554533153772,3.1069121228605505,-4.167621491982042
1781099299375405600,62.81540551757813,8.33004950697422,3.100266693496704,-4.14354854247719
1781099299400481500,62.8404814453125,8.347848783037065,3.0939474273473024,-4.112334489046037
1781099299425557200,62.86555712890625,8.350911093217134,3.09953691791743,-4.101897558444739
1781099299450632400,62.89063256835937,8.355973637303709,3.089657621198892,-4.099038077360391
1781099299475708400,62.91570849609375,8.34394125420451,3.074009385690093,-4.135158899794519
1781099299500783400,62.94078344726562,8.356875554579496,3.0434461973831057,-4.131643292888999
1781099299525859300,62.965859375,8.368873450887202,3.0253517377659676,-4.120632069531083
1781099299550935600,62.990935546875,8.371249532368779,3.0049811499103902,-4.130695198383927
1781099299576010500,63.016010498046874,8.388343875032662,2.9685175053879616,-4.122379789981245
1781099299601086500,63.04108642578125,8.393986264833808,2.9632158918485043,-4.11470618661344
1781099299626161700,63.06616162109375,8.39545692190826,2.972502775631845,-4.1049832495003935
1781099299651237400,63.0912373046875,8.38892722787857,2.9921903496593236,-4.10402901751548
1781099299676313300,63.116313232421874,8.39653770288229,2.99876154474318,-4.083625696434081
1781099299701388300,63.14138818359375,8.40867822253108,3.005930705720186,-4.0532586152210826
1781099299726464500,63.16646459960938,8.417894379165768,3.009576953268051,-4.0313659323647615
1781099299751539500,63.19153955078125,8.418620939874648,3.031748160804808,-4.01319460811913
1781099299776615400,63.21661547851563,8.41303992487192,3.0717104610979553,-3.994465649990737
1781099299801691600,63.24169165039063,8.401544132867455,3.1018297050297257,-3.995383933879435
1781099299826766600,63.2667666015625,8.39898158890307,3.102862847469747,-3.999966585494578
1781099299851842300,63.29184228515625,8.395724048411846,3.0983386480435726,-4.01029391824156
1781099299876917200,63.31691723632812,8.389403613218665,3.1177035659879446,-4.0085137568265194
1781099299901993500,63.34199340820312,8.371905365929008,3.14519275367707,-4.023598805494606
1781099299927069400,63.3670693359375,8.354770106732845,3.150448189987242,-4.054985877405107
1781099299952144400,63.392144287109375,8.34916512633264,3.137185680571198,-4.0767482118800284
1781099299977220600,63.417220703125,8.3405130333215,3.131210113292932,-4.098999791176617
1781099300002295600,63.44229565429688,8.32868698644936,3.138849522130191,-4.117150949417055
1781099300027371000,63.46737109375,8.290430613291264,3.174601511251926,-4.166664045126736
1781099300052446700,63.49244677734375,8.261600240126251,3.2037598011970516,-4.201464140351116
1781099300077522000,63.51752197265625,8.244654950544238,3.2200697154849767,-4.222225481089949
1781099300102598000,63.542597900390625,8.240893552184104,3.22131299354434,-4.228619858302176
1781099300127672800,63.5676728515625,8.245088665786385,3.2323303543820976,-4.212001024195551
1781099300152749000,63.5927490234375,8.228975735375284,3.263110984832048,-4.219768443326652
1781099300177825000,63.617824951171876,8.20645527600944,3.2916195786967872,-4.241430532297492
1781099300202900000,63.64289990234375,8.180200306290388,3.315284531922638,-4.27359589510411
1781099300227976000,63.66797583007813,8.167012907937169,3.323429552194476,-4.29245081769973
1781099300253051100,63.69305102539062,8.16266640316546,3.318742855682969,-4.304329763802886
1781099300278126800,63.718126953125,8.162745313620567,3.309020503091812,-4.31165031594932
1781099300303202800,63.74320288085938,8.150465677762032,3.308378990317881,-4.335306209085881
1781099300328278000,63.768278076171875,8.123359644171595,3.325272257451713,-4.373100517690181
1781099300353354000,63.79335400390625,8.102454218786955,3.3319498355194925,-4.406671071119606
1781099300378429000,63.818428955078126,8.100183935767411,3.3264082757443187,-4.415024765706062
1781099300403505000,63.8435048828125,8.107035116836428,3.3207816680341957,-4.406677208599448
1781099300428581000,63.8685810546875,8.100240049868821,3.337301717941463,-4.406690360341966
1781099300453656000,63.89365600585938,8.081877294704318,3.3732524445056913,-4.413025700843334
1781099300478731800,63.918731689453125,8.059469063541293,3.408337494151294,-4.427027045927941
1781099300503807000,63.94380688476563,8.066583279460668,3.409437856608629,-4.413205733585357
1781099300528883000,63.96888305664063,8.08310595971644,3.396768344649672,-4.392693691432476
1781099300553959000,63.993958984375,8.083559548702835,3.4048914453506467,-4.385560186290741
1781099300579033900,64.01903393554687,8.073848302027583,3.426832643523812,-4.386359812235832
1781099300604110000,64.04411010742187,8.06559134581387,3.435475676445663,-4.394782772666216
1781099300629185000,64.06918505859375,8.058276054364443,3.4364930367946624,-4.407392663392424
1781099300654261000,64.09426098632812,8.060340585678816,3.436851640973985,-4.403329651737213
1781099300679337000,64.1193369140625,8.05820649625957,3.441195223136246,-4.403848707175254
1781099300704412000,64.14441186523437,8.057496302163601,3.440904423496127,-4.405378400960564
1781099300729488000,64.16948779296875,8.061998874279857,3.42819808665812,-4.407037274083494
1781099300754562800,64.19456274414063,8.056997704991698,3.427736898887157,-4.416536631573736
1781099300779639000,64.21963916015625,8.06206901690662,3.41739904474616,-4.415293061253428
1781099300804715000,64.24471508789063,8.073008344072104,3.388565164449811,-4.417530611047148
1781099300829790000,64.2697900390625,8.08593855279386,3.3847476519882678,-4.396760794740915
1781099300854866000,64.29486596679688,8.083059782487153,3.418936337316036,-4.3755511257126924
1781099300879940900,64.31994091796875,8.067200534576177,3.465468371388316,-4.368204270081222
1781099300905016800,64.34501684570313,8.068358472439646,3.485655419370532,-4.3499654335573315
1781099300930093000,64.37009301757813,8.077746478509903,3.4594156472206112,-4.353487470203638
1781099300955168000,64.39516796875,8.09985192733407,3.4207030547276136,-4.342997055849433
1781099300980244000,64.42024389648438,8.101076500692963,3.4335128519400953,-4.330585025782883
1781099301005319400,64.4453193359375,8.076203340721129,3.4804993517816065,-4.339523242259025
1781099301030395400,64.4703955078125,8.057434342843294,3.5013708748966454,-4.357589644825458
1781099301055471400,64.49547143554688,8.071900675091147,3.468539157135784,-4.35706357512474
1781099301080546300,64.52054638671875,8.102359526240825,3.4409839184731243,-4.322242729373276
1781099301105622300,64.54562231445313,8.111410847702622,3.4642777002990246,-4.286514705649018
1781099301130697500,64.57069750976562,8.105395532935857,3.479722814451158,-4.285379564139246
1781099301155773400,64.5957734375,8.112333807766436,3.461675116585195,-4.286865126521885
1781099301180849400,64.62084936523438,8.128774654957653,3.4398750804483886,-4.273253073015809
1781099301205924400,64.64592431640625,8.141706032723189,3.441957731941342,-4.246875645960867
1781099301231000300,64.67100024414063,8.152974445712566,3.451903956416249,-4.2170840265482665
1781099301256075300,64.6960751953125,8.168397640293836,3.436564056204259,-4.199724603207409
1781099301281151200,64.72115112304688,8.18970521673858,3.4159166972339152,-4.174998158229887
1781099301306227500,64.7462275390625,8.211181720009446,3.4070001080676913,-4.139954609638452
1781099301331302400,64.77130249023438,8.225549852579832,3.4003093782573934,-4.11686950212717
1781099301356378400,64.79637841796875,8.24752261493504,3.3803646145984527,-4.089238567879796
1781099301381453300,64.82145336914063,8.257067272871732,3.372988240611553,-4.076045616568624
1781099301406529500,64.84652954101563,8.264968255254626,3.37562326529026,-4.057818178221583
1781099301431605200,64.87160522460937,8.274802251526713,3.375011855393648,-4.038227050305903
1781099301456680200,64.89668017578126,8.293357898914813,3.3598350367888807,-4.012748033395409
1781099301481756400,64.92175634765626,8.314164540100098,3.3364147059738634,-3.989158191232383
1781099301506831400,64.94683129882813,8.33126063632965,3.3038904467269776,-3.980547307014465
1781099301531907300,64.9719072265625,8.34463215907812,3.2655423036321998,-3.984184202212095
1781099301556983600,64.99698364257813,8.354726852113007,3.2443881641834973,-3.980312621475756
1781099301582058500,65.02205859375,8.354791149520873,3.2482261349111794,-3.9770404679372904
1781099301607134500,65.04713452148438,8.35270732898414,3.267365427406132,-3.965727923545241
1781099301632209400,65.07220947265625,8.362177168118953,3.2737615581840274,-3.9404116959810254
1781099301657285400,65.09728540039063,8.382049743324517,3.2554344588547943,-3.91328637316823
1781099301682361300,65.122361328125,8.394518179753423,3.2417592769846317,-3.89788188328743
1781099301707436300,65.14743627929687,8.39362912195921,3.227722860586643,-3.91142116381824
1781099301732512500,65.17251245117187,8.384181494656204,3.202185391487181,-3.9524563540399074
1781099301757587500,65.19758740234376,8.374477846765517,3.1940020850315687,-3.9795585882380604
1781099301782663400,65.22266333007812,8.36128986389041,3.195891552039981,-4.005679410183429
1781099301807739100,65.2477392578125,8.3461069078058,3.1945860223993656,-4.038252477008104
1781099301832814300,65.272814453125,8.346981937074661,3.1857500972539183,-4.043427541558445
1781099301857890300,65.29789038085937,8.355392622545361,3.1799726828962562,-4.030583549815416
1781099301882965200,65.32296533203125,8.352399285948277,3.1888591691851613,-4.029759081690013
1781099301908041500,65.34804150390624,8.335484976026414,3.223573339691758,-4.037164097249508
1781099301933117400,65.37311743164062,8.334919158837199,3.2348572425112128,-4.02929847844094
1781099301958192400,65.3981923828125,8.335713524085282,3.233588537749648,-4.0286680715829135
1781099301983268400,65.42326831054687,8.33758516317606,3.2466683840751647,-4.014245286215841
1781099302008343300,65.44834326171875,8.329965920343994,3.266220933546126,-4.0142102149024605
1781099302033419000,65.4734189453125,8.315840948879718,3.265976018874347,-4.043583316642046
1781099302058495000,65.49849487304688,8.310795355927944,3.2713115346834063,-4.04964568542093
1781099302083570200,65.52357006835938,8.295110880061983,3.269749692194164,-4.082923977905511
1781099302108646100,65.54864624023438,8.282129817935823,3.2462539580553766,-4.127776096066833
1781099302133721000,65.57372119140625,8.286714807638525,3.2076582699403167,-4.148698180325329
1781099302158797000,65.59879711914063,8.284060493737458,3.16502704269886,-4.186569645819068
1781099302183873300,65.62387329101563,8.254071598187089,3.1506895975276827,-4.256044164061546
1781099302208948200,65.6489482421875,8.220062361079455,3.167028737910092,-4.309399614413082
1781099302234024000,65.67402392578126,8.208735495901108,3.1899346894621847,-4.314085726402699
1781099302259099000,65.69909887695313,8.21524180905521,3.2155452237978577,-4.282578535243869
1781099302284175000,65.72417504882813,8.23452284810841,3.214807264912128,-4.245940410937369
1781099302309251000,65.7492509765625,8.234590068125724,3.20732538472414,-4.251467649926245
1781099302334326000,65.77432592773438,8.23381440757811,3.199085964167118,-4.259171063910425
1781099302359402200,65.79940234375,8.220079312214255,3.219898450571298,-4.2700057616576546
1781099302384477200,65.82447729492188,8.206560489949583,3.240723796457052,-4.280246585164964
1781099302409553200,65.84955322265625,8.198326914611458,3.2501559339299795,-4.288857761643826
1781099302434628000,65.87462817382813,8.19972392192781,3.2361031509190794,-4.296809012909233
1781099302459704000,65.8997041015625,8.210733391720057,3.2133535589724778,-4.292857060413063
1781099302484780000,65.92478002929687,8.215645129159093,3.200488524441421,-4.293069826380909
1781099302509855000,65.94985498046876,8.211259461420774,3.2011551716566085,-4.300948889192939
1781099302534931200,65.97493115234376,8.209078610250353,3.1881387459561226,-4.31476640214324
1781099302560006100,66.00000610351563,8.218211764776706,3.162781017337739,-4.316039783079922
1781099302585082000,66.02508203125,8.225897643104195,3.1550407784745094,-4.307058311983942
1781099302610158000,66.05015795898437,8.230776647317409,3.1588270190149546,-4.294934451209008
1781099302635233300,66.0752333984375,8.232076039478182,3.1503572968333957,-4.2986675002574914
1781099302660309000,66.10030908203125,8.240317213600873,3.1382264217957854,-4.291745592039823
1781099302685384000,66.12538403320312,8.256990700504183,3.1294305363997816,-4.266045625855028
1781099302710460200,66.15046020507812,8.267803186419606,3.1299700501039625,-4.2446600157380106
1781099302735536000,66.1755361328125,8.276846324574947,3.1263892690077424,-4.229648032306135
1781099302760611000,66.20061108398437,8.276434821164608,3.1307357737794517,-4.227237464033067
1781099302785687300,66.22568725585937,8.274613450956345,3.1313062671437857,-4.230377515624463
1781099302810762200,66.25076220703124,8.278259113982319,3.1226307932570574,-4.229657969178259
1781099302835838000,66.275837890625,8.288528579062223,3.1055607082515952,-4.22210419279784
1781099302860914200,66.3009140625,8.299131806141137,3.085924572150409,-4.21566919131428
1781099302885989000,66.32598901367187,8.301714223849773,3.0791537628412247,-4.215532705453038
1781099302911065000,66.35106518554687,8.302926522248983,3.0759117121800776,-4.215512539447844
1781099302936140000,66.37614013671875,8.304991053563356,3.0701378049537538,-4.215653701484203
1781099302961216300,66.40121630859375,8.321847495818137,3.0512843436628576,-4.1960567283496255
1781099302986292200,66.42629223632812,8.338108310267328,3.0374197767004367,-4.173782352699339
1781099303011367700,66.45136767578126,8.339210134029388,3.0397660475656387,-4.169866640560329
1781099303036443400,66.476443359375,8.342387595021725,3.0373779833853245,-4.165242780151963
1781099303061518300,66.50151831054687,8.345654487863182,3.037654169978201,-4.158496520762145
1781099303086594600,66.52659448242187,8.366256546387076,3.0328365405634043,-4.12044297669977
1781099303111670500,66.55167041015625,8.385351122957468,3.024319472108781,-4.087755635845661
1781099303136745500,66.57674536132812,8.400282734629512,3.0001366324886676,-4.074904337579012
1781099303161821700,66.60182177734374,8.408526246839761,2.9849697507560253,-4.06903281519711
1781099303186896600,66.62689672851562,8.398076749017834,2.9956182782813907,-4.082762942124903
1781099303211972400,66.65197241210937,8.389215397170185,3.012825725930929,-4.088314438772201
1781099303237047600,66.67704760742187,8.391461714792252,3.000919599559903,-4.092457822187245
1781099303262123500,66.70212353515625,8.415124914452432,2.9714687564089894,-4.065272293619811
1781099303287199500,66.72719946289062,8.441572776395082,2.9505896345093845,-4.025452032145858
1781099303312274400,66.7522744140625,8.453302961677313,2.9442838123634454,-4.005401470024884
1781099303337350700,66.7773505859375,8.449468498080968,2.940407263191044,-4.016320923446119
1781099303362425600,66.80242553710937,8.44605079859197,2.926921758674085,-4.033332848523557
1781099303387501600,66.82750146484375,8.438943012413382,2.9216312510505316,-4.052000139592588
1781099303412577300,66.85257739257813,8.43382026257217,2.924133296999335,-4.060847462914884
1781099303437652500,66.87765258789062,8.43241682551503,2.9289515109360216,-4.060290705814958
1781099303462728400,66.902728515625,8.452197046262025,2.9116096232518553,-4.03153661275655
1781099303487803400,66.92780346679687,8.469694709029794,2.8955794026881456,-4.006277668337524
1781099303512879600,66.95287963867187,8.483813835275173,2.8910002582043406,-3.9796255159944294
1781099303537954600,66.97795458984375,8.475821667477488,2.9181255810171365,-3.9768507905840873
1781099303563030500,67.00303051757813,8.46086024518907,2.9405855423673986,-3.992145682610571
1781099303588106500,67.0281064453125,8.45308376596868,2.944240557743609,-4.005905912415683
1781099303613181700,67.053181640625,8.466423140013218,2.9209397616550326,-3.994773400765657
1781099303638257400,67.07825732421875,8.476167119914292,2.9119202966362234,-3.9806677185237405
1781099303663332400,67.10333227539063,8.480064711874723,2.917840918856859,-3.9680049285665153
1781099303688408600,67.12840869140625,8.471758071300387,2.918754526570439,-3.985048417825997
1781099303713484500,67.15348461914063,8.466578038313985,2.9126509489983317,-4.000486809976398
1781099303738559500,67.1785595703125,8.466169457513093,2.904008500598371,-4.007631421034038
1781099303763635500,67.20363549804688,8.469314185279607,2.9006314253807064,-4.003433969344198
1781099303788710700,67.22871069335937,8.470901746731997,2.898181986401975,-4.001851960849762
1781099303813786600,67.25378662109375,8.476185824614763,2.876338695645332,-4.006416492286324
1781099303838862300,67.2788623046875,8.48521551876664,2.862802045463025,-3.9969785095945
1781099303863937500,67.3039375,8.479402448573708,2.88091141038835,-3.996300756463408
1781099303889013500,67.32901342773438,8.477110538244247,2.8861528181731697,-3.997384460046887
1781099303914088400,67.35408837890625,8.480320732462406,2.868905038513243,-4.0029882714033125
1781099303939164400,67.37916430664062,8.490688981741666,2.857384988850355,-3.989229502902925
1781099303964240600,67.40424072265625,8.490301443728804,2.8661662611991163,-3.983755163145065
1781099303989315600,67.42931567382813,8.491841074386238,2.8624536704167722,-3.9831408306390044
1781099304014391800,67.45439184570313,8.502043903970717,2.842019369675219,-3.975996804103255
1781099304039466800,67.479466796875,8.520986504849791,2.8184242668151853,-3.952176660315692
1781099304064542700,67.50454272460938,8.533364924907684,2.8061469690442085,-3.934155265934765
1781099304089617700,67.52961767578125,8.517326228776573,2.8240567197442052,-3.9560362583532926
1781099304114694000,67.55469384765625,8.501206284102796,2.8575872334241867,-3.966624872384965
1781099304139769900,67.57976977539063,8.504645610901713,2.857483773049712,-3.959319810068607
1781099304164844800,67.6048447265625,8.525125504350662,2.829383759985864,-3.93537691668421
1781099304189921000,67.62992114257813,8.546319099026919,2.8223028618142005,-3.8942809361860156
1781099304214996000,67.65499584960938,8.553224640631676,2.8475922013714907,-3.86056191419661
1781099304240071700,67.68007177734376,8.560049518215656,2.842295848529041,-3.8493215582579374
1781099304265148000,67.70514794921876,8.56936562809348,2.816742597338557,-3.84737685393095
1781099304290222800,67.73022290039063,8.576426652520894,2.810709454654157,-3.836042682228982
1781099304315298800,67.755298828125,8.578588798990845,2.8261811645522714,-3.819807879003882
1781099304340373800,67.78037377929688,8.58180542294979,2.816526324239373,-3.8197064644560217
1781099304365450000,67.80544995117188,8.60081056767106,2.77451322889626,-3.8076965854495763
1781099304390525000,67.83052490234375,8.635510709652305,2.731088513189554,-3.760254158534109
1781099304415601000,67.85560083007813,8.640645734453201,2.733692265947163,-3.7465348452612757
1781099304440676900,67.8806767578125,8.629691794240474,2.7378672135442494,-3.768679164791107
1781099304465751800,67.90575170898437,8.630311387443541,2.7076278503641484,-3.7890427383840084
1781099304490827800,67.93082788085937,8.656789644524455,2.6532518247932195,-3.7670451338484883
1781099304515902700,67.95590283203126,8.689723945876956,2.6321789338871837,-3.70549614790827
1781099304540979000,67.98097900390626,8.682205240809918,2.6647379721865057,-3.6998464515835043
1781099304566055000,68.00605493164062,8.670138370919227,2.6767607106745244,-3.7194197515815492
1781099304591129900,68.0311298828125,8.669774213781952,2.6693706004232167,-3.725565706990659
1781099304616205800,68.05620581054687,8.6869556502074,2.6558476865053176,-3.6950858130529523
1781099304641280800,68.08128076171874,8.692163155722618,2.6909114011019466,-3.657278352706134
1781099304666356700,68.10635668945312,8.68577842312157,2.7036203682884574,-3.663067165240645
1781099304691431700,68.131431640625,8.678905030220747,2.6939123364835975,-3.686432843258977
1781099304716508000,68.1565078125,8.68963977472484,2.6658830505684015,-3.681519936776161
1781099304741584000,68.181583984375,8.7153049618572,2.6483175832614303,-3.6332226465970274
1781099304766658800,68.20665893554687,8.718188408339023,2.644320622579753,-3.6292072734758256
1781099304791735000,68.23173510742187,8.713395328843593,2.6378622402206062,-3.64538742390424
1781099304816810000,68.25681005859374,8.709885274896026,2.6315771686017513,-3.6582919136628504
1781099304841885700,68.2818857421875,8.720874286422132,2.615641056062281,-3.643514323508739
1781099304866961700,68.30696166992188,8.747572908255457,2.5916043469145893,-3.5963828622385856
1781099304892036900,68.33203686523437,8.771258319747448,2.558330730605125,-3.5623446912974117
1781099304917112800,68.35711279296875,8.781910646665096,2.5253698335066437,-3.559626956771314
1781099304942187800,68.38218774414062,8.772437300398945,2.53160551302582,-3.5785043834596872
1781099304967264000,68.40726391601562,8.771024510991573,2.5400553614631294,-3.5759780798524616
1781099304992339000,68.4323388671875,8.787551282900571,2.516868547143042,-3.551715745255351
1781099305017414700,68.45741455078125,8.812316890844702,2.484832948195934,-3.512697447814047
1781099305042490600,68.48249072265625,8.843437420773506,2.4610700875535607,-3.4506755836650727
1781099305067565600,68.50756567382813,8.854196715196966,2.456931380313635,-3.4259424166858192
1781099305092641500,68.5326416015625,8.855641653308272,2.4594676207929846,-3.4203792296007274
1781099305117716500,68.55771655273438,8.845834545043111,2.4718045397967097,-3.4368343975782394
1781099305142792700,68.58279272460938,8.839660824844241,2.480344404605031,-3.4465412603393193
1781099305167868700,68.60786865234375,8.852973310881852,2.4745018160566685,-3.4164456895440813
1781099305192943600,68.63294360351563,8.868581798902154,2.47247498640418,-3.37720848865509
1781099305218019800,68.65801977539063,8.892530245244503,2.4532155746608972,-3.327920141611993
1781099305243094800,68.6830947265625,8.898226995581387,2.459159870018065,-3.308240458630025
1781099305268170500,68.70817041015626,8.897603895246982,2.458449091400206,-3.310444690676033
1781099305293245400,68.73324536132813,8.889743829396366,2.466486851905286,-3.325553412480652
1781099305318321700,68.75832177734375,8.897138615822792,2.4427299826122817,-3.323312355555594
1781099305343397600,68.78339770507813,8.89386003254354,2.4469508151777086,-3.3289781262323257
1781099305368472600,68.80847265625,8.900288019764423,2.425279081595689,-3.3276506770208476
1781099305393548800,68.833548828125,8.911230854061245,2.393551964075863,-3.321331410871446
1781099305418623700,68.85862377929688,8.905786617180704,2.3922736147031185,-3.336818318338692
1781099305443699700,68.88369970703125,8.893633238050342,2.422824674180895,-3.347174292658269
1781099305468774700,68.90877465820313,8.883017151489854,2.430315468327701,-3.3698595871970056
1781099305493850600,68.9338505859375,8.886579812407494,2.4147284614868463,-3.371673358620703
1781099305518926600,68.95892651367187,8.90398804332614,2.413463556117564,-3.32634076346606
1781099305544001500,68.98400146484374,8.90529211166203,2.4414281062334773,-3.302362214246392
1781099305569077800,69.00907788085938,8.889869501602648,2.4599556965708733,-3.330050431638956
1781099305594152700,69.03415258789063,8.875745114660262,2.4754966723129153,-3.356109878785908
1781099305619228700,69.05922875976563,8.876701392471789,2.47916220908314,-3.3508722703933715
1781099305644304600,69.0843046875,8.880372774460911,2.4859675051838157,-3.3360604857087135
1781099305669379600,69.10937963867187,8.883175556921959,2.487770755213499,-3.327250864048302
1781099305694455600,69.13445556640625,8.881286966696381,2.486818861316144,-3.3329961297020314
1781099305719530500,69.15953051757812,8.874415911883116,2.476767130640149,-3.358677683447301
1781099305744606700,69.18460668945312,8.85516059179306,2.4817922653257845,-3.405465445846319
1781099305769681700,69.209681640625,8.83028275564611,2.5076801552981136,-3.450807393351197
1781099305794757600,69.23475756835937,8.817820748957992,2.5141280162632462,-3.477866665190458
1781099305819833600,69.25983349609375,8.813799822878837,2.505719084358215,-3.4940877321511503
1781099305844908800,69.28490869140624,8.810030825734138,2.5064079434052107,-3.5031004751682278
1781099305869984500,69.30998461914062,8.799683619242906,2.5239140817403793,-3.516509115056693
1781099305895059700,69.33505981445313,8.777679292705654,2.5495757617413997,-3.552806170840561
1781099305920135700,69.3601357421875,8.752315718868374,2.578734051686525,-3.5940985506936904
1781099305945210600,69.38521069335937,8.737036316671967,2.5973633488327263,-3.6177751943573355
1781099305970286600,69.41028662109375,8.727513870567083,2.6131337494164706,-3.6293846758693453
1781099305995362600,69.43536254882812,8.721125630834699,2.618511058540642,-3.6408395513415335
1781099306020437200,69.46043725585938,8.705888898736237,2.626483937115967,-3.671438103222847
1781099306045513200,69.48551318359375,8.674019596266746,2.6467975340873,-3.7317826818093653
1781099306070588200,69.51058813476563,8.636297476115823,2.6871447420448065,-3.7899858644530173
1781099306095664400,69.53566430664063,8.603392985379696,2.7162667916327714,-3.8436826755881306
1781099306120740000,69.56073999023438,8.587124572145939,2.715295900774002,-3.8805762359604237
1781099306145815000,69.58581494140626,8.56211229596436,2.741841085611284,-3.9170024710819122
1781099306170891300,69.61089135742188,8.541349493920803,2.7839199396669865,-3.9326214804962274
1781099306195966200,69.63596630859375,8.518147482031583,2.8087241260558367,-3.9651732122719285
1781099306221042200,69.66104223632813,8.477675770911574,2.827063792605698,-4.038205130735039
1781099306246117000,69.6861171875,8.426914136445522,2.894979975490272,-4.0959260828197
1781099306271193300,69.711193359375,8.394127719131111,2.937645981784165,-4.13270536916256
1781099306296269000,69.73626904296874,8.375127835106849,2.937839458529651,-4.170939822749793
1781099306321344300,69.76134423828125,8.37574333665669,2.920653053668141,-4.1817599074497815
1781099306346420200,69.78642016601563,8.367528466019033,2.9323630729451775,-4.189998158963024
1781099306371495200,69.8114951171875,8.336765663486718,2.962368335108459,-4.23002066501081
1781099306396571100,69.83657104492187,8.299751399344206,2.9888334404468533,-4.283850162614882
1781099306421646000,69.86164599609376,8.28398625945747,3.004871552056074,-4.303109574358165
1781099306446722300,69.88672241210938,8.301665708532928,2.9936075229808687,-4.2768008286252615
1781099306471798300,69.91179833984376,8.34047445487678,2.9471152363970874,-4.233364422480761
1781099306496873200,69.93687329101563,8.375385609260201,2.913389784666896,-4.187533814676105
1781099306521949200,69.96194921875,8.384366203573345,2.929961272500455,-4.157892417389154
1781099306547024100,69.98702416992188,8.385725801488757,2.9318776275157927,-4.1538057325974105
1781099306572100000,70.01210009765624,8.410019115746021,2.882540472894907,-4.1391912240505215
1781099306597176300,70.03717626953124,8.467969784933327,2.8042601323843,-4.074306663946807
1781099306622251300,70.06225122070313,8.543620361462235,2.7175226369127627,-3.9739240894824266
1781099306647327200,70.0873271484375,8.600349379900097,2.648166484352946,-3.89763930670321
1781099306672402200,70.11240209960937,8.639356863686443,2.5900036337196823,-3.8501618084743616
1781099306697478400,70.137478515625,8.674277370420098,2.5494252473548054,-3.798377260701358
1781099306722553300,70.16255322265626,8.716429581972957,2.494128307546675,-3.7381250365734098
1781099306747629000,70.18762915039062,8.784632765105366,2.39970318018198,-3.63896265155375
1781099306772705300,70.21270532226562,8.867615584218502,2.287387445209175,-3.5076474709481
1781099306797780200,70.2377802734375,8.940452856892346,2.159856459317356,-3.40201384408772
1781099306822856200,70.26285620117187,8.999238223338127,2.0533764447607097,-3.3117572345793245
1781099306847931100,70.28793115234375,9.006127982851863,2.0450661509245633,-3.2981428429856896
1781099306873007400,70.31300732421874,8.970459872621298,2.183060078641772,-3.3068875827163455
1781099306898082300,70.33808227539062,9.004373832660914,2.1779780992023645,-3.2168411088272926
1781099306923158300,70.363158203125,9.108021838662028,2.0197661438427863,-3.022396687352657
1781099306948234200,70.38823413085937,9.174227710497378,1.9975642489068208,-2.830838050447404
1781099306973309200,70.41330908203125,9.25054347293675,2.214234238453954,-2.3864289803281427
1781099306998385200,70.43838525390625,9.161107532161473,2.1274260158337652,-2.7782299113318323
1781099307023460000,70.46346020507812,9.157509215408563,1.8702660488575695,-2.9685879402756687
1781099307048536300,70.48853637695312,9.25619287700057,1.6942418118230997,-2.7609412151396273
1781099307073611300,70.513611328125,9.313342751199006,1.8627273239158093,-2.4417813035853206
1781099307098687200,70.53868725585937,9.246832343459129,2.036751180913299,-2.5530545437678693
1781099307123763200,70.56376318359375,9.117639561834931,2.075320565543324,-2.955013003909588
1781099307148838400,70.58883837890625,9.067904347807168,2.0668308234870434,-3.109933516508341
1781099307173914000,70.6139140625,9.137536686959862,2.0284363570325077,-2.925959927904606
1781099307198989000,70.63898901367187,9.205124368542432,2.0084554991468786,-2.720687530684471
1781099307224065300,70.66406518554687,9.193778798663615,2.0695885977625847,-2.7132380914613603
1781099307249140200,70.68914013671875,9.128284289968013,2.122334391783178,-2.887989970472455
1781099307274216200,70.71421630859375,9.087016460034251,2.135402986062318,-3.006081512367725
1781099307299292400,70.73929248046875,9.117862264674901,2.0853223195977506,-2.9472715960025786
1781099307324367400,70.76436743164062,9.166325559070707,2.055485253608227,-2.8149367169603705
1781099307349443000,70.78944311523438,9.179612326145172,2.043023977572471,-2.780496394959092
1781099307374518300,70.81451831054687,9.172926564770936,2.0111305635750294,-2.8254455437541006
1781099307399594200,70.83959423828125,9.175256469023227,1.9863664169356225,-2.835385630749166
1781099307424669200,70.86466918945312,9.18713103121221,1.992496736384183,-2.7923119204372164
1781099307449745200,70.8897451171875,9.192288852366804,1.9870675509423017,-2.7791715760961173
1781099307474821400,70.9148212890625,9.191915342879295,1.9634677719071507,-2.7971272117644546
1781099307499896300,70.93989624023438,9.199975899738073,1.9400065245598554,-2.7869781581938264
1781099307524972300,70.96497216796875,9.211215086632967,1.9475538711994884,-2.7442656824097034
1781099307550047200,70.99004711914063,9.218760095185042,1.9496439753465353,-2.7173089941620825
1781099307575123200,71.01512329101563,9.22764132077694,1.939434569890797,-2.6943673867747187
1781099307600199200,71.04019921875,9.240725258755683,1.9312877960532902,-2.6550974526599047
1781099307625274000,71.06527416992188,9.252175458052754,1.9251380412518977,-2.6194460013031957
1781099307650350300,71.09035034179688,9.25412074690163,1.9374854816496372,-2.603413734912872
1781099307675425300,71.11542529296875,9.25138226184845,1.947035984805226,-2.606016318626702
1781099307700501200,71.14050122070313,9.250570360943675,1.9465030469723044,-2.609311268518865
1781099307725576200,71.165576171875,9.254939077547192,1.937315970301628,-2.6006375481978057
1781099307750652400,71.19065234375,9.263428673473,1.9131766775622963,-2.58824626865834
1781099307775728000,71.21572802734374,9.263083221036196,1.9012274427019058,-2.5982655583694574
1781099307800803000,71.24080297851563,9.259800546103715,1.8911046926163135,-2.6172905768349763
1781099307825879300,71.26587939453125,9.255903538665175,1.8758419492937624,-2.6419340197041628
1781099307850954200,71.29095434570313,9.251244899204373,1.8865283246114848,-2.650638427424431
1781099307876030200,71.3160302734375,9.247176626852154,1.9251396486870944,-2.6370351417466997
1781099307901105200,71.34110522460938,9.250034938892721,1.9396745161265134,-2.61626795578897
1781099307926181400,71.36618139648438,9.250145413529872,1.9673451978623866,-2.5951433346956967
1781099307951257300,71.39125732421876,9.247903772082925,2.0151744321383536,-2.566274675346911
1781099307976332300,71.41633227539063,9.26870456804931,1.9951102798834441,-2.5061981000468134
1781099308001408300,71.441408203125,9.279496011176704,1.9444829393215477,-2.5060692129701376
1781099308026483500,71.4664833984375,9.288825565057993,1.9278858786553144,-2.4842300138667226
1781099308051559400,71.49155932617188,9.293858298528194,1.8877869463704526,-2.4961545526772735
1781099308076634400,71.51663427734375,9.279294351124763,1.8087980191990731,-2.6063977191597223
1781099308101710600,71.54171069335938,9.297635478979348,1.7546616476029158,-2.5778993544280526
1781099308126785500,71.56678564453125,9.308079131582378,1.7696467430278657,-2.5295135091826317
1781099308151861500,71.59186157226563,9.301983737316727,1.8106638130709527,-2.522884738692641
1781099308176937500,71.6169375,9.297601576709747,1.8476890369988976,-2.5121789280220863
1781099308202012400,71.64201245117188,9.303718013763428,1.8245428469501435,-2.5064421379357573
1781099308227088400,71.66708837890624,9.336738824355601,1.7512988931715487,-2.4348873062878846
1781099308252163300,71.69216333007813,9.353236370170116,1.7298218053787946,-2.3864365791127082
1781099308277239600,71.71723950195313,9.337236837005614,1.7568131265483795,-2.428991233986616
1781099308302314500,71.742314453125,9.312443172010779,1.770682369685918,-2.5126705109313128
1781099308327390500,71.76739038085938,9.303122970479727,1.8100792911812662,-2.5190984981521964
1781099308352466700,71.792466796875,9.300044293686748,1.9197889353089033,-2.4482518147736787
1781099308377541600,71.81754174804688,9.291717194846273,2.00243331624791,-2.4134281925432384
1781099308402617300,71.84261743164062,9.279794701862334,2.079386938199401,-2.3941516835346817
1781099308427692300,71.8676923828125,9.2694363894552,2.169307739882171,-2.354163372017443
1781099308452768500,71.8927685546875,9.249371506547927,2.235632415791601,-2.370961654344201
1781099308477844500,71.91784448242187,9.226801947343349,2.2553085916422306,-2.439281595724076
1781099308502919400,71.94291943359374,9.242419203191995,2.2180406449995935,-2.4141883632607755
1781099308527995600,71.96799560546874,9.258637347543239,2.209941801957041,-2.3588564982697364
1781099308553070600,71.99307055664063,9.26743849363625,2.1754726922526952,-2.3563261030092835
1781099308578146600,72.018146484375,9.25867241885662,2.143262905782461,-2.419454613225907
1781099308603221500,72.04322143554687,9.254595378676056,2.1214058787614105,-2.4540713147073983
1781099308628297500,72.06829736328125,9.245943285664916,2.0799936719208953,-2.5212197280898687
1781099308653373400,72.09337353515625,9.252969238778949,2.023568897126615,-2.54128519551903
1781099308678448400,72.11844848632812,9.245685511511564,2.047088304401934,-2.5489561685383317
1781099308703524600,72.14352465820312,9.22508345298767,2.107515446705371,-2.5742110213041305
1781099308728599600,72.168599609375,9.206021609643102,2.139680955642462,-2.6156024776175615
1781099308753675500,72.19367553710937,9.204882961001992,2.138755657491088,-2.6203566864073276
1781099308778750500,72.21875048828124,9.18804580796957,2.2064339399665593,-2.6233228427365423
1781099308803826700,72.24382666015624,9.166344848293065,2.245947911970317,-2.6653701326102017
1781099308828901600,72.26890161132812,9.136750505018234,2.25932922546044,-2.754194078966975
1781099308853977300,72.29397729492187,9.133750154158472,2.278958055038005,-2.7479797344967722
1781099308879053600,72.31905346679687,9.124334675559401,2.3316426203906535,-2.7350150389835237
1781099308904128500,72.34412841796875,9.102109399747848,2.3713100293904543,-2.7746877086803314
1781099308929204500,72.36920458984375,9.07787862933278,2.3977833180353043,-2.8307550483390687
1781099308954279400,72.39427954101562,9.067139208653568,2.3945799919493496,-2.8676392563611266
1781099308979355600,72.41935571289062,9.073468996196985,2.3855815697185694,-2.8550843106925488
1781099309004430600,72.4444306640625,9.073448537930846,2.4185605869956315,-2.8272715901374816
1781099309029507600,72.46950756835938,9.060960812279582,2.4438440813340243,-2.845529131361842
1781099309054583600,72.49458349609375,9.048833152112364,2.4486308772191405,-2.879788836099207
1781099309079658500,72.51965844726563,9.055606007248162,2.4391287432499227,-2.8665371403381226
1781099309104734700,72.54473461914063,9.064975893139838,2.4296093658849593,-2.8449294119030237
1781099309129809700,72.5698095703125,9.064566727817057,2.429759149619192,-2.8460958253338933
1781099309154885600,72.5948857421875,9.068173812398314,2.4112958566896614,-2.850309059114754
1781099309179960600,72.61996069335937,9.072485245856642,2.3889215277962386,-2.8554262559980153
1781099309205036500,72.64503662109375,9.076999508410692,2.397708353102952,-2.8336303115144372
1781099309230112500,72.67011254882813,9.074922702136636,2.4063385265432298,-2.832975646997988
1781099309255187500,72.6951875,9.073149847245215,2.390692336861044,-2.8518299850717184
1781099309280263700,72.720263671875,9.075036683905124,2.4026024087548254,-2.8357687848478554
1781099309305338600,72.74533862304688,9.071820644468069,2.442470454893261,-2.8119050941795107
1781099309330414600,72.77041455078125,9.062664693588017,2.4678365129485726,-2.819275330686569
1781099309355489500,72.79548950195313,9.058330463775992,2.4813290317282077,-2.821354767309129
1781099309380565800,72.82056567382813,9.063305914101004,2.483257369442284,-2.803621249958873
1781099309405641500,72.84564135742187,9.057790365549922,2.494246380968392,-2.8116797609910367
1781099309430716400,72.87071630859376,9.04494374345839,2.527475281353295,-2.8233459411263464
1781099309455792600,72.89579272460938,9.033905632093548,2.5504917075425384,-2.8379399914070964
1781099309480867600,72.92086767578125,9.037499272671342,2.5393366917997597,-2.836509666343033
1781099309505943600,72.94594360351563,9.03642258335054,2.540215228199959,-2.839157842764258
1781099309531018500,72.9710185546875,9.029465603819489,2.5525071390181777,-2.8502412545755504
1781099309556094700,72.9960947265625,9.012559477204084,2.5668907614186405,-2.890542869825661
1781099309581169700,73.02116967773438,8.995346476596593,2.58695915145725,-2.9260443913176655
1781099309606245600,73.04624560546876,8.991426672804355,2.5836159785091874,-2.9410157504782077
1781099309631321600,73.07132153320312,8.990479747343063,2.569926183591783,-2.9558637755200263
1781099309656396500,73.096396484375,8.980985942810774,2.5884724786296487,-2.9685221815630793
1781099309681472500,73.12147241210937,8.967375350609421,2.606610777388513,-2.993676204302907
1781099309706547500,73.14654736328124,8.969263356313109,2.5721105418935415,-3.0177655204206704
1781099309731623700,73.17162377929688,8.981582155138254,2.5406515737906097,-3.00776055149585
1781099309756698600,73.19669873046875,8.97438844424188,2.5641297722727057,-3.0093171332880853
1781099309781774600,73.22177465820313,8.950971912819147,2.5936139331713317,-3.0534596418753264
1781099309806850600,73.2468505859375,8.946335485190152,2.57872469933629,-3.0795532835528254
1781099309831925500,73.27192553710937,8.961433685600758,2.5645915445655585,-3.047296735331416
1781099309857001500,73.29700146484375,8.955371609082817,2.5976205384641884,-3.037113487230241
1781099309882076400,73.32207641601562,8.926369386482238,2.643427180871367,-3.082636051999032
1781099309907152600,73.34715258789062,8.909424681422113,2.6733900651976463,-3.105722328554094
1781099309932227600,73.3722275390625,8.908236932942271,2.686539177367091,-3.097782475465536
1781099309957303600,73.39730346679687,8.913093725323677,2.6852362780749797,-3.084908088584244
1781099309982379800,73.4223798828125,8.902464194759727,2.6908240150794387,-3.110629682078957
1781099310007454700,73.44745483398438,8.894386102244257,2.699756678597629,-3.1259631525501606
1781099310032529700,73.47252978515625,8.87945975126922,2.7175474790930747,-3.1528552511289716
1781099310057604600,73.4976044921875,8.866952736395596,2.7264102922454474,-3.18028247949779
1781099310082680600,73.5226806640625,8.861266507452726,2.737806131006777,-3.1863433869719504
1781099310107755800,73.547755859375,8.858305904081464,2.755583779759705,-3.179232678183913
1781099310132831500,73.57283154296876,8.860926315712929,2.74948517062366,-3.1772143240988253
1781099310157906400,73.59790649414063,8.872609739243984,2.7154119283691047,-3.17391382124871
1781099310182982700,73.62298266601563,8.861862135258317,2.7210239230319857,-3.1990251738905906
1781099310208058600,73.64805859375,8.839220095339417,2.7532383856773377,-3.2339246378362176
1781099310233133600,73.67313354492188,8.824875928166508,2.7457559209674596,-3.2791473428755995
1781099310258209800,73.69820971679688,8.841343663364649,2.691186710911989,-3.2800223721444604
1781099310283284700,73.72328466796876,8.85014305589199,2.6809955717653033,-3.2645968394756317
1781099310308360700,73.74836059570312,8.833478921338916,2.7125232211902737,-3.283631794813275
1781099310333435600,73.773435546875,8.804052920368314,2.7506255728304385,-3.33062998509258
1781099310358511600,73.79851171875,8.794152873122691,2.7691598851695653,-3.3414144139572977
1781099310383587600,73.82358764648437,8.80165111992359,2.770440280368924,-3.3205452289298174
1781099310408662500,73.84866259765624,8.81510038408339,2.7541668986991046,-3.2983255060762167
1781099310433738800,73.87373876953124,8.812166084197163,2.7629394032195207,-3.2988360859468577
1781099310458813700,73.89881372070313,8.789945484560727,2.8083368803039193,-3.3197108239322897
1781099310483889700,73.9238896484375,8.76903304491341,2.8442712402552366,-3.3443402382761236
1781099310508964600,73.94896459960937,8.770169355466962,2.8257977181926366,-3.356990753273666
1781099310534040600,73.97404052734375,8.785524745509028,2.7966984649583697,-3.3411665766760703
1781099310559115800,73.99911572265626,8.78014889768958,2.8213039139047265,-3.3346053184643387
1781099310584191500,74.02419140625,8.74639392760396,2.8712282207638022,-3.3803888722568747
1781099310609267700,74.04926782226562,8.725703606274724,2.893153636845946,-3.4149911068215966
1781099310634342700,74.0743427734375,8.725068815502524,2.8812077629864215,-3.426689727921784
1781099310659418600,74.09941870117187,8.743362597084046,2.8618729479193687,-3.396130923528969
1781099310684493600,74.12449365234374,8.732434375834465,2.882016449020803,-3.4071874473333357
1781099310709569800,74.14956982421874,8.70092221623957,2.9264485882043836,-3.449671959580481
1781099310734644700,74.17464477539062,8.679169234114886,2.9609777575328944,-3.474914829647541
1781099310759720400,74.19972045898437,8.686600260898471,2.94411693136394,-3.4706729542940855
1781099310784796700,74.22479663085937,8.711596170467137,2.9030267960846423,-3.4425203342601653
1781099310809871600,74.24987158203125,8.708408772602677,2.9261037202894684,-3.431021619646251
1781099310834947600,74.27494750976562,8.669862476587294,2.9851179270550605,-3.4774870182231066
1781099310860022500,74.3000224609375,8.647578748586774,2.998781710748374,-3.520946512982249
1781099310885098800,74.3250986328125,8.655460441747307,2.9678143255546687,-3.5278108457937836
1781099310910173700,74.35017358398437,8.6702815787822,2.952847642569244,-3.503890748763084
1781099310935249700,74.37524975585937,8.655947933003306,2.976597935990989,-3.519213990101218
1781099310960325600,74.40032568359375,8.635538182181119,2.9884698678314683,-3.5590611395820972
1781099310985400600,74.42540063476562,8.632997850048541,2.9827471062704918,-3.5700042661398648
1781099311010476500,74.4504765625,8.630286253002286,2.985785158792138,-3.574026069001853
1781099311035551200,74.47555126953125,8.631038532674312,3.003151596395671,-3.557618247297406
1781099311060627200,74.50062719726563,8.625494342550635,3.032909605799615,-3.5458006759926675
1781099311085702100,74.5257021484375,8.632891467064619,3.0257664560467004,-3.5338881198808547
1781099311110778000,74.55077807617188,8.651289293542504,2.9894921966165304,-3.519736260409653
1781099311135853300,74.57585327148438,8.659393105021119,2.974874473199248,-3.512183068551123
1781099311160929300,74.60092919921875,8.64021786442995,3.0057807758554813,-3.53303033400774
1781099311186005000,74.6260048828125,8.618197755801678,3.0296091029495,-3.566300150924921
1781099311211080200,74.651080078125,8.610738087445498,3.01634863936007,-3.5954379826039076
1781099311236156200,74.67615625,8.636907132446765,2.9935540392279623,-3.551463816320896
1781099311261231000,74.70123120117188,8.641587983739376,3.009815145938098,-3.52624169678092
1781099311286307000,74.72630712890626,8.632900819414854,3.0270570803791284,-3.532752101588249
1781099311311382300,74.75138232421875,8.621731775146722,3.037803223060071,-3.550753037703037
1781099311336458200,74.77645825195313,8.607703249794245,3.0499218231379985,-3.574327390035987
1781099311361534200,74.8015341796875,8.59385651074946,3.0682682116895914,-3.591904547780752
1781099311386609400,74.826609375,8.581141990604996,3.098862087395787,-3.5960324413657188
1781099311411685000,74.85168505859374,8.5773104496181,3.1053593404605984,-3.5995687987983223
1781099311436760000,74.87676000976562,8.588401752474903,3.079429072651267,-3.595388298243284
1781099311461836000,74.9018359375,8.602538414376973,3.05243643630743,-3.584606207466125
1781099311486911200,74.9269111328125,8.585062963441013,3.0704198367655278,-3.611041209927201
1781099311511987200,74.9519873046875,8.553145730176567,3.1121517770797014,-3.6508299072191117
1781099311537063200,74.97706323242187,8.518906775966286,3.140105367410183,-3.7065342587843535
1781099311562138400,75.00213842773438,8.52229641840458,3.125156512342393,-3.711372638726234
1781099311587214300,75.02721435546874,8.540567988154292,3.1028806753873823,-3.6879850411370394
1781099311612289300,75.05228930664063,8.53697376305461,3.1124680034220216,-3.6882314171135424
1781099311637365000,75.07736499023437,8.5014611356467,3.1567952209264036,-3.732321026469767
1781099311662440200,75.10244018554687,8.472553021070361,3.1896044345945116,-3.7699648206874725
1781099311687516200,75.12751611328125,8.476951548290252,3.1831238404035567,-3.7655525572031734
1781099311712592100,75.15259204101562,8.4829224393934,3.181685916554928,-3.75330565457046
1781099311737667300,75.17766723632812,8.483953536006808,3.1919135883197187,-3.7422736806854604
1781099311762743300,75.20274340820312,8.480843879553674,3.177871326702833,-3.7612291410461065
1781099311787818200,75.227818359375,8.48568547436595,3.146145816618204,-3.776941381701827
1781099311812894200,75.25289428710937,8.469525782203673,3.1419109555274245,-3.816533387377858
1781099311837969400,75.27796948242188,8.445931556126475,3.159631321135163,-3.8540035785943267
1781099311863045000,75.30304516601562,8.432929451212287,3.1615923920750615,-3.8807831567093727
1781099311888120000,75.3281201171875,8.439305415984988,3.1357433728083968,-3.8878818827986716
1781099311913196300,75.3531962890625,8.450281568029522,3.1169980480670927,-3.8791029485374686
1781099311938272300,75.37827221679687,8.444608783090114,3.129658499936759,-3.8812636337026953
1781099311963347200,75.40334716796875,8.436086453938485,3.1397830035880205,-3.8916041181921956
1781099311988423200,75.42842309570312,8.427498658335209,3.141049954783916,-3.9091488349720835
1781099312013498400,75.45349829101562,8.428893327564001,3.13185805580765,-3.9135140444442627
1781099312038574300,75.47857421875,8.428051031520962,3.1195223058477044,-3.9251685341417786
1781099312063650300,75.503650390625,8.43600286730826,3.1096856792271135,-3.915877266444266
1781099312088725200,75.52872534179687,8.42950999815762,3.1121848025664685,-3.927859380660951
1781099312113801200,75.55380126953125,8.424033028051257,3.10511384126693,-3.945166197031736
1781099312138876400,75.57887646484374,8.424442193374038,3.110954676249623,-3.9396827971845862
1781099312163952400,75.60395239257812,8.430956689834595,3.1041555176287887,-3.9311101991504427
1781099312189027300,75.62902734375,8.447989657700061,3.0837060193181034,-3.910582082645595
1781099312214103300,75.65410327148437,8.478528588348627,3.0558684565827248,-3.8660786317914724
1781099312239178500,75.67917846679687,8.477876846441626,3.0477021012619137,-3.873946004165709
1781099312264254200,75.70425415039062,8.462956340685487,3.073969930462539,-3.8858041997417807
1781099312289330200,75.729330078125,8.444065762254596,3.0962650566399095,-3.909131299315393
1781099312314405400,75.7544052734375,8.46156810119748,3.0550954263836143,-3.9036704035609957
1781099312339481300,75.7794814453125,8.49635066076517,3.0116061210080978,-3.861696763445437
1781099312364556300,75.80455639648437,8.503751876932382,3.0257170639470217,-3.8342689505547285
1781099312389632300,75.82963232421875,8.49275175949037,3.0469582971572873,-3.8418215578913686
1781099312414707500,75.85470751953125,8.501526017576456,3.0190149359598752,-3.8444735337048765
1781099312439783400,75.87978344726562,8.530113229635358,2.9767627711638807,-3.81397435054481
1781099312464859100,75.90485913085938,8.540023798274994,2.973000496020913,-3.7946944805353877
1781099312489934300,75.92993432617187,8.530677877780795,2.9961241819769144,-3.797521812915802
1781099312515010300,75.95501025390625,8.527388773107528,3.0076442316398024,-3.79580010368973
1781099312540085200,75.98008520507813,8.536482764667271,2.9973025781065226,-3.783523098179698
1781099312565161200,76.0051611328125,8.564768947952984,2.9878675180241463,-3.7266336284831163
1781099312590236400,76.030236328125,8.579617557516693,3.004443974293768,-3.6788404884338375
1781099312615312400,76.0553125,8.572339090946317,3.0379388321384786,-3.668284607627988
1781099312640388400,76.08038842773438,8.567392866715789,3.055378042717278,-3.66535206130743
1781099312665463600,76.10546362304687,8.580624104210735,3.0256939753323793,-3.659024904112518
1781099312690539300,76.13053930664063,8.609443371459841,2.978847176222503,-3.629653848199546
1781099312715614200,76.1556142578125,8.614691208985448,2.984134761236608,-3.6128196177765726
1781099312740690200,76.18069018554688,8.586655785590409,3.0253797948166725,-3.6451013004392383
1781099312765765400,76.20576538085938,8.562817229363322,3.0385172165483234,-3.689975630432367
1781099312790841300,76.23084130859375,8.57746067174375,3.0097014564305544,-3.679580200885236
1781099312815917300,76.25591723632813,8.607109960076212,2.972152939280867,-3.6406548424243925
1781099312840992500,76.28099243164063,8.610431797975302,2.964986408652365,-3.638643502601981
1781099312866068500,76.306068359375,8.589307761403917,2.9697268811777233,-3.684411274303496
1781099312891143400,76.33114331054688,8.570508952909707,2.9811794185623524,-3.718782622721791
1781099312916219100,76.35621923828126,8.553564832371473,2.9851401388868686,-3.7544372889488935
1781099312941294300,76.38129443359375,8.556829387125372,2.968350624388456,-3.760314072027802
1781099312966370300,76.40637036132813,8.560195064166187,2.959870380812883,-3.7593428889080878
1781099312991445200,76.4314453125,8.5619229108721,2.970954961667955,-3.7466353830263017
1781099313016521200,76.45652124023438,8.553245683419703,2.9771652144849297,-3.761498897898197
1781099313041597700,76.48159765625,8.555033735880254,2.958017154161632,-3.772519473606348
1781099313066673000,76.5066728515625,8.556768596848846,2.9464699242308736,-3.7776194270938634
1781099313091748600,76.53174853515625,8.543532683178782,2.9731653311938047,-3.786657304552197
1781099313116823600,76.55682348632813,8.52891612880528,3.0009757136613127,-3.797647777383029
1781099313141899800,76.58189965820313,8.532102942147851,2.9939599896803495,-3.796022222007811
1781099313166974700,76.606974609375,8.552911336898804,2.965206773404777,-3.771687114435434
1781099313192050700,76.63205078125,8.56011440014541,2.9730235846355555,-3.749132460539043
1781099313217126700,76.65712670898438,8.540352884098887,3.017657676132023,-3.758526019567251
1781099313242201900,76.68220190429687,8.525029642760753,3.0374235760927197,-3.7773371030211447
1781099313267277800,76.70727783203125,8.541817111432552,2.999759908130765,-3.7695132775276896
1781099313292352800,76.73235278320313,8.572977973371744,2.957058246001601,-3.732324533601105
1781099313317428700,76.7574287109375,8.575290341967344,2.97336056150496,-3.7140152621895073
1781099313342503700,76.78250366210938,8.55250684775114,3.0042937521681186,-3.7415570568487047
1781099313367579600,76.80757958984375,8.551810682180523,2.9815351001322266,-3.7613004527166485
1781099313392655600,76.83265551757812,8.56675515333414,2.9366090399518607,-3.762635208451748
1781099313417730800,76.85773071289063,8.573853002640604,2.9310046440735458,-3.750825235931575
1781099313442806800,76.88280688476563,8.56250392563045,2.951376985494792,-3.7607518789231773
1781099313467881700,76.9078818359375,8.567562962585686,2.936865937322378,-3.7605958115786313
1781099313492957700,76.93295776367188,8.583706288135051,2.914253123497963,-3.741320910005271
1781099313518033000,76.95803295898438,8.575470374709367,2.927482899688184,-3.749871003946662
1781099313543108600,76.98310864257813,8.563266142174601,2.9509666511282324,-3.7593455192565917
1781099313568183600,77.00818359375,8.576699624243378,2.941054621183872,-3.7364120951756834
1781099313593259800,77.033259765625,8.595544025444983,2.928715948614478,-3.702649234044552
1781099313618335700,77.05833569335938,8.585639302024244,2.9642022725373507,-3.69739321321249
1781099313643410700,77.08341064453126,8.567430860638618,2.994761076930165,-3.7149586805194614
1781099313668486700,77.10848657226562,8.575271637266875,2.9843089487597343,-3.7052620468914506
1781099313693561900,77.13356176757813,8.600802968886494,2.9640500045850873,-3.662105042210221
1781099313718637800,77.15863793945313,8.599117792278527,2.9788056751683354,-3.6540772185772656
1781099313743712800,77.18371264648438,8.595039583054184,2.9907524258106943,-3.653912675665319
1781099313768788700,77.20878881835938,8.598976922503113,2.9813252567738293,-3.6523596010044215
1781099313793863700,77.23386376953125,8.617104699867964,2.9594626767948267,-3.6273233594253655
1781099313818939600,77.25893969726563,8.62086200657487,2.9533661134853957,-3.623367315275967
1781099313844015600,77.284015625,8.616566355207562,2.947274226351082,-3.6385046786531805
1781099313869090800,77.3090908203125,8.617533738934993,2.9450983436167237,-3.6379800702571865
1781099313894166800,77.33416674804687,8.614684194722772,2.955575898489356,-3.636235564677417
1781099313919241700,77.35924169921876,8.60819658626914,2.972223374168575,-3.6380291700959204
1781099313944317700,77.38431762695312,8.609182090175151,2.975974543395638,-3.632626726530492
1781099313969393000,77.40939282226563,8.619587748855352,2.960403757037222,-3.6206507497936484
1781099313994468600,77.43446850585937,8.627477040800452,2.9591350522756574,-3.602848258860409
1781099314019543800,77.45954370117188,8.61752146397531,2.9815155186489224,-3.608231997725367
1781099314044618800,77.48461865234376,8.60056682204306,2.991131488256156,-3.640573593881726
1781099314069694700,77.50969482421876,8.590465699267387,2.9911612988725302,-3.6643200879111886
1781099314094770000,77.53477001953125,8.587869837555289,3.0015511754617092,-3.661909811899066
1781099314119846000,77.55984594726563,8.588778184571861,3.006869155614078,-3.655414020138979
1781099314144920800,77.5849208984375,8.59103853071928,3.0195819221928715,-3.639581660234928
1781099314169997000,77.6099970703125,8.596551156660913,3.0266318407043813,-3.620659225361049
1781099314195072800,77.63507275390624,8.60116361889243,3.009629267977178,-3.6238790641903873
1781099314220148000,77.66014794921875,8.607080733981729,2.994601210193336,-3.622281858126819
1781099314245223700,77.6852236328125,8.59670956209302,2.996275865407288,-3.645451429051161
1781099314270299000,77.710298828125,8.567070210632682,3.022833617465198,-3.6929885485127567
1781099314295374800,77.73537475585937,8.556710144659876,3.0270079805403944,-3.713525140585005
1781099314320449800,77.76044970703126,8.56162597375214,3.0093636027783153,-3.7165424425795672
1781099314345526000,77.78552612304688,8.570770234194397,3.0030694710701704,-3.700528004106879
1781099314370601000,77.81060107421875,8.566091720989347,3.025863486680388,-3.692773736718297
1781099314395677000,77.83567700195313,8.567790926122665,3.0270705243825913,-3.6878418332740663
1781099314420752600,77.86075268554687,8.57850755044818,3.0035110773578286,-3.682195351819694
1781099314445827800,77.88582788085938,8.585176360687614,2.986029488942027,-3.680857381214201
1781099314470903800,77.91090380859374,8.576494457060098,2.995836889468133,-3.693109252282977
1781099314495978800,77.93597875976562,8.566578043201565,3.010048370172083,-3.7045609128847716
1781099314521055000,77.96105493164063,8.56269097263515,3.0234666546717284,-3.702614454992115
1781099314546130000,77.9861298828125,8.570582602667809,3.020150077469647,-3.6870299323692914
1781099314571206000,78.01120581054687,8.591357679671049,2.987416851647198,-3.665285133551061
1781099314596280800,78.03628076171876,8.612963946801424,2.9655262146174906,-3.632203240421414
1781099314621357000,78.06135717773438,8.612699742907285,2.980339460606873,-3.6206893282383676
1781099314646432800,78.08643286132812,8.591142575615644,3.004026917925477,-3.652192720004916
1781099314671507700,78.1115078125,8.591703132107853,2.9880738542512058,-3.6639413177266715
1781099314696584000,78.136583984375,8.614826818063854,2.9471149441361426,-3.642752106964588
1781099314721659000,78.16165893554688,8.631103414604068,2.940666206388175,-3.609288228780031
1781099314746734800,78.18673486328125,8.627821908715367,2.9660522843182084,-3.5963325933560726
1781099314771809800,78.21180981445312,8.627582839262486,2.962479686528444,-3.5998505383491515
1781099314796886000,78.23688598632812,8.641865047115086,2.9333751725971697,-3.5894065934851764
1781099314821961000,78.2619609375,8.648728503143786,2.929280596759915,-3.576199029126763
1781099314847037000,78.28703686523437,8.639412393265962,2.943777324146032,-3.5867937806382773
1781099314872113000,78.31211279296875,8.632327987962961,2.950108865255117,-3.5986373631671067
1781099314897187800,78.33718774414062,8.630226631769537,2.9616522957935927,-3.5941882748037575
1781099314922263800,78.36226391601562,8.62598767902553,2.990540828886628,-3.580425706911087
1781099314947338800,78.3873388671875,8.63350579957068,2.986036795465648,-3.5660324398994443
1781099314972415000,78.4124150390625,8.654926773262023,2.951163342744112,-3.5430560534596443
1781099314997490000,78.43748999023437,8.66621622903943,2.949715774284303,-3.516569613072276
1781099315022566100,78.46256616210937,8.6443013343513,2.9857074173808096,-3.540058625209331
1781099315047642000,78.48764208984375,8.61931243904531,3.0063080145999788,-3.5832840189516544
1781099315072717300,78.51271728515626,8.620286837035417,2.9885701133355496,-3.5957562547728417
1781099315097793000,78.53779296875,8.630363994413614,2.957007684858143,-3.5976866383135317
1781099315122868000,78.56286791992187,8.633475404432415,2.9629224618598817,-3.5853277997389434
1781099315147944000,78.58794384765625,8.625590204140543,2.9859935408458114,-3.585172024655342
1781099315173019100,78.61301904296874,8.62386177291274,2.987318359708786,-3.5882270283117887
1781099315198095000,78.63809521484374,8.628353239113093,2.9813883851379153,-3.5823502452328797
1781099315223170000,78.66317016601562,8.635944424894452,2.9658436100035903,-3.576954523669183
1781099315248246300,78.68824633789062,8.624698223736882,2.9883243218809366,-3.58537163888067
1781099315273322000,78.71332202148437,8.606437759903073,3.02548763910532,-3.5980592710182067
1781099315298397200,78.73839721679687,8.599490132722257,3.018728812494874,-3.620284254568815
1781099315323473000,78.76347290039062,8.616701379764079,2.992454845814407,-3.6011186585888266
1781099315348548000,78.78854809570312,8.62772137095034,2.9911475626081225,-3.575731411615014
1781099315373624000,78.8136240234375,8.612831260332465,3.0152810101285574,-3.5913290859803557
1781099315398699000,78.83869897460937,8.606265325945616,3.0294892759621144,-3.5951097735628483
1781099315423775200,78.86377514648437,8.618987444874644,2.9966707099437713,-3.592128711925447
1781099315448850200,78.88885009765625,8.628602245438099,2.9682687913239,-3.592633154316246
1781099315473926100,78.91392602539062,8.613726747867464,3.010313158588111,-3.5933392567589877
1781099315499001900,78.939001953125,8.598830207508803,3.0267785556986926,-3.615125848892331
1781099315524077000,78.9640771484375,8.617094762995839,2.985181055419147,-3.6062124745965
1781099315549153000,78.98915307617187,8.636196353828906,2.9684575918942686,-3.574186520260572
1781099315574228000,79.01422802734375,8.61975959829092,3.0055647950172424,-3.5828342293575406
1781099315599304200,79.03930419921875,8.592876267540454,3.0434073266774413,-3.6153131881579754
1781099315624379100,79.06437915039062,8.607248491764068,3.0222099326089022,-3.598879647490382
1781099315649455000,79.089455078125,8.62600579920411,2.97636325045228,-3.5921743046328425
1781099315674530000,79.11453002929687,8.617663502794503,2.9922368191495536,-3.599002689348161
1781099315699606300,79.13960620117187,8.595603062155842,3.0273192384466525,-3.622339141272008
1781099315724682000,79.16468188476563,8.589739138558507,3.0199829042091966,-3.642316053634882
1781099315749757000,79.1897568359375,8.597780990716814,3.004459464123845,-3.636174189879
1781099315774833200,79.21483325195312,8.58633722116053,3.026315029840171,-3.645083472521603
1781099315799908000,79.239908203125,8.58417624373436,3.041280543781817,-3.6377111901879307
1781099315824984000,79.26498413085938,8.599053494870661,3.012967472489178,-3.626109307460487
1781099315850059000,79.29005908203125,8.60949890103936,3.002711743673682,-3.609799100911617
1781099315875135200,79.31513525390625,8.582014681786298,3.0564523939505217,-3.6300852253541347
1781099315900210200,79.34021020507812,8.560410168221592,3.079305446271598,-3.6616385937422513
1781099315925286100,79.3652861328125,8.579603528991342,3.043146629914641,-3.6469250087350606
1781099315950361900,79.39036181640626,8.608079097369313,3.010147446632385,-3.6069881351441144
1781099315975437000,79.41543701171875,8.59997060971558,3.0297718922957775,-3.609901684503257
1781099316000513000,79.44051293945313,8.571920573273301,3.0678590463668107,-3.6442820930108426
1781099316025588700,79.46558862304687,8.573919053614139,3.06741305616498,-3.6399575078099966
1781099316050664700,79.49066479492187,8.584483702248335,3.045774348069727,-3.633223815640807
1781099316075740000,79.51573999023438,8.604620481348038,3.0269051046878097,-3.601211013047397
1781099316100816000,79.54081591796874,8.60079244749248,3.0371847989007827,-3.60169938108623
1781099316125890800,79.56589086914063,8.590652746272086,3.0493469458594915,-3.6155911283165216
1781099316150966500,79.59096655273437,8.592767546468973,3.030815263868868,-3.6261437942519783
1781099316176042800,79.61604272460937,8.595734579581022,3.0156995278015732,-3.631710780729353
1781099316201117700,79.64111767578125,8.595968388336896,3.03006590680629,-3.6191719094127413
1781099316226193700,79.66619360351562,8.586942785838247,3.0473554797813294,-3.626077158756554
1781099316251268900,79.69126879882812,8.59064573200941,3.0472178248763084,-3.6174119140028953
1781099316276344800,79.7163447265625,8.610219032007455,3.025099224309623,-3.5893303133785723
1781099316301419800,79.74141967773437,8.613957634013891,3.018493542434275,-3.5859134906724095
1781099316326495700,79.76649584960937,8.613484755805134,3.0326690750420093,-3.575083469100296
1781099316351571000,79.79157104492188,8.600844469940663,3.0512060177296396,-3.589710837128758
1781099316376646700,79.81664672851562,8.596267663544415,3.058382777491212,-3.5945597384646533
1781099316401722600,79.84172265625,8.603612765610217,3.057285337643325,-3.577885374778509
1781099316426797800,79.8667978515625,8.601064250171184,3.0756288035854698,-3.5682799265652894
1781099316451873800,79.89187377929687,8.598054546961189,3.111264472851157,-3.5445565211504695
1781099316476948700,79.91694873046875,8.604461491394042,3.1162644730955362,-3.524566457045078
1781099316502024700,79.94202465820312,8.620030231925845,3.1097175356701015,-3.4921576408714055
1781099316527100000,79.96709985351562,8.626557003346084,3.1191730540186167,-3.467515367045998
1781099316552175900,79.99217578125,8.620376853406428,3.124951345159113,-3.4776699735745784
1781099316577250800,80.01725073242187,8.617182441279292,3.137475603428483,-3.4743042965337634
1781099316602326800,80.04232690429687,8.619037129235267,3.1545290295600887,-3.4542052190959454
1781099316627402800,80.06740283203125,8.618889829719066,3.145552526900172,-3.4627418690338727
1781099316652477700,80.09247778320312,8.624540987348556,3.12965733089298,-3.4630820607736705
1781099316677553700,80.1175537109375,8.634907483062147,3.1033152674123645,-3.460954985617101
1781099316702628900,80.14262890625,8.63100638397038,3.076444503882527,-3.494512095043063
1781099316727704800,80.16770483398437,8.624891115960478,3.0662671010002494,-3.518479246085882
1781099316752779800,80.19277978515625,8.61593390252292,3.064152300803363,-3.542170795057714
1781099316777855700,80.21785571289062,8.608305307340622,3.0655688896030187,-3.559455399596691
1781099316802931000,80.24293090820312,8.611340144991875,3.054926499557495,-3.5612776465877887
1781099316828006700,80.26800659179688,8.607380593711138,3.055230158679187,-3.5705680375024675
1781099316853082600,80.29308251953125,8.594868318140506,3.083107761164009,-3.5767458493545647
1781099316878157800,80.31815771484375,8.584116037979722,3.093255937951803,-3.593758358953893
1781099316903233800,80.34323388671875,8.580826348784566,3.0889801603287457,-3.605278408616781
1781099316928308700,80.36830883789062,8.582340260478853,3.113681470865011,-3.5803424125418064
1781099316953384700,80.393384765625,8.573475401499866,3.1272824184551835,-3.5897140519991515
1781099316978460000,80.4184599609375,8.573979259368777,3.1114082652360198,-3.6022786422789093
1781099317003536000,80.44353588867187,8.581932264199853,3.1035178042471405,-3.590127016714215
1781099317028610000,80.46861010742188,8.574703481990099,3.0967794359028336,-3.613146950034797
1781099317053686000,80.49368603515624,8.56334388358593,3.091577483345568,-3.6443984128668903
1781099317078761200,80.51876123046875,8.553340960487724,3.0868776350915432,-3.6717835556596516
1781099317103837000,80.5438369140625,8.548510471591353,3.093895697160065,-3.6771211172953246
1781099317128913000,80.56891284179687,8.531962656894326,3.1274332251027226,-3.687159988489747
1781099317153987800,80.59398779296875,8.532724288916587,3.1403724939137696,-3.67437883284986
1781099317179064000,80.61906396484375,8.54428262476325,3.132954326611757,-3.6537934331998225
1781099317204139000,80.64413891601562,8.551289288654923,3.1553841850847,-3.617932723006606
1781099317229215000,80.66921508789062,8.550351715543865,3.169260442484915,-3.608003741927445
1781099317254290200,80.69429028320313,8.53839005959332,3.162685155747831,-3.641931730492413
1781099317279366100,80.7193662109375,8.53449129858911,3.1791651659056543,-3.6367248094990847
1781099317304441900,80.74444189453125,8.529664901345967,3.1631150715976952,-3.6619554046064615
1781099317329516800,80.76951684570312,8.52652835688591,3.1114515198558568,-3.713164782840013
1781099317354593000,80.79459301757812,8.552745917204023,3.097103553290665,-3.664534607444703
1781099317379668000,80.81966796875,8.566762167596817,3.101219756437838,-3.6281481198117134
1781099317404744000,80.84474389648437,8.557781573283672,3.104999859498441,-3.646058747294545
1781099317429819100,80.86981909179687,8.540022044709325,3.1248648359194395,-3.6706373082339763
1781099317454895000,80.89489501953125,8.536539463290572,3.136460581167042,-3.6688518861219284
1781099317479970000,80.91996997070312,8.556490948951243,3.1103868132337924,-3.6444945667177437
1781099317505046000,80.9450458984375,8.572059689483046,3.0851033188953996,-3.6293659711688755
1781099317530121200,80.97012133789063,8.566063079416752,3.0889471348419786,-3.6402336944028733
1781099317555197000,80.99519702148437,8.54849527402222,3.1148776949122547,-3.6593946142077445
1781099317580273000,81.02027294921875,8.542206403011082,3.1389082665801045,-3.65354647270143
1781099317605348000,81.04534814453125,8.56155290851593,3.1137700259312986,-3.6296944724708795
1781099317630424000,81.07042407226562,8.577664085361361,3.0975738011509177,-3.6054289230033754
1781099317655499000,81.0954990234375,8.575200325596333,3.130873428684473,-3.5824478603884575
1781099317680575000,81.12057495117188,8.569950149983168,3.133491794489324,-3.5927108957275746
1781099317705650200,81.14565014648437,8.566672735747694,3.1303479435056447,-3.6032536247909066
1781099317730726000,81.17072583007813,8.56347247840166,3.1482001187995072,-3.5952982818722723
1781099317755801000,81.19580102539062,8.551879071241617,3.138922879627347,-3.6308304907634854
1781099317780877000,81.220876953125,8.563020642980932,3.1025971822708844,-3.635786359605193
1781099317805953000,81.245953125,8.595424198457598,3.075044866217673,-3.5823406006217002
1781099317831028000,81.27102807617187,8.610747439795732,3.0440523465827107,-3.571991640564799
1781099317856104000,81.29610400390625,8.592766377425193,3.066625412918627,-3.5959091072469946
1781099317881179100,81.32117919921875,8.562644210883974,3.1265061733856796,-3.616138240805268
1781099317906255000,81.34625512695312,8.565304954525828,3.120796563567221,-3.614774843497574
1781099317931330000,81.371330078125,8.595202080139517,3.078767978394031,-3.5796713814124463
1781099317956406000,81.39640600585938,8.611742296051979,3.084085666285455,-3.535073822534084
1781099317981481000,81.42148095703125,8.602519125154615,3.0904984559372064,-3.551886717908084
1781099318006557000,81.44655688476563,8.592749426290393,3.089309830674529,-3.576483106765151
1781099318031633200,81.47163305664063,8.599215991955996,3.093483024705946,-3.557276886513829
1781099318056708400,81.49670825195312,8.602591021347045,3.0648458360254764,-3.573873508788645
1781099318081784300,81.52178442382812,8.60690888454616,3.0359838986784218,-3.5880841127097605
1781099318106859300,81.546859375,8.624464999502896,3.0566672057449815,-3.5278584843277927
1781099318131935200,81.57193530273437,8.632339093878866,3.0778745366856453,-3.4899542856082317
1781099318157010400,81.59701049804687,8.628813842362165,3.0746272253274918,-3.5015199279785154
1781099318182086100,81.62208618164063,8.626238438916205,3.0781372792750594,-3.5047856517761944
1781099318207161000,81.6471611328125,8.6334309807688,3.070046035017073,-3.4941432617306707
1781099318232237300,81.6722373046875,8.641787305703758,3.0605554453551767,-3.4817882225483654
1781099318257313300,81.69731323242188,8.64019974425137,3.067653879183531,-3.47949543543607
1781099318282388200,81.72238818359375,8.636614871501923,3.0623592799067496,-3.4930265326604246
1781099318307464400,81.74746435546875,8.631046131458879,3.058911769801378,-3.509769869929552
1781099318332539400,81.77253930664062,8.629250480213761,3.0911031438320875,-3.485899164998531
1781099318357615400,81.79761547851562,8.63108003372848,3.1151489130690693,-3.459864267770946
1781099318382690300,81.82269018554688,8.646348914530872,3.098160953389108,-3.4369197377741334
1781099318407766300,81.84776635742188,8.658899768546224,3.0845567909285423,-3.4175030896425245
1781099318432841200,81.87284130859375,8.657707928413153,3.08447758821249,-3.4205995943531393
1781099318457917200,81.89791723632813,8.647873347619175,3.096139092172682,-3.4349069366469975
1781099318482993400,81.92299340820313,8.64646757247448,3.1021564527660606,-3.433019223204255
1781099318508068400,81.948068359375,8.639003227943181,3.113454091849923,-3.441573116537928
1781099318533144300,81.97314428710938,8.63188199776113,3.123540017056465,-3.450293306349218
1781099318558219300,81.99821923828125,8.636640005943178,3.130432991440594,-3.4320930482700467
1781099318583295200,82.02329516601563,8.650831612902879,3.1360102070510387,-3.3910067123830316
1781099318608370400,82.04837036132812,8.656127965745329,3.132503367973864,-3.380719127124548
1781099318633446100,82.07344604492188,8.645568577808142,3.1408553089946505,-3.399931777116656
1781099318658521000,82.09852099609375,8.6347514157176,3.154734489004314,-3.4145451166197653
1781099318683597300,82.12359741210938,8.636220903748274,3.143860920551419,-3.420854153636098
1781099318708673300,82.14867333984375,8.637324481076002,3.140274294236302,-3.4213577192440625
1781099318733748200,82.17374829101563,8.631795488521457,3.1568627332046626,-3.420051605081558
1781099318758824400,82.19882446289063,8.618294201913475,3.167424166968465,-3.4442397053986786
1781099318783899400,82.2238994140625,8.619780641078949,3.165548728485405,-3.4422479470595717
1781099318808975000,82.24897509765626,8.622237971103191,3.1773253832578656,-3.4251948131889103
1781099318834050300,82.27405029296875,8.618978092524408,3.1825460405156014,-3.4285645818829535
1781099318859126300,82.29912622070313,8.609783563199638,3.183302411840856,-3.4508851347625256
1781099318884201200,82.324201171875,8.59924463352859,3.195731100781262,-3.46564665056467
1781099318909277200,82.34927709960938,8.589784731265903,3.182334443591535,-3.5012475407779213
1781099318934352100,82.37435205078125,8.59234435262084,3.1543869907408952,-3.520206800530851
1781099318959428400,82.39942846679688,8.578834882706403,3.1680253477320073,-3.540851529152691
1781099318984504300,82.42450439453125,8.554317112043499,3.20007994364053,-3.5712095502763983
1781099319009579300,82.44957934570313,8.540144794306158,3.211490395449102,-3.5948163435742257
1781099319034655000,82.47465502929687,8.548646665191649,3.196710467207432,-3.587773439325392
1781099319059730200,82.49973022460938,8.562269532352685,3.1747955725193022,-3.5747099596127865
1781099319084806000,82.52480590820312,8.551640586310624,3.188400904023647,-3.588030336695909
1781099319109880800,82.549880859375,8.531280519849062,3.2275486730635166,-3.6014728788539765
1781099319134957000,82.57495703125,8.51927327119112,3.2454113697513938,-3.6138133049890397
1781099319160032000,82.60003198242188,8.523214117771387,3.2311113339811564,-3.617341771376133
1781099319185108000,82.62510791015625,8.524764854344726,3.222018511465192,-3.6217958281755447
1781099319210184000,82.65018383789062,8.51140268394649,3.2307305179700254,-3.6453865471214053
1781099319235259100,82.67525903320312,8.503474229034781,3.2422353700637814,-3.6536540247291325
1781099319260334800,82.7003349609375,8.512944068169594,3.2318112989440557,-3.6408223079457875
1781099319285410000,82.72541015625,8.51856658422649,3.218856540302932,-3.6391409307301044
1781099319310485800,82.75048583984375,8.508730249866844,3.232273363497853,-3.6502424627199765
1781099319335561000,82.77556103515624,8.508112410229444,3.2354668988421555,-3.648855684536695
1781099319360637000,82.80063696289062,8.523864106112718,3.224143540795147,-3.6220249607563018
1781099319385711900,82.8257119140625,8.537638364443183,3.215934223115444,-3.5967829674720764
1781099319410788000,82.8507880859375,8.540638715302943,3.1925752670988436,-3.610442659512162
1781099319435864000,82.87586401367187,8.53714210535884,3.179475839290023,-3.6302293099999425
1781099319460939000,82.90093896484375,8.53493904235661,3.1857427907302975,-3.6299130836576223
1781099319486014700,82.9260146484375,8.533565415915847,3.18944018394351,-3.6298955480009316
1781099319511090000,82.95108984375,8.530708272919059,3.1979899856239555,-3.6290903690978884
1781099319536166000,82.97616577148438,8.53773597959876,3.1896798379182814,-3.619864275591075
1781099319561240800,83.00124072265625,8.557501587298512,3.1534038249224423,-3.604944354356825
1781099319586317000,83.02631713867187,8.566901868328452,3.155386230911314,-3.5807933711796998
1781099319611392000,83.05139208984374,8.55373726632893,3.1978488235875964,-3.5745927629739045
1781099319636468000,83.07646801757812,8.548506964460016,3.1962206378638744,-3.588530687433481
1781099319661544000,83.1015439453125,8.551330789709091,3.1805516518279906,-3.595726151895523
1781099319686619100,83.126619140625,8.547854053509235,3.1967885008797046,-3.5895799042254684
1781099319711694800,83.15169482421875,8.539119542911648,3.1972850522249936,-3.609871873886883
1781099319736769800,83.17676977539062,8.5504177665174,3.1630119034841653,-3.61331909173131
1781099319761846000,83.20184594726562,8.574687115377188,3.1514924383431673,-3.5655639456048607
1781099319786921000,83.2269208984375,8.568838389348983,3.182103557445109,-3.5524157102182508
1781099319811997000,83.25199682617188,8.539759594380856,3.219226250398159,-3.5888013210684058
1781099319837072000,83.27707177734375,8.527541333320736,3.24207053489089,-3.5972780575126406
1781099319862148000,83.30214819335937,8.54434049243033,3.2349320613130925,-3.563684415468573
1781099319887223000,83.32722314453125,8.554829153218865,3.21486045640409,-3.556672490879893
1781099319912299000,83.35229907226562,8.547193543773888,3.224682762238383,-3.5661294705331326
1781099319937375000,83.377375,8.529521693482994,3.2416812433123585,-3.5929233694344758
1781099319962450000,83.40244995117187,8.52682587852776,3.228928144723177,-3.6107758369892835
1781099319987526000,83.42752587890625,8.531214468875527,3.218479815945029,-3.6097272047191855
1781099320012600800,83.45260083007813,8.511838737276197,3.253316443787515,-3.6242139952331778
1781099320037677000,83.47767700195313,8.496234925431013,3.2759625753596424,-3.6403929766178127
1781099320062752000,83.502751953125,8.507032798299193,3.253605489861965,-3.6352196656331417
1781099320087828200,83.527828125,8.523437405133247,3.239140326657891,-3.6096225753009317
1781099320112903200,83.55290307617187,8.508314654803275,3.259315976463258,-3.6270997798025606
1781099320137979100,83.57797924804687,8.499585989424586,3.248926392135024,-3.6567683573573824
1781099320163055000,83.60305517578125,8.504270347848534,3.231483089902997,-3.6613264590531585
1781099320188130000,83.62813012695312,8.495640466669201,3.2543118845656513,-3.661142919179797
1781099320213206000,83.6532060546875,8.47455091688931,3.2673142817407843,-3.6982422312572596
1781099320238281000,83.67828100585938,8.476596743503212,3.2407863402992487,-3.716854869529605
1781099320263357200,83.70335717773438,8.496844581761955,3.2319498306319114,-3.678108959288895
1781099320288432000,83.72843212890625,8.48831173121631,3.2593881649166345,-3.6735955735176797
1781099320313508000,83.75350805664063,8.463328681129216,3.2864772473722694,-3.7069586216762658
1781099320338583000,83.7785830078125,8.458107731610536,3.3007427963510154,-3.7062004967853426
1781099320363659300,83.8036591796875,8.463267306330799,3.293633841128647,-3.700746615293622
1781099320388734200,83.82873413085937,8.459695877584814,3.2714170408844945,-3.728512281836569
1781099320413810000,83.85380981445313,8.454360946297646,3.2658105991795656,-3.745487674295902
1781099320438886100,83.87888623046875,8.444883508378267,3.281480461998284,-3.7531633234903214
1781099320463961000,83.90396118164062,8.428423956486583,3.2984301354944705,-3.7752334087401627
1781099320489037000,83.929037109375,8.42167682031393,3.300411372439563,-3.7885461870387194
1781099320514112000,83.95411206054688,8.425999944210051,3.2981448888123035,-3.78089830263406
1781099320539188200,83.97918823242188,8.433084349513054,3.2992715547546743,-3.764078685258329
1781099320564263200,84.00426318359375,8.434183835187554,3.3006589174598453,-3.760402919355035
1781099320589339100,84.02933911132813,8.425972471681236,3.3104481978073714,-3.7701930764853953
1781099320614414000,84.0544140625,8.407218671372533,3.3330946216404436,-3.7920357827201485
1781099320639490000,84.07948999023438,8.396626550209522,3.3346590944781895,-3.814065535959601
1781099320664566000,84.10456591796876,8.404205461031198,3.3091090581580995,-3.819627261739969
1781099320689641000,84.12964086914063,8.41531663763225,3.297362506262958,-3.80529273917824
1781099320714717200,84.15471728515625,8.404380817598105,3.323446795590222,-3.8067639807745812
1781099320739792100,84.17979223632813,8.373680558907985,3.377484967508912,-3.826807820893824
1781099320764868000,84.2048681640625,8.371625964465737,3.3884017905816433,-3.8216499997392295
1781099320789943000,84.22994311523438,8.387164309859275,3.360439140161872,-3.812262578190863
1781099320815019000,84.25501904296875,8.39543471007645,3.3681086518764496,-3.7872041247799992
1781099320840094200,84.28009423828125,8.379696458196639,3.3981907786682246,-3.795174665267765
1781099320865170000,84.305169921875,8.38325678102672,3.375170553086698,-3.8078374552249907
1781099320890245000,84.3302451171875,8.405322482362388,3.3376898404762145,-3.792198572066426
1781099320915321000,84.35532104492188,8.404958909747004,3.341872386857867,-3.789318924976885
1781099320940397000,84.38039697265626,8.381791384649276,3.3580969609498976,-3.826115162454545
1781099320965472000,84.40547192382813,8.386416706362366,3.3363913250982757,-3.83495576377511
1781099320990548200,84.43054833984375,8.425341188040376,3.2977737174123525,-3.7826863550946115
1781099321015623200,84.455623046875,8.438546122050285,3.2869384351432323,-3.762630824537575
1781099321040699400,84.48069946289063,8.410930385372042,3.3098122379913923,-3.8041765946298836
1781099321065774300,84.5057744140625,8.387578735879064,3.33427652490139,-3.834258136899769
1781099321090850300,84.53085034179688,8.394675416141748,3.328891616992652,-3.823392459492385
1781099321115925500,84.55592553710937,8.420272214213012,3.2987145053938027,-3.7931323457852004
1781099321141001500,84.58100146484375,8.426240767228602,3.3031974960267543,-3.7759459409236906
1781099321166076400,84.60607641601563,8.413037586784363,3.342319838364422,-3.770951201376319
1781099321191152600,84.63115258789063,8.408475977957249,3.3491359481200575,-3.7750752955690023
1781099321216228600,84.656228515625,8.42499924273491,3.3273250983282923,-3.7574785563409328
1781099321241303600,84.68130346679688,8.43010445691943,3.3279476141408084,-3.7454686773344874
1781099321266379300,84.70637915039063,8.406075346556305,3.362229530709982,-3.768787301340699
1781099321291454500,84.73145434570313,8.39120452516079,3.38616102591753,-3.7804774468734856
1781099321316530400,84.75653051757813,8.405117315179108,3.370339771929383,-3.7636680586308238
1781099321341605400,84.78160546875,8.43169026480615,3.333664822743833,-3.736804309363663
1781099321366681600,84.806681640625,8.43109580604434,3.3303269104927775,-3.7411096053421495
1781099321391756500,84.83175659179688,8.409596506419778,3.360916694545746,-3.7620895572677253
1781099321416832500,84.85683251953125,8.400121406587958,3.374556805102527,-3.7710368338331577
1781099321441907500,84.88190747070313,8.407455402737856,3.358071826508641,-3.7694130320236083
1781099321466983700,84.90698364257813,8.408373102104663,3.355651613624394,-3.7695100626572966
1781099321492059400,84.93205932617188,8.392668167972564,3.3647707396253943,-3.796286425901949
1781099321517134300,84.95713427734376,8.390683716157078,3.3603964700639244,-3.80454747376889
1781099321542210300,84.98221020507812,8.403770576745272,3.3457527354225514,-3.7885333275571464
1781099321567285500,85.00728540039063,8.407829496747254,3.3213357947856186,-3.8009932884186504
1781099321592361500,85.03236157226563,8.396825287652016,3.2933985710680482,-3.8493092832982536
1781099321617436400,85.0574365234375,8.38950590454936,3.267166397702694,-3.887448752078414
1781099321642512600,85.0825126953125,8.393007190668582,3.2521985456734894,-3.8924285863175987
1781099321667587600,85.10758764648438,8.406415538296104,3.250947961090505,-3.8644466466754674
1781099321692663600,85.13266357421875,8.408758302029966,3.267385885672271,-3.845429811516404
1781099321717738500,85.15773852539063,8.395080489811301,3.296776523068547,-3.850228443969786
1781099321742814500,85.182814453125,8.373943593758344,3.3152935920119284,-3.880241889439523
1781099321767890400,85.20789038085937,8.37121153844595,3.3023560767665505,-3.897129019093513
1781099321792965400,85.23296533203126,8.39043763244152,3.2720907023623584,-3.8812849687516686
1781099321818041600,85.25804150390626,8.408449089950322,3.2615424203410743,-3.8510628489673135
1781099321843116500,85.28311645507813,8.403283085489273,3.273656344243884,-3.8520682266175745
1781099321868192500,85.30819262695313,8.385881868833303,3.284808145116269,-3.880385389563441
1781099321893267500,85.33326733398438,8.383020049661397,3.265535581630468,-3.902778423157334
1781099321918343400,85.35834350585938,8.386975509288906,3.24496099563539,-3.9114325619950887
1781099321943418600,85.38341870117188,8.39715145086646,3.2360227791592475,-3.8969685678347945
1781099321968494300,85.40849438476563,8.39579243747294,3.2335400224328037,-3.9019568776413798
1781099321993570600,85.43357055664063,8.399944296455383,3.2152073701456185,-3.908163331066072
1781099322018645500,85.4586455078125,8.397200550705193,3.2198923130914565,-3.910210911245644
1781099322043721700,85.4837216796875,8.395900574022532,3.22045433088839,-3.912536431583762
1781099322068796700,85.50879663085938,8.39377642147541,3.219462981763482,-3.917905557401478
1781099322093872600,85.53387255859376,8.404385493773221,3.2056498527273534,-3.906467925325036
1781099322118947800,85.55894775390625,8.415729894608258,3.194650612068176,-3.8910251492604613
1781099322144023600,85.5840234375,8.423154491651058,3.1856828772366046,-3.8823002832740543
1781099322169098500,85.60909838867188,8.422972120821475,3.191665166516602,-3.877783974893391
1781099322194174500,85.63417456054688,8.42887812999487,3.1751600219175216,-3.8784988451644775
1781099322219249700,85.65924975585938,8.439391340702771,3.1494892818272113,-3.8765667080581188
1781099322244325600,85.68432568359376,8.451486267644167,3.1407121011316774,-3.8572973594427107
1781099322269401600,85.70940161132812,8.447439622601866,3.1537738272786138,-3.8555002468928694
1781099322294476500,85.7344765625,8.445805883920192,3.1583912579461932,-3.85529391066581
1781099322319552800,85.759552734375,8.459737378638982,3.147054455895722,-3.833963830128312
1781099322344627700,85.78462768554688,8.48116828920245,3.120979226657748,-3.807837162964046
1781099322369703400,85.80970336914062,8.492036889219284,3.1152488663122058,-3.7882664933145045
1781099322394778600,85.83477856445313,8.490082832542061,3.126852794866264,-3.783073016324639
1781099322419854600,85.8598544921875,8.486906540593504,3.1342414438128468,-3.7840944683268662
1781099322444929500,85.88492944335937,8.493864104646445,3.1246354110777377,-3.7764214494809507
1781099322470005500,85.91000561523437,8.505870184260607,3.1011236025869846,-3.7687621668994424
1781099322495080700,85.93508081054688,8.515722885233163,3.0926588488414883,-3.7534436017364263
1781099322520156700,85.96015673828126,8.5229072437793,3.089766050009429,-3.739489602924883
1781099322545231600,85.98523168945313,8.528632051166891,3.089847006291151,-3.726347505018115
1781099322570307800,86.01030786132813,8.532524382430314,3.08679901689738,-3.7199624801561235
1781099322595383600,86.03538354492187,8.536573365560173,3.0806130217388272,-3.7157974694311617
1781099322620458500,86.06045849609374,8.547192959252,3.0632135586485263,-3.705753922061622
1781099322645534500,86.08553442382812,8.556358262482284,3.0473128096833824,-3.697696872334182
1781099322670609700,86.11060961914062,8.562068456822633,3.034055268703401,-3.6953903489574786
1781099322695685600,86.135685546875,8.555375681185723,3.0331667954310775,-3.7115810207799074
1781099322720760600,86.16076049804687,8.55379454947412,3.02607420682162,-3.721009066599607
1781099322745836800,86.1858369140625,8.557482882598041,3.019775106677413,-3.71763783660084
1781099322770911700,86.21091186523438,8.562402218821644,3.021336072383821,-3.705028238135576
1781099322795987700,86.23598779296876,8.564079212123156,3.023694910469651,-3.699217213769257
1781099322821062700,86.26106274414063,8.567567054238914,3.02539470012486,-3.6897342228919268
1781099322846138600,86.286138671875,8.570323074948787,3.022583442096412,-3.685643446446955
1781099322871214600,86.31121459960937,8.564068106207252,3.036830286374688,-3.6884675639569755
1781099322896289500,86.33628955078125,8.555899412798881,3.053013067151606,-3.694065530094504
1781099322921365800,86.36136572265625,8.547930625876784,3.071290189859271,-3.697361064508557
1781099322946440700,86.38644067382812,8.54780553819239,3.087794749936461,-3.683877313557267
1781099322971516700,86.4115166015625,8.548574768999218,3.0913296460643407,-3.6791225202456115
1781099322996591600,86.43659155273437,8.547929456833005,3.097461572948098,-3.6754642899990078
1781099323021667800,86.46166772460937,8.543401165753602,3.11256503405571,-3.6732346312507986
1781099323046742500,86.48674243164062,8.536450031441449,3.1299943077623844,-3.6745787393361327
1781099323071818200,86.511818359375,8.535237733042239,3.129977648888528,-3.6774081175431608
1781099323096893200,86.53689306640625,8.53723270625174,3.129023416903615,-3.673591481864452
1781099323121969200,86.56196923828125,8.542147950822114,3.120772013647854,-3.6691774648144837
1781099323147045400,86.58704541015625,8.541218561017512,3.1059424010455605,-3.6839001099109647
1781099323172120300,86.61212036132812,8.532359547257423,3.104240565563738,-3.705802729639411
1781099323197196300,86.6371962890625,8.51915987394452,3.1038185407593843,-3.736386668473482
1781099323222271500,86.662271484375,8.506040864652395,3.0999466677621004,-3.7693496113985776
1781099323247347500,86.68734741210938,8.507548931127786,3.0902152550816533,-3.773938400493562
1781099323272422400,86.71242236328125,8.50610691562593,3.0865283832624555,-3.780191907930374
1781099323297498000,86.737498046875,8.502713181534409,3.09121975594908,-3.783996560910344
1781099323322573300,86.7625732421875,8.496883160206675,3.0999650802016254,-3.78992507417649
1781099323347649300,86.78764916992188,8.49217542090714,3.1129908582523464,-3.7898122614517806
1781099323372724200,86.81272412109375,8.486434246906638,3.127969231675565,-3.79033599306494
1781099323397800400,86.83780053710937,8.476521340179444,3.1387387552320956,-3.8035911959573623
1781099323422876400,86.86287646484375,8.465861414477228,3.154931765142083,-3.8139249584451314
1781099323447951400,86.88795141601562,8.456284023314714,3.164784758375585,-3.8269858078092334
1781099323473027300,86.91302734375,8.448124682256578,3.1752710810765623,-3.836303671252727
1781099323498102500,86.9381025390625,8.441420216181873,3.189123080818355,-3.8395729021817444
1781099323523178200,86.96317822265625,8.433335693925619,3.200153008876741,-3.8481481305643914
1781099323548253200,86.98825317382813,8.43400497148931,3.1942841168433427,-3.8515532628327604
1781099323573329400,87.01332934570313,8.436032093402742,3.180362851257622,-3.8586335764825344
1781099323598404400,87.038404296875,8.434225336241722,3.17769976952821,-3.8647774860650297
1781099323623480300,87.06348022460938,8.425304363161326,3.1769565499454733,-3.884788300697505
1781099323648555300,87.08855517578125,8.412607378673552,3.172740393555164,-3.9156238762050863
1781099323673631500,87.11363159179687,8.404567280080913,3.1803526221245524,-3.926709041582048
1781099323698707500,87.13870751953125,8.394666063791513,3.196097596006095,-3.935088162870705
1781099323723782400,87.16378247070313,8.379865969544648,3.2185736317083236,-3.9482895897492765
1781099323748858400,87.1888583984375,8.377019932463766,3.2280168750971554,-3.9466201952323314
1781099323773933300,87.21393334960938,8.384207213619352,3.2180425935715435,-3.9395056870520113
1781099323799009300,87.23900927734375,8.38758399657607,3.2199414129301904,-3.9307542253196237
1781099323824084200,87.26408422851563,8.378450842049718,3.239697668279707,-3.93398780041337
1781099323849160400,87.28916040039063,8.350442891183494,3.2624259251773355,-3.974556834428012
1781099323874235400,87.3142353515625,8.324091475352644,3.2912624358221887,-4.0059325081616635
1781099323899311400,87.33931127929688,8.309052311652898,3.306685338142514,-4.024404276658594
1781099323924386300,87.36438623046875,8.304292549905181,3.305055983375013,-4.035558707879484
1781099323949462500,87.38946264648438,8.306277586242556,3.3041555274039505,-4.032209689712524
1781099323974538200,87.41453833007813,8.303767064726353,3.3058453801870344,-4.035992423121631
1781099323999613200,87.43961328125,8.300795939961075,3.2957311056688425,-4.050352372385561
1781099324024689400,87.464689453125,8.289621634995937,3.2956679773047566,-4.073217407405377
1781099324049764000,87.48976416015626,8.272572885039448,3.3098958246216177,-4.096288194130361
1781099324074840300,87.51484033203126,8.256441249927878,3.324919498491287,-4.116615527366101
1781099324099915300,87.53991528320313,8.25250391047895,3.314432883529365,-4.132928948785365
1781099324124991200,87.5649912109375,8.255458084109424,3.29626798902452,-4.141547139526903
1781099324150066200,87.59006616210938,8.249054646807908,3.307156755046546,-4.145616580922901
1781099324175142400,87.61514233398438,8.235732808420062,3.3334859590455888,-4.151011717964709
1781099324200217300,87.64021728515625,8.232187098637223,3.3410306753367185,-4.1519840701282025
1781099324225293000,87.66529296875,8.250683709314465,3.322002442000806,-4.130482140155136
1781099324250369300,87.69036938476563,8.270285650885105,3.29576413115561,-4.11226288511455
1781099324275444200,87.7154443359375,8.269925000879168,3.29770357478559,-4.111426726551354
1781099324300520200,87.74052026367187,8.255995259726047,3.3148829653844234,-4.125589399677515
1781099324325595100,87.76559521484376,8.239079780760408,3.325907340484857,-4.150454668603837
1781099324350671400,87.79067138671876,8.239082118847966,3.3154163416087625,-4.158840511894226
1781099324375746300,87.81574633789063,8.248803302395343,3.2985724665746092,-4.152958468118309
1781099324400822300,87.840822265625,8.260554530465603,3.2859117224439975,-4.1396147101595995
1781099324425897200,87.86589721679688,8.282634844848513,3.262988235235214,-4.113550294576585
1781099324450973200,87.89097314453124,8.29981452770829,3.243088772022724,-4.094611493089795
1781099324476048100,87.91604809570312,8.315602463948727,3.2297266016244888,-4.073078291195631
1781099324501124000,87.9411240234375,8.316702534145117,3.2219141743078827,-4.0770194300368425
1781099324526200300,87.96620043945312,8.319795823985338,3.2035461584463714,-4.08518373953104
1781099324551275300,87.99127514648437,8.319964750811458,3.2016771497040986,-4.086298130513727
1781099324576351200,88.01635131835937,8.317804357907175,3.2106554059296846,-4.083647323743999
1781099324601426200,88.04142626953124,8.322410974919796,3.216331990261376,-4.069769897300005
1781099324626502400,88.06650244140624,8.347125729459524,3.186891083982587,-4.042230732989311
1781099324651577300,88.09157739257813,8.377541325989364,3.1515494292274115,-4.006862482488155
1781099324676653000,88.11665307617187,8.3916516844064,3.1468644862815736,-3.980926077198982
1781099324701728000,88.14172802734375,8.376783785620331,3.1731749855801463,-3.99134605666548
1781099324726804200,88.16680419921875,8.361317920941113,3.1855095664963122,-4.013892234994471
1781099324751879200,88.19187915039062,8.370079904067516,3.169452457925677,-4.008338400259614
1781099324776955100,88.216955078125,8.392415654516219,3.137683985482156,-3.986566421173513
1781099324802031400,88.24203125,8.405604806435107,3.1241192782491445,-3.9693899531841277
1781099324827106300,88.26710620117187,8.403714462643862,3.118543523943424,-3.9777679054290056
1781099324852182300,88.29218237304687,8.400572657486796,3.1086770867064595,-3.9921053506001827
1781099324877257200,88.31725732421874,8.402287060189247,3.0861607189938423,-4.005938353380561
1781099324902333200,88.34233325195312,8.396291619166732,3.082613840167224,-4.021214540706574
1781099324927408000,88.367408203125,8.388527999427914,3.097308720473945,-4.02611897162199
1781099324952484000,88.39248413085937,8.382424421855807,3.1098101823896167,-4.029202324590087
1781099324977559300,88.41755932617187,8.392177754107117,3.1035464458197355,-4.013699342770875
1781099325002635300,88.44263525390625,8.403713293600083,3.1015491345226764,-3.9910353832811114
1781099325027711500,88.46771142578125,8.400403146138787,3.1171497314974665,-3.9858495050758123
1781099325052786400,88.49278637695312,8.384988134863972,3.137066730366647,-4.002643988010287
1781099325077862100,88.51786206054688,8.369601765161752,3.1502012294888493,-4.024478803199529
1781099325102937300,88.54293725585937,8.35852682891786,3.1814515232771634,-4.022907608360052
1781099325128013300,88.56801342773437,8.345819907557964,3.2101518403217195,-4.026491019804776
1781099325153088300,88.59308813476562,8.350203237208724,3.1970486131206153,-4.027827529105544
1781099325178164500,88.61816455078124,8.373888648700714,3.1586928712412714,-4.008867684830725
1781099325203239400,88.64323950195312,8.403958208271861,3.1149855392009016,-3.980042572362721
1781099325228315400,88.6683154296875,8.411549394053221,3.081159549705684,-3.990329573099315
1781099325253390300,88.69339038085937,8.392461831745505,3.0564117696791886,-4.049109678848088
1781099325278466600,88.71846655273437,8.372155541297793,3.032475306035578,-4.108704900372028
1781099325303542300,88.74354223632812,8.357302840080857,3.011367051555216,-4.154218405051529
1781099325328617200,88.7686171875,8.359950724241138,2.988781417998671,-4.165186666050553
1781099325353693400,88.793693359375,8.375945581230521,2.98639715321064,-4.1346565032303335
1781099325378768400,88.81876831054687,8.395133096781372,2.9968212243303656,-4.087935668587685
1781099325403844400,88.84384423828125,8.408105975601076,3.006816256383061,-4.053789653357863
1781099325428919300,88.86891918945312,8.4344532997787,2.9781182774260637,-4.020093427722156
1781099325453995500,88.89399560546875,8.465892394137382,2.9476565036669373,-3.976226813466847
1781099325479070500,88.91907055664062,8.485854401192068,2.932138032017648,-3.945026496300101
1781099325504146400,88.944146484375,8.471327863189577,2.9404066786691545,-3.97001948325932
1781099325529222400,88.96922241210937,8.451305065858364,2.9305227057754992,-4.019687185008824
1781099325554297300,88.99429736328125,8.465873104915023,2.896799884393811,-4.013473132799565
1781099325579373300,89.01937329101563,8.51653303257227,2.8331369750395416,-3.951251946686208
1781099325604448300,89.0444482421875,8.555205585315823,2.800715299384296,-3.890350026477873
1781099325629524500,89.0695244140625,8.570100956630707,2.789161347451806,-3.86579309284836
1781099325654599400,89.09459936523437,8.571208625611662,2.775003350500762,-3.8735190109252926
1781099325679675400,89.11967529296875,8.581875565576553,2.7378689671099186,-3.876323254691064
1781099325704750300,89.14475024414062,8.610998199686408,2.695397606605291,-3.8413480951607224
1781099325729826600,89.16982666015625,8.63855723774135,2.6813106290638444,-3.7889664582774043
1781099325754902300,89.19490234375,8.659699394491314,2.6692703549191354,-3.7490026966795322
1781099325779977200,89.21997729492188,8.677073138618468,2.647326234136522,-3.724302847447991
1781099325805053400,89.24505346679688,8.694463249358535,2.644026315808296,-3.685893329554796
1781099325830128400,89.27012841796875,8.714860725221037,2.6458599609762428,-3.6360686836779115
1781099325855204400,89.29520434570313,8.736567530116439,2.6424229722648858,-3.5861405774265527
1781099325880279300,89.320279296875,8.762399305987358,2.6209260107278824,-3.5385736473485827
1781099325905355500,89.34535546875,8.781968514332174,2.6223832237988707,-3.4886320970937605
1781099325930430500,89.37043041992187,8.793311161601542,2.633779939343035,-3.451270626948774
1781099325955506400,89.39550634765625,8.804458578559755,2.6200863450333474,-3.4332255594313144
1781099325980582400,89.42058251953125,8.823508146944642,2.569442491728067,-3.422582292602956
1781099326005657300,89.4456572265625,8.845991196909546,2.526564596249163,-3.396365901328623
1781099326030733800,89.47073388671875,8.859899310752748,2.5005448965907093,-3.379330887636542
1781099326055808800,89.49580883789062,8.867696248239278,2.463864978969097,-3.3858091437399387
1781099326080884700,89.520884765625,8.871910066542029,2.4441326890170574,-3.389075452059507
1781099326105959700,89.54595971679687,8.87688493234515,2.449407414549589,-3.3721921217978
1781099326131036000,89.57103588867187,8.881957413303851,2.455646016678214,-3.354256067612767
1781099326156111600,89.59611157226563,8.895047781023383,2.43490513420552,-3.3346301606446502
1781099326181186600,89.6211865234375,8.90103913039267,2.435281566302478,-3.318326676097512
1781099326206262800,89.6462626953125,8.88951645038128,2.4788290316060184,-3.316974384705722
1781099326231337700,89.67133764648437,8.86685278315246,2.5350068459019064,-3.335117359639704
1781099326256413700,89.69641357421875,8.856509083792567,2.5593203261643644,-3.34403044167459
1781099326281488600,89.72148852539063,8.866365291896463,2.5585411584854123,-3.3184003258556127
1781099326306564900,89.74656494140625,8.88003784341812,2.5547362132444977,-3.2846143761098383
1781099326331639800,89.77163989257812,8.876413223180174,2.5650878036499023,-3.2863390079453585
1781099326356715800,89.7967158203125,8.861038543915749,2.583839558131993,-3.3130274006456135
1781099326381791500,89.82179150390625,8.84639393249154,2.590204709249735,-3.347027285403013
1781099326406866700,89.84686669921875,8.836987221720815,2.5728981851398944,-3.38500484161973
1781099326431942700,89.87194262695313,8.832456008031963,2.5541885162338613,-3.410899745854735
1781099326457017600,89.897017578125,8.823029423516989,2.5775126931980252,-3.417750926923752
1781099326482093800,89.92209375,8.809212495088577,2.599012577344477,-3.437054762330651
1781099326507168800,89.94716870117188,8.803078522378206,2.5879566380620003,-3.461025420504808
1781099326532244700,89.97224462890625,8.805577353456616,2.565974523356557,-3.471020452557504
1781099326557319700,89.99731958007813,8.797848220509291,2.5808783702388403,-3.4795541798859833
1781099326582396000,90.02239599609375,8.782901411268115,2.596942200811207,-3.5052716817274687
1781099326607471600,90.0474716796875,8.777336762878297,2.574107268668711,-3.535918748925626
1781099326632546600,90.07254663085938,8.782133349505067,2.5448601313963533,-3.5451661774814127
1781099326657622800,90.09762280273438,8.769402462747692,2.5673414277955886,-3.5604441183730957
1781099326682697700,90.12269775390625,8.7420503454417,2.590339149284363,-3.6106957574903964
1781099326707773700,90.14777368164063,8.725052448889613,2.573097799365222,-3.663752224895358
1781099326732848600,90.1728486328125,8.725590793550014,2.566016608932614,-3.6674195152312516
1781099326757924900,90.1979248046875,8.69467776889205,2.6389891984239218,-3.6889924646139143
1781099326782999800,90.22299975585938,8.651256560316682,2.7192726954504844,-3.7325226865217087
1781099326808075800,90.24807568359375,8.663932502016424,2.6938307956799865,-3.721552379696071
1781099326833151700,90.27315185546875,8.685063552850485,2.6608137844800948,-3.6959617191046474
1781099326858226700,90.29822680664063,8.660355228051543,2.7516379647433755,-3.687428284037113
1781099326883302700,90.323302734375,8.631752233901619,2.788693437679112,-3.726450088609755
1781099326908377600,90.34837768554688,8.612641290718317,2.7534932372212406,-3.7961908565729856
1781099326933453800,90.37345385742188,8.614286135315895,2.7506314180493354,-3.7945363673642274
1781099326958528800,90.39852880859375,8.616399181947111,2.794507676915824,-3.757500768172741
1781099326983604700,90.42360473632813,8.620078162720798,2.7799904912635682,-3.7598213200747965
1781099327008679700,90.4486796875,8.619837339702247,2.7765599322929977,-3.7629102260008453
1781099327033755400,90.47375537109374,8.623028244698046,2.809981724901497,-3.7306542623013255
1781099327058831000,90.4988310546875,8.61395880305767,2.8126252251476047,-3.749564422215521
1781099327083906300,90.52390625,8.611206289479137,2.79481396638602,-3.7691573036968706
1781099327108982300,90.54898217773437,8.624391934266686,2.7914146793365475,-3.741423493596911
1781099327134057200,90.57405712890625,8.619129483693838,2.800246512828767,-3.7469548242390154
1781099327159133400,90.59913354492187,8.593699858883022,2.8013363538920877,-3.8041108359172937
1781099327184208400,90.62420849609374,8.585940330797433,2.7944851728230713,-3.826599146579206
1781099327209284400,90.64928442382812,8.585549870175123,2.804625750826299,-3.820058054372668
1781099327234359300,90.674359375,8.57415812306702,2.820733128279447,-3.833748726072907
1781099327259435500,90.699435546875,8.55463509195149,2.8573560550168153,-3.850217338053882
1781099327284511200,90.72451123046875,8.551046712070702,2.8790944240942595,-3.8419823014110324
1781099327309586200,90.74958618164062,8.551047881114483,2.9067355874747034,-3.8211096092522143
1781099327334662400,90.77466235351562,8.556352417263389,2.964242312286794,-3.764643333403766
1781099327359737300,90.7997373046875,8.54914993853867,3.0208129252925513,-3.735927526529133
1781099327384813300,90.82481323242187,8.541026837837695,3.0198651230484246,-3.755221132802963
1781099327409888300,90.84988818359375,8.533928404009341,3.00583981256634,-3.7825083681792018
1781099327434964500,90.87496459960937,8.537211663463712,2.992702390834689,-3.7855160255625844
1781099327460039400,90.90003930664062,8.530427117890119,2.973797199356556,-3.8155890922650695
1781099327485115400,90.92511547851562,8.519466163414716,2.9605463803783056,-3.850225229099393
1781099327510191400,90.95019140625,8.503710375878214,2.960474484185874,-3.8849575197845696
1781099327535266300,90.97526635742187,8.507021692383288,2.9424136345773935,-3.891417071187496
1781099327560342300,91.00034228515625,8.517362469133735,2.9132860320314764,-3.890722074660659
1781099327585417200,91.02541723632812,8.523100720524788,2.917507156857848,-3.8749557657301423
1781099327610493400,91.05049340820312,8.514379653930664,2.943687600035965,-3.8743306195691227
1781099327635568400,91.075568359375,8.50429606681168,2.9533906634047624,-3.889065247364342
1781099327660644400,91.10064428710938,8.504490128079055,2.9440540952607988,-3.8957188600346444
1781099327685719300,91.12571923828125,8.503527420526742,2.953109800636768,-3.8909623131573197
1781099327710795500,91.15079541015625,8.496380471381544,2.971430470225215,-3.89263141541332
1781099327735871200,91.17587133789063,8.494005558943748,2.974576367035508,-3.895405848562717
1781099327760946200,91.2009462890625,8.494773036184906,2.9800568442732094,-3.8895325726151464
1781099327786022400,91.2260224609375,8.487758188986778,3.0024305886447427,-3.887636675865948
1781099327811097300,91.25109741210937,8.47880097554922,3.0325211910039185,-3.883824424101412
1781099327836173300,91.27617333984375,8.467883275693655,3.0448686314016578,-3.897971899658441
1781099327861248300,91.30124829101563,8.463838968738912,3.0474314676269887,-3.9047432934895157
1781099327886324500,91.32632446289062,8.467803196194767,3.0468443153887987,-3.8965976886957883
1781099327911399400,91.3513994140625,8.457644790273905,3.053262657998502,-3.9135906168118115
1781099327936475400,91.37647534179688,8.441271747621894,3.0592969697266814,-3.944112596325576
1781099327961551400,91.40155126953125,8.423178457048534,3.0703359578743576,-3.974099738310277
1781099327986626300,91.42662622070313,8.411324937647581,3.078236940257251,-3.9930478921473025
1781099328011702300,91.45170239257813,8.402896716520189,3.0791835734575983,-4.010030591130256
1781099328036778000,91.47677807617187,8.40086199582219,3.0759868232429026,-4.016743532772362
1781099328061854000,91.50185400390625,8.389259236311911,3.0908231578469274,-4.029577295382321
1781099328086929200,91.52692919921876,8.361177051165699,3.1324142283856866,-4.055744294556975
1781099328112005000,91.55200512695312,8.332580486756562,3.1640678422778845,-4.089889140743017
1781099328137080000,91.577080078125,8.32083685747087,3.1694793459326025,-4.109558302330971
1781099328162156000,91.60215600585937,8.307583992666006,3.183458771446347,-4.12553240879327
1781099328187232000,91.62723193359375,8.28138805965781,3.224676917019486,-4.146134759578109
1781099328212307000,91.65230688476562,8.250103863599897,3.2582387026205657,-4.182114712236821
1781099328237383000,91.6773828125,8.22995480954051,3.2733646678209305,-4.2099008370459075
1781099328262458000,91.7024580078125,8.222336735752224,3.2753204780638216,-4.223255408659577
1781099328287534000,91.7275341796875,8.214463225898147,3.262796219794452,-4.248189066646993
1781099328312609000,91.75260913085937,8.199251628240942,3.2480008017227053,-4.288718937695026
1781099328337685000,91.77768505859375,8.163724387785791,3.265530320933461,-4.342846833723783
1781099328362760200,91.80276025390626,8.103592867428064,3.3201442469134923,-4.413478997568786
1781099328387836000,91.8278359375,8.070489054727554,3.334986134475469,-4.46268025085032
1781099328412910800,91.85291088867187,8.056300370377302,3.3323920263290403,-4.4901606707110995
1781099328437987000,91.87798706054687,8.054246360456943,3.342005073326826,-4.486705854082107
1781099328463063000,91.90306298828125,7.999913881766796,3.41042452955842,-4.5321956856250765
1781099328488138000,91.92813793945312,7.957806093877553,3.4512586442500353,-4.575208605660498
1781099328513214200,91.95321411132812,7.923161481475829,3.470002507686615,-4.620926985262334
1781099328538289200,91.9782890625,7.893791594606638,3.501216561117768,-4.647571538820863
1781099328563364900,92.00336474609375,7.843038143447041,3.548398875792324,-4.697448499406874
1781099328588440000,92.02844018554687,7.824152241191268,3.534361290350556,-4.739337968370318
1781099328613516000,92.05351611328125,7.830940878418088,3.4991955766841767,-4.754196222545207
1781099328638591000,92.07859106445312,7.814157501399516,3.505672371482849,-4.776985854241252
1781099328663667000,92.1036669921875,7.776169423788786,3.527449903526902,-4.822724107587337
1781099328688743200,92.1287431640625,7.7128446603477,3.556606732167303,-4.902347094878554
1781099328713818000,92.15381811523437,7.692379379945993,3.563222643175721,-4.92962030172944
1781099328738894000,92.17889404296875,7.647239677014946,3.5944609542652963,-4.976939686787128
1781099328763969000,92.20396899414062,7.621026792871952,3.6173452785074707,-5.000511701032519
1781099328789045000,92.229044921875,7.60756525375247,3.660762103168666,-4.9894011089533565
1781099328814120000,92.25411987304688,7.593920759281516,3.707480307462811,-4.975678873071074
1781099328839196000,92.27919580078125,7.564566654503345,3.766062552551925,-4.976389067167044
1781099328864270800,92.30427075195313,7.5232713520407675,3.810963770551979,-5.004733118119836
1781099328889347000,92.32934716796875,7.519048765909671,3.815341254983842,-5.007742821329832
1781099328914422000,92.35442211914062,7.534104296222329,3.8087417105883357,-4.990107795917988
1781099328939498000,92.379498046875,7.518609789970517,3.821673380614817,-5.003570504081249
1781099328964574200,92.40457421875,7.48236709472239,3.840911165048182,-5.0430111185878514
1781099328989649200,92.42964916992187,7.461848622828722,3.8398409054681655,-5.074133986604213
1781099329014724900,92.45472485351563,7.46431238259375,3.8246298923328514,-5.0819893762797115
1781099329039799300,92.47979931640624,7.460573780587315,3.818607271042466,-5.092002820771932
1781099329064875000,92.504875,7.456628842353821,3.8077591292917727,-5.105884631130099
1781099329089950200,92.5299501953125,7.468438522613048,3.785615102022886,-5.105092603969574
1781099329115026200,92.55502612304687,7.483575301468372,3.741417648378014,-5.115490079343319
1781099329140101000,92.58010107421875,7.4985758867233985,3.7064489185884595,-5.118983766677975
1781099329165177000,92.60517700195312,7.510420638296008,3.6826533247202633,-5.1187937970638275
1781099329190253300,92.63025341796875,7.501014512047171,3.6687440418332815,-5.142518371522426
1781099329215328300,92.65532836914062,7.48568659453392,3.66483914334923,-5.167573317801952
1781099329240404200,92.680404296875,7.492113997232914,3.645674424152076,-5.171812270545959
1781099329265479400,92.7054794921875,7.537236164507269,3.5920565234720705,-5.143693260520696
1781099329290555100,92.73055517578125,7.5866954842031,3.546909806278348,-5.102141352948546
1781099329315630000,92.75563012695312,7.606111547812819,3.5310023353114723,-5.084235109379887
1781099329340706000,92.7807060546875,7.604168012529611,3.525541439557075,-5.090929054060578
1781099329365781200,92.80578125,7.594958870157599,3.5102892176285385,-5.115160408997536
1781099329390857200,92.83085717773437,7.585479094150662,3.488314701707661,-5.144173737514019
1781099329415932200,92.85593212890625,7.579758378416299,3.4621453644454476,-5.170227047181129
1781099329441008000,92.88100805664062,7.578314609348774,3.439524367314577,-5.187406730040908
1781099329466084400,92.90608447265625,7.578819636261462,3.4296292885050175,-5.19322155379951
1781099329491159300,92.9311591796875,7.579160997045039,3.447281849573552,-5.181015567699075
1781099329516235000,92.95623510742188,7.571592607617378,3.4943399533465502,-5.160522230246663
1781099329541310200,92.98131030273437,7.5665855931103225,3.5550513194188476,-5.126284445080161
1781099329566386200,93.00638623046875,7.556269366279244,3.623420799028873,-5.093523162207007
1781099329591461000,93.03146118164062,7.555371540656686,3.6597339291647075,-5.068836464717984
1781099329616537000,93.056537109375,7.561019775676727,3.6656978060051797,-5.05608745778203
1781099329641612300,93.0816123046875,7.584034740561246,3.6664866182953118,-5.020922036376596
1781099329666688300,93.10668823242187,7.61200294393897,3.661996613399684,-4.981719906800985
1781099329691763200,93.13176318359375,7.633139839991927,3.639702948527038,-4.965698161804676
1781099329716839400,93.15683935546875,7.639491254845261,3.6098657364070412,-4.977694304546714
1781099329741915100,93.1819150390625,7.626477459493279,3.5809433010444045,-5.018375274503231
1781099329766990000,93.20698999023438,7.6116890556842085,3.538486553587019,-5.070667187276483
1781099329792066000,93.23206616210938,7.588647202792763,3.5092058063060043,-5.12525977820754
1781099329817141200,93.25714135742187,7.577754637378454,3.488527759936452,-5.155407079190016
1781099329842217200,93.28221728515625,7.5808327296495435,3.465494090351462,-5.166397844281792
1781099329867292200,93.30729223632812,7.607801985117793,3.4332460176974533,-5.148257791957259
1781099329892368400,93.33236840820312,7.626355294418334,3.419164300853014,-5.1301528109461065
1781099329917443300,93.357443359375,7.6257111512959,3.423106024216115,-5.128478155732155
1781099329942519300,93.38251928710937,7.592606169551611,3.4485680899918076,-5.160436305528878
1781099329967594200,93.40759423828125,7.581316129252314,3.4625635898575187,-5.167659827041626
1781099329992670200,93.43267016601563,7.5943386924326415,3.4577646651431917,-5.151722837719321
1781099330017746200,93.45774609375,7.627381130334735,3.4419591932460665,-5.113348975661396
1781099330042822000,93.48282177734374,7.6462535885870455,3.455175525432825,-5.076110839635134
1781099330067897900,93.50789794921874,7.6391873034626245,3.4698183832913636,-5.076766673195362
1781099330092972800,93.53297290039062,7.6209736013799905,3.468208025485277,-5.105162746596336
1781099330118049000,93.55804907226562,7.613379492989182,3.456288455110788,-5.124539647239446
1781099330143124000,93.5831240234375,7.626186367592215,3.4402091347083448,-5.116312501642108
1781099330168199700,93.60819970703125,7.620362191483378,3.450442067170143,-5.118099969580769
1781099330193274600,93.63327465820312,7.592818935519457,3.491313591262698,-5.131296135762334
1781099330218350800,93.65835083007812,7.573382413643598,3.5232276096567507,-5.138206938064098
1781099330243425800,93.68342578125,7.583840094771981,3.5176834195330735,-5.126567353674769
1781099330268501800,93.70850170898437,7.622146736812591,3.5112326359584927,-5.073907776632905
1781099330293578000,93.73357788085937,7.651371662253141,3.5166000082105398,-5.025975812634825
1781099330318653000,93.75865283203125,7.652580453521013,3.517099774426222,-5.023789116245508
1781099330343729000,93.78372900390625,7.650543394735455,3.491727725021541,-5.044539643329381
1781099330368803800,93.80880395507812,7.657523170620203,3.4519834513932466,-5.0612809347718954
1781099330393879800,93.8338798828125,7.679233482646942,3.413757181112468,-5.054303496974707
1781099330418954800,93.85895483398437,7.677006454247236,3.3954847345799206,-5.069979205012321
1781099330444030700,93.88403076171875,7.642979096961021,3.39783568162024,-5.119568873089552
1781099330469105700,93.90910571289062,7.6013488634556525,3.408042602857947,-5.174468922534585
1781099330494182000,93.93418188476562,7.573523867940902,3.42824514067024,-5.2018479278475045
1781099330519256800,93.9592568359375,7.563576474422216,3.4543048800781366,-5.199084308353066
1781099330544332800,93.98433276367187,7.548922510647773,3.5039968394860623,-5.187116222661733
1781099330569408800,94.00940869140625,7.5257888878196475,3.5636630804196,-5.180073902934789
1781099330594484000,94.03448388671875,7.506737565869092,3.6077296011611817,-5.17721968254745
1781099330619559700,94.0595595703125,7.506136677366495,3.6346637853160497,-5.159214070257544
1781099330644634600,94.08463452148438,7.508718510553241,3.670046941125393,-5.130328752034902
1781099330669710800,94.1097109375,7.503343247255683,3.7115237376347183,-5.108304551753402
1781099330694785800,94.13478588867187,7.488183087524772,3.720588210839033,-5.123932913517952
1781099330719861800,94.15986181640625,7.480952551749348,3.6958158808931705,-5.152346522575616
1781099330744937000,94.18493701171874,7.480108502140641,3.687599841211736,-5.159458400407433
1781099330770013000,94.21001293945312,7.465172798815369,3.7025992574229836,-5.170330507555604
1781099330795089000,94.2350888671875,7.434409411761164,3.704645668558776,-5.213017556637525
1781099330820163800,94.26016381835937,7.4197063481479875,3.6827816272750495,-5.249329809990525
1781099330845239800,94.28523974609375,7.4212547466337675,3.6544331924080846,-5.266923334348202
1781099330870314800,94.31031469726562,7.4047688912570475,3.644595981265604,-5.296860791972279
1781099330895390700,94.335390625,7.381355282443762,3.6333085713148114,-5.337135519215464
1781099330920466000,94.3604658203125,7.360121940279006,3.619331191627681,-5.375820931440591
1781099330945542000,94.3855419921875,7.357100546631217,3.5970936408564445,-5.394846534428
1781099330970616800,94.41061694335937,7.35291653894484,3.589981470763683,-5.405277912071347
1781099330995692800,94.43569287109375,7.358806766027212,3.5919609541431066,-5.395937836796045
1781099331020768000,94.46076806640625,7.354941907292604,3.6066768772378563,-5.391392594581842
1781099331045843200,94.48584326171876,7.351489136490225,3.623439795990288,-5.384854717245697
1781099331070919000,94.5109189453125,7.342830029216408,3.65412514937222,-5.375926145380735
1781099331095994000,94.535994140625,7.345425306406617,3.679947572892904,-5.354727290007472
1781099331121070000,94.56107006835937,7.34972738751471,3.7042139991432426,-5.332048425209522
1781099331146145000,94.58614501953124,7.368276605162024,3.707721130481362,-5.303929999706149
1781099331171221000,94.61122094726562,7.386180510643124,3.71022463773489,-5.277212673172355
1781099331196296200,94.63629614257812,7.391528885933757,3.7061777004316445,-5.272566893193125
1781099331221372200,94.6613720703125,7.382125097772478,3.7032372630655765,-5.287784920591116
1781099331246447000,94.68644702148437,7.367599728813767,3.6963194465011355,-5.312825253823399
1781099331271523300,94.7115234375,7.353147425091266,3.687700378976762,-5.338771595984697
1781099331296598300,94.73659838867188,7.349262692612409,3.6717172124251722,-5.355111320888996
1781099331321674000,94.76167407226562,7.354556122845411,3.6495530191510914,-5.3629883378744125
1781099331346750000,94.78675,7.342202252706885,3.6517677725911137,-5.378386982536315
1781099331371825200,94.8118251953125,7.324036481419205,3.6783299085631964,-5.385047024947404
1781099331396901000,94.83690112304687,7.312534844195842,3.665350307741761,-5.409478870892524
1781099331421976000,94.86197607421875,7.317101713719963,3.6269434201970694,-5.429151539611816
1781099331447052300,94.88705224609375,7.342600896635651,3.6154753929823635,-5.402310294437408
1781099331472127200,94.91212719726562,7.326486797180771,3.6519369916781783,-5.399662410277128
1781099331497203200,94.937203125,7.295105570489167,3.6818566213846204,-5.421783641192317
1781099331522278100,94.96227807617187,7.293599842101335,3.676760467289388,-5.427270548170805
1781099331547354000,94.98735400390625,7.339515790101886,3.6295004112035034,-5.397096943703294
1781099331572429000,95.01242895507812,7.3785337952822445,3.607410159948468,-5.358569352388382
1781099331597505000,95.03750512695312,7.365184484365582,3.641724517482519,-5.353720743313431
1781099331622581200,95.06258129882812,7.3276961729705326,3.6682197256982323,-5.386969517442584
1781099331647656200,95.08765625,7.312339029362797,3.6285882647946477,-5.434468935242295
1781099331672732200,95.11273217773437,7.343172559043764,3.603310323414206,-5.40965481198132
1781099331697807000,95.13780712890625,7.387398654261231,3.619487843494117,-5.33816895391643
1781099331722883300,95.16288330078125,7.373386495521665,3.6383015572965145,-5.34475242395997
1781099331747958300,95.18795825195312,7.343694537091255,3.6295062564224003,-5.391402531453966
1781099331773034000,95.21303393554687,7.369244573411345,3.598394494321942,-5.377381604886055
1781099331798109000,95.23810888671875,7.427059633520245,3.563774431839585,-5.320590042605996
1781099331823185200,95.26318505859375,7.452810745370388,3.554565581728518,-5.2906642754197115
1781099331848260000,95.28826000976562,7.433518600401282,3.5667090239867565,-5.309592847773432
1781099331873336000,95.31333618164062,7.41964555787146,3.549192364257574,-5.340647911250591
1781099331898412300,95.33841235351562,7.447331437176466,3.499643028190732,-5.3348061994850635
1781099331923487200,95.3634873046875,7.501209742358326,3.457799444195628,-5.2863855751872055
1781099331948563200,95.38856323242187,7.531064197874069,3.4401930603563784,-5.255329927188158
1781099331973638100,95.41363818359375,7.51647686959505,3.4381118701681492,-5.277534160211682
1781099331998714000,95.43871411132812,7.504698753517865,3.4487954690068956,-5.287314380469918
1781099332023789000,95.4637890625,7.524182621666789,3.4474478537902233,-5.260431634241343
1781099332048864500,95.48886450195313,7.565382647061347,3.4324756178468463,-5.210898080265522
1781099332073939500,95.513939453125,7.6138909496426574,3.4151489277318117,-5.151297305783629
1781099332099015700,95.539015625,7.656362310147285,3.397371278978884,-5.0998453509658574
1781099332124090600,95.56409057617188,7.66791655434072,3.382343221195042,-5.092468100196123
1781099332149166600,95.58916650390626,7.6657561614364385,3.3786098798856137,-5.098194076627492
1781099332174242800,95.61424291992188,7.68380502834618,3.3576977324992416,-5.084820800313353
1781099332199317800,95.63931787109375,7.722279428169131,3.2985888331875204,-5.0651814493417735
1781099332224393700,95.66439379882813,7.757206949165463,3.255292712296545,-5.039757085227966
1781099332249468700,95.68946875,7.78000330286324,3.248668325720727,-5.008805482125282
1781099332274544600,95.71454467773438,7.797355419680476,3.2240926873907445,-4.997684368652105
1781099332299619600,95.73961962890625,7.822479339542984,3.196694977377355,-4.975978148278593
1781099332324695600,95.76469555664063,7.861239570569992,3.185780784653127,-4.9215989078372715
1781099332349770500,95.7897705078125,7.880818131265044,3.1872976189568636,-4.889194475577772
1781099332374846700,95.8148466796875,7.897045043444633,3.1653900307923553,-4.877231650583446
1781099332399921700,95.83992163085938,7.931919372949004,3.135246529202163,-4.839967503333091
1781099332424997600,95.86499755859376,7.955269268876314,3.1236399702996014,-4.809051263804734
1781099332450073600,95.89007348632812,7.960483788654208,3.1308591078981753,-4.795702537409961
1781099332475148800,95.91514868164063,7.963540838137269,3.1302573426127434,-4.791024024204909
1781099332500224500,95.940224609375,7.969418205738068,3.122029612493515,-4.7866208208099
1781099332525299500,95.96529956054688,7.983090172737836,3.122211691062152,-4.763664015853405
1781099332550375700,95.99037573242188,7.998849467405677,3.124953975507617,-4.735345976124703
1781099332575450600,96.01545068359376,8.003697491958738,3.1195053547129032,-4.730738482329249
1781099332600526600,96.04052661132812,7.99887986254394,3.1258556005224585,-4.7347021252632135
1781099332625601500,96.0656015625,7.98927382980883,3.1508406964361666,-4.734347320476174
1781099332650677800,96.090677734375,7.979716312390566,3.160922529989481,-4.743739125938713
1781099332675752700,96.11575268554688,7.9719193749040365,3.163056327147782,-4.755412028075755
1781099332700828700,96.14082861328124,7.971242498555779,3.178674459779262,-4.7461216371610755
1781099332725904600,96.16590454101562,7.967845257332921,3.1954148744389412,-4.740590598779916
1781099332750979600,96.1909794921875,7.957634828963875,3.200650437004864,-4.7541842398464675
1781099332776055600,96.2160556640625,7.946297442391514,3.206898391483724,-4.768912730161845
1781099332801130500,96.24113061523437,7.9315645681619635,3.2263889816343783,-4.780282265438139
1781099332826206700,96.26620678710937,7.907154349526762,3.2441596161246298,-4.808608196212351
1781099332851281700,96.29128173828126,7.89621268427372,3.2404993400514126,-4.829010055989027
1781099332876357600,96.31635766601562,7.897182990610599,3.229442523986101,-4.834830140444636
1781099332901432600,96.3414326171875,7.892620797261595,3.2358661272928115,-4.837988312214613
1781099332926508500,96.36650854492187,7.882385234451293,3.2403537941008804,-4.851643620340526
1781099332951583700,96.39158374023438,7.871729400402307,3.2277827740803358,-4.877267306418717
1781099332976659500,96.41665942382812,7.863422759827971,3.222836257588863,-4.893902507138252
1781099333001735700,96.44173559570312,7.86071934608817,3.23610256639719,-4.889492581741512
1781099333026810600,96.466810546875,7.849131199625134,3.243714794966578,-4.90304618305862
1781099333051888000,96.49188818359374,7.837523763939738,3.2411092886433,-4.92329811297059
1781099333076963300,96.51696337890625,7.846697834998369,3.242988526518643,-4.907420160359144
1781099333102039300,96.54203930664063,7.8650459771156305,3.2333108898520466,-4.884380061033368
1781099333127114200,96.5671142578125,7.858150956904888,3.2369536302685735,-4.89305758074671
1781099333152190500,96.5921904296875,7.841812985566258,3.257253198714554,-4.905776484805346
1781099333177265400,96.61726538085938,7.830667906695604,3.2492014096841215,-4.928868606579304
1781099333202341400,96.64234130859376,7.828281303820013,3.2279403027296065,-4.946595401927828
1781099333227416300,96.66741625976563,7.821997693505883,3.2565219618305563,-4.937798932009935
1781099333252492500,96.69249243164063,7.804020722788572,3.3116748169928787,-4.929550743624568
1781099333277568300,96.717568359375,7.756411414873599,3.3482179564923045,-4.979748898988962
1781099333302643200,96.74264331054688,7.7781626434326165,3.3273861808657643,-4.959744221836329
1781099333327719400,96.76771948242188,7.82634828993082,3.271095261584222,-4.921236504265666
1781099333352794400,96.79279443359376,7.834931409358978,3.2748654277727005,-4.905049924096465
1781099333377870300,96.81787036132812,7.837006462067365,3.299384075218439,-4.885261520043016
1781099333402945300,96.8429453125,7.779577770927548,3.2566581554308534,-5.004275437480211
1781099333428021500,96.868021484375,7.765358106917143,3.2421009300291534,-5.035715116360783
1781099333453096400,96.89309643554688,7.800735125246644,3.2378575933709737,-4.983495684301853
1781099333478172400,96.91817236328124,7.801383944544195,3.2468399412497875,-4.976632812795042
1781099333503247400,96.94324731445313,7.800670827838778,3.243071820887923,-4.98019956536591
1781099333528323300,96.9683232421875,7.786932809865474,3.2748937770843503,-4.980875857192277
1781099333553399300,96.9933994140625,7.7902347740203135,3.3093197782993315,-4.952880765807628
1781099333578474200,97.01847412109375,7.781700169909,3.3103286630809303,-4.965612821608781
1781099333603550500,97.04355053710937,7.776292757907509,3.3430443532466887,-4.952141345617175
1781099333628625400,97.06862548828126,7.78785401636362,3.356590648040175,-4.924729022556543
1781099333653701400,97.09370141601562,7.77399617140293,3.3508629180431364,-4.950468443968892
1781099333678776300,97.1187763671875,7.7729709200084205,3.338722690655291,-4.960264446318149
1781099333703852300,97.14385229492187,7.783669424155354,3.349774830545485,-4.9359810689330095
1781099333728927500,97.16892749023438,7.755190348646044,3.3756595056474206,-4.963100546526909
1781099333754003200,97.19400317382812,7.732700284418463,3.3807106515571475,-4.994648361957073
1781099333779078100,97.219078125,7.7292568659663194,3.3612992641225454,-5.013045019391178
1781099333804154400,97.244154296875,7.739504703736305,3.3501933482185002,-5.004664144536853
1781099333829230300,97.26923022460937,7.74068894508481,3.372726667065918,-4.987664494419097
1781099333854305300,97.29430517578125,7.7163132132411,3.375248002237081,-5.0236067454159254
1781099333879381500,97.31938159179687,7.693343256542086,3.3839588396981357,-5.0528877849578855
1781099333904456400,97.34445654296874,7.704953030315041,3.3770050750374794,-5.039833657595515
1781099333929532400,97.36953247070312,7.707427311474085,3.3773718625232574,-5.035805132731795
1781099333954607400,97.394607421875,7.714733250573277,3.3671614341542124,-5.031446937522292
1781099333979683300,97.41968334960937,7.710556257149577,3.3720173497527837,-5.034598095029592
1781099334004758300,97.44475830078125,7.698802106469869,3.3844942617490887,-5.0442105575054885
1781099334029834200,97.46983422851562,7.705223079428077,3.3810274624213577,-5.036725754708051
1781099334054908400,97.49490844726563,7.729767738097905,3.3473020106911657,-5.021616448381543
1781099334079984400,97.519984375,7.746049010813236,3.3332644252493977,-5.00584254066646
1781099334105059300,97.54505932617188,7.746049595335125,3.337448432935774,-5.003054955774545
1781099334130135600,97.57013549804688,7.749094954380393,3.325572409442067,-5.006242353639006
1781099334155211500,97.59521142578124,7.762199935147166,3.2940392070591447,-5.006788297083974
1781099334180286500,97.62028637695313,7.780828647771477,3.30002500347048,-4.9738271077245475
1781099334205362400,97.64536254882813,7.784910364127159,3.319160204312205,-4.95466823374629
1781099334230437600,97.67043774414063,7.7783754094004625,3.3090859695434567,-4.971639242291451
1781099334255513300,97.69551342773437,7.796744009783864,3.283481572687626,-4.959829562032223
1781099334280588300,97.72058837890626,7.819865942174196,3.2786756337106224,-4.926500708404183
1781099334305664500,97.74566455078126,7.835770198270678,3.2720638143554326,-4.905577747362852
1781099334330739500,97.77073950195313,7.848551938432455,3.248536808295548,-4.90077853038758
1781099334355815400,97.7958154296875,7.866805972525477,3.2049761912494894,-4.900187871018052
1781099334380890600,97.820890625,7.888791594362258,3.1640614125370976,-4.89142530336976
1781099334405966600,97.84596655273438,7.903084908130764,3.1385639831870793,-4.884774321047962
1781099334431042600,97.87104248046874,7.8924080312937495,3.135190707361698,-4.904173141261935
1781099334456117500,97.89611743164062,7.900783645451068,3.1179680621430275,-4.901656774526834
1781099334481193500,97.921193359375,7.911372259482741,3.0844001390621063,-4.905821492990851
1781099334506268400,97.94626831054687,7.923121149465441,3.0844261502861974,-4.886802612005174
1781099334531344400,97.97134448242187,7.943509857499599,3.09342895643115,-4.847857379800081
1781099334556419600,97.99641967773438,7.932470577090978,3.1056203294843434,-4.858132397837936
1781099334581495600,98.02149560546874,7.9473957590222355,3.08497180147022,-4.846882397288084
1781099334606570500,98.04657055664063,7.974053464323282,3.075700699777901,-4.8088370365321635
1781099334631646500,98.071646484375,7.99046917707324,3.0761382144123313,-4.781231821247935
1781099334656721700,98.0967216796875,8.011389215505123,3.0718890325352546,-4.748841709774732
1781099334681797600,98.12179760742187,8.015778390374779,3.049413873615861,-4.755921146641671
1781099334706872600,98.14687255859376,8.017908388140798,3.0381901765510437,-4.759507480695843
1781099334731948500,98.17194848632812,8.031265297842026,3.0380607049524784,-4.737020631338655
1781099334757023500,98.1970234375,8.038797446912527,3.038773821657896,-4.723770396882295
1781099334782099500,98.22209936523437,8.056815918684006,3.0091496677666902,-4.712020045594871
1781099334807175400,98.24717553710937,8.081222630187868,2.9845290212512015,-4.685811253105103
1781099334832250600,98.27225073242188,8.08776518369913,2.9905209551423786,-4.67067388972789
1781099334857326600,98.29732666015624,8.098157982897758,2.9826097436264156,-4.657710363258421
1781099334882401500,98.32240161132812,8.117447205257415,2.9492382199004292,-4.645371106167137
1781099334907477500,98.3474775390625,8.130431189993024,2.9277506107136606,-4.63624555042535
1781099334932552700,98.372552734375,8.148841875952481,2.910604830123484,-4.614663540953398
1781099334957628400,98.39762841796875,8.17545749567747,2.8663787349060175,-4.59523432560116
1781099334982703400,98.42270336914062,8.191808326497673,2.839840856592357,-4.582575919558107
1781099335007779600,98.44777954101562,8.192190603813529,2.8595588257580995,-4.569608593696356
1781099335032854500,98.4728544921875,8.194913891297578,2.8704060907259583,-4.557915233293175
1781099335057929700,98.4979296875,8.213096613720058,2.8460297743603586,-4.540435106182098
1781099335083006000,98.523005859375,8.254259229713679,2.8223662824392317,-4.480160085700452
1781099335108081000,98.54808081054688,8.295681373426318,2.8146497167125344,-4.407921947963535
1781099335133156900,98.57315698242188,8.314315931269526,2.8098133825972673,-4.3757846422076225
1781099335158231800,98.59823168945313,8.334738541573286,2.8038828235045075,-4.340593209578096
1781099335183307800,98.62330786132813,8.376519581726193,2.760272522097826,-4.287801822850108
1781099335208382700,98.6483828125,8.427128655979036,2.691560512660444,-4.231954263421893
1781099335233458700,98.67345874023438,8.468346217030286,2.6356790509626267,-4.184581102350354
1781099335258533600,98.69853369140625,8.487125151780248,2.617202021768689,-4.1580411782100795
1781099335283609900,98.72360986328125,8.488663028872013,2.5955928320288657,-4.168436023235321
1781099335308684800,98.74868481445313,8.512506261274218,2.5575635456249115,-4.143247805964947
1781099335333760800,98.7737607421875,8.558502873295545,2.508146603766084,-4.078191688686609
1781099335358836000,98.7988359375,8.593726162368059,2.48058815023303,-4.020563091060519
1781099335383912000,98.82391186523438,8.613341547942161,2.476275255469978,-3.981054964275658
1781099335408987000,98.84898681640625,8.618662450703978,2.487811379484832,-3.9622991181403395
1781099335434062600,98.8740625,8.636487445729971,2.483214407083392,-3.926201384320855
1781099335459137800,98.8991376953125,8.667273044615984,2.4553017332851885,-3.875601954679191
1781099335484213800,98.9242138671875,8.711307416653632,2.408903993117064,-3.805345053887367
1781099335509289700,98.94928979492188,8.744442793536185,2.37348094368875,-3.7512314786449075
1781099335534365000,98.97436499023438,8.753530939877033,2.373567891319841,-3.7299163034155964
1781099335559441000,98.99944091796876,8.744443962579965,2.385574555455893,-3.743548230665922
1781099335584515800,99.02451586914063,8.752021704357862,2.3716588428281247,-3.7346728502929207
1781099335609591800,99.049591796875,8.774956589743494,2.342587208253145,-3.6990327971130608
1781099335634667000,99.0746669921875,8.79311067059338,2.3440305389292537,-3.6547435735315084
1781099335659742700,99.09974267578124,8.805302628168462,2.3461327719055114,-3.6239126741990444
1781099335684817700,99.12481762695313,8.801326710274815,2.3319025865010916,-3.6427044684305785
1781099335709894000,99.14989379882813,8.796251891228556,2.32184866386801,-3.6613337655767797
1781099335734968800,99.17496875,8.810030825734138,2.3181571158736944,-3.630412557612359
1781099335760044800,99.200044921875,8.826106346744298,2.307826129864901,-3.597803542691469
1781099335785119700,99.22511962890626,8.838387151646614,2.2807889237269756,-3.5848742107525466
1781099335810196000,99.25019604492188,8.85784646987617,2.251174560577422,-3.5554458716943858
1781099335835272000,99.27527197265626,8.873375462919473,2.228759607412666,-3.5307568361178037
1781099335860347000,99.30034692382813,8.886469337770341,2.2108627161942422,-3.509010868255794
1781099335885422800,99.3254228515625,8.894054678332806,2.2086315961413083,-3.491146125741303
1781099335910497800,99.35049780273438,8.910175792050362,2.1939710564956068,-3.4591379993230102
1781099335935573800,99.37557373046874,8.960150075531006,2.109600144024938,-3.381663714498281
1781099335960648700,99.40064868164062,9.002134529301523,2.038717950941622,-3.312943814015388
1781099335985725000,99.42572485351562,9.036389850124717,2.0316141102857888,-3.222821644541621
1781099336010799900,99.4507998046875,9.055324852219224,2.0040558028832076,-3.1867385237693786
1781099336035875800,99.47587573242187,9.062685151854158,1.949198131275177,-3.1998081409618258
1781099336060951000,99.50095092773438,9.104474959835409,1.872029843659699,-3.1264053433597088
1781099336086027000,99.52602709960938,9.139831519898772,1.8325524042740464,-3.045588470108807
1781099336111102000,99.55110205078125,9.155741621214151,1.8036647479638457,-3.014899609595537
1781099336136177700,99.576177734375,9.162079592064023,1.8063018184691666,-2.9939781098589298
1781099336161252900,99.6012529296875,9.166869748950004,1.8332494466274976,-2.962789483129978
1781099336186328800,99.62632885742188,9.190333042123914,1.8112185243442653,-2.9030396555662152
1781099336211403800,99.65140380859376,9.218995072984695,1.764451074080914,-2.8402824628800154
1781099336236479700,99.67647973632812,9.243027690479158,1.7696493733763694,-2.7577427113592625
1781099336261556000,99.70155590820312,9.25589593988061,1.7790110759615898,-2.708111542227864
1781099336286631000,99.726630859375,9.248224674600362,1.755787436762452,-2.7491727436736224
1781099336311707000,99.75170678710937,9.246635359582305,1.7253734476678073,-2.7736621650248763
1781099336336782000,99.77678198242188,9.27003260178268,1.7087610433019698,-2.7050112381249662
1781099336361857800,99.80185791015624,9.280839242479205,1.6916989954724906,-2.6785414566114545
1781099336386932700,99.8269326171875,9.275386237770318,1.6689014727309346,-2.7115181358009575
1781099336412008700,99.8520087890625,9.275791311439871,1.672218634454906,-2.708096344658732
1781099336437084000,99.877083984375,9.285381562083959,1.6656643905058501,-2.6791160416290163
1781099336462160000,99.90215991210937,9.297029914301634,1.6387199772179126,-2.6552286778241396
1781099336487234800,99.92723486328126,9.311673356682062,1.622423360802978,-2.613587338402867
1781099336512311000,99.95231103515626,9.317512730360031,1.602191889157146,-2.605253517560661
1781099336537386000,99.97738598632813,9.310489699855447,1.610639545637369,-2.625076116144657
1781099336562462000,100.0024619140625,9.307358416092395,1.62470445747748,-2.62751415694654
1781099336587537000,100.02753686523438,9.313812122276424,1.618247390292585,-2.608559573368728
1781099336612612900,100.05261279296874,9.332443757510184,1.5930755396351217,-2.556948920857906
1781099336637688800,100.07768872070312,9.34604791997075,1.5863975231759249,-2.511012222330272
1781099336662763800,100.102763671875,9.345466320690512,1.586685546337068,-2.5129879063174125
1781099336687840000,100.12784008789062,9.345290964123606,1.5682634622007607,-2.5251702192813155
1781099336712915000,100.1529150390625,9.343789911910891,1.5585234278224407,-2.5367314777374266
1781099336737991000,100.17799096679687,9.351861574685573,1.5320174059517682,-2.5230969201385975
1781099336763065900,100.20306591796874,9.350660966724156,1.5156000857666134,-2.537412737999856
1781099336788142000,100.22814208984374,9.346148457735776,1.5346291958853602,-2.542607091772556
1781099336813217000,100.25321704101563,9.353988649842142,1.5260031140983104,-2.518847446000576
1781099336838292700,100.27829272460937,9.347076093974708,1.5382742743894458,-2.536982237628102
1781099336863367700,100.30336767578125,9.353932535740732,1.5502381222970782,-2.504211017882824
1781099336888444000,100.32844384765625,9.358892203974722,1.5389270392097532,-2.492643621946871
1781099336913518800,100.35351879882812,9.344431132423876,1.5640518358550966,-2.530947925899923
1781099336938594800,100.3785947265625,9.3338144613415,1.5922377736367284,-2.5524656379640103
1781099336963669800,100.40366967773437,9.324961877322197,1.5984399892777204,-2.580787769345939
1781099336988746000,100.42874609375,9.320785468420386,1.5689156424991786,-2.6137767234951257
1781099337013822000,100.45382202148437,9.32234205021262,1.5985642001792788,-2.5901456725388763
1781099337038897200,100.47889721679688,9.316864495584369,1.6085547021873294,-2.603639944884181
1781099337063972900,100.50397290039062,9.293315277692676,1.6019572036184369,-2.6904300473257896
1781099337089047800,100.5290478515625,9.280102160376309,1.6127919013656675,-2.72928760124743
1781099337114124000,100.5541240234375,9.271773892492055,1.6495687034904956,-2.735598684090376
1781099337139199000,100.57919897460937,9.263203632545471,1.6538507647238672,-2.7619331487864254
1781099337164275000,100.60427490234375,9.251523716145753,1.6922715346634387,-2.7777617092981934
1781099337189350000,100.62934985351562,9.236562878379225,1.7654909385226667,-2.781965882989764
1781099337214426000,100.65442602539062,9.225126123085618,1.7963648002140222,-2.8000927835717797
1781099337239501000,100.6795009765625,9.225023831754923,1.7689331879310308,-2.8178333151847124
1781099337264577000,100.70457690429687,9.236444220435619,1.755915300925821,-2.7884116981282827
1781099337289652000,100.72965185546875,9.242364258134364,1.7700860112279653,-2.759686538903415
1781099337314728000,100.75472802734375,9.220945622530579,1.750151184441149,-2.8427923998743294
1781099337339803000,100.77980297851562,9.189382025009394,1.7245464953243732,-2.958313506759703
1781099337364878800,100.80487890625,9.173453218993544,1.7306896742545068,-3.003801000215113
1781099337389955000,100.829955078125,9.170356422021985,1.7395093789175151,-3.008162994816899
1781099337415030000,100.85503002929687,9.162759391021728,1.7616066444352267,-3.0184423967689273
1781099337440106000,100.88010595703125,9.160233087414502,1.7846677865490317,-3.012546324467659
1781099337465182000,100.90518188476562,9.162434981372952,1.8145019299291074,-2.987941167782247
1781099337490257200,100.93025708007812,9.161416159719229,1.8277391587734222,-2.9829858834624288
1781099337515332900,100.95533276367188,9.151533648130297,1.8615099109500646,-2.992418313196301
1781099337540407800,100.98040771484375,9.145903533288836,1.8746388571143149,-3.0014243342116473
1781099337565484000,101.00548413085937,9.136585085323452,1.8810108763642608,-3.0257232014268634
1781099337590559000,101.03055908203125,9.116766286131739,1.899902185447514,-3.0733178962945935
1781099337615635000,101.05563500976562,9.08408800536692,1.9421319922812281,-3.142900551086664
1781099337640710000,101.0807099609375,9.049705258771777,1.9840619393855332,-3.2150755604594945
1781099337665786000,101.1057861328125,9.023560179167985,2.0078581177756187,-3.2732594538807867
1781099337690861000,101.13086108398437,9.01322057146132,2.0138019747413693,-3.298000511905551
1781099337715937000,101.15593701171875,8.988440934991836,2.065467280048877,-3.3334871280893683
1781099337741012000,101.18101196289062,8.949210163843631,2.143648690229654,-3.3892133992254734
1781099337766088000,101.206087890625,8.907496928229927,2.1935339802525937,-3.4663138823017476
1781099337791164000,101.23116381835938,8.883066835850476,2.2191621963754296,-3.512378298862278
1781099337816238800,101.25623876953125,8.878718577513098,2.236014546976983,-3.5126918948560952
1781099337841315000,101.28131518554687,8.861732371398807,2.2674958730421957,-3.535333350253105
1781099337866390000,101.30639013671875,8.815984765702485,2.325331391417235,-3.611324703043699
1781099337891466000,101.33146606445312,8.77024534331262,2.38184150640741,-3.6851135773539543
1781099337916541000,101.356541015625,8.736893108808994,2.420680501759052,-3.738641169402003
1781099337941617000,101.38161694335938,8.71701994908154,2.4426054794497785,-3.7706247459009288
1781099337966692000,101.40669213867187,8.694967107227445,2.4545240269109607,-3.8135599245250225
1781099337991767800,101.43176782226563,8.668176715457438,2.4646213502943515,-3.867653333762288
1781099338016842800,101.4568427734375,8.63367238830924,2.500082832036912,-3.9216891675934193
1781099338041919200,101.48191918945312,8.603831376796961,2.533472183680534,-3.9655996209904547
1781099338066994200,101.506994140625,8.578761817470193,2.529351596619189,-4.022140131118894
1781099338092070400,101.5320703125,8.57095202050209,2.509581312744319,-4.051070165266096
1781099338117146400,101.557146484375,8.558349144038557,2.5027441602006553,-4.081833260059357
1781099338142221300,101.58222119140625,8.519406542181969,2.52900468287766,-4.146588348564506
1781099338167297300,101.60729736328125,8.476558165058494,2.5637410652160644,-4.212550767032802
1781099338192372200,101.63237231445312,8.456315587496757,2.5838489104822275,-4.240853609192371
1781099338217448200,101.6574482421875,8.451174717476963,2.59160259334892,-4.246366819655895
1781099338242523100,101.68252319335937,8.43663298190534,2.5941969937562943,-4.273604662932455
1781099338267599400,101.70759936523437,8.414856034383178,2.633057762548327,-4.292732264989614
1781099338292674300,101.73267431640625,8.383505202829838,2.6867750319495793,-4.320704267759621
1781099338317750300,101.75775024414062,8.370821077823638,2.706464359542727,-4.332985072661936
1781099338342825200,101.7828251953125,8.374186754864454,2.6847739212602377,-4.339970986026525
1781099338367901400,101.8079013671875,8.376503799635172,2.661313258434832,-4.349941468159854
1781099338392976400,101.83297631835937,8.350445229271054,2.686308291220665,-4.384543410463631
1781099338418052000,101.85805200195313,8.316128533649444,2.702471782775223,-4.439486422267556
1781099338443128300,101.88312841796875,8.28620159741938,2.7115932468637824,-4.489595730304718
1781099338468203300,101.90820336914062,8.272524954244494,2.7430349715709683,-4.495720642925798
1781099338493279200,101.933279296875,8.267509171909094,2.7496020750015973,-4.500927271658182
1781099338518354200,101.95835424804687,8.256545879346131,2.7482743335291744,-4.521815161386132
1781099338543430400,101.98343041992187,8.257767530095578,2.7717826348885892,-4.505206848673522
1781099338568505300,102.00850537109375,8.240260514977575,2.8355393600061536,-4.497582052883506
1781099338593581300,102.03358129882812,8.228981580594182,2.8540307099863886,-4.506526406839489
1781099338618656300,102.05865625,8.233723806685209,2.8246131845831868,-4.5163881679013365
1781099338643732200,102.08373217773438,8.260062947556376,2.806293391777575,-4.4795548132836815
1781099338668807200,102.10880712890625,8.250250578594207,2.8217566261082885,-4.487918444742262
1781099338693883100,102.13388305664063,8.22191587999165,2.852447824709117,-4.520403541022539
1781099338718958000,102.1589580078125,8.215252914971114,2.8352348241016267,-4.543288157525659
1781099338744034300,102.18403442382812,8.19765179182887,2.8613620757877825,-4.558675404010713
1781099338769109200,102.20910913085937,8.242574052616954,2.836391885182261,-4.492796279911697
1781099338794185200,102.23418530273437,8.232298742318154,2.7998697884708643,-4.534354032702744
1781099338819261400,102.25926147460937,8.217161963462829,2.8568288162723183,-4.526273894360661
1781099338844336400,102.28433642578125,8.239703465616703,2.836078581449389,-4.498259221492708
1781099338869412000,102.309412109375,8.198991516000032,2.786056367173791,-4.602691948130727
1781099338894487000,102.33448706054688,8.233298859271407,2.74918647993803,-4.563456793068349
1781099338919563300,102.35956323242188,8.225823408824205,2.8393267695903774,-4.521553880101442
1781099338944638200,102.38463818359375,8.219561425819993,2.8854817870438096,-4.503692936979234
1781099338969714200,102.40971411132813,8.224666640004514,2.847840330913663,-4.5183071532651775
1781099338994789400,102.43478930664062,8.252544242489337,2.8632684939309954,-4.457308202423155
1781099339019865300,102.459865234375,8.302869823625683,2.872172808137536,-4.3569908021494745
1781099339044939800,102.48493969726563,8.304083875590562,2.875163806647062,-4.352702457305789
1781099339070015700,102.510015625,8.294801083460449,2.840599858266115,-4.392912010358274
1781099339095090700,102.53509057617188,8.300906414598225,2.8518936979576943,-4.374023185493051
1781099339120166700,102.56016674804688,8.303377188625932,2.8848773914098738,-4.347613609734178
1781099339145242600,102.58524267578125,8.300845624321699,2.890990613593161,-4.348395700022578
1781099339170317600,102.61031762695312,8.316947448816896,2.8708684475407003,-4.330922587174177
1781099339195393800,102.63539379882812,8.344125378599763,2.834434321373701,-4.302555447606742
1781099339220468700,102.66046875,8.357497485870123,2.8083360035210845,-4.293697018368542
1781099339245544700,102.68554467773437,8.36832049317956,2.7953867978379128,-4.281053809894621
1781099339270619600,102.71061962890624,8.374495966944098,2.800197997511923,-4.265802464748918
1781099339295696000,102.73569580078124,8.397526713919639,2.768888667012751,-4.240891603115201
1781099339320770800,102.76077075195313,8.418834290364384,2.7427754438519476,-4.2155464417174455
1781099339345846500,102.78584643554687,8.442259589615464,2.738757440382242,-4.171078938959539
1781099339370921700,102.81092163085937,8.458458444744348,2.723150998188555,-4.148416440774501
1781099339395997700,102.83599780273437,8.491088210192322,2.6969804918825626,-4.098550586104393
1781099339421072600,102.86107275390626,8.530107968938351,2.695830737325549,-4.017481491658091
1781099339446148600,102.88614868164062,8.542246150499581,2.7459298162296415,-3.957304378592968
1781099339471224800,102.91122485351562,8.544417064797878,2.7865605173036454,-3.9240781085565684
1781099339496299800,102.9362998046875,8.571185244736075,2.7633734107226133,-3.881869490641355
1781099339521375700,102.96137573242187,8.62363907007277,2.7043177029028533,-3.8065693349853156
1781099339546450700,102.98645068359374,8.665960208451747,2.6794021650940176,-3.727234224724769
1781099339571526700,103.01152661132812,8.689075126579404,2.6426117728352545,-3.699591600039601
1781099339596601600,103.0366015625,8.698167949095367,2.6003695449113846,-3.7081469546779986
1781099339621677600,103.06167749023437,8.719151700413226,2.5807009678453205,-3.6724297446087
1781099339646752500,103.08675244140625,8.734370312333107,2.5728829875707624,-3.6416318707630038
1781099339671828700,103.11182885742187,8.731831733766198,2.576902744606137,-3.6448677839443087
1781099339696903700,103.13690356445312,8.74178380346,2.560610365974903,-3.632475627622008
1781099339721979600,103.16197973632812,8.753727923753857,2.528038175933063,-3.6265202263489362
1781099339747054800,103.18705493164063,8.757966876497864,2.537793554010987,-3.6094387431666255
1781099339772130800,103.212130859375,8.759284973359108,2.5327365628823637,-3.6097812729939815
1781099339797205800,103.23720581054687,8.753980437210203,2.490567984716594,-3.651748775629699
1781099339822281500,103.26228149414062,8.780190398743748,2.437031332579255,-3.624842940786481
1781099339847357700,103.28735766601562,8.783178474643826,2.44940083867833,-3.6092315301567313
1781099339872432600,103.3124326171875,8.774020185676216,2.459402446602285,-3.624678397874534
1781099339897508600,103.33750854492187,8.777712025931477,2.4309211791358885,-3.6349335421681404
1781099339922583800,103.36258374023437,8.782076066359878,2.439616526766866,-3.6185377031624313
1781099339947659800,103.38765966796875,8.78827901265323,2.49894038400352,-3.562562717962265
1781099339972734700,103.41273461914062,8.797497507375478,2.486137016531825,-3.548735268139839
1781099339997810700,103.43781079101562,8.7977909373641,2.459191141939163,-3.5667405881687997
1781099340022886000,103.46288598632813,8.824054090389609,2.4634444154694677,-3.498277585056424
1781099340047962600,103.48796264648438,8.83337663000822,2.4699156573101875,-3.4700630057021975
1781099340073037600,103.51303759765625,8.837439057141541,2.4137984871603546,-3.499097961528599
1781099340098113500,103.53811352539063,8.859514695349334,2.357561051631719,-3.4815617203161118
1781099340123188500,103.5631884765625,8.891208641251922,2.3152606637798248,-3.428763319325447
1781099340148264700,103.5882646484375,8.897985003519057,2.2919383865118026,-3.4268411190912125
1781099340173339600,103.61333959960938,8.890164100635051,2.300183798418194,-3.4415897754117846
1781099340198415600,103.63841552734375,8.91290258666575,2.2797591422878205,-3.3960677951648828
1781099340223491600,103.66349169921875,8.939137682640553,2.253412256501615,-3.3442996140047905
1781099340248566500,103.68856640625,8.97390329107344,2.247199957858026,-3.2541546481773254
1781099340273642500,103.713642578125,8.992745938709378,2.253314495215565,-3.1974235839128493
1781099340298717400,103.73871752929688,8.991728286099434,2.2784037821561096,-3.182468883626163
1781099340323793700,103.76379370117188,9.007924803140758,2.2781794718809425,-3.136485715608299
1781099340348868600,103.78886865234375,9.027035746324062,2.267252273544669,-3.089102617664635
1781099340373944600,103.81394458007813,9.050627634313702,2.2526406876072285,-3.0302067765817045
1781099340399019500,103.83901953125,9.049838529762626,2.281341443043202,-3.01102452172786
1781099340424095700,103.864095703125,9.037524407112597,2.3119997622877357,-3.024602965225279
1781099340449170700,103.88917065429688,9.030749798411131,2.3016921571545303,-3.052572629907727
1781099340474246400,103.91424633789063,9.049660250586271,2.26951641908437,-3.020486469817161
1781099340499321600,103.93932153320313,9.07385127351284,2.253263641811162,-2.9594705678403375
1781099340524397600,103.9643974609375,9.069024291747809,2.255959602896869,-2.9721821653753517
1781099340549472500,103.98947241210938,9.056240213498473,2.2291946378290652,-3.030771132466197
1781099340574548500,104.01454858398438,9.056006404742599,2.2384294991642237,-3.0246614174142477
1781099340599623700,104.03962377929687,9.07071589809656,2.2384385592535136,-2.9802605501517654
1781099340624699600,104.06469970703125,9.070559246230125,2.2099062922522426,-3.001941928344965
1781099340649775600,104.08977563476563,9.06506824759841,2.2194893825031814,-3.011445085227489
1781099340674850800,104.11485083007813,9.059730978223682,2.2518225030921397,-3.0034920803964136
1781099340699926500,104.13992651367188,9.048885759082436,2.272119441189617,-3.0208550108686087
1781099340725001500,104.16500146484375,9.052569416031242,2.280767150286585,-3.003247165724635
1781099340750077400,104.19007739257812,9.064968878877162,2.2803766896642745,-2.9659011854097246
1781099340775152600,104.21515258789063,9.075178722724319,2.273592874743044,-2.9397727646797893
1781099340800228600,104.240228515625,9.078975776919721,2.243623999067396,-2.951057252021134
1781099340825303600,104.26530346679688,9.08161021707654,2.192483594416827,-2.9812334868371484
1781099340850379500,104.29037963867188,9.095587889024614,2.1371305405072865,-2.978813858474791
1781099340875454700,104.31545483398438,9.092131026569009,2.127724121997505,-2.996051409001648
1781099340900530700,104.34053076171875,9.08466843560338,2.10766201556921,-3.0326538774728773
1781099340925605600,104.36560571289063,9.082496936783194,2.0790384170226752,-3.0588010029032824
1781099340950681600,104.390681640625,9.090471568924189,2.07988772732839,-3.03443959184587
1781099340975756500,104.41575659179688,9.09462635051608,2.113955124364048,-2.998228460779786
1781099341000832500,104.44083251953126,9.103407038342953,2.1150607475183905,-2.970663869766891
1781099341025907500,104.46590747070313,9.117320997405052,2.1296968833751975,-2.917059413090348
1781099341050982700,104.49098266601563,9.13612448207438,2.143084042084217,-2.847607106679678
1781099341076059000,104.51605883789063,9.143370215418935,2.1477938272103665,-2.820660647565126
1781099341101133800,104.5411337890625,9.145290369826554,2.156591320041567,-2.8077041353583336
1781099341126209800,104.56620971679688,9.154553872734308,2.1809517081856726,-2.758256213839352
1781099341151284700,104.59128466796875,9.177949361369013,2.165962667237967,-2.6915184270843864
1781099341176361000,104.61636083984375,9.196835848146677,2.1218302416533232,-2.662032804881036
1781099341201436000,104.64143579101562,9.207092453745007,2.103641820142418,-2.640933902750909
1781099341226511600,104.66651171875,9.20833631632626,2.092447203041613,-2.645481190791726
1781099341251586600,104.69158666992188,9.205978355023264,2.0692991132967173,-2.671768893736601
1781099341276662800,104.71666284179688,9.211064864507318,2.046602420581132,-2.6717116105914114
1781099341301737700,104.74173779296875,9.22374080620706,2.0121349183119834,-2.6541213011041282
1781099341326813700,104.76681372070313,9.22868176974058,1.9991729992777107,-2.646717454588413
1781099341351888600,104.791888671875,9.224583686771988,1.9980812585182486,-2.661796658037603
1781099341376964900,104.81696484375,9.211049666938186,2.017072813105583,-2.6941438071519137
1781099341402039800,104.84203979492187,9.202076086887716,2.0393141632691023,-2.7080162651598454
1781099341427115800,104.86711572265625,9.199761964726447,2.0712961323328316,-2.691561389443278
1781099341452190700,104.89219067382813,9.208881675249337,2.06594600347653,-2.66434721930325
1781099341477266700,104.9172666015625,9.210169376972317,2.0783720620684325,-2.650201205050945
1781099341502341600,104.94234155273438,9.208519271677732,2.086920840835571,-2.6492107327088714
1781099341527417600,104.96741748046875,9.195805336055159,2.086200563737005,-2.6935689298734067
1781099341552493800,104.99249389648438,9.18450243627429,2.1098471045233307,-2.7136446264356375
1781099341577568800,105.01756884765625,9.177075501143932,2.1509452769786117,-2.706496215985715
1781099341602644700,105.04264477539063,9.1737618465513,2.1548830548189577,-2.7145824918076396
1781099341627719700,105.0677197265625,9.168904469648004,2.1802356688708064,-2.710756503778696
1781099341652796000,105.0927958984375,9.166330819767714,2.2188353025086225,-2.6880361379265785
1781099341677870800,105.11787084960937,9.168802178317307,2.2047544624470174,-2.691200154915452
1781099341702946600,105.14294653320313,9.182817259666324,2.1347418918050822,-2.699839972966909
1781099341728021800,105.16802172851563,9.195586140346526,2.1086901895731684,-2.6767551577165722
1781099341753097700,105.19309765625,9.188768861547112,2.1245931304953993,-2.6875693971976635
1781099341778172700,105.21817260742188,9.157460700091718,2.1266848420776427,-2.7907863183051345
1781099341803248600,105.24324853515625,9.147671127483248,2.1285897989161313,-2.82127819494158
1781099341828323800,105.26832373046875,9.156023945286869,2.130357685371488,-2.79269770488441
1781099341853399800,105.29339990234375,9.151141433942318,2.1486837617874146,-2.7946695894792675
1781099341878474800,105.31847485351562,9.131374072676897,2.226716265016794,-2.7982369265720246
1781099341903551000,105.34355102539062,9.113615713146329,2.288932482694089,-2.8059306959450243
1781099341928626000,105.3686259765625,9.115224317386746,2.287459779793024,-2.8018980794280766
1781099341953701600,105.39370166015625,9.138754246056079,2.2387528858996926,-2.764328519490361
1781099341978776600,105.41877661132813,9.148089060634375,2.2500458488084374,-2.723991832926869
1781099342003852800,105.44385278320313,9.126958009800314,2.2825483346149325,-2.7674948745667933
1781099342028928800,105.4689287109375,9.09369286905825,2.29014784983322,-2.8688538928478953
1781099342054004500,105.49400439453125,9.091546504679322,2.2815325817011294,-2.882490204012394
1781099342079080400,105.51908056640625,9.109280314290523,2.24967789227888,-2.8513860406965015
1781099342104155400,105.5441552734375,9.111515525996685,2.2234904348380864,-2.864749672399461
1781099342129231400,105.5692314453125,9.098792822545766,2.2382281313732264,-2.8935668938219545
1781099342154306300,105.59430639648437,9.081948655250669,2.2364443166963754,-2.9473592742860317
1781099342179382300,105.61938232421875,9.076140845754741,2.1790251240372656,-3.0076456929445263
1781099342204457200,105.64445727539062,9.080783703124522,2.1730917884655296,-2.9978952833026646
1781099342229533400,105.66953344726562,9.061029785862564,2.2391887930989265,-3.009006167642772
1781099342254608400,105.6946083984375,9.02579071469903,2.296566923095286,-3.071036799620092
1781099342279684400,105.71968432617187,9.006157208946346,2.3477217946626245,-3.089938191705942
1781099342304759300,105.74475927734375,9.009220103648305,2.394498743406683,-3.044784167988598
1781099342329835500,105.76983544921875,9.028747226417064,2.39878416564092,-2.9829318151876327
1781099342354910500,105.79491040039062,9.037617930614948,2.40638864929527,-2.949779194909334
1781099342379986200,105.81998608398438,9.031676265606283,2.4561077889710665,-2.926905099800229
1781099342405061400,105.84506127929687,9.00887523573339,2.497329441675544,-2.96207695094645
1781099342430137300,105.87013745117187,8.987399901506304,2.4795579304024575,-3.0411934500202533
1781099342455212300,105.89521240234374,8.993389497309922,2.4562366760477423,-3.0423978573739525
1781099342480288300,105.92028833007812,9.014304859566687,2.4378096234753728,-2.9949633215039966
1781099342505364500,105.94536450195312,9.009469109973312,2.430546208343655,-3.0153461843192577
1781099342530439400,105.970439453125,8.98845204090774,2.44238409178406,-3.068042586240172
1781099342555515400,105.99551538085937,8.97233911049664,2.41844645909667,-3.1334798117905853
1781099342580590600,106.02059057617187,8.98009746953845,2.3448273883953688,-3.1670161706894633
1781099342605666300,106.04566625976562,9.003943624550104,2.3035212722778318,-3.129407447785139
1781099342630741200,106.0707412109375,8.994093261665105,2.344925441942364,-3.126979343855381
1781099342655817200,106.09581713867188,8.951855125394463,2.4030942839249967,-3.2030908158943054
1781099342680892400,106.12089233398437,8.942735414871573,2.410153993178159,-3.223199830204248
1781099342705968400,106.14596850585937,8.968429828098415,2.3606999341793355,-3.188220579020679
1781099342731043300,106.17104321289062,8.98218479720652,2.414908055837452,-3.107894704157114
1781099342756119600,106.19611962890625,8.990142478212714,2.448567748855054,-3.058151306822896
1781099342781194500,106.22119458007812,8.957962794619798,2.4325072792835534,-3.163580058760941
1781099342806270500,106.2462705078125,8.963029430359601,2.4108672560140487,-3.165794227679074
1781099342831345400,106.27134545898437,8.969153466197847,2.471063366040587,-3.101376700565219
1781099342856421400,106.29642138671875,8.964254588240385,2.490898239584267,-3.0996672662988303
1781099342881496300,106.32149633789062,8.972887392029167,2.4493175443090496,-3.1078210543990132
1781099342906572300,106.346572265625,8.985476239967346,2.399427870371938,-3.1103681085333226
1781099342931648500,106.3716484375,8.996119799056649,2.3675676279917357,-3.1040088026344774
1781099342956723500,106.39672338867187,8.991029197919369,2.3514864078931508,-3.130862322768569
1781099342981799400,106.42179931640625,9.000085780078171,2.272339805942029,-3.163119455511868
1781099343006874400,106.44687426757812,9.028165042614937,2.1737866388618943,-3.152337072473764
1781099343031950600,106.47195068359375,9.028390083542465,2.169913596820831,-3.154368870562315
1781099343057025800,106.49702587890626,9.012872196415065,2.1693287826702,-3.198833742971718
1781099343082101500,106.5221015625,8.980149491986632,2.1981661700978874,-3.270373377050459
1781099343107176400,106.54717651367187,8.969291997885703,2.2351383486643432,-3.275109465661645
1781099343132252700,106.57225268554687,8.980660948640107,2.2712030569970607,-3.2186580951213837
1781099343157327600,106.59732763671875,8.99292889406085,2.311177486119419,-3.1553210567206142
1781099343182403600,106.62240356445312,8.996806027755142,2.365664570849389,-3.1034570139706132
1781099343207478500,106.647478515625,8.996711335209012,2.4009257077142596,-3.0765526404321193
1781099343232554800,106.6725546875,8.999064035815,2.376098578841239,-3.088919954574108
1781099343257629700,106.69762963867187,9.013252135643363,2.3011644800186155,-3.1042323822572824
1781099343282705700,106.72270556640625,9.030617111942172,2.2568973221383986,-3.086221217009425
1781099343307780600,106.74778051757812,9.026897799158096,2.2463510859437283,-3.1047321484729644
1781099343332856600,106.77285668945312,9.002731326150894,2.222731725425273,-3.19071765653342
1781099343357931500,106.797931640625,8.980923983490467,2.1961761653244496,-3.269592163544893
1781099343383007500,106.82300756835937,8.98529971435666,2.162615841028094,-3.2799145278558135
1781099343408082400,106.84808251953125,8.995721155127882,2.1597950845189393,-3.2531013397321105
1781099343433158700,106.87315869140625,9.00117123722732,2.176607687631994,-3.226719821023941
1781099343458234600,106.89823461914062,9.004568478450178,2.1910979852773247,-3.207377991694212
1781099343483309600,106.9233095703125,9.01941182731688,2.1705242760650814,-3.1795287385210393
1781099343508385500,106.94838549804687,9.029526978617906,2.1731315359540284,-3.148896868892014
1781099343533460700,106.97346069335937,9.029850803744793,2.222619058831036,-3.113217652745545
1781099343558536400,106.99853637695313,9.033481269201635,2.215582876583934,-3.107693336366117
1781099343583611400,107.023611328125,9.032861675998568,2.1900325480028986,-3.127546037827432
1781099343608687600,107.0486875,9.048081456962228,2.2033238451220094,-3.073750150232017
1781099343633762600,107.07376245117187,9.057149729558825,2.2105900367327034,-3.0416552223131057
1781099343658838500,107.09883862304687,9.043510495784878,2.221005486154556,-3.0744878168568013
1781099343683913500,107.12391357421875,9.03688727825284,2.2920538295850155,-3.041626580740511
1781099343708989700,107.14898974609375,9.013218233373761,2.396127952043712,-3.0316414855599403
1781099343734064600,107.17406469726562,9.034844374248385,2.3835008179217576,-2.9767201010659337
1781099343759140600,107.199140625,9.09511033464074,2.2771789165362715,-2.8746906361773608
1781099343784215800,107.2242158203125,9.136623663768171,2.25350124995932,-2.759393693436682
1781099343809291500,107.24929150390625,9.156775640437006,2.2941623461715874,-2.65720436181128
1781099343834366500,107.27436645507812,9.11579481075108,2.147044762408733,-2.909105239215493
1781099343859442400,107.2994423828125,9.110977765858173,2.0197193820916115,-3.0135096165418624
1781099343884517600,107.324517578125,9.142927147826551,2.0618258548066017,-2.885502537570894
1781099343909593600,107.34959350585937,9.105636989352107,2.1440748066872355,-2.9429131085321307
1781099343934669600,107.37466967773437,9.050797145661711,2.21823353722319,-3.054989627921581
1781099343959744800,107.39974487304687,9.024114305919408,2.298607927403599,-3.0744372557133435
1781099343984820500,107.42482055664063,9.049248747175932,2.305612837729603,-2.994269494020939
1781099344009895700,107.44989575195312,9.080013887795806,2.303467642394453,-2.9013407426938413
1781099344034971400,107.47497143554688,9.096711924618482,2.339316369888931,-2.819187360142171
1781099344060045800,107.5000458984375,9.095266986507177,2.4007798695027827,-2.7717852652370927
1781099344085121800,107.52512182617187,9.080970750129222,2.436685149490088,-2.787275679835677
1781099344110196700,107.55019677734376,9.080442342340946,2.4746289495676757,-2.7553964404940605
1781099344135272700,107.57527270507812,9.10035291146934,2.510844464547932,-2.655111773446202
1781099344160348000,107.60034790039063,9.118196026673912,2.4490697070278227,-2.6515841838419436
1781099344185424000,107.625423828125,9.135798903381824,2.348402908794582,-2.68190654913038
1781099344210498800,107.65049877929688,9.152676388424634,2.286989239671826,-2.677419466844201
1781099344235574800,107.67557470703125,9.155993550148606,2.251552600109577,-2.69604262651056
1781099344260650000,107.70064990234376,9.152766989317536,2.213868473881483,-2.73788416467905
1781099344285726000,107.72572583007812,9.160999395611881,2.177431425105035,-2.7395772323325276
1781099344310801000,107.75080078125,9.167873373034595,2.1939054439134895,-2.7031983434841034
1781099344335876900,107.775876953125,9.172257871729135,2.199901615588367,-2.683374283595383
1781099344360951800,107.80095190429688,9.183542066809535,2.1551022505275905,-2.6811405331939455
1781099344386027800,107.82602783203124,9.178649034070968,2.193252679093182,-2.6669153162255883
1781099344411103700,107.85110375976562,9.17694807537198,2.221590154174715,-2.6492475575879215
1781099344436179000,107.87617895507813,9.152530842474102,2.1734701202586293,-2.7708497379526493
1781099344461255000,107.9012548828125,9.164294345504045,2.1647692196696995,-2.738599034950137
1781099344486329900,107.92632983398437,9.1598081400007,2.2490581529453397,-2.685155321793258
1781099344511405800,107.95140576171875,9.147129860213399,2.2547635249800977,-2.7233032661408183
1781099344536481000,107.97648095703126,9.128362031379341,2.2689023788392544,-2.774073376174271
1781099344561556700,108.001556640625,9.140124365365505,2.2740223522014915,-2.730816418249905
1781099344586631700,108.02663159179687,9.143351510718464,2.281514461522549,-2.7137153535842895
1781099344611708000,108.0517080078125,9.132099464341998,2.3285997455634178,-2.7115967539951202
1781099344636782800,108.07678295898438,9.114748516568541,2.3704461060374973,-2.73364199706465
1781099344661858800,108.10185888671874,9.096246645194292,2.3621825739525257,-2.801568993604183
1781099344686933800,108.12693383789062,9.110738111883402,2.3163997508123515,-2.7926909828826783
1781099344712010000,108.15201000976562,9.118779964041709,2.352213114732504,-2.735939460352063
1781099344737085000,108.1770849609375,9.09475669889748,2.407167963104695,-2.7679104696303605
1781099344762161000,108.20216088867187,9.056945731419324,2.425599691852182,-2.873777905246615
1781099344787235800,108.22723583984374,9.055714728319645,2.401754998145252,-2.8975837282478807
1781099344812311800,108.25231176757812,9.084549193137883,2.3900150221213696,-2.815871367461979
1781099344837386800,108.27738671875,9.07942585877478,2.4412663398005066,-2.7883015157520767
1781099344862462700,108.30246264648437,9.06258578313291,2.41990615638569,-2.860768201547861
1781099344887539000,108.3275390625,9.049312460061907,2.384453588601947,-2.9316707067668437
1781099344912614000,108.35261376953125,9.054795275387168,2.3665980523072183,-2.9292089928284284
1781099344937689900,108.37768994140625,9.04897109927833,2.3747516942769287,-2.940586419150233
1781099344962764800,108.40276489257812,9.040509560403228,2.411687632486224,-2.9365473728924987
1781099344987840800,108.4278408203125,9.039039487850665,2.427843379125744,-2.927748272626102
1781099345012916000,108.452916015625,9.049093264353274,2.4241081381201743,-2.8996669642627237
1781099345037991700,108.47799169921875,9.033560179656744,2.504113987249136,-2.8800325817272063
1781099345063067400,108.5030673828125,9.02834565987885,2.5654320870429275,-2.8421655001476407
1781099345088143400,108.52814331054688,9.034970630976558,2.5311408181235193,-2.8518431368142365
1781099345113218600,108.55321850585938,9.056738226148486,2.469254855313897,-2.8370126474291086
1781099345138294500,108.57829443359375,9.06512260813415,2.5188909928813574,-2.7657114982813593
1781099345163369500,108.60336938476563,9.043023589050769,2.5684336069464684,-2.7923665732339025
1781099345188445700,108.62844580078125,9.025892421507836,2.5231919049456715,-2.88741158606261
1781099345213520600,108.65352075195312,9.049414166870713,2.455953475192189,-2.871728279240429
1781099345238596400,108.67859643554688,9.079136520439386,2.435475919830799,-2.79430163294971
1781099345263671300,108.70367138671875,9.065860274758935,2.467145315814018,-2.809579281580448
1781099345288747500,108.72874755859375,9.046048489829897,2.4663936206638812,-2.8733745851427317
1781099345313822500,108.75382250976563,9.039977060961723,2.4542364421412346,-2.9027406726196405
1781099345338898400,108.7788984375,9.04992445448041,2.4528926263168453,-2.8727397943705317
1781099345363974700,108.803974609375,9.049133011841773,2.473947397044301,-2.8571237075656652
1781099345389049600,108.82904956054688,9.049918609261512,2.464415014067292,-2.8628721880897876
1781099345414125600,108.85412548828126,9.05508928989768,2.463079673810303,-2.847624934597313
1781099345439200500,108.87920043945313,9.04232976156771,2.510476800279319,-2.8467873147293923
1781099345464276500,108.9042763671875,9.028442105990647,2.5402789410859343,-2.8643577504724265
1781099345489351400,108.92935131835938,9.034102615970372,2.5170798518061637,-2.8670041733279823
1781099345514427400,108.95442749023438,9.069006756091117,2.4692124774768947,-2.7975767090976236
1781099345539502300,108.97950244140625,9.078236941251157,2.472272741830349,-2.76475931212306
1781099345564578600,109.00457861328125,9.05831409716308,2.488168230098486,-2.815377446465194
1781099345589653500,109.02965356445313,9.03930895244181,2.4878558031484483,-2.8760861821889874
1781099345614729500,109.0547294921875,9.035998804980515,2.482942019882798,-2.890699229431152
1781099345639804400,109.07980444335938,9.047920128920675,2.4693793584764,-2.86490106356889
1781099345664880600,109.10488061523438,9.053537384280562,2.451464054818451,-2.862554792703688
1781099345689955600,109.12995556640625,9.048533876904845,2.4734984842330214,-2.8594080191105604
1781099345715031300,109.15503125,9.033580637922883,2.493686408998072,-2.8890093766480685
1781099345740106200,109.18010620117188,9.01264131026864,2.486508187931776,-2.9597189896434544
1781099345765182500,109.20518237304688,9.016844607177376,2.4725197023287415,-2.958638500930369
1781099345790258400,109.23025854492188,9.033795741978286,2.480303780333698,-2.8998353065669535
1781099345815333400,109.25533349609375,9.029159314349293,2.4866522725775835,-2.9088132705315948
1781099345840409600,109.28040966796875,9.007370676389336,2.510585521350801,-2.955435905496776
1781099345865484500,109.30548461914063,8.987862258321046,2.5421158011242744,-2.9876988834589717
1781099345890560500,109.330560546875,8.974657324311137,2.5657772472187874,-3.007114947068691
1781099345915635500,109.35563549804688,8.967050356438756,2.5748645167768,-3.0220006737723946
1781099345940711400,109.38071142578124,8.968409369832276,2.5726143997624513,-3.0198741831377145
1781099345965786400,109.40578637695313,8.970499035587906,2.562699154947698,-3.0221029651030897
1781099345990862300,109.4308623046875,8.953283696892857,2.572632812201977,-3.064411536261439
1781099346015937500,109.4559375,8.927495760163664,2.6034377003103493,-3.1132533085808154
1781099346041013500,109.48101342773438,8.907933566081523,2.6190809673830864,-3.155875183472037
1781099346066088200,109.50608813476562,8.895185728189348,2.6254049097076058,-3.186422005166113
1781099346091164200,109.5311640625,8.8874069108814,2.659634219306707,-3.179735951530933
1781099346116239400,109.5562392578125,8.87578486214876,2.7026827951773997,-3.1758933046281337
1781099346141315300,109.5813154296875,8.86118116725683,2.7330370169088245,-3.190665049563348
1781099346166390300,109.60639038085938,8.850563911652564,2.7588731766939163,-3.197885063944757
1781099346191466000,109.63146606445312,8.830919299983977,2.7960306486994027,-3.21985811856091
1781099346216541200,109.65654125976563,8.796873822519183,2.844775390385091,-3.269953690333664
1781099346241617200,109.6816171875,8.774095588999986,2.8798329675018786,-3.3003283703312274
1781099346266692000,109.70669213867187,8.77884541387558,2.8687922257885337,-3.297313406424224
1781099346291768300,109.73176831054687,8.790251189509034,2.846614296250045,-3.2861393937200307
1781099346316844300,109.75684423828125,8.78294525040984,2.8589395248159764,-3.2949519379898904
1781099346341919200,109.78191918945312,8.756866806301474,2.8747192777499553,-3.3501793196931478
1781099346366995200,109.8069951171875,8.72705209827423,2.876283458326757,-3.425784888036549
1781099346392070400,109.8320703125,8.717340267077088,2.8710306523650884,-3.454790910029411
1781099346417146000,109.85714599609375,8.71278567251265,2.8792209730833767,-3.459451887577772
1781099346442221000,109.88222094726562,8.708872882983089,2.8897663324952125,-3.4605119180247184
1781099346467297300,109.90729736328124,8.707436128178239,2.8945094353690743,-3.4601702649801966
1781099346492372200,109.93237231445312,8.700870778313279,2.909794682784378,-3.463867658193409
1781099346517448200,109.9574482421875,8.672527311882376,2.94896612496078,-3.501615789568424
1781099346542523100,109.98252319335937,8.64943285202086,2.9723256654992696,-3.538777645488083
1781099346567599400,110.00759936523437,8.63592688923776,2.9816219016328454,-3.5638594797745347
1781099346592674300,110.03267431640624,8.630320739793778,2.994821574945748,-3.5663717548564073
1781099346617750300,110.05775024414062,8.622230372318626,3.00749021012187,-3.5752678857564923
1781099346642825200,110.0828251953125,8.613422211962938,3.007508622561395,-3.596419102595746
1781099346667901200,110.10790112304687,8.602766377913952,3.015320757617056,-3.615329262509942
1781099346692976000,110.13297607421875,8.586458801713585,3.0290821564659476,-3.642494625072181
1781099346718052000,110.15805200195312,8.565986507049203,3.0301527083069084,-3.6895033367455
1781099346743127000,110.183126953125,8.551412622773647,3.031971448166668,-3.721682728077471
1781099346768203300,110.20820336914062,8.53753022789359,3.04528393420428,-3.7426241015583273
1781099346793279200,110.233279296875,8.542403971409797,3.016517858447134,-3.754777480688691
1781099346818354200,110.25835424804687,8.555878954532742,2.944523758599162,-3.7811458476543423
1781099346843430400,110.28343041992187,8.5650401661098,2.8770880527079106,-3.812198573043942
1781099346868505300,110.30850537109374,8.528777597117424,2.8745255087435244,-3.8945395871222015
1781099346893581000,110.3335810546875,8.462796181687713,2.9188229156315324,-4.003995402619243
1781099346918656000,110.35865600585937,8.422790334513783,2.9526535813018677,-4.063105470974743
1781099346943732200,110.38373217773437,8.43183990240991,2.9592057794243094,-4.039502477069199
1781099346968807200,110.40880712890625,8.439301908853649,2.995000438643992,-3.9973151942029594
1781099346993883100,110.43388305664062,8.423955286639929,3.068138155569136,-3.9741526375412937
1781099347018958000,110.4589580078125,8.417455987748504,3.0833240342631933,-3.976163100580871
1781099347044034300,110.48403442382812,8.389715163385867,3.1000773084044453,-4.021519076611101
1781099347069109500,110.50910961914063,8.360922784143686,3.131685914111137,-4.056829751706123
1781099347094185500,110.534185546875,8.34026870317161,3.1733810295462606,-4.0669352583959695
1781099347119260700,110.5592607421875,8.33131791947484,3.1624808653473853,-4.093682687807083
1781099347144336400,110.58433642578125,8.334530451780557,3.1414807474166153,-4.103298365153372
1781099347169412400,110.60941235351562,8.330361641663313,3.1294299518778916,-4.120939235784113
1781099347194487600,110.63448754882812,8.308466620719432,3.1194664840072392,-4.172368686509132
1781099347219563500,110.6595634765625,8.2896917776227,3.118840461063385,-4.210012480726838
1781099347244638500,110.68463842773437,8.289386072674393,3.12516235756129,-4.205933102458715
1781099347269714400,110.70971435546875,8.296398581784963,3.10203691803962,-4.209223960697651
1781099347294789600,110.73478955078124,8.330411910545825,3.043370501798391,-4.184800005798041
1781099347319865300,110.759865234375,8.349081539702414,3.0519226415663954,-4.141130375419557
1781099347344940500,110.7849404296875,8.341253622555731,3.0766730519413947,-4.138588581982255
1781099347370016500,110.8100166015625,8.315346443361044,3.08170783123821,-4.186703793592751
1781099347395091500,110.83509155273437,8.325655071407557,3.084041534882784,-4.16443643220514
1781099347420167400,110.86016748046875,8.344040038403868,3.1189412910893557,-4.101162229907512
1781099347445242400,110.88524243164062,8.337614389270543,3.160506058143079,-4.0823698511540885
1781099347470318600,110.91031860351562,8.334576044487953,3.195984198759496,-4.060903577016294
1781099347495393500,110.9353935546875,8.345431785023212,3.21522315223664,-4.023245169751346
1781099347520469500,110.96046948242187,8.35554401371479,3.2256007538661358,-3.9938475180923936
1781099347545544400,110.98554443359374,8.360716447916626,3.2519404792591926,-3.961526964724064
1781099347570620400,111.01062036132812,8.356504967701435,3.286031841692328,-3.9422412494957446
1781099347595696400,111.0356962890625,8.371814180514216,3.2563854759693145,-3.9343408516347407
1781099347620771300,111.06077124023437,8.39133311997652,3.192098004975915,-3.945431277708709
1781099347645847600,111.08584765625,8.417842356717586,3.1594422283038495,-3.9151276171207425
1781099347670922500,111.11092260742187,8.421217970630526,3.163328129826486,-3.9047228352233767
1781099347695998500,111.13599853515625,8.418591129258274,3.1572794973120093,-3.9152658565476535
1781099347721073400,111.16107348632812,8.418846565324067,3.1442142640337347,-3.9252208488509055
1781099347746149600,111.18614965820312,8.43068371811211,3.130134300754964,-3.911042685894668
1781099347771224600,111.211224609375,8.442142685237526,3.120638450396061,-3.893872939907014
1781099347796300300,111.23630029296875,8.445167586016655,3.100792763197422,-3.903162746299803
1781099347821375500,111.26137548828125,8.455837448590993,3.06017667517066,-3.9121015472978353
1781099347846451500,111.28645141601562,8.468034666863083,3.043882250712812,-3.8983986006379125
1781099347871526400,111.3115263671875,8.481195177209377,3.0461712384328243,-3.8678871425181627
1781099347896602400,111.33660229492187,8.47770207439661,3.068417557032406,-3.8579511471763253
1781099347921677300,111.36167724609375,8.48118933199048,3.0832533071145414,-3.8383994744881984
1781099347946753500,111.38675341796875,8.499282622563838,3.0749907979428768,-3.804868376286328
1781099347971829500,111.41182958984375,8.524846102887391,3.0680054691001772,-3.7529604943946
1781099347996904400,111.43690454101562,8.544681268692017,3.077496351023018,-3.699701782415807
1781099348021980400,111.46198046875,8.550252346822619,3.087344083559513,-3.6785704393208025
1781099348047055400,111.48705541992187,8.561111594489216,3.0778228064984083,-3.6612516402512787
1781099348072131000,111.51213110351563,8.583504628083109,3.0498750613868233,-3.632093350306153
1781099348097206300,111.53720629882812,8.609023100221156,3.03656491343677,-3.582505143533647
1781099348122282200,111.5622822265625,8.630263456648589,3.0283196476608514,-3.5381069066196678
1781099348147357200,111.58735717773438,8.638892753306031,3.0031267542153595,-3.5385216249004006
1781099348172433200,111.61243310546875,8.655135447576642,2.982551291437447,-3.5161598632276054
1781099348197508400,111.63750830078125,8.663820858335495,2.978616582337022,-3.498066280393302
1781099348222584300,111.66258422851563,8.660930982112884,2.978828763782978,-3.5050241367071866
1781099348247659300,111.6876591796875,8.643907366597652,2.9764439144730566,-3.548806579810381
1781099348272735200,111.7127353515625,8.657531987324356,2.9487077662855383,-3.538735267651081
1781099348297810400,111.737810546875,8.666243117046356,2.9473344321057198,-3.5185008733958005
1781099348322886100,111.76288623046875,8.665697758123278,2.9694889807686207,-3.5011744755417107
1781099348347961000,111.78796118164063,8.666628316971659,2.9700176808178425,-3.498421085180342
1781099348373037300,111.81303735351563,8.68156460481882,2.9524896229118105,-3.476156938663125
1781099348398113300,111.83811328125,8.688921981844306,2.9532042009219523,-3.457100063754618
1781099348423188200,111.86318823242188,8.697084245511888,2.9773642441883683,-3.4156206368967887
1781099348448264400,111.88826440429688,8.681955065441132,3.000390314988792,-3.433900974474847
1781099348473339400,111.91333935546875,8.669652633228898,3.026024230200052,-3.4424852629467844
1781099348498415000,111.9384150390625,8.679246391004323,3.061903352832794,-3.3861239087775346
1781099348523490300,111.963490234375,8.684454481041431,3.055590808685124,-3.3784570274114607
1781099348548566300,111.98856616210938,8.691519597122072,3.0519696955785154,-3.363524831217527
1781099348573641200,112.01364111328125,8.67229759477973,3.0967052016228434,-3.3722418061584234
1781099348598717200,112.03871728515625,8.655524154633284,3.1173578212901947,-3.3962282464236018
1781099348623792000,112.06379223632813,8.664070449182391,3.1045871870443222,-3.386117479036748
1781099348648868400,112.08886840820313,8.68361803021729,3.093068306425214,-3.3463498245328664
1781099348673943300,112.113943359375,8.67841344731152,3.11111863463968,-3.343114788134396
1781099348699019300,112.13901928710938,8.65896231238842,3.1512136214017867,-3.355979238143563
1781099348724094200,112.16409423828125,8.637690391778946,3.1707688012212514,-3.3921816013813015
1781099348749170200,112.18917016601563,8.652169583508371,3.137557728753984,-3.3861595646128055
1781099348774246100,112.21424609375,8.66772780264616,3.1173376552850005,-3.3649884740293023
1781099348799321000,112.23932104492188,8.652758781573176,3.139966251200437,-3.382419501301646
1781099348824397300,112.26439721679688,8.6191826751858,3.179709940306842,-3.430676751731336
1781099348849472300,112.28947216796875,8.598744282791017,3.1660432340040803,-3.494020219872892
1781099348874548200,112.31454833984375,8.613967570886015,3.11041983872056,-3.506457384380698
1781099348899623200,112.339623046875,8.620763222375512,3.116815092715621,-3.48400852894634
1781099348924699400,112.36469946289063,8.592420924988389,3.1572450105205174,-3.517454579213261
1781099348949774300,112.3897744140625,8.565302616438268,3.173421069295704,-3.5686633729249237
1781099348974850300,112.41485034179688,8.555692492049932,3.1975627001225946,-3.5701705626174807
1781099348999925200,112.43992529296875,8.535942081919313,3.2413688163623213,-3.5779350591391323
1781099349025001200,112.46500122070313,8.5231509894073,3.277021729023754,-3.575951484106481
1781099349050076200,112.490076171875,8.531347155344486,3.278162423491478,-3.5553050019189714
1781099349075152100,112.51515209960938,8.519787650454044,3.2373218790590763,-3.6198601839378473
1781099349100227000,112.54022705078125,8.520767309141158,3.2420851479381323,-3.6132787597209215
1781099349125303000,112.56530297851563,8.514373808711767,3.2143048683479427,-3.6529528907224535
1781099349150378000,112.5903779296875,8.500349959534406,3.1459801046624776,-3.743962364424765
1781099349175454200,112.6154541015625,8.49901724962592,3.1510099155232307,-3.7427550344616174
1781099349200530200,112.6405302734375,8.487990244176983,3.169307496497035,-3.752324534578621
1781099349225605000,112.66560522460938,8.492879769784212,3.1423060923248527,-3.763944245223701
1781099349250681000,112.69068115234376,8.50088538158536,3.126173288169503,-3.75930197237581
1781099349275756000,112.71575610351563,8.491143739771843,3.169766638441384,-3.744785955767333
1781099349300832000,112.74083203125,8.474282621341944,3.2176345972925424,-3.7421596989169714
1781099349325907000,112.76590698242188,8.477634854379296,3.22002587634325,-3.7324946294710037
1781099349350983200,112.79098315429688,8.486478086048365,3.2161811836138368,-3.7156791037485
1781099349376058000,112.81605810546876,8.48320125633478,3.2485408999487757,-3.694952834323048
1781099349401134000,112.84113403320312,8.475323654827475,3.301463511840999,-3.6660081871286034
1781099349426209000,112.866208984375,8.487757019942999,3.296684753131866,-3.6414641129806635
1781099349451285200,112.89128515625,8.507452485015987,3.2593282514229416,-3.629113165451586
1781099349476360200,112.91636010742188,8.524448043480515,3.2670567998483775,-3.581979366093874
1781099349501436000,112.94143579101562,8.521599083790182,3.2731434262856838,-3.5831887418836352
1781099349526511000,112.96651098632813,8.516149586212634,3.2737901997566223,-3.595538228107989
1781099349551587000,112.99158715820313,8.508671797677874,3.290767053520679,-3.597737783978879
1781099349576662000,113.016662109375,8.511649936705828,3.282367181704938,-3.5983711134463547
1781099349601738000,113.04173803710937,8.548218795168399,3.252589298556745,-3.538222349692881
1781099349626814200,113.06681420898437,8.563197168591618,3.2428169693440196,-3.5108711091697216
1781099349651889200,113.09188916015626,8.530302030205727,3.2826854538738726,-3.553628885400295
1781099349676965000,113.11696508789062,8.482018768551946,3.3409806987151502,-3.614353695476055
1781099349702040300,113.14204028320313,8.472104108259082,3.336805458857119,-3.6413632829546927
1781099349727116000,113.16711596679687,8.51048849171102,3.2679151702433824,-3.6142367910981177
1781099349752191000,113.19219091796874,8.530158237820864,3.2363086103633045,-3.5962642042949793
1781099349777267000,113.21726684570312,8.500878951844573,3.276145822972059,-3.629371231865883
1781099349802342100,113.24234204101562,8.459188512584566,3.324576676402986,-3.682357264383137
1781099349827418000,113.26741821289062,8.44799082674384,3.317851459801197,-3.713980775398016
1781099349852493000,113.2924931640625,8.473712712499498,3.2846316195055842,-3.6848069956228136
1781099349877569300,113.3175693359375,8.494818628892302,3.28521731043905,-3.635350014014542
1781099349902644200,113.34264428710938,8.507968033322692,3.30447409183383,-3.586829728734493
1781099349927720200,113.36772021484374,8.512624919217824,3.294396349933743,-3.5850498595803972
1781099349952795100,113.39279516601563,8.502043319448829,3.2522356628134843,-3.648098728689551
1781099349977871000,113.41787109375,8.509745564389227,3.2236402674481273,-3.655508712685108
1781099350002946000,113.44294604492187,8.525113813912869,3.2037939957275983,-3.6371094249024987
1781099350028022000,113.46802197265625,8.531274090108274,3.158628281572461,-3.662084876205027
1781099350053097500,113.49309741210938,8.535579093825817,3.1336358791351318,-3.673498542883992
1781099350078173700,113.51817358398438,8.541983700171112,3.1458819049850106,-3.6480610270276665
1781099350103249700,113.54324975585938,8.539827983441949,3.17418474714458,-3.628540626260638
1781099350128324600,113.56832470703125,8.541216222929954,3.176660781869292,-3.6230996042504904
1781099350153400600,113.59340063476563,8.54734084329009,3.1649335191965102,-3.618919688217342
1781099350178475500,113.6184755859375,8.541553492060304,3.1829429308786987,-3.6167861833199857
1781099350203551500,113.64355151367188,8.522061440604924,3.238990104532242,-3.6130084183469413
1781099350228626400,113.66862646484375,8.512066116291283,3.280565685240924,-3.5990298696160314
1781099350253702700,113.69370263671875,8.524713416418432,3.2730545789584515,-3.5758632213011383
1781099350278777600,113.71877758789063,8.548971074840425,3.247174872292578,-3.5413697078078985
1781099350303853600,113.743853515625,8.55901725255847,3.2548937761068344,-3.5098879433512686
1781099350328928500,113.76892846679688,8.559042386999726,3.273296571020782,-3.492662083262205
1781099350354004700,113.79400463867188,8.54995131804943,3.2659634516537186,-3.5216809647366403
1781099350379079700,113.81907958984375,8.536756905433535,3.2565883050650357,-3.5621313408076762
1781099350404155400,113.8441552734375,8.521282857447861,3.2655949106022715,-3.5908182138487694
1781099350429230600,113.86923071289063,8.523424545651674,3.271940187975764,-3.5799446453958748
1781099350454306600,113.894306640625,8.531516082170604,3.274484319500625,-3.558287817122042
1781099350479381500,113.91938159179688,8.539792327606678,3.258115368501842,-3.5534508984848854
1781099350504457500,113.94445751953126,8.539187347450852,3.2419536305129526,-3.5696447851777076
1781099350529533700,113.96953369140626,8.530142455729841,3.251042653636634,-3.5829882508754727
1781099350554608600,113.99460864257813,8.506895435655117,3.2860406095206733,-3.6062457923442124
1781099350579684600,114.0196845703125,8.494231184393167,3.2993437432080506,-3.6239115051552653
1781099350604759800,114.044759765625,8.502061439627408,3.2757588694810864,-3.6269486808940767
1781099350629835500,114.06983544921874,8.518325761207938,3.2337495735302566,-3.6264813556432722
1781099350654910500,114.09491040039063,8.527267777076363,3.2027503318935633,-3.6329707176625727
1781099350679986400,114.119986328125,8.528761230504513,3.1885338827535508,-3.641963294674456
1781099350705061600,114.1450615234375,8.516696114179492,3.1903733731403947,-3.668483929592371
1781099350730137600,114.1701376953125,8.509409464302658,3.1791295100703834,-3.6950679851353168
1781099350755212500,114.19521264648438,8.507422674399614,3.1653391773879527,-3.7114372283950448
1781099350780288800,114.22028881835938,8.505968968459964,3.169752317655086,-3.7109985447168348
1781099350805363700,114.24536376953125,8.512414491337537,3.1604975825756787,-3.7041114155516026
1781099350830439700,114.27043969726563,8.516309160688518,3.130061820040643,-3.7209614280655976
1781099350855514600,114.2955146484375,8.517474112814664,3.106146691446006,-3.73830185444504
1781099350880590600,114.32059057617188,8.515026135140657,3.0836496129557487,-3.7624279954418536
1781099350905665500,114.34566552734375,8.504536305308342,3.085249157106876,-3.7847654994562268
1781099350930741500,114.37074145507812,8.487737146198748,3.116953332142532,-3.796484578822553
1781099350955817700,114.39581762695312,8.470963121530414,3.155765001095831,-3.801884099778533
1781099350980892700,114.420892578125,8.470207334727048,3.1652137974426147,-3.795708918274939
1781099351005968600,114.44596875,8.497945821002125,3.1377146728813647,-3.7563393231779334
1781099351031043600,114.47104370117188,8.520809394717215,3.123675918395817,-3.716020464532077
1781099351056119300,114.49611938476562,8.52744371816516,3.140921359968185,-3.686145258489251
1781099351081194200,114.5211943359375,8.518139883247017,3.146367934936285,-3.7029783198684454
1781099351106270200,114.54627026367187,8.506994219854473,3.136075965763628,-3.7371740194588896
1781099351131345200,114.57134521484375,8.497047995379567,3.1282372349619862,-3.7662531066879628
1781099351156421000,114.59642114257812,8.508259125223756,3.1045439324244857,-3.760547588522732
1781099351181496000,114.62149609375,8.537763452127576,3.067612378129363,-3.723808634190261
1781099351206572300,114.646572265625,8.560064131262898,3.0582343089312314,-3.680067107619345
1781099351231647200,114.67164721679687,8.54648393419981,3.085722912098467,-3.688668931747973
1781099351256723200,114.69672314453125,8.514663731569051,3.1354636790841814,-3.7201843062132594
1781099351281798100,114.72179809570312,8.51734902513027,3.148351802229881,-3.7031153902515768
1781099351306874400,114.74687426757812,8.554402452239394,3.1083062075674532,-3.651170683480799
1781099351331949300,114.77194921875,8.574230019259453,3.09796133916378,-3.6132585937157273
1781099351357025000,114.79702490234375,8.565199740585685,3.1385435249209404,-3.5996170218542214
1781099351382100200,114.82210034179687,8.558784028324485,3.1542785619303584,-3.6011227502420544
1781099351407176200,114.84717626953125,8.561929340612888,3.154336721858382,-3.593591185693443
1781099351432252200,114.87225219726562,8.56420371528566,3.159405987946689,-3.583702244363725
1781099351457327000,114.8973271484375,8.581880241751671,3.1275436997398733,-3.5693393724903464
1781099351482403300,114.9224033203125,8.604638601526618,3.1093148000881072,-3.5302637919038533
1781099351507478300,114.94747827148437,8.608758896327018,3.1276395613297816,-3.5039383872970937
1781099351532554200,114.97255419921875,8.597040401482582,3.1123081366851926,-3.5461040428534147
1781099351557629200,114.99762915039062,8.594499484828114,3.0885759634420276,-3.572909047670662
1781099351582705200,115.022705078125,8.600691909727454,3.1103035188645123,-3.538995964413881
1781099351607780000,115.04778002929687,8.590902337118983,3.1374300107210873,-3.5388328828066586
1781099351632856000,115.07285595703125,8.589300747141241,3.124340227523446,-3.554264845216274
1781099351657931300,115.09793115234375,8.60424404925108,3.108287210606038,-3.5321304625585674
1781099351683007200,115.12300732421875,8.61063930324614,3.103423988483846,-3.520804766424
1781099351708082200,115.14808227539062,8.60929724098742,3.110911713890731,-3.517475914262235
1781099351733158100,115.173158203125,8.592892634153365,3.137339117567241,-3.534069321666658
1781099351758233300,115.1982333984375,8.577358380413054,3.1615406618878246,-3.5502073865190145
1781099351783309300,115.22330932617187,8.574855457681418,3.1639164511084554,-3.55414151109755
1781099351808384300,115.24838427734375,8.590452839785813,3.1469176777735353,-3.5314851503923532
1781099351833460000,115.2734599609375,8.612836521029472,3.1125372692659496,-3.507354917742312
1781099351858536200,115.2985361328125,8.622619079375266,3.0943612688452005,-3.4993922683000562
1781099351883611100,115.32361108398437,8.610319569772482,3.1080408346295356,-3.5175118623584507
1781099351908687000,115.34868701171875,8.590593709561228,3.1207290512889623,-3.5543194980129598
1781099351933762300,115.37376220703125,8.579529294711351,3.1177579265236854,-3.5835318562328813
1781099351958838300,115.39883837890625,8.584266260105371,3.1183114687532183,-3.5716759987443685
1781099351983913200,115.42391333007812,8.580557468715309,3.129711399167776,-3.570621228994429
1781099352008989200,115.4489892578125,8.591306826266646,3.1227687404230235,-3.550792200669646
1781099352034064400,115.474064453125,8.604442202171683,3.1314988671064374,-3.51107861444056
1781099352059139800,115.49913989257813,8.573481246718764,3.224981452924013,-3.5021880364984272
1781099352084215000,115.52421508789062,8.531310330465436,3.3234754371628163,-3.513068911474943
1781099352109290800,115.54929077148438,8.522364222943782,3.345544937890768,-3.5138308357581494
1781099352134365700,115.57436572265625,8.553900932458042,3.338247182098031,-3.4434377413660284
1781099352159442000,115.59944189453125,8.577323893621564,3.3436990177631376,-3.3792820800587533
1781099352184516900,115.62451684570313,8.591495042315126,3.326566681176424,-3.3601486327826975
1781099352209592800,115.6495927734375,8.588533269900083,3.338194867388904,-3.356173883932829
1781099352234667800,115.67466772460938,8.575530580464005,3.378292484499514,-3.34929902972728
1781099352259744000,115.69974389648438,8.565458099260926,3.3009698831051586,-3.4506332058280704
1781099352284820000,115.72482006835938,8.582863407570123,3.16315277325958,-3.5354347648009656
1781099352309895000,115.74989501953125,8.646133225953578,3.126613433152437,-3.4116020489051935
1781099352334971000,115.77497094726563,8.644105519518256,3.138312931035459,-3.4059964839830994
1781099352360045800,115.8000458984375,8.618834884661435,3.159940533214807,-3.449763144995272
1781099352385121800,115.82512182617188,8.569508251434565,3.17138664085865,-3.560370468614995
1781099352410196700,115.85019677734375,8.575479142537713,3.139465315940976,-3.5742642616719005
1781099352435273000,115.87527294921875,8.611649941593408,3.131352152112126,-3.493495611476898
1781099352460348000,115.90034790039063,8.599518774294852,3.1775325962677594,-3.4816634271249174
1781099352485423900,115.925423828125,8.586128546845913,3.230482680688798,-3.4659503096863626
1781099352510498800,115.95049877929688,8.557367147263884,3.2427406892374155,-3.5251197070136664
1781099352535575000,115.97557495117188,8.56211171144247,3.193576553095877,-3.5583202580869195
1781099352560650000,116.00064990234375,8.594813373082875,3.1762802581191063,-3.494391099011898
1781099352585725700,116.0257255859375,8.596663384863733,3.1998399974048137,-3.4682562485411763
1781099352610800600,116.05080053710938,8.564849611973761,3.2642896732226014,-3.486856027331948
1781099352635876900,116.075876953125,8.529602942025662,3.30144246905297,-3.5378944329127666
1781099352660951800,116.10095190429688,8.515842712220548,3.251893717508018,-3.6160710207879543
1781099352686027800,116.12602783203126,8.552516200101374,3.1833848294273017,-3.59038859025985
1781099352711102700,116.15110278320313,8.584262168452144,3.1745325376689433,-3.52181189763993
1781099352736179000,116.17617895507813,8.580756206157803,3.19722572325319,-3.509810494200885
1781099352761255000,116.2012548828125,8.560480895370244,3.2237907818347216,-3.534934414063394
1781099352786329900,116.22632983398438,8.524898709857464,3.2294898702591657,-3.614808161245286
1781099352811405800,116.25140576171874,8.515570909541845,3.1799218294918536,-3.6801501097276805
1781099352836480800,116.27648071289063,8.569459151595831,3.108851566490531,-3.615220833699405
1781099352861556700,116.301556640625,8.595459269770979,3.0894232279211282,-3.5698648576691743
1781099352886631700,116.32663159179687,8.583214705225824,3.1315251705914733,-3.562634614154696
1781099352911708000,116.3517080078125,8.533573599222303,3.1508842433169484,-3.663390698106587
1781099352936782800,116.37678295898438,8.50535814308524,3.136079765155911,-3.7408892405897376
1781099352961858800,116.40185888671876,8.526075352421403,3.1651155977651473,-3.6685771608337756
1781099352986934000,116.42693408203125,8.532280052280425,3.216574566845596,-3.6089036133766172
1781099353012010000,116.45201000976563,8.547299926757812,3.211144943012297,-3.5780732985660433
1781099353037085000,116.4770849609375,8.553186646708845,3.1961396815821526,-3.5774347084015607
1781099353062161400,116.50216137695313,8.552778650429845,3.2190871341884133,-3.5577851282969113
1781099353087236400,116.527236328125,8.55168442545235,3.250410493212938,-3.531840247440338
1781099353112312600,116.5523125,8.564484285792707,3.248323750066757,-3.502622628523409
1781099353137387500,116.57738745117187,8.56695973599553,3.25375541972667,-3.491518758445978
1781099353162463500,116.60246337890625,8.545824008986353,3.2889190875664354,-3.510311137199402
1781099353187539500,116.62753955078125,8.515344115048647,3.2948636751845477,-3.578149870933592
1781099353212614700,116.65261474609375,8.524044723376631,3.252712048153579,-3.595953238649666
1781099353237690400,116.6776904296875,8.5712688313663,3.225167915406823,-3.507420384193957
1781099353262765300,116.70276538085938,8.591352418974042,3.2474972361147403,-3.4369796512678263
1781099353287841500,116.72784155273438,8.56805980619192,3.2816862137034533,-3.4625454696789384
1781099353312916500,116.75291650390625,8.526198686540127,3.3103415225625037,-3.5377886344507337
1781099353337992400,116.77799243164063,8.52108178191781,3.293001388444006,-3.566186461417377
1781099353363067400,116.8030673828125,8.554230018281936,3.2468665369957685,-3.528932835561037
1781099353388143600,116.8281435546875,8.576160695061088,3.2360368076846,-3.485379232777655
1781099353413218600,116.85321850585937,8.568089032286405,3.2620901173517107,-3.4809526485070585
1781099353438294500,116.87829443359375,8.562688634547591,3.2579481952413913,-3.498072417873144
1781099353463369700,116.90336962890625,8.57785347045362,3.216837017174065,-3.498969074451923
1781099353488445400,116.92844555664063,8.593549052235483,3.2095231870293617,-3.467030798399448
1781099353513520400,116.95352026367188,8.578370187804103,3.260537627212703,-3.4570018640771507
1781099353538596400,116.97859643554688,8.554170981571078,3.3036449475333094,-3.475980997574329
1781099353563671600,117.00367163085937,8.556115101376175,3.2908801585063334,-3.4832948277190328
1781099353588747500,117.02874755859375,8.577053844508528,3.263949189221859,-3.4570489180892703
1781099353613823500,117.05382348632813,8.57719997498095,3.277004193367064,-3.4443107248082754
1781099353638898700,117.07889868164062,8.56567261879444,3.28623408626616,-3.464153197136521
1781099353663974400,117.10397436523438,8.56684867683649,3.264616128697991,-3.48163946172744
1781099353689049600,117.12904956054687,8.603606335869431,3.1858263773605224,-3.4639439383000132
1781099353714125300,117.15412524414063,8.638789292931556,3.1046687278479337,-3.450029394716024
1781099353739200500,117.17920043945313,8.663578281751274,3.0300463253229855,-3.4542119410976766
1781099353764276500,117.2042763671875,8.66075036484897,2.9008871537074445,-3.5702462582021948
1781099353789351400,117.22935131835938,8.646476340302824,2.792378848193586,-3.6893706502765413
1781099353814427600,117.254427734375,8.644093244558572,2.7332664417505264,-3.738893390597403
1781099353839502600,117.27950268554687,8.649872412481903,2.6595716754645107,-3.7784625999197363
1781099353864578600,117.30457861328125,8.653361423641442,2.599290517503023,-3.812271930541098
1781099353889653500,117.32965356445312,8.636453543460368,2.563130532102287,-3.8745863478958604
1781099353914729500,117.3547294921875,8.616250128865241,2.5327085058316587,-3.9390374850183725
1781099353939804700,117.3798046875,8.633209446972607,2.5409233764693138,-3.896379662030935
1781099353964880400,117.40488037109375,8.626073019221424,2.632087163950503,-3.851413269840181
1781099353989955300,117.42995532226563,8.584720433613658,2.773638199627399,-3.844461258745193
1781099354015031600,117.45503149414063,8.539135909524559,2.9167341266587377,-3.8400758832678195
1781099354040106500,117.4801064453125,8.51565391165018,3.028525983887911,-3.805528009238839
1781099354065181700,117.505181640625,8.510666186365485,3.1140327685207128,-3.7472380250945685
1781099354090258000,117.5302578125,8.530915778189897,3.1958284236758945,-3.6305016972005366
1781099354115332900,117.55533276367187,8.539860716667771,3.320938027639687,-3.49463864403218
1781099354140408800,117.58040893554687,8.503031745964288,3.503416993771493,-3.4051308070644732
1781099354165484000,117.60548413085938,8.43463625513017,3.7001565404459833,-3.366924995049834
1781099354190559700,117.63055981445312,8.352301086270808,3.8852024344563483,-3.363730290661752
1781099354215635000,117.65563500976563,8.305404310539364,4.023490961205959,-3.3169583103537557
1781099354240710700,117.68071069335937,8.299040036204456,4.096435201385617,-3.2427658236786723
1781099354265785900,117.70578588867187,8.314639756396412,4.125432163289189,-3.1651217352449894
1781099354290861800,117.73086181640625,8.324270923572778,4.174365413284302,-3.0743472393423317
1781099354315936800,117.75593676757812,8.28601805754602,4.276867464120686,-3.0365570223912597
1781099354341012700,117.7810126953125,8.239120697292686,4.379771373756229,-3.017432635204494
1781099354366088000,117.806087890625,8.216371689867973,4.416303115078807,-3.026208646856248
1781099354391164000,117.83116381835937,8.225690722355246,4.3954082110881805,-3.0312983712106942
1781099354416238800,117.85623876953125,8.261301549440622,4.353813925679027,-2.994255173234641
1781099354441314800,117.88131469726562,8.301863276931643,4.274949063278735,-2.9957077101305125
1781099354466390000,117.90639013671876,8.359655540686845,4.110012475839257,-3.065029083637893
1781099354491465700,117.9314658203125,8.439681848081946,3.9077512431338426,-3.1099282558113335
1781099354516540700,117.95654077148437,8.512304016700387,3.7630423279479146,-3.09039908721596
1781099354541617000,117.98161694335937,8.574539815860986,3.612572365017235,-3.097892365580797
1781099354566692900,118.00669287109375,8.627586346393823,3.490041963891685,-3.0910850236535072
1781099354591767800,118.03176782226562,8.64182354606092,3.457314291027188,-3.0880802888795733
1781099354616844000,118.05684399414062,8.634818051213026,3.4244054163768887,-3.1438433848947285
1781099354641919000,118.0819189453125,8.654174493589997,3.3509263386681676,-3.169692988683283
1781099354666994700,118.10699462890625,8.69206261795759,3.268325504609942,-3.152220168095827
1781099354692070000,118.13206982421875,8.692268369662761,3.2464804602876303,-3.174148799048364
1781099354717145900,118.15714575195312,8.659875920102,3.250279852570593,-3.257699188916385
1781099354742220800,118.182220703125,8.63701000829935,3.226592979773879,-3.340883375820517
1781099354767296800,118.207296875,8.654386675035953,3.228804518343508,-3.293449716733396
1781099354792371700,118.23237182617187,8.64629747660458,3.28425664871335,-3.2596871478632092
1781099354817448000,118.25744799804687,8.622710849311947,3.349228010317683,-3.2560572669282553
1781099354842523000,118.28252294921874,8.598402922007441,3.3998186721310018,-3.267883898322284
1781099354867598800,118.30759887695312,8.57966198118031,3.4389223097682,-3.276214796555042
1781099354892673800,118.332673828125,8.573091370618343,3.4616777469336983,-3.269446909855306
1781099354917749800,118.35774975585937,8.576806591749191,3.4683673077002166,-3.2525650408983227
1781099354942825700,118.38282568359375,8.578233994203805,3.4661420328661796,-3.2511709561914204
1781099354967900700,118.40790063476562,8.57580179862082,3.452508352050185,-3.2720348805218933
1781099354992977000,118.43297680664062,8.575514213851093,3.430835157163441,-3.295500511783361
1781099355018051800,118.4580517578125,8.580760882332921,3.4150077656954525,-3.298285758587718
1781099355043127800,118.4831279296875,8.589186765372753,3.397237131205201,-3.2947005935773253
1781099355068203800,118.50820385742188,8.602627846226095,3.3723958276763555,-3.2851419071152805
1781099355093279700,118.53327978515625,8.615480313536525,3.3624978262573477,-3.2615085180714725
1781099355118354700,118.55835473632813,8.61914351221919,3.366100526924431,-3.248092863920331
1781099355143430700,118.5834306640625,8.62030028103888,3.35704774415791,-3.2543934253692623
1781099355168505600,118.60850561523438,8.62460586927831,3.337497532774508,-3.263074159952998
1781099355193581800,118.63358178710938,8.630999369707704,3.3165167040660974,-3.267567087458074
1781099355218656800,118.65865673828125,8.634253403067587,3.298298618069291,-3.277391146858036
1781099355243732700,118.68373266601563,8.636696120044588,3.2912501608625053,-3.278040842938423
1781099355268807700,118.7088076171875,8.63395354333818,3.305388576330244,-3.2710312564373014
1781099355293884000,118.7338837890625,8.625647487285732,3.328742856171727,-3.269254894414544
1781099355318958800,118.75895874023438,8.622305775642394,3.342142728231847,-3.264405700817704
1781099355344034600,118.78403466796875,8.626031518167256,3.3482968669474125,-3.248210060559213
1781099355369109800,118.80910986328125,8.631756910076737,3.355067383995652,-3.2259462063029405
1781099355394185700,118.83418579101563,8.633063316500186,3.36320275965631,-3.2139456796467303
1781099355419261700,118.85926171875,8.633751883286237,3.36917014362812,-3.2058418681681156
1781099355444336600,118.88433666992188,8.633127613908052,3.37607159357965,-3.2002599763825534
1781099355469412900,118.90941284179688,8.63350287696123,3.383299499006569,-3.1915964851945637
1781099355494487800,118.93448779296875,8.635209680879116,3.391804000240564,-3.177927440804243
1781099355519563800,118.95956372070313,8.663620367327333,3.366828256677091,-3.126746411882341
1781099355544638700,118.984638671875,8.687335004913807,3.320290669646859,-3.110674982525408
1781099355569714700,119.00971459960938,8.675282748070359,3.377164357252419,-3.0829493557319045
1781099355594789600,119.03478955078126,8.636533038437365,3.446193177554011,-3.115195674820244
1781099355619865600,119.05986547851562,8.57869167484343,3.399016123576462,-3.3201138517752287
1781099355644940800,119.08494091796875,8.640073487523198,3.311592399406433,-3.2485224875092507
1781099355670016800,119.11001684570313,8.679816884368657,3.317470643790066,-3.134578712943196
1781099355695091700,119.135091796875,8.653542625427246,3.3510923428848383,-3.1712349574282763
1781099355720167700,119.16016772460938,8.596772690457104,3.394631917142868,-3.2775539362043142
1781099355745243000,119.18524291992188,8.551605514997243,3.4368662540212274,-3.3508778233513232
1781099355770318800,119.21031884765625,8.547206987777352,3.430257065014541,-3.3688264447569845
1781099355795393800,119.23539379882813,8.561632403492927,3.411118064780533,-3.3515812954455613
1781099355820469800,119.2604697265625,8.565663266444206,3.4093832038119434,-3.3430358776792883
1781099355845544700,119.28554467773438,8.550402568948268,3.4205125005915757,-3.3706223882630466
1781099355870620700,119.31062060546876,8.538772921431065,3.4275206257879733,-3.3929148840919137
1781099355895696600,119.33569653320312,8.539801095435022,3.430432129320502,-3.387379169535637
1781099355920771800,119.36077172851563,8.537129245877265,3.442684000389278,-3.381676866240799
1781099355945847800,119.38584790039063,8.536946875047683,3.4399040142819284,-3.384961294738948
1781099355970922800,119.4109228515625,8.549344584327935,3.4087489975616334,-3.3851956880167124
1781099355995999000,119.4359990234375,8.558427469971775,3.3951623707577583,-3.375882793009281
1781099356021074000,119.46107397460938,8.550376849985122,3.415577674537897,-3.375681132957339
1781099356046149600,119.48614965820312,8.539420571684836,3.4171786799937482,-3.4017008326157927
1781099356071224600,119.511224609375,8.546710144171119,3.3799431743159887,-3.420539973120391
1781099356096300300,119.53630029296875,8.564306006616354,3.3359277992397547,-3.419735963261127
1781099356121375200,119.56137524414062,8.568885151100158,3.314567031303048,-3.429032199394703
1781099356146451200,119.586451171875,8.560903504696489,3.3129528741046785,-3.4504522963032125
1781099356171526400,119.6115263671875,8.553181386011838,3.3151775644168255,-3.46743762563467
1781099356196602400,119.63660229492187,8.552213417762518,3.3086075383767484,-3.476089426384866
1781099356221677300,119.66167724609375,8.557516784867644,3.2970927494108677,-3.4739757952317594
1781099356246753300,119.68675317382812,8.564730954030155,3.2829154632374644,-3.4696208148926493
1781099356271828500,119.71182836914062,8.568423378807307,3.2736230264961717,-3.4692829612404106
1781099356296904400,119.73690454101562,8.567661162263155,3.2681057243794203,-3.4763498308867216
1781099356321980200,119.76198022460937,8.563390645337105,3.2661656962275503,-3.488676228496432
1781099356347055400,119.78705541992187,8.561485688498616,3.265053058810532,-3.494392560316622
1781099356372131300,119.81213134765625,8.56028332697153,3.2679113708510994,-3.4946681623876095
1781099356397206300,119.83720629882812,8.563185478153825,3.2683301807850595,-3.487150334103405
1781099356422282200,119.8622822265625,8.573885735866426,3.2493691674664613,-3.478575397981703
1781099356447357400,119.887357421875,8.587489898326993,3.212198835979402,-3.4795445352748033
1781099356472433400,119.91243334960937,8.596250712409615,3.1740035453587767,-3.4929333014190194
1781099356497508400,119.93750830078125,8.598191325083375,3.1416870836436748,-3.5172774690806863
1781099356522584300,119.96258422851562,8.602809048011899,3.1204835520952936,-3.524857548946142
1781099356547659500,119.98765942382812,8.6098934533149,3.1283786892592906,-3.500483862929046
1781099356572735200,120.0127353515625,8.61709008682072,3.1658243305563927,-3.4487226960316297
1781099356597810200,120.03781005859375,8.619939631032944,3.214080411942303,-3.3965769137308
1781099356622886400,120.06288647460937,8.620297942951321,3.2605697759166357,-3.351047042438388
1781099356647961300,120.08796142578124,8.624871242216228,3.286151668679714,-3.3140961989209052
1781099356673037300,120.11303735351562,8.636121535027026,3.284976487420499,-3.285834565554559
1781099356698112300,120.1381123046875,8.648353240090609,3.2855726997479793,-3.252900264202058
1781099356723188500,120.1631884765625,8.648210032227635,3.304968012830615,-3.2335870764449237
1781099356748263400,120.18826342773437,8.636406197187304,3.3283465503305196,-3.241136176650226
1781099356773339400,120.21333935546875,8.632263106033205,3.3334178622454402,-3.24695713788867
1781099356798415400,120.23841528320312,8.639999253243207,3.3249387877136467,-3.235052472822368
1781099356823490300,120.263490234375,8.652932969096302,3.3117107650890945,-3.2139804586991665
1781099356848566300,120.28856616210938,8.652794437408447,3.316325857669115,-3.209592745134234
1781099356873641200,120.31364111328125,8.644332898533344,3.3378242805108425,-3.210116769008338
1781099356898717400,120.33871752929687,8.639008488640188,3.3458696398004886,-3.21606311019212
1781099356923792400,120.36379248046875,8.647112300118803,3.333794878864288,-3.206806329286098
1781099356948868400,120.38886840820312,8.666893105387688,3.297063523316383,-3.1913539086103437
1781099356973943300,120.413943359375,8.686252470374107,3.2615304376423357,-3.1751915860995648
1781099356999019300,120.43901928710937,8.700089857068658,3.253822347483039,-3.145069711819291
1781099357024094500,120.46409448242187,8.698408772113918,3.283064808580279,-3.119213386029005
1781099357049170200,120.48917016601563,8.68674872945845,3.3292323932543395,-3.1027368830025193
1781099357074246000,120.51424584960938,8.680582608044148,3.334627530296147,-3.1141859132558105
1781099357099321900,120.53932177734374,8.69014480163753,3.2726427832871674,-3.153034699349105
1781099357124396800,120.56439672851562,8.715682562997937,3.210387987165153,-3.146540953415632
1781099357149473000,120.58947314453125,8.73796453743279,3.187748577594757,-3.1075147649288177
1781099357174548000,120.6145478515625,8.738548474800586,3.191547093094885,-3.1019661908909675
1781099357199624000,120.6396240234375,8.724280879995227,3.2011946268841625,-3.132040426637232
1781099357224699600,120.66469970703125,8.707014103373885,3.2097114030778404,-3.171134711924195
1781099357249774800,120.68977490234376,8.712220439845323,3.19467077807337,-3.172011494758725
1781099357274850800,120.71485083007812,8.734501829758287,3.175219350889325,-3.1299881702825427
1781099357299925800,120.73992578125,8.748641414269805,3.1778289488658307,-3.087565617355704
1781099357325001700,120.76500170898437,8.740737509277462,3.2027097076222297,-3.084238811020553
1781099357350077000,120.79007690429688,8.722907253554462,3.233428086490929,-3.102611210796237
1781099357375153000,120.81515283203125,8.708882235333324,3.263329303757846,-3.1106951485306022
1781099357400227800,120.84022778320312,8.704418826183677,3.2830326598763464,-3.102448713710904
1781099357425304000,120.86530395507812,8.70776813661158,3.299454510106146,-3.0755130682513117
1781099357450379000,120.89037890625,8.715423619800806,3.2958295976072547,-3.057667322698235
1781099357475454700,120.91545483398437,8.726141997691988,3.272906402659416,-3.0517078297719356
1781099357500529700,120.94052978515624,8.731273515361547,3.262328017760813,-3.0483526741251348
1781099357525606000,120.96560595703124,8.728218219444155,3.268769448985159,-3.050200640079379
1781099357550680800,120.99068090820313,8.726320276868343,3.2708389487355944,-3.05341638725549
1781099357575756800,121.0157568359375,8.731402110177278,3.252556857591867,-3.058408788715303
1781099357600831700,121.04083178710937,8.74093098602295,3.221960351537168,-3.063576254481077
1781099357625908000,121.06590795898437,8.747932389217615,3.194882374997437,-3.071937547852099
1781099357650984000,121.09098388671875,8.752746511501073,3.1625980619862673,-3.091558778645098
1781099357676059000,121.11605883789062,8.76079245531261,3.1211253571301696,-3.1108716741412876
1781099357701134800,121.141134765625,8.770164679291844,3.087807024896145,-3.117691583289206
1781099357726209800,121.16620971679687,8.782012937995791,3.063192515860498,-3.1086192190393804
1781099357751285800,121.19128564453125,8.791344829964638,3.041690293626487,-3.103345078028738
1781099357776360700,121.21636059570312,8.801778545695543,3.035780192799866,-3.079462390398979
1781099357801437000,121.24143701171874,8.808677073037623,3.0384052806064483,-3.0570643883690236
1781099357826512000,121.26651196289062,8.818474828952551,3.027693332456052,-3.0394062743425367
1781099357851587800,121.291587890625,8.826841090759634,3.0295670173734424,-3.013142536795139
1781099357876662800,121.31666284179687,8.830550466671585,3.0481986526072022,-2.9833254906803366
1781099357901739000,121.34173901367187,8.837259024399518,3.049223611740768,-2.9623356018826366
1781099357926814000,121.36681396484374,8.851160123980044,3.045929830892384,-2.923980152264237
1781099357951889700,121.3918896484375,8.859917430931329,3.0471520661637186,-2.8960525731578466
1781099357976964900,121.41696484375,8.86232156946361,3.048599926884472,-2.8871628719985485
1781099358002040800,121.44204077148437,8.868023580497503,3.059854019087553,-2.85759950838387
1781099358027115800,121.46711572265625,8.877494588676095,3.0710245246604084,-2.8159116994723674
1781099358052191700,121.49219165039062,8.885549884837864,3.0621915221244094,-2.800069694957137
1781099358077267000,121.51726684570312,8.90066562090516,3.025793051792681,-2.7916125399962066
1781099358102343000,121.54234301757812,8.91707607295811,2.999104659092426,-2.76793881894201
1781099358127419000,121.5674189453125,8.930085192134976,2.9898177753090858,-2.7358602576360105
1781099358152493800,121.59249389648437,8.93701353009343,2.9781723457008598,-2.7259239700332283
1781099358177569800,121.61756982421875,8.9428131562829,2.970294159671664,-2.71548587038815
1781099358202644700,121.64264477539062,8.944370322597026,2.978327536262572,-2.7015198888778684
1781099358227720700,121.667720703125,8.940330107295512,2.984941401444375,-2.7075793350473045
1781099358252796000,121.6927958984375,8.938245702236891,2.989626928912103,-2.7092951990544796
1781099358277871900,121.71787182617187,8.937022882443665,3.001620733566582,-2.700056538327038
1781099358302946800,121.74294677734375,8.935124939867853,3.0059444419845938,-2.7015157972246406
1781099358328022800,121.76802270507812,8.935763237771392,2.9941704175606367,-2.712474413612485
1781099358353098000,121.79309790039062,8.935432982903718,2.983934854750335,-2.724803441570699
1781099358378174000,121.81817407226562,8.93453398823738,2.974548309984803,-2.7379788572251793
1781099358403249000,121.84324877929687,8.931445959094166,2.9597055456399914,-2.7640271984562275
1781099358428324900,121.86832495117187,8.932171935281158,2.947201453375816,-2.775009195719659
1781099358453399800,121.89339990234375,8.929954259231685,2.9431404875472187,-2.786428707617521
1781099358478475800,121.91847583007812,8.927045678308605,2.9400185561344028,-2.7990236930355428
1781099358503550700,121.94355078125,8.925243012800813,2.930835132725537,-2.8143673926398156
1781099358528627000,121.968626953125,8.924172753220796,2.9232199815467,-2.8256510031983253
1781099358553703000,121.99370288085937,8.920108572521805,2.9233666965410112,-2.838303856283426
1781099358578777900,122.01877783203125,8.903618625491857,2.9370851330310104,-2.8756743865177032
1781099358603853800,122.04385375976562,8.887346120604873,2.9535306563973425,-2.9089722604855894
1781099358628929000,122.06892895507812,8.875386802741884,2.9678032196387645,-2.930877218301594
1781099358654004700,122.09400463867188,8.859223603448271,2.989590396293998,-2.9575039439424873
1781099358679079700,122.11907958984375,8.84288621663153,3.024965368796885,-2.970402296221256
1781099358704156000,122.14415600585937,8.831540062230825,3.0512630086138843,-2.9772663367718457
1781099358729230800,122.16923095703125,8.820794211810826,3.0620068132072684,-2.9980171561166644
1781099358754306800,122.19430688476562,8.807964540854096,3.0691388570442792,-3.0282915906101464
1781099358779381800,122.2193818359375,8.789526966887712,3.081403295333683,-3.0691236594751476
1781099358804458000,122.2444580078125,8.780384460011124,3.088121205411851,-3.0884841935053466
1781099358829533000,122.26953295898437,8.774166900670528,3.0894910324603315,-3.1047453002154826
1781099358854609000,122.29460888671875,8.763835476270318,3.0981849187865853,-3.125184861654043
1781099358879683800,122.31968383789062,8.749629256263376,3.107124012045562,-3.1559716295838354
1781099358904759800,122.344759765625,8.739970032036304,3.1108906711027022,-3.1789477237626906
1781099358929834800,122.36983471679687,8.723367272281646,3.125919021147489,-3.2096538276717066
1781099358954910700,122.39491064453125,8.697642463916539,3.1616669186159965,-3.2442589848458767
1781099358979987000,122.41998706054687,8.677478796809911,3.1930925689712164,-3.2674016677632927
1781099359005062000,122.44506176757812,8.666656374022365,3.205382433962822,-3.284047974398732
1781099359030137900,122.47013793945312,8.65250743716061,3.2194542139351365,-3.3075062991365787
1781099359055212800,122.495212890625,8.627837106284499,3.2447552439302205,-3.3469998128741976
1781099359080287700,122.52028784179687,8.603375449723005,3.2660438234135505,-3.388989527341723
1781099359105362700,122.54536279296875,8.586540634778142,3.275713569034636,-3.4221994307652115
1781099359130439000,122.57043896484375,8.56601047244668,3.2906253069624305,-3.459140045149624
1781099359155513900,122.59551391601562,8.542387604796886,3.315916984607279,-3.4932314075827597
1781099359180589600,122.62058959960937,8.526031513279676,3.332546924629807,-3.517283606560528
1781099359205664500,122.64566455078125,8.524110774350167,3.3278803941234942,-3.526351879157126
1781099359230740700,122.67074072265625,8.523419284954667,3.3260566858276723,-3.5297374299421906
1781099359255815700,122.69581567382812,8.512820149528979,3.3353818557947874,-3.5464813517332074
1781099359280891600,122.7208916015625,8.49454273456037,3.3533488896399732,-3.5732626834139225
1781099359305967900,122.7459677734375,8.480768476229905,3.3732945300817487,-3.5871754734322425
1781099359331042800,122.77104272460937,8.465292674678564,3.4038685320436954,-3.5948338792309165
1781099359356118800,122.79611889648437,8.44187614325583,3.4513547981008887,-3.604619944708049
1781099359381193700,122.82119384765625,8.41910258591175,3.500684938459098,-3.6103017897367473
1781099359406269700,122.84626977539062,8.398845979824662,3.538047577647865,-3.62104910146147
1781099359431344600,122.8713447265625,8.37659907670319,3.5624592575877903,-3.64853858141154
1781099359456420600,122.89642065429688,8.354028932976723,3.5745001162543892,-3.688302436523139
1781099359481495800,122.92149584960937,8.330380346363782,3.5812975213095544,-3.734903444178402
1781099359506571800,122.94657177734375,8.306143146207928,3.5940675710335372,-3.776383455558121
1781099359531646700,122.97164672851562,8.272825398495792,3.620521570456028,-3.8239509701579806
1781099359556722700,122.99672265625,8.237856960967182,3.642413961051404,-3.8782545150145884
1781099359581798000,123.0217978515625,8.201963809809088,3.6660382900059223,-3.931708165043592
1781099359606873900,123.04687377929687,8.166141970321535,3.6915830656290054,-3.9820498205319046
1781099359631948800,123.07194873046875,8.131528337579965,3.7005788575112817,-4.044048303805291
1781099359657024800,123.09702465820313,8.103051600158214,3.6935765775337814,-4.1071258144870395
1781099359682100700,123.12210083007812,8.072412131744622,3.681430504927039,-4.177749795025587
1781099359707175700,123.14717578125,8.03590230999291,3.675084935292601,-4.253044982245564
1781099359732251600,123.17225170898438,7.995401957300305,3.6731133429586884,-4.330376935990154
1781099359757326800,123.19732690429687,7.947747641199827,3.685141342143714,-4.407197140820324
1781099359782402800,123.22240283203125,7.902892600429057,3.7030619064986703,-4.472357887516916
1781099359807477800,123.24747778320312,7.855784812295436,3.7430703840211033,-4.521778044246137
1781099359832554000,123.27255395507812,7.827435500645637,3.788433082053065,-4.5331493330881
1781099359857629000,123.29762890625,7.81734022308886,3.839491361378133,-4.50754259814471
1781099359882704600,123.32270458984375,7.813897973680496,3.8815278375968334,-4.477397635249793
1781099359907779600,123.34777954101563,7.785456307572126,3.9388480999261137,-4.4768838405087585
1781099359932855800,123.37285571289063,7.733033461895585,3.999760541528463,-4.51359444552958
1781099359957930800,123.3979306640625,7.68790778748989,4.041080393910407,-4.553696738815307
1781099359983006700,123.4230068359375,7.66239574509263,4.043603190386295,-4.59427483291924
1781099360008083000,123.4480830078125,7.639595884263515,4.031462086215615,-4.642660678164661
1781099360033158000,123.47315795898437,7.623243299877643,4.021249612019956,-4.678261276116967
1781099360058233900,123.49823388671875,7.617637734955549,4.007800640121102,-4.698887300038337
1781099360083309000,123.52330908203125,7.624750781831144,3.995555491054058,-4.69777232453376
1781099360108385000,123.54838500976562,7.620211384835839,4.00024131078273,-4.701148815229534
1781099360133460000,123.5734599609375,7.598902054825425,4.006175377006828,-4.730502627746761
1781099360158536200,123.5985361328125,7.57274470026195,3.999644806194305,-4.777737841652334
1781099360183611100,123.62361108398437,7.557934669142961,3.983041169656813,-4.814914310619235
1781099360208687000,123.64868701171875,7.5523589148372405,3.9730847160488363,-4.8318619382888075
1781099360233762000,123.67376196289062,7.557464713543653,3.9676352184712886,-4.828348669470846
1781099360258838300,123.69883837890625,7.561811218315363,3.966869494795799,-4.822174949271977
1781099360283913200,123.72391333007812,7.565934435725212,3.9604777479320763,-4.820959143741429
1781099360308989000,123.74898901367187,7.555848510518669,3.9656054662093516,-4.832544952116907
1781099360334065200,123.77406518554687,7.543533803346753,3.974837404935062,-4.844188628159463
1781099360359140000,123.79914013671875,7.523122883480787,3.9865176135957237,-4.866283847850561
1781099360384216000,123.82421606445313,7.51159260468483,3.983361487652361,-4.886629301264882
1781099360409291000,123.849291015625,7.508087226912378,3.972600731924176,-4.900759533426165
1781099360434367200,123.8743671875,7.513460152122378,3.959232716307044,-4.9033442892223595
1781099360459442200,123.89944213867187,7.511984818872809,3.9620810914754867,-4.903300450080633
1781099360484518100,123.92451806640625,7.513163799524307,3.9705221720844506,-4.894659755246341
1781099360509593000,123.94959301757812,7.522790875047445,3.971384341871738,-4.879147128815949
1781099360534669000,123.9746689453125,7.548422159910202,3.9576045305833216,-4.850681789571047
1781099360559744000,123.99974389648438,7.578983302390575,3.931847281253338,-4.823896366237103
1781099360584820000,124.02482006835938,7.6086460347265,3.906982012327015,-4.797330723133683
1781099360609895000,124.04989501953125,7.634879961657524,3.8794928246378895,-4.777924596396089
1781099360634971100,124.07497119140625,7.6551383213102815,3.863283448114991,-4.758601764027774
1781099360660046000,124.10004614257812,7.688844191557169,3.842896785907447,-4.720620992940664
1781099360685122000,124.1251220703125,7.727530772826075,3.813353880558908,-4.681235031230748
1781099360710198300,124.1501982421875,7.763358457532525,3.7721523938596246,-4.655267061759531
1781099360735273200,124.17527319335937,7.788107114341854,3.736047353516519,-4.643029803737997
1781099360760349000,124.20034887695313,7.815678427356481,3.7008553363651036,-4.624846496793627
1781099360785424000,124.225423828125,7.853107702040671,3.660124097526073,-4.593756654264032
1781099360810500000,124.2505,7.898666507166624,3.6163831554770467,-4.550077671535313
1781099360835575000,124.27557495117188,7.941626527971029,3.571213641929626,-4.510805107071995
1781099360860651000,124.30065112304688,7.980204972690343,3.5247727932721373,-4.479144771178066
1781099360885726000,124.32572583007813,8.024610516127943,3.4740947454363105,-4.439219003503024
1781099360910802200,124.35080224609375,8.071948605886101,3.4322172591716047,-4.3856493258789175
1781099360935877000,124.37587719726562,8.12383602951169,3.3884032518863676,-4.323469933080673
1781099360960953000,124.400953125,8.179342812678218,3.3375092232123014,-4.257905574019253
1781099360986028300,124.4260283203125,8.230863741078972,3.27929639595747,-4.20350762887746
1781099361011104000,124.45110400390625,8.276401503416896,3.22195567536205,-4.158188769987225
1781099361036180000,124.47617993164063,8.319151096341013,3.176125067557394,-4.1078345472782845
1781099361061255000,124.5012548828125,8.363696925032139,3.1313150349721313,-4.051405096308887
1781099361086331600,124.52633154296875,8.407976796263457,3.08445888351202,-3.9953073615118857
1781099361111406600,124.55140649414062,8.447150868788361,3.0422374061152335,-3.94472955918014
1781099361136482600,124.57648266601562,8.481142570239305,3.007308423814177,-3.898296601568162
1781099361161557800,124.60155786132813,8.51313520682752,2.979058480885625,-3.8499569335520265
1781099361186633500,124.62663354492187,8.550758542779088,2.9500208947107196,-3.788440388576686
1781099361211708700,124.65170874023437,8.589053494381904,2.913016567440331,-3.729989660912752
1781099361236784600,124.67678466796875,8.623634393897651,2.8768942837014793,-3.67788537966609
1781099361261859600,124.70185961914062,8.657441970953345,2.849770129932463,-3.61910001322031
1781099361286935600,124.726935546875,8.690371011608839,2.8269506876200436,-3.5575478124096986
1781099361312010500,124.75201049804687,8.727537251442671,2.79674434992671,-3.489802894438803
1781099361337086700,124.77708666992187,8.761965590745211,2.76683874874562,-3.426799033515155
1781099361362162700,124.80216259765625,8.789763698253035,2.7422292081460355,-3.3750010417386886
1781099361387237600,124.82723754882812,8.808242188751697,2.7199571705833074,-3.3447081948056816
1781099361412313600,124.85231372070312,8.828352664366363,2.694916545090079,-3.311791429109871
1781099361437388500,124.87738842773437,8.847701507958769,2.6739307479456067,-3.276979351186752
1781099361462464500,124.90246459960937,8.862422107228637,2.6574747031852604,-3.250485312014818
1781099361487539500,124.92753955078125,8.871606699681282,2.6449191729947925,-3.2356425476700066
1781099361512615700,124.95261572265625,8.879488392841816,2.636544727881253,-3.220822579678893
1781099361537690600,124.97769067382812,8.891831741586326,2.62416630782336,-3.1967817788779733
1781099361562766600,125.0027666015625,8.906508501714468,2.6131466088980435,-3.1648040475979444
1781099361587841500,125.02784155273437,8.911039715403318,2.614098795056343,-3.1512226814910766
1781099361612917800,125.05291772460937,8.905410185083747,2.6312036591142416,-3.15291311879605
1781099361637992700,125.07799267578125,8.903733191782235,2.6392382047489282,-3.150933050894737
1781099361663068400,125.103068359375,8.900887154701351,2.6449194652557373,-3.15421046513021
1781099361688143600,125.1281435546875,8.895553976979851,2.6573846868142486,-3.158763013868034
1781099361713219600,125.15321948242187,8.887264872062206,2.6783397965595124,-3.1643978048846124
1781099361738295600,125.17829565429687,8.877098867356777,2.69391730491966,-3.1796707773402333
1781099361763370500,125.20337060546875,8.866996575537323,2.7064959237247703,-3.197125185488164
1781099361788446700,125.22844677734375,8.853925497040152,2.7279054992392657,-3.215115015687048
1781099361813521700,125.25352172851562,8.837875110471249,2.7548148412138223,-3.236249281391501
1781099361838597600,125.27859765625,8.821662226817011,2.779250486551225,-3.259510329991579
1781099361863672600,125.30367260742187,8.806684437915683,2.80165871771425,-3.2807606232911346
1781099361888748500,125.32874853515625,8.792670525610447,2.8294790370538827,-3.29444924916476
1781099361913823500,125.35382348632812,8.779858974832296,2.8625945401921866,-3.3000095136404037
1781099361938899500,125.3788994140625,8.774056426033377,2.8857708331182597,-3.2952503364145755
1781099361963974400,125.40397436523438,8.766679759785532,2.909593607254326,-3.2939263943344352
1781099361989050600,125.42905053710938,8.754013170436025,2.9363652943238616,-3.3038471921071406
1781099362014125600,125.45412548828125,8.741687941870094,2.957316020154953,-3.31777079578042
1781099362039201500,125.47920141601563,8.724095586556196,2.9797733511567115,-3.3438796350270508
1781099362064277800,125.50427783203125,8.707107626876235,2.9990947222203013,-3.3707676419526336
1781099362089352700,125.52935278320312,8.695186302936076,3.0013904319420455,-3.399377942626178
1781099362114428400,125.55442846679688,8.691164792335034,2.9896178688228128,-3.419976494018733
1781099362139503400,125.57950341796875,8.683771174952387,2.9817914129808543,-3.4454937971130013
1781099362164579600,125.60457958984375,8.66804344446659,2.9795220067441464,-3.48681569532156
1781099362189654500,125.62965454101563,8.649073371058702,2.963331919443607,-3.5471973910480736
1781099362214730500,125.65473046875,8.62882202566862,2.9585984611809253,-3.6000650578826665
1781099362239805700,125.6798056640625,8.60633079239726,2.9652368762820958,-3.6481262012183664
1781099362264881700,125.70488159179688,8.57790841551125,2.9737156585529445,-3.7076793371662498
1781099362289956600,125.72995654296875,8.560379773083328,2.9629525647372006,-3.7564939292177555
1781099362315032600,125.75503247070313,8.54398451859951,2.971286385579407,-3.7871009566664693
1781099362340107800,125.78010766601562,8.509857792592047,3.014069003990292,-3.829901695255935
1781099362365183500,125.80518359375,8.462640114343166,3.0625024877697227,-3.8955323975518343
1781099362390259500,125.83025952148438,8.41878752861321,3.089800244539976,-3.9683173555165525
1781099362415334700,125.85533471679688,8.39513777295649,3.1032813651427626,-4.0077088701844215
1781099362440410600,125.88041064453125,8.379104337522387,3.131453566659987,-4.019327411785722
1781099362465485600,125.90548559570313,8.354084462556242,3.180649559244513,-4.032759432549774
1781099362490561500,125.9305615234375,8.322986728981137,3.2285780161112547,-4.058886391974985
1781099362515636700,125.95563671875,8.295806461110711,3.2688442677870393,-4.082235118858516
1781099362540712700,125.98071264648438,8.273135779619217,3.309863675917685,-4.095169419233501
1781099362565787600,126.00578759765625,8.249557335633039,3.3605607207149264,-4.101437831978499
1781099362590863400,126.03086328125,8.216150156071782,3.426922075372934,-4.113571045103669
1781099362615938600,126.0559384765625,8.180671430933476,3.4930560510158535,-4.128624237328768
1781099362641014500,126.0810146484375,8.145832172742486,3.5471921303510663,-4.151290242645144
1781099362666089500,126.10608935546875,8.113346199679373,3.5867522795841094,-4.180816489119827
1781099362691165700,126.13116577148438,8.090217837548256,3.612216391186416,-4.203651713523269
1781099362716240600,126.15624072265625,8.088267872524261,3.6207699922591448,-4.200037030157446
1781099362741316600,126.18131665039063,8.099964740058779,3.6207197233766317,-4.177484714348614
1781099362766392600,126.206392578125,8.103140447485446,3.6275323260009285,-4.1654003088012335
1781099362791467800,126.2314677734375,8.089604674085974,3.6383605940073727,-4.182223725569248
1781099362816543500,126.25654345703126,8.080444631552696,3.6296608624622224,-4.207414573188126
1781099362841618400,126.28161840820313,8.084139394417404,3.599038345183432,-4.226579584646225
1781099362866694700,126.30669458007813,8.097299904763698,3.5756554237693545,-4.2212361777916545
1781099362891769600,126.33176953125,8.09226249511838,3.5866137478962536,-4.221591567100584
1781099362916845600,126.35684545898438,8.064760740208625,3.615191607604921,-4.249757338877022
1781099362941920500,126.38192041015625,8.045291485106944,3.618035014337301,-4.284104137375951
1781099362966996700,126.40699682617188,8.043889801615476,3.5987417003244158,-4.302939186227321
1781099362992071700,126.43207177734375,8.055325387865304,3.585380406709015,-4.2926828728899356
1781099363017147600,126.45714770507813,8.055422418498992,3.591373217383027,-4.287494948858022
1781099363042222600,126.48222265625,8.056441240152717,3.5835222116217014,-4.292141021098196
1781099363067298000,126.50729809570312,8.05251676018536,3.5822730883434413,-4.3005444000452755
1781099363092374000,126.5323740234375,8.050425925385952,3.600810323292017,-4.288964729149639
1781099363117449000,126.55744897460937,8.051756297206879,3.6175960383981463,-4.272301179118454
1781099363142525200,126.58252514648437,8.059341637769341,3.6199604294419285,-4.255974313695728
1781099363167600000,126.60760009765625,8.068827843517065,3.631768648396432,-4.227850042973459
1781099363192676000,126.63267602539062,8.092866306230425,3.6426094836235046,-4.172208235250413
1781099363217751000,126.6577509765625,8.12538325895369,3.605404080823064,-4.141207532308996
1781099363242827300,126.6828271484375,8.135035468918085,3.6182913271859287,-4.110907378852367
1781099363267902200,126.70790209960937,8.133052186146378,3.670384502516687,-4.068433680260181
1781099363292978200,126.73297827148437,8.098516879338026,3.6968797107324,-4.113087353239953
1781099363318053000,126.75805322265624,8.103212928199767,3.63859820215553,-4.155592616014182
1781099363343129000,126.78312915039062,8.13215377600193,3.5650954513102766,-4.162763530556857
1781099363368205000,126.808205078125,8.160870751920342,3.518568677935004,-4.146112840007246
1781099363393280000,126.83328002929687,8.164263901489972,3.502072593425214,-4.15339656727463
1781099363418356200,126.85835620117187,8.151954455015062,3.5056548358261583,-4.174497807492315
1781099363443431200,126.88343115234375,8.146850994396209,3.5305727117225527,-4.163446544384956
1781099363468507100,126.90850708007812,8.151804232889413,3.5434929835721847,-4.142720274959505
1781099363493582000,126.93358203125,8.170435868123173,3.5026743587106464,-4.140731146968901
1781099363518658000,126.95865795898438,8.207912489080428,3.4351886761978268,-4.123115118518472
1781099363543733000,126.98373291015625,8.235818148615955,3.3998902760624885,-4.0966354001328344
1781099363568809000,127.00880908203125,8.247230938512086,3.395698085069656,-4.077103601188957
1781099363593884200,127.03388427734374,8.258707441294193,3.384359237192571,-4.063279950758814
1781099363618960100,127.05896020507812,8.282798510977626,3.3622184247940776,-4.032504288744926
1781099363644035000,127.08403515625,8.311924652218819,3.3244039501845837,-4.003828521619737
1781099363669111000,127.10911108398437,8.349431668314336,3.2728774688258766,-3.968087638413906
1781099363694186200,127.13418627929687,8.394306582829355,3.210063577516377,-3.924470907266438
1781099363719262200,127.15926220703125,8.436726505407691,3.1510920408487317,-3.8810613891288637
1781099363744338000,127.184337890625,8.475265202638507,3.1084117137685414,-3.8311967035025356
1781099363769413000,127.2094130859375,8.51942057070732,3.054490446227789,-3.7762259269088503
1781099363794489000,127.23448901367188,8.566955059820414,2.987050940944254,-3.722259358921647
1781099363819564000,127.25956396484375,8.613331026548147,2.924306900000572,-3.6646053345933556
1781099363844640000,127.28463989257813,8.653174961158633,2.8791043609663842,-3.6060602066442367
1781099363869715200,127.30971508789062,8.683481252095103,2.8411943170279264,-3.5630297509521243
1781099363894791200,127.33479125976562,8.714999256908893,2.801595297089219,-3.517141567741334
1781099363919866000,127.3598662109375,8.756606109538675,2.7643095225289462,-3.442506013473868
1781099363944942300,127.3849423828125,8.800075248908996,2.729346930219233,-3.3585368136718867
1781099363970017300,127.41001733398437,8.841264168387651,2.6896158083334565,-3.281528100532293
1781099363995093000,127.43509301757813,8.86800955197215,2.6592776609539985,-3.233737883092463
1781099364020168200,127.46016821289062,8.880684324628113,2.649211317230761,-3.207099759274721
1781099364045244200,127.485244140625,8.89013078288734,2.6399106971830126,-3.188543235103786
1781099364070319900,127.51031982421875,8.90243613770902,2.6308348258018492,-3.1616078819051383
1781099364095394800,127.53539477539063,8.91879222922623,2.610732241232693,-3.1320363349840044
1781099364120471000,127.56047094726563,8.93780088107884,2.5829241968527437,-3.100748047272861
1781099364145546000,127.5855458984375,8.954456247803568,2.5470652402251956,-3.0823017054781316
1781099364170622000,127.6106220703125,8.965858516305685,2.53328367537111,-3.0604326957583425
1781099364195697200,127.635697265625,8.965727583402394,2.5444787308633328,-3.0515093845903873
1781099364220772900,127.66077294921875,8.96255012241006,2.563327515979111,-3.0450659075394273
1781099364245848000,127.68584814453125,8.962824263176321,2.5707249327540396,-3.0380262181609865
1781099364270923800,127.710923828125,8.972522065848112,2.567469730350375,-3.012029022595286
1781099364295999000,127.7359990234375,8.99186272613406,2.544446289898455,-2.9736478540137408
1781099364321075000,127.76107495117188,9.016944560420512,2.5037068677529692,-2.9319863485872744
1781099364346150000,127.78614990234375,9.026798430436848,2.4852573110878464,-2.91732624733299
1781099364371226000,127.81122607421875,9.0276173456043,2.483058047477901,-2.916660769161582
1781099364396302000,127.83630200195313,9.022522068291902,2.4582111909911033,-2.9532495013684033
1781099364421377000,127.861376953125,9.015133711606264,2.4303603303827344,-2.998522475290298
1781099364446452700,127.88645263671874,9.02066095059514,2.395364712586254,-3.0100305422544475
1781099364471528000,127.91152783203125,9.034021951949596,2.3623574921280146,-2.9960093234255907
1781099364496604000,127.93660400390625,9.052080755731463,2.330806754088402,-2.9660744961500165
1781099364521678800,127.96167895507813,9.065822280836105,2.3169116458572447,-2.9348133887067434
1781099364546755000,127.98675512695313,9.07174407210052,2.3333818652734157,-2.9032983065024016
1781099364571830000,128.011830078125,9.069891137710213,2.35598255026862,-2.8908202254623174
1781099364596906000,128.03690600585938,9.067478231349586,2.371064968588203,-2.8860490655377506
1781099364621981000,128.06198095703124,9.074481972631812,2.372677518351376,-2.862619966894388
1781099364647057200,128.08705712890625,9.090644587403535,2.36815200375095,-2.814681865416467
1781099364672132000,128.1121320800781,9.115614193487167,2.3585452403634783,-2.741023339487612
1781099364697207800,128.13720776367188,9.135542298272252,2.3477051357887686,-2.6833763294219968
1781099364722283800,128.16228369140626,9.152801476109028,2.3263348693713546,-2.642875976729393
1781099364747359000,128.18735888671876,9.171340756884216,2.291446072950214,-2.608858556315303
1781099364772435000,128.21243505859374,9.188836081564427,2.2600223222911358,-2.5744857465922832
1781099364797510000,128.23751000976563,9.213103676858545,2.2135947715066373,-2.5276602825313805
1781099364822586000,128.26258618164061,9.231693811038136,2.16016684044078,-2.5059718900755046
1781099364847661000,128.2876611328125,9.246969121581316,2.115232450823486,-2.487928868384659
1781099364872737000,128.31273706054688,9.255250627714394,2.085708542436361,-2.4820538388714195
1781099364897812000,128.33781201171874,9.265594911596178,2.056115660466254,-2.468087857361138
1781099364922888000,128.36288793945312,9.282470643073319,2.010703716465086,-2.441961774718761
1781099364947963000,128.387962890625,9.299353388813138,1.9771597587816416,-2.4048453653760253
1781099364973038800,128.41303881835938,9.313604617005586,1.97094307622388,-2.3542747234374284
1781099364998113800,128.43811376953124,9.321610813328624,1.9683024985872208,-2.324605999752134
1781099365023190000,128.46318994140626,9.325128466060757,1.957719291383028,-2.319418514111638
1781099365048266000,128.48826586914063,9.326281143227218,1.9596717406250534,-2.3131283279262482
1781099365073341700,128.513341796875,9.331075976288318,1.9829852500647305,-2.2735784078262746
1781099365098417400,128.53841748046875,9.339759633481503,1.9790901423223315,-2.2411009103305637
1781099365123492400,128.5634924316406,9.355023838108778,1.939596044062823,-2.211769894167036
1781099365148568600,128.58856860351563,9.363407051050663,1.926325497470796,-2.187762411113828
1781099365173643500,128.6136435546875,9.366616076225041,1.927004127384722,-2.1733616914480924
1781099365198719500,128.63871948242186,9.355545816156267,1.9336657772310077,-2.214745548976958
1781099365223794700,128.6637946777344,9.337443757754563,1.94991943128705,-2.276032669110596
1781099365248870700,128.68887060546874,9.333996247649193,1.943203859296441,-2.2958352478198707
1781099365273945600,128.71394555664062,9.343459657043217,1.9094428978614508,-2.285648200326413
1781099365299021600,128.739021484375,9.358008991399407,1.8852115429244933,-2.2458934053041038
1781099365324096800,128.7640966796875,9.35861981677413,1.9124458790697156,-2.2201640668943523
1781099365349172500,128.78917236328124,9.343536813932657,1.9565289125546812,-2.245146240198612
1781099365374248400,128.81424853515625,9.327816097709537,1.9801082333236932,-2.2894056531637905
1781099365399323600,128.83932373046875,9.325229003825783,1.972459326005727,-2.3064950273916125
1781099365424399600,128.86439965820313,9.331214507976174,1.959433840215951,-2.293354975311458
1781099365449474600,128.889474609375,9.333632090511918,1.9641880490057169,-2.279410767241567
1781099365474550500,128.91455053710936,9.324878290691972,1.9868924866363404,-2.295497540298104
1781099365499625700,128.9396257324219,9.318079716593026,1.9871219114780425,-2.3227505811437963
1781099365524701700,128.96470166015624,9.312745954349637,1.967942871494591,-2.3601630508236586
1781099365549776600,128.98977661132812,9.313992739540337,1.945281250092387,-2.3739846554271877
1781099365574852400,129.01485229492187,9.31042949410081,1.9428778422124682,-2.3898760520420965
1781099365599927600,129.03992749023436,9.302999051839112,1.942463270062208,-2.4189817350171503
1781099365625003500,129.06500341796874,9.292510975572466,1.9317820093110203,-2.467357789520919
1781099365650079500,129.09007958984375,9.285369287124276,1.9159815058499574,-2.5062647355422376
1781099365675154700,129.11515478515625,9.287675810500978,1.8801150965683162,-2.5248072311878205
1781099365700230700,129.14023071289063,9.288649623969198,1.8525208410695193,-2.5415651815041898
1781099365725305600,129.1653056640625,9.28009982228875,1.8650190881147979,-2.5635584021255373
1781099365750381600,129.19038159179686,9.263487710183858,1.898417792108655,-2.598889535486698
1781099365775456800,129.2154567871094,9.246983734628557,1.9200996086932718,-2.641383692345023
1781099365800532500,129.24053247070313,9.243521026954054,1.917036713991314,-2.655693664987385
1781099365825607400,129.265607421875,9.241914176279305,1.9411624165967105,-2.643722948947549
1781099365850683600,129.29068359375,9.238436855557561,1.9704476939223705,-2.6342019641473886
1781099365875758600,129.31575854492186,9.226066618806124,1.998545807290077,-2.656291046358645
1781099365900834600,129.34083447265624,9.205320183375477,2.0220038397669793,-2.7099685682713983
1781099365925910500,129.36591064453125,9.17553060978949,2.076590877740085,-2.769069284276664
1781099365950985700,129.39098583984375,9.15199191329181,2.11687524959445,-2.816080918559432
1781099365976061700,129.41606176757813,9.139521138775349,2.1190841578155757,-2.8546488418847322
1781099366001136600,129.44113671875,9.135038440403342,2.126656638896465,-2.8633538341268894
1781099366026212600,129.46621264648437,9.128008395636082,2.1619462712034583,-2.8593434294417497
1781099366051287600,129.49128759765625,9.111594436451792,2.179157956636697,-2.8983582197517155
1781099366076363300,129.51636328125,9.088467827886342,2.180968805450946,-2.9687630045816302
1781099366101438200,129.54143823242188,9.067302874782682,2.1913757793053983,-3.025280426095426
1781099366126514200,129.56651416015626,9.05376651686132,2.1992907902136443,-3.0598671708300706
1781099366151589000,129.59158911132812,9.041728873065113,2.195878059160709,-3.0976804763957855
1781099366176665300,129.61666528320313,9.019227118399739,2.227550816144794,-3.1403666486948727
1781099366201741300,129.6417412109375,8.991409137147665,2.258823321764916,-3.197295281358063
1781099366226816300,129.66681616210937,8.959839109885692,2.272980441933125,-3.2749437537059185
1781099366251892200,129.69189233398438,8.932899665033817,2.2962251239202915,-3.331818318094313
1781099366276967200,129.71696728515624,8.900681402996183,2.3560312117159365,-3.3759988206043836
1781099366302043100,129.74204321289062,8.854610556694865,2.422140199048072,-3.4495626539871096
1781099366327118000,129.7671181640625,8.82015591390729,2.457606210835278,-3.5121818995073437
1781099366352194300,129.7921943359375,8.80737943444252,2.478528879615664,-3.529499237272143
1781099366377269200,129.81726928710938,8.793241018974781,2.5268337685793636,-3.530502861356735
1781099366402345200,129.84234521484376,8.758088457050919,2.591515499587357,-3.570759176160395
1781099366427420200,129.86742016601562,8.699827406740187,2.658176421713829,-3.6629903006121514
1781099366452496400,129.89249633789063,8.6424764570117,2.702295549425483,-3.7650510374218222
1781099366477571300,129.9175712890625,8.62177210715711,2.7059379975810645,-3.8096284302949903
1781099366502647000,129.94264697265626,8.621674492001533,2.711526319107413,-3.8058810604602096
1781099366527723300,129.96772314453125,8.61436913742423,2.728898017407954,-3.8100034010872244
1781099366552798200,129.99279809570314,8.568795134729147,2.780996161174774,-3.874557121801376
1781099366577874200,130.01787426757812,8.522514445069431,2.8048323793143033,-3.9585409346505998
1781099366602949000,130.04294921875,8.494864221599698,2.7888372300639745,-4.028653458535671
1781099366628025300,130.068025390625,8.475248251503706,2.8089477056786416,-4.055909714251756
1781099366653100300,130.09310034179688,8.439365621739626,2.866470797103643,-4.090339807119966
1781099366678176300,130.11817626953126,8.38400263095796,2.9325451515138146,-4.156805498935282
1781099366703251500,130.14325146484376,8.351874969813228,2.959492195150256,-4.202143939308822
1781099366728327200,130.1683271484375,8.352664658886194,2.955182222996652,-4.203603782728314
1781099366753403100,130.19340307617188,8.356150747436285,2.9568089474156496,-4.19552656699568
1781099366778478000,130.21847802734376,8.34043704547584,2.977413051766157,-4.212183395025134
1781099366803554300,130.24355419921875,8.297313943064212,3.006833499778807,-4.275971684324741
1781099366828629200,130.26862915039064,8.245631102100015,3.0359096643984316,-4.354679310336709
1781099366853705200,130.29370532226562,8.206626540923118,3.0460645631879566,-4.420767108750343
1781099366878780400,130.31878051757812,8.184955976384877,3.0571041358575224,-4.453199013538659
1781099366903856400,130.3438564453125,8.15522193237841,3.09283274410367,-4.482978942513466
1781099366928931300,130.36893139648438,8.119542131710052,3.1386323722481726,-4.515792832356691
1781099366954007000,130.39400708007813,8.083013605257868,3.1849685914874075,-4.54876921928525
1781099366979082200,130.41908227539062,8.05082106218338,3.2240853808671233,-4.578203988084197
1781099367004158200,130.444158203125,8.019762491574882,3.2601267083242536,-4.607103627093136
1781099367029234200,130.46923413085938,7.985107942301035,3.2875396159067747,-4.64763232909739
1781099367054309400,130.49430932617187,7.9349302452027795,3.3268153952404855,-4.705268525508046
1781099367079384800,130.519384765625,7.891831692710518,3.3702120538964864,-4.746688331133127
1781099367104459800,130.54445971679687,7.855867814403772,3.4093191986650226,-4.778316226062178
1781099367129535700,130.56953564453124,7.825614714959263,3.4182132837384938,-4.821408933335542
1781099367154610700,130.59461059570313,7.810634003448486,3.400460184904933,-4.858114862181246
1781099367179687000,130.61968701171875,7.796121493971348,3.3892949400290844,-4.889124917472898
1781099367204761900,130.6447619628906,7.765786561462282,3.398222342850268,-4.931030168527364
1781099367229837600,130.66983764648438,7.708138090091944,3.4336142664879556,-4.996531691485643
1781099367254912500,130.69491259765624,7.64898564389944,3.4525933999851346,-5.073755800941586
1781099367279988700,130.71998876953126,7.623015336340665,3.446585684002936,-5.1167462168842555
1781099367305064700,130.74506469726563,7.626917019954323,3.4333760738179087,-5.119812034195661
1781099367330139600,130.7701396484375,7.632029832923412,3.4433050548970696,-5.105502938336134
1781099367355216000,130.7952158203125,7.625014401203393,3.458002565552294,-5.106052973434329
1781099367380290800,130.82029077148437,7.600966001617908,3.4786735976591703,-5.127821153128147
1781099367405366800,130.84536669921874,7.570726930698752,3.5161876280173656,-5.14693151178956
1781099367430441700,130.87044165039063,7.55215433217585,3.543678861533105,-5.155356225785613
1781099367455517700,130.895517578125,7.570555081263184,3.52712695518285,-5.13969513079524
1781099367480592600,130.92059252929687,7.60909319397211,3.4890041452765463,-5.108710209944844
1781099367505668600,130.94566870117188,7.6226353971123695,3.483969365979731,-5.09193150910139
1781099367530743600,130.97074365234374,7.598572969001531,3.517525890883803,-5.104810864418745
1781099367555819800,130.99581982421876,7.572057302519679,3.5462899208143353,-5.124273105257749
1781099367580895700,131.02089575195313,7.583795086586475,3.526450078834593,-5.120602892312407
1781099367605970700,131.045970703125,7.6235267929941415,3.48355172508955,-5.0908817077875135
1781099367631046700,131.07104663085937,7.661312041509151,3.4498812184169885,-5.056974762010574
1781099367656121900,131.09612182617187,7.67998225518763,3.4340997119173404,-5.039371885302662
1781099367681197600,131.12119750976564,7.675325369292497,3.4298455616042016,-5.049353181090951
1781099367706272500,131.1462724609375,7.677840566983819,3.412380632062256,-5.057347686976194
1781099367731348700,131.1713486328125,7.6836618204832074,3.3802646613553162,-5.070061622598767
1781099367756423700,131.19642358398437,7.716355883339047,3.34520474615097,-5.043596224999427
1781099367781499600,131.22149975585938,7.739288430637121,3.3359456271573897,-5.014509831246733
1781099367806574800,131.24657495117188,7.741831685379147,3.3452228663295505,-5.00438883472681
1781099367831650800,131.27165087890626,7.719275570178032,3.384372096674144,-5.012902980571985
1781099367856726500,131.2967265625,7.723937132248282,3.391296635240316,-5.001025495773553
1781099367881801700,131.3218017578125,7.755988805547356,3.3713682381942864,-4.964771110087633
1781099367906877700,131.34687768554687,7.805525866654515,3.3430618889033794,-4.905927291452884
1781099367931952600,131.37195263671876,7.821554041391611,3.363476608161628,-4.8662870627209545
1781099367957028600,131.39702856445314,7.78891901524663,3.4196666974171994,-4.8794516647204755
1781099367982103800,131.42210375976563,7.775833323702216,3.4432255599200725,-4.883746147044003
1781099368007179800,131.4471796875,7.811675621455907,3.3977824901282787,-4.858310092492402
1781099368032254700,131.47225463867187,7.886951519453525,3.308669497697055,-4.7978214292600745
1781099368057330700,131.49733056640625,7.934282594949007,3.2743963489562273,-4.7429818778306245
1781099368082406400,131.52240649414063,7.934170951268077,3.2869325899243353,-4.734489067034423
1781099368107482400,131.547482421875,7.9073326287031165,3.283783185982704,-4.781345218494534
1781099368132558300,131.57255834960938,7.894065735372901,3.2649761941820383,-4.816019056990743
1781099368157633300,131.59763330078124,7.944311821532249,3.2301220306828617,-4.756531972016393
1781099368182709500,131.62270947265625,7.988169083437323,3.199253137427568,-4.703655245092511
1781099368207784400,131.6477844238281,8.023324567970633,3.1720410131141543,-4.662057452552021
1781099368232860400,131.6728603515625,8.033368407601118,3.180784583801031,-4.638747888635098
1781099368257935400,131.69793530273438,8.038387697067856,3.1703608049422503,-4.637195106235146
1781099368283011300,131.72301123046876,8.048909675604104,3.140996763291955,-4.638920322592556
1781099368308086300,131.74808618164062,8.087444865703583,3.122319827611744,-4.584186277364194
1781099368333162200,131.77316235351563,8.10607942354679,3.1348341490089893,-4.542538215941191
1781099368358237200,131.7982373046875,8.110791254499555,3.1360213129669425,-4.533305692693591
1781099368383313400,131.8233134765625,8.140047744122148,3.123635586385429,-4.489203223855793
1781099368408389400,131.84838940429688,8.190560956785083,3.104943160875141,-4.409579652042686
1781099368433464300,131.87346435546874,8.234441015043855,3.086633597202599,-4.340173230600357
1781099368458540500,131.89854052734376,8.269812772676348,3.0493720803007482,-4.2990544537484645
1781099368483615500,131.92361547851561,8.296127363628148,3.006673048520088,-4.278388390077651
1781099368508691200,131.94869116210938,8.295219601133466,3.000679068802297,-4.284348175264895
1781099368533766100,131.97376611328124,8.289898113849759,2.991146978086233,-4.301275636929273
1781099368558842400,131.99884228515626,8.29867997072041,2.9585552065610883,-4.306883832199872
1781099368583917300,132.02391723632812,8.328937161818146,2.9013650003522633,-4.287335666643083
1781099368608993300,132.0489931640625,8.37066734856665,2.861391301882267,-4.232578532800078
1781099368634068500,132.074068359375,8.38891144578755,2.845018259230256,-4.207426555886864
1781099368659144400,132.09914453125,8.383397650802134,2.8524533776670693,-4.213374650636315
1781099368684220400,132.12422045898438,8.37726952331066,2.875117337156832,-4.210157149894536
1781099368709295400,132.14929541015624,8.376399754738808,2.903365526519716,-4.192466010381281
1781099368734371300,132.17437133789062,8.379866554066538,2.9346383244007823,-4.163671877573431
1781099368759446300,132.1994462890625,8.422045069104433,2.9441461574584245,-4.070821159918606
1781099368784522200,132.22452221679688,8.469827395498752,2.9380294281437993,-3.9749741830572485
1781099368809597400,132.24959741210938,8.508718559429049,2.9363726008474824,-3.892278364191949
1781099368834673400,132.27467333984376,8.510709440985321,2.96753258600384,-3.864195010001957
1781099368859748400,132.29974829101562,8.529535137486457,2.933805380707979,-3.8484050279349087
1781099368884824300,132.32482421875,8.526492116528749,2.8660785829156636,-3.905751593749225
1781099368909900500,132.34990063476562,8.570110308980942,2.8268367058515547,-3.8382986444622276
1781099368934975500,132.3749755859375,8.588249192261696,2.8181851973623036,-3.8039699661418793
1781099368960050400,132.40005053710937,8.595848561349511,2.7752079331621524,-3.818379892027378
1781099368985126100,132.42512622070313,8.61129162967503,2.7729180686593056,-3.785096923367679
1781099369010201300,132.45020141601563,8.642356045502424,2.773207699255645,-3.713407359424233
1781099369035277300,132.47527734375,8.669924435907602,2.733773514489829,-3.6782135887071488
1781099369060352300,132.50035229492187,8.67410493646264,2.734677185331285,-3.667682257820666
1781099369085428000,132.52542797851564,8.681196940550208,2.746232306307554,-3.6421637856826186
1781099369110504200,132.55050415039062,8.673773512551188,2.7139862794801592,-3.6837884662300344
1781099369135579100,132.5755791015625,8.688286606550216,2.6772490787133574,-3.6764667450398205
1781099369160655000,132.6006550292969,8.700673209914564,2.708656024368107,-3.6237969388648867
1781099369185730000,132.62572998046875,8.70496944580376,2.715060922974348,-3.608657529661059
1781099369210806000,132.65080590820313,8.710189810800552,2.6742878908202052,-3.6264489146783947
1781099369235881200,132.67588110351562,8.732654156064987,2.6344001170679925,-3.6015377607837316
1781099369260957000,132.70095703125,8.758687591987847,2.6146625664189456,-3.5523695329889655
1781099369286032100,132.7260322265625,8.77244665274918,2.5991607536435124,-3.529728662113845
1781099369311108000,132.75110815429687,8.788788131219148,2.569044140060246,-3.5110637091323733
1781099369336184000,132.77618408203125,8.791827645045519,2.5673086945697663,-3.504717262715101
1781099369361259000,132.80125903320314,8.810730498436094,2.5497215999528766,-3.4699227204486727
1781099369386335200,132.82633520507812,8.824123063972593,2.510209966036677,-3.464683358490467
1781099369411410200,132.85141015625,8.85851633196175,2.480378014613688,-3.397769046124816
1781099369436486000,132.87648583984375,8.863101906186342,2.4991353220537302,-3.3719632814779876
1781099369461561000,132.90156103515625,8.850434732314945,2.525482646231353,-3.3855779653325673
1781099369486637000,132.92663696289063,8.858038777577876,2.515378308585286,-3.3731922387510536
1781099369511713000,132.9517131347656,8.869978806218505,2.4995032785832882,-3.3535520109966397
1781099369536788000,132.9767880859375,8.88930836058855,2.5025512679770587,-3.2996701986834407
1781099369561864200,133.0018642578125,8.871846938177942,2.5301073834225534,-3.325547567261755
1781099369586939100,133.02693920898437,8.849412988051771,2.523302379582822,-3.389864556610584
1781099369612015000,133.05201513671875,8.846475181034206,2.4821000161007047,-3.4277418673232196
1781099369637090000,133.07709008789064,8.849939642274379,2.4541145693272353,-3.4389357537716627
1781099369662166000,133.102166015625,8.85295811331272,2.46803729621768,-3.4211621966719625
1781099369687242000,133.12724194335937,8.848993885856867,2.498035544118285,-3.4096196429163217
1781099369712317000,133.15231689453125,8.841746398946642,2.513556353855133,-3.417009753167629
1781099369737393200,133.17739306640624,8.828335713231564,2.5077681258425115,-3.4557202998340126
1781099369762468000,133.20246801757813,8.804158134308457,2.510819914628565,-3.5146892061531543
1781099369787544000,133.2275439453125,8.78257466353178,2.5225170744240284,-3.5600121566966174
1781099369812619000,133.25261889648436,8.776645858004688,2.521711895520985,-3.5751740699931975
1781099369837695200,133.2776953125,8.776464071696996,2.5127719254791736,-3.581903962770104
1781099369862771000,133.30277099609376,8.778335710787772,2.5096856499016282,-3.5794773201450703
1781099369887846000,133.32784594726562,8.77052591381967,2.5185683367982503,-3.5923631052032112
1781099369912922000,133.35292211914063,8.769066947183012,2.504902507278323,-3.605465163360536
1781099369937997000,133.3779970703125,8.759324720847607,2.5110639525175094,-3.624801147471368
1781099369963073000,133.40307299804687,8.740995867952703,2.539071318861842,-3.649458618865907
1781099369988148000,133.42814794921875,8.720701267942786,2.5744927608549593,-3.673106620956957
1781099370013224200,133.45322412109374,8.719173912245035,2.5876819127738475,-3.6674575091540813
1781099370038300200,133.47830004882812,8.728595820584893,2.599812787811458,-3.6363480851411816
1781099370063375000,133.503375,8.74135944056809,2.5948437672272324,-3.6091327459573743
1781099370088450800,133.52845092773438,8.737530822190642,2.5912138862922784,-3.6209868498802185
1781099370113525800,133.55352587890624,8.721275852960348,2.6110394074857233,-3.6458512420237064
1781099370138601700,133.57860180664062,8.695996450275182,2.651592367148399,-3.676833532525599
1781099370163676700,133.6036767578125,8.676092310887574,2.663496447692811,-3.7150542498484254
1781099370188753000,133.6287529296875,8.676042626526952,2.6457351655527948,-3.7278327751398086
1781099370213828900,133.65382885742187,8.686409706762433,2.627036018040776,-3.7169054306730627
1781099370238903800,133.67890380859376,8.682768719911575,2.6312533434748646,-3.722426824443042
1781099370263980000,133.70397998046874,8.655617093613744,2.6555434428617355,-3.7681238689959047
1781099370289055000,133.72905493164063,8.626422563311458,2.6805089572921394,-3.817075823691487
1781099370314130700,133.75413061523437,8.612769301012158,2.6791622188583015,-3.848729437583685
1781099370339205600,133.77920556640626,8.618272574603557,2.6713290410146118,-3.8418440619841214
1781099370364281900,133.80428173828125,8.62250100595355,2.679337867686152,-3.8267476151391864
1781099370389357800,133.82935791015626,8.621073018977045,2.693033215561509,-3.820352945666015
1781099370414432800,133.85443286132812,8.617771639344095,2.702685133264959,-3.820981306697428
1781099370439509000,133.87950903320314,8.618997966268658,2.6967390843421217,-3.822419230546057
1781099370464584000,133.904583984375,8.631515502536296,2.66173674454391,-3.81870225584954
1781099370489660000,133.92965991210937,8.639383751693368,2.62679607180506,-3.8251004324540494
1781099370514734800,133.95473486328126,8.637447230672835,2.633906780593097,-3.8245851764082905
1781099370539810800,133.97981079101564,8.607575824022293,2.6757301985830066,-3.8627106166630982
1781099370564886800,134.00488671875,8.604785316520928,2.65403449960351,-3.8838349454954266
1781099370589961700,134.02996166992187,8.639040052822232,2.5995807326212526,-3.8444159582987427
1781099370615038000,134.0550378417969,8.682775734174252,2.5813208533093333,-3.7572006161823865
1781099370640113000,134.08011279296875,8.681001125717163,2.6336516367882488,-3.724852005763352
1781099370665188900,134.10518896484376,8.664106689539551,2.6470468326732517,-3.7545696831569075
1781099370690263800,134.13026391601562,8.660482653823495,2.6262793544545766,-3.7774382253080603
1781099370715339800,134.15533984375,8.712049174931645,2.5626027088359,-3.701848146794736
1781099370740415700,134.18041577148438,8.754418244105578,2.5272645612120628,-3.6254011591911315
1781099370765490700,134.20549072265624,8.757764631924033,2.5199934011653062,-3.622367490583658
1781099370790567000,134.23056689453125,8.740044266316294,2.5243594874203206,-3.661907766072452
1781099370815641900,134.25564184570314,8.725772579857706,2.526018360543251,-3.6946602811172604
1781099370840717800,134.2807177734375,8.742595119842887,2.4974098134353757,-3.6742826789990066
1781099370865792800,134.30579272460938,8.786323786932229,2.462044777804613,-3.5929391515254974
1781099370890869000,134.33086889648436,8.814930872735381,2.462902855938673,-3.5215684442728756
1781099370915944700,134.35594482421874,8.816373472759127,2.472406597343087,-3.5112890423208474
1781099370941019600,134.38101953125,8.794687710651754,2.4842709303990005,-3.5570001153990622
1781099370966096000,134.4060959472656,8.78156636327207,2.4970704984784127,-3.580389758814871
1781099370991170800,134.4311708984375,8.792846466699242,2.5081746608167883,-3.54475145920068
1781099371016246800,134.45624682617188,8.8066493666023,2.5030364211454987,-3.5139854417979715
1781099371041321700,134.48132177734374,8.814975296398996,2.4894646996498104,-3.502743332293629
1781099371066398000,134.50639794921875,8.817909011763334,2.4811279561981556,-3.5012732597410676
1781099371091474400,134.53147436523437,8.814926781082153,2.473423080909252,-3.514206391072273
1781099371116549400,134.55654931640626,8.801699050718545,2.473236618426442,-3.5473338769093155
1781099371141625600,134.58162548828125,8.786611371701955,2.4791513954281807,-3.580453471700847
1781099371166700500,134.60670043945314,8.786441860353946,2.4650743547588587,-3.590576806308329
1781099371191776500,134.63177661132812,8.800760308563708,2.4485795854233205,-3.5667186685979364
1781099371216851500,134.6568515625,8.816883175846934,2.4508660889253018,-3.525083174395561
1781099371241927700,134.681927734375,8.819384345012903,2.469861004513502,-3.505512212485075
1781099371267002600,134.70700268554688,8.809756684967875,2.4820064925983547,-3.5211136862426993
1781099371292078600,134.73207861328126,8.808548478221892,2.483947689794004,-3.52276291475445
1781099371317154600,134.75715454101564,8.815461618611216,2.4787661955028772,-3.509096500712633
1781099371342229500,134.7822294921875,8.818926079851389,2.465826634430885,-3.509508880905807
1781099371367305500,134.80730541992187,8.820159421038626,2.4696736652478575,-3.5036923035815355
1781099371392380400,134.83238037109376,8.817699752926826,2.466591773584485,-3.5120439523413776
1781099371417456600,134.85745654296875,8.820162928169966,2.4366135455586013,-3.5267551992610096
1781099371442531600,134.88253149414064,8.82282133372426,2.420955957699567,-3.53089478328377
1781099371467607600,134.90760766601562,8.824991663500667,2.411712913057953,-3.5317978696033356
1781099371492683800,134.93268383789064,8.819632766816019,2.405208061208576,-3.5495749338343736
1781099371517758700,134.9577587890625,8.820874291309714,2.3890897239699957,-3.5573613499268886
1781099371542834400,134.98283447265624,8.825586706784367,2.393003974804282,-3.5430145524054764
1781099371567909400,135.00790942382812,8.827567651468515,2.3978408934414386,-3.534797343680262
1781099371592985600,135.03298559570314,8.81849411817491,2.4180105518974364,-3.5437004888430237
1781099371618060500,135.058060546875,8.812240318477153,2.4391255283795297,-3.5447751323372123
1781099371643136500,135.08313647460938,8.813823788276315,2.4464232841722664,-3.5357986296772954
1781099371668212700,135.10821264648436,8.826011654198169,2.437361587446928,-3.51157282769829
1781099371693287700,135.13328759765625,8.828719159591197,2.4558470922082662,-3.4918346925273536
1781099371718363600,135.15836376953126,8.826739383950828,2.4635280020996926,-3.4914299111187455
1781099371743438600,135.1834384765625,8.81898102490902,2.4564929888963696,-3.515908811075985
1781099371768514600,135.2085146484375,8.807728978532552,2.468957918193936,-3.53532341338098
1781099371793589500,135.2335895996094,8.807088342541455,2.4733611215889453,-3.533848664653301
1781099371818665500,135.25866552734374,8.815309058398007,2.4470897852569817,-3.531631280864775
1781099371843741700,135.28374169921875,8.822669942554832,2.4319652813613413,-3.5236949349075553
1781099371868816600,135.3088166503906,8.815968399089574,2.452504503782093,-3.52623263669163
1781099371893892600,135.333892578125,8.792311629170179,2.4774112737625837,-3.5676468893587585
1781099371918967600,135.35896752929688,8.779510599786043,2.4888687795832753,-3.591117196795344
1781099371944043500,135.38404345703125,8.788676487538218,2.4884347720801827,-3.568938682734966
1781099371969118700,135.40911865234375,8.798458461362124,2.5073089838981626,-3.5314182226359843
1781099371994194400,135.4341943359375,8.798303563061356,2.5324437174156307,-3.513829958975315
1781099372019270700,135.4592707519531,8.808117685589194,2.513405254946649,-3.5028926776364444
1781099372044345600,135.484345703125,8.812915441259742,2.500083708819747,-3.500353222286701
1781099372069421600,135.50942163085938,8.816552336457372,2.497365389771759,-3.4931343769490715
1781099372094495700,135.53449584960939,8.808555492484569,2.4970854037865995,-3.5134497274860736
1781099372119571700,135.55957177734376,8.799567299386858,2.499913612949848,-3.5338957186654207
1781099372144648000,135.58464794921875,8.80070244089663,2.501409112204611,-3.530010986186564
1781099372169723000,135.60972290039064,8.809144106027484,2.4831349121063946,-3.521839954690635
1781099372194798600,135.63479858398438,8.812522058027982,2.4802432823181153,-3.5154306721702215
1781099372219873800,135.65987377929687,8.808824372553826,2.5085718434408304,-3.5045758084177967
1781099372244949800,135.68494970703125,8.797618503406643,2.5296950032293797,-3.517512739141285
1781099372270024700,135.71002465820314,8.78584038732946,2.5441356165140867,-3.536493041682243
1781099372295100700,135.7351005859375,8.780511301261186,2.5690911940723655,-3.5316792116597293
1781099372320177000,135.76017700195314,8.7811963609159,2.5887735074028373,-3.5155659889876842
1781099372345251800,135.785251953125,8.78619110046327,2.5748580870360134,-3.5133103190153836
1781099372370327800,135.81032788085938,8.795002183428407,2.5472631008848547,-3.5113819813013074
1781099372395402800,135.83540283203126,8.801555842855572,2.5276950615838167,-3.509097962017357
1781099372420478700,135.8604787597656,8.794839686343073,2.503584118156135,-3.543054299893975
1781099372445553700,135.8855537109375,8.779199049618839,2.4899352397710084,-3.5911429157584904
1781099372470629600,135.91062963867188,8.764370898321271,2.4898472692266105,-3.62723188174963
1781099372495705900,135.93570581054686,8.757932974228263,2.480062665054202,-3.6494241320744156
1781099372520780800,135.96078076171875,8.757720792782306,2.4706173758387564,-3.6563323040276763
1781099372545856800,135.98585668945313,8.749963018262386,2.4937062827423215,-3.6592370855584737
1781099372570931700,136.010931640625,8.729641530245543,2.5291876382291316,-3.683332539156079
1781099372596008000,136.0360080566406,8.711120369648933,2.5622812217965723,-3.704252577587962
1781099372621083600,136.06108374023438,8.704521117514371,2.573132578417659,-3.7122295478165146
1781099372646158600,136.08615869140624,8.703104236453772,2.5812176851958033,-3.7099393910527225
1781099372671234800,136.11123486328125,8.687452493813634,2.633799228565395,-3.7096710955053567
1781099372696309800,136.1363098144531,8.669465586224199,2.656843127283454,-3.7352334067851305
1781099372721385700,136.1613857421875,8.66422067130804,2.637315419992804,-3.7611508151128885
1781099372746460700,136.18646069335938,8.664889364349841,2.6232164597526193,-3.769451025946438
1781099372771537000,136.21153686523436,8.65683523723185,2.6466215929985046,-3.7715994361519813
1781099372796612900,136.23661279296874,8.627351953116058,2.663668297128379,-3.8267528758361933
1781099372821687800,136.26168774414063,8.60689134888947,2.6441335755750535,-3.8859161356836553
1781099372846763800,136.286763671875,8.608862941223382,2.628689922727644,-3.8920223436042662
1781099372871838700,136.31183862304687,8.603970493006706,2.6446336340516803,-3.8920375411733983
1781099372896914700,136.33691479492188,8.581290459164977,2.6781781762570143,-3.9190851225748657
1781099372921990700,136.36199072265626,8.56457196407616,2.6896269142493603,-3.947710036295652
1781099372947065900,136.38706591796876,8.547903737869857,2.730127851463854,-3.956019014957547
1781099372972141800,136.41214184570313,8.53665286053717,2.7609353699207304,-3.958941916666925
1781099372997216800,136.437216796875,8.539087978729604,2.7518957388967276,-3.959980027543008
1781099373022292700,136.46229272460937,8.534318280109762,2.766882003365457,-3.9598245447203513
1781099373047368700,136.48736865234375,8.51119693224132,2.8305948893412944,-3.9645518655031915
1781099373072443600,136.51244360351564,8.482005909070372,2.8786884736418723,-3.9923821217149493
1781099373097520600,136.53752075195314,8.481105160838364,2.863146036595106,-4.005451446646452
1781099373122595600,136.562595703125,8.514863053533434,2.83070624076128,-3.956592723192274
1781099373147671600,136.58767163085938,8.534894034171105,2.8231562637731433,-3.9186388401120897
1781099373172747500,136.61274755859375,8.522311031451821,2.8267311996504665,-3.9433766832664605
1781099373197822500,136.6378225097656,8.513241589811443,2.809418830321729,-3.975210037639737
1781099373222898400,136.6628984375,8.535364574292302,2.753689052054286,-3.966751421374082
1781099373247973400,136.68797338867188,8.56824568415284,2.693999137984216,-3.9367449901670217
1781099373273049600,136.71304956054686,8.582283561855554,2.6460063837096093,-3.9387124908477067
1781099373298124500,136.73812451171875,8.588625624358654,2.6233421319589016,-3.940049000148475
1781099373323200500,136.76320043945313,8.593964647299051,2.608833421874046,-3.9380341531947254
1781099373348276700,136.78827685546875,8.610232476010918,2.6111118882000444,-3.9008120915204283
1781099373373351700,136.8133515625,8.630939748474955,2.6430390583366155,-3.8329660512626167
1781099373398427400,136.83842749023438,8.640830443370342,2.700370718842745,-3.770208566315472
1781099373423502300,136.86350244140624,8.626383400344848,2.762569693124294,-3.758203363484144
1781099373448578600,136.88857861328125,8.612996680027246,2.78963890183568,-3.7689012831091877
1781099373473654500,136.91365454101563,8.605985924482345,2.795554847881198,-3.7805075497508045
1781099373498729500,136.9387294921875,8.612805541369319,2.8111247574567795,-3.7533348806649443
1781099373523805700,136.9638056640625,8.616170049366355,2.8271356887981294,-3.7335409236535426
1781099373548880600,136.98888061523436,8.611299228459597,2.816705772459507,-3.752608027695119
1781099373573956600,137.01395654296874,8.617027542978525,2.7890555489897726,-3.760111242932081
1781099373599032300,137.0390322265625,8.63391438037157,2.7591896952971813,-3.7433670288801193
1781099373624107500,137.064107421875,8.63883722372651,2.7397560960307716,-3.746278532412648
1781099373649183500,137.08918359375,8.623100725412367,2.745544031782448,-3.778159233058989
1781099373674258400,137.11425854492188,8.600915197089314,2.7670278415769336,-3.8128988302677866
1781099373699334400,137.13933447265626,8.593190740317105,2.770305548073351,-3.82790642978549
1781099373724410600,137.16441064453124,8.597371240872144,2.7701322373330592,-3.818640004268288
1781099373749485600,137.18948559570313,8.603395323467254,2.7823078282952305,-3.7961493555188177
1781099373774561300,137.21456127929687,8.604245218294858,2.784714597176015,-3.7924545926541087
1781099373799636500,137.23963647460937,8.60439193328917,2.769424089063704,-3.8033027344048023
1781099373824712400,137.26471240234375,8.601185246202348,2.760538771818578,-3.816993990626931
1781099373849787400,137.28978735351564,8.588853003373742,2.76288562720567,-3.8429762808844443
1781099373874863400,137.31486328125,8.573249776050448,2.7635578273788095,-3.8771772411718963
1781099373899939600,137.33993969726563,8.575732825037836,2.7560136956095693,-3.8770550760969518
1781099373925014500,137.3650146484375,8.585461022847891,2.76627994581908,-3.8481075062930583
1781099373950090500,137.39009057617187,8.580235981675981,2.7963649952203036,-3.838003460907936
1781099373975165700,137.41516577148437,8.568105983421207,2.8257223148688673,-3.8436034728720783
1781099374000241400,137.44024145507814,8.557488727816938,2.847871602834761,-3.850897137011587
1781099374025317400,137.4653173828125,8.57114023655057,2.8451649742245673,-3.822430336461961
1781099374050392300,137.49039233398437,8.585120246586204,2.8422192761614915,-3.7931361451774834
1781099374075468500,137.5154685058594,8.597201729524135,2.8367139567434787,-3.7698306729137894
1781099374100544500,137.54054443359374,8.60683465026617,2.8090391833543777,-3.7685695669367907
1781099374125620500,137.56562036132811,8.620143044650554,2.7796339329108593,-3.759947576802969
1781099374150695400,137.5906953125,8.611872059911489,2.796742011839151,-3.7662051758930084
1781099374175771100,137.61577124023438,8.590342365148663,2.8544948203667997,-3.772041626961529
1781099374200847400,137.64084741210937,8.570234812143445,2.8766324178949,-3.8008518341213464
1781099374225922300,137.66592236328125,8.610813490769267,2.8095447947889567,-3.7590921290174126
1781099374250998300,137.69099829101563,8.663746624055504,2.7669629596471785,-3.667947923019528
1781099374276073200,137.7160732421875,8.66793296982944,2.800183676725626,-3.6326764108911154
1781099374301149400,137.7411494140625,8.63943577414155,2.835415149104595,-3.6730116361498832
1781099374326225400,137.76622534179688,8.607909586021304,2.795375399661064,-3.7762574910908935
1781099374351300400,137.79130029296874,8.648747207844258,2.7407126661032435,-3.7226407594546673
1781099374376376300,137.81637622070312,8.68089415821135,2.7605250355541706,-3.6320717229962347
1781099374401451300,137.841451171875,8.676036781308055,2.7980320516496895,-3.614943185801804
1781099374426527200,137.86652734375,8.661393338927626,2.8019895571038127,-3.646850482194125
1781099374451603500,137.891603515625,8.656884921592473,2.777734236769378,-3.675995328135788
1781099374476678400,137.91667846679687,8.676423150277138,2.767758201678097,-3.6372491256341335
1781099374501754400,137.94175439453124,8.67455209570825,2.777962200306356,-3.633932548432052
1781099374526829300,137.96682934570313,8.652364229297637,2.8119582856714724,-3.6605844085142016
1781099374551905300,137.9919052734375,8.643989199662208,2.81933816678971,-3.67466729440242
1781099374576981200,138.0169812011719,8.672535495188832,2.8027915211364625,-3.6196532631888982
1781099374602056200,138.04205615234375,8.683508724623918,2.8321646228760478,-3.570144259132445
1781099374627132400,138.06713232421876,8.666163037547468,2.8918142049357294,-3.5644711819320913
1781099374652207400,138.09220727539062,8.65237650425732,2.906367338684201,-3.586050561055541
1781099374677283300,138.11728344726563,8.63024066029489,2.86896641331166,-3.6685654703959822
1781099374702359600,138.14235961914062,8.651132057154179,2.8678441312834617,-3.6199148367345333
1781099374727434500,138.1674345703125,8.658858267492056,2.9037779067128895,-3.5724832234740256
1781099374752510200,138.19251025390625,8.646761586984992,2.888704256221652,-3.6137703426301475
1781099374777585200,138.21758520507814,8.623034674438834,2.876196656826138,-3.67983388338536
1781099374802661400,138.24266137695312,8.607254921504854,2.873497334739566,-3.718680331391096
1781099374827736300,138.267736328125,8.61222160400152,2.8545526880338787,-3.7217695295780895
1781099374852812300,138.2928122558594,8.612571148091554,2.862675496473908,-3.714713181325793
1781099374877888500,138.31788842773437,8.592035140541196,2.8906165195837614,-3.7405426191091533
1781099374902963500,138.34296337890626,8.598473649156093,2.8640456157833336,-3.746177994647622
1781099374928039400,138.3680393066406,8.627560627430677,2.8143565789848566,-3.716858668921888
1781099374953114400,138.3931142578125,8.634225346016883,2.828686425371468,-3.690406423065066
1781099374978190300,138.4181904296875,8.605510123664141,2.8869667649045585,-3.7122760173067446
1781099375003266300,138.44326635742186,8.573435069489479,2.895643115574121,-3.779132462005317
1781099375028341200,138.46834130859375,8.58631968550384,2.8420220000237224,-3.7905733089521525
1781099375053417500,138.49341748046874,8.621808347514271,2.816397729423642,-3.7286294784754515
1781099375078491000,138.51849096679686,8.631944541603326,2.8352222568809986,-3.69072586427778
1781099375103567000,138.54356713867188,8.606956815341114,2.870537315890193,-3.721658762679994
1781099375128643000,138.56864306640625,8.566201611104606,2.9120599973678587,-3.7829210406333207
1781099375153718000,138.5937180175781,8.55754425739646,2.9192402642607687,-3.7969554112046953
1781099375178794200,138.61879418945313,8.59344442281723,2.8891055304989215,-3.7384725348368284
1781099375203869200,138.643869140625,8.611634744024276,2.8743118659928437,-3.707899994179606
1781099375228945000,138.66894482421876,8.605567991331219,2.8985470203220842,-3.7031063301622864
1781099375254021000,138.69402124023438,8.581126208513975,2.930913458658755,-3.734225106525421
1781099375279096000,138.71909594726563,8.555225459060072,2.9482220285952088,-3.779750009381771
1781099375304172000,138.74417211914061,8.554605281335116,2.948087588560581,-3.781256906813383
1781099375329247000,138.7692470703125,8.579304838305712,2.9296292640671133,-3.739414491862058
1781099375354323200,138.7943232421875,8.599082136443258,2.901421406714618,-3.7158968381524082
1781099375379398100,138.81939819335938,8.591910637378692,2.907924797259271,-3.7273911688521504
1781099375404474000,138.84447412109375,8.562306357231735,2.944031591168046,-3.7669551174774765
1781099375429550000,138.86955004882813,8.549530462288857,2.9605317673310636,-3.78301573317945
1781099375454625000,138.894625,8.567651809912919,2.929956596325338,-3.7657796439573166
1781099375479701000,138.91970092773437,8.594269183203577,2.886491548608243,-3.7385894392147656
1781099375504776000,138.94477587890626,8.597632522156834,2.873784334987402,-3.740649878875911
1781099375529852200,138.96985205078124,8.589759596824646,2.8688743511140347,-3.7624510840564964
1781099375554928000,138.99492822265626,8.57746184078753,2.861521065741777,-3.7959465264230965
1781099375580003000,139.02000317382812,8.568298291122913,2.870391477678716,-3.8099250751540064
1781099375605079300,139.04507934570313,8.553447927993535,2.896883763284981,-3.8232153493598102
1781099375630154200,139.070154296875,8.560590785485505,2.894028666114807,-3.809362765096128
1781099375655230000,139.09522998046876,8.586325530722737,2.8732255320608613,-3.7669609626963734
1781099375680306200,139.12030615234374,8.569816878992318,2.922466240569949,-3.766674254709482
1781099375705381000,139.14538110351563,8.565781339865923,2.9759724975690243,-3.7338068811133502
1781099375730457000,139.17045703125,8.561460554057359,2.9763384082719684,-3.743425481069088
1781099375755532000,139.19553198242187,8.58393191358447,2.9775124204874035,-3.690647830605507
1781099375780608300,139.22060815429688,8.594857796746492,2.962584900468588,-3.6772114259272812
1781099375805683200,139.24568310546874,8.575984169450402,2.9858325050652024,-3.7023899985864754
1781099375830759200,139.27075927734376,8.600842716374993,3.0173747675374147,-3.6181948810741305
1781099375855835100,139.29583520507813,8.557630766636132,2.9590237008556723,-3.765841895538568
1781099375880910000,139.32091015625,8.596913560232519,2.9185201332926747,-3.707521808516979
1781099375905986000,139.34598608398437,8.622700327917933,2.9355197834104296,-3.6334766213580965
1781099375931061000,139.37106103515626,8.6091850127846,2.901148727253079,-3.692645141902566
1781099375956137200,139.39613720703124,8.59896698563099,2.9218945781618353,-3.7000866900801657
1781099375981213200,139.42121313476562,8.568049869319797,2.986958001963794,-3.7198151806399222
1781099376006288100,139.4462880859375,8.559266258883476,3.015024989540875,-3.7173920451462266
1781099376031364000,139.4713640136719,8.573292446148395,2.996557020436227,-3.6999545881330964
1781099376056439000,139.49643896484375,8.600902922129631,2.9648654126212,-3.6612110159799456
1781099376081515000,139.52151489257812,8.613331611070036,2.9739208257362244,-3.6244568640783426
1781099376106591200,139.54659130859375,8.613950619751215,2.989980856916308,-3.609740940983593
1781099376131666200,139.57166625976564,8.598737853050231,3.0038246733516454,-3.6344425437808034
1781099376156742100,139.5967421875,8.584266260105371,3.0208985577493905,-3.654444298323989
1781099376181817000,139.62181713867187,8.584606451845168,3.0153233879655597,-3.6582422293022274
1781099376206893300,139.6468933105469,8.61358529357016,2.974980563922226,-3.6229862070038914
1781099376231968300,139.67196826171875,8.633227567151188,2.946405042301118,-3.5995085930436845
1781099376257044000,139.6970439453125,8.614602946180105,2.9674954688638446,-3.626702012656629
1781099376282120200,139.7221201171875,8.592070211854576,2.9888515606254336,-3.662445233950019
1781099376307195100,139.7471950683594,8.58880098092556,2.9717201008215546,-3.6839863268896935
1781099376332271000,139.77227099609374,8.606272340208292,2.941878504787385,-3.667123454894125
1781099376357346000,139.79734594726563,8.608760065370797,2.9437770318850873,-3.659753802908957
1781099376382422300,139.82242236328125,8.603443254262208,2.962586654034257,-3.6570772771760818
1781099376407498200,139.84749829101563,8.594571381020545,2.984211333604157,-3.660357321760058
1781099376432573200,139.8725732421875,8.582529061049222,3.0025729197248814,-3.6735686855107543
1781099376457649200,139.89764916992186,8.5804616071254,3.0187314428433774,-3.6651477709069846
1781099376482724000,139.92272412109375,8.588764156046508,3.0204636734634636,-3.644214288471639
1781099376507800000,139.94780004882813,8.603343301019072,3.0040760177642105,-3.6233193844810128
1781099376532876000,139.9728759765625,8.608788122421503,2.987926554735005,-3.6237335182398556
1781099376557951200,139.997951171875,8.611603179842232,2.9673578139588237,-3.633928456778824
1781099376583027200,140.02302709960938,8.60385066601932,2.9525010210886595,-3.6642674809411164
1781099376608102100,140.04810205078124,8.582240891757607,2.955301173201203,-3.712376262810826
1781099376633178000,140.07317822265625,8.567757608374952,2.96301890797168,-3.7395734818160533
1781099376658253300,140.09825341796875,8.573389476782083,2.9458471161574122,-3.740236037378013
1781099376683329000,140.1233291015625,8.583046947443485,2.9167142529144883,-3.7409231428593395
1781099376708405000,140.14840502929687,8.57969705249369,2.9203727754220363,-3.745741064535081
1781099376733480200,140.17348022460936,8.566598501467704,2.965717937797308,-3.7400899069055913
1781099376758556200,140.19855615234374,8.55616010956168,2.99539499091953,-3.7403339447945356
1781099376783631000,140.22363110351563,8.559659642115236,2.9813290561661123,-3.7435663508445023
1781099376808707300,140.24870727539061,8.563802733269334,2.976059591330588,-3.73828314974457
1781099376833783000,140.27378295898438,8.564858379802107,2.993319645950198,-3.7220480542585253
1781099376858858000,140.29885791015624,8.565926301294565,2.9963769876942035,-3.717131640644371
1781099376883934000,140.32393383789062,8.569941966676712,3.0063091836437583,-3.6998096267044542
1781099376909009200,140.34900903320312,8.567751178634166,3.024811931800842,-3.6897847840353846
1781099376934085000,140.37408520507813,8.566899530240892,3.031125060470402,-3.6865821886017915
1781099376959161000,140.3991611328125,8.5851091406703,3.019812516078353,-3.65336059474051
1781099376984236300,140.424236328125,8.603203015765548,3.014704087023437,-3.614809914810955
1781099377009312300,140.44931225585938,8.61054461070001,2.996950695928931,-3.6120948106333612
1781099377034387200,140.47438720703124,8.623177297779916,2.9638331469640136,-3.609284429387748
1781099377059463000,140.499462890625,8.627371826860308,2.9460856010884044,-3.613787001504004
1781099377084538600,140.52453857421875,8.61610399839282,2.9468551241561767,-3.639941141197085
1781099377109614600,140.54961450195313,8.612572317135333,2.9366765522301197,-3.656489832676947
1781099377134690600,140.57469067382812,8.634649708908796,2.903065959051251,-3.6311736051127315
1781099377159765800,140.5997658691406,8.645785435429215,2.881568412992358,-3.6217940746098756
1781099377184841700,140.624841796875,8.638862942689657,2.898753064288199,-3.624596272549033
1781099377209916700,140.64991674804688,8.631362357801198,2.923847465795278,-3.6223067003071305
1781099377234992600,140.67499267578125,8.630733412247896,2.9557495014905926,-3.5978310152202844
1781099377260068600,140.70006860351563,8.62384482177794,2.9852488599583507,-3.589978548154235
1781099377285143600,140.7251435546875,8.632288240474463,2.9761724040552973,-3.577210544256866
1781099377310219500,140.75021948242187,8.651410874095559,2.96873465526998,-3.5369586133673785
1781099377335294700,140.77529467773437,8.645369840365648,3.010994711111486,-3.515953234739601
1781099377360370700,140.80037060546874,8.631578046378493,3.0388465946331618,-3.525852989724278
1781099377385446700,140.82544677734376,8.645205589714646,3.0104663033232093,-3.516797284348309
1781099377410521600,140.850521484375,8.660847395482659,2.991583031415939,-3.494364503265917
1781099377435597600,140.87559765625,8.644680104535817,3.016846359749138,-3.5126243825778363
1781099377460672500,140.90067260742188,8.630171686711908,3.0156472130924463,-3.549147940593958
1781099377485748500,140.92574853515626,8.647274797204137,2.9950086219504475,-3.52489846547842
1781099377510824700,140.95082470703124,8.653120600622891,3.0033056179136035,-3.50343248360157
1781099377535899600,140.97589965820313,8.630694833803176,3.017654169000685,-3.5461624950423833
1781099377560975600,141.0009755859375,8.626045546692609,2.998912935912609,-3.573265313762426
1781099377586050600,141.02605053710937,8.647390532538294,2.973091681435704,-3.5431247347816823
1781099377611126800,141.05112670898438,8.64129922992587,2.9856542258888483,-3.547429446238279
1781099377636201700,141.07620166015624,8.593978675824403,3.043020080925524,-3.6130265385255216
1781099377661277400,141.10127734375,8.581836402609945,3.060834554557502,-3.6268145331203936
1781099377686353700,141.12635375976564,8.596493288993836,3.0433173103064295,-3.6067899822235105
1781099377711428600,141.1514287109375,8.602259597435593,3.0622216250017282,-3.5769200368776914
1781099377736504600,141.17650463867187,8.588907948431372,3.0902021033391356,-3.5849209725037214
1781099377761579500,141.20157958984376,8.587492820936442,3.097423579025268,-3.582075812205672
1781099377786655700,141.22665576171875,8.584865979564189,3.1276705409899352,-3.5620480464383957
1781099377811731500,141.2517314453125,8.565399647071956,3.1609029485061764,-3.579529634854197
1781099377836806700,141.276806640625,8.551094642865657,3.1338141583114862,-3.6370778607204555
1781099377861882600,141.3018825683594,8.570265791803598,3.062296151542663,-3.6528427083462476
1781099377886957600,141.32695751953125,8.601038531208038,3.0142408534258602,-3.6203429990187286
1781099377912033500,141.35203344726563,8.585809982416034,2.989298719871044,-3.6767309489339586
1781099377937109800,141.37710986328125,8.555779585811495,2.9602620104789734,-3.769063487933576
1781099377962184700,141.40218481445314,8.544759594625233,2.939459753207862,-3.810127319727838
1781099377987260700,141.4272607421875,8.541037943753599,2.930392357394099,-3.8254213349714874
1781099378012335600,141.45233569335937,8.535327749413252,2.9252906503409144,-3.8420454297751188
1781099378037411600,141.47741162109375,8.528257957157493,2.913426901806891,-3.8666754286408422
1781099378062487600,141.50248754882813,8.539816877526045,2.891617221058905,-3.8575188932389017
1781099378087561700,141.52756176757813,8.549310097536445,2.8891394327685234,-3.838303905159235
1781099378112638000,141.55263793945312,8.540089264726639,2.9238118099600077,-3.832573837074637
1781099378137713000,141.577712890625,8.513124685433507,2.9818086563766,-3.84784330239892
1781099378162788900,141.6027888183594,8.49829244248271,3.00507525793463,-3.862502234609425
1781099378187865000,141.62786499023437,8.50690654157102,2.991866524532437,-3.8537878900170326
1781099378212940000,141.65293994140626,8.511437755259871,2.9988758187726137,-3.8382965986356137
1781099378238016000,141.67801611328125,8.505244745838642,3.023095775532722,-3.8330230421468614
1781099378263091000,141.70309106445313,8.513196581625937,3.0184286605045196,-3.8190260809764265
1781099378288167000,141.7281669921875,8.523035838595032,3.010542291168868,-3.803272339266538
1781099378313243000,141.7532429199219,8.506787883627414,3.028432460385561,-3.8253777880907056
1781099378338317800,141.77831787109375,8.480016781079769,3.0461323677271603,-3.8705072618886827
1781099378363394000,141.80339404296876,8.464045889487862,3.047253772972524,-3.904430866539478
1781099378388469000,141.82846899414062,8.487416828203202,3.0365590682178736,-3.861796716688573
1781099378413545000,141.853544921875,8.505480308160186,3.0242995983645318,-3.8315553076818585
1781099378438621000,141.87862084960938,8.497184188979864,3.025610388702154,-3.848885212667286
1781099378463696100,141.90369604492187,8.47962105976045,3.0468399314746257,-3.8708170584902164
1781099378488771800,141.9287717285156,8.474001466313004,3.0555370326712725,-3.8762636334583163
1781099378513846800,141.9538466796875,8.47822580600977,3.062254358227551,-3.861695886662602
1781099378538923000,141.97892309570312,8.474260409510135,3.0923221642330287,-3.846411223769188
1781099378563999000,142.0039990234375,8.46431126242578,3.1172832947492597,-3.848164204916358
1781099378589075000,142.02907495117188,8.458327511841059,3.1378871068388223,-3.8445691030338405
1781099378614150100,142.05415014648437,8.466739366355538,3.1668177255079146,-3.802105341313779
1781099378639225900,142.07922583007812,8.474802845823763,3.2008450827941295,-3.755353819271922
1781099378664300800,142.10430078125,8.48211930631697,3.2100825744777914,-3.7308722889661787
1781099378689377000,142.129376953125,8.477389939707518,3.207357241167128,-3.7439383990272876
1781099378714453000,142.15445288085937,8.468063892957568,3.1968881618618963,-3.7738837476968765
1781099378739528000,142.17952783203125,8.457916592952609,3.184589236781001,-3.806886145849526
1781099378764604000,142.20460400390624,8.459391926202178,3.1766157736837863,-3.8102766650706528
1781099378789679000,142.22967919921874,8.45944394865036,3.1733474195376035,-3.812883048176765
1781099378814755000,142.2547551269531,8.458041680637,3.156327018892765,-3.8300782208666204
1781099378839830800,142.27983081054688,8.463050448709726,3.131507342673838,-3.839379133175313
1781099378864906000,142.30490600585938,8.464819796469808,3.1216327221304176,-3.8435099493697282
1781099378889982000,142.32998193359376,8.457040979161858,3.1261461079016324,-3.856951030223071
1781099378915057000,142.35505688476562,8.450776658070087,3.121240800203383,-3.874607682944834
1781099378940132900,142.3801328125,8.452241469925642,3.116663117024302,-3.875103649768233
1781099378965209000,142.405208984375,8.45213450241983,3.135417501854896,-3.8601799291417
1781099378990284000,142.43028393554687,8.448210022452473,3.1479192560315132,-3.858598505169153
1781099379015360000,142.45536010742188,8.455165832939743,3.1233962246716023,-3.8632878320291635
1781099379040435200,142.48043530273438,8.464377897921205,3.111087070457637,-3.853035610345006
1781099379065511000,142.50551098632812,8.454107263797521,3.124200234530866,-3.864948750978708
1781099379090587100,142.53058715820313,8.432467094397545,3.128028852908313,-3.9088784935981034
1781099379115662000,142.555662109375,8.423563072451948,3.1214655488699674,-3.9332428272649644
1781099379140738000,142.58073803710937,8.416379298427701,3.107189478497207,-3.959838280984759
1781099379165813200,142.60581323242187,8.402312194630504,3.0864535644605753,-4.005668012006581
1781099379190889200,142.63088916015624,8.393899755594134,3.0537995413541794,-4.048104593458771
1781099379215965000,142.65596484375,8.389408873915672,3.0377380488693713,-4.069441395998001
1781099379241040100,142.6810400390625,8.385264029195904,3.0602126232668754,-4.061137678033114
1781099379266116000,142.7061162109375,8.372294657507538,3.1107839958578345,-4.049460391981899
1781099379291191000,142.73119091796875,8.355750349941848,3.1572450105205174,-4.047674093087017
1781099379316267000,142.75626708984376,8.354788811433314,3.157346717329323,-4.049574958272278
1781099379341343200,142.78134326171875,8.366638823702932,3.126572808881104,-4.04898429890275
1781099379366418200,142.80641821289063,8.381753390726447,3.1072523146003483,-4.0325706319794055
1781099379391494100,142.831494140625,8.378993862885237,3.1121029695019122,-4.0345533302292225
1781099379416569300,142.8565693359375,8.364068680953979,3.1344995102271436,-4.04817210573703
1781099379441645000,142.88164501953125,8.34868055768609,3.1719521657869216,-4.050756277011335
1781099379466721000,142.90672094726563,8.350541675382852,3.191983146424591,-4.031135046218336
1781099379491796000,142.9317958984375,8.382297580605744,3.1648560700461266,-3.9863764515593645
1781099379516872200,142.9568720703125,8.427578737834095,3.112876291961968,-3.93145097541213
1781099379541947100,142.9819470214844,8.45118173173964,3.089908088828623,-3.8987601274266837
1781099379567023000,143.00702319335937,8.453902096614241,3.08382467726171,-3.8976860684543846
1781099379592098300,143.03209838867187,8.450131930425762,3.072901424448192,-3.9144548324257133
1781099379617174300,143.05717431640625,8.443634969621897,3.0805212518021463,-3.922469796577096
1781099379642250000,143.08225,8.441891925346852,3.0857728887200353,-3.9221018400475383
1781099379667325000,143.10732495117188,8.460307287481427,3.0429508150815963,-3.9158699599206446
1781099379692401200,143.13240112304686,8.506602005666494,2.969815143983066,-3.8714769837036727
1781099379717476000,143.15747607421875,8.539146430918574,2.9518983790203928,-3.813092307013273
1781099379742552000,143.18255200195313,8.542543087619542,2.957662349374592,-3.8010029330298303
1781099379767628300,143.2076281738281,8.535884214252233,2.9539994429528713,-3.818761584821343
1781099379792703200,143.232703125,8.538858261626958,2.9594015942573546,-3.807915488897264
1781099379817779000,143.25777905273438,8.541624219208956,2.973310292622447,-3.790837220585346
1781099379842854100,143.28285424804687,8.54778624897003,2.960314032927155,-3.787124045281112
1781099379867930000,143.30793017578125,8.567478791433572,2.9380004943102596,-3.7599049067050214
1781099379893006000,143.33300610351563,8.582451904159784,2.9425743780970572,-3.7219822955459354
1781099379918081000,143.3580810546875,8.576068925124407,2.950926319117844,-3.730080846327543
1781099379943157200,143.3831572265625,8.56518921919167,2.9490523419395087,-3.7564629495576023
1781099379968232200,143.40823217773436,8.562697986897826,2.964490149568021,-3.7499873238027095
1781099379993308200,143.43330810546874,8.56667975001037,2.9847821192294357,-3.724707921117544
1781099380018383000,143.45838305664063,8.574964763274789,2.9782214455395937,-3.7108681963354346
1781099380043459000,143.483458984375,8.587993756195901,2.9539442056342957,-3.7001334518313405
1781099380068535000,143.50853515625,8.588903272256255,2.9528721924886105,-3.6988697155058383
1781099380093610000,143.53360986328124,8.581199858272075,2.9495176213636993,-3.7193700672209262
1781099380118686000,143.55868603515626,8.571196350651979,2.958299185973406,-3.735435066837072
1781099380143761000,143.58376098632812,8.568475401255489,2.96812938285321,-3.733877608262002
1781099380168837000,143.60883715820313,8.563218795901536,2.974880318418145,-3.7405636618971823
1781099380193913000,143.6339130859375,8.566528358840943,2.948402938120067,-3.753917941249907
1781099380218988000,143.65898803710937,8.56643892699182,2.9479128165155646,-3.7545121077507733
1781099380244063700,143.68406372070314,8.563875213983655,2.9569565391927957,-3.753242818467319
1781099380269139000,143.70913891601563,8.554692375096678,2.965346474136412,-3.767545192325115
1781099380294215000,143.73421484375,8.561039113774894,2.949920941467583,-3.765227270771563
1781099380319291000,143.7592907714844,8.561847507548332,2.9532424871057272,-3.760788703802228
1781099380344366000,143.78436596679688,8.55142606677711,2.96985401468873,-3.7714050826236605
1781099380369442000,143.80944213867187,8.529599434894322,2.993283697853982,-3.802178698810935
1781099380394517000,143.83451708984376,8.529037709358334,2.9901243570402265,-3.805932790647447
1781099380419593000,143.85959301757813,8.543604579371213,2.977821048045158,-3.782828978435695
1781099380444668200,143.88466821289063,8.554025435620545,2.976550881978869,-3.7602109039142726
1781099380469743900,143.90974389648437,8.550308460924029,2.986191693766415,-3.7610128679469224
1781099380494819800,143.93481982421875,8.555048348927498,2.9730946040451527,-3.7606238686293363
1781099380519895000,143.95989501953125,8.575665605020523,2.9425676560953256,-3.7376001359164714
1781099380544971000,143.98497094726562,8.586168294334412,2.949247279989719,-3.708108668494224
1781099380570046000,144.0100458984375,8.585622935411333,2.9478724845051762,-3.710455231620371
1781099380595122000,144.0351218261719,8.595320153561234,2.90889627263993,-3.7187671328917142
1781099380620198000,144.06019799804687,8.632044494846463,2.8522707145765422,-3.6773242386519907
1781099380645273000,144.08527319335937,8.659306011259556,2.8467782546401024,-3.617004209984839
1781099380670348800,144.1103488769531,8.668200680854916,2.8288120975777504,-3.609781857515871
1781099380695423700,144.135423828125,8.678939517012237,2.7930320514053104,-3.611837913262844
1781099380720500000,144.1605,8.70797447283864,2.753041986322403,-3.572444937290251
1781099380745576000,144.18557592773436,8.731161287158727,2.725573256899416,-3.536723051045835
1781099380770651000,144.21065087890625,8.743396499353647,2.7011712215706702,-3.525203001382947
1781099380795727000,144.23572705078124,8.754904566317796,2.692012932603061,-3.503576568247378
1781099380820802000,144.26080200195312,8.773804497098922,2.6819115175664425,-3.4638317100971934
1781099380845877800,144.28587768554686,8.794970619246364,2.6644433731541035,-3.423392147681117
1781099380870953000,144.31095288085936,8.817088343030214,2.6546093768820165,-3.3737761761188505
1781099380896029000,144.33602880859374,8.841316775357722,2.643765619045496,-3.318438027517497
1781099380921105000,144.36110498046875,8.86211464871466,2.638988906162977,-3.266348651579022
1781099380946179800,144.3861799316406,8.877105297097563,2.639546832306683,-3.2249268001273275
1781099380971256000,144.41125610351563,8.882603894513846,2.653166484597325,-3.198511379149556
1781099380996331000,144.4363310546875,8.897233308368921,2.645331845448911,-3.164143245601654
1781099381021407000,144.46140698242186,8.921860969147085,2.620891231675446,-3.114757575663924
1781099381046483000,144.48648291015624,8.951286970117687,2.5869302176237103,-3.058206544141471
1781099381071558000,144.51155786132813,8.966588584145903,2.577576113823056,-3.02104877987504
1781099381096633900,144.5366337890625,8.973471329396963,2.5731302403300997,-3.00436623288244
1781099381121709000,144.561708984375,8.981622487148641,2.5531115346521136,-2.9970763681352137
1781099381146785000,144.58678491210938,8.99977364538908,2.516287824645638,-2.9736759110644457
1781099381171861000,144.61186108398437,9.016417906197905,2.4868282136663793,-2.9479283063456414
1781099381196936000,144.63693603515625,9.027534928017854,2.45317348908484,-2.9420892249286172
1781099381222012200,144.66201220703124,9.03914411726892,2.403230623655766,-2.9476562114059925
1781099381247087000,144.68708715820313,9.050148326364159,2.3774194521814582,-2.934810466097295
1781099381272162800,144.71216284179687,9.064125998312234,2.3457706605948507,-2.9170775332689285
1781099381297238000,144.73723803710936,9.072915453967452,2.3141781292401253,-2.9149934204712507
1781099381322314000,144.76231396484374,9.087332686376572,2.2879316350884733,-2.890698937170207
1781099381347390000,144.78738989257812,9.097180126652122,2.284820955722034,-2.862048889008164
1781099381372465000,144.81246484375,9.104149381142854,2.280958435074985,-2.8429037512943145
1781099381397541000,144.837541015625,9.108394179105758,2.2856062608808276,-2.825517439946532
1781099381422616000,144.86261596679688,9.112482909724116,2.2992704829655586,-2.801140246798098
1781099381447692000,144.88769213867187,9.12008637046516,2.3061644802629946,-2.7705703364893792
1781099381472767200,144.91276733398436,9.123059833317994,2.322446483630687,-2.747073433306813
1781099381497843000,144.93784301757813,9.131381671461462,2.333605883287638,-2.709711963161826
1781099381522919000,144.9629189453125,9.138455555370449,2.339555293211341,-2.680578515397012
1781099381547993900,144.98799389648437,9.142815504145622,2.3495878807954487,-2.656836989803612
1781099381573070000,145.01307006835938,9.144973558962345,2.359770252113789,-2.640333598770201
1781099381598145000,145.03814501953124,9.145658618617057,2.361520018390566,-2.636379892708361
1781099381623221000,145.06322094726562,9.156023945286869,2.340099483090639,-2.6194644137427208
1781099381648297000,145.088296875,9.164121911546587,2.3156854650631544,-2.612823076032102
1781099381673372000,145.11337182617189,9.166776225447654,2.3031911635406312,-2.6145602750882504
1781099381698448000,145.13844775390626,9.163918497928977,2.300638994839787,-2.626788473020494
1781099381723522800,145.16352270507812,9.166150787025689,2.283518933212757,-2.6339368834704158
1781099381748599000,145.18859912109374,9.176992499035597,2.2517988299556073,-2.623477741037309
1781099381773675000,145.21367504882812,9.182718475466967,2.249984035618603,-2.6049276466071603
1781099381798750000,145.23875,9.181952167269587,2.2681069906778633,-2.59188316385597
1781099381823826200,145.263826171875,9.182254949608444,2.2694753564216197,-2.5896105427488685
1781099381848901000,145.28890112304688,9.195200940421223,2.2433507350839674,-2.5663237751856447
1781099381873976800,145.31397680664062,9.213063344848155,2.218507239598036,-2.523507546766102
1781099381899052000,145.33905200195312,9.227313403996824,2.1843935192026196,-2.501101945951581
1781099381924128000,145.3641279296875,9.235717659726738,2.1510234567813575,-2.4989956213220954
1781099381949204000,145.38920385742188,9.236336668407917,2.1427456039100883,-2.5038158810853957
1781099381974279000,145.41427880859376,9.237170196622609,2.1223177329093215,-2.518103349635005
1781099381999355100,145.4393552246094,9.24582053606808,2.0774263056509197,-2.5237884095340966
1781099382024430000,145.46443017578125,9.26521731045544,2.0377517362579702,-2.4847011385098097
1781099382049506000,145.48950610351562,9.287291779619455,2.020684866122901,-2.4152473707944155
1781099382074582000,145.51458203125,9.30515009239316,1.994427119924873,-2.367868218373507
1781099382099657500,145.53965747070313,9.318476606956123,1.9732273877687752,-2.3329633476004004
1781099382124733400,145.5647333984375,9.32349823451042,1.9973159732341765,-2.292039508798718
1781099382149808400,145.58980834960937,9.323448550149799,2.0228275772400197,-2.2697676173664627
1781099382174884600,145.61488452148438,9.332593395113944,2.006908123574406,-2.2462093393854796
1781099382199959600,145.63995947265624,9.357620868864656,1.956709091427177,-2.1855330446265637
1781099382225035500,145.66503540039062,9.384265714684128,1.9117413840621709,-2.1097928901180625
1781099382250111200,145.690111328125,9.395492626619339,1.9013390863828359,-2.0688198053471742
1781099382275186400,145.7151865234375,9.3914424744457,1.9097206918895244,-2.079454304347187
1781099382300262400,145.74026245117187,9.386862160918117,1.9064044069483874,-2.103064897037297
1781099382325337300,145.76533740234376,9.396146122092008,1.86862412686944,-2.0954823329538104
1781099382350413600,145.79041357421875,9.420429499477148,1.8158872468076646,-2.031862385958433
1781099382375489500,145.81548950195312,9.439794125160574,1.7775901032477617,-1.9750540186740457
1781099382400564500,145.840564453125,9.44308615244329,1.7622323751181364,-1.9730805266439913
1781099382425640400,145.86564038085936,9.436313881829381,1.7883106730960308,-1.9820130440317094
1781099382450715600,145.89071557617189,9.429149397027492,1.8195372937478125,-1.9876621558345853
1781099382475791400,145.91579125976563,9.435504319012164,1.8029490009099245,-1.972561909597367
1781099382500867300,145.9408674316406,9.449083347031474,1.7763240288347004,-1.9312820969648659
1781099382525942500,145.96594262695314,9.466987837034463,1.7546772835634648,-1.862146016896516
1781099382551018500,145.9910185546875,9.467817858117819,1.741184326392412,-1.8705859284617006
1781099382576093400,146.01609350585937,9.455124380761385,1.7516252025164663,-1.924289023207128
1781099382601169400,146.04116943359375,9.43836672270596,1.7764169678151607,-1.9829148151770233
1781099382626244600,146.06624462890625,9.430445866578816,1.7563531078211962,-2.037712573291361
1781099382651320600,146.09132055664062,9.446881453073024,1.688820809687674,-2.018597392324358
1781099382676396300,146.11639624023437,9.463800439170003,1.655094919566065,-1.9666104538470506
1781099382701471500,146.14147143554686,9.46309375220537,1.6714504265613852,-1.95614868106544
1781099382726547500,146.16654736328124,9.448556692808866,1.6992859434701502,-2.0019035932853817
1781099382751622400,146.19162231445313,9.429653254896401,1.7197614530049263,-2.0723115929856895
1781099382776698400,146.2166984863281,9.42157983855605,1.7258641537941992,-2.1037106475949288
1781099382801774600,146.24177465820313,9.430690196728706,1.7197610146135092,-2.0675722895041106
1781099382826849500,146.266849609375,9.435126133349538,1.7172335419625042,-2.04937086238116
1781099382851925200,146.29192529296876,9.428110117107629,1.7417511664949357,-2.06092539883554
1781099382877000400,146.31700048828125,9.41691652292013,1.7747468426458537,-2.0838233132116497
1781099382902076400,146.34207641601563,9.40526524809301,1.8008287938855587,-2.113857655338943
1781099382927151400,146.3671513671875,9.398331064915656,1.8312509662866592,-2.118561010724306
1781099382952227300,146.39222729492187,9.39405645633638,1.8576282472111283,-2.114544906950742
1781099382977303600,146.41730346679688,9.388184933954477,1.8800126591071484,-2.1208280788734553
1781099383002378500,146.44237841796874,9.39338425616324,1.877023998685181,-2.1003654288202522
1781099383027454500,146.46745434570312,9.403374319779873,1.8538539893694221,-2.076081028521806
1781099383052529700,146.49252978515625,9.40662367696464,1.827613632697612,-2.0846318531155585
1781099383077605400,146.51760546875,9.399441656506061,1.8216582314245402,-2.121907106281817
1781099383102681600,146.542681640625,9.38448666395843,1.8276326296590268,-2.182090064565837
1781099383127756500,146.56775659179686,9.361963866505027,1.8580378509253261,-2.252048566932976
1781099383152832500,146.59283251953124,9.348868238088489,1.8707754596844315,-2.295487457295507
1781099383177907500,146.61790747070313,9.346895476710795,1.8604292761065064,-2.311880958213657
1781099383202983700,146.64298364257812,9.358029449665546,1.8576549890875815,-2.268657171906531
1781099383228058600,146.66805859375,9.36960181403756,1.882000033532083,-2.1997852957323194
1781099383253134600,146.69313452148438,9.365679672157764,1.9079390691697595,-2.194136183929443
1781099383278210600,146.71821044921876,9.34962636297941,1.9249917646490036,-2.2470570422559977
1781099383303285500,146.74328540039062,9.338259165790676,1.9226308807365595,-2.2958229728601873
1781099383328361500,146.76836157226563,9.33730054989159,1.9028705337338148,-2.316088931297511
1781099383353436400,146.7934365234375,9.340329542323946,1.8951064756035803,-2.3102334832675755
1781099383378512600,146.8185126953125,9.333153951606153,1.8977068673603235,-2.3369455491043625
1781099383403588600,146.84358862304688,9.319216611668468,1.9094995964847503,-2.3825182366251942
1781099383428663600,146.86866357421874,9.308619814330338,1.9078749178923666,-2.4248700624033805
1781099383453739500,146.89373950195312,9.30410321368873,1.8928898224674164,-2.453775546631217
1781099383478814700,146.91881469726562,9.314256358912587,1.8767180014759302,-2.427535774481296
1781099383503890400,146.9438903808594,9.321511444607376,1.8745665225304662,-2.401213438614458
1781099383528965400,146.96896533203125,9.310393253743648,1.9011514548562467,-2.4233488441854716
1781099383554041600,146.99404150390626,9.289936741170287,1.9267006143935024,-2.48099000903219
1781099383579117600,147.01911767578125,9.278673004356026,1.9260018184743821,-2.523315823586285
1781099383604192500,147.04419262695313,9.29542949336767,1.8862347484923898,-2.4914827614739536
1781099383629268700,147.06926879882812,9.317966903868317,1.8415986111693083,-2.4401564788624643
1781099383654343700,147.09434375,9.324788274320959,1.8258412161976099,-2.4259086116708812
1781099383679419400,147.11941943359375,9.318292482560873,1.8216084009334443,-2.4538968349233268
1781099383704495600,147.14449560546876,9.32208310701549,1.810530103688687,-2.447685997584462
1781099383729570600,147.16957055664062,9.346819488865137,1.7710872972249985,-2.38130988374874
1781099383754646500,147.194646484375,9.372377123969793,1.725742134849727,-2.3131783045478165
1781099383779721500,147.2197214355469,9.390711822083592,1.6983404793135821,-2.258437829578668
1781099383804797700,147.24479760742187,9.392460711577534,1.6972129365883766,-2.252014664663374
1781099383829873700,147.2698737792969,9.389954866236447,1.7072672976128755,-2.254867131485045
1781099383854948600,147.29494848632814,9.39133083076477,1.69158369852975,-2.260938414222747
1781099383880024600,147.32002465820312,9.40339653161168,1.6652346207864581,-2.230143462986499
1781099383905099500,147.345099609375,9.424988185694813,1.6357411075375974,-2.1597116440191866
1781099383930175500,147.37017553710936,9.443205979430674,1.6004291172683238,-2.105911080248654
1781099383955250400,147.39525048828125,9.456668687593936,1.558511006732285,-2.076741538257152
1781099383980326700,147.42032666015626,9.463065695154667,1.5377318380758165,-2.063050282035023
1781099384005402600,147.4454025878906,9.463472522389889,1.5260964914701878,-2.069807062818855
1781099384030477600,147.4704775390625,9.46457083902061,1.4983783173307776,-2.0849908956862984
1781099384055553800,147.4955537109375,9.46764776224792,1.4770963137187063,-2.0861942801266906
1781099384080628700,147.52062866210937,9.477042782580853,1.478062090010941,-2.042400877238065
1781099384105705200,147.54570532226563,9.482376544824241,1.48816292052567,-2.0100499287314713
1781099384130781400,147.57078149414062,9.487482928052543,1.4713900649011133,-1.9982650906525552
1781099384155856400,147.5958564453125,9.493094922715425,1.4569158416077495,-1.9821645813316107
1781099384180932400,147.62093237304688,9.498761862435936,1.452515268561244,-1.958079356867075
1781099384206007600,147.64600756835938,9.495600183534622,1.4656675956010818,-1.9636241315126417
1781099384231083500,147.67108349609376,9.488711593064664,1.471221138074994,-1.9925506585285067
1781099384256159200,147.6961591796875,9.481164830946922,1.4692933848828076,-2.029555570320785
1781099384281234200,147.7212341308594,9.481718373176456,1.4735758845075964,-2.0238620348542926
1781099384306310400,147.74631030273437,9.476305700477957,1.4962150018170475,-2.0325660041831433
1781099384331385300,147.77138525390626,9.471329081109166,1.5145836022004484,-2.042155524174869
1781099384356461300,147.79646142578125,9.471557044646143,1.5061054044514894,-2.047339502684027
1781099384381536500,147.82153662109374,9.472280682745575,1.4942287964358925,-2.05268670893088
1781099384406612500,147.84661254882812,9.467689847823976,1.5116056093029677,-2.0611415258042514
1781099384431688200,147.8716882324219,9.459171025803684,1.5424118125855921,-2.0773606930688024
1781099384456763400,147.89676342773438,9.451526064008474,1.533268136665225,-2.1185095727980134
1781099384481839400,147.92183935546876,9.456988421067594,1.4926597935535013,-2.1231403013385832
1781099384506914300,147.94691430664062,9.462471236392854,1.4549810741528868,-2.124870047740638
1781099384531990300,147.971990234375,9.456738830220699,1.43922499435544,-2.160808060953766
1781099384557066500,147.99706640625,9.440926928582787,1.4554239956147967,-2.218338166641444
1781099384582141400,148.02214135742187,9.427797397896647,1.472716637329757,-2.262336882843822
1781099384607217400,148.0472175292969,9.429385543870925,1.451465174986422,-2.2694344398893413
1781099384632292400,148.07229223632814,9.44224444092214,1.4241652262590825,-2.23296699597463
1781099384657368300,148.09736840820312,9.444436398008465,1.4417349313497543,-2.212329427745938
1781099384682444300,148.1224443359375,9.428340418732166,1.4846435142278671,-2.252255341551453
1781099384707519200,148.14751928710936,9.405647525408863,1.5238447670206428,-2.3199245639376342
1781099384732595500,148.17259545898438,9.397834221309424,1.5360111517630517,-2.3434552232593298
1781099384757670400,148.19767041015626,9.404400155696273,1.5176840524338184,-2.329009933799505
1781099384782746400,148.2227463378906,9.412055638885498,1.50313413355574,-2.3074231020219624
1781099384807821300,148.2478212890625,9.401963868460058,1.5175782539717853,-2.3388924453884363
1781099384832897500,148.2728974609375,9.38926162327528,1.502815569125861,-2.3986959028355774
1781099384857973200,148.29797314453126,9.373104269200564,1.4810188939899205,-2.4742466722518204
1781099384883048200,148.32304809570311,9.372024072748422,1.4748523341841995,-2.4820070771202443
1781099384908124400,148.34812451171874,9.35949659960866,1.4843921698153018,-2.5232585404410957
1781099384933199400,148.37319946289062,9.349379694741964,1.4876630081795155,-2.5585908428460358
1781099384958275300,148.398275390625,9.343453811824322,1.505074892359972,-2.5700132773533464
1781099384983351600,148.4233515625,9.333336322435736,1.555517377874255,-2.5767431701302526
1781099385008426500,148.44842651367188,9.325638169148563,1.5855672098316251,-2.5862866590231657
1781099385033502500,148.47350244140625,9.313662484672665,1.5888057533614337,-2.6271155130177735
1781099385058577400,148.4985773925781,9.313006651112437,1.584099767627567,-2.6322967150479553
1781099385083653400,148.5236533203125,9.308705739048122,1.5980999436683951,-2.639035375653207
1781099385108728600,148.548728515625,9.288843685236573,1.6043063970930873,-2.704433730497956
1781099385133803500,148.57380346679687,9.261224441426991,1.6213770666204392,-2.787693905247748
1781099385158879500,148.59887939453125,9.236244898471236,1.6250328126490114,-2.867303448535502
1781099385183954400,148.6239543457031,9.224756120729445,1.6130184035979211,-2.9107456998988983
1781099385209030700,148.64903076171876,9.220929840439558,1.6259097416140138,-2.915696015782654
1781099385234105600,148.67410571289062,9.204525233605503,1.6554007706448435,-2.950726704892516
1781099385259181600,148.699181640625,9.184953687173127,1.6485760391913353,-3.0148227449670433
1781099385284257500,148.72425756835938,9.159163996878267,1.6817399115160108,-3.0743902017012235
1781099385309332700,148.74933276367187,9.136689130219816,1.7315123888142405,-3.113379857569933
1781099385334408400,148.7744084472656,9.105329530838132,1.7866424476228653,-3.1735338820204135
1781099385359483400,148.7994833984375,9.073218820828199,1.8289499958679079,-3.2406831721857188
1781099385384559600,148.8245595703125,9.049901073604822,1.8700358933635055,-3.2821655216529964
1781099385409635600,148.84963549804687,9.042978580865263,1.8871349122025072,-3.291452405436337
1781099385434710500,148.87471044921875,9.031997168123722,1.9033586095117032,-3.3121874426901337
1781099385459786800,148.89978686523438,9.009195553728938,1.9313972477771342,-3.357755307905376
1781099385484861700,148.92486181640626,8.968618628668784,1.9522943437248468,-3.4529397292047737
1781099385509937400,148.9499375,8.932879206767678,1.9463200916208325,-3.547664716298878
1781099385535013600,148.975013671875,8.91284471899867,1.956227006998658,-3.592324819019437
1781099385560088600,149.00008862304688,8.884875931099057,1.9966227302730082,-3.639083647584915
1781099385585164500,149.02516455078126,8.842169592794775,2.040563432677835,-3.717859662657976
1781099385610239500,149.05023950195311,8.803001365488766,2.093336260835826,-3.7809368810787793
1781099385635315700,149.07531567382813,8.779704076531528,2.1560512218154964,-3.799820737507939
1781099385660391700,149.1003916015625,8.778028836795688,2.1736137665130197,-3.79368384218812
1781099385685466600,149.12546655273437,8.782355467823148,2.1955523343376813,-3.770964937640726
1781099385710542600,149.15054248046874,8.767995518559218,2.260178828027099,-3.7661981616303324
1781099385735617500,149.17561743164063,8.736707230848074,2.3081537543840707,-3.809556241841614
1781099385760693500,149.20069360351562,8.717883872434497,2.2886996968515216,-3.8640301748290655
1781099385785769700,149.22576977539063,8.716262408712506,2.274564203993231,-3.8760152116551994
1781099385810844700,149.2508447265625,8.733773515483737,2.2673807222299276,-3.8406411159351466
1781099385835920600,149.27592065429687,8.745618267056345,2.242573905492574,-3.828244867959618
1781099385860995600,149.30099560546876,8.742647142291068,2.205089393489808,-3.856690625721216
1781099385886071800,149.32607177734374,8.737154390093684,2.1866787075303495,-3.8795612136989828
1781099385911146800,149.35114672851563,8.737454834344982,2.167915408740938,-3.889399301624298
1781099385936222500,149.37622241210937,8.740431219807267,2.1559841479286552,-3.8893496172636746
1781099385961298400,149.40129833984375,8.757186539775132,2.146722983108461,-3.856638018751144
1781099385986373600,149.42637353515624,8.776979620003699,2.130960911961645,-3.8202123681515454
1781099386011449600,149.45144970703126,8.793701622223853,2.1240324278727174,-3.7854534817203875
1781099386036524500,149.47652465820312,8.803319929918647,2.1521549450293183,-3.7470197061687704
1781099386061600800,149.50160083007813,8.812555375775695,2.149008025305718,-3.7270693895518776
1781099386086676500,149.52667651367187,8.823758906835318,2.130062794078141,-3.71139952673316
1781099386111751400,149.55175146484376,8.849821568852663,2.091694777239114,-3.6709520732715726
1781099386136827100,149.5768271484375,8.882188883972168,2.065450621175021,-3.607081658646464
1781099386161902000,149.60190209960936,8.894801112785935,2.0425581136263906,-3.588987491290271
1781099386186978000,149.62697802734374,8.89066737398207,2.0186498531639576,-3.6126910229608415
1781099386212054300,149.65205419921875,8.887848809430002,1.985100927044451,-3.6381203555107113
1781099386237129200,149.6771291503906,8.893580631080269,1.94105617974326,-3.6478687193259596
1781099386262205200,149.702205078125,8.905510722848772,1.9163041619330643,-3.6318168714523313
1781099386287280400,149.7272802734375,8.915470391327142,1.9089150745950638,-3.611204876056313
1781099386312356400,149.7523564453125,8.914720449742674,1.908640349306911,-3.6132024796143174
1781099386337432000,149.77743212890624,8.916289306494592,1.9084858893975614,-3.609409224811196
1781099386362507000,149.80250708007813,8.924044158405065,1.9141158581085502,-3.5872035304829475
1781099386387583200,149.82758325195311,8.927283578717708,1.9459578341796993,-3.561913314142823
1781099386412658200,149.852658203125,8.925715306487678,1.9735441986329851,-3.5506443166315553
1781099386437734100,149.87773413085938,8.932170766237377,1.9749477818205952,-3.5336028731986877
1781099386462810400,149.90281030273437,8.944870088812708,1.9813390902929007,-3.4977088452577587
1781099386487885300,149.92788525390625,8.942266628316045,2.0312761105030774,-3.4756577569693325
1781099386512961000,149.9529609375,8.921411471813917,2.058508546952158,-3.5130262413769957
1781099386538036200,149.9780361328125,8.903979275497793,2.045036486438662,-3.564740354262292
1781099386563112200,150.0031123046875,8.915002773815393,2.0183948554895816,-3.5523505360275505
1781099386588187100,150.02818725585936,8.938572449973226,2.0200683416597545,-3.4916537830024956
1781099386613263000,150.05326318359374,8.938516920393704,2.015550279713422,-3.494402204927802
1781099386638339300,150.07833935546876,8.912130433249473,2.003620334075391,-3.567886835594475
1781099386663414300,150.10341430664062,8.897484068259596,1.9975994663506744,-3.6076033444330093
1781099386688490200,150.128490234375,8.90154415730536,1.9814146397471426,-3.6065067813679574
1781099386713565200,150.15356518554688,8.907765223777293,1.9577699986569583,-3.6040541275188325
1781099386738641200,150.17864111328126,8.906272939392924,1.9505720499768853,-3.61163976034224
1781099386763717000,150.20371704101564,8.901360617431997,1.949984167086333,-3.624047406494617
1781099386788792000,150.2287919921875,8.891579228129983,1.9639758675597607,-3.6404713025510307
1781099386813868300,150.25386840820312,8.884486639520526,1.994603207144141,-3.641138826549053
1781099386838943200,150.27894311523437,8.878334546631574,2.033384480959177,-3.634678398363292
1781099386864019200,150.30401928710938,8.875622949585319,2.0498682905092833,-3.632048634381592
1781099386889095400,150.32909545898437,8.8806738032341,2.0454744394645092,-3.6221599853128192
1781099386914170400,150.35417041015626,8.885293279728293,2.055876298752427,-3.6049107443481683
1781099386939246000,150.37924609375,8.879118390485644,2.0960089871764183,-3.596996317961812
1781099386964321000,150.4043210449219,8.862615583974122,2.106187412972003,-3.631578678782284
1781099386989397200,150.42939721679687,8.851081798046827,2.077641701967269,-3.6758889451518653
1781099387014472200,150.45447216796876,8.850769078835844,2.037404676385969,-3.6990909570410846
1781099387039548200,150.47954809570314,8.85519858571589,2.0299168048486114,-3.692605686675012
1781099387064624400,150.50462426757812,8.834171579778195,2.054237299373746,-3.729324182741344
1781099387089699300,150.52969921875,8.801015744629503,2.060496798159927,-3.803540050292015
1781099387114775000,150.5547751464844,8.7787875462085,2.0654650880917904,-3.851905145010352
1781099387139850000,150.57985009765625,8.761296897703408,2.105967925002426,-3.869749429258704
1781099387164926000,150.60492602539063,8.742052683529257,2.144007440539449,-3.892321326550841
1781099387190002000,150.630001953125,8.720026145160197,2.138754342316836,-3.9442736321061846
1781099387215076900,150.65507690429686,8.691588570705056,2.1611280866883695,-3.9945229331359267
1781099387240153000,150.68015307617188,8.67414468395114,2.20550528081432,-4.00815953656137
1781099387265228000,150.70522802734374,8.636535961046814,2.24678684701249,-4.066028080423176
1781099387290304000,150.7303039550781,8.584117207023501,2.2827407884471116,-4.156004996207356
1781099387315380200,150.75538012695313,8.551547647330164,2.302514579453319,-4.211873306162655
1781099387340455200,150.780455078125,8.537521460065244,2.306684412483871,-4.237957303228974
1781099387365531000,150.80553076171876,8.520787182885408,2.323145279549807,-4.2625741503521795
1781099387390605800,150.83060571289062,8.485158235621451,2.3377032356038687,-4.3252310975342985
1781099387415682000,150.85568212890624,8.415622927102445,2.3957655484721063,-4.428085907331109
1781099387440757000,150.88075708007813,8.357790915858745,2.4406695429511367,-4.512302359892428
1781099387465833000,150.9058330078125,8.329363278275729,2.478931030675769,-4.543893137681484
1781099387490909200,150.9309091796875,8.311495613151788,2.501476332221925,-4.5642105340451
1781099387515984100,150.95598413085938,8.300461593440174,2.511020990158617,-4.57902728716582
1781099387541060000,150.98106005859376,8.266599071326851,2.562344350160658,-4.611738593417406
1781099387566135000,151.00613500976561,8.210864909145236,2.6187454518184063,-4.679133967298269
1781099387591211000,151.0312109375,8.170641035306453,2.631212134681642,-4.742118246738612
1781099387616287000,151.05628686523437,8.146695511573553,2.6195433241978288,-4.789543137997389
1781099387641362000,151.08136181640626,8.129332288840413,2.6369460021585223,-4.809457506518066
1781099387666438100,151.10643823242188,8.08981802457571,2.6727210798949,-4.856110536621511
1781099387691513000,151.13151318359374,8.044185569691658,2.683092544044554,-4.9256928991526365
1781099387716589000,151.15658911132812,8.02329358831048,2.6790263175189493,-4.9618531768143175
1781099387741664800,151.1816647949219,8.005936795318126,2.7319264253184197,-4.961038937821984
1781099387766740000,151.20673999023438,7.976745772147178,2.7848428997308012,-4.978616680088639
1781099387791816000,151.23181591796876,7.945403708422184,2.778202146542072,-5.032155962574482
1781099387816891000,151.25689086914062,7.930371558985113,2.758247153750062,-5.066721664521098
1781099387841967000,151.28196704101563,7.935773710289597,2.7624980891928077,-5.055934313046932
1781099387867042000,151.3070419921875,7.909108406203985,2.7966040646731853,-5.07891479113996
1781099387892118000,151.33211791992187,7.840463909044861,2.859231493499875,-5.1499838850975035
1781099387917194000,151.35719409179688,7.8015312440603966,2.889064029444754,-5.192281058079004
1781099387942269200,151.38226928710938,7.808729631131887,2.874916553887725,-5.1893111023575065
1781099387967345000,151.40734497070312,7.841219695848226,2.8577026764973996,-5.149682271802425
1781099387992419800,151.432419921875,7.865586075341701,2.859106405815482,-5.1115977480798955
1781099388017496000,151.45749609375,7.840974781176447,2.8836121937796473,-5.135587110954523
1781099388042572000,151.48257202148437,7.787176555493474,2.909966824480891,-5.202146618533134
1781099388067647000,151.50764697265626,7.77537856567204,2.9047327232196927,-5.222683795127272
1781099388092723000,151.53272290039064,7.788214081847667,2.895757974125445,-5.2085219987839455
1781099388117798000,151.5577978515625,7.784582447347044,2.9020789938405156,-5.210436892494559
1781099388142873900,151.58287377929688,7.761623012042045,2.941550880268216,-5.222535911089182
1781099388167949800,151.60794970703125,7.744155744412541,2.963052517980337,-5.236291464719176
1781099388193024800,151.6330246582031,7.757683919027447,2.955728750963509,-5.220379609838128
1781099388218100700,151.65810083007813,7.768470101457834,2.9629563641294836,-5.200206590381264
1781099388243176000,151.68317602539062,7.760875408545136,3.0088375330775974,-5.185180286163091
1781099388268252000,151.708251953125,7.72722214526832,3.0473224542945623,-5.212893053475022
1781099388293326800,151.7333269042969,7.745763764131069,3.0259578869655726,-5.197794268542528
1781099388318402800,151.75840283203124,7.7718720188558095,2.9971403732821345,-5.175476053750515
1781099388343479000,151.78347900390625,7.797721914905309,3.0045325293600555,-5.132128494933247
1781099388368554000,151.80855395507814,7.792656448209286,3.0475320053920147,-5.114431510201096
1781099388393629700,151.83362963867188,7.74328013062179,3.0366818178147077,-5.195240492406487
1781099388418705000,151.85870483398438,7.726828177514672,2.9649741336926816,-5.260749029627442
1781099388443780900,151.88378076171875,7.8163132181286805,2.844544504238665,-5.1946325896412135
1781099388468856800,151.90885693359374,7.863680533981323,2.77970758266896,-5.158115169104933
1781099388493931800,151.93393188476563,7.817539545053243,2.728290991425514,-5.254799181312323
1781099388519008000,151.9590080566406,7.7291306092381475,2.688801277080178,-5.403823621609806
1781099388544083000,151.9840830078125,7.71217187565267,2.6155098308980462,-5.4636845083326095
1781099388569159000,152.00915893554688,7.718298249578475,2.629046481080353,-5.448522010514139
1781099388594235000,152.03423486328126,7.725175734132528,2.6869147326812146,-5.410406507131457
1781099388619309800,152.05930981445312,7.705754994347691,2.751885217502713,-5.405450346028805
1781099388644385800,152.0843857421875,7.707238510903716,2.7903327293187377,-5.383578705960512
1781099388669460700,152.10946069335938,7.723594602420926,2.8594825456514954,-5.3235161591857665
1781099388694537000,152.13453686523437,7.748340921142697,2.920594016957283,-5.25392707465291
1781099388719612000,152.15961181640625,7.774531593453884,2.970909661221504,-5.186589568439126
1781099388744687900,152.18468798828124,7.767140898680687,3.0450328820526598,-5.1545834878474475
1781099388769763800,152.20976391601562,7.71965200227499,3.1284184367477894,-5.175942502218485
1781099388794838800,152.2348388671875,7.686437130415439,3.161216836760938,-5.205360319882631
1781099388819914800,152.25991479492188,7.692890836599469,3.137451345770061,-5.210207759913802
1781099388844989700,152.28498974609374,7.743754177874326,3.088800127586722,-5.163714304286241
1781099388870066000,152.31006591796876,7.78805859902501,3.0279180811226367,-5.133050870475173
1781099388895142000,152.33514184570313,7.796946254357695,2.9638033363476395,-5.156922159928083
1781099388920216800,152.360216796875,7.7746607727915045,2.9006577288657427,-5.226017907986044
1781099388945293000,152.38529296875,7.776351794618368,2.8927576232656835,-5.227879025682807
1781099388970368000,152.41036791992187,7.810789486271142,2.8725524551048873,-5.187518958243728
1781099388995443700,152.43544360351564,7.8331363426357505,2.827453376445174,-5.178601492294669
1781099389020518700,152.4605185546875,7.871501436865329,2.8223955085337162,-5.122884281247854
1781099389045595000,152.48559497070312,7.911977239638566,2.8133889029964805,-5.065161575597524
1781099389070670800,152.5106708984375,7.956542357552051,2.77506414077729,-5.016256967175006
1781099389095746600,152.53574658203124,8.011746942901611,2.761745517259836,-4.935088504007458
1781099389120822500,152.56082250976561,8.056069484230875,2.7748145499303933,-4.854950552931427
1781099389145897500,152.5858974609375,8.082593918541074,2.767959861730039,-4.814603929495811
1781099389170973400,152.61097338867188,8.105643954738975,2.760260831660032,-4.780156008709967
1781099389196049400,152.63604931640626,8.15210935331583,2.7513468728423116,-4.705694057443738
1781099389221124400,152.66112426757812,8.2061571698457,2.7253552302345634,-4.626204925665259
1781099389246200600,152.68620068359374,8.247306926357746,2.700002762313187,-4.5675218505501745
1781099389271275500,152.71127563476563,8.284832062631844,2.683912628255784,-4.50872596271038
1781099389296351500,152.7363515625,8.320408402925729,2.638830500730872,-4.469650382123887
1781099389321427500,152.76142749023438,8.346234918099642,2.5951561941772696,-4.447012433858216
1781099389346502700,152.78650268554688,8.379875321894884,2.5563869030609725,-4.406014360776544
1781099389371578400,152.81157836914062,8.42363613768816,2.5083055937200784,-4.349840345872939
1781099389396653300,152.8366533203125,8.459928517296909,2.4724618346616625,-4.299648035727441
1781099389421729500,152.8617294921875,8.499947223952413,2.43757172306627,-4.240232262423635
1781099389446804500,152.88680444335938,8.529609956288338,2.4009106562756,-4.201398089377582
1781099389471880400,152.91188037109376,8.55588304618597,2.359709900228679,-4.17120753377527
1781099389496956400,152.93695629882814,8.576564599686861,2.364504587159306,-4.125782584162057
1781099389522031600,152.96203149414063,8.59978648532033,2.362889114786684,-4.078085597963631
1781099389547107600,152.98710766601562,8.628292448836564,2.3368014644585546,-4.03265655669719
1781099389572182500,153.0121826171875,8.656939282128214,2.3312907382130623,-3.9740260885521765
1781099389597258500,153.03725854492188,8.677690393733977,2.337988920677453,-3.924518545800447
1781099389622334500,153.06233447265626,8.68979233493805,2.324917549919337,-3.9054631321966644
1781099389647409400,153.08740942382812,8.709240547251701,2.305286382254213,-3.8736516973942514
1781099389672485400,153.1124853515625,8.746386913341283,2.2793540686182676,-3.804688343544304
1781099389697560600,153.137560546875,8.776112189519404,2.246780417271703,-3.755290106385946
1781099389722636500,153.16263647460937,8.797129843106866,2.241024484093487,-3.7092704057499764
1781099389747711500,153.18771142578126,8.804669006440044,2.233620929838717,-3.695826402287185
1781099389772787500,153.21278735351564,8.82032308716774,2.190602456845343,-3.6842324106052518
1781099389797863400,153.23786352539062,8.854224772247672,2.138820685551315,-3.6329777319252488
1781099389822938400,153.2629384765625,8.895065901201963,2.112458894456923,-3.5476384128138423
1781099389848014300,153.2880144042969,8.911606117114424,2.1102774587646125,-3.5071930051788685
1781099389873089500,153.31308959960938,8.911716007229685,2.0940596066743136,-3.516619297432899
1781099389898165500,153.33816552734376,8.916895455694197,2.071664965645224,-3.516763382078707
1781099389923241500,153.36324145507814,8.94205152426064,2.0497133922085164,-3.465375140146911
1781099389948316700,153.38831665039064,8.967232727268337,2.020458071629703,-3.417140393809974
1781099389973392400,153.41339233398438,8.981049655696749,2.0205834515750407,-3.380592285874486
1781099389998467300,153.43846728515626,8.988670652094482,2.0308080545999108,-3.3541040919214486
1781099390023543300,153.4635432128906,8.99341521627307,2.011715231595188,-3.3528967619583008
1781099390048618500,153.48861840820314,8.99677037191987,2.0203033194594084,-3.338699602040648
1781099390073694500,153.51369458007812,8.998643180054426,2.0546844586193562,-3.3125720580935476
1781099390098770200,153.53877026367186,8.99393427171111,2.0618850376479325,-3.3208734379708766
1781099390123845000,153.56384521484375,9.00117182174921,2.0449935240797696,-3.3116935216933485
1781099390148921300,153.58892138671874,9.01862915250659,2.0579219792358576,-3.25571239901334
1781099390173996300,153.61399633789063,9.014140608915685,2.0937116700194776,-3.245301187375188
1781099390199072000,153.63907202148437,8.99841170938611,2.104218158725649,-3.281966491949558
1781099390224148200,153.66414819335938,8.991816548904776,2.0851662522532046,-3.312051541350782
1781099390249223200,153.68922314453124,8.998611031350492,2.0619697933219374,-3.308118001294136
1781099390274299100,153.71429907226562,8.99294701423943,2.064927035692334,-3.3216546514764427
1781099390299374000,153.7393740234375,8.97272898659706,2.091414352862537,-3.359544821670651
1781099390324450300,153.7644501953125,8.949045913192629,2.1178569541081784,-3.405825803591311
1781099390349526300,153.7895263671875,8.940603079017997,2.1267280966974793,-3.4224288556069133
1781099390374601200,153.81460131835937,8.94848535670042,2.1167805570483207,-3.4079631078809496
1781099390399677200,153.83967724609374,8.955380961433052,2.117133900530636,-3.389588370017707
1781099390424752000,153.86475219726563,8.946687367367744,2.1531281739756465,-3.3898636798277497
1781099390449828000,153.889828125,8.91963394074738,2.1766342833779753,-3.4456881506413217
1781099390474903000,153.91490307617187,8.898723254665732,2.1695032624542714,-3.5037633229911327
1781099390499979300,153.93997924804688,8.899592438715695,2.17428903542608,-3.4985859203532335
1781099390525055200,153.96505517578126,8.894412405729293,2.2040343314789235,-3.493148113213479
1781099390550130200,153.99013012695312,8.86618467463255,2.216730439183861,-3.556295474261045
1781099390575206400,154.01520629882813,8.841293979004025,2.208471291013062,-3.6227883463442323
1781099390600281300,154.04028125,8.822546023914217,2.2164280952364206,-3.663407356980443
1781099390625357000,154.06535717773437,8.799129492491483,2.238427599468082,-3.7060996667593717
1781099390650433300,154.09043334960938,8.754360376438498,2.2676520865172147,-3.7933217308774587
1781099390675508200,154.11550830078124,8.714582492801547,2.3082224357061087,-3.859855519492924
1781099390700584200,154.14058422851562,8.687949337419868,2.352128943580389,-3.893258899661898
1781099390725659100,154.1656591796875,8.67470290235579,2.3588065216481686,-3.9186674816846847
1781099390750735400,154.1907353515625,8.650241245794296,2.3916459843240676,-3.952687824708223
1781099390775810300,154.21581030273438,8.604655552661418,2.4638190940007565,-4.0074733078628775
1781099390800886300,154.24088623046876,8.540415427941083,2.516172966094315,-4.111026036795973
1781099390825962200,154.26596215820314,8.499348089015484,2.5121736673250794,-4.197671470069885
1781099390851037200,154.291037109375,8.494345166161656,2.5282734459936616,-4.198138503059744
1781099390876113200,154.31611303710937,8.473460199043155,2.585328627645969,-4.205582681585848
1781099390901188000,154.34118798828126,8.415400808784366,2.6088720003187653,-4.3064211831241845
1781099390926264300,154.36626440429689,8.341358251973986,2.631198982939124,-4.434960761536658
1781099390951340300,154.39134033203126,8.286428976434468,2.6878824086695907,-4.503416458125412
1781099390976415200,154.41641528320312,8.23991447801888,2.749033627463877,-4.551590706446767
1781099391001491200,154.4414912109375,8.198863505706191,2.751758083991706,-4.623508818449079
1781099391026566100,154.4665661621094,8.150919266748428,2.8172485010340806,-4.668616080415249
1781099391051642000,154.49164208984374,8.112429669356345,2.873831973521411,-4.701056460770964
1781099391076718000,154.5167180175781,8.058197728431225,2.8994992064803835,-4.777944470140338
1781099391101793000,154.54179296875,8.022157277756929,2.8927634684845804,-4.842242170266807
1781099391126869200,154.566869140625,8.013488818132878,2.9189219920918346,-4.840895431832969
1781099391151944200,154.59194409179688,7.982847596153617,2.9587846314027906,-4.867249478012323
1781099391177020200,154.61702026367186,7.9263459567308425,3.00605345531702,-4.930220605710148
1781099391202095000,154.64209521484375,7.87189131296575,3.0671766170606016,-4.979568866246939
1781099391227171000,154.66717114257813,7.842287617340683,3.1103479425281284,-4.999466575893759
1781099391252247000,154.6922470703125,7.83690358621478,3.130197721379995,-4.995512869831919
1781099391277322000,154.71732202148436,7.842542468884587,3.13032836202234,-4.9865778682261706
1781099391302398000,154.74239794921874,7.824916795822977,3.151912125059962,-5.000649648198485
1781099391327473200,154.76747314453124,7.792407441884278,3.178816498598456,-5.034270178249478
1781099391352549000,154.79254907226561,7.763019434836506,3.181751967528462,-5.077633519157767
1781099391377625000,154.817625,7.748661823660135,3.165069420535862,-5.109890944162011
1781099391402700300,154.8427001953125,7.7344409906059495,3.1690786561772226,-5.128911870974302
1781099391427776000,154.86777587890626,7.702644168850779,3.2074346903175113,-5.152867331579327
1781099391452851000,154.89285083007812,7.667427309519052,3.234196732775867,-5.18854011798501
1781099391477927000,154.91792700195313,7.660075777712464,3.2223245086744425,-5.206752066501974
1781099391503002000,154.94300219726563,7.670200281363726,3.219320358422398,-5.193690924876928
1781099391528078000,154.968078125,7.65868403109312,3.2515526489853857,-5.190604064777493
1781099391553154000,154.99315405273438,7.631831095480918,3.2655890653833746,-5.221256977194547
1781099391578229200,155.01822924804688,7.618294153037667,3.2306317337706685,-5.262608393758535
1781099391603305200,155.04330517578126,7.648507504993677,3.202473268517852,-5.235926723060012
1781099391628380200,155.06838012695312,7.683726117891073,3.204941412197053,-5.182573903056979
1781099391653456000,155.09345581054689,7.67160897911787,3.2292484627187252,-5.185435137706994
1781099391678532000,155.11853198242187,7.668983306789397,3.259224498787522,-5.170544442567229
1781099391703607000,155.14360693359376,7.7032012182116505,3.2604213073566553,-5.118659941551089
1781099391728683000,155.16868310546874,7.766507861474156,3.221986655022204,-5.046836229833961
1781099391753758200,155.19375830078124,7.833764119145274,3.183015119332075,-4.966981771874427
1781099391778834200,155.21883422851562,7.87922063294053,3.174897279328108,-4.8998316049262876
1781099391803910100,155.24391015625,7.894784697297215,3.1764977002620696,-4.873665190273523
1781099391828985000,155.26898510742188,7.918053929203748,3.148352094490826,-4.854136606200039
1781099391854061000,155.29406103515626,7.978692230039835,3.090154464805126,-4.791845569720864
1781099391879136000,155.31913598632812,8.064262727558612,3.0208441972136497,-4.6917520413309335
1781099391904212000,155.3442119140625,8.123560135179758,2.971478693281114,-4.620441832093894
1781099391929288200,155.3692880859375,8.160754432064294,2.936638850568235,-4.57696597072184
1781099391954363100,155.39436303710937,8.191537108340858,2.916320869682729,-4.534778103333712
1781099391979439000,155.4194392089844,8.234569609859586,2.889134756593406,-4.473836143375933
1781099392004514000,155.44451416015625,8.286870874983071,2.8476959540069102,-4.403264477546513
1781099392029590000,155.46959008789062,8.342436694860458,2.813035559514165,-4.319836252753436
1781099392054666000,155.494666015625,8.390632278230786,2.7935990376383066,-4.238331104977429
1781099392079741000,155.5197409667969,8.421505555400252,2.7965532112687823,-4.174680178321898
1781099392104817400,155.5448173828125,8.439721011048555,2.809910120970011,-4.128668953253329
1781099392129892400,155.56989233398437,8.470128424271941,2.7978476349934933,-4.074224830882251
1781099392154968600,155.59496850585938,8.520218443086742,2.7390695750713348,-4.009210799179971
1781099392180044300,155.62004418945313,8.563803902313113,2.6821640310227868,-3.9544516195103525
1781099392205119500,155.64511938476562,8.592461256998776,2.6600477685436603,-3.9069367118805642
1781099392230195500,155.67019555664064,8.598024151822925,2.6269781503736973,-3.9170553703129287
1781099392255270400,155.6952705078125,8.595201495617628,2.6026880509868264,-3.9394025189384814
1781099392280346400,155.72034643554687,8.621525438919663,2.572910460099578,-3.901260419809818
1781099392305422600,155.7454226074219,8.643012463584542,2.5389567525714636,-3.875871711531281
1781099392330497500,155.77049755859375,8.65345845427513,2.531136141948402,-3.857641642835736
1781099392355573500,155.79557348632812,8.651713656434417,2.5641981613337994,-3.8396731476858257
1781099392380648400,155.8206484375,8.649548587355017,2.576068924130499,-3.8366111297667023
1781099392405724400,155.8457243652344,8.672567059370875,2.535000123900175,-3.811922970972955
1781099392430800400,155.87080029296874,8.705088688269257,2.513569505597651,-3.7515029890626668
1781099392455875300,155.89587524414063,8.717226285308598,2.532859020218253,-3.710118254750967
1781099392480951600,155.92095166015625,8.703494112554193,2.5393106805756687,-3.7378514803290366
1781099392506026500,155.94602661132814,8.694158128932118,2.5224402097955343,-3.770853586220741
1781099392531102500,155.9711025390625,8.708924905431271,2.5075761104017493,-3.7466169705867767
1781099392556178700,155.9961787109375,8.719939635920523,2.4921096612006424,-3.7312832078546285
1781099392581253600,156.0212536621094,8.710088688513636,2.47417243797183,-3.7660602144643662
1781099392606329300,156.04632934570313,8.701216815271973,2.4743749748066066,-3.7863776108279823
1781099392631404300,156.071404296875,8.695103300827741,2.4885247884511945,-3.791151985622942
1781099392656480500,156.09648046875,8.70780788410008,2.460254387256503,-3.7804222095549105
1781099392681556500,156.12155639648438,8.729598275625705,2.410353607403487,-3.762271051314473
1781099392706631400,156.14663134765624,8.749384341591597,2.3788689203374087,-3.736263626615703
1781099392731707600,156.17170776367186,8.736674497622252,2.3981135729029774,-3.753661920662224
1781099392756782600,156.1967824707031,8.708226401773095,2.4204363177396355,-3.805080265471339
1781099392781858600,156.22185864257813,8.692200565123558,2.432928573435545,-3.833652864482999
1781099392806934300,156.24693432617187,8.707056188949942,2.4364013641126454,-3.797573250842094
1781099392832009500,156.27200952148436,8.720745691606401,2.453638476248085,-3.7548189817428588
1781099392857085400,156.29708544921874,8.722676951929927,2.4653803519681095,-3.7426220557317134
1781099392882160400,156.32216040039063,8.71410961459279,2.476692311838269,-3.755090784421563
1781099392907236600,156.34723657226561,8.712547187581658,2.477895550148189,-3.7579128561049697
1781099392932312600,156.3723125,8.709850788104534,2.47107681004405,-3.7686364946931596
1781099392957387500,156.39738745117188,8.702483474206923,2.4828534648165106,-3.777909057690203
1781099392982463200,156.42246313476562,8.6932012665987,2.4926518052533266,-3.792801214134693
1781099393007538400,156.44753833007812,8.695339447671174,2.4699425453171133,-3.8027430546954273
1781099393032614400,156.47261450195313,8.689473770508169,2.477640114082396,-3.8111286057248708
1781099393057690400,156.4976904296875,8.679516440117359,2.4964938676342365,-3.8215105912685394
1781099393082765300,156.52276538085937,8.66586376233995,2.4852146409898994,-3.8596547362238165
1781099393107841000,156.54784106445314,8.659657308915257,2.4632667208150028,-3.8875481207996603
1781099393132917200,156.57291723632812,8.648931332239508,2.4754364665582775,-3.903668942256272
1781099393157992200,156.5979921875,8.615890063381194,2.5131919044569133,-3.952309054523706
1781099393183068200,156.6230681152344,8.58199305447638,2.5291931911870837,-4.01534944806546
1781099393208143000,156.64814306640625,8.572472361937164,2.5247286129936573,-4.038417604441941
1781099393233219000,156.67321899414063,8.567216925626992,2.534418232358992,-4.04350206809938
1781099393258295000,156.698294921875,8.53736188558936,2.587113172975182,-4.073161293303967
1781099393283370000,156.72336987304686,8.49433990546465,2.6295906709596513,-4.13543537864834
1781099393308446200,156.7484462890625,8.467055592697859,2.6358734044909475,-4.187071750122309
1781099393333521200,156.77352124023437,8.443495268890262,2.6657582551449535,-4.215623890867829
1781099393358597000,156.79859716796875,8.414006724077463,2.706451500061154,-4.248524582211673
1781099393383673000,156.82367309570313,8.352031621679663,2.7586601184651256,-4.33633379856795
1781099393408748000,156.848748046875,8.314576043510437,2.7813237856939432,-4.393450355018675
1781099393433824000,156.87382397460937,8.304414130458236,2.8036197886541485,-4.398502377711236
1781099393458899000,156.89889892578125,8.300733980640768,2.805930988205969,-4.403970579989254
1781099393483975200,156.92397509765624,8.268435054582357,2.8254388217523694,-4.451990806792677
1781099393509051100,156.94905102539062,8.220434701523184,2.8613126836881038,-4.517494083316624
1781099393534126000,156.9741259765625,8.167266590437293,2.90770326346308,-4.583823289270699
1781099393559202300,156.99920239257813,8.13853207886219,2.916824727551639,-4.628913892363012
1781099393584278000,157.02427807617187,8.117827729007601,2.9342946255296467,-4.654155301125347
1781099393609353000,157.04935302734376,8.09539202531576,2.9806384435534476,-4.663778577256203
1781099393634429000,157.07442895507813,8.075511851325631,3.0084070327058434,-4.680378414401412
1781099393659504000,157.09950415039063,8.057922418621182,3.014569062466919,-4.706661441171169
1781099393684580000,157.124580078125,8.036141379445791,3.057486705434322,-4.716202299715579
1781099393709656000,157.14965600585938,7.994490103152394,3.122287971168756,-4.744452534905076
1781099393734731300,157.17473120117188,7.966962629279494,3.1288132812842724,-4.786269815415143
1781099393759807200,157.19980712890626,7.969504714977741,3.0922762792646883,-4.805746084779501
1781099393784882200,157.22488208007812,7.978802120155096,3.0830463863655924,-4.7962359136343
1781099393809958000,157.2499580078125,7.943448482701182,3.1203087800502773,-4.830704000425339
1781099393835034000,157.2750341796875,7.87976190021038,3.1536718282088634,-4.912645786052942
1781099393860109000,157.30010913085937,7.841526569840312,3.167526750560105,-4.964637254574894
1781099393885185000,157.32518505859375,7.834418199139833,3.177294988119602,-4.969615042987465
1781099393910261200,157.35026123046876,7.8269807426154605,3.184848472239077,-4.9765001263260835
1781099393935336200,157.37533618164062,7.798996757146716,3.19448490011245,-5.0141094337522985
1781099393960412000,157.4004118652344,7.7690996315330265,3.2176328437268733,-5.045628023087978
1781099393985487000,157.42548706054689,7.733447887915372,3.2585917538419364,-5.0740305262297385
1781099394010563000,157.45056298828126,7.706698412677645,3.275558962994814,-5.1037102097004645
1781099394035639000,157.47563916015625,7.698634933209418,3.2720094538196918,-5.118139717069268
1781099394060714000,157.5007138671875,7.692987282711267,3.2880589636057613,-5.116348157477378
1781099394085790200,157.52579028320312,7.669729156720638,3.3310788979038595,-5.123431393736601
1781099394110866200,157.5508662109375,7.646265279024839,3.3554733344480394,-5.142548182138801
1781099394135941000,157.5759411621094,7.649710451042652,3.3458220012664794,-5.143713718786835
1781099394161016800,157.60101684570313,7.6649577045351265,3.332047158414125,-5.12994062950015
1781099394186091800,157.626091796875,7.654958288568258,3.346686801402271,-5.135336351063847
1781099394211168000,157.65116796875,7.624974653714895,3.371115724737942,-5.163886738243699
1781099394236244000,157.67624389648438,7.6156965377598995,3.372473276826739,-5.176672570058703
1781099394261319000,157.70131884765624,7.636772059014439,3.3521699089884756,-5.158784446668625
1781099394286395100,157.72639501953125,7.664300117409229,3.3436192305251953,-5.123391646248102
1781099394311470000,157.7514699707031,7.671435960638522,3.3610473351880907,-5.101260478460788
1781099394336546000,157.77654614257813,7.6639441435784095,3.3887723774597047,-5.094167889851332
1781099394361622000,157.8016220703125,7.670051812803745,3.392516824685037,-5.08247686753571
1781099394386697000,157.82669702148436,7.697706712448596,3.3662700382724404,-5.058053204897046
1781099394411773000,157.85177294921874,7.726704258874058,3.345067675767839,-5.027813549456
1781099394436847900,157.87684790039063,7.748641365393996,3.336350116305053,-4.9997693582326175
1781099394461924000,157.90192407226561,7.762123362779617,3.337470937028527,-4.978059046205878
1781099394487000000,157.927,7.765133065989613,3.3445372221529484,-4.968624278384447
1781099394512075000,157.95207495117188,7.7743971534192555,3.3486487491250037,-4.951332951843738
1781099394537151000,157.97715087890626,7.805713498181104,3.3173449715837835,-4.923054367342591
1781099394562227000,158.00222705078124,7.838211161682009,3.282790375553071,-4.894499888509512
1781099394587302000,158.02730200195313,7.858872256916761,3.282316912822425,-4.861575524029136
1781099394612377900,158.0523779296875,7.865166388624906,3.2888881079062817,-4.846937634606659
1781099394637453000,158.077453125,7.8838430320441715,3.2698554906561967,-4.829436756968498
1781099394662529000,158.10252905273438,7.930485540753603,3.222672006937861,-4.784575578717887
1781099394687605000,158.12760498046876,7.98453861798048,3.1706156564861536,-4.729141276265681
1781099394712680200,158.15268017578126,8.02228470352888,3.120132546700537,-4.698735616607964
1781099394737756000,158.177755859375,8.037612621042133,3.099753483277559,-4.686013497678935
1781099394762830800,158.20283081054689,8.050320711445808,3.0918446098491548,-4.669390279658138
1781099394787906800,158.22790673828126,8.082230345925689,3.0600080406054855,-4.635112162481248
1781099394812983000,158.25298315429689,8.128492330884933,3.0207886676341293,-4.5796091787070035
1781099394838058000,158.27805810546874,8.183036991021037,2.994867752175033,-4.498780615018308
1781099394863134000,158.30313403320312,8.226333696433901,2.978203909882903,-4.430362035569549
1781099394888210200,158.32821020507814,8.261004612320662,2.9535198427423834,-4.382111214880645
1781099394913285000,158.35328515625,8.303899751195312,2.914354830306768,-4.326911597967148
1781099394938360800,158.37836083984374,8.354012566363812,2.859632183255255,-4.266541884939373
1781099394963435800,158.40343579101562,8.397704408574103,2.8074501605972646,-4.215109803865849
1781099394988512000,158.42851196289064,8.422525546097756,2.7914357221245765,-4.176040653020143
1781099395013588000,158.453587890625,8.44448544897139,2.7841172158047556,-4.136399547505379
1781099395038663000,158.47866284179688,8.483409346127509,2.749068991038203,-4.07980292327553
1781099395063739100,158.5037392578125,8.537913674253225,2.693260302315652,-4.0025972262591125
1781099395088814000,158.52881396484375,8.588316996800899,2.654896961651742,-3.9195314050376413
1781099395113890600,158.553890625,8.612315712025762,2.6371850716114045,-3.878609612062573
1781099395138966500,158.57896655273439,8.607986158388853,2.6454616093084216,-3.882585822217166
1781099395164041500,158.60404150390625,8.596876735353469,2.6734929410502315,-3.887998787176609
1781099395189117700,158.62911767578126,8.613354407423735,2.669578397955,-3.854066414697468
1781099395214192600,158.65419262695312,8.651329041031003,2.6292382042601705,-3.7963071764290333
1781099395239268600,158.6792685546875,8.690285086891054,2.6033178733229634,-3.7245305187240243
1781099395264344600,158.70434448242187,8.706308585453034,2.6089728303447366,-3.6829046691328284
1781099395289419800,158.72941967773437,8.69823633815646,2.609505329786241,-3.701560854285955
1781099395314495500,158.75449560546875,8.68624487158954,2.6144480468854305,-3.7261449681833385
1781099395339571500,158.77957153320312,8.700932737633586,2.5957553291141986,-3.7048897064477204
1781099395364646700,158.80464672851562,8.725563321021198,2.54981716928184,-3.6787680077195164
1781099395389722600,158.82972265625,8.745489672240614,2.5121751286298033,-3.6572988109722733
1781099395414797600,158.8547976074219,8.74969413819313,2.510532622119784,-3.648357671886682
1781099395439873800,158.87987377929687,8.744387848478555,2.4949343632325527,-3.6716923702448603
1781099395464949500,158.9049494628906,8.74342923257947,2.4813687792167065,-3.6831624432861805
1781099395490024400,158.9300244140625,8.747419763520359,2.487265436039865,-3.6696792768567796
1781099395515100400,158.95510034179688,8.754341087216138,2.474933777733147,-3.661504445968568
1781099395540175600,158.98017553710937,8.77119811399281,2.4321092198766765,-3.6498324206143615
1781099395565251600,159.00525146484375,8.788072091904281,2.4158660872146487,-3.6199198051705954
1781099395590327600,159.03032763671874,8.780493181082607,2.4617265056356787,-3.607382395158708
1781099395615402800,159.05540283203126,8.762541344806552,2.486786128090322,-3.6337466704711314
1781099395640478700,159.0804787597656,8.75456086744666,2.4830980872273445,-3.655452890844643
1781099395665554400,159.10555444335938,8.778959980165958,2.46448369538933,-3.609232699200511
1781099395690629400,159.13062939453124,8.79507174153328,2.480312255901098,-3.5588171016931534
1781099395715705600,159.15570556640625,8.784677773290872,2.51135182954818,-3.5627073871299624
1781099395740780500,159.1807805175781,8.762291169437766,2.539398358859122,-3.597788345122337
1781099395765856500,159.2058564453125,8.760592548826336,2.520333885166049,-3.6152851311072705
1781099395790932700,159.2309326171875,8.782567064747214,2.474962419305742,-3.5932574236944315
1781099395816007700,159.25600756835937,8.79079830199778,2.480008012257516,-3.5695685050711035
1781099395841083600,159.28108374023438,8.769844361296295,2.5139427228242157,-3.5972605218559504
1781099395866158600,159.30615869140624,8.75444980828762,2.510152390630543,-3.637179859790206
1781099395891234600,159.33123461914062,8.76315743087828,2.489239658722281,-3.6305841147869824
1781099395916310500,159.356310546875,8.779842023697494,2.498983638623357,-3.5832746666014192
1781099395941385500,159.38138549804688,8.773810926839708,2.5336986859127877,-3.573656651167571
1781099395966461700,159.40646166992187,8.75280671725571,2.5519851609706876,-3.611942250420153
1781099395991536600,159.43153662109376,8.751445950296521,2.5376713889360425,-3.6252944839462637
1781099396016612600,159.45661254882813,8.758979852932692,2.5205118720814585,-3.6190655264288183
1781099396041688600,159.4816884765625,8.751182915446162,2.538124101139605,-3.6256197703778743
1781099396066763500,159.50676342773437,8.72539380967319,2.580103878735006,-3.657993222977221
1781099396091839500,159.53183959960938,8.714413565975427,2.5890280666857954,-3.677808515037596
1781099396116914400,159.55691455078124,8.72459126111865,2.581649646872282,-3.6588203214511275
1781099396141990400,159.58199047851562,8.733538537684083,2.59523101297915,-3.627734862835705
1781099396167066600,159.60706665039064,8.723260304775833,2.6233795413598417,-3.6322137618154287
1781099396192141600,159.6321416015625,8.7087191537261,2.6392417118802665,-3.6555467066079377
1781099396217217500,159.65721752929687,8.705087519225478,2.6338953824162483,-3.6680356013029813
1781099396242293200,159.6822932128906,8.708108328351377,2.6194074228584765,-3.671225337255001
1781099396267368400,159.70736840820314,8.699687121486663,2.6261215335443615,-3.686375852374732
1781099396292444400,159.7324443359375,8.674133578035235,2.667286779886484,-3.716907184238732
1781099396317519400,159.75751928710937,8.65217425968349,2.696311214318871,-3.7470164912983774
1781099396342595600,159.782595703125,8.642310452795028,2.6982839756965635,-3.7683106237396595
1781099396367671600,159.80767163085937,8.640998785674572,2.6981232321768998,-3.771424079585075
1781099396392746500,159.83274658203126,8.62964444796741,2.7218840469926593,-3.780344468143582
1781099396417822500,159.8578225097656,8.61242852475047,2.729591260369122,-3.8138907639145847
1781099396442897700,159.88289770507814,8.588834298673271,2.7483149578005075,-3.8534514976695178
1781099396467973400,159.90797338867188,8.560046595606208,2.7851152869313953,-3.890900061576068
1781099396493049300,159.93304931640625,8.541292795297503,2.7943948641911147,-3.925309988439083
1781099396518124300,159.9581242675781,8.532845284947753,2.7827862594619392,-3.951844944143295
1781099396543200500,159.98320043945313,8.520233640655874,2.796721845833957,-3.969179817564785
1781099396568275500,160.008275390625,8.489947807985544,2.850315196594596,-3.9958544740006325
1781099396593351400,160.03335131835937,8.448840721571445,2.8956656196668744,-4.050006919948756
1781099396618427400,160.05842749023438,8.424303661686181,2.9098166023552414,-4.090775860449671
1781099396643502600,160.08350268554688,8.424286126029491,2.9091280355691906,-4.091303099194169
1781099396668578300,160.10857836914062,8.412037469831109,2.92430134704262,-4.105659833587706
1781099396693654500,160.13365454101563,8.373958206805586,2.9636069369927047,-4.1550256297811865
1781099396718729500,160.1587294921875,8.331041440621018,2.984374999733269,-4.2258357805415985
1781099396743805400,160.18380541992187,8.321251283490657,2.9661250572934743,-4.2578471218302845
1781099396768880400,160.20888037109376,8.309489534026383,2.973242488083243,-4.275820585416257
1781099396793956600,160.23395654296874,8.28053407317698,3.0160511177182197,-4.30192591753155
1781099396819032300,160.2590322265625,8.260039566680788,3.0119010123014447,-4.344029906028509
1781099396844107300,160.28410717773437,8.24685158380568,3.007016455130279,-4.372380678983032
1781099396869183500,160.30918359375,8.247628413397074,3.029669893226027,-4.355235190653801
1781099396894258400,160.33425854492188,8.221516067019104,3.074773355799913,-4.372969584786891
1781099396919334400,160.35933447265626,8.185456327122449,3.11471870495826,-4.412168791753054
1781099396944410600,160.38441064453124,8.150831588464975,3.1473437942311167,-4.452931302513182
1781099396969485600,160.40948559570313,8.123336847817898,3.176830877739191,-4.482129924468696
1781099396994561500,160.4345615234375,8.118398806893826,3.1874899266585706,-4.483515241347253
1781099397019636500,160.45963647460937,8.112660555502773,3.200336841011047,-4.484752674187719
1781099397044712400,160.48471240234375,8.102177155411242,3.2279572538644072,-4.4839080400571225
1781099397069788400,160.50978833007812,8.077036868935823,3.249579303085804,-4.513548560561239
1781099397094863400,160.53486328125,8.068303527382016,3.231844908952713,-4.541813701058924
1781099397119939800,160.55993994140624,8.087884426164626,3.192967189025879,-4.5344744442120195
1781099397145014800,160.58501489257813,8.081901260101795,3.1825287971198555,-4.552446154232323
1781099397170090800,160.6100908203125,8.049355665805935,3.213801010479033,-4.5880034975647925
1781099397195166700,160.63516674804688,8.003380096572638,3.2196482752025126,-4.663708142368495
1781099397220241700,160.66024169921874,8.003181943652033,3.179340814733505,-4.6916138019040226
1781099397245317600,160.68531762695312,8.008917856955527,3.172168146625161,-4.686682775242627
1781099397270392600,160.710392578125,7.995697140854596,3.2080905238777397,-4.684803245106339
1781099397295468800,160.73546875,7.960875418320298,3.2411051969900724,-4.721234740924835
1781099397320544800,160.76054467773437,7.950095081108808,3.238377233330905,-4.741237664511799
1781099397345619700,160.78561962890626,7.941395057302713,3.2585289177387953,-4.742002511404454
1781099397370695700,160.81069580078125,7.936733495232462,3.2943563101842996,-4.72503004155457
1781099397395771000,160.83577099609374,7.936354140526056,3.2993256230294703,-4.722191310997307
1781099397420846600,160.8608466796875,7.938326317381859,3.2864360385790463,-4.727860004283488
1781099397445922600,160.88592260742186,7.931977825137972,3.301505012895167,-4.72802250136882
1781099397470997800,160.91099780273439,7.90428551609218,3.337398456314206,-4.749147122462094
1781099397496073700,160.93607373046876,7.900581400877237,3.340434755270183,-4.753180031239986
1781099397521149700,160.9611496582031,7.928334500199556,3.309391382230818,-4.728617252391577
1781099397546224600,160.986224609375,7.950740977796912,3.2901290478780862,-4.704380929018557
1781099397571300900,161.01130078125,7.9218381239175795,3.3187995543062687,-4.732912319236993
1781099397596375800,161.03637573242187,7.8773396414995185,3.3576623689249154,-4.779540507160127
1781099397621451500,161.06145141601561,7.872005294734239,3.3453201892241835,-4.796952537471055
1781099397646527700,161.08652783203124,7.918674106928706,3.2912975071355697,-4.75734095031172
1781099397671602700,161.11160278320312,7.946805391913652,3.272532016389072,-4.723265077708661
1781099397696678700,161.1366787109375,7.940637516933679,3.2720538774833083,-4.733955398549139
1781099397721753600,161.16175366210936,7.929569594952464,3.252714386241138,-4.765731469777226
1781099397746829800,161.18682983398438,7.928826667630672,3.2357568216994403,-4.778489244541525
1781099397771905500,161.21190551757812,7.933483553525805,3.2525708861172196,-4.759311665862798
1781099397796980700,161.2369807128906,7.928987995672226,3.2755577939510343,-4.751023437727987
1781099397822056700,161.262056640625,7.944107238870859,3.269486657343805,-4.729900570200384
1781099397847131600,161.28713159179688,7.956385121163725,3.273126475150883,-4.706687744656205
1781099397872207600,161.31220751953126,7.956236068081855,3.3061887867972253,-4.683783254408836
1781099397897283800,161.33728393554688,7.942945793876051,3.338703693693876,-4.683277058452368
1781099397922358800,161.36235888671874,7.941945092400908,3.3447982111766934,-4.680620990985632
1781099397947434800,161.38743481445312,7.956955614528059,3.3299034243836996,-4.665724158366024
1781099397972509700,161.412509765625,7.975853207221626,3.3067721396431327,-4.6498856609821315
1781099397997585700,161.43758569335938,7.987246123373508,3.2986890786916017,-4.636046812982857
1781099398022661600,161.46266162109376,7.989600577545166,3.301341639026999,-4.630102809886634
1781099398047736600,161.48773657226562,7.991157743859291,3.2927591041207314,-4.633526354594529
1781099398072812800,161.51281274414063,7.983453160831332,3.286314165765047,-4.651348427011072
1781099398097887700,161.5378876953125,7.979311238721013,3.291085033428669,-4.655080891537666
1781099398122963500,161.56296337890626,7.985159380227327,3.293039382366836,-4.643651735028624
1781099398148039400,161.58803930664064,7.998539670804142,3.2859541002809998,-4.625612804991007
1781099398173114600,161.61311450195313,8.014179138484597,3.2848060992896553,-4.599276294468343
1781099398198190300,161.6381904296875,8.004774765801429,3.3153786399468776,-4.593713399644196
1781099398223265500,161.663265625,7.987523186749219,3.352495487681031,-4.596804643657803
1781099398248341500,161.68834155273439,7.98203861785829,3.372674644617736,-4.591565573960542
1781099398273417500,161.71341748046876,8.00305802501142,3.359274772557616,-4.564726959134638
1781099398298492400,161.73849243164062,8.036342454975843,3.3392943530634045,-4.520698724576831
1781099398323568400,161.763568359375,8.047311008235813,3.3471368832573294,-4.495318784126639
1781099398348643600,161.7886435546875,8.040855548486114,3.3763328748643398,-4.485017170342803
1781099398373719600,161.81371948242187,8.010359872457384,3.414669327521324,-4.51048917299062
1781099398398795300,161.83879516601561,8.001907685932517,3.4284935624733563,-4.515004020066559
1781099398423870500,161.8638703613281,8.015731628623604,3.4189074034824967,-4.497726137529313
1781099398448946400,161.88894653320312,8.044225317180157,3.403932244929671,-4.458032132783532
1781099398474022400,161.9140224609375,8.04914056175053,3.399676341050863,-4.452404356029629
1781099398499097300,161.93909741210936,8.037171891537309,3.3959956067115065,-4.476763136738539
1781099398524173600,161.96417358398438,8.027001795178652,3.3780832256630062,-4.508455329075455
1781099398549248500,161.98924853515626,8.021121504968404,3.366487188154459,-4.527553412777185
1781099398574324500,162.0143244628906,8.027108762684463,3.3776287598937746,-4.508610227376223
1781099398599400400,162.039400390625,8.028557792448996,3.3781983764752743,-4.505606369385123
1781099398624475400,162.06447534179688,8.05561355715692,3.3424665533587334,-4.483907455535233
1781099398649551400,162.08955126953126,8.087266002005338,3.3068294227883217,-4.4532504514649505
1781099398674626300,162.11462622070312,8.085411898571252,3.3315120286241173,-4.438195505674183
1781099398699702500,162.13970263671874,8.08550951372683,3.347071709066629,-4.426292009651661
1781099398724778500,162.16477856445312,8.082513254520297,3.3301673360168933,-4.444478823727369
1781099398749853400,162.189853515625,8.111879049736261,3.321012554180622,-4.397572987906635
1781099398774929400,162.21492944335938,8.115605961304903,3.3530554596513507,-4.366270671670138
1781099398800004600,162.24000463867188,8.10895001054704,3.3871392232999202,-4.352308197291195
1781099398825080300,162.26508032226562,8.117503903880715,3.3837916664376855,-4.338949534024298
1781099398850156500,162.29015649414063,8.13808491961658,3.3520117958173152,-4.325037620788812
1781099398875231500,162.3152314453125,8.156667455011606,3.3311417340070006,-4.306121031133831
1781099398900307500,162.34030737304687,8.151331939202546,3.327472690105438,-4.319038672634959
1781099398925382400,162.36538232421876,8.142408628034591,3.32891382882446,-4.334732208590209
1781099398950458600,162.39045874023438,8.128612742394209,3.334399566759169,-4.356359518508613
1781099398975534300,162.41553442382812,8.118211759889125,3.3279821009323,-4.380585612748563
1781099399000609300,162.440609375,8.126916459870339,3.324583690665662,-4.367012137687206
1781099399025685500,162.465685546875,8.132085386940837,3.3270573873028155,-4.355486535066366
1781099399050761500,162.49076147460937,8.11555335433483,3.337710298742354,-4.378112792894244
1781099399075836400,162.51583642578126,8.08470813421607,3.3614205524146556,-4.41687477748692
1781099399100912600,162.54091259765624,8.078654825526476,3.3596877372726794,-4.429248229108751
1781099399125987800,162.56598779296874,8.099729177737235,3.3222552477180955,-4.418981394377351
1781099399151063800,162.59106372070312,8.112982627063989,3.2997701519265767,-4.41151325045377
1781099399176139800,162.61613989257813,8.102176570889354,3.3099224203675983,-4.423749631692469
1781099399201214700,162.64121459960938,8.094849004480242,3.3214556217730045,-4.428510562483966
1781099399226290700,162.66629077148437,8.09862209327817,3.3235257060453294,-4.420057206915319
1781099399251365600,162.69136572265626,8.120261093634367,3.3130537041306494,-4.388104025554656
1781099399276441900,162.71644189453124,8.138616834536194,3.3021298667952417,-4.362244777154922
1781099399301517800,162.74151782226562,8.141473393011093,3.3112796801954505,-4.3499730323418975
1781099399326592800,162.7665927734375,8.131775590339302,3.3344317154631016,-4.350426913589239
1781099399351668700,162.7916687011719,8.112849356073141,3.350350584606826,-4.373469935524463
1781099399376743700,162.81674365234375,8.11333626280725,3.338343920470774,-4.381733906000853
1781099399401819600,162.84181958007812,8.136905354443192,3.301376418079436,-4.366013189777732
1781099399426896000,162.86689575195314,8.154247534388304,3.294002966701984,-4.33914096494317
1781099399451970800,162.891970703125,8.152872154381871,3.3098759508773683,-4.329640438409149
1781099399477046800,162.917046875,8.13957603495717,3.3213863559290764,-4.345811236487329
1781099399502121700,162.94212182617187,8.140150035452843,3.319171602489054,-4.346427030298114
1781099399527198000,162.96719799804688,8.139812181800604,3.3227214039251205,-4.34435402341634
1781099399552273700,162.99227368164063,8.132958078122138,3.3377836562395093,-4.345638510268927
1781099399577348600,163.0173486328125,8.117914238247275,3.3479762566909193,-4.365877580699324
1781099399602424800,163.0424248046875,8.099112507143616,3.3413080309733747,-4.405726191484928
1781099399627499800,163.0674997558594,8.078959945952892,3.3385072943389416,-4.444677268908918
1781099399652575700,163.09257568359374,8.070969531720877,3.3358711006164548,-4.461142958280444
1781099399677651700,163.1176516113281,8.066825271522998,3.3217478827178475,-4.479145940221846
1781099399702727000,163.14272680664064,8.064352159407735,3.3296383437067267,-4.47774016507715
1781099399727803000,163.16780297851562,8.048643718144296,3.364351637430489,-4.480053410455584
1781099399752877800,163.1928779296875,8.033993846023082,3.3866000018566846,-4.489574979777634
1781099399777953800,163.21795385742186,8.043380683049559,3.3869542221218345,-4.472468362154066
1781099399803029800,163.24302978515624,8.053724382409452,3.3845556365475056,-4.455638515645266
1781099399828104700,163.26810473632813,8.039608178773522,3.4036019900619983,-4.46660502307862
1781099399853180700,163.2931806640625,8.021492091846465,3.4164456895440813,-4.489313698492944
1781099399878257000,163.3182568359375,8.012163122487067,3.3883585359618067,-4.527099239268899
1781099399903331800,163.34333178710938,8.006795457974075,3.3552605684801935,-4.561125135250389
1781099399928407600,163.36840747070312,7.992157276290655,3.355822586277127,-4.586307215040922
1781099399953482800,163.39348266601561,7.980899384695291,3.3688600547656415,-4.596350470149517
1781099399978558700,163.41855883789063,7.984745538729428,3.3733062205195425,-4.586399569499492
1781099400003634700,163.443634765625,7.995853208199143,3.3589401337757705,-4.577579718706011
1781099400028709600,163.46870971679687,7.990885941180586,3.360799790167808,-4.584884488761425
1781099400053785900,163.49378588867188,7.984495363360643,3.384616426824033,-4.578488650244474
1781099400078860800,163.51886083984374,7.977695035696029,3.4155221449583766,-4.567380688513815
1781099400103936800,163.54393676757812,7.9692808430939905,3.4241020495161414,-4.575639690554142
1781099400129012200,163.56901220703125,7.96821935134232,3.416342229169607,-4.583281145218015
1781099400154087400,163.59408740234375,7.9584619274377815,3.421049676208198,-4.596705859458447
1781099400179163100,163.6191630859375,7.956727650991081,3.411112804083526,-4.607083461087941
1781099400204238000,163.64423803710937,7.951382782831788,3.396900738857686,-4.6267678202450275
1781099400229314300,163.6693142089844,7.950486710774898,3.3801123934030533,-4.640578026671707
1781099400254390300,163.69439038085937,7.94250038819611,3.3616908937886354,-4.66755897257775
1781099400279465200,163.71946533203126,7.923077894845605,3.3628198978185653,-4.69964834753871
1781099400304541200,163.7445412597656,7.90779323195219,3.3764550399392843,-4.715587382687628
1781099400329616400,163.76961645507814,7.895812871301174,3.3795112126395104,-4.733442772851884
1781099400354692000,163.79469213867188,7.8921520107060665,3.377464216981828,-4.740998595058918
1781099400379768000,163.81976806640625,7.894114835211634,3.3883196652561423,-4.729973927697539
1781099400404843000,163.8448430175781,7.895877753230929,3.3985631191119547,-4.719662377041578
1781099400429919200,163.86991918945313,7.908913175892829,3.396006420366466,-4.699644255885482
1781099400454995200,163.8949951171875,7.91418907046914,3.410119116871059,-4.680502917563915
1781099400480070100,163.92007006835937,7.909305390080809,3.433729417300224,-4.67148432932794
1781099400505146400,163.945146484375,7.901112731274962,3.460676460936665,-4.665464630647003
1781099400530221300,163.97022119140624,7.913902654743194,3.452340594267845,-4.649935929864645
1781099400555297000,163.99529711914062,7.938982735463976,3.421413248823583,-4.629994381076097
1781099400580373200,164.02037329101563,7.949255123153328,3.4055779663100836,-4.624043071456253
1781099400605448200,164.0454482421875,7.937906046143174,3.4199665571466085,-4.632909976261854
1781099400630524200,164.07052416992187,7.919176211231947,3.433578610652685,-4.654844160172343
1781099400655599000,164.09559912109376,7.921129683387279,3.415359355612099,-4.664912841983139
1781099400680675300,164.12067529296874,7.931103380391002,3.39943054959625,-4.659599830266833
1781099400705751300,164.14575122070312,7.944333448842167,3.3982594599902627,-4.637862922494113
1781099400730826200,164.170826171875,7.962967422163486,3.3888933734908697,-4.61269107183665
1781099400755902200,164.19590209960938,7.9827143251627675,3.373531261447072,-4.5897678768888115
1781099400780977200,164.22097705078124,7.985189190843701,3.3786060804933307,-4.5817204717725515
1781099400806053000,164.24605322265626,7.979545047476887,3.3949455131366846,-4.5794785380646585
1781099400831129300,164.27112939453124,7.998644300222397,3.3729777192175385,-4.562361983568966
1781099400856204300,164.29620434570313,8.017887929874657,3.3628254507765174,-4.536002676692605
1781099400881280300,164.3212802734375,8.032871563994885,3.355055985818803,-4.51518931350559
1781099400906355200,164.34635522460937,8.031006939166783,3.351071007835865,-4.5214664940789335
1781099400931431200,164.37143115234375,8.030645704638957,3.3517505145326254,-4.521603856723011
1781099400956507100,164.39650708007812,8.04455264943838,3.3457653026431795,-4.501264540788531
1781099400981582000,164.42158203125,8.046385710084438,3.3435493801593776,-4.499637816369534
1781099401006658300,164.446658203125,8.047377059209346,3.3452187746763227,-4.49662343698442
1781099401031734300,164.471734375,8.049300136226416,3.3535812370911238,-4.486939370577037
1781099401056809200,164.49680932617187,8.058859407210349,3.341532779639959,-4.478766585515439
1781099401081885200,164.52188525390625,8.071645239025354,3.3317207029387355,-4.463020442590117
1781099401106960400,164.54696044921874,8.072284121450782,3.3300571536406873,-4.463106075046956
1781099401132036000,164.5720361328125,8.072762844878435,3.305991802920401,-4.480095203770697
1781099401157112300,164.5971123046875,8.071724734002352,3.2784725123539564,-4.502139570057392
1781099401182187300,164.6221872558594,8.068339183217287,3.2588878141790625,-4.522381270836293
1781099401207263200,164.64726318359374,8.064781782996654,3.258943343758583,-4.528686508460343
1781099401232338200,164.67233813476562,8.077269508647918,3.2604078633531928,-4.505311770352721
1781099401257414400,164.69741430664064,8.101229645428061,3.259116069976985,-4.463025118765235
1781099401282490400,164.72249047851562,8.125525882294774,3.254284119775891,-4.42220006416291
1781099401307565300,164.7475654296875,8.13782188476622,3.266348943839967,-4.390584151932597
1781099401332641300,164.77264135742186,8.139453285360336,3.292690130537748,-4.367821700504422
1781099401357716200,164.79771630859375,8.130280967867375,3.30384836115092,-4.376468825079501
1781099401382792200,164.82279223632813,8.121639980772137,3.293276113732159,-4.400421947596967
1781099401407868200,164.8478681640625,8.125437034967542,3.2765573263823984,-4.405884596917033
1781099401432943400,164.872943359375,8.125417745745182,3.2845445257440207,-4.399969235393405
1781099401458019300,164.89801928710938,8.119189665010571,3.3007483493089675,-4.399340582101047
1781099401483094300,164.92309423828124,8.116928734341263,3.2986244890227914,-4.405097830453514
1781099401508170200,164.94817016601561,8.120473275080323,3.2859163986191153,-4.4080648635655635
1781099401533246200,164.97324609375,8.130506008794903,3.2759245814368128,-4.396998987410963
1781099401558321200,164.99832104492188,8.149093804886936,3.2536919991016386,-4.379053873136639
1781099401583397000,165.02339721679687,8.165743910914658,3.2234479597464203,-4.3703962271675465
1781099401608472300,165.04847241210936,8.187468835988641,3.178760676757991,-4.362479754954577
1781099401633548300,165.07354833984374,8.194327031320332,3.1608225767463445,-4.362641959778964
1781099401658624300,165.09862426757812,8.207112863135338,3.1364360312476753,-4.356196729162336
1781099401683699500,165.1236994628906,8.232458316794038,3.086064857403934,-4.344335026454925
1781099401708775200,165.14877514648438,8.27844265385568,3.02050751260519,-4.3028275425463915
1781099401733851100,165.17385107421876,8.308653667724132,2.979849046741426,-4.272843323171139
1781099401758926000,165.19892602539062,8.310198559078573,2.978157148131728,-4.271017861309647
1781099401784002300,165.22400219726563,8.315245905596017,3.002502484837174,-4.2440667260199785
1781099401809077200,165.2490771484375,8.33695095692575,3.01601312379539,-4.19157227641195
1781099401834153200,165.2741533203125,8.374017828038335,3.007375936092436,-4.123336944575607
1781099401859229400,165.2992294921875,8.419880584546924,2.9808272441238164,-4.048544738441706
1781099401884304400,165.32430444335938,8.450962536031007,2.9852339546501634,-3.9799534327745434
1781099401909380000,165.34938012695312,8.468983930411934,3.0058421506538986,-3.925761531598866
1781099401934455000,165.374455078125,8.47561416220665,3.0144264391258355,-3.9048157742038367
1781099401959531300,165.39953125,8.488539110231399,3.0067092888772486,-3.882630830402672
1781099401984607200,165.42460717773437,8.508445003184676,3.0056916362673043,-3.83960037471056
1781099402009682200,165.44968212890626,8.525636376482248,3.017764351376891,-3.791704651069641
1781099402034758400,165.47475830078125,8.546268830144404,3.004340513919294,-3.7557492483302948
1781099402059833300,165.49983325195313,8.571115102109312,2.9715950131371613,-3.7250457747697827
1781099402084909300,165.52490942382812,8.589792914572358,2.9429595780223607,-3.704711135010421
1781099402109985300,165.5499853515625,8.598026489910483,2.934822156535089,-3.6920430843561887
1781099402135060500,165.575060546875,8.601925250914693,2.924214837802946,-3.6913773139238355
1781099402160136400,165.60013647460937,8.604398947551847,2.902568530923128,-3.702678460139036
1781099402185211400,165.62521142578126,8.602482300275563,2.890625579673052,-3.7164410280317064
1781099402210287600,165.65028759765624,8.604737970247864,2.8780492989554998,-3.720988900594413
1781099402235363600,165.67536352539062,8.619280290341377,2.8585625081971284,-3.702307288739085
1781099402260438500,165.7004384765625,8.632751766332984,2.864289069150388,-3.66631272303313
1781099402285514200,165.72551416015625,8.638418706053494,2.8943425543695684,-3.6291704485967755
1781099402310589400,165.75058935546875,8.630906430727244,2.939674565002322,-3.6105630710214376
1781099402335665400,165.77566552734376,8.640360487771034,2.971018090032041,-3.561962413981557
1781099402360741400,165.80074145507814,8.66202169995904,2.973283989137411,-3.5070383991390464
1781099402385816600,165.82581665039064,8.684786489474773,2.959206656207144,-3.462368944068253
1781099402410892500,165.850892578125,8.694075126823783,2.969949584017694,-3.4297111215695737
1781099402435967500,165.87596752929687,8.700944428071379,2.9792379291057585,-3.4041277675017714
1781099402461043500,165.90104345703125,8.70633138180673,2.967788022069633,-3.400355263225734
1781099402486119400,165.92611938476563,8.704842604553699,2.9583327959820624,-3.412386185020208
1781099402511194400,165.9511943359375,8.696198110327124,2.961877921243012,-3.431292545542121
1781099402536270300,165.97627026367186,8.699090324637293,2.9431206138029693,-3.440102459463477
1781099402561345500,166.0013454589844,8.710095118254422,2.904635108064115,-3.4449580828011035
1781099402586421500,166.02642138671874,8.716129137721657,2.8817542909532783,-3.4489120811238885
1781099402611497500,166.05149755859375,8.711543563497067,2.8719837153062224,-3.4685929331496355
1781099402636572400,166.0765725097656,8.704899887698888,2.869757855950296,-3.487065286168456
1781099402661648400,166.1016484375,8.701580387887358,2.8790476623430847,-3.487684002588689
1781099402686724400,166.12672436523437,8.694643866622448,2.895071745426953,-3.4917274327605963
1781099402711799300,166.15179931640625,8.690734584224224,2.909739445465803,-3.4892610426470636
1781099402736875500,166.17687548828124,8.68872675153315,2.9341254064425826,-3.4738112523198126
1781099402761950500,166.20195043945313,8.681896613252162,2.9673706734403966,-3.46263490152806
1781099402787026400,166.2270263671875,8.667052679863572,2.9914816168680787,-3.479026941141486
1781099402812102700,166.2521025390625,8.658991538482903,3.0013477618440985,-3.490586153770983
1781099402837177600,166.27717749023438,8.650017373910545,3.0108056182801723,-3.50466348670125
1781099402862253300,166.30225341796876,8.636440099456905,3.0233903745651243,-3.527235383993387
1781099402887328500,166.32732861328125,8.618115922737122,3.0349796900719404,-3.561929973016679
1781099402912404500,166.35240454101563,8.59907570670247,3.0337405036658045,-3.6087016610637304
1781099402937480400,166.37748046875,8.582584006106853,3.0329873472109434,-3.6483734539777037
1781099402962555400,166.40255541992187,8.569152862125634,3.039545390552282,-3.6743893542438744
1781099402987631600,166.42763159179688,8.552574652290344,3.0517467004776,-3.7027944877341388
1781099403012706600,166.45270654296874,8.539992234092951,3.067595719255507,-3.7187110187903043
1781099403037782500,166.47778247070312,8.520569740742445,3.0880647990494965,-3.746218618918955
1781099403062858200,166.5028581542969,8.509093822482228,3.0922800786569713,-3.7687495996788143
1781099403087933400,166.52793334960938,8.499439858952163,3.09963044141978,-3.784468270075321
1781099403113010000,166.55301000976561,8.494650871109961,3.11305807826966,-3.7841993900060653
1781099403138084900,166.5780849609375,8.479093236494064,3.1203052729189396,-3.81301368881911
1781099403163160800,166.60316088867188,8.470374507987499,3.109328536352515,-3.8412475573956963
1781099403188237000,166.62823706054687,8.459905136421323,3.114048842872679,-3.860450562776625
1781099403213312000,166.65331201171875,8.449087389808893,3.1341765618830917,-3.867845641463995
1781099403238387700,166.6783876953125,8.441356503295898,3.1509847810819744,-3.8710765862092376
1781099403263462700,166.70346264648438,8.448383040931821,3.1504625107735396,-3.856135037665069
1781099403288539000,166.72853881835937,8.467432609316706,3.133426912559569,-3.8281308861911296
1781099403313614800,166.75361474609375,8.483210608685017,3.124147919821739,-3.8006834918171166
1781099403338689800,166.77868969726563,8.487467681607603,3.1236566291734573,-3.7915816092118617
1781099403363765800,166.80376586914062,8.486621293911337,3.1291958508610724,-3.788901284086704
1781099403388841000,166.82884106445312,8.477707335093617,3.1365722248479724,-3.802731948779523
1781099403413917000,166.8539169921875,8.473453769302367,3.122404583285749,-3.8238168223842974
1781099403438992600,166.87899267578126,8.490523562046885,3.08411313881427,-3.8170132798492906
1781099403464067800,166.90406787109376,8.512659990531205,3.0554721507415175,-3.7906574801042674
1781099403489143800,166.92914379882814,8.51302648575604,3.062917790572345,-3.783820912082493
1781099403514218800,166.95421875,8.500301444217563,3.0902360056087375,-3.790215873816609
1781099403539294700,166.97929467773437,8.502842945393919,3.09197466596961,-3.7830923055469987
1781099403564371000,167.0043708496094,8.520252929878234,3.0711712396547197,-3.760793379977345
1781099403589446000,167.02944580078125,8.530411335799098,3.062119918192923,-3.745118548722565
1781099403614521900,167.05452197265626,8.523800977748632,3.0858357248231765,-3.7407007322803136
1781099403639597000,167.07959716796876,8.510349960023165,3.1146503158971663,-3.7474344244495033
1781099403664672800,167.1046728515625,8.502937637940049,3.122510089486837,-3.7577041817903516
1781099403689748700,167.12974877929688,8.501455874949693,3.1238451374828813,-3.759947576802969
1781099403714823700,167.15482373046876,8.510013275414705,3.1214161567702887,-3.742572663632035
1781099403739900000,167.17989990234375,8.52320710350871,3.1138299394249915,-3.7187908060282466
1781099403764974800,167.20497485351564,8.530454005897045,3.1197441319048402,-3.6971500521063803
1781099403790050800,167.23005078125,8.52893132637441,3.142957249709964,-3.6809661022856828
1781099403815126800,167.25512670898436,8.520297353541851,3.163259156243503,-3.683569270521402
1781099403840201700,167.28020166015625,8.522038644251227,3.160888919980824,-3.681574589572847
1781099403865277700,167.30527758789063,8.518592887711524,3.1430320685118436,-3.7047643265023824
1781099403890352600,167.3303525390625,8.507686293771863,3.1235587217569347,-3.7460727807074785
1781099403915428900,167.35542895507814,8.50478063545823,3.103444446749985,-3.7693119097366927
1781099403940504800,167.3805048828125,8.50974322630167,3.086868575002253,-3.7717251083582637
1781099403965579800,167.40557983398438,8.500245914638041,3.1003406355157495,-3.7820746529370544
1781099403990656000,167.43065600585936,8.488992114695906,3.1335709972053762,-3.779966282480955
1781099404015731000,167.45573095703125,8.492947574323415,3.1433176074549554,-3.762950265750289
1781099404040806700,167.480806640625,8.503782856592535,3.1475638667225834,-3.7348192730262872
1781099404065883000,167.5058828125,8.5005089494884,3.1675311344742774,-3.725384505204856
1781099404090957800,167.53095776367186,8.486520171624422,3.1830902303948996,-3.7439632412075996
1781099404116033800,167.55603369140624,8.482548345384002,3.189882374753058,-3.7471877562120555
1781099404141110000,167.58111010742186,8.475813484171033,3.212795632828772,-3.74285235735625
1781099404166185000,167.60618505859375,8.464753160974382,3.2393297117501496,-3.745008950868249
1781099404191261000,167.63126098632813,8.460969550782442,3.2414483113393184,-3.7517256919026374
1781099404216336000,167.6563359375,8.460759707424044,3.240135767436027,-3.7533199753567574
1781099404241411800,167.68141186523437,8.457700904375315,3.253969354738295,-3.748248078919947
1781099404266487800,167.70648779296874,8.455474460497499,3.2541064251214262,-3.7531469568774103
1781099404291562800,167.73156274414063,8.462250822764634,3.231513192780316,-3.7573946774497626
1781099404316639000,167.75663891601562,8.464638594684004,3.228582984547317,-3.754533442799747
1781099404341714000,167.7817138671875,8.44748755339682,3.2338799219116567,-3.7884494486659763
1781099404366790000,167.80678979492188,8.443943012657762,3.209939951136708,-3.8166049913093447
1781099404391864800,167.83186474609374,8.470846217152475,3.153474844332039,-3.8040444926828143
1781099404416940800,167.85694091796876,8.480708854997157,3.1257284670114514,-3.8049694985732434
1781099404442016800,167.88201684570313,8.451897771054506,3.1597941104814407,-3.8407758482307193
1781099404467091700,167.907091796875,8.410762043067812,3.2074066332668063,-3.8912800008043646
1781099404492168000,167.93216796875,8.38920662934184,3.220096895752847,-3.927157662132382
1781099404517243000,167.95724291992187,8.385656243383885,3.2323546120405195,-3.9246655530557035
1781099404542318800,167.98231884765624,8.379442191174626,3.273572465352714,-3.9037256408795713
1781099404567395000,168.00739501953126,8.373777589541673,3.304549495157599,-3.8897564444988966
1781099404592470000,168.03246997070312,8.386317337641119,3.3052596892535684,-3.8620416313603516
1781099404617545700,168.0575456542969,8.39845727276802,3.3362539624541996,-3.808634743082523
1781099404642621000,168.08262084960938,8.385836276125907,3.3970395628064867,-3.782627026122808
1781099404667697000,168.10769677734376,8.365154722625016,3.427054469580948,-3.8012946094527837
1781099404692772900,168.13277294921875,8.361510228642821,3.395304701837897,-3.8376352121174335
1781099404717847800,168.15784790039064,8.390477379930019,3.3506837620839476,-3.8135534947842356
1781099404742924000,168.18292407226562,8.412005321127175,3.3389527000188823,-3.7762349869981406
1781099404768000000,168.208,8.400053602048754,3.343580652080476,-3.7986823811277746
1781099404793075000,168.2330749511719,8.392295827528834,3.322823402994871,-3.833872352452576
1781099404818150700,168.25815063476563,8.393950608998537,3.2871208059728145,-3.8609325010746716
1781099404843225900,168.28322583007812,8.398637890031933,3.2711879083037374,-3.86427421271801
1781099404868301800,168.3083017578125,8.39004834086299,3.290204451201856,-3.8667853187561034
1781099404893376800,168.3333767089844,8.375401975873112,3.3032620856955646,-3.8873540595322846
1781099404918453000,168.35845288085937,8.380338263231515,3.28359467767328,-3.8933638213410973
1781099404943529000,168.3835290527344,8.39571820319295,3.250904414209723,-3.8876705781355496
1781099404968604000,168.40860400390625,8.398621523419022,3.250086375825107,-3.8820758268684146
1781099404993680000,168.43367993164063,8.389931436485051,3.26874899071902,-3.885195420193672
1781099405018755000,168.45875512695312,8.38806739617884,3.271629222330451,-3.8867929185181853
1781099405043830800,168.48383081054686,8.39129687961936,3.276552942468226,-3.8756592378243804
1781099405068906800,168.50890673828124,8.388865853080153,3.2841362372040748,-3.8745080219626424
1781099405093982000,168.53398193359374,8.378488835972547,3.2956732380017635,-3.8871339870408175
1781099405119057700,168.5590576171875,8.377764613351225,3.313304464021325,-3.873685891924798
1781099405144132600,168.58413256835937,8.37012725034058,3.3316879697129127,-3.874432910899818
1781099405169208600,168.60920849609374,8.388093699663877,3.334289384382963,-3.833124164433777
1781099405194284800,168.63428491210936,8.384706979835032,3.3509391981497405,-3.826005856861174
1781099405219359700,168.65935986328125,8.376288695579767,3.367434405876696,-3.8299496260508894
1781099405244435500,168.684435546875,8.364949555441736,3.3528660745590924,-3.867341783595085
1781099405269510400,168.70951049804688,8.374999824813008,3.340302361062169,-3.8564439574837683
1781099405294586600,168.73458666992187,8.385883622398971,3.354658803194761,-3.8201600534424185
1781099405319662600,168.75966259765624,8.38999222676158,3.359434639294445,-3.8069235552504654
1781099405344737500,168.78473754882813,8.387582243010401,3.36239115101248,-3.809612355943024
1781099405369813800,168.80981372070312,8.399194939392805,3.331493323923647,-3.811179459129274
1781099405394888700,168.834888671875,8.391403847125172,3.3045702456846833,-3.8515696294456716
1781099405419964700,168.85996459960938,8.403406419607997,3.3109067552298304,-3.819815770049393
1781099405445040600,168.88504052734376,8.389331132504344,3.325079949750006,-3.838410288143158
1781099405470115600,168.91011547851562,8.396110417380928,3.2923741964563726,-3.8517552151456473
1781099405495191600,168.93519165039064,8.403316403236985,3.2733120608508584,-3.8522844997167587
1781099405520266500,168.9602666015625,8.403339784112573,3.279370922498405,-3.847072610287368
1781099405545342700,168.9853427734375,8.397387013188004,3.2767978571400045,-3.862233646801114
1781099405570418700,169.0104187011719,8.412432606628537,3.252734552246332,-3.8498169405594465
1781099405595493600,169.03549365234375,8.434642100349068,3.2279896948292848,-3.8219478136420246
1781099405620569600,169.06056958007812,8.444753744518756,3.2270842704221603,-3.8003175811141725
1781099405645644500,169.08564453125,8.437056175753474,3.25225349073112,-3.795970199559629
1781099405670720500,169.1107204589844,8.427705579084158,3.2748218808919187,-3.7973271671265363
1781099405695796700,169.13579663085937,8.433646659570933,3.280095729641616,-3.779550395156443
1781099405720871700,169.16087158203126,8.448912033241987,3.2802629029020665,-3.745151281948387
1781099405745947600,169.18594775390625,8.465973642680048,3.275205911773443,-3.710891869471967
1781099405771022600,169.21102270507814,8.468243925699591,3.281968830037117,-3.699720779377222
1781099405796098800,169.23609887695312,8.457323303234576,3.3101682118222113,-3.699569972729683
1781099405821174500,169.26117456054686,8.45394359766841,3.327036344514787,-3.692162911343574
1781099405846249500,169.28624951171875,8.471759240344166,3.3171006414338944,-3.660122343960404
1781099405871325700,169.31132568359374,8.490916360756755,3.310439137718081,-3.621556758722663
1781099405896400600,169.33640063476562,8.495054775735735,3.3095936268046495,-3.6126238029435274
1781099405921476600,169.3614765625,8.500002169010042,3.3006627168521283,-3.6091526197016237
1781099405946552600,169.38655249023438,8.505520640170573,3.2988208883777257,-3.5978172789558767
1781099405971627800,169.41162768554688,8.511594991648197,3.297764657323062,-3.584393441498279
1781099405996703700,169.43670385742186,8.518551971179246,3.289477305971086,-3.5754736374616622
1781099406021778700,169.46177880859375,8.524144092097877,3.286627469497919,-3.5647540905266997
1781099406046854700,169.48685473632813,8.525303199005126,3.2847166674405335,-3.563741114091873
1781099406071930600,169.5119306640625,8.52475550199449,3.270798616725206,-3.577818154761195
1781099406097005600,169.53700561523436,8.531566935575007,3.2430829268038273,-3.586803425249457
1781099406122080800,169.5620808105469,8.542405724975467,3.2243875786840914,-3.5778485498994588
1781099406147155700,169.58715576171875,8.541974347820878,3.2233897998183965,-3.5797809792667623
1781099406172232000,169.61223193359376,8.536025084027647,3.2270804710298773,-3.590632628148794
1781099406197308000,169.6373078613281,8.54057149528563,3.2155066453531385,-3.590205342647433
1781099406222382800,169.6623828125,8.555626441076397,3.1948177853286266,-3.572784544508159
1781099406247458800,169.68745874023438,8.560017369511723,3.1968735488146542,-3.5604110928863286
1781099406272534800,169.71253466796875,8.555147133126855,3.20794030175209,-3.562155013944208
1781099406297609700,169.7376096191406,8.549602943003178,3.205513951388001,-3.57761269531697
1781099406322686000,169.76268603515626,8.552908998811244,3.1963974557355046,-3.5778733920797703
1781099406347761000,169.78776098632812,8.558733174920082,3.193637927894294,-3.5663884137302637
1781099406372836900,169.8128369140625,8.567602125552296,3.1927459474906326,-3.545846268700063
1781099406397913000,169.8379130859375,8.569326465126872,3.1956852158129214,-3.5390137923315166
1781099406422988000,169.86298803710937,8.566964412170648,3.20646789111197,-3.5349762073785063
1781099406448063700,169.88806372070312,8.568476570299268,3.2101907110273835,-3.527929211476445
1781099406473138700,169.913138671875,8.575811150971054,3.2006323168262836,-3.518783781990409
1781099406498215000,169.93821484375,8.581479844257235,3.191759859062731,-3.5130069521546363
1781099406523291000,169.96329077148437,8.582301097512245,3.2068735493034124,-3.497202941562235
1781099406548365800,169.98836572265625,8.57587603290081,3.2289804594323037,-3.492626719687879
1781099406573442000,170.01344213867188,8.57721809515953,3.2288711538389325,-3.4894311385169625
1781099406598517000,170.03851708984374,8.590950267913938,3.2180551607921717,-3.465563648456335
1781099406623593000,170.0635930175781,8.60109055365622,3.2188375433415173,-3.43958369628638
1781099406648668700,170.08866870117188,8.60226544265449,3.2287843523383137,-3.427293246772885
1781099406673744000,170.11374389648438,8.605500186792016,3.239746475857496,-3.4087750087857245
1781099406698819800,170.13881982421876,8.60806506884396,3.2465283910825846,-3.3958377858012914
1781099406723894800,170.16389477539062,8.610354641085863,3.2550255857929584,-3.3818644977673884
1781099406748971000,170.18897094726563,8.611499719467758,3.259778333278,-3.3743571908771988
1781099406774047000,170.214046875,8.6153967269063,3.2644661988332864,-3.3598557873159645
1781099406799122000,170.23912182617187,8.621769769069552,3.2653330447956916,-3.342611222526431
1781099406824198000,170.26419799804688,8.624193196824192,3.2672657664239404,-3.334473801039159
1781099406849273000,170.28927319335938,8.622525555872917,3.273639977630973,-3.33252295923233
1781099406874348800,170.31434887695312,8.615347042545675,3.284913359056413,-3.3399916876778004
1781099406899424800,170.3394248046875,8.611649357071519,3.28291400193274,-3.3514798808977004
1781099406924500000,170.3645,8.613003109768032,3.281172126701474,-3.349701180787384
1781099406949576000,170.38957592773437,8.609844353476166,3.288147226411104,-3.35097719207257
1781099406974651000,170.41465087890626,8.595455178117751,3.2996944563418626,-3.3764678994208572
1781099406999726800,170.43972680664064,8.588502874761819,3.3026170657902956,-3.391274423408508
1781099407024802800,170.464802734375,8.586558170434833,3.3034713445320723,-3.3953561397641896
1781099407049877800,170.48987768554687,8.575217861253023,3.3192247939810153,-3.4086291705742475
1781099407074953700,170.51495361328125,8.556579211756587,3.3473584170535204,-3.427906994757056
1781099407100029000,170.54002880859375,8.545892398047446,3.3622447282791135,-3.439977664040029
1781099407125105400,170.56510546875,8.54980226496756,3.364000632035732,-3.4285163588270544
1781099407150181600,170.590181640625,8.555295017164944,3.366405062828958,-3.4124282705962656
1781099407175256600,170.61525659179688,8.55660726880729,3.3773084418982267,-3.3983290180951355
1781099407200332300,170.64033227539062,8.55312293382287,3.3918653750389813,-3.3925954428791996
1781099407225407500,170.66540747070312,8.548651925888658,3.4084801174923776,-3.3872076123610135
1781099407250483500,170.6904833984375,8.551189335411786,3.4188828535631295,-3.370274305477738
1781099407275559400,170.71555932617187,8.564092071604728,3.416692357781529,-3.3395997657507657
1781099407300634400,170.74063427734376,8.584739138314127,3.3922976289764044,-3.3113431008204817
1781099407325710600,170.76571069335938,8.598772339841723,3.370775825259089,-3.296868293005228
1781099407350785500,170.79078564453124,8.59544056507051,3.37800139259845,-3.2981615476861594
1781099407375861500,170.81586157226562,8.586056066131592,3.39080505233109,-3.3094501266807317
1781099407400937500,170.8409375,8.582365979442,3.38548035017699,-3.3244375601932403
1781099407426012400,170.86601245117188,8.590519475281239,3.3767402866214513,-3.3122534936636683
1781099407451088400,170.89108837890626,8.597562964051962,3.377218425527215,-3.29343247333765
1781099407476163300,170.91616333007812,8.601721837297081,3.3804148834809657,-3.279266293080151
1781099407501239600,170.94123950195313,8.602676946064829,3.3739947873055933,-3.283374605181813
1781099407526315500,170.9663154296875,8.606278769949078,3.365712988911569,-3.2824265106767414
1781099407551390500,170.99139038085937,8.605577928203344,3.372280092342198,-3.2775247101098297
1781099407576466700,171.016466796875,8.601804254883527,3.3804847338467834,-3.2789760779619215
1781099407601541600,171.04154174804688,8.604805190265179,3.374911025367677,-3.2768393581941724
1781099407626617300,171.06661743164062,8.6064815990448,3.3745763865858316,-3.2727766387999058
1781099407651693300,171.091693359375,8.605585526987909,3.379326795983314,-3.2702287078827617
1781099407676768500,171.1167685546875,8.610446995544432,3.3779496624112126,-3.258843682776391
1781099407701844500,171.14184448242187,8.61644068300128,3.376859821347892,-3.2440991181090473
1781099407726919400,171.16691943359376,8.610833364513516,3.392485552763939,-3.2426737614810466
1781099407751995600,171.19199560546875,8.60163357449174,3.4075495586439963,-3.2512878605693576
1781099407777071400,171.2170712890625,8.605021463364363,3.4157746584147213,-3.2336528351575136
1781099407802146600,171.242146484375,8.617680453929305,3.4216000035673377,-3.193534759780764
1781099407827222300,171.26722216796875,8.627837106284499,3.428081766802072,-3.1589635048761964
1781099407852297500,171.29229736328125,8.633252701592445,3.433485087150335,-3.1382351896241305
1781099407877373400,171.31737353515626,8.638048119175433,3.441650565688312,-3.1160122519001363
1781099407902449400,171.3424494628906,8.637377088046074,3.457000695033371,-3.100856476083398
1781099407927524600,171.36752465820314,8.63081875244379,3.4854394385322927,-3.087242669011652
1781099407952600600,171.3926005859375,8.621125041425227,3.517207326453924,-3.078278441311419
1781099407977675500,171.41767553710937,8.612427355706691,3.5425180010601878,-3.073609280456602
1781099408002751200,171.44275122070312,8.612875099474191,3.5385990740507838,-3.0768638983383774
1781099408027827500,171.46782739257813,8.625844471162557,3.499512095287442,-3.0852319137111306
1781099408052902400,171.49290234375,8.64150615067482,3.462599830214679,-3.08305047801882
1781099408077978400,171.51797827148437,8.643328689926863,3.462059731988609,-3.0785365077257154
1781099408103053600,171.54305346679686,8.633649591955542,3.506601469026506,-3.05519654867053
1781099408128129000,171.56812890625,8.599937876489758,3.649290568822622,-2.982303161895275
1781099408153205000,171.593205078125,8.53193518436551,3.8695059758916495,-2.8988562324017284
1781099408178280000,171.61828002929687,8.425058279445768,4.150724425455928,-2.821399190972745
1781099408203356000,171.64335595703125,8.294040620481967,4.503792597961426,-2.663670342954993
1781099408228431000,171.66843115234374,8.160373908314108,4.861388769285381,-2.438362581183016
1781099408253506800,171.6935068359375,8.016271142327785,5.1963341328620904,-2.2153746406607326
1781099408278583000,171.7185830078125,7.868550185844302,5.500078594750166,-2.0013621798850596
1781099408303658000,171.7436579589844,7.697497453612089,5.806027873206138,-1.7913477027043698
1781099408328734000,171.76873388671876,7.472438990426063,6.153740071636438,-1.5698877024017273
1781099408353809000,171.79380883789062,7.219039398896694,6.51653702647388,-1.2611866410195827
1781099408378885000,171.81888500976564,6.975285003069042,6.8414680687755345,-0.8426939563147723
1781099408403960800,171.8439609375,6.695449240034819,7.150325343632698,-0.4628450001178309
1781099408429035800,171.86903588867187,6.499772354155779,7.340901691502332,-0.18581581893693655
1781099408454112000,171.8941120605469,6.705372668156027,7.151028523465991,-0.26677675856733696
1781099408479187000,171.91918701171875,6.851440012213588,6.99472327851057,-0.5495483375914395
1781099408504263000,171.94426293945313,6.737588592106103,7.1216954614758485,-0.23817095140581948
1781099408529339100,171.9693391113281,6.567332563209534,7.27154583120346,0.40639319118615236
1781099408554414000,171.9944140625,6.46347705193758,7.363633163270354,0.41327155252303927
1781099408579490000,172.01948999023438,6.47707127752602,7.358724348440766,0.25901595184011383
1781099408604565000,172.04456494140624,6.467990729969739,7.362557058471441,0.3581365983435884
1781099408629641000,172.0696408691406,6.394632648292183,7.419619254386425,0.47779305146802215
1781099408654717000,172.09471704101563,6.352380483496189,7.44922645714283,0.5715980011077597
1781099408679791900,172.1197919921875,6.303418007406592,7.488855287697911,0.5952687264872715
1781099408704867800,172.14486791992186,6.265066941702366,7.519277313968539,0.6162676388416439
1781099408729943000,172.1699431152344,6.251247675186395,7.5272151212304825,0.658247489502281
1781099408755019000,172.19501904296874,6.261075241717696,7.516662747555971,0.6848879514075815
1781099408780095000,172.22009497070312,6.257178818801045,7.5161898693472144,0.7245710694331675
1781099408805170200,172.2451701660156,6.249473066729307,7.516413741230965,0.7861537384472786
1781099408830246000,172.27024584960938,6.259456116083264,7.504815657895803,0.8168952059306204
1781099408855320800,172.29532080078124,6.275940217894315,7.493056246519088,0.7981552149515598
1781099408880396800,172.32039672851562,6.278838861945271,7.491381591305136,0.7910481594253331
1781099408905473000,172.34547314453124,6.25170477130413,7.515677828171849,0.7753227670270949
1781099408930548000,172.3705478515625,6.203823076188564,7.557530179995298,0.7528082990106195
1781099408955624000,172.3956240234375,6.158482882249355,7.595816948291659,0.7396218505054711
1781099408980699100,172.42069921875,6.124224638816714,7.6261501272350545,0.7113879088636488
1781099409005774800,172.44577490234374,6.099034083458781,7.650857867512107,0.6607379911437631
1781099409030850000,172.47085009765624,6.088359544709324,7.664085597875713,0.6033528103521093
1781099409055925800,172.49592578125,6.115266256335377,7.644893406149745,0.5739972077365965
1781099409081002000,172.521001953125,6.20778379651308,7.574640889272093,0.5085109919453039
1781099409106077000,172.54607690429688,6.370993414029479,7.446442963904142,0.36239527870137245
1781099409131153400,172.5711533203125,6.347984878885746,7.466798938712477,0.3470504100533202
1781099409156229400,172.5962294921875,6.409070338967442,7.415905786821246,0.313963511954993
1781099409181304300,172.62130419921874,6.48766573677659,7.349243987911939,0.2629571272139437
1781099409206380300,172.64638037109376,6.551875466358661,7.2929814179420465,0.23610612783050164
1781099409231455200,172.67145532226561,6.592711919137835,7.257460022705793,0.18920045640654862
1781099409256531200,172.69653125,6.5947343648761505,7.257193480724096,0.11423108534114434
1781099409281606100,172.72160620117188,6.623806145581603,7.231378071466088,0.05240422774103935
1781099409306682400,172.74668237304687,6.688802641627192,7.171490296736359,-0.00779353081989102
1781099409331758300,172.77175830078124,6.735701755446195,7.127146712619066,-0.06702181416100356
1781099409356833300,172.79683325195313,6.755497758284211,7.1076342028975485,-0.1230960539179854
1781099409381909200,172.8219091796875,6.7741802469223735,7.08888800137341,-0.16897040953282266
1781099409406984400,172.846984375,6.813796217995882,7.04949824027121,-0.21722957792496309
1781099409432060200,172.87206005859375,6.824153945881128,7.039161555173993,-0.22689039132092148
1781099409457136000,172.89713623046876,6.801070007413625,7.0615107496261595,-0.22553388041174038
1781099409482211300,172.92221142578126,6.77922116369903,7.082977900546789,-0.20966668665632604
1781099409507287300,172.94728735351563,6.784805101311206,7.0786167827278375,-0.17320616567274555
1781099409532362200,172.9723623046875,6.804871737784147,7.060286176267266,-0.1283689345533028
1781099409557438200,172.99743823242187,6.823059136381745,7.043079020878672,-0.10630090426323004
1781099409582514200,173.02251416015625,6.864307677093148,7.002727136746048,-0.11599788495111278
1781099409607589000,173.04758911132814,6.8915212627112865,6.97568247795403,-0.1311409382835962
1781099409632665000,173.0726650390625,6.859184927251935,7.007248413562774,-0.14303450656714847
1781099409657740300,173.097740234375,6.835894068035483,7.0295631212234495,-0.16186225802805274
1781099409682816300,173.1228161621094,6.823780436393618,7.040812244990468,-0.1825366146031767
1781099409707892200,173.14789233398437,6.798537274065613,7.06466073808968,-0.20218487953357397
1781099409732967200,173.17296728515626,6.769774120917916,7.0905661637187,-0.2538320281298831
1781099409758043400,173.19804345703125,6.756724669730663,7.102322067964076,-0.27222532456312326
1781099409783118300,173.22311840820313,6.739275522279739,7.118812014994025,-0.2740592071930878
1781099409808194000,173.24819409179688,6.712606126540899,7.144351529920101,-0.26381982672419396
1781099409833270300,173.27327026367186,6.687950993233919,7.167568154856562,-0.26005771597800775
1781099409858345200,173.29834521484375,6.673652418768405,7.180173369407654,-0.2790692721737549
1781099409883421200,173.32342114257813,6.668017043229937,7.184835515999794,-0.29331483781039713
1781099409908496100,173.34849609375,6.665445146915316,7.18715489885807,-0.29502365102227773
1781099409933572400,173.373572265625,6.661995883244276,7.189231705132126,-0.321231822457537
1781099409958648300,173.3986484375,6.6766855028539895,7.173340893039107,-0.3679809698792174
1781099409983723300,173.42372314453124,6.707014590144157,7.142482813438773,-0.41389304542224853
1781099410008799200,173.44879931640625,6.730926211607456,7.117382858973741,-0.4559833707200363
1781099410033874200,173.4738742675781,6.755533414119482,7.09308369949758,-0.47046183179710055
1781099410058950100,173.4989501953125,6.78435034328103,7.066286877986788,-0.4589207758788019
1781099410084026400,173.5240263671875,6.810694160327315,7.042857487082481,-0.4277507077198475
1781099410109101300,173.54910131835936,6.858144478288293,6.999907403150201,-0.3708489630635828
1781099410134177000,173.57417700195313,6.928401671341061,6.93653529343605,-0.22831920028133315
1781099410159252200,173.59925219726563,6.867936388984322,6.998707379710674,-0.14112040744097903
1781099410184328200,173.624328125,6.754228761261701,7.109084401705861,-0.10828748410372063
1781099410209404000,173.64940380859375,6.724189012306928,7.138280101051926,-0.024215913055941927
1781099410234479000,173.67447900390624,6.728841806548833,7.133913722535968,0.01886518940295209
1781099410259555000,173.69955517578126,6.701041360953449,7.159694645002484,0.07237229464375414
1781099410284630000,173.72463012695312,6.664611618700623,7.192090601694583,0.16493519919998942
1781099410309706000,173.7497060546875,6.711079355365038,7.146164716821908,0.2532632335322909
1781099410334782200,173.7747822265625,6.682493312349915,7.173157353165745,0.24590912617612629
1781099410359857200,173.79985717773437,6.5620899863809345,7.284419925823808,0.21581866994742302
1781099410384933000,173.82493310546874,6.364018314319849,7.460706467056274,0.08692509959866292
1781099410410008300,173.85000830078124,6.233060276588797,7.569252766492962,-0.16047825632374732
1781099410435084000,173.875083984375,6.077377547445893,7.678593431177735,-0.5244717640019952
1781099410460159000,173.90015893554687,5.852586795285344,7.813095425125956,-0.9344369319234043
1781099410485235000,173.92523486328125,5.463491616109013,8.017572872576118,-1.4280015895515679
1781099410510311200,173.95031127929687,4.8576042823106045,8.276419039073586,-2.0186606668189166
1781099410535386000,173.97538623046876,4.161195550587773,8.518927818754316,-2.5065336156114935
1781099410560462000,174.00046215820313,3.746938749887049,8.671183496057987,-2.634658475743234
1781099410585537300,174.02553735351563,2.8644083116158843,9.04406637610197,-2.484030984163284
1781099410610613000,174.05061303710937,1.7042032338671385,9.445122626706958,-2.0138839539363977
1781099410635689000,174.07568896484375,0.2483813980411738,9.736176533848047,-1.146979685472697
1781099410660764000,174.10076391601564,-0.8761214480116963,9.763257432997227,0.28569115626523267
1781099410685840100,174.12584008789062,-1.8455800820209085,9.444515892985462,1.88821160152331
1781099410710915000,174.1509150390625,-3.2567619080662724,8.870396154847741,2.622968622471392
1781099410735991000,174.1759909667969,-4.867160630685091,8.018233382311463,2.861654044471681
1781099410761067300,174.2010673828125,-6.4584601005583995,6.7169245742619035,3.0564044631555674
1781099410786142200,174.22614208984376,-8.034365017423033,4.877815880212188,2.797548067525029
1781099410811218000,174.2512180175781,-9.150230748838185,3.088684684513509,1.7040211552985012
1781099410836292900,174.27629296875,-9.709244687780737,1.2638846479319035,0.5509496192241087
1781099410861369000,174.301369140625,-9.798595872882007,-0.23777185081932692,-0.31839075381271537
1781099410886445000,174.32644506835936,-9.774881819817423,-0.7721218520939349,-0.16091500377319753
1781099410911520000,174.35152001953125,-9.753304778781533,-0.4690847347576171,0.9074099549185484
1781099410936596200,174.37659619140624,-9.48556744982004,0.20673649668963626,2.4802517578855157
1781099410961671200,174.40167114257812,-8.824250489744543,1.1308832678049803,4.1260266220510005
1781099410986747100,174.4267470703125,-8.429421150830388,2.2460579482160505,4.480007233226299
1781099411011823000,174.45182299804688,-8.542164901956916,2.8028590334147214,3.9173692585676907
1781099411036898000,174.47689794921874,-8.464884093877673,2.6158959076061845,4.203952157774568
1781099411061974000,174.50197412109375,-8.245829839542507,2.2642327795930206,4.801033377043902
1781099411087049000,174.5270490722656,-8.511445938566327,2.0365489363394675,4.4247193535074585
1781099411112125200,174.55212524414063,-9.118077368730306,1.6157387684725224,3.228069774328172
1781099411137201200,174.577201171875,-9.47456733237803,0.7685180554483085,2.4108796771042047
1781099411162276000,174.60227612304686,-9.619598903647065,-0.15693477503061293,1.8997562011055646
1781099411187352000,174.62735205078124,-9.652117609935999,-0.7348300131190568,1.570680606345087
1781099411212427300,174.65242724609374,-9.661125676777958,-0.9959605642266571,1.356870244012773
1781099411237503000,174.6775029296875,-9.688335755264758,-1.2075734165146945,0.9210320914272219
1781099411262578000,174.70257788085937,-9.687552495932579,-1.4255356378294526,0.5381092076776549
1781099411287654100,174.72765405273438,-9.665491470772027,-1.5859822203733025,0.4830363224163651
1781099411312730000,174.75273022460937,-9.639091539624333,-1.6688893439017236,0.6878239317942411
1781099411337805000,174.77780517578125,-9.615919338351487,-1.7377714492090046,0.8274258061647415
1781099411362881300,174.80288134765624,-9.571571662580967,-2.0144224447272716,0.7053373035877942
1781099411387956200,174.82795629882813,-9.506564060619473,-2.370529108145833,0.4197788520578295
1781099411413032000,174.85303198242187,-9.449017880579829,-2.6057337022930382,0.3108007370751351
1781099411438107100,174.87810717773436,-9.38345965899825,-2.8261864252492783,0.36570535309743135
1781099411463182000,174.90318212890625,-9.317114086431264,-3.042548956282437,0.32351375938225535
1781099411488258000,174.92825805664063,-9.264784764257072,-3.2051348889425393,0.24749723561778664
1781099411513333000,174.9533330078125,-9.165817025026678,-3.4805499129250643,0.20964893180392682
1781099411538409000,174.97840893554687,-9.054316551959515,-3.766415311512351,0.06205938771434594
1781099411563485200,175.00348510742188,-8.992472966986893,-3.9118341285333034,0.058073414217564276
1781099411588560100,175.02856005859374,-8.970770253744721,-3.959887380823493,0.12231868547047488
1781099411613636000,175.05363598632812,-8.97720817783773,-3.9469203472226857,0.04402566357480828
1781099411638711000,175.0787109375,-8.962810234650968,-3.9796611718297004,0.026725347726757172
1781099411663787000,175.103787109375,-8.920724074071645,-4.072345593006909,0.08406020255368202
1781099411688863000,175.12886303710937,-8.86131443824768,-4.200074439558387,0.08286932140183635
1781099411713938000,175.15393798828126,-8.776132063263654,-4.376054983581603,-0.0058723500740306914
1781099411739014100,175.17901416015624,-8.666948050445317,-4.5877062681838865,-0.08573209042181261
1781099411764089000,175.20408911132813,-8.534282039752602,-4.828056700786948,-0.16212856254773214
1781099411789165000,175.2291650390625,-8.38488175188005,-5.082003989326954,-0.19332120786467566
1781099411814241300,175.2542412109375,-8.241057218313216,-5.312099862158298,-0.192240025031846
1781099411839316200,175.27931616210938,-8.100246479609607,-5.521029028320312,-0.2731971835362725
1781099411864392000,175.30439184570312,-7.979800483542681,-5.689679375585913,-0.34744554685074835
1781099411889468200,175.32946826171874,-7.911199825525284,-5.78524928907156,-0.3379289459647611
1781099411914543000,175.35454321289063,-7.876216190427542,-5.834769399043918,-0.3017761209571734
1781099411939619000,175.379619140625,-7.8584572463750835,-5.858724859648943,-0.30062645773170515
1781099411964694000,175.40469409179687,-7.852996642881632,-5.8664434712022535,-0.29269597525969143
1781099411989770200,175.42977026367188,-7.814951282125711,-5.9182297725409265,-0.26734940735613927
1781099412014846200,175.45484619140626,-7.716044917693734,-6.048730129632354,-0.21424862588541582
1781099412039921200,175.47992114257812,-7.578249727419018,-6.222244868063926,-0.1555068245867267
1781099412064997000,175.5049970703125,-7.456859143978357,-6.3683601429164405,-0.09811530538583174
1781099412090073000,175.53007299804688,-7.376500828149914,-6.461659773382544,-0.06767161527266725
1781099412115148000,175.55514794921876,-7.335213708993792,-6.508554211026429,-0.06122432512969244
1781099412140224000,175.58022412109375,-7.324160400059819,-6.521193912369013,-0.03307315270076506
1781099412165300000,175.60530004882813,-7.3364879667133085,-6.507225592771172,0.048438338051061146
1781099412190375000,175.630375,-7.3704744074672455,-6.467751660516858,0.12116446480089797
1781099412215451000,175.65545092773436,-7.404098444649577,-6.428463021701574,0.15676835068883374
1781099412240526800,175.68052685546874,-7.416611889263987,-6.413852312546968,0.1635702857886441
1781099412265601800,175.70560180664063,-7.415166951152682,-6.415576652121543,0.16142741027474403
1781099412290677800,175.730677734375,-7.410643336248397,-6.4201733322620385,0.18472234287811443
1781099412315754000,175.75575390625,-7.40297324001193,-6.4263289322823285,0.2620613108853809
1781099412340829000,175.78082885742188,-7.411088157406449,-6.410133584284782,0.39541203417293724
1781099412365905000,175.80590478515626,-7.422975579077005,-6.3876218927472825,0.5177870986063033
1781099412390980900,175.83098095703124,-7.421725286754965,-6.387494466975331,0.536939579376392
1781099412416056800,175.85605688476562,-7.420174550181627,-6.3941889961779115,0.47512463597636667
1781099412441131800,175.8811318359375,-7.470896437159181,-6.342175315824151,0.36456411064043637
1781099412466208000,175.9062080078125,-7.563094828385114,-6.238176012167334,0.234815284302365
1781099412491284000,175.93128393554687,-7.637245521745085,-6.149786365574598,0.1516199823491741
1781099412516359700,175.9563596191406,-7.680165210539102,-6.09644348244369,0.13719770843875595
1781099412541435000,175.98143481445314,-7.691404397433995,-6.080580727401375,0.19804078373247758
1781099412566510800,176.0065107421875,-7.707353661715984,-6.058069035863876,0.2586102388497442
1781099412591586800,176.0315869140625,-7.7541878936052315,-5.995925591161847,0.3030348340476863
1781099412616663000,176.0566630859375,-7.811900077861547,-5.91982785538733,0.3166143187247217
1781099412641739000,176.08173901367186,-7.856074150630831,-5.8623722762405865,0.2916728792896494
1781099412666814000,176.10681396484375,-7.871330756473541,-5.843764606404304,0.250912487421371
1781099412691889700,176.1318896484375,-7.862931176918744,-5.856964279717206,0.20164759431909768
1781099412716966000,176.1569658203125,-7.858068539318442,-5.865047632929683,0.14952281827367842
1781099412742041900,176.18204174804688,-7.872443686151504,-5.846922193652391,0.09225382034075445
1781099412767118000,176.2071181640625,-7.895760264331102,-5.815743211534619,0.06691633079280145
1781099412792193800,176.23219384765625,-7.926162416857481,-5.774339772522449,0.05774211360369809
1781099412817268700,176.25726879882814,-7.969335203629732,-5.714644305494427,0.05400009579746984
1781099412842344700,176.2823447265625,-8.039446850731968,-5.615748462456464,0.032471254984592086
1781099412867421000,176.3074208984375,-8.122153190991282,-5.495450350427627,0.03236640865391818
1781099412892497000,176.33249682617188,-8.195271034172176,-5.3856771395444865,0.04895158936940133
1781099412917572900,176.35757275390625,-8.25873316025734,-5.2876346984654665,0.06810151285622268
1781099412942648800,176.38264892578124,-8.326009876194595,-5.180567239409685,0.09834853875297121
1781099412967724800,176.40772485351562,-8.404831483975052,-5.051470319375396,0.10880060299132019
1781099412992799700,176.4327998046875,-8.484963005310297,-4.915699912926554,0.10808745888643898
1781099413017876000,176.4578759765625,-8.528191906183958,-4.840735565096139,0.08725493434122764
1781099413042952000,176.48295190429687,-8.563971660095453,-4.777849485333264,0.03042649009990273
1781099413068028000,176.50802783203125,-8.615441735091805,-4.684404016655683,0.030116243690508415
1781099413093103900,176.53310375976562,-8.639500071549415,-4.638741751155257,0.10723224856290034
1781099413118179800,176.55817993164064,-8.638712720564007,-4.639269574421644,0.14215929463519714
1781099413143256300,176.58325634765626,-8.637205238610505,-4.642302366246283,0.13454831730797887
1781099413168332500,176.60833251953125,-8.658688171622156,-4.602067678752541,0.13592895801141858
1781099413193408500,176.63340844726562,-8.6965225199759,-4.529199718679488,0.16499787090634926
1781099413218484500,176.658484375,-8.740155909997224,-4.443952754026651,0.17703089332636446
1781099413243560400,176.683560546875,-8.773246863216162,-4.378010793824494,0.18317173416893928
1781099413268636400,176.70863647460936,-8.789310109266639,-4.346708477587998,0.15663626700807362
1781099413293711400,176.73371142578125,-8.78998055587411,-4.346976188613474,0.10207734088459983
1781099413318787600,176.75878759765624,-8.77811709960103,-4.370812991274893,0.10507083274531177
1781099413343863600,176.78386352539061,-8.748419880473612,-4.42791522693932,0.17057932430049402
1781099413368939500,176.808939453125,-8.709817470356821,-4.502766177523136,0.18589854705063624
1781099413394015500,176.83401538085937,-8.660572670194506,-4.597872272889316,0.1563135378597304
1781099413419091500,176.85909155273438,-8.614619897314906,-4.685212118168175,0.08655841257758438
1781099413444167400,176.88416748046876,-8.57936387501657,-4.7500201059043405,0.047027699501579624
1781099413469243600,176.90924365234375,-8.560145964327454,-4.784064414325356,0.08371129778446629
1781099413494319400,176.9343193359375,-8.545504275512695,-4.808500644184648,0.15187023078319617
1781099413519395300,176.95939526367187,-8.54159850024581,-4.813181203216314,0.21159266801653429
1781099413544471600,176.98447143554688,-8.561765674483775,-4.772309679123759,0.3026844131748192
1781099413569547500,177.00954760742187,-8.597684544605016,-4.698959488491714,0.41228995760716497
1781099413594623500,177.03462353515624,-8.619047066107392,-4.652665939350426,0.48488564007747914
1781099413619699500,177.05969946289062,-8.60967016595304,-4.673627186575532,0.44852176613509653
1781099413644775400,177.084775390625,-8.62186563065946,-4.657057744568586,0.3816193999355659
1781099413669851600,177.1098515625,-8.651678585121035,-4.594502211934328,0.4575990257557481
1781099413694927400,177.13492724609375,-8.689016089868545,-4.511028102172911,0.5674577960304915
1781099413720003300,177.16000341796874,-8.755939754584432,-4.385952692739665,0.5170364994347095
1781099413745079600,177.18507958984375,-8.812868679508567,-4.279465079398453,0.4357841208433732
1781099413770155500,177.21015551757813,-8.841998912402987,-4.22159069031775,0.40940570740774274
1781099413795231200,177.23523120117187,-8.845095124852657,-4.216056729327142,0.39943040296882387
1781099413820307500,177.26030737304689,-8.82664527592659,-4.255649319525062,0.3875102480724454
1781099413845382400,177.28538232421874,-8.811011653465032,-4.292247696343064,0.3362533774353564
1781099413870458400,177.31045825195312,-8.797052686217427,-4.324809657251834,0.27977714644847435
1781099413895534600,177.33553466796874,-8.77584389397204,-4.369795630925894,0.24461276622265576
1781099413920610300,177.3606103515625,-8.756288129630684,-4.409888864122331,0.22513622286366297
1781099413945686300,177.38568627929686,-8.750925141292809,-4.4220095100268715,0.19372555088186635
1781099413970762500,177.41076245117188,-8.768148078772425,-4.3899020148873324,0.13684456588583999
1781099413995838500,177.43583837890625,-8.791571039935945,-4.343818016843498,0.09955678203157149
1781099414020914400,177.46091455078124,-8.810246514311432,-4.305665688581764,0.10577633239985443
1781099414045990400,177.48599047851562,-8.825305551755427,-4.273926442232728,0.13385083656311034
1781099414071066400,177.51106640625,-8.836330219116807,-4.250743135043979,0.14435268562678247
1781099414096142600,177.536142578125,-8.84678614667952,-4.229746816505491,0.1183330864330288
1781099414121218600,177.5612185058594,-8.856905974155664,-4.209720804303884,0.06205305387168191
1781099414146294500,177.58629443359376,-8.863270248490572,-4.196633066932857,0.033032345766341314
1781099414171370500,177.61137060546875,-8.873389491444826,-4.175034398587048,0.04930683254785836
1781099414196446700,177.63644677734376,-8.88893426657915,-4.141470859420299,0.07384984724987298
1781099414221522700,177.6615227050781,-8.905763236305116,-4.104860207642615,0.08880369815318845
1781099414246597600,177.68659765625,-8.922295268911123,-4.068890191856027,0.08465728253084234
1781099414271673600,177.71167358398438,-8.932975068357587,-4.045656031262874,0.07071538058246951
1781099414296749600,177.73674951171876,-8.93451820614636,-4.0424364846944805,0.05892523614077363
1781099414321825500,177.76182543945313,-8.933438009694218,-4.044962496040761,0.04846756871212274
1781099414346901800,177.78690185546876,-8.92806274639666,-4.056885281285643,0.04193301584422588
1781099414371977500,177.8119775390625,-8.918961156052351,-4.0769869890719646,0.026340250549442133
1781099414397053400,177.83705346679687,-8.912145630818605,-4.091918600744009,0.01577918439510977
1781099414422129700,177.8621296386719,-8.911624821814895,-4.092945605704188,0.033516373273485806
1781099414447205600,177.88720556640624,-8.91566152998507,-4.083900129461288,0.05594748070531059
1781099414472281600,177.91228149414061,-8.91966901206076,-4.0751512980774045,0.05504595158859156
1781099414497356500,177.9373564453125,-8.920669713535904,-4.0731437576472755,0.03916491197091527
1781099414522432500,177.9624326171875,-8.917371256512403,-4.080496750758588,0.02041288577747764
1781099414547508500,177.98750854492187,-8.917481146627663,-4.080289537748694,0.012190294199314666
1781099414572584700,178.01258471679688,-8.920873711675405,-4.072841559830308,0.018878776111954355
1781099414597660400,178.03766040039062,-8.9280832046628,-4.056954839390516,0.028835391833423634
1781099414622736600,178.06273657226564,-8.936786151078342,-4.0375796923130745,0.046786396992416115
1781099414647812600,178.0878125,-8.945461040443181,-4.018173273314535,0.058265502723562526
1781099414672888600,178.112888671875,-8.951038548314571,-4.005646969218552,0.06392616340033709
1781099414697963500,178.1379636230469,-8.951928775152563,-4.003717754721642,0.06003194614050444
1781099414723039700,178.16303979492187,-8.94848535670042,-4.011463254281878,0.05613972904151305
1781099414748115500,178.1881154785156,-8.945680820673704,-4.017644865526258,0.06093465800073463
1781099414773191700,178.21319165039063,-8.948384818935393,-4.011469684022665,0.07005869763887021
1781099414798267600,178.238267578125,-8.95101867457032,-4.005445016905665,0.07788008914664388
1781099414823343600,178.26334350585938,-8.95141205780208,-4.004658834964037,0.07290911863392684
1781099414848418600,178.28841845703124,-8.951350098481774,-4.004966293478012,0.06295229056661482
1781099414873494500,178.31349462890626,-8.952634877595305,-4.002182800239324,0.056958077953383326
1781099414898570500,178.33857055664063,-8.958216477119922,-3.9895042281910773,0.06779792679976672
1781099414923646700,178.36364672851562,-8.968010725903511,-3.9669799694329497,0.09077165549159981
1781099414948722700,178.38872265625,-8.971679769805073,-3.95755192361325,0.1308785610203631
1781099414973798400,178.41379833984374,-8.962457767951488,-3.9781875921458005,0.13696905991518868
1781099414998873600,178.43887353515626,-8.96230520773828,-3.9795799232870337,0.10205287316362373
