time,seconds_elapsed,z,y,x
1781099236662109700,0.102109619140625,0.0016746711917221546,0.04221160709857941,-0.013333488255739212
1781099236687184600,0.1271845703125,-0.008743246085941792,0.014578258618712425,-0.019155871123075485
1781099236712259600,0.152259521484375,-0.025471508502960205,-0.027442481368780136,0.015905022621154785
1781099236737334500,0.17733447265625,-0.02187487669289112,-0.006583430338650942,0.003021225333213806
1781099236762409700,0.20240966796875,-0.027151869609951973,-0.019505828619003296,-0.028992854058742523
1781099236787484700,0.227484619140625,-0.01542757824063301,-0.05235012620687485,-0.04154781624674797
1781099236812559600,0.2525595703125,-0.002011621370911598,-0.06315567344427109,0.028713032603263855
1781099236837634600,0.277634521484375,-0.010582802817225456,-0.06416719406843185,0.0669594407081604
1781099236862709500,0.30270947265625,-0.01549302227795124,-0.011337323114275932,0.038734838366508484
1781099236887784400,0.327784423828125,-0.00930764153599739,0.040393054485321045,-0.024526508525013924
1781099236912859600,0.352859619140625,0.0046280138194561005,0.06303693354129791,-0.03737104684114456
1781099236937934600,0.3779345703125,-0.001467429450713098,0.005598138552159071,-0.005339347291737795
1781099236963008800,0.4030087890625,-0.0023623062297701836,0.025011098012328148,0.022734833881258965
1781099236988083700,0.428083740234375,0.008910340256989002,0.06311450898647308,0.004540120717138052
1781099237013159000,0.453158935546875,0.00915728323161602,0.05804630368947983,-0.012453990988433361
1781099237038233900,0.47823388671875,0.000049320515245199203,0.03262145817279816,0.031524963676929474
1781099237063309800,0.503309814453125,-0.01640251651406288,0.01543699111789465,0.08304821699857712
1781099237088384800,0.528384765625,-0.010323398746550083,0.06905494630336761,0.049506932497024536
1781099237113459700,0.553459716796875,-0.009276803582906723,0.08413730561733246,0.012954726815223694
1781099237138535000,0.578534912109375,-0.021267589181661606,0.04284736141562462,0.020756829530000687
1781099237163609900,0.60360986328125,-0.03193316236138344,0.044374626129865646,-0.0005062655545771122
1781099237188685000,0.62868505859375,-0.02778555452823639,0.07959173619747162,-0.057789262384176254
1781099237213760000,0.653760009765625,-0.022687070071697235,0.027045758441090584,-0.021452732384204865
1781099237238835000,0.6788349609375,-0.030772458761930466,-0.07128389924764633,0.06101631000638008
1781099237263910000,0.703909912109375,-0.017288384959101677,-0.2091892659664154,0.04436615854501724
1781099237288984800,0.72898486328125,0.0006995194125920534,-0.22455854713916779,-0.021233221516013145
1781099237314060000,0.75406005859375,0.010317258536815643,-0.01566152088344097,-0.131547212600708
1781099237339135000,0.779135009765625,0.0038676680997014046,0.1511024385690689,-0.19201718270778656
1781099237364211000,0.8042109375,0.02634035050868988,0.1447618454694748,-0.0892544761300087
1781099237389286000,0.829285888671875,0.013399302028119564,0.06919020414352417,0.01403041835874319
1781099237414360800,0.85436083984375,0.018401717767119408,0.009497374296188354,-0.001738501712679863
1781099237439436000,0.87943603515625,0.011806830763816833,-0.008221333846449852,-0.05112319067120552
1781099237464511000,0.904510986328125,-0.01307674590498209,-0.0012520449236035347,-0.03927033767104149
1781099237489586000,0.9295859375,-0.04744921252131462,-0.06692402064800262,0.08054036647081375
1781099237514660900,0.954660888671875,-0.06949566304683685,-0.10553532838821411,0.0847012847661972
1781099237539737000,0.979737060546875,-0.09764846414327621,-0.080736443400383,0.005636535584926605
1781099237564812000,1.00481201171875,-0.09303519874811172,0.05230369046330452,-0.07125197350978851
1781099237589887000,1.029886962890625,-0.10096856951713562,0.1360434740781784,-0.14590126276016235
1781099237614962000,1.0549619140625,-0.10667978972196579,0.10922345519065857,-0.12303569167852402
1781099237640036900,1.080036865234375,-0.12989850342273712,-0.018640633672475815,0.04245955869555473
1781099237665111800,1.10511181640625,-0.15526622533798218,-0.17926010489463806,0.21315057575702667
1781099237690188000,1.13018798828125,-0.13624289631843567,-0.25518572330474854,0.2198365181684494
1781099237715263000,1.155262939453125,-0.09304799884557724,-0.1570170372724533,0.09874660521745682
1781099237740338000,1.180337890625,-0.05388094484806061,-0.0019312488147988915,-0.11963137239217758
1781099237765412900,1.205412841796875,-0.03133536875247955,0.023609478026628494,-0.15885035693645477
1781099237790488800,1.23048876953125,-0.05600692331790924,-0.075029656291008,-0.08314710110425949
1781099237815564000,1.25556396484375,-0.04972819983959198,-0.10350209474563599,-0.06007421389222145
1781099237840639000,1.280638916015625,-0.05101677030324936,-0.07161493599414825,-0.0031753680668771267
1781099237865714000,1.3057138671875,-0.042093198746442795,-0.0011231714161112905,-0.037585217505693436
1781099237890790000,1.330789794921875,-0.027045942842960358,0.05451192706823349,-0.14916273951530457
1781099237915864800,1.35586474609375,-0.028140904381871223,0.04781042039394379,-0.18139350414276123
1781099237940940000,1.38093994140625,-0.04210565984249115,0.027628660202026367,-0.15562498569488525
1781099237966015000,1.406014892578125,-0.01245230995118618,0.0739237442612648,-0.18105646967887878
1781099237991091200,1.43109130859375,-0.024800311774015427,0.07812625914812088,-0.15155233442783356
1781099238016166100,1.456166259765625,-0.033590175211429596,0.018102839589118958,-0.07383742183446884
1781099238041241000,1.481240966796875,-0.013081945478916168,0.03817485645413399,-0.05994927138090134
1781099238066317300,1.5063173828125,-0.01392261404544115,0.06648551672697067,-0.04772559925913811
1781099238091392300,1.531392333984375,-0.01644577644765377,0.07852208614349365,-0.037004321813583374
1781099238116467200,1.55646728515625,-0.024899251759052277,0.02606826275587082,-0.01875878870487213
1781099238141543200,1.581543212890625,-0.030380303040146828,-0.048455242067575455,-0.008783118799328804
1781099238166618000,1.6066181640625,-0.010965592227876186,0.003776213154196739,-0.02335437200963497
1781099238191693300,1.631693359375,0.0036164461635053158,0.15280646085739136,-0.09565261006355286
1781099238216769300,1.656769287109375,0.008528758771717548,0.09266898036003113,-0.08939434587955475
1781099238241844200,1.68184423828125,0.004248498473316431,-0.04851294681429863,0.03574224188923836
1781099238266919200,1.706919189453125,-0.004945000167936087,-0.15827220678329468,0.037231478840112686
1781099238291995400,1.731995361328125,0.023669039830565453,-0.06263865530490875,-0.010608507320284843
1781099238317070300,1.7570703125,0.024591127410531044,-0.012051940895617008,-0.0697561725974083
1781099238342145300,1.782145263671875,0.01608828268945217,-0.026902226731181145,-0.08298692107200623
1781099238367221000,1.807220947265625,-0.0011056048097088933,-0.05709083750844002,-0.07095418870449066
1781099238392296200,1.832296142578125,-0.036854445934295654,-0.11153067648410797,-0.09310868382453918
1781099238417371400,1.857371337890625,-0.07655259221792221,-0.022081216797232628,-0.23575185239315033
1781099238442447000,1.882447021484375,-0.12176916748285294,0.0491362027823925,-0.46634921431541443
1781099238467522000,1.90752197265625,-0.1169223040342331,0.19228984415531158,-0.35006794333457947
1781099238492597000,1.932596923828125,-0.268893837928772,0.04478885233402252,-0.14760391414165497
1781099238517673200,1.957673095703125,-0.40134239196777344,-0.20826546847820282,-0.01721583679318428
1781099238542748200,1.982748046875,-0.4227014183998108,-0.4572722613811493,0.12278744578361511
1781099238567824100,2.00782421875,-0.3068450689315796,-0.34610989689826965,0.11807136237621307
1781099238592899300,2.0328994140625,-0.22835853695869446,0.07545090466737747,-0.054888252168893814
1781099238617974300,2.057974365234375,-0.21769551932811737,0.30745023488998413,-0.16817961633205414
1781099238643050200,2.08305029296875,-0.3082846701145172,0.004556708503514528,-0.11769530922174454
1781099238668125200,2.108125244140625,-0.21872012317180634,-0.07949710637331009,0.1428665667772293
1781099238693200100,2.1332001953125,-0.03469039127230644,-0.1274809092283249,0.17106221616268158
1781099238718276400,2.1582763671875,0.08105777949094772,0.09271137416362762,-0.009449237026274204
1781099238743351300,2.183351318359375,0.07354728877544403,0.2452695369720459,-0.055067989975214005
1781099238768426200,2.20842626953125,-0.0011696466244757175,0.059538766741752625,-0.0837569460272789
1781099238793502200,2.233502197265625,-0.0018883211305364966,-0.07341273128986359,-0.06538209319114685
1781099238818577400,2.258577392578125,0.019134270027279854,-0.27316418290138245,-0.01860649138689041
1781099238843653000,2.283653076171875,0.043848440051078796,-0.22323362529277802,0.012155238538980484
1781099238868728000,2.30872802734375,0.07390253245830536,-0.07558444142341614,-0.003618613351136446
1781099238893803000,2.333802978515625,0.07809147983789444,-0.042819757014513016,-0.08429742604494095
1781099238918879200,2.358879150390625,0.060477402061223984,-0.06554590910673141,-0.1115172803401947
1781099238943955000,2.383954833984375,0.022429801523685455,-0.11428181082010269,-0.01377398706972599
1781099238969030000,2.40902978515625,-0.019935498014092445,-0.1785375475883484,0.12828324735164642
1781099238994105900,2.43410595703125,-0.04788757488131523,-0.2815866470336914,0.22941409051418304
1781099239019180800,2.459180908203125,-0.02143314853310585,-0.37090760469436646,0.28587064146995544
1781099239044255700,2.484255859375,0.0026650531217455864,-0.21391016244888306,0.17685657739639282
1781099239069332000,2.50933203125,0.015030236914753914,-0.10643637180328369,0.03196636214852333
1781099239094407000,2.534406982421875,-0.01854328066110611,-0.019877133890986443,0.050329286605119705
1781099239119481900,2.55948193359375,-0.02801593206822872,0.06634529680013657,0.052789997309446335
1781099239144558000,2.58455810546875,-0.01813795045018196,0.15090520679950714,0.019842714071273804
1781099239169633000,2.609633056640625,0.0057159424759447575,0.2334180325269699,-0.019214695319533348
1781099239194708000,2.6347080078125,0.0033062866423279047,0.22676807641983032,-0.1260138750076294
1781099239219783700,2.65978369140625,-0.019157294183969498,0.14917303621768951,-0.10943284630775452
1781099239244858600,2.684858642578125,-0.02681858465075493,-0.014480709098279476,0.04629695415496826
1781099239269933800,2.709933837890625,-0.034039635211229324,-0.052685193717479706,0.17111727595329285
1781099239295009800,2.735009765625,-0.06992804259061813,-0.13105018436908722,0.2770831882953644
1781099239320084700,2.760084716796875,-0.07175388187170029,-0.03921104222536087,0.28438854217529297
1781099239345159700,2.78515966796875,-0.03823857754468918,0.15699979662895203,0.08980728685855865
1781099239370236000,2.81023583984375,-0.002414946909993887,0.20761790871620178,-0.1730303168296814
1781099239395310800,2.835310791015625,0.020518681034445763,0.17914137244224548,-0.388984352350235
1781099239420385800,2.8603857421875,-0.028102219104766846,0.08247126638889313,-0.48336851596832275
1781099239445461800,2.885461669921875,-0.1949261873960495,0.4145544171333313,-0.15046332776546478
1781099239470537000,2.910536865234375,-0.4243448078632355,0.48084717988967896,0.23456229269504547
1781099239495612000,2.93561181640625,-0.5861818194389343,-0.03121444582939148,0.3830631375312805
1781099239520687900,2.96068798828125,-0.6737781167030334,-0.44351768493652344,0.4308633804321289
1781099239545762800,2.9857626953125,-0.7898846864700317,-0.7531940937042236,0.3439948558807373
1781099239570837800,3.010837646484375,-0.8948150277137756,-0.6143178939819336,0.29454508423805237
1781099239595914000,3.0359140625,-0.9169021248817444,-0.45903268456459045,-0.021965419873595238
1781099239620989000,3.060989013671875,-0.8941472768783569,-0.03744657710194588,-0.13407787680625916
1781099239646063900,3.08606396484375,-0.8000047206878662,-0.051663242280483246,-0.1280236393213272
1781099239671139800,3.111139892578125,-0.7851828336715698,-0.06007232144474983,-0.07612946629524231
1781099239696215000,3.136215087890625,-0.7274479866027832,-0.6441741585731506,0.16076898574829102
1781099239721290000,3.1612900390625,-0.4897378385066986,-0.8927318453788757,0.40540868043899536
1781099239746365000,3.186364990234375,-0.5347084999084473,-0.6433400511741638,0.336819052696228
1781099239771440600,3.211440673828125,-0.614763617515564,-0.4612288475036621,0.2063724249601364
1781099239796515800,3.236515869140625,-0.716513454914093,-0.6244704127311707,0.20115065574645996
1781099239821590800,3.2615908203125,-0.7982595562934875,-0.6292442679405212,0.2070779651403427
1781099239846666800,3.286666748046875,-0.6355593800544739,-0.566193699836731,0.08460582047700882
1781099239871741700,3.31174169921875,-0.5617378354072571,-0.28120213747024536,-0.1206357330083847
1781099239896816600,3.336816650390625,-0.4099964499473572,0.05717264115810394,-0.23950642347335815
1781099239921266700,3.3612666015625,-0.27955561876296997,0.03370766341686249,-0.3008701801300049
1781099239946342000,3.386341796875,-0.25237902998924255,-0.24285130202770233,-0.21673785150051117
1781099239971417900,3.41141796875,-0.30296456813812256,-0.506797194480896,0.025352928787469864
1781099239996492800,3.436492919921875,-0.314253568649292,-0.6400712132453918,0.21355119347572327
1781099240021567700,3.461567626953125,-0.13894763588905334,-0.3737845718860626,0.13115400075912476
1781099240046644000,3.48664404296875,-0.04340390861034393,-0.08799692243337631,-0.05337390676140785
1781099240071719000,3.511718994140625,-0.03780354931950569,0.14622662961483002,-0.211446613073349
1781099240096793900,3.5367939453125,-0.10940205305814743,0.3474752604961395,-0.22519807517528534
1781099240121869800,3.561869873046875,-0.16366618871688843,0.21661628782749176,-0.27069878578186035
1781099240146944800,3.58694482421875,-0.15644969046115875,0.1344824731349945,-0.2779265344142914
1781099240172020000,3.61202001953125,-0.041240811347961426,0.2232283353805542,-0.3392676115036011
1781099240197095000,3.637094970703125,0.23419289290905,0.9578856825828552,-0.46834036707878113
1781099240222171000,3.6621708984375,0.2646528482437134,1.7216837406158447,-0.018003523349761963
1781099240247245800,3.687245849609375,0.4429514408111572,1.5551434755325317,0.05476462095975876
1781099240272321000,3.712321044921875,0.16680100560188293,1.0544103384017944,0.39553120732307434
1781099240297397000,3.73739697265625,-0.1275472342967987,0.29394280910491943,0.7423129081726074
1781099240322472000,3.762471923828125,-0.1540776789188385,-0.10219884663820267,0.8048569560050964
1781099240347547000,3.787546875,-0.022466003894805908,0.020852401852607727,1.4907256364822388
1781099240372621800,3.812621826171875,-0.33281248807907104,-0.6175439357757568,1.8379610776901245
1781099240397698000,3.837697998046875,-0.5411832332611084,-1.6714704036712646,1.709570050239563
1781099240422773000,3.86277294921875,-1.0222759246826172,-2.186854362487793,1.2906951904296875
1781099240447848000,3.887847900390625,-1.9120538234710693,-2.2511472702026367,0.33188191056251526
1781099240472924000,3.912923828125,-1.630025863647461,-0.7536664009094238,-0.22146734595298767
1781099240497998800,3.937998779296875,-1.0642386674880981,0.06107668951153755,-0.875240683555603
1781099240523073800,3.96307373046875,-0.6957052946090698,0.4615854024887085,-1.2621824741363525
1781099240548149800,3.988149658203125,-0.35368049144744873,-0.1304284632205963,-1.146531105041504
1781099240573224700,4.013224609375,-0.3277874290943146,-0.10332753509283066,-0.31153222918510437
1781099240598300000,4.0382998046875,-0.5262842774391174,-0.729503333568573,0.3534388542175293
1781099240623374800,4.063374755859375,0.10337884724140167,-1.3546347618103027,0.9129301309585571
1781099240648450800,4.088450927734375,0.42627134919166565,-0.9950575828552246,0.8756726980209351
1781099240673525800,4.11352587890625,0.01974795013666153,-1.3842066526412964,0.5640875101089478
1781099240698600700,4.1386005859375,-0.3088131546974182,-1.120934009552002,0.8429005146026611
1781099240723677000,4.163677001953125,-0.4229535162448883,0.21682830154895782,0.9197876453399658
1781099240748752000,4.188751953125,0.28360816836357117,-0.07246436923742294,0.09284421801567078
1781099240773826800,4.213826904296875,0.6111595034599304,-0.9982258677482605,0.056105174124240875
1781099240798901800,4.23890185546875,0.8393899202346802,-2.661267042160034,0.5131051540374756
1781099240823978000,4.26397802734375,1.141862392425537,-3.7501978874206543,1.018262267112732
1781099240849053000,4.289052978515625,1.3946455717086792,-3.9564452171325684,1.2562737464904785
1781099240874128000,4.3141279296875,1.6659176349639893,-3.983652114868164,1.3212248086929321
1781099240899203800,4.339203857421875,2.445739984512329,-3.3625078201293945,0.9728202223777771
1781099240924279000,4.364279052734375,3.247905731201172,-2.8623390197753906,0.03771258518099785
1781099240949353200,4.389353271484375,4.07813835144043,-2.174020528793335,-0.09052444249391556
1781099240974429400,4.414429443359375,3.8161416053771973,-0.007037341129034758,-0.3809172213077545
1781099240999504400,4.43950439453125,2.273852825164795,0.5637211799621582,-1.3196333646774292
1781099241024579300,4.464579345703125,1.858806848526001,0.10170462727546692,-1.9844104051589966
1781099241049654300,4.489654296875,2.2677361965179443,-1.6145169734954834,-1.9840362071990967
1781099241074730500,4.51473046875,2.7674646377563477,-2.8464362621307373,-0.23717941343784332
1781099241099805400,4.539805419921875,2.313706874847412,-2.6889266967773438,1.1685447692871094
1781099241124880400,4.56488037109375,1.3321036100387573,-3.318502187728882,1.5868438482284546
1781099241149956400,4.589956298828125,1.3760771751403809,-4.316028594970703,2.0368974208831787
1781099241175031300,4.61503125,1.0623971223831177,-4.849954128265381,2.1983540058135986
1781099241200106500,4.6401064453125,1.1509511470794678,-5.807236671447754,2.6858692169189453
1781099241225182200,4.66518212890625,1.4251339435577393,-5.53573751449585,3.4018149375915527
1781099241250257200,4.690257080078125,1.646215558052063,-5.16990852355957,3.5123462677001953
1781099241275332400,4.715332275390625,1.588470220565796,-5.921961307525635,1.9784265756607056
1781099241300408300,4.740408203125,0.22867216169834137,-0.8135714530944824,-3.3646085262298584
1781099241325483300,4.765483154296875,2.2951810359954834,1.1698378324508667,-1.4322600364685059
1781099241350558200,4.79055810546875,1.8186753988265991,0.6581127047538757,-1.3153865337371826
1781099241375634400,4.815634521484375,1.6007012128829956,-0.317697674036026,-1.5518784523010254
1781099241400709400,4.84070947265625,1.7415212392807007,-1.5202516317367554,-0.1432441622018814
1781099241425784300,4.865784423828125,2.2508020401000977,-1.2655093669891357,0.19815020263195038
1781099241450860300,4.8908603515625,1.8299075365066528,0.5094771981239319,-0.6813479065895081
1781099241475935200,4.915935302734375,1.2849957942962646,0.5712704062461853,-0.8420730233192444
1781099241501010400,4.941010498046875,0.2960442304611206,-2.605447292327881,1.128448486328125
1781099241526086400,4.96608642578125,0.13403354585170746,-3.799771547317505,1.7199201583862305
1781099241551161300,4.991161376953125,2.182277202606201,-1.8669506311416626,0.2093546837568283
1781099241576237600,5.016237548828125,0.7213523387908936,-0.8300721049308777,0.3049801290035248
1781099241601312500,5.0413125,0.7015036344528198,-0.5235598087310791,0.2985556125640869
1781099241626387500,5.066387451171875,0.09561978280544281,-0.47864830493927,-0.0256043653935194
1781099241651463200,5.091463134765625,0.09508658200502396,-0.5201155543327332,0.06592602282762527
1781099241676538000,5.1165380859375,0.25299233198165894,-0.6437946557998657,0.21128375828266144
1781099241701613300,5.14161328125,-0.0028460335452109575,-0.1770453304052353,0.03819191828370094
1781099241726689300,5.166689208984375,-0.03877254202961922,-0.03532496839761734,-0.06985989958047867
1781099241751764200,5.19176416015625,0.1470532864332199,-0.010999556630849838,-0.11735864728689194
1781099241776840400,5.21684033203125,1.6921563148498535,0.6870682239532471,-0.10867318511009216
1781099241801915400,5.241915283203125,2.435270071029663,-0.15580792725086212,0.021135995164513588
1781099241826990300,5.266990234375,2.7425642013549805,-1.2158634662628174,0.4052063524723053
1781099241852066300,5.29206640625,3.1806323528289795,-1.2632814645767212,0.3284203112125397
1781099241877141200,5.317141357421875,3.4883434772491455,-0.5319709777832031,-0.9536651968955994
1781099241902217500,5.342217529296875,2.830348014831543,-0.9298102855682373,-1.2816331386566162
1781099241927292400,5.36729248046875,2.572378635406494,0.26006385684013367,0.14649759232997894
1781099241952367900,5.392367919921875,2.1036882400512695,0.043794404715299606,-0.3015221655368805
1781099241977442800,5.41744287109375,3.4073195457458496,0.5435560345649719,-1.417553186416626
1781099242002518000,5.44251806640625,0.49870383739471436,0.10370738804340363,-1.8860456943511963
1781099242027593700,5.46759375,0.0767907202243805,-1.613200306892395,-1.0732996463775635
1781099242052669000,5.4926689453125,-1.1407769918441772,-0.7753329873085022,-0.17806881666183472
1781099242077744600,5.51774462890625,-0.6406842470169067,0.03106396272778511,-0.37155187129974365
1781099242102819800,5.54281982421875,-0.15406599640846252,0.4417685270309448,-0.3081299364566803
1781099242127894800,5.567894775390625,-0.23327793180942535,0.29163485765457153,0.13124427199363708
1781099242152970800,5.592970703125,-0.10282274335622787,0.18574663996696472,-0.016069291159510612
1781099242178045700,5.618045654296875,0.011961533688008785,-0.08784393221139908,0.20185202360153198
1781099242203122000,5.643121826171875,-0.003556585870683193,-0.01347934640944004,0.014308881014585495
1781099242228196900,5.66819677734375,-0.0819656103849411,0.04799725115299225,-0.08045332878828049
1781099242253272800,5.69327294921875,-0.0972914844751358,-0.0687146708369255,0.006019614636898041
1781099242278347800,5.71834765625,-0.0676146075129509,-0.037922218441963196,0.041471559554338455
1781099242303423000,5.743423095703125,-0.0835409015417099,-0.0033655031584203243,-0.009804502129554749
1781099242328499000,5.7684990234375,-0.13282349705696106,-0.09149577468633652,-0.026353348046541214
1781099242353574000,5.793573974609375,-0.18433170020580292,-0.06702258437871933,-0.003843264654278755
1781099242378649900,5.81864990234375,-0.21524794399738312,0.0021622320637106895,0.08922792971134186
1781099242403724800,5.843724853515625,-0.20322321355342865,0.05390981212258339,0.11385688930749893
1781099242428800800,5.86880078125,-0.1925504058599472,0.040682725608348846,0.09393659234046936
1781099242453875700,5.893875732421875,-0.21710535883903503,-0.031608473509550095,0.06084147468209267
1781099242478950700,5.91895068359375,-0.1884405016899109,-0.057174328714609146,0.07705149799585342
1781099242504027000,5.94402685546875,-0.11293589323759079,0.06213143840432167,0.13159753382205963
1781099242529101800,5.969101806640625,-0.012492766603827477,0.14594116806983948,0.12839286029338837
1781099242554177800,5.994177734375,0.06203120946884155,0.05957603082060814,0.07565397769212723
1781099242579252700,6.019252685546875,0.14559848606586456,0.009010856971144676,0.07164717465639114
1781099242604329000,6.044328857421875,0.2264356017112732,-0.00006531403778353706,0.04965589568018913
1781099242629404000,6.06940380859375,0.27488577365875244,0.03776926174759865,0.042532823979854584
1781099242654478800,6.094478759765625,0.30395761132240295,0.06278615444898605,0.054804105311632156
1781099242679554800,6.119554931640625,0.30808889865875244,-0.0036530049983412027,0.03335365653038025
1781099242704630000,6.144630126953125,0.27475225925445557,-0.052176788449287415,0.013497375883162022
1781099242729705700,6.169705810546875,0.26323646306991577,-0.03785891458392143,0.05323335528373718
1781099242754780700,6.19478076171875,0.23972584307193756,0.004087280482053757,0.13147196173667908
1781099242779857000,6.21985693359375,0.18177075684070587,-0.038961078971624374,0.15186947584152222
1781099242804931800,6.244931884765625,0.10970301181077957,-0.0885428637266159,0.15729382634162903
1781099242830006800,6.2700068359375,0.020568160340189934,-0.0783376693725586,0.1948051005601883
1781099242855082800,6.295082763671875,-0.0056935385800898075,0.02469523996114731,0.2770134508609772
1781099242880158000,6.320157958984375,0.05532347783446312,0.09908439964056015,0.3384948670864105
1781099242905234000,6.34523388671875,0.09899905323982239,0.09631962329149246,0.34036657214164734
1781099242930308900,6.370308837890625,0.09730738401412964,0.07727733254432678,0.2985554039478302
1781099242955384600,6.395384521484375,0.048974912613630295,0.06468979269266129,0.27835899591445923
1781099242980460500,6.42046044921875,0.04400448128581047,0.0588715486228466,0.2943173050880432
1781099243005535500,6.445535400390625,0.04791718348860741,0.016894057393074036,0.29809755086898804
1781099243030611500,6.470611572265625,0.02237517200410366,-0.04984622076153755,0.26309579610824585
1781099243055686400,6.495686279296875,-0.038681574165821075,-0.04153043404221535,0.15657298266887665
1781099243080762600,6.5207626953125,-0.11357549577951431,-0.01295002643018961,-0.09460911899805069
1781099243105837600,6.545837646484375,-0.14136898517608643,-0.06918572634458542,-0.2635296583175659
1781099243130912500,6.57091259765625,-0.08725405484437943,-0.06887010484933853,-0.24042750895023346
1781099243155988700,6.59598876953125,-0.03300680220127106,-0.09755542129278183,-0.05411325767636299
1781099243181063700,6.621063720703125,0.00604241993278265,-0.04688467085361481,0.11732302606105804
1781099243206139600,6.6461396484375,0.020826011896133423,0.016154825687408447,0.12857607007026672
1781099243231214600,6.671214599609375,0.028987150639295578,0.03403041884303093,0.057394709438085556
1781099243256289500,6.69628955078125,0.039237555116415024,0.0008289391989819705,-0.021168584004044533
1781099243281365800,6.72136572265625,0.049217589199543,-0.04208824411034584,-0.06211918964982033
1781099243306440700,6.746440673828125,0.06481309980154037,-0.02847895585000515,-0.03860735893249512
1781099243331516400,6.771516357421875,0.07835467159748077,-0.05125708505511284,0.012454638257622719
1781099243356591600,6.796591552734375,0.0510023795068264,-0.0732053741812706,0.04878094792366028
1781099243381666600,6.82166650390625,-0.009493573568761349,-0.07107412815093994,0.044822826981544495
1781099243406742500,6.846742431640625,-0.06980540603399277,-0.10561224073171616,0.026350069791078568
1781099243431817500,6.8718173828125,-0.10709685832262039,-0.11848082393407822,0.01928148791193962
1781099243456893700,6.896893798828125,-0.13595043122768402,-0.11736081540584564,0.01134039182215929
1781099243481968600,6.92196875,-0.15089283883571625,-0.08986500650644302,0.010978277772665024
1781099243507043600,6.947043701171875,-0.145231693983078,-0.06763891130685806,0.03052804246544838
1781099243532119600,6.97211962890625,-0.12238440662622452,-0.05416042357683182,0.05185282230377197
1781099243557194500,6.997194580078125,-0.08503088355064392,-0.037745650857686996,0.04421994462609291
1781099243582270700,7.022270751953125,-0.047914549708366394,-0.006183198653161526,0.03778909146785736
1781099243607345700,7.047345703125,-0.010393423959612846,0.04415282979607582,0.033453840762376785
1781099243632420600,7.072420654296875,0.028539268299937248,0.060162078589200974,0.0272092055529356
1781099243657496600,7.09749658203125,0.058476924896240234,0.04756806418299675,0.015139739029109478
1781099243682571800,7.12257177734375,0.07335928827524185,0.045662879943847656,0.014660472050309181
1781099243707647500,7.1476474609375,0.054702531546354294,0.041107118129730225,0.018224095925688744
1781099243732722400,7.172722412109375,0.035049665719270706,0.06249602138996124,0.019911449402570724
1781099243757797400,7.19779736328125,0.008558699861168861,0.05903422832489014,0.005153782200068235
1781099243782873600,7.22287353515625,-0.020468352362513542,0.01728004217147827,-0.018086988478899002
1781099243807948500,7.247948486328125,-0.03527781739830971,0.002822241047397256,-0.03966197371482849
1781099243833024500,7.2730244140625,-0.02085108496248722,-0.011250360868871212,-0.05111396685242653
1781099243858099700,7.298099609375,-0.05102401599287987,-0.01635259948670864,-0.04758405312895775
1781099243883174700,7.323174560546875,-0.0501919686794281,-0.04296556115150452,-0.007333802524954081
1781099243908250600,7.348250732421875,-0.05247607082128525,-0.0371696874499321,0.02766849286854267
1781099243933325600,7.37332568359375,-0.020821239799261093,-0.11929753422737122,0.0545506589114666
1781099243958400500,7.398400390625,-0.012666722759604454,-0.09894851595163345,0.03605680912733078
1781099243983476500,7.4234765625,-0.014611269347369671,-0.08369016647338867,-0.009450647979974747
1781099244008551400,7.448551513671875,-0.07375192642211914,-0.14303547143936157,-0.07022783905267715
1781099244033627400,7.47362744140625,-0.100211501121521,-0.032595179975032806,-0.07681567966938019
1781099244058702600,7.49870263671875,-0.15110492706298828,-0.045225415378808975,-0.03184115141630173
1781099244083777500,7.523777587890625,-0.10313226282596588,0.03997258096933365,-0.018333565443754196
1781099244108853200,7.548853271484375,-0.14651420712471008,-0.04079759865999222,0.014033079147338867
1781099244133928400,7.573928466796875,-0.06439118832349777,0.10843544453382492,0.054795075207948685
1781099244159004400,7.59900439453125,-0.12234307825565338,-0.030927471816539764,0.05346919596195221
1781099244184079400,7.624079345703125,0.06026359274983406,0.14788857102394104,0.03153494745492935
1781099244209154300,7.649154296875,-0.03235026076436043,-0.04895927384495735,-0.03564624488353729
1781099244234230500,7.67423046875,0.12370280921459198,0.06356099247932434,-0.09636890143156052
1781099244259305500,7.699305419921875,-0.0023825867101550102,0.014751065522432327,-0.08369771391153336
1781099244284381400,7.72438134765625,0.02576468698680401,0.17208164930343628,-0.030927393585443497
1781099244309456400,7.749456298828125,-0.12894733250141144,0.10977653414011002,0.052376605570316315
1781099244334531600,7.774531494140625,-0.11821874231100082,0.1548025757074356,0.12856832146644592
1781099244359607600,7.799607666015625,-0.10377372801303864,0.2741113305091858,0.200934499502182
1781099244384682500,7.8246826171875,-0.18781086802482605,0.32705727219581604,0.17097094655036926
1781099244409757400,7.84975732421875,-0.12075000256299973,0.3188965618610382,0.08353225886821747
1781099244434833400,7.87483349609375,0.04330327734351158,0.1837315708398819,0.1610514223575592
1781099244459908600,7.89990869140625,0.060717638581991196,0.1375143975019455,0.17542314529418945
1781099244484984300,7.924984375,0.0256041269749403,0.15291811525821686,0.1192869022488594
1781099244510059300,7.950059326171875,0.030873088166117668,0.08390871435403824,0.09038220345973969
1781099244535134500,7.975134521484375,0.028773706406354904,0.02248484641313553,0.013330803252756596
1781099244560210400,8.00021044921875,0.019144903868436813,-0.001828675507567823,-0.00914241373538971
1781099244585285400,8.025285400390626,-0.035333052277565,0.031914111226797104,0.0022044358775019646
1781099244610361600,8.050361572265626,-0.1013108491897583,0.005765444599092007,-0.01700771600008011
1781099244635436500,8.0754365234375,-0.07554357498884201,-0.09544391185045242,-0.011842695996165276
1781099244660511500,8.100511474609375,-0.006469546817243099,-0.020401261746883392,-0.0018279342912137508
1781099244685587500,8.12558740234375,0.1272653192281723,0.0951784998178482,-0.0047766417264938354
1781099244710662400,8.150662353515624,0.23612305521965027,0.15503136813640594,0.0018425919115543365
1781099244735737600,8.175737548828126,0.28834185004234314,0.10917811840772629,-0.020094849169254303
1781099244760813600,8.2008134765625,0.34263813495635986,0.17060846090316772,-0.013174801133573055
1781099244785888500,8.225888427734375,0.2450752854347229,0.1708255559206009,-0.00616284366697073
1781099244810964200,8.250964111328125,0.2373199611902237,0.2992143929004669,0.04852680116891861
1781099244836039400,8.276039306640625,0.08588719367980957,0.3297782242298126,0.004780033137649298
1781099244861114600,8.301114501953125,-0.13493502140045166,-0.00815672893077135,-0.0057682679034769535
1781099244886190300,8.3261904296875,-0.11627674847841263,-0.09678462892770767,0.05592188611626625
1781099244911265300,8.351265380859376,-0.05352925881743431,0.019688839092850685,0.05898897349834442
1781099244936341500,8.376341552734376,-0.060273945331573486,0.07917503267526627,-0.011876363307237625
1781099244961416700,8.401416748046875,-0.06493894010782242,-0.0021804908756166697,-0.06429045647382736
1781099244986491600,8.42649169921875,-0.03571297600865364,-0.08158905804157257,-0.041300561279058456
1781099245011567600,8.451567626953125,-0.05393578112125397,-0.09587299823760986,0.01430024765431881
1781099245036642600,8.476642578125,-0.018978824838995934,-0.004431259352713823,0.025405364111065865
1781099245061717500,8.501717529296876,0.008819757960736752,0.11573503911495209,-0.009577091783285141
1781099245086793700,8.526793701171876,-0.09512069821357727,0.0203494131565094,-0.006423354614526033
1781099245111868700,8.55186865234375,-0.08398979902267456,0.05995293706655502,0.01008606143295765
1781099245136944600,8.576944580078125,-0.06940465420484543,0.08817196637392044,-0.042369578033685684
1781099245162019800,8.602019775390625,-0.11997988075017929,-0.15060098469257355,-0.022171050310134888
1781099245187094800,8.6270947265625,0.04617823287844658,0.003546270774677396,-0.040375594049692154
1781099245212170500,8.65217041015625,-0.07900070399045944,-0.053635139018297195,-0.10997304320335388
1781099245237245400,8.677245361328126,0.006736059673130512,0.005910315550863743,-0.10792794823646545
1781099245262320600,8.702320556640625,-0.0531512126326561,-0.12196452170610428,-0.060701027512550354
1781099245287396600,8.727396728515625,0.039971642196178436,0.06971646845340729,0.003012518398463726
1781099245312471600,8.752471435546875,-0.0868663415312767,0.036368172615766525,0.05552086606621742
1781099245337547500,8.777547607421875,-0.09750103205442429,0.02823183685541153,0.0037520513869822025
1781099245362622700,8.802622802734374,-0.030796006321907043,0.17671987414360046,-0.01704374887049198
1781099245387697700,8.82769775390625,-0.0810631662607193,0.058195363730192184,0.018361380323767662
1781099245412773600,8.852773681640626,-0.04747530445456505,-0.02201886475086212,0.10255172848701477
1781099245437848600,8.8778486328125,0.06316807121038437,0.18008244037628174,0.12379781901836395
1781099245462923500,8.902923583984375,0.09022706001996994,0.18801191449165344,0.060722123831510544
1781099245487999700,8.927999755859375,0.03338510915637016,-0.1284431517124176,-0.08850618451833725
1781099245513074700,8.95307470703125,-0.002405589446425438,-0.25756505131721497,-0.15052978694438934
1781099245538150700,8.978150634765624,0.00570653798058629,-0.12459402531385422,-0.11006877571344376
1781099245563225600,9.0032255859375,0.04338865727186203,0.0018486216431483626,-0.07514574378728867
1781099245588300800,9.02830078125,0.11197612434625626,-0.048545729368925095,-0.05661584436893463
1781099245613376500,9.05337646484375,0.16003884375095367,-0.0939953476190567,-0.06320865452289581
1781099245638451500,9.078451416015625,0.19602273404598236,0.019218020141124725,-0.03579852730035782
1781099245663526700,9.103526611328125,0.16490529477596283,0.14030449092388153,-0.027526481077075005
1781099245688602600,9.1286025390625,0.10487034916877747,0.05377930402755737,-0.030398540198802948
1781099245713677600,9.153677490234376,0.0528104193508625,-0.012193655595183372,-0.006530440412461758
1781099245738753500,9.17875341796875,0.010894251056015491,0.01929590106010437,0.007316799834370613
1781099245763828500,9.203828369140625,-0.03926357999444008,0.07272576540708542,0.01021551713347435
1781099245788903700,9.228903564453125,-0.10430914908647537,0.027475910261273384,0.011073881760239601
1781099245813979600,9.253979736328125,-0.18226556479930878,-0.034811731427907944,0.05249551683664322
1781099245839054600,9.2790546875,-0.1885577142238617,-0.06788709759712219,0.1547064185142517
1781099245864130800,9.304130859375,-0.17250490188598633,-0.09258220344781876,0.24035800993442535
1781099245889205800,9.329205810546876,-0.1853538304567337,-0.08010437339544296,0.13322116434574127
1781099245914280700,9.35428076171875,-0.17915098369121552,-0.034282442182302475,0.014077020809054375
1781099245939356700,9.379356689453125,-0.14174136519432068,0.07728809863328934,0.0032906332053244114
1781099245964432000,9.404431884765625,-0.10655757784843445,0.12408433109521866,0.06602669507265091
1781099245989506800,9.4295068359375,-0.11584069579839706,0.03261759877204895,0.07352788746356964
1781099246014582500,9.45458251953125,-0.1355721354484558,-0.06836797297000885,0.041925083845853806
1781099246039657500,9.479657470703126,-0.10442568361759186,0.0029941590037196875,0.0047830683179199696
1781099246064733700,9.504733642578126,-0.010196452960371971,0.1457558423280716,-0.012917179614305496
1781099246089808600,9.52980859375,0.03787929192185402,0.00957886315882206,0.0143454410135746
1781099246114883600,9.554883544921875,0.07691672444343567,-0.06757066398859024,-0.030865449458360672
1781099246139959800,9.579959716796875,0.16479644179344177,0.06653129309415817,-0.053997233510017395
1781099246165034800,9.60503466796875,0.17198270559310913,0.10060110688209534,-0.04156634956598282
1781099246190109700,9.630109619140624,0.08445911109447479,0.08107834309339523,-0.016097338870167732
1781099246215185700,9.655185546875,0.08644675463438034,0.11758289486169815,-0.01647856831550598
1781099246240260600,9.680260498046875,0.09906615316867828,0.08789976686239243,-0.030811995267868042
1781099246265336800,9.7053369140625,0.016030529513955116,0.005269532557576895,-0.052693724632263184
1781099246290411800,9.730411865234375,-0.061133258044719696,0.016265399754047394,-0.0541192851960659
1781099246315486700,9.75548681640625,-0.06828735768795013,0.09121034294366837,-0.042910389602184296
1781099246340563000,9.78056298828125,-0.11721045523881912,0.0477035753428936,-0.05775647610425949
1781099246365638000,9.805637939453124,-0.15979093313217163,-0.02777200937271118,-0.037980638444423676
1781099246390712800,9.830712890625,-0.1429111659526825,0.03282216936349869,-0.028130274266004562
1781099246415788500,9.85578857421875,-0.09330857545137405,0.18359369039535522,-0.02176302671432495
1781099246440863500,9.880863525390625,-0.08531508594751358,0.07607115060091019,-0.026374585926532745
1781099246465939700,9.905939697265625,-0.07800734788179398,0.05673963576555252,-0.04012549668550491
1781099246491014700,9.9310146484375,-0.06656960397958755,0.11193598061800003,-0.0676032155752182
1781099246516089600,9.956089599609374,-0.03282914683222771,0.1386999487876892,-0.10346046835184097
1781099246541165600,9.98116552734375,-0.03568831831216812,0.21294142305850983,-0.10875243693590164
1781099246566240800,10.00624072265625,-0.059502556920051575,0.12788715958595276,-0.15177792310714722
1781099246591316700,10.031316650390625,-0.0854819044470787,0.11962158977985382,-0.176506906747818
1781099246616391700,10.0563916015625,-0.07350748032331467,0.22137491405010223,-0.14600993692874908
1781099246641466600,10.081466552734375,-0.08065243065357208,0.18927954137325287,-0.1256825029850006
1781099246666542800,10.10654296875,-0.12990641593933105,0.16080915927886963,-0.1631072759628296
1781099246691617800,10.13161767578125,-0.16874173283576965,0.2514699101448059,-0.1729511320590973
1781099246716693800,10.15669384765625,-0.15844900906085968,0.3170761466026306,-0.17220212519168854
1781099246741768700,10.181768798828125,-0.12987780570983887,0.30376318097114563,-0.19692927598953247
1781099246766844000,10.206843994140625,-0.14801855385303497,0.23883084952831268,-0.26449379324913025
1781099246791919600,10.231919677734375,-0.1648559421300888,0.2918790578842163,-0.3328002393245697
1781099246816994600,10.25699462890625,-0.13526105880737305,0.35694026947021484,-0.3961635231971741
1781099246842070800,10.28207080078125,-0.14230963587760925,0.3072008192539215,-0.46299049258232117
1781099246867145700,10.307145751953126,-0.21002766489982605,0.3294243812561035,-0.5956294536590576
1781099246892220700,10.332220703125,-0.28573012351989746,0.41840577125549316,-0.8167786002159119
1781099246917296600,10.357296630859375,-0.34817466139793396,0.4399477541446686,-0.9892371892929077
1781099246942371600,10.38237158203125,-0.4332367479801178,0.5064576268196106,-1.2149994373321533
1781099246967445800,10.40744580078125,-0.4719995856285095,0.3781917989253998,-1.452707052230835
1781099246992522000,10.43252197265625,-0.5061764717102051,0.33596470952033997,-1.6215360164642334
1781099247017597000,10.457596923828126,-0.4762575626373291,0.12187953293323517,-1.760190486907959
1781099247042673000,10.4826728515625,-0.4406842291355133,-0.2151431143283844,-1.8212281465530396
1781099247067748000,10.507748046875,-0.46145543456077576,-0.367412805557251,-1.7380917072296143
1781099247092823000,10.532822998046875,-0.508389949798584,-0.25337982177734375,-1.6415472030639648
1781099247117899000,10.55789892578125,-0.40900543332099915,-0.16645178198814392,-1.420706033706665
1781099247142974000,10.582973876953124,-0.30949097871780396,0.14487041532993317,-1.1106511354446411
1781099247168050200,10.60805029296875,-0.2641017436981201,0.22411319613456726,-0.7758593559265137
1781099247193125000,10.633125,-0.2179790586233139,0.19862136244773865,-0.4798964262008667
1781099247218200000,10.658199951171875,-0.15713082253932953,0.22568096220493317,-0.18683204054832458
1781099247243275800,10.68327587890625,-0.1203346773982048,0.15191766619682312,-0.006861653178930283
1781099247268351000,10.70835107421875,-0.056826040148735046,0.09193044900894165,0.21202166378498077
1781099247293427000,10.733427001953125,0.001631482387892902,0.13456492125988007,0.3156716823577881
1781099247318502000,10.758501953125,0.027313465252518654,0.08852773904800415,0.4766260087490082
1781099247343576800,10.783576904296876,-0.02795633114874363,0.17336182296276093,0.5583425760269165
1781099247368653000,10.808653076171876,-0.3950214982032776,-0.017809540033340454,0.40482908487319946
1781099247393728000,10.83372802734375,-0.6286729574203491,-0.05940845608711243,-0.04598455876111984
1781099247418804000,10.858803955078125,-0.34385058283805847,-0.3016543388366699,-0.010919834487140179
1781099247443879000,10.88387890625,-0.11506354808807373,-0.28918442130088806,0.04969498887658119
1781099247468953900,10.908953857421874,-0.11279448121786118,-0.045339398086071014,0.15789611637592316
1781099247494030000,10.934030029296874,-0.19352160394191742,-0.04923488199710846,0.2229408323764801
1781099247519105000,10.95910498046875,-0.18747307360172272,-0.06333601474761963,0.22476771473884583
1781099247544181000,10.984180908203125,-0.15425050258636475,-0.04249316453933716,0.1477053314447403
1781099247569256200,11.009256103515625,-0.15526925027370453,-0.1305733472108841,0.11920490860939026
1781099247594331100,11.0343310546875,-0.14364133775234222,-0.19488129019737244,0.15846386551856995
1781099247619406800,11.05940673828125,-0.10855258256196976,-0.08764146268367767,0.18392638862133026
1781099247644481800,11.084481689453124,-0.078064925968647,-0.013118683360517025,0.13584411144256592
1781099247669558000,11.10955810546875,-0.06960652023553848,-0.051414672285318375,0.06813424080610275
1781099247694633000,11.134633056640626,-0.03405814617872238,-0.162030428647995,0.038106538355350494
1781099247719708000,11.1597080078125,0.018422646448016167,-0.14070577919483185,0.06852225959300995
1781099247744784000,11.184783935546875,0.03177180886268616,-0.04044549912214279,0.19405709207057953
1781099247769859000,11.209859130859375,0.051204342395067215,-0.20290827751159668,0.29665717482566833
1781099247794935000,11.23493505859375,0.05289195477962494,-0.2772895395755768,0.3285503685474396
1781099247820010000,11.260010009765624,-0.008804521523416042,-0.3023529350757599,0.3111891746520996
1781099247845086000,11.2850859375,-0.003176236990839243,-0.22513294219970703,0.33586013317108154
1781099247870161200,11.3101611328125,0.017774147912859917,-0.19079117476940155,0.32556071877479553
1781099247895236000,11.335236083984375,-0.018683917820453644,-0.11620090156793594,0.16001972556114197
1781099247920311800,11.360311767578125,-0.017659293487668037,-0.13302811980247498,-0.06350801885128021
1781099247945387000,11.385386962890625,0.018116269260644913,-0.10586912930011749,-0.13171613216400146
1781099247970463700,11.410463623046875,-0.027021363377571106,-0.014904484152793884,0.004309877287596464
1781099247995539000,11.4355390625,-0.03836871683597565,0.18697667121887207,0.03473924100399017
1781099248020614000,11.46061376953125,-0.04187282174825668,0.24928143620491028,-0.047120340168476105
1781099248045689900,11.48568994140625,-0.026271767914295197,0.10356186330318451,-0.14769944548606873
1781099248070764800,11.510764892578125,-0.031007660552859306,0.0519595704972744,-0.1693141609430313
1781099248095841000,11.535841064453125,-0.04471005126833916,-0.003670166712254286,-0.0703669935464859
1781099248120916000,11.560916015625,-0.07797558605670929,-0.023113451898097992,0.024445291608572006
1781099248145991000,11.585990966796874,-0.09589318931102753,-0.04180652275681496,0.009420137852430344
1781099248171067000,11.61106689453125,-0.14606116712093353,-0.06463053077459335,-0.02095121517777443
1781099248196141800,11.636141845703126,-0.15694791078567505,-0.10771321505308151,0.04901772364974022
1781099248221217800,11.6612177734375,-0.07361344248056412,-0.08113829791545868,0.08401636779308319
1781099248246292700,11.686292724609375,-0.04305047169327736,-0.08836078643798828,0.0103352265432477
1781099248271368700,11.71136865234375,-0.021203715354204178,0.11925088614225388,-0.1489872932434082
1781099248296444000,11.73644384765625,0.05781577154994011,0.12768800556659698,-0.2770234942436218
1781099248321518800,11.761518798828124,0.10086940973997116,0.2845393419265747,-0.3515334725379944
1781099248346594800,11.7865947265625,0.11541076749563217,0.35904842615127563,-0.4308856427669525
1781099248371669800,11.811669677734375,0.12066236883401871,0.37426406145095825,-0.47089019417762756
1781099248396746000,11.83674609375,0.126629039645195,0.2055419385433197,-0.3584058880805969
1781099248421821000,11.861821044921875,-0.08417448401451111,0.09260755777359009,-0.10018520802259445
1781099248446895900,11.886895751953125,-0.25707778334617615,0.09608548879623413,0.35856324434280396
1781099248471971800,11.911971923828125,-0.1705142855644226,-0.10918822884559631,0.3880597651004791
1781099248497047000,11.937047119140624,-0.15982666611671448,-0.26637938618659973,0.26720553636550903
1781099248522122800,11.962122802734376,-0.18672175705432892,-0.2357177436351776,0.05713985860347748
1781099248547197700,11.98719775390625,-0.1841139793395996,-0.09355022013187408,0.05325643718242645
1781099248572273700,12.012273681640625,-0.2780078649520874,-0.08015337586402893,0.14568446576595306
1781099248597348900,12.037348876953125,-0.21569688618183136,-0.030186079442501068,0.2735406458377838
1781099248622423800,12.062423828125,-0.11952924728393555,-0.08572280406951904,0.25737670063972473
1781099248647499800,12.087499755859374,-0.0027709701098501682,0.06696843355894089,0.11225943267345428
1781099248672574700,12.11257470703125,0.0848257765173912,0.115385040640831,-0.0803978443145752
1781099248697651000,12.13765087890625,0.010716184973716736,0.13721460103988647,-0.10822385549545288
1781099248722726000,12.162725830078125,0.015315493568778038,0.03094465285539627,-0.028734594583511353
1781099248747801900,12.1878017578125,-0.043186478316783905,-0.04282328113913536,0.008260170929133892
1781099248772876800,12.212876708984375,-0.026250548660755157,0.0018172735581174493,0.0648185983300209
1781099248797952000,12.237951904296875,0.003839328419417143,-0.04502015933394432,0.0009135485161095858
1781099248823028000,12.263028076171874,-0.09917770326137543,-0.002284026239067316,0.06624259799718857
1781099248848103000,12.28810302734375,-0.06192895770072937,0.050933271646499634,0.02038900926709175
1781099248873178600,12.3131787109375,-0.02204977348446846,0.0501866340637207,0.04576064646244049
1781099248898253800,12.33825390625,-0.04250495508313179,-0.02500581555068493,-0.04248929023742676
1781099248923329800,12.363329833984375,0.03826884552836418,-0.0951712504029274,-0.05795067176222801
1781099248948404000,12.388404052734375,0.07352562993764877,-0.013244876638054848,-0.091206394135952
1781099248973479000,12.41347900390625,0.08511224389076233,-0.0028484277427196503,-0.05053246021270752
1781099248998555100,12.43855517578125,0.10327272117137909,-0.09588341414928436,-0.013278992846608162
1781099249023630000,12.463630126953126,0.023251714184880257,0.009855613112449646,-0.02859025076031685
1781099249048706000,12.4887060546875,0.016219088807702065,0.04435107484459877,-0.12602651119232178
1781099249073781000,12.513781005859375,0.01983230747282505,-0.0651344358921051,-0.049434445798397064
1781099249098857200,12.538857177734375,-0.03278899937868118,0.047697607427835464,0.05122942104935646
1781099249123932200,12.56393212890625,-0.01698959991335869,-0.03551917523145676,-0.015532664954662323
1781099249149007000,12.589007080078124,-0.017448874190449715,-0.13092204928398132,-0.06741863489151001
1781099249174083000,12.6140830078125,-0.029439490288496017,0.02951130084693432,-0.023578209802508354
1781099249199158300,12.639158203125,-0.05226869508624077,-0.0418122261762619,0.031520143151283264
1781099249224234000,12.66423388671875,-0.08199214935302734,-0.013241183944046497,-0.015252076089382172
1781099249249309200,12.68930908203125,-0.06989506632089615,-0.03738174960017204,-0.065153107047081
1781099249274385000,12.714385009765625,-0.10548622161149979,-0.14549358189105988,0.02243468537926674
1781099249299460000,12.739460205078124,-0.06690613925457001,-0.0580667145550251,0.038462553173303604
1781099249324536000,12.7645361328125,-0.1072382926940918,0.02766934596002102,0.040516197681427
1781099249349611000,12.789611083984376,-0.13021795451641083,0.12311753630638123,0.1110939309000969
1781099249374686000,12.81468603515625,-0.17380741238594055,-0.12352249771356583,0.06006491556763649
1781099249399762200,12.83976220703125,-0.13868285715579987,-0.011371190659701824,0.062349800020456314
1781099249424837000,12.864837158203125,-0.06466136127710342,-0.10132070630788803,0.06815919280052185
1781099249449913000,12.8899130859375,-0.09942201524972916,0.04681476950645447,0.05228566378355026
1781099249474988000,12.914988037109374,-0.11375709623098373,-0.014302302151918411,0.05976083502173424
1781099249500064300,12.940064208984374,-0.04384751617908478,0.08364849537611008,0.053011052310466766
1781099249525139200,12.96513916015625,-0.036165591329336166,-0.031444843858480453,0.11341878771781921
1781099249550214100,12.990214111328125,-0.035952579230070114,0.017825083807110786,0.07821385562419891
1781099249575290000,13.0152900390625,-0.0413789376616478,-0.17845286428928375,-0.03545771911740303
1781099249600365000,13.040364990234375,-0.04035061225295067,-0.12919563055038452,-0.06771067529916763
1781099249625441000,13.06544091796875,-0.04250520095229149,-0.044956427067518234,0.12432417273521423
1781099249650516000,13.090515869140624,-0.03590044379234314,0.010387408547103405,0.0978255644440651
1781099249675592200,13.11559228515625,-0.09066864103078842,0.12969078123569489,0.03440157696604729
1781099249700667100,13.140667236328126,-0.07202594727277756,-0.07614070922136307,-0.02442760020494461
1781099249725743000,13.1657431640625,-0.0476459339261055,-0.02521810308098793,-0.0369073748588562
1781099249750818000,13.190818115234375,-0.03760317713022232,0.114462710916996,-0.014249471947550774
1781099249775893000,13.21589306640625,-0.014031880535185337,0.029134497046470642,-0.004103127866983414
1781099249800969200,13.24096923828125,-0.03354141488671303,0.10003793239593506,0.04035001993179321
1781099249826044200,13.266044189453124,-0.045815981924533844,0.027218244969844818,0.0664910227060318
1781099249851119900,13.291119873046876,-0.06546714901924133,-0.1275089830160141,0.04030658304691315
1781099249876195000,13.316195068359375,-0.026953285560011864,-0.07483408600091934,-0.014707351103425026
1781099249901271000,13.34127099609375,-0.02308746799826622,-0.06200062111020088,0.00528577109798789
1781099249926346000,13.366345947265625,-0.049011506140232086,-0.06900237500667572,0.10784567147493362
1781099249951422500,13.39142236328125,-0.030205950140953064,0.03300323709845543,0.10395391285419464
1781099249976497400,13.416497314453125,-0.013139941729605198,0.15250034630298615,0.061496131122112274
1781099250001572600,13.441572509765624,-0.028411664068698883,0.0116806011646986,0.06367608904838562
1781099250026648600,13.466648681640624,-0.005241117440164089,-0.044730935245752335,0.13011105358600616
1781099250051723500,13.4917236328125,0.03201593458652496,0.003375990316271782,0.1038317084312439
1781099250076799500,13.516799560546875,0.02804495394229889,0.056898146867752075,0.0362766869366169
1781099250101874700,13.541874755859375,0.020008845254778862,-0.0037158578634262085,-0.009310752153396606
1781099250126950400,13.566950439453125,-0.017708681523799896,-0.05961575731635094,0.06609106063842773
1781099250152025300,13.592025390625,-0.013418949209153652,-0.024221129715442657,0.11390617489814758
1781099250177101600,13.6171015625,0.020966455340385437,0.026800507679581642,0.06531573832035065
1781099250202176500,13.642176513671876,0.003297974821180105,-0.11028749495744705,0.05992201715707779
1781099250227251500,13.66725146484375,-0.0019123211968690157,-0.1211802065372467,0.1570197194814682
1781099250252327400,13.692327392578125,0.02891724184155464,-0.06317511200904846,0.1968020647764206
1781099250277402400,13.71740234375,0.042188860476017,-0.05437830835580826,0.23902516067028046
1781099250302478600,13.742478515625,0.0814482718706131,-0.11203216761350632,0.22259680926799774
1781099250327553500,13.767553466796874,0.1069040521979332,-0.06326664984226227,0.20063631236553192
1781099250352629500,13.79262939453125,0.09585075080394745,-0.06514505296945572,0.09705039858818054
1781099250377704400,13.817704345703126,0.11946775764226913,-0.06500458717346191,-0.04060671478509903
1781099250402780400,13.842780517578126,0.07298580557107925,-0.09612077474594116,-0.057798121124506
1781099250427855600,13.867855712890625,0.018197618424892426,-0.013489696197211742,-0.008215459063649178
1781099250452931300,13.892931396484375,-0.041816502809524536,-0.025655508041381836,0.030474666506052017
1781099250478006500,13.918006591796875,-0.07102910429239273,0.09331101179122925,0.02263738587498665
1781099250503081500,13.94308154296875,-0.09484264254570007,0.18746870756149292,0.03853712975978851
1781099250528157400,13.968157470703124,-0.12087363004684448,0.16453911364078522,0.09169182181358337
1781099250553232400,13.993232421875,-0.12741151452064514,0.06708276271820068,0.07033451646566391
1781099250578308600,14.01830859375,-0.11489725112915039,-0.013537556864321232,-0.008345099166035652
1781099250603383600,14.043383544921875,-0.07084478437900543,-0.012997733429074287,0.004928434733301401
1781099250628459500,14.06845947265625,-0.0015958206495270133,0.1182735487818718,0.051714181900024414
1781099250653534500,14.093534423828125,0.031139427796006203,0.13814392685890198,-0.003117185551673174
1781099250678610700,14.118610595703124,-0.06967361271381378,0.01654033735394478,0.021944887936115265
1781099250703685600,14.143685546875,-0.0011266886722296476,0.03729598969221115,0.03316275775432587
1781099250728761300,14.16876123046875,0.03723815828561783,-0.02681790292263031,-0.00008079223334789276
1781099250753836300,14.193836181640625,0.05175481364130974,0.22370409965515137,-0.030772630125284195
1781099250778912500,14.21891259765625,0.06973600387573242,0.27615103125572205,-0.13460473716259003
1781099250803987500,14.243987548828125,0.08417259156703949,0.31461259722709656,-0.2607657015323639
1781099250829062400,14.2690625,0.0470866784453392,0.20593084394931793,-0.28590866923332214
1781099250854138600,14.294138671875,-0.03280724212527275,0.043800223618745804,-0.07107032090425491
1781099250879213600,14.319213623046876,-0.021292826160788536,-0.10948717594146729,0.13851246237754822
1781099250904289500,14.34428955078125,0.0011137704132124782,-0.060302283614873886,0.23014794290065765
1781099250929364500,14.369364501953125,-0.010301869362592697,-0.017934052273631096,0.17897237837314606
1781099250954440400,14.3944404296875,-0.00558058824390173,0.06016770750284195,0.1373157650232315
1781099250979515600,14.419515625,-0.001222713035531342,0.17496086657047272,0.006176768336445093
1781099251004591400,14.44459130859375,0.021700238808989525,0.08262614905834198,-0.03403236344456673
1781099251029666300,14.469666259765624,0.05586320906877518,-0.05336185544729233,0.031004641205072403
1781099251054742500,14.494742431640624,0.07855218648910522,-0.049715571105480194,0.00365895451977849
1781099251079817500,14.5198173828125,0.09397538751363754,0.05490614101290703,-0.06960056722164154
1781099251104893400,14.5448935546875,0.08598179370164871,0.15298496186733246,-0.0796613097190857
1781099251129968400,14.569968505859375,0.035066939890384674,0.2506586015224457,0.03588256984949112
1781099251155043300,14.595043212890625,0.014653190039098263,0.07647790014743805,0.0685964897274971
1781099251180119600,14.62011962890625,0.08789802342653275,0.11482071876525879,-0.007139385212212801
1781099251205194500,14.645194580078124,0.10142679512500763,0.05731435865163803,-0.09486396610736847
1781099251230270500,14.6702705078125,0.08539125323295593,-0.0418001264333725,0.0707017108798027
1781099251255345400,14.695345458984375,0.12337355315685272,0.0292796827852726,0.044004082679748535
1781099251280421400,14.72042138671875,0.06003934144973755,0.010110704228281975,-0.029271211475133896
1781099251305496600,14.74549658203125,0.07184413820505142,0.07688965648412704,0.009724488481879234
1781099251330572300,14.770572265625,0.09452562034130096,0.012604604475200176,0.07898891717195511
1781099251355647500,14.7956474609375,0.0711638480424881,0.10333472490310669,0.06574442982673645
1781099251380723500,14.820723388671874,0.13229122757911682,0.20156562328338623,-0.012215719558298588
1781099251405798400,14.84579833984375,0.04277291148900986,0.010684769600629807,-0.0315387062728405
1781099251430874400,14.870874267578126,0.10287090390920639,0.150801882147789,-0.044513314962387085
1781099251455949600,14.895949462890625,0.10451706498861313,0.010696866549551487,-0.0734887421131134
1781099251481025500,14.921025634765625,0.07971353828907013,0.1554984152317047,-0.04753528907895088
1781099251506100500,14.9461005859375,0.08929503709077835,0.008811995387077332,-0.08086717128753662
1781099251531176400,14.971176513671875,0.050736360251903534,0.07134731858968735,0.03695174679160118
1781099251556251600,14.996251708984374,0.07991904020309448,0.05801963806152344,0.004939225036650896
1781099251581326600,15.02132666015625,0.031683750450611115,0.10848285257816315,-0.13873228430747986
1781099251606402300,15.04640234375,0.03224970027804375,0.05254174396395683,-0.08619771152734756
1781099251631477200,15.071477294921875,0.05243805795907974,-0.043715354055166245,0.015679936856031418
1781099251656553500,15.096553466796875,0.0734475627541542,0.10083048790693283,-0.06793791055679321
1781099251681628400,15.12162841796875,0.01714714989066124,0.172675222158432,-0.054143380373716354
1781099251706704400,15.146704345703125,0.1086830124258995,0.09153035283088684,0.04404401034116745
1781099251731779600,15.171779541015624,-0.009714022278785706,0.021778585389256477,-0.07453678548336029
1781099251756855600,15.19685546875,0.035882432013750076,0.050029851496219635,-0.11093398928642273
1781099251781930500,15.221930419921875,0.10065294057130814,0.07632000744342804,-0.027433454990386963
1781099251807006500,15.24700634765625,0.03386635705828667,0.00918388832360506,0.15461798012256622
1781099251832081700,15.27208154296875,0.05917668715119362,0.24786414206027985,0.06283973157405853
1781099251857157400,15.297157470703125,0.07328161597251892,-0.00113506312482059,-0.050030309706926346
1781099251882232300,15.322232421875,0.008531677536666393,0.04831154644489288,0.0313655249774456
1781099251907308500,15.34730859375,-0.003161346074193716,-0.020184997469186783,0.0866062343120575
1781099251932383500,15.372383544921876,0.03320612758398056,0.0706813782453537,0.04266316816210747
1781099251957459700,15.397459716796876,0.006620596628636122,0.1674908548593521,0.07600012421607971
1781099251982534700,15.42253466796875,0.03832410275936127,0.07410760968923569,0.05569235607981682
1781099252007610600,15.447610595703125,0.02493959106504917,0.19200974702835083,0.00628379313275218
1781099252032685600,15.472685546875,0.0034932726994156837,0.09970047324895859,-0.049296002835035324
1781099252057761800,15.49776171875,0.044804640114307404,0.14808319509029388,-0.0312295351177454
1781099252082836700,15.522836669921874,0.02646339125931263,0.20345495641231537,0.007157500833272934
1781099252107912400,15.547912353515626,0.03632761910557747,0.10068002343177795,-0.0692087709903717
1781099252132987600,15.572987548828126,0.04722436144948006,0.2128026783466339,0.011843893676996231
1781099252158062600,15.5980625,-0.053863104432821274,0.13992732763290405,0.09199786931276321
1781099252183138600,15.623138671875,-0.003847021609544754,0.11307483166456223,-0.04432717710733414
1781099252208213500,15.648213623046875,0.08247902244329453,0.2078482061624527,-0.06887626647949219
1781099252233289700,15.673289794921875,0.03309333324432373,0.09343568980693817,0.16036970913410187
1781099252258364700,15.69836474609375,0.049218714237213135,0.12219588458538055,0.0811893492937088
1781099252283440600,15.723440673828126,0.12566256523132324,0.2844543159008026,0.019835369661450386
1781099252308515600,15.748515625,0.168423131108284,0.10876704752445221,0.0846192017197609
1781099252333591800,15.773591796875,0.035613302141427994,-0.026976818218827248,-0.01137695275247097
1781099252358666800,15.798666748046875,0.08718778938055038,0.16904360055923462,-0.04778001084923744
1781099252383742500,15.823742431640625,0.12651285529136658,0.030380554497241974,0.05079425871372223
1781099252408817400,15.8488173828125,0.07633214443922043,0.07686310261487961,0.20446152985095978
1781099252433893600,15.8738935546875,0.13178828358650208,0.3303816318511963,-0.04433627799153328
1781099252458968600,15.898968505859376,0.13693083822727203,0.15906251966953278,-0.17967890202999115
1781099252484044500,15.92404443359375,0.11379469186067581,-0.0730060562491417,-0.10547786206007004
1781099252509119500,15.949119384765625,0.16609521210193634,0.04369749873876572,-0.05496140941977501
1781099252534195700,15.97419580078125,0.1909846067428589,0.20128238201141357,-0.15137046575546265
1781099252559270700,15.999270751953125,0.15907564759254456,0.06446901708841324,-0.1867138296365738
1781099252584346600,16.0243466796875,0.13515958189964294,-0.012587117962539196,-0.14439871907234192
1781099252609421800,16.049421875,0.11780523508787155,0.11752580106258392,-0.041893504559993744
1781099252634497500,16.07449755859375,0.07914377003908157,0.149479478597641,-0.022467127069830894
1781099252659572500,16.099572509765625,0.08209061622619629,-0.0015017794212326407,-0.07287802547216415
1781099252684648400,16.1246484375,0.12239690870046616,-0.03697436302900314,-0.14404474198818207
1781099252709723600,16.1497236328125,0.11578965932130814,0.052871447056531906,-0.10086393356323242
1781099252734799600,16.174799560546877,0.1134762093424797,0.08064653724431992,-0.01596396043896675
1781099252759874600,16.19987451171875,0.09235464781522751,0.0075232842937111855,0.002865626011043787
1781099252784950800,16.22495068359375,0.08634945005178452,0.033745650202035904,0.04843498021364212
1781099252810025700,16.250025634765624,0.12738512456417084,0.08064276725053787,0.01899246871471405
1781099252835101700,16.275101806640624,0.06498423963785172,0.1349869668483734,-0.06798534840345383
1781099252860176600,16.3001767578125,0.07090288400650024,0.015731001272797585,-0.07991284877061844
1781099252885252600,16.325252685546875,0.019806908443570137,-0.07906851172447205,-0.06016766279935837
1781099252910327600,16.35032763671875,0.0790725126862526,0.11301954835653305,0.04575333371758461
1781099252935403500,16.375403564453126,0.13523754477500916,0.19419173896312714,0.018251145258545876
1781099252960478200,16.400478271484374,0.06554238498210907,0.2050289809703827,0.005493566393852234
1781099252985554200,16.42555419921875,0.07017314434051514,0.15683409571647644,-0.11891967803239822
1781099253010629000,16.450629150390625,0.035696983337402344,-0.09451130777597427,-0.043589696288108826
1781099253035705300,16.475705322265625,0.031155407428741455,0.021335622295737267,0.10939921438694
1781099253060780300,16.5007802734375,0.11891361325979233,0.06704699993133545,-0.0019285078160464764
1781099253085856300,16.525856201171877,0.11871396750211716,0.15685217082500458,-0.11849287152290344
1781099253110931200,16.55093115234375,0.09899713099002838,0.17971251904964447,-0.13434569537639618
1781099253136006100,16.576006103515624,0.07708810269832611,0.07433336973190308,-0.02706398442387581
1781099253161082400,16.601082275390624,0.09449313580989838,0.0998268872499466,-0.03110143542289734
1781099253186157300,16.6261572265625,0.09979945421218872,0.06204211339354515,-0.07714324444532394
1781099253211233000,16.65123291015625,0.11487433314323425,0.11649463325738907,-0.003133110236376524
1781099253236308200,16.67630810546875,0.16412819921970367,0.13620498776435852,-0.045876819640398026
1781099253261384200,16.70138427734375,0.14841416478157043,0.07181035727262497,-0.08744166046380997
1781099253286459100,16.726459228515626,0.1209355965256691,0.005131507758051157,-0.07117802649736404
1781099253311535000,16.75153515625,0.13922666013240814,0.0539393313229084,0.007170486263930798
1781099253336610300,16.7766103515625,0.13234132528305054,0.060343969613313675,-0.0905613973736763
1781099253361686300,16.801686279296874,0.07221978902816772,0.1480976790189743,-0.030627116560935974
1781099253386761200,16.82676123046875,0.12241344153881073,-0.04968620091676712,-0.09537090361118317
1781099253411837200,16.851837158203125,0.07356349378824234,0.08542466908693314,-0.015086580067873001
1781099253436912400,16.876912353515625,0.17660675942897797,0.13030695915222168,-0.06581690907478333
1781099253461988000,16.901988037109376,0.12183956056833267,0.028320221230387688,-0.12883907556533813
1781099253487063300,16.927063232421876,0.2096559703350067,0.041681304574012756,-0.18619824945926666
1781099253512139300,16.95213916015625,0.07618523389101028,-0.09885619580745697,-0.19882677495479584
1781099253537214200,16.977214111328124,0.08231835067272186,0.06579069793224335,0.04148420691490173
1781099253562290200,17.002290283203124,0.11046100407838821,0.17156502604484558,-0.06556184589862823
1781099253587365000,17.027365234375,0.03595540672540665,0.14120478928089142,-0.04041329026222229
1781099253612441300,17.05244140625,0.08249189704656601,0.1906195431947708,-0.033170659095048904
1781099253637516300,17.077516357421874,0.10242749005556107,0.05944960564374924,0.02087048627436161
1781099253662592300,17.10259228515625,0.13287200033664703,0.1457262486219406,-0.031552985310554504
1781099253687667200,17.127667236328126,0.19303575158119202,-0.04377216100692749,-0.10723739862442017
1781099253712743200,17.1527431640625,0.13469462096691132,-0.1105363517999649,0.05640873312950134
1781099253737818400,17.177818359375,0.1585022360086441,-0.21210090816020966,0.04882092401385307
1781099253762894000,17.20289404296875,0.2106712907552719,-0.24350281059741974,0.04480043798685074
1781099253787969000,17.227968994140625,0.1855551302433014,-0.15854933857917786,0.07440689951181412
1781099253813045200,17.253045166015625,0.14294666051864624,-0.0639357939362526,0.0689934566617012
1781099253838120200,17.2781201171875,0.20283259451389313,-0.08395062386989594,-0.006668024696409702
1781099253863196200,17.303196044921876,0.22295239567756653,-0.07930854707956314,-0.04456999525427818
1781099253888271000,17.32827099609375,0.2184837907552719,0.031229570508003235,-0.13663795590400696
1781099253913347300,17.353347412109375,0.22355897724628448,-0.009678788483142853,-0.22462265193462372
1781099253938422300,17.37842236328125,0.20723176002502441,0.026809705421328545,-0.20915870368480682
1781099253963498000,17.403498046875,0.1418943852186203,0.09614247828722,-0.12441201508045197
1781099253988573000,17.428572998046874,0.05151936411857605,-0.07533906400203705,-0.100316122174263
1781099254013649000,17.45364892578125,0.015594647265970707,0.16617947816848755,-0.11984853446483612
1781099254038723800,17.478723876953126,-0.07364843785762787,0.022277850657701492,-0.10724247246980667
1781099254063799800,17.5037998046875,-0.09861566126346588,0.19120246171951294,0.07705561816692352
1781099254088874800,17.528874755859373,0.005689228884875774,0.03265656158328056,0.0630546361207962
1781099254113951000,17.553950927734373,0.032809704542160034,0.20242276787757874,-0.08033481240272522
1781099254139026000,17.57902587890625,0.053475894033908844,0.018074387684464455,-0.08892107009887695
1781099254164102000,17.604101806640625,0.06471949070692062,0.08349685370922089,-0.01946178451180458
1781099254189176800,17.6291767578125,0.11025037616491318,0.16821207106113434,0.00856302585452795
1781099254214253000,17.654253173828124,0.05893217399716377,0.013719974085688591,0.04488842189311981
1781099254239328800,17.679328857421876,0.12120949476957321,0.22614046931266785,-0.053339529782533646
1781099254264403700,17.70440380859375,0.16796113550662994,-0.021540138870477676,-0.18732121586799622
1781099254289480000,17.72947998046875,0.08041208237409592,0.061898455023765564,-0.06048685684800148
1781099254314555000,17.754554931640627,0.16893762350082397,-0.1139615997672081,0.08489132672548294
1781099254339630800,17.779630859375,0.16104650497436523,0.04819492995738983,0.052931610494852066
1781099254364705800,17.804705810546874,0.12634451687335968,0.15405866503715515,-0.15822266042232513
1781099254389782000,17.829781982421874,0.02606978267431259,0.0261650662869215,-0.17848245799541473
1781099254414857000,17.85485693359375,0.12121449410915375,0.047900885343551636,0.057870298624038696
1781099254439933000,17.879932861328125,0.15951628983020782,0.22100208699703217,0.01913774013519287
1781099254465007900,17.9050078125,0.10671926289796829,0.4411884546279907,-0.34846463799476624
1781099254490083800,17.930083740234377,0.14078117907047272,0.19473163783550262,-0.5660213828086853
1781099254515158800,17.95515869140625,0.07037442177534103,0.003921707160770893,-0.34691426157951355
1781099254540234800,17.98023486328125,0.0006020857254043221,0.09351455420255661,0.11466994136571884
1781099254565309700,18.005309814453124,0.13455000519752502,0.10017268359661102,0.2395053207874298
1781099254590386000,18.030385986328124,0.07789036631584167,0.12916913628578186,0.17359331250190735
1781099254615460900,18.0554609375,-0.08102317154407501,0.09251472353935242,-0.005430835764855146
1781099254640536800,18.080536865234375,-0.010371676646173,-0.23634396493434906,-0.03757040947675705
1781099254665612000,18.105612060546875,0.16130095720291138,0.028962263837456703,0.007398858666419983
1781099254690688000,18.13068798828125,0.04546250402927399,0.016739951446652412,0.0786549299955368
1781099254715763000,18.155762939453126,0.07146383821964264,0.17208677530288696,0.1409359574317932
1781099254740838700,18.180838623046874,0.2505633234977722,0.20985926687717438,-0.042960844933986664
1781099254765913900,18.205913818359374,0.19863563776016235,0.06973503530025482,-0.252139687538147
1781099254790989800,18.23098974609375,0.13726572692394257,0.03890198469161987,-0.21068759262561798
1781099254816064800,18.256064697265625,0.2357451319694519,-0.024426160380244255,-0.07839164137840271
1781099254841141000,18.28114111328125,0.03379383310675621,0.19030824303627014,0.03356359153985977
1781099254866216000,18.3062158203125,0.10320188105106354,0.14990675449371338,-0.027376264333724976
1781099254891292000,18.3312919921875,0.09326287358999252,0.013435347937047482,-0.09590507298707962
1781099254916366800,18.356366943359376,0.03388793021440506,0.05662159249186516,-0.11385506391525269
1781099254941443000,18.381443115234376,0.06271636486053467,0.024364691227674484,-0.048043347895145416
1781099254966518300,18.406518310546875,0.11477728188037872,0.09323643893003464,0.06857661157846451
1781099254991594000,18.431593994140623,0.1635909527540207,0.2897951006889343,-0.07374904304742813
1781099255016669000,18.4566689453125,0.12235243618488312,0.07614560425281525,-0.04908176511526108
1781099255041745200,18.4817451171875,0.18020111322402954,0.07434961199760437,-0.010802793316543102
1781099255066820000,18.506820068359374,0.12307373434305191,0.008151261135935783,-0.02410120517015457
1781099255091896000,18.53189599609375,0.04276597499847412,0.16912579536437988,-0.006008404307067394
1781099255116972000,18.556971923828126,0.07581804692745209,0.05477079749107361,0.16281110048294067
1781099255142047200,18.582047119140626,0.15101316571235657,0.18684491515159607,0.020375097170472145
1781099255167123200,18.607123291015625,0.07877524942159653,0.0836532860994339,-0.24579395353794098
1781099255192198100,18.6321982421875,0.1196235790848732,-0.008953922428190708,-0.25634992122650146
1781099255217274000,18.657274169921877,0.1720314472913742,0.03670191392302513,0.015505371615290642
1781099255242349000,18.68234912109375,0.21964922547340393,0.2575134336948395,0.001812079455703497
1781099255267425000,18.707425048828124,0.10932599753141403,0.17302413284778595,-0.06416098028421402
1781099255292500000,18.7325,0.13051559031009674,0.08595386892557144,-0.12061132490634918
1781099255317576200,18.757576171875,0.12078386545181274,0.059188906103372574,-0.099761463701725
1781099255342651100,18.782651123046875,0.10343310981988907,0.03088117204606533,-0.09521891176700592
1781099255367727000,18.80772705078125,0.11592581123113632,0.042513567954301834,-0.08769244700670242
1781099255392802000,18.832802001953127,0.12445849180221558,0.0780147984623909,-0.012385540641844273
1781099255417878300,18.857878173828126,0.1347925066947937,0.1845972090959549,-0.055456943809986115
1781099255442953200,18.882953125,0.13609331846237183,-0.0006059820880182087,-0.0236525759100914
1781099255468029000,18.90802880859375,0.15174704790115356,0.04461361840367317,-0.2261359691619873
1781099255493103900,18.933103759765626,0.1018599420785904,0.03134125843644142,-0.23939022421836853
1781099255518180000,18.95818017578125,0.08266524225473404,-0.021410932764410973,-0.08604909479618073
1781099255543255000,18.983255126953125,0.12233873456716537,0.12014760822057724,0.11360928416252136
1781099255568331000,19.0083310546875,0.15385869145393372,0.1665802299976349,-0.08272390067577362
1781099255593406200,19.03340625,0.02627255767583847,0.09125669300556183,-0.20907491445541382
1781099255618482200,19.058482177734376,0.05254408344626427,-0.0693555623292923,-0.1675862967967987
1781099255643558100,19.08355810546875,0.049186281859874725,0.09279967844486237,0.04184221103787422
1781099255668633000,19.108633056640624,0.08156183362007141,0.16858668625354767,0.052656788378953934
1781099255693709000,19.133708984375,0.10573138296604156,0.12015361338853836,-0.02109382301568985
1781099255718784000,19.158783935546875,0.10737866908311844,0.055389486253261566,-0.09320280700922012
1781099255743860000,19.18385986328125,0.1261100023984909,-0.08327258378267288,-0.26423180103302
1781099255768935200,19.20893505859375,0.07766604423522949,-0.01007560733705759,-0.07708720862865448
1781099255794011100,19.23401123046875,0.14065995812416077,0.052342869341373444,0.02825520932674408
1781099255819086000,19.259086181640626,0.1537262201309204,0.23523664474487305,0.013444866985082626
1781099255844162000,19.284162109375,0.1302827149629593,0.1269206702709198,-0.21728341281414032
1781099255869237200,19.3092373046875,0.15294350683689117,-0.007265036925673485,-0.23008663952350616
1781099255894313200,19.334313232421874,0.10187806934118271,-0.05417536944150925,0.038463473320007324
1781099255919388200,19.35938818359375,0.17116139829158783,0.17005857825279236,-0.0360710509121418
1781099255944464000,19.3844638671875,0.08111605048179626,0.0649377629160881,-0.20988744497299194
1781099255969539000,19.4095390625,0.05212591588497162,-0.008490345440804958,-0.06039360165596008
1781099255994615000,19.434614990234376,0.15374606847763062,0.11333603411912918,0.10331815481185913
1781099256019690000,19.45968994140625,0.18437978625297546,0.06539788097143173,-0.036014772951602936
1781099256044766200,19.48476611328125,0.0965634435415268,0.16031500697135925,-0.16076433658599854
1781099256069841200,19.509841064453123,0.038176070898771286,-0.11397168785333633,-0.11151053011417389
1781099256094917000,19.534917236328123,0.16000545024871826,0.13548512756824493,0.10054169595241547
1781099256119993000,19.5599931640625,0.15399211645126343,0.1795603483915329,-0.03382349759340286
1781099256145068300,19.585068359375,0.03347953036427498,0.1804167926311493,-0.01715240254998207
1781099256170144000,19.61014404296875,0.13932600617408752,0.1484534591436386,-0.15871597826480865
1781099256195219000,19.635218994140626,0.10352539271116257,0.07228805124759674,-0.16646815836429596
1781099256220295200,19.660295166015626,0.024026120081543922,0.1146458312869072,-0.07479946315288544
1781099256245370000,19.6853701171875,0.11159873753786087,0.039972081780433655,0.05626663193106651
1781099256270446000,19.710446044921873,0.18749608099460602,0.2328779101371765,-0.1689239889383316
1781099256295521000,19.73552099609375,0.056202203035354614,0.16608279943466187,-0.21748195588588715
1781099256320597200,19.76059716796875,0.11833367496728897,-0.04420170560479164,0.05175073817372322
1781099256345672200,19.785672119140624,0.22628653049468994,0.013309759087860584,0.06361515820026398
1781099256370748200,19.810748046875,0.15482527017593384,0.09520794451236725,-0.06215938925743103
1781099256395823000,19.835822998046876,0.18784312903881073,0.04599947854876518,-0.31732141971588135
1781099256420899000,19.860899169921876,0.20529140532016754,-0.08972173929214478,-0.12144184857606888
1781099256445974000,19.88597412109375,0.14913563430309296,-0.013877877965569496,-0.054687678813934326
1781099256471050000,19.911050048828123,0.15347351133823395,0.17911222577095032,0.07839751243591309
1781099256496125000,19.936125,0.09998083114624023,0.12753629684448242,0.04363241791725159
1781099256521201200,19.961201171875,0.15906360745429993,0.13620245456695557,-0.2178121954202652
1781099256546277000,19.986277099609374,0.00703105004504323,-0.0456484779715538,-0.27249768376350403
1781099256571352000,20.01135205078125,0.016573969274759293,-0.19614996016025543,0.008003721944987774
1781099256596428000,20.036427978515626,0.19687576591968536,0.1448862999677658,-0.02784859761595726
1781099256621503200,20.061503173828125,0.07712984085083008,0.21219205856323242,-0.2244429737329483
1781099256646579000,20.086578857421873,0.07729031145572662,0.1462089866399765,-0.22558613121509552
1781099256671654000,20.11165380859375,0.1675422489643097,0.04759955406188965,-0.10188352316617966
1781099256696730000,20.136730224609376,0.07108021527528763,0.026709625497460365,-0.07519810646772385
1781099256721805000,20.16180517578125,0.10690039396286011,0.19140934944152832,0.03173251077532768
1781099256746881000,20.186881103515624,0.19477543234825134,0.05293180048465729,-0.00541245611384511
1781099256771956000,20.2119560546875,0.15559718012809753,0.02125723287463188,-0.18444205820560455
1781099256797032200,20.2370322265625,0.10623887181282043,-0.08851591497659683,-0.20263820886611938
1781099256822107100,20.262107177734375,0.1221935972571373,-0.14753350615501404,0.009100688621401787
1781099256847183000,20.28718310546875,0.1592823714017868,0.23245297372341156,0.16495153307914734
1781099256872258300,20.31225830078125,0.1474996656179428,0.149885892868042,-0.034940898418426514
1781099256897334000,20.337333984375,0.09553132951259613,0.10531356930732727,-0.13914845883846283
1781099256922410000,20.362409912109374,0.07186093926429749,-0.052124787122011185,-0.12218829244375229
1781099256947485000,20.38748486328125,0.05366871505975723,-0.013251773081719875,-0.0054152775555849075
1781099256972561400,20.4125615234375,0.04026327654719353,0.2235291600227356,0.06317056715488434
1781099256997636400,20.43763623046875,0.05276067554950714,0.08932085335254669,0.12125138938426971
1781099257022712300,20.46271240234375,0.12045540660619736,0.1461399495601654,0.022982221096754074
1781099257047787500,20.48778759765625,0.1289026290178299,-0.057407598942518234,-0.24742722511291504
1781099257072863200,20.51286328125,0.1134554073214531,-0.06665819883346558,-0.20942746102809906
1781099257097938200,20.537938232421876,0.20900048315525055,-0.02478196658194065,0.00911862961947918
1781099257123014400,20.563014404296876,0.2558841109275818,0.15598565340042114,-0.07449313253164291
1781099257148089300,20.58808935546875,0.2549629509449005,0.3395099937915802,-0.2700008749961853
1781099257173165300,20.613165283203124,0.19137953221797943,-0.050361745059490204,-0.27932584285736084
1781099257198240300,20.638240234375,0.14607639610767365,0.11022365838289261,-0.003938073758035898
1781099257223316500,20.66331640625,0.18107514083385468,0.08603966236114502,-0.02076147496700287
1781099257248392400,20.688392333984375,0.12738797068595886,0.06953281909227371,-0.11392519623041153
1781099257273467400,20.71346728515625,0.13337941467761993,-0.1161869615316391,-0.16478270292282104
1781099257298543400,20.73854345703125,0.13968999683856964,-0.06533044576644897,-0.08629168570041656
1781099257323618300,20.763618408203126,0.18310727179050446,-0.0117061547935009,-0.05416296795010567
1781099257348694300,20.7886943359375,0.1288999319076538,-0.05906585603952408,0.00550009636208415
1781099257373769200,20.813769287109373,0.21165195107460022,0.009007793851196766,0.04189629852771759
1781099257398845400,20.838845458984373,0.17424891889095306,-0.12074540555477142,-0.07090108841657639
1781099257423920400,20.86392041015625,0.17858795821666718,-0.23437437415122986,-0.14838500320911407
1781099257448996400,20.888996337890624,0.19533701241016388,-0.047385960817337036,-0.1551351398229599
1781099257474071300,20.9140712890625,0.1478247046470642,0.13318322598934174,-0.06537778675556183
1781099257499147500,20.9391474609375,0.13432180881500244,0.20405378937721252,-0.12715791165828705
1781099257524222500,20.964222412109375,0.07578384131193161,0.2180226892232895,-0.14100801944732666
1781099257549298200,20.989298095703123,0.0492217130959034,0.06791285425424576,-0.16091997921466827
1781099257574374400,21.01437451171875,0.05834992974996567,0.1671208143234253,-0.10749059915542603
1781099257599449300,21.039449462890627,0.05306108668446541,-0.01710769534111023,-0.11651674658060074
1781099257624525300,21.064525390625,0.07045932114124298,0.14680062234401703,-0.09320646524429321
1781099257649600300,21.089600341796874,0.11173879355192184,0.030537864193320274,-0.06670434027910233
1781099257674676500,21.114676513671874,0.11422228068113327,0.11038567125797272,-0.008410324342548847
1781099257699751400,21.13975146484375,0.11992916464805603,0.0039716134779155254,-0.08617676049470901
1781099257724827400,21.164827392578125,0.1556682288646698,-0.04618220776319504,-0.24545884132385254
1781099257749902300,21.18990234375,0.09754742681980133,0.03555183857679367,-0.12851488590240479
1781099257774978300,21.214978271484377,0.1673191785812378,-0.02070082537829876,-0.0351446233689785
1781099257800053200,21.24005322265625,0.17416787147521973,0.11452319473028183,-0.04092409834265709
1781099257825129200,21.265129150390624,0.11026201397180557,0.008271968923509121,-0.26323825120925903
1781099257850204200,21.2902041015625,0.07995627075433731,0.020197834819555283,-0.1417216807603836
1781099257875280400,21.3152802734375,0.07335188239812851,-0.17295002937316895,-0.013929681852459908
1781099257900356400,21.3403564453125,0.05390850454568863,0.10530920326709747,0.1007642149925232
1781099257925431300,21.365431396484375,0.11081675440073013,0.09363646805286407,-0.09661252051591873
1781099257950507500,21.390507568359375,0.08674156665802002,0.09936334192752838,-0.2665940523147583
1781099257975582200,21.415582275390626,0.06863170117139816,-0.042134154587984085,-0.18969060480594635
1781099258000658200,21.440658203125,0.09228457510471344,0.15026608109474182,-0.04177991300821304
1781099258025733000,21.465733154296874,0.15828578174114227,0.12400452792644501,-0.07466138899326324
1781099258050809000,21.49080908203125,0.13505919277668,0.07891104370355606,-0.3300495743751526
1781099258075884000,21.515884033203125,0.11119063198566437,0.06756968051195145,-0.30191296339035034
1781099258100960300,21.540960205078125,0.10276111960411072,0.06453735381364822,-0.049283210188150406
1781099258126035200,21.56603515625,0.0874224454164505,0.08708898723125458,0.09748715907335281
1781099258151111200,21.591111083984377,0.17626993358135223,0.058147232979536057,-0.1058410108089447
1781099258176187400,21.6161875,0.07232025265693665,-0.17536260187625885,-0.23878638446331024
1781099258201262300,21.641262451171876,0.14349603652954102,-0.08062463253736496,-0.13240154087543488
1781099258226338000,21.666338134765624,0.13584545254707336,-0.27095210552215576,0.014935607090592384
1781099258251413000,21.6914130859375,0.18223980069160461,-0.028622597455978394,-0.05197181552648544
1781099258276489200,21.7164892578125,0.157255157828331,-0.15056061744689941,-0.29426512122154236
1781099258301564200,21.741564208984375,0.10408153384923935,-0.05044156312942505,-0.2943110764026642
1781099258326640000,21.76664013671875,0.13266976177692413,-0.14496342837810516,-0.14028844237327576
1781099258351715300,21.79171533203125,0.1663299798965454,-0.03359736502170563,-0.13386008143424988
1781099258376791300,21.816791259765626,0.11535131931304932,-0.10609954595565796,-0.24324403703212738
1781099258401866200,21.8418662109375,0.12000645697116852,-0.07684645801782608,-0.3136831223964691
1781099258426942200,21.866942138671874,0.10218313336372375,-0.0725599154829979,-0.15061521530151367
1781099258452018200,21.89201806640625,0.12094798684120178,0.0263738464564085,-0.013011339120566845
1781099258477093000,21.917093017578125,0.14570237696170807,-0.09713297337293625,-0.004722169134765863
1781099258502169000,21.942169189453125,0.1521967202425003,-0.1359257847070694,-0.16140028834342957
1781099258527244000,21.967244140625,0.041905008256435394,-0.3337170481681824,-0.26954787969589233
1781099258552320300,21.9923203125,0.05511350929737091,-0.10681497305631638,-0.14258427917957306
1781099258577395200,22.017395263671876,0.03395657613873482,-0.1001897007226944,0.0816650390625
1781099258602471200,22.04247119140625,0.11045622080564499,0.13395333290100098,0.04291640222072601
1781099258627546400,22.06754638671875,0.08026758581399918,-0.041054509580135345,-0.16923139989376068
1781099258652622300,22.092622314453124,0.025643356144428253,-0.050913214683532715,-0.21039438247680664
1781099258677697300,22.117697265625,0.10015127062797546,-0.26045775413513184,-0.1635575145483017
1781099258702773000,22.14277294921875,0.03856155276298523,-0.169803649187088,0.0030164311174303293
1781099258727849200,22.16784912109375,0.11568668484687805,0.08998674899339676,-0.06472458690404892
1781099258752924200,22.192924072265626,0.07399455457925797,-0.0076111238449811935,-0.017129933461546898
1781099258778000100,22.218000244140626,0.0632711872458458,0.002497052773833275,0.010066911578178406
1781099258803075300,22.243075439453126,0.06013151630759239,-0.1004633978009224,0.03424058482050896
1781099258828151300,22.2681513671875,0.11853592097759247,0.020563187077641487,-0.0753391683101654
1781099258853226200,22.293226318359373,0.06447837501764297,-0.0702250599861145,-0.15787899494171143
1781099258878302200,22.31830224609375,-0.005495584569871426,-0.13208994269371033,-0.07499097287654877
1781099258903377400,22.34337744140625,0.031850416213274,0.023386355489492416,0.06356582045555115
1781099258928453000,22.368453125,0.054937709122896194,0.08365373313426971,0.10033325850963593
1781099258953528000,22.393528076171876,-0.0030203908681869507,0.15891340374946594,-0.002408314496278763
1781099258978604800,22.418604736328124,0.007470845244824886,-0.04550681635737419,-0.053729068487882614
1781099259003680800,22.4436806640625,0.07693784683942795,0.007780312094837427,-0.08851146697998047
1781099259028755700,22.468755615234375,0.04478544741868973,-0.0550370067358017,-0.14449571073055267
1781099259053832000,22.49383203125,0.06218106672167778,0.0322539322078228,-0.07452534884214401
1781099259078907000,22.518906982421875,0.09836146980524063,0.10456395894289017,0.046581193804740906
1781099259103982600,22.543982666015626,0.1168714240193367,0.058476049453020096,0.03590341657400131
1781099259129057500,22.5690576171875,0.1256115883588791,0.0010132137686014175,-0.13198257982730865
1781099259154133800,22.5941337890625,0.09243648499250412,-0.1926039457321167,-0.2063131332397461
1781099259179208700,22.619208740234374,0.08078999817371368,-0.017727192491292953,-0.08597387373447418
1781099259204284700,22.64428466796875,0.06757456809282303,-0.02026894874870777,0.09169436246156693
1781099259229361000,22.66936083984375,0.10055861622095108,0.12116754055023193,0.09236494451761246
1781099259254435800,22.694435791015625,0.13670608401298523,-0.015881843864917755,-0.1465713530778885
1781099259279511800,22.71951171875,0.058247894048690796,-0.1322668343782425,-0.23841141164302826
1781099259304586800,22.744586669921876,0.07446255534887314,-0.07340740412473679,-0.10457978397607803
1781099259329662700,22.769662841796876,0.05501726269721985,-0.017671799287199974,0.1322236955165863
1781099259354737700,22.794737548828124,0.09668426960706711,0.1083918884396553,0.11551631987094879
1781099259379813600,22.819813720703124,0.10639742016792297,0.056288983672857285,-0.1091795265674591
1781099259404888600,22.844888671875,0.05232350528240204,-0.0365128256380558,-0.15392360091209412
1781099259429964800,22.86996484375,0.048447348177433014,-0.14494958519935608,0.017521757632493973
1781099259455039700,22.895039794921875,0.08198036253452301,-0.10277830809354782,0.11540819704532623
1781099259480115700,22.92011572265625,0.11066198348999023,0.05748704448342323,-0.05100303515791893
1781099259505191700,22.945191650390626,0.03508039936423302,0.059869442135095596,-0.13499672710895538
1781099259530267000,22.970266845703126,0.03837442025542259,0.04963934049010277,-0.035649120807647705
1781099259555342600,22.995342529296874,0.03582208231091499,-0.03769579529762268,0.1008717343211174
1781099259580417500,23.02041748046875,0.06285588443279266,0.15793955326080322,0.03158912435173988
1781099259605493800,23.04549365234375,0.010704046115279198,0.02755502425134182,-0.12482894957065582
1781099259630568700,23.070568603515625,0.04497205838561058,0.05857047438621521,-0.11337223649024963
1781099259655644700,23.095644775390625,0.0422554537653923,-0.030980514362454414,-0.0283659640699625
1781099259680719600,23.1207197265625,0.07298285514116287,0.1937015950679779,-0.09123557060956955
1781099259705795800,23.1457958984375,0.07655836641788483,0.21941733360290527,-0.17351959645748138
1781099259730871600,23.17087158203125,0.04964650794863701,0.2670615017414093,-0.1433681845664978
1781099259755946800,23.19594677734375,0.08477496355772018,0.15139645338058472,-0.0947907567024231
1781099259781022700,23.221022705078123,0.05718854069709778,0.0009181318455375731,-0.01774662174284458
1781099259806097700,23.24609765625,0.03340362384915352,-0.11176090687513351,-0.05630624294281006
1781099259831173600,23.271173583984375,0.028494596481323242,-0.18860523402690887,-0.06065436452627182
1781099259856248600,23.29624853515625,0.023116301745176315,-0.05986529588699341,-0.05825893580913544
1781099259881324800,23.32132470703125,-0.04292288050055504,-0.1046900525689125,0.027790503576397896
1781099259906399700,23.346399658203126,0.05724578723311424,0.004710406064987183,-0.020862242206931114
1781099259931475700,23.371475830078126,0.09935925155878067,-0.12675555050373077,-0.18628734350204468
1781099259956551700,23.3965517578125,0.0600559338927269,-0.2276783287525177,-0.20418231189250946
1781099259981625900,23.4216259765625,0.12007948756217957,-0.2204265594482422,-0.180701345205307
1781099260006701800,23.446701904296877,0.15228746831417084,-0.18087641894817352,-0.22668930888175964
1781099260031777000,23.471777099609376,0.11141200363636017,-0.06360425055027008,-0.3107346296310425
1781099260056852700,23.496852783203124,0.01399158500134945,-0.18153423070907593,-0.2441868782043457
1781099260081927700,23.521927734375,0.024326810613274574,-0.1291479468345642,-0.186433807015419
1781099260107004000,23.54700390625,-0.02025863155722618,-0.21433641016483307,-0.18120618164539337
1781099260132078800,23.572078857421875,-0.013988086953759193,-0.16782264411449432,-0.13817626237869263
1781099260157154800,23.59715478515625,0.053786832839250565,-0.300812691450119,-0.16480404138565063
1781099260182229800,23.622229736328126,0.0033918044064193964,-0.31486836075782776,-0.22247909009456635
1781099260207306000,23.647305908203126,0.03683728724718094,-0.2931884825229645,-0.27082324028015137
1781099260232381700,23.672381591796874,0.03283780440688133,-0.5129426717758179,-0.17912976443767548
1781099260257457000,23.697456787109374,0.03662378340959549,-0.357862263917923,-0.21840576827526093
1781099260282532900,23.722532958984374,-0.03210199251770973,-0.4076833724975586,-0.331732839345932
1781099260307607800,23.74760791015625,-0.04356677457690239,-0.2568477988243103,-0.26001858711242676
1781099260332683800,23.772683837890625,-0.0779951810836792,-0.35328447818756104,-0.08892684429883957
1781099260357758700,23.7977587890625,-0.07688093185424805,-0.13556252419948578,-0.036591242998838425
1781099260382835000,23.8228349609375,-0.07149911671876907,-0.2004796415567398,-0.23985984921455383
1781099260407910000,23.847909912109376,-0.1705499142408371,-0.46677160263061523,-0.3030796945095062
1781099260432985900,23.87298583984375,-0.14439748227596283,-0.4146629869937897,-0.18081800639629364
1781099260458061800,23.898061767578124,-0.11445409059524536,-0.2853434979915619,-0.055430375039577484
1781099260483136800,23.92313671875,-0.1534731388092041,0.0031572135630995035,-0.058910053223371506
1781099260508212700,23.948212646484375,-0.24036231637001038,-0.09753082692623138,-0.026647817343473434
1781099260533287700,23.97328759765625,-0.1950216144323349,-0.06292323023080826,0.014227835461497307
1781099260558364000,23.998364013671875,-0.18042375147342682,-0.29718759655952454,-0.010554753243923187
1781099260583438800,24.02343896484375,-0.18717345595359802,-0.15539686381816864,-0.004700230434536934
1781099260608514800,24.048514892578126,-0.19815710186958313,-0.3022603690624237,0.036490123718976974
1781099260633591000,24.073591064453126,-0.19909754395484924,-0.13384336233139038,0.18607763946056366
1781099260658666000,24.098666015625,-0.22458726167678833,-0.0976887047290802,0.23847316205501556
1781099260683741700,24.12374169921875,-0.179151251912117,-0.0277920700609684,0.11025428771972656
1781099260708816600,24.148816650390625,-0.2140989750623703,-0.1373058259487152,-0.15242703258991241
1781099260733892900,24.173892822265625,-0.42576470971107483,-0.32695043087005615,-0.24171093106269836
1781099260758967800,24.1989677734375,-0.3976181745529175,-0.04135050252079964,-0.06665990501642227
1781099260784043800,24.224043701171876,-0.0265114177018404,0.3399380147457123,0.2623833119869232
1781099260809120000,24.2491201171875,-0.0735124871134758,0.6935645341873169,-0.12871602177619934
1781099260834195000,24.27419482421875,-0.5641137361526489,0.5880005359649658,-0.38962528109550476
1781099260859271000,24.29927099609375,-0.2524065375328064,-0.3286838233470917,-0.3474486172199249
1781099260884345900,24.324345947265623,-0.14174231886863708,-0.3592686057090759,0.3470657467842102
1781099260909421800,24.349421875,-0.17930129170417786,-0.03828606754541397,0.48854634165763855
1781099260934496800,24.374496826171875,-0.16501149535179138,0.3448720872402191,0.43814367055892944
1781099260959573200,24.3995732421875,-0.013715378940105438,0.27919480204582214,0.21575278043746948
1781099260984648200,24.424648193359374,-0.17898230254650116,-0.2543746829032898,-0.1866162270307541
1781099261009724200,24.44972412109375,-0.1973312348127365,-0.3580968677997589,-0.07248938083648682
1781099261034800400,24.47480029296875,0.00011727435048669577,-0.1912696212530136,0.36143290996551514
1781099261059875300,24.499875244140625,-0.022790642455220222,0.29444897174835205,0.41374170780181885
1781099261084951000,24.524950927734373,-0.16982276737689972,0.7193570137023926,0.22135649621486664
1781099261110026200,24.550026123046877,-0.04339666664600372,0.26489633321762085,-0.04866063967347145
1781099261135102200,24.575102294921876,-0.0452408529818058,-0.184229776263237,-0.08732274919748306
1781099261160177200,24.60017724609375,-0.17443016171455383,0.0230619665235281,-0.11996765434741974
1781099261185253000,24.625253173828124,-0.17128436267375946,0.35591110587120056,0.19868548214435577
1781099261210329300,24.650329345703124,-0.0714111179113388,0.4064067304134369,0.37824955582618713
1781099261235404300,24.675404296875,-0.07362952828407288,0.5602165460586548,0.21428272128105164
1781099261260480300,24.700480224609375,-0.17088240385055542,0.39226973056793213,0.07596364617347717
1781099261285555200,24.72555517578125,-0.1449994444847107,0.20252640545368195,0.32088175415992737
1781099261310631200,24.750631103515627,0.01679982990026474,0.4388042092323303,0.3765449821949005
1781099261335706000,24.7757060546875,0.03554162383079529,0.5858810544013977,0.32324454188346863
1781099261360782000,24.800781982421874,-0.0761842355132103,0.38479843735694885,0.376823753118515
1781099261385858300,24.8258583984375,0.06311757862567902,0.41668638586997986,0.4461962878704071
1781099261410933200,24.850933349609374,0.15176811814308167,0.3794344365596771,0.29613810777664185
1781099261436009200,24.87600927734375,0.036783941090106964,0.41734400391578674,0.23681209981441498
1781099261461084200,24.901084228515625,0.02427402324974537,0.3840041160583496,0.3471493124961853
1781099261486160400,24.926160400390625,0.12300404906272888,0.4614841938018799,0.5119385719299316
1781099261511235300,24.9512353515625,0.1907273232936859,0.4594513177871704,0.36353349685668945
1781099261536311000,24.97631103515625,0.11337342858314514,0.46954071521759033,0.23961851000785828
1781099261561387300,25.00138720703125,0.03151500225067139,0.2514638304710388,0.18378682434558868
1781099261586462200,25.026462158203124,0.11890973895788193,0.26627451181411743,0.21253585815429688
1781099261611538200,25.0515380859375,0.16860055923461914,0.3651893436908722,0.11864476650953293
1781099261636613000,25.076613037109375,0.12225549668073654,0.5422171950340271,0.1778804510831833
1781099261661689300,25.101689453125,0.18451066315174103,0.435115784406662,0.20073044300079346
1781099261686764300,25.126764404296875,0.238929882645607,0.44717827439308167,-0.0810435488820076
1781099261711840300,25.15184033203125,0.1780281513929367,0.3053657114505768,-0.11515147984027863
1781099261736916200,25.176916259765626,0.14367002248764038,0.2760874330997467,-0.008644402958452702
1781099261761991200,25.2019912109375,0.1956813931465149,0.29554399847984314,0.14617536962032318
1781099261787067100,25.227067138671874,0.25518542528152466,0.3435744345188141,-0.051363255828619
1781099261812142000,25.25214208984375,0.1949043720960617,0.2948617935180664,0.025432022288441658
1781099261837218300,25.27721826171875,0.22626477479934692,0.1887904405593872,0.1107555404305458
1781099261862293200,25.302293212890625,0.2860885560512543,0.30819159746170044,0.035764798521995544
1781099261887369200,25.327369140625,0.24401718378067017,0.13331317901611328,-0.1918221414089203
1781099261912445200,25.352445068359376,0.16458551585674286,0.10150252282619476,-0.19285164773464203
1781099261937520400,25.377520263671876,0.20288465917110443,-0.01563955657184124,-0.08373881876468658
1781099261962596400,25.402596435546876,0.30489709973335266,0.20212213695049286,-0.0727606788277626
1781099261987671300,25.42767138671875,0.29446518421173096,0.26960110664367676,-0.06490977853536606
1781099262012747300,25.452747314453124,0.29709532856941223,0.2565597891807556,-0.1451859325170517
1781099262037823500,25.477823486328123,0.2829403281211853,0.17310187220573425,-0.26057085394859314
1781099262062898400,25.5028984375,0.2632901668548584,0.037620726972818375,-0.19925189018249512
1781099262087974400,25.527974365234375,0.2862465977668762,0.06027965992689133,-0.025762692093849182
1781099262113049300,25.55304931640625,0.35929980874061584,0.05607886239886284,0.09870525449514389
1781099262138125300,25.578125244140626,0.3394158184528351,0.14613279700279236,0.022344445809721947
1781099262163201300,25.603201171875,0.32415473461151123,0.028716538101434708,0.01985773630440235
1781099262188276200,25.628276123046874,0.3353356122970581,-0.042179591953754425,0.017824528738856316
1781099262213352400,25.6533525390625,0.2289259135723114,-0.07228749990463257,0.09747359901666641
1781099262238427400,25.678427490234377,0.16508837044239044,-0.05850648880004883,-0.00930577702820301
1781099262263503400,25.70350341796875,0.25566279888153076,-0.19716738164424896,-0.23854340612888336
1781099262288579600,25.72857958984375,0.15103186666965485,-0.09560995548963547,-0.2858048379421234
1781099262313654500,25.753654541015624,0.08088134974241257,-0.034984298050403595,-0.2035922110080719
1781099262338730200,25.778730224609376,0.17415235936641693,0.09737884253263474,-0.07943964004516602
1781099262363805200,25.80380517578125,0.3080514669418335,0.3699283003807068,-0.09622383862733841
1781099262388881400,25.82888134765625,0.20800141990184784,0.5700532793998718,-0.2748728096485138
1781099262413956400,25.853956298828123,0.12086441367864609,0.2541869282722473,-0.35012438893318176
1781099262439032300,25.8790322265625,0.13095957040786743,-0.11130965501070023,-0.2773330807685852
1781099262464108500,25.904108642578127,0.2227270007133484,0.004496998153626919,-0.02931690588593483
1781099262489183500,25.92918359375,0.41129741072654724,0.09668219089508057,-0.05159036070108414
1781099262514259500,25.954259521484374,0.32403597235679626,0.14128254354000092,-0.030609402805566788
1781099262539334400,25.97933447265625,0.1363178789615631,-0.011508727446198463,-0.27078115940093994
1781099262564410400,26.004410400390626,0.16251660883426666,-0.2377755045890808,-0.29122528433799744
1781099262589486300,26.029486328125,-0.00477228919044137,-0.32545432448387146,-0.3552897870540619
1781099262614561300,26.054561279296873,0.10606645047664642,-0.07870561629533768,-0.11187385022640228
1781099262639637500,26.079637451171877,0.3707149624824524,0.15457209944725037,0.09553296864032745
1781099262664712400,26.10471240234375,0.25637155771255493,0.6739599108695984,0.19039179384708405
1781099262689788400,26.129788330078124,0.35115981101989746,0.26523467898368835,-0.17612716555595398
1781099262714863400,26.15486328125,0.1912253499031067,-0.44561564922332764,-0.3941909670829773
1781099262739939300,26.179939208984376,-0.5989996194839478,-0.9287083148956299,-0.31302642822265625
1781099262765015300,26.205015380859376,-0.28397950530052185,-0.6500883102416992,-0.07465451955795288
1781099262790090200,26.23009033203125,0.5003018379211426,-0.6364811062812805,-0.07161413133144379
1781099262815166500,26.25516650390625,0.20871402323246002,0.7468879222869873,-1.2829099893569946
1781099262840241400,26.280241455078126,-0.24888086318969727,1.080345869064331,-0.3827883005142212
1781099262865317400,26.3053173828125,0.4725669026374817,-0.7478623390197754,-0.45216572284698486
1781099262890393300,26.330393310546874,-0.08419516682624817,0.4059765934944153,0.16542375087738037
1781099262915468500,26.355468505859374,0.004495337605476379,0.07165568321943283,0.38434919714927673
1781099262940544300,26.380544189453126,-0.041483357548713684,-0.3235225975513458,0.08577475696802139
1781099262965619700,26.40561962890625,-0.19590720534324646,-0.5455974340438843,0.12693479657173157
1781099262990695700,26.43069580078125,0.000727670849300921,-0.7297317385673523,-0.04338647797703743
1781099263015771600,26.455771728515625,0.1442786306142807,-0.805453896522522,-0.14654682576656342
1781099263040846800,26.480846923828125,0.11817484349012375,-0.40462106466293335,0.03252946212887764
1781099263065922800,26.5059228515625,-0.0504341796040535,0.07337956130504608,-0.05739033594727516
1781099263090997800,26.530997802734376,-0.22409892082214355,0.39582064747810364,-0.199509397149086
1781099263116073700,26.55607373046875,-0.19559717178344727,0.08117152750492096,-0.29392561316490173
1781099263141149700,26.581149658203124,-0.02938331477344036,0.09037894010543823,-0.12292522192001343
1781099263166224600,26.606224609375,-0.005054522305727005,0.07463563978672028,-0.05144195258617401
1781099263191300600,26.631300537109375,0.06620420515537262,0.4897667467594147,-0.1515408456325531
1781099263216375800,26.656375732421875,-0.02145785093307495,0.2349129617214203,-0.3481638431549072
1781099263241451800,26.68145166015625,-0.11112625896930695,0.028103990480303764,-0.04253386706113815
1781099263266526700,26.706526611328126,-0.03295639902353287,0.06400632113218307,0.13470129668712616
1781099263291602700,26.731602783203126,0.10587960481643677,0.06012478843331337,0.2579735517501831
1781099263316678700,26.7566787109375,0.11921294033527374,0.04563930630683899,0.137513667345047
1781099263341753600,26.781753662109374,0.021478474140167236,-0.22778409719467163,0.060929201543331146
1781099263366829600,26.80682958984375,0.09018975496292114,-0.11525333672761917,0.049199771136045456
1781099263391904500,26.831904541015625,0.11483077704906464,-0.1832631230354309,0.08095408231019974
1781099263416980700,26.856980712890625,0.06759511679410934,-0.011296035721898079,0.23614977300167084
1781099263442056700,26.882056640625,0.1657351702451706,0.04378947615623474,0.300250381231308
1781099263467131600,26.907131591796876,0.2440774291753769,0.20341403782367706,0.03435352444648743
1781099263492207900,26.932207763671876,0.10694423317909241,0.07184208184480667,-0.12984725832939148
1781099263517282800,26.95728271484375,0.03167637437582016,-0.10791703313589096,-0.13945727050304413
1781099263542358500,26.982358642578124,0.09933465719223022,-0.03807178884744644,-0.09962209314107895
1781099263567434800,27.007434814453124,0.09200169891119003,0.0810655951499939,-0.04327007755637169
1781099263592509700,27.032509765625,0.06373011320829391,0.4372633993625641,-0.0036233323626220226
1781099263617585700,27.057585693359375,0.0305471308529377,0.3038094639778137,-0.10570655763149261
1781099263642660600,27.08266064453125,0.03183304890990257,0.18083155155181885,-0.20088090002536774
1781099263667736800,27.10773681640625,0.01775999367237091,-0.08080795407295227,-0.2642069458961487
1781099263692812800,27.132812744140626,-0.0032922462560236454,-0.002126094652339816,-0.12605199217796326
1781099263717887700,27.1578876953125,-0.008883020840585232,0.04852660745382309,-0.09971489012241364
1781099263742963700,27.182963623046874,-0.0024406935553997755,0.0990736111998558,-0.06947697699069977
1781099263768038700,27.20803857421875,0.031544748693704605,0.26405593752861023,-0.07551936060190201
1781099263793114600,27.233114501953125,-0.08202241361141205,0.0715760737657547,0.0034251403994858265
1781099263818189600,27.258189453125,0.046351924538612366,0.09084632247686386,-0.021838821470737457
1781099263843265800,27.283265869140624,0.05582833290100098,-0.08368788659572601,-0.1770664006471634
1781099263868341800,27.308341796875,-0.08003019541501999,-0.17573069036006927,-0.07425086945295334
1781099263893416700,27.333416748046876,-0.012495191767811775,-0.06743813306093216,-0.0211174339056015
1781099263918492700,27.35849267578125,0.00575617328286171,-0.10901572555303574,0.02295193076133728
1781099263943568000,27.38356787109375,-0.01726611889898777,0.0772773027420044,0.019863976165652275
1781099263968643000,27.40864306640625,-0.1130070686340332,-0.1448117047548294,-0.12133342027664185
1781099263993719300,27.43371923828125,-0.09311199188232422,-0.10387153923511505,-0.1253410130739212
1781099264018794200,27.458794189453126,-0.042973801493644714,-0.2590124309062958,-0.16309858858585358
1781099264043870200,27.4838701171875,0.0038969714660197496,-0.1678362637758255,-0.14011849462985992
1781099264068945200,27.508945068359374,0.07957811653614044,-0.06730329245328903,-0.25587254762649536
1781099264094021400,27.534021484375,0.0678279846906662,-0.21712420880794525,-0.2582733929157257
1781099264119097300,27.559097412109374,0.13731524348258972,-0.11601412296295166,-0.23057988286018372
1781099264144172300,27.58417236328125,0.1379479169845581,-0.23894700407981873,-0.2949368953704834
1781099264169248300,27.609248291015625,0.1182599812746048,-0.26868706941604614,-0.3870207369327545
1781099264194323200,27.6343232421875,0.12292737513780594,-0.33724427223205566,-0.36163103580474854
1781099264219399200,27.659399169921876,0.08911275863647461,-0.4176785945892334,-0.22708941996097565
1781099264244475400,27.684475341796876,0.15779165923595428,-0.14755317568778992,-0.16466651856899261
1781099264269550300,27.70955029296875,0.1010221615433693,-0.27052032947540283,-0.23693695664405823
1781099264294626300,27.734626220703124,0.05491010472178459,-0.3021058440208435,-0.25799718499183655
1781099264319701200,27.759701171875,-0.021659065037965775,-0.4831274747848511,-0.25805771350860596
1781099264344777500,27.784777587890623,0.047561708837747574,-0.38399726152420044,-0.17298714816570282
1781099264369852400,27.809852294921875,-0.019321545958518982,-0.38036900758743286,-0.17985476553440094
1781099264394928000,27.83492822265625,-0.07735331356525421,-0.3091690242290497,-0.15663933753967285
1781099264420004400,27.86000439453125,-0.04656023532152176,-0.4318995177745819,-0.35739877820014954
1781099264445079300,27.885079345703126,-0.15036356449127197,-0.42181479930877686,-0.25569742918014526
1781099264470155300,27.9101552734375,-0.15700063109397888,-0.2085486799478531,-0.061024799942970276
1781099264495230200,27.935230224609374,-0.11330254375934601,-0.17925237119197845,0.04536809027194977
1781099264520306400,27.960306396484373,-0.11472310870885849,-0.11431940644979477,-0.09888902306556702
1781099264545382100,27.985382080078125,-0.2075936496257782,-0.3762211203575134,-0.20822133123874664
1781099264570457300,28.010457275390625,-0.11055535078048706,-0.49090272188186646,-0.03912537544965744
1781099264595533000,28.035532958984376,-0.007720645517110825,-0.30535852909088135,-0.06014017015695572
1781099264620608300,28.060608154296876,-0.15658451616764069,-0.06312336027622223,-0.048003435134887695
1781099264645684200,28.085684326171876,-0.1290757805109024,-0.12344802916049957,-0.017004894092679024
1781099264670760200,28.11076025390625,-0.08700083196163177,-0.3873489797115326,-0.039685264229774475
1781099264695835400,28.13583544921875,-0.12257905304431915,-0.2827691435813904,-0.15613830089569092
1781099264720911400,28.160911376953123,-0.1565002053976059,-0.16188091039657593,-0.1857590228319168
1781099264745986300,28.185986328125,-0.15859748423099518,-0.21615391969680786,-0.00988997146487236
1781099264771062000,28.21106201171875,-0.17844071984291077,-0.08604054898023605,-0.06930650770664215
1781099264796138200,28.23613818359375,-0.10715790838003159,0.1453554779291153,-0.017257031053304672
1781099264821213200,28.261213134765626,-0.15809224545955658,-0.11867990344762802,-0.04459124803543091
1781099264846289200,28.2862890625,-0.23187275230884552,-0.11825865507125854,-0.09930641949176788
1781099264871364400,28.3113642578125,-0.1932746320962906,-0.3327510952949524,-0.05012121424078941
1781099264896440300,28.3364404296875,-0.1104220375418663,-0.2483171671628952,0.08285584300756454
1781099264921516300,28.361516357421873,-0.08631131798028946,0.05461268499493599,0.012493053451180458
1781099264946591200,28.38659130859375,-0.16068129241466522,0.00494330283254385,-0.0197172649204731
1781099264971667000,28.4116669921875,-0.0853382796049118,-0.08623447269201279,-0.02042347565293312
1781099264996742000,28.436741943359376,-0.11766712367534637,-0.27416518330574036,0.027601663023233414
1781099265021818000,28.461818115234376,-0.10339924693107605,-0.21626590192317963,0.060395799577236176
1781099265046893000,28.48689306640625,-0.03755403310060501,-0.13988856971263885,0.06405334174633026
1781099265071969000,28.511968994140624,-0.08821974694728851,-0.3264653980731964,0.07235448807477951
1781099265097045200,28.537045166015623,-0.20789164304733276,-0.28589650988578796,0.08890567719936371
1781099265122120200,28.5621201171875,-0.039928071200847626,-0.08376646041870117,0.15547659993171692
1781099265147196200,28.587196044921875,-0.13499262928962708,-0.13651996850967407,-0.09321696311235428
1781099265172271000,28.61227099609375,-0.35174116492271423,-0.03603040799498558,0.04171638935804367
1781099265197347000,28.63734716796875,-0.32834455370903015,-0.2591988742351532,-0.012087211012840271
1781099265222423000,28.662423095703126,-0.02399270050227642,0.11792302876710892,0.14599184691905975
1781099265247498000,28.687498046875,-0.3609115481376648,0.3618910312652588,-0.20972226560115814
1781099265272574200,28.71257421875,-0.4030919075012207,0.36331191658973694,0.05183117091655731
1781099265297649200,28.737649169921873,-0.04514026641845703,0.2770498991012573,0.060997117310762405
1781099265322725000,28.76272509765625,-0.4250253438949585,0.1665697693824768,-0.10271071642637253
1781099265347801000,28.787801025390625,-0.2187708169221878,-0.2102079838514328,0.27148357033729553
1781099265372876300,28.812876220703124,-0.06695005297660828,-0.23625630140304565,0.3641800582408905
1781099265397952000,28.837951904296876,-0.23088392615318298,-0.053440578281879425,0.2574431896209717
1781099265423027000,28.86302685546875,-0.20022332668304443,-0.1027112677693367,0.011829572729766369
1781099265448103200,28.888103271484376,-0.20209692418575287,-0.3075436055660248,0.09327536821365356
1781099265473179100,28.91317919921875,-0.14913751184940338,-0.2780953347682953,0.10704050958156586
1781099265498254000,28.938254150390627,-0.19548025727272034,-0.02834510989487171,0.04011733457446098
1781099265523330000,28.963330078125,-0.22652465105056763,-0.043331731110811234,0.09701106697320938
1781099265548405200,28.9884052734375,-0.20041099190711975,-0.160019189119339,-0.00038679270073771477
1781099265573481000,29.01348095703125,-0.09504150599241257,-0.15020041167736053,-0.13452768325805664
1781099265598557000,29.038556884765626,-0.0659206435084343,-0.26413851976394653,-0.325152724981308
1781099265623632100,29.063632080078126,-0.10204404592514038,-0.25425493717193604,-0.3273000419139862
1781099265648708000,29.0887080078125,-0.11193353682756424,-0.08359275758266449,-0.2636687159538269
1781099265673783000,29.113782958984373,-0.13041171431541443,-0.0773027241230011,-0.1314631551504135
1781099265698859000,29.13885888671875,-0.11917058378458023,-0.31179386377334595,-0.12090110778808594
1781099265723935200,29.163935302734377,-0.05286305770277977,-0.2603466212749481,-0.24033784866333008
1781099265749010200,29.18901025390625,-0.21749581396579742,-0.5672714710235596,-0.2639845013618469
1781099265774086000,29.2140859375,-0.15503506362438202,-0.38921281695365906,-0.05735399201512337
1781099265799161000,29.2391611328125,-0.12420928478240967,-0.2704544961452484,0.03761693090200424
1781099265824237000,29.264237060546876,-0.3737640976905823,-0.3040201961994171,-0.06980258971452713
1781099265849313000,29.28931298828125,-0.32507190108299255,-0.3879826068878174,-0.10342998802661896
1781099265874388000,29.314387939453123,-0.31273311376571655,-0.568753182888031,0.026473725214600563
1781099265899464200,29.339464111328127,-0.32131659984588623,-0.4024786055088043,0.09103738516569138
1781099265924539100,29.3645390625,-0.2688346207141876,-0.16846010088920593,0.03462699055671692
1781099265949615000,29.389614990234374,-0.1993343085050583,-0.2376055270433426,0.048162270337343216
1781099265974689800,29.414689697265626,-0.13932465016841888,-0.20784835517406464,-0.08078517019748688
1781099265999765800,29.439765869140626,-0.22650569677352905,-0.3678523004055023,0.00024973833933472633
1781099266024841700,29.464841796875,-0.18789897859096527,-0.26655396819114685,0.14960691332817078
1781099266049916700,29.489916748046873,-0.22144760191440582,-0.18332532048225403,0.21465221047401428
1781099266074993000,29.514992919921873,-0.269037127494812,-0.06466545909643173,0.06488737463951111
1781099266100068900,29.54006884765625,-0.31539449095726013,-0.25357118248939514,-0.05927588418126106
1781099266125143800,29.565143798828124,-0.27575013041496277,-0.16823969781398773,-0.034579865634441376
1781099266150220000,29.590219970703124,-0.28651466965675354,-0.15558499097824097,0.015659581869840622
1781099266175295000,29.615294921875,-0.1928807646036148,-0.04961264133453369,0.052924744784832
1781099266200370700,29.64037060546875,-0.19984903931617737,-0.10475241392850876,-0.02824399434030056
1781099266225447000,29.665447021484376,-0.1934063881635666,-0.26316210627555847,-0.05858810991048813
1781099266250521900,29.69052197265625,-0.24803800880908966,-0.2954995930194855,0.07429234683513641
1781099266275597800,29.715597900390627,-0.19664686918258667,-0.05907384678721428,0.01632077805697918
1781099266300672800,29.7406728515625,-0.2815227806568146,0.07644832134246826,-0.09690658748149872
1781099266325749000,29.7657490234375,-0.2763631045818329,0.0453973263502121,-0.12001372128725052
1781099266350825000,29.790824951171874,-0.30326777696609497,0.06678354740142822,-0.05009162425994873
1781099266375900000,29.81589990234375,-0.26581522822380066,-0.06278704106807709,-0.09188709408044815
1781099266400976000,29.840975830078126,-0.2987660765647888,-0.10193615406751633,-0.13206683099269867
1781099266426050800,29.86605078125,-0.2806261479854584,-0.18132205307483673,-0.08425023406744003
1781099266451126800,29.891126708984373,-0.3178345263004303,-0.16040021181106567,0.021066797897219658
1781099266476200700,29.91620068359375,-0.36773359775543213,-0.03348327800631523,-0.031243715435266495
1781099266501276700,29.941276611328124,-0.3663741946220398,0.050218768417835236,-0.06562850624322891
1781099266526353000,29.966352783203124,-0.4360707402229309,-0.0720331221818924,-0.024527734145522118
1781099266551427800,29.991427734375,-0.40696561336517334,0.0393151119351387,-0.004472168628126383
1781099266576503800,30.01650390625,-0.4092853367328644,0.006597790867090225,0.04458577185869217
1781099266601579000,30.0415791015625,-0.35880592465400696,0.09944255650043488,0.012090878561139107
1781099266626655000,30.066655029296875,-0.3836514353752136,-0.07702664285898209,0.003369538113474846
1781099266651730700,30.091730712890627,-0.3101801574230194,-0.054355066269636154,-0.04106374457478523
1781099266676805600,30.1168056640625,-0.35916051268577576,-0.12154752016067505,-0.11951810121536255
1781099266701881900,30.1418818359375,-0.4145928919315338,-0.0318317674100399,-0.045686982572078705
1781099266726956800,30.166956787109374,-0.40688371658325195,-0.00537839625030756,0.22529369592666626
1781099266752032800,30.19203271484375,-0.31074395775794983,0.09837085008621216,0.35877788066864014
1781099266777109000,30.21710888671875,-0.3044332265853882,-0.004380230326205492,0.08544851094484329
1781099266802184000,30.242183837890625,-0.37433934211730957,-0.2966530919075012,-0.13741841912269592
1781099266827260000,30.267260009765625,-0.2860106825828552,-0.28547778725624084,0.058322466909885406
1781099266852335900,30.2923359375,-0.22383186221122742,-0.05883439630270004,0.21457131206989288
1781099266877410800,30.317410888671876,-0.26056674122810364,0.20561696588993073,0.033739123493433
1781099266902486800,30.34248681640625,-0.3392565846443176,0.1952555626630783,-0.25791996717453003
1781099266927561700,30.367561767578124,-0.24362941086292267,-0.11017251759767532,-0.2767634689807892
1781099266952638000,30.392637939453124,-0.31431132555007935,-0.15280847251415253,-0.023461906239390373
1781099266977714400,30.41771435546875,-0.2789527475833893,0.13531556725502014,0.1797250360250473
1781099267002789600,30.44278955078125,-0.29671648144721985,0.20925773680210114,0.26756981015205383
1781099267027865600,30.467865478515623,-0.30178263783454895,0.15681259334087372,0.14446543157100677
1781099267052940500,30.4929404296875,-0.26812484860420227,-0.44442933797836304,-0.1291254609823227
1781099267078016500,30.5180166015625,-0.3284296989440918,-0.5498837828636169,-0.0947839617729187
1781099267103092700,30.5430927734375,-0.3716914653778076,-0.36550572514533997,0.14343014359474182
1781099267128167700,30.568167724609374,-0.27447015047073364,0.1029098853468895,0.3201671540737152
1781099267153243600,30.59324365234375,-0.1453828513622284,0.30871644616127014,0.23418284952640533
1781099267178319600,30.618319580078126,-0.26718664169311523,0.17129617929458618,-0.12068215012550354
1781099267203394600,30.64339453125,-0.21826298534870148,-0.30291318893432617,-0.3650561571121216
1781099267228470500,30.668470458984373,-0.28162628412246704,-0.5512250661849976,-0.03721094876527786
1781099267253545500,30.69354541015625,-0.3263913691043854,-0.06842958182096481,0.24392801523208618
1781099267278621700,30.71862158203125,-0.37150004506111145,0.2878568172454834,0.20632998645305634
1781099267303697700,30.74369775390625,-0.36456674337387085,0.4602094292640686,0.08420144021511078
1781099267328772600,30.768772705078124,-0.4660899341106415,-0.04123292490839958,-0.11529146134853363
1781099267353848600,30.7938486328125,-0.39909234642982483,-0.2782425582408905,-0.18551567196846008
1781099267378924500,30.818924560546876,-0.4378242790699005,-0.17241528630256653,-0.006416729185730219
1781099267403999500,30.84399951171875,-0.35819217562675476,0.1988183706998825,0.1588168442249298
1781099267429075700,30.86907568359375,-0.3344069719314575,0.14025117456912994,0.21280093491077423
1781099267454150700,30.894150634765627,-0.33735015988349915,0.11588442325592041,0.029226751998066902
1781099267479226600,30.9192265625,-0.2931823432445526,-0.20276156067848206,-0.08885034918785095
1781099267504302800,30.944302734375,-0.32996147871017456,-0.18166178464889526,-0.01579371839761734
1781099267529377800,30.969377685546874,-0.28691035509109497,-0.04750043898820877,0.1703178882598877
1781099267554453500,30.99445361328125,-0.2809121608734131,-0.02439945563673973,0.24162237346172333
1781099267579529500,31.019529541015626,-0.2608792185783386,0.049599792808294296,-0.026181230321526527
1781099267604604700,31.044604736328125,-0.37353503704071045,-0.11007273197174072,-0.07508423179388046
1781099267629680600,31.0696806640625,-0.34286707639694214,0.1022624522447586,0.1247970387339592
1781099267654755600,31.094755615234376,-0.30794498324394226,0.11764305830001831,0.1931048035621643
1781099267679831800,31.119831787109376,-0.2980842888355255,0.046191610395908356,-0.05606290325522423
1781099267704907800,31.14490771484375,-0.3409048914909363,-0.19995789229869843,-0.18408839404582977
1781099267729982700,31.169982666015624,-0.2831871509552002,-0.03211810439825058,-0.039532218128442764
1781099267755058400,31.195058349609376,-0.30581486225128174,0.10078943520784378,0.13717715442180634
1781099267780133600,31.220133544921875,-0.38666966557502747,0.24507100880146027,0.08520594984292984
1781099267805209600,31.245209716796875,-0.3765603005886078,0.1517985761165619,-0.06053553521633148
1781099267830285600,31.27028564453125,-0.3925110995769501,-0.23222047090530396,-0.07637953758239746
1781099267855360500,31.295360595703126,-0.34435346722602844,-0.18702024221420288,0.01153774093836546
1781099267880436700,31.320436767578126,-0.39281031489372253,-0.021667368710041046,0.14155879616737366
1781099267905512400,31.345512451171874,-0.30599460005760193,0.23443374037742615,0.252263605594635
1781099267930587600,31.370587646484374,-0.30670833587646484,0.1512797623872757,0.15741480886936188
1781099267955663600,31.39566357421875,-0.25021234154701233,0.0008659952436573803,0.009795203804969788
1781099267980738000,31.420738037109373,-0.2508726716041565,-0.24688087403774261,0.1279260516166687
1781099268005814000,31.44581396484375,-0.25123414397239685,-0.027947815135121346,0.17413736879825592
1781099268030890000,31.470889892578125,-0.2779565155506134,0.03805888816714287,0.05064188688993454
1781099268055965000,31.49596484375,-0.31467682123184204,-0.06600019335746765,-0.07811145484447479
1781099268081041200,31.521041259765624,-0.3758251965045929,0.11448461562395096,-0.03564527630805969
1781099268106117000,31.5461171875,-0.3419938087463379,0.31079086661338806,0.061942208558321
1781099268131192000,31.571192138671876,-0.31429362297058105,0.5662568807601929,-0.05127297341823578
1781099268156268000,31.59626806640625,-0.2710586488246918,0.35023441910743713,-0.166564479470253
1781099268181344000,31.621343994140624,-0.3979955315589905,-0.1423904150724411,-0.10602093487977982
1781099268206419000,31.6464189453125,-0.2962813973426819,-0.18144667148590088,0.11389302462339401
1781099268231495000,31.671494873046875,-0.23747499287128448,-0.21240375936031342,0.24523544311523438
1781099268256570000,31.696570068359375,-0.24862274527549744,-0.08708331733942032,0.26373687386512756
1781099268281646000,31.72164599609375,-0.32926613092422485,0.04295753687620163,0.15704196691513062
1781099268306722000,31.74672216796875,-0.3203684985637665,0.039104949682950974,0.06662312895059586
1781099268331797000,31.771796875,-0.20590369403362274,-0.11433461308479309,0.13795989751815796
1781099268356873000,31.796873046875,-0.2313382625579834,0.035413485020399094,0.1220453754067421
1781099268381949000,31.821948974609374,-0.21336407959461212,0.09329229593276978,0.020281903445720673
1781099268407023900,31.84702392578125,-0.20053498446941376,-0.00260841753333807,-0.03504827991127968
1781099268432100000,31.87210009765625,-0.13760590553283691,0.037597112357616425,-0.08070646226406097
1781099268457175000,31.897175048828124,-0.22500759363174438,0.10978192090988159,0.026523351669311523
1781099268482251000,31.9222509765625,-0.24811406433582306,0.10019703209400177,0.15537187457084656
1781099268507327000,31.947326904296876,-0.27942535281181335,0.08202580362558365,0.05144947022199631
1781099268532402000,31.97240185546875,-0.2527817189693451,-0.06293290853500366,-0.0711996927857399
1781099268557478000,31.997477783203124,-0.39179980754852295,-0.3113904893398285,0.02054458111524582
1781099268582552800,32.022552734375,-0.26058390736579895,-0.012497413903474808,0.20151712000370026
1781099268607629000,32.04762915039063,-0.22656004130840302,0.16276323795318604,0.122088722884655
1781099268632705000,32.072705078125,-0.27340155839920044,0.2574335038661957,0.03526890277862549
1781099268657780000,32.09778002929688,-0.35001322627067566,-0.166367769241333,-0.02060285583138466
1781099268682856200,32.12285620117188,-0.2503741383552551,-0.21002092957496643,0.06742595136165619
1781099268707932000,32.147931884765626,-0.14491452276706696,-0.09341009706258774,0.11571837961673737
1781099268733006800,32.1730068359375,-0.22338642179965973,0.104037806391716,0.0946226567029953
1781099268758083000,32.1980830078125,-0.30776116251945496,0.16619737446308136,0.1482902318239212
1781099268783158000,32.22315795898437,-0.231785848736763,0.050857819616794586,-0.022361814975738525
1781099268808234000,32.24823388671875,-0.2336127758026123,-0.09884219616651535,-0.09567677229642868
1781099268833310000,32.27331005859375,-0.36427298188209534,-0.13568857312202454,0.06025885418057442
1781099268858385200,32.29838525390625,-0.2629684507846832,0.13463939726352692,0.07457198202610016
1781099268883461000,32.323461181640624,-0.2589949369430542,0.19537365436553955,-0.08215498924255371
1781099268908536800,32.34853686523437,-0.26581642031669617,0.110634446144104,-0.09252723306417465
1781099268933612000,32.373612060546876,-0.26436179876327515,0.06426610052585602,-0.019620737060904503
1781099268958688000,32.39868798828125,-0.1890212446451187,0.2458963841199875,0.22935763001441956
1781099268983763000,32.42376293945313,-0.3458932638168335,0.2882588505744934,0.5716445446014404
1781099269008839000,32.4488388671875,-0.15648050606250763,0.3132079541683197,0.5900207757949829
1781099269033915100,32.4739150390625,-0.18921083211898804,-0.0606592632830143,0.10867251455783844
1781099269058990000,32.49898999023438,-0.5315695405006409,-0.8623644113540649,-0.039821647107601166
1781099269084065800,32.524065673828126,-0.34275245666503906,-0.6195584535598755,0.1691451519727707
1781099269109142000,32.54914208984375,0.24755440652370453,-0.31317976117134094,0.6553093791007996
1781099269134217000,32.57421704101562,-0.0159471295773983,0.8655485510826111,-0.16946320235729218
1781099269159293000,32.59929296875,-0.46222490072250366,1.2962515354156494,-0.41209331154823303
1781099269184367900,32.62436791992187,-0.0015059169381856918,-0.32167112827301025,-0.34045979380607605
1781099269209444000,32.64944409179687,-0.42412787675857544,-0.42357978224754333,0.4607890844345093
1781099269234520000,32.67452001953125,-0.33421483635902405,0.12067807465791702,0.49370065331459045
1781099269259595000,32.699594970703124,-0.17794468998908997,0.8039069771766663,0.1758340746164322
1781099269284671000,32.7246708984375,-0.19337977468967438,0.4519749879837036,0.1291937381029129
1781099269309747000,32.74974682617187,-0.27677351236343384,-0.14192970097064972,-0.15821249783039093
1781099269334822000,32.77482177734375,-0.13302691280841827,-0.26580947637557983,-0.026444291695952415
1781099269359898000,32.799898193359375,-0.15846017003059387,0.02423054166138172,0.3223583698272705
1781099269384973000,32.82497314453125,-0.20936623215675354,0.42219895124435425,0.31445276737213135
1781099269410049000,32.85004907226563,-0.1485287845134735,0.34992948174476624,0.10438890755176544
1781099269435125000,32.875125,-0.04197153076529503,-0.040180504322052,-0.11992070823907852
1781099269460200200,32.9002001953125,-0.04215915873646736,-0.24476757645606995,-0.011844750493764877
1781099269485276000,32.92527587890625,-0.05176557973027229,-0.0019897902384400368,-0.033773548901081085
1781099269510352000,32.950351806640626,-0.15047067403793335,0.06480217725038528,0.09982303529977798
1781099269535427000,32.97542700195312,-0.14388765394687653,-0.013758154585957527,0.09104280173778534
1781099269560503000,33.0005029296875,-0.10261356830596924,-0.09444773942232132,0.04663524776697159
1781099269585578000,33.02557788085937,-0.08225338906049728,-0.1242181584239006,-0.03379452973604202
1781099269610654200,33.050654296875,-0.13603167235851288,0.06441541016101837,-0.030630961060523987
1781099269635730000,33.07572998046875,-0.17422865331172943,0.07041889429092407,0.04901161044836044
1781099269660804900,33.100804931640624,-0.09525540471076965,0.19745421409606934,0.06697395443916321
1781099269685880800,33.125880859375,-0.11367271840572357,0.006610877811908722,0.08791625499725342
1781099269710956000,33.1509560546875,-0.11560533940792084,-0.019757309928536415,0.041272882372140884
1781099269736032000,33.176031982421875,-0.17889732122421265,-0.0954122468829155,0.05874156206846237
1781099269761108000,33.20110791015625,-0.19952888786792755,-0.091140978038311,0.06935267150402069
1781099269786183200,33.22618310546875,-0.20833835005760193,0.04035216569900513,0.1286603957414627
1781099269811259100,33.25125903320313,-0.2273707091808319,0.02051687240600586,0.1838277131319046
1781099269836334800,33.2763349609375,-0.2512328028678894,0.15912865102291107,0.2090202420949936
1781099269861409800,33.30140991210938,-0.25172707438468933,0.031690843403339386,0.2088911086320877
1781099269886486000,33.32648608398438,-0.14214050769805908,-0.01913067139685154,0.10878250747919083
1781099269911561000,33.35156103515625,-0.15263812243938446,-0.03422090411186218,0.019138667732477188
1781099269936637000,33.37663696289062,-0.06683424115180969,-0.06806375086307526,0.12085461616516113
1781099269961713200,33.40171313476562,-0.07445866614580154,0.13113199174404144,0.08893213421106339
1781099269986788000,33.4267880859375,-0.07603803277015686,0.1447630375623703,0.1443755328655243
1781099270011864000,33.45186401367187,-0.07745596766471863,0.13347569108009338,-0.03160141780972481
1781099270036939800,33.47693969726563,-0.1280052363872528,0.026997674256563187,-0.0068146660923957825
1781099270062015000,33.502014892578124,-0.19054117798805237,-0.008348475210368633,0.05820496007800102
1781099270087091000,33.527091064453124,-0.08195167779922485,0.23691444098949432,0.12904256582260132
1781099270112166000,33.552165771484376,-0.06701736152172089,0.23803073167800903,0.08605710417032242
1781099270137241900,33.577241943359375,-0.17909972369670868,0.07244645059108734,0.035245586186647415
1781099270162318000,33.602318115234375,-0.12677592039108276,0.08500692248344421,0.16403163969516754
1781099270187393000,33.62739306640625,-0.11862831562757492,0.008506231009960175,0.06991464644670486
1781099270212468700,33.65246875,-0.15470562875270844,0.16582418978214264,0.27264833450317383
1781099270237544000,33.6775439453125,-0.11151604354381561,0.06829341500997543,0.20689278841018677
1781099270262620000,33.70261987304688,-0.14123523235321045,-0.004345342982560396,0.07263337820768356
1781099270287696000,33.72769580078125,-0.14353977143764496,0.0754360482096672,0.11757084727287292
1781099270312770800,33.75277075195312,-0.0805676206946373,-0.015622232109308243,0.093007892370224
1781099270337847000,33.77784692382812,-0.0540664978325367,0.2957964539527893,0.12456925213336945
1781099270362923000,33.80292309570312,-0.14018012583255768,0.21185916662216187,0.054265495389699936
1781099270387998000,33.827998046875,-0.040777456015348434,0.15800195932388306,0.19426564872264862
1781099270413074000,33.85307397460937,0.03336063772439957,0.11513908207416534,0.1137675940990448
1781099270438148900,33.87814892578125,-0.09397152811288834,-0.10717655718326569,0.05292361602187157
1781099270463224800,33.903224853515624,-0.08203928172588348,0.07675670087337494,-0.012983785942196846
1781099270488301000,33.928301025390624,-0.09953480958938599,0.07355254888534546,0.1597244292497635
1781099270513376000,33.9533759765625,-0.06385351717472076,0.1978808045387268,0.19199904799461365
1781099270538452000,33.978451904296875,-0.031721971929073334,0.3945896625518799,0.17176374793052673
1781099270563528000,34.00352783203125,-0.08894628286361694,0.13923069834709167,0.10421249270439148
1781099270588603100,34.02860302734375,-0.06307417154312134,0.048085544258356094,0.009012834168970585
1781099270613678800,34.05367895507813,-0.0247502364218235,0.1357601433992386,0.0073564909398555756
1781099270638753800,34.07875390625,-0.06993504613637924,0.11255382001399994,0.25645020604133606
1781099270663830000,34.103830078125,0.010973021388053894,0.28791186213493347,0.2650362253189087
1781099270688906000,34.12890600585938,0.0346001498401165,0.35845059156417847,0.129102423787117
1781099270713981000,34.15398095703125,-0.10725013166666031,0.10365762561559677,0.05024036765098572
1781099270739057200,34.17905712890625,-0.09674327075481415,0.08994854241609573,0.18405482172966003
1781099270764132900,34.2041328125,-0.030688855797052383,0.23322665691375732,0.2471720427274704
1781099270789207800,34.22920776367187,-0.031040512025356293,0.15258340537548065,0.19509483873844147
1781099270814283800,34.25428369140625,0.011913432739675045,0.2147005945444107,0.1412527710199356
1781099270839359000,34.27935888671875,0.043189819902181625,0.1944432556629181,0.12601889669895172
1781099270864435000,34.30443505859375,-0.007221933454275131,0.059985097497701645,0.09483861178159714
1781099270889511000,34.329510986328124,0.007301853969693184,0.2564002573490143,0.12790419161319733
1781099270914586000,34.35458618164063,0.066978819668293,0.2718579173088074,0.12302929162979126
1781099270939662000,34.379662109375,-0.013316343538463116,0.14858123660087585,0.1531977653503418
1781099270964737800,34.40473779296875,0.05282172933220863,0.35192298889160156,0.18004648387432098
1781099270989813800,34.42981372070312,0.11780275404453278,0.262023001909256,0.0275128036737442
1781099271014889700,34.4548896484375,-0.09067099541425705,0.06677372008562088,0.06139708682894707
1781099271039964700,34.479964599609374,0.025705786421895027,0.2858848571777344,0.2573006749153137
1781099271065041000,34.505041015625,0.1623784601688385,0.33044975996017456,0.2186691164970398
1781099271090116900,34.530116943359374,0.004676730837672949,0.3475826382637024,0.09710812568664551
1781099271115191800,34.55519189453125,0.10078233480453491,0.12759524583816528,-0.023697800934314728
1781099271140267500,34.580267578125,0.06260338425636292,0.06614640355110168,-0.0641404464840889
1781099271165342700,34.6053427734375,-0.052456844598054886,0.027549568563699722,0.1355934590101242
1781099271190418700,34.63041870117188,0.10413020849227905,0.3471766710281372,0.19212530553340912
1781099271215494700,34.65549462890625,0.16062583029270172,0.42862746119499207,0.10184396058320999
1781099271240569600,34.68056958007813,0.0584854818880558,0.164581298828125,-0.08745790272951126
1781099271265645800,34.70564575195313,0.059758879244327545,0.08570525050163269,-0.0363578237593174
1781099271290721500,34.730721435546876,0.11484336853027344,0.0764448344707489,0.04701930284500122
1781099271315796700,34.75579663085937,0.025772809982299805,0.08164940029382706,0.09824138879776001
1781099271340872700,34.78087280273437,-0.006392955780029297,0.3225244879722595,0.10231004655361176
1781099271365947600,34.80594775390625,0.07361478358507156,0.4150022566318512,0.19428016245365143
1781099271391023600,34.83102368164062,0.10649154335260391,0.15764375030994415,0.06357221305370331
1781099271416099800,34.85609985351562,0.03133213892579079,0.026076622307300568,-0.13806116580963135
1781099271441174800,34.8811748046875,0.02424725517630577,0.07017318904399872,-0.17485788464546204
1781099271466250800,34.906250732421874,0.023139959201216698,0.13088485598564148,-0.09831169992685318
1781099271491326700,34.93132666015625,0.027877166867256165,0.25232869386672974,0.0395183265209198
1781099271516401700,34.956401611328126,0.15315508842468262,0.3647342026233673,0.09726223349571228
1781099271541477600,34.9814775390625,0.1371331363916397,0.2541508078575134,0.007221999578177929
1781099271566552600,35.00655249023438,0.024554509669542313,0.02330896444618702,-0.09412769973278046
1781099271591628800,35.03162890625,0.05658876895904541,-0.078701913356781,-0.15966688096523285
1781099271616704800,35.05670483398438,0.044142600148916245,-0.0009247559355571866,0.010041339322924614
1781099271641779700,35.08177978515625,0.05885004997253418,0.04216478019952774,0.13890838623046875
1781099271666856000,35.10685595703125,0.15538755059242249,0.19263480603694916,0.17622143030166626
1781099271691931000,35.131930908203124,0.07557909935712814,0.18394210934638977,0.10396753996610641
1781099271717006600,35.15700659179687,0.03249630331993103,-0.023990429937839508,0.11286436021327972
1781099271742082600,35.18208251953125,0.057648561894893646,-0.1819216012954712,-0.16256937384605408
1781099271767157800,35.20715771484375,0.01779673807322979,-0.12325944006443024,-0.1787259429693222
1781099271792233700,35.23223364257812,0.005361683201044798,-0.023380227386951447,-0.09121867269277573
1781099271817309700,35.25730981445312,0.07639683783054352,0.09749005734920502,-0.020301204174757004
1781099271842385000,35.282385009765626,0.052067529410123825,0.32098233699798584,-0.1861482560634613
1781099271867460600,35.307460693359374,0.010587448254227638,0.28621378540992737,-0.13549180328845978
1781099271892535800,35.33253588867188,-0.01834212988615036,-0.1251669079065323,-0.11597494035959244
1781099271917611500,35.357611572265625,0.05046901851892471,-0.11662217974662781,-0.15997962653636932
1781099271942687700,35.382687744140625,0.10379081219434738,-0.11791359633207321,-0.2949771285057068
1781099271967762700,35.4077626953125,0.10281158238649368,-0.1823243349790573,-0.14718148112297058
1781099271992839000,35.4328388671875,0.13984522223472595,-0.15579946339130402,-0.05662394315004349
1781099272017915000,35.45791479492188,0.175386443734169,0.026554878801107407,0.0077904947102069855
1781099272042990000,35.48298999023437,0.12416519224643707,-0.23405234515666962,-0.04507819563150406
1781099272068065800,35.50806567382813,0.1193668469786644,-0.30536818504333496,-0.17462486028671265
1781099272093140700,35.533140625,0.12200966477394104,-0.3385440707206726,-0.2736373245716095
1781099272118217000,35.558217041015624,0.15038523077964783,-0.24408024549484253,-0.11352133750915527
1781099272143293000,35.58329296875,0.18692167103290558,-0.031038135290145874,-0.024614552035927773
1781099272168367900,35.608367919921875,0.1416500210762024,-0.029306583106517792,-0.0012807627208530903
1781099272193443800,35.63344384765625,0.12492630630731583,-0.04570591822266579,-0.07086291909217834
1781099272218519800,35.65851977539062,0.14569221436977386,-0.43137142062187195,-0.23384927213191986
1781099272243595000,35.683594970703126,0.09030932933092117,-0.4593106508255005,-0.16461299359798431
1781099272268670700,35.708670654296874,0.09190160781145096,-0.4033891260623932,-0.01898099109530449
1781099272293746000,35.73374584960938,0.14315952360630035,-0.31308844685554504,0.0452510230243206
1781099272318822000,35.75882177734375,0.040377065539360046,0.031104708090424538,-0.12115006148815155
1781099272343897900,35.78389794921875,0.008010038174688816,0.1112130880355835,-0.11992956697940826
1781099272368972800,35.80897290039063,-0.014214933849871159,-0.02928917109966278,-0.12620358169078827
1781099272394049000,35.83404907226563,0.009936130605638027,0.06199372187256813,-0.19344229996204376
1781099272419124700,35.859124755859376,0.006647298578172922,-0.0029236029367893934,-0.16959458589553833
1781099272444199700,35.88419970703125,0.0016288376646116376,-0.14358378946781158,-0.04094339907169342
1781099272469276000,35.90927587890625,0.0468590147793293,-0.0016911921557039022,-0.08426841348409653
1781099272494350800,35.934350830078124,-0.03866571933031082,-0.08589654415845871,-0.05168147012591362
1781099272519426800,35.9594267578125,0.01976521871984005,-0.11756201088428497,0.08709416538476944
1781099272544503000,35.9845029296875,-0.020357534289360046,-0.14792916178703308,0.1185750663280487
1781099272569578000,36.009577880859375,-0.024422619491815567,-0.2186373621225357,0.03016681596636772
1781099272594654000,36.034654052734375,0.0010514676105231047,-0.1647273302078247,-0.10375570505857468
1781099272619729700,36.05972973632812,0.021985486149787903,-0.06814650446176529,0.0144478939473629
1781099272644804900,36.084804931640626,0.05862376466393471,0.032871540635824203,0.0456051342189312
1781099272669880800,36.109880859375,0.08712103962898254,0.1951736956834793,-0.003558534663170576
1781099272694955800,36.13495581054688,0.048785898834466934,0.06722478568553925,0.011519484221935272
1781099272720032000,36.16003198242188,0.05059299245476723,-0.05615268647670746,-0.10643123835325241
1781099272745108000,36.18510791015625,0.04858400300145149,-0.10528132319450378,-0.19284562766551971
1781099272770183000,36.21018286132813,0.002968781627714634,-0.11104881763458252,-0.0521232932806015
1781099272795259000,36.2352587890625,0.02735328860580921,0.02162831649184227,0.06466706097126007
1781099272820334000,36.260333984375,0.009477757848799229,0.09697246551513672,0.0924365222454071
1781099272845409800,36.28540991210937,-0.04505917802453041,-0.0446607880294323,0.03169310465455055
1781099272870485800,36.31048583984375,0.017607836052775383,-0.0018990486860275269,0.040279846638441086
1781099272895561000,36.33556103515625,0.02120896242558956,-0.11638541519641876,0.013451695442199707
1781099272920637000,36.360636962890624,0.08109885454177856,-0.04951242357492447,-0.04345002770423889
1781099272945713000,36.385712890625,0.08617783337831497,0.013156089000403881,-0.024950584396719933
1781099272970787800,36.410787841796875,0.05714254081249237,-0.07040216028690338,0.10193158686161041
1781099272995863300,36.43586328125,0.07737281918525696,0.10332763940095901,0.0999244749546051
1781099273020938200,36.460938232421874,0.04357406124472618,0.10069554299116135,0.170697420835495
1781099273046014000,36.48601391601562,0.0817628726363182,0.014610211364924908,0.039542149752378464
1781099273071090000,36.51108984375,0.056578829884529114,-0.05781033635139465,-0.11762441694736481
1781099273096165000,36.5361650390625,0.011527853086590767,-0.05714954435825348,-0.08871299028396606
1781099273121241000,36.56124096679687,-0.0009791756747290492,0.1305098831653595,0.1687088906764984
1781099273146317000,36.58631713867187,0.09290460497140884,0.23231898248195648,0.1846802830696106
1781099273171392300,36.61139233398438,0.05163639038801193,0.13733898103237152,0.03336205333471298
1781099273196468200,36.63646826171875,0.033818721771240234,0.029801608994603157,-0.12054185569286346
1781099273221543200,36.66154321289063,0.017715414986014366,-0.20195968449115753,-0.11248389631509781
1781099273246619000,36.686618896484376,0.09023771435022354,-0.03866032510995865,-0.1007610410451889
1781099273271695000,36.711695068359376,0.08210864663124084,0.12136232852935791,-0.028945742174983025
1781099273296770000,36.73677001953125,0.050376858562231064,0.08425439149141312,0.04790808632969856
1781099273321846000,36.76184594726563,0.06169230118393898,0.073336161673069,0.009883680380880833
1781099273346922200,36.78692211914063,0.09390737116336823,0.019278818741440773,-0.009621923789381981
1781099273371997200,36.8119970703125,0.0877545103430748,-0.06728802621364594,0.07809676229953766
1781099273397073200,36.8370732421875,0.05707943066954613,-0.042352866381406784,-0.007475632708519697
1781099273422148000,36.862148193359374,0.04039434343576431,-0.05924253538250923,-0.14045055210590363
1781099273447224000,36.88722412109375,0.07418103516101837,-0.1333019733428955,-0.11069770157337189
1781099273472300000,36.91230004882812,0.06763039529323578,-0.08425824344158173,0.02846008911728859
1781099273497375000,36.937375,0.06520044058561325,0.18743422627449036,0.04031476378440857
1781099273522451200,36.962451171875,0.010244620963931084,0.18796774744987488,-0.07492755353450775
1781099273547526100,36.98752612304688,0.030487479642033577,0.08210964500904083,-0.004989570938050747
1781099273572602000,37.01260205078125,0.007349278312176466,0.03117397613823414,0.04836109280586243
1781099273597678000,37.037677978515624,0.0026227079797536135,0.07874441146850586,0.0694834515452385
1781099273622753000,37.0627529296875,-0.014550536870956421,0.03998086228966713,0.042052268981933594
1781099273647829000,37.0878291015625,-0.040130432695150375,0.027033943682909012,0.11781922727823257
1781099273672905000,37.112905029296876,0.010044489987194538,-0.03966636583209038,0.11138174682855606
1781099273697980200,37.13798022460937,-0.05621020868420601,-0.04911154508590698,0.08885001391172409
1781099273723056000,37.16305615234375,0.00193145708180964,0.03381350263953209,0.13094666600227356
1781099273748131000,37.18813110351562,-0.01297671627253294,0.07978171855211258,0.11294123530387878
1781099273773207300,37.21320727539062,0.029363561421632767,0.11342967301607132,-0.01889319345355034
1781099273798283000,37.23828295898438,0.020336557179689407,-0.04866015166044235,-0.0932544469833374
1781099273823358000,37.26335791015625,0.07289926707744598,0.12402107566595078,0.007666953839361668
1781099273848434000,37.28843383789062,0.10108396410942078,0.0780307948589325,-0.0385836623609066
1781099273873510100,37.31351025390625,0.09462205320596695,0.16474813222885132,0.03607776388525963
1781099273898585000,37.338585205078125,0.12809325754642487,0.12430810183286667,0.02149568311870098
1781099273923661000,37.3636611328125,0.12896348536014557,0.03332216292619705,-0.07805416733026505
1781099273948736300,37.388736328125,0.05341367423534393,-0.041515011340379715,-0.1528865098953247
1781099273973812200,37.413812255859376,0.10187999159097672,0.11955221742391586,-0.09520196169614792
1781099273998887700,37.4388876953125,0.1483280211687088,0.05362415313720703,0.0942399874329567
1781099274023962600,37.463962646484376,0.033051103353500366,0.13796019554138184,0.11668339371681213
1781099274049038600,37.48903857421875,0.06476639211177826,0.21914608776569366,-0.038576796650886536
1781099274074114800,37.51411474609375,0.06934928148984909,-0.09311232715845108,0.13357724249362946
1781099274099189800,37.53918969726563,0.03583764284849167,0.004571028519421816,0.2832053601741791
1781099274124265700,37.564265625,0.035113781690597534,-0.04198260232806206,0.0019752453081309795
1781099274149340700,37.58934057617188,0.0033142021857202053,-0.17013905942440033,-0.1464976966381073
1781099274174417000,37.6144169921875,0.003984988667070866,-0.034956809133291245,0.008649216033518314
1781099274199492600,37.63949267578125,0.059806689620018005,0.10089390724897385,0.16220654547214508
1781099274224567600,37.66456762695312,0.08094946295022964,0.14419880509376526,0.07385154068470001
1781099274249643800,37.68964379882812,0.0706665888428688,0.16981764137744904,-0.13064789772033691
1781099274274718700,37.71471875,0.06966458261013031,0.0709172934293747,-0.1589699387550354
1781099274299794700,37.73979467773437,0.17323319613933563,0.005903078243136406,0.006611956283450127
1781099274324871000,37.76487084960937,0.11647535115480423,0.07834047079086304,-0.06814084202051163
1781099274349945900,37.78994580078125,0.06556957960128784,0.10013522207736969,-0.2668565511703491
1781099274375021800,37.815021728515624,0.033488351851701736,0.06244465336203575,-0.15436413884162903
1781099274400097500,37.84009765625,0.06303373724222183,0.19151020050048828,0.0003327857702970505
1781099274425172700,37.8651728515625,0.05216667428612709,0.14373119175434113,-0.06252796947956085
1781099274450248700,37.890248779296876,0.04150879755616188,0.07628754526376724,-0.09295955300331116
1781099274475323600,37.91532373046875,0.03085983358323574,0.09792537242174149,-0.06323310732841492
1781099274500399900,37.94039990234375,0.1481124311685562,0.07968083024024963,0.10283446311950684
1781099274525475800,37.96547583007813,0.13625171780586243,-0.111740343272686,0.04270501434803009
1781099274550550800,37.99055078125,0.06269524991512299,-0.07316965609788895,-0.16098766028881073
1781099274575626500,38.01562646484375,0.07474108040332794,-0.09857451170682907,-0.11917275190353394
1781099274600702700,38.04070263671875,0.06435591727495193,-0.02090543881058693,0.1980271339416504
1781099274625777700,38.06577758789062,0.11603101342916489,0.07957655936479568,0.24373570084571838
1781099274650853600,38.090853515625,0.11588317900896072,0.011794817633926868,-0.10295435786247253
1781099274675928600,38.11592846679687,0.0788334310054779,-0.10451054573059082,-0.32954904437065125
1781099274701004800,38.1410048828125,0.08010141551494598,-0.07307141274213791,-0.168368861079216
1781099274726080800,38.16608081054687,0.08968082815408707,0.03148701414465904,0.05340109393000603
1781099274751155700,38.19115576171875,0.11641809344291687,0.14653180539608002,0.12252254784107208
1781099274776231700,38.216231689453124,0.042273521423339844,0.0594240203499794,-0.1556055098772049
1781099274801307600,38.2413076171875,-0.024332314729690552,0.05601280555129051,-0.41165658831596375
1781099274826382600,38.266382568359376,0.023729344829916954,-0.1249762773513794,-0.16594313085079193
1781099274851458800,38.291458740234376,-0.01895490474998951,0.10013151913881302,0.118148073554039
1781099274876533800,38.31653369140625,0.02651311829686165,0.2586458921432495,0.12055864930152893
1781099274901609700,38.34160961914063,0.031173663213849068,0.10133882611989975,-0.04690008983016014
1781099274926685700,38.36668579101563,0.012691490352153778,0.025526883080601692,-0.24027235805988312
1781099274951761000,38.39176098632812,0.06916013360023499,0.006984371691942215,-0.11506618559360504
1781099274976836600,38.41683666992188,0.11258915066719055,-0.04828145354986191,0.04543670266866684
1781099275001912800,38.44191284179688,0.06727690994739532,0.007698704954236746,-0.034467000514268875
1781099275026987800,38.46698779296875,0.07562178373336792,0.10366825759410858,-0.024655265733599663
1781099275052063700,38.49206372070312,0.08339167386293411,0.13750788569450378,0.045335620641708374
1781099275077138700,38.517138671875,0.10970276594161987,0.04222198948264122,-0.04690231382846832
1781099275102215000,38.54221484375,0.02743031084537506,-0.07602954655885696,-0.10564039647579193
1781099275127290600,38.56729052734375,0.036225877702236176,0.07194554805755615,0.005752347409725189
1781099275152365600,38.592365478515624,0.04264846071600914,0.11863164603710175,0.067757248878479
1781099275177441800,38.61744189453125,0.07623648643493652,0.18635128438472748,0.08413219451904297
1781099275202517800,38.642517822265624,0.044030241668224335,0.04466329142451286,-0.017708001658320427
1781099275227592700,38.6675927734375,0.005074712447822094,0.13701920211315155,-0.07531977444887161
1781099275252669000,38.6926689453125,-0.015921704471111298,0.026689935475587845,-0.04275600612163544
1781099275277743900,38.71774389648437,0.020167678594589233,0.010931607335805893,0.05029357224702835
1781099275302819800,38.74281982421875,-0.011108954437077045,0.20081372559070587,0.01149749755859375
1781099275327895600,38.7678955078125,0.00921853631734848,0.2564605474472046,-0.09018131345510483
1781099275352970800,38.792970703125,-0.04954271763563156,0.17461901903152466,-0.06261247396469116
1781099275378046700,38.81804663085938,0.004655254073441029,0.14095181226730347,0.039360761642456055
1781099275403122700,38.84312280273438,-0.03269265219569206,0.1144791841506958,-0.028706438839435577
1781099275428198000,38.868197998046874,0.013455147854983807,0.141581729054451,-0.09375178068876266
1781099275453273900,38.89327392578125,0.010821493342518806,0.0792175903916359,-0.11436255276203156
1781099275478348800,38.918348876953125,0.019383803009986877,0.19940198957920074,-0.04645433649420738
1781099275503424800,38.9434248046875,0.028093669563531876,0.20500342547893524,0.05941244214773178
1781099275528500700,38.96850073242187,0.05829351022839546,0.0649375393986702,0.01368847955018282
1781099275553575700,38.99357568359375,0.08310429006814957,0.07604315131902695,-0.09727082401514053
1781099275578651600,39.018651611328124,0.1038282960653305,0.07745662331581116,-0.062046997249126434
1781099275603728000,39.043727783203124,0.13427843153476715,0.0375191867351532,-0.021426275372505188
1781099275628802800,39.068802734375,0.11668174713850021,-0.06477592140436172,-0.1155661791563034
1781099275653878800,39.093878662109375,0.13762031495571136,-0.07134351879358292,-0.1934516876935959
1781099275678953700,39.11895361328125,0.10882967710494995,0.032704561948776245,-0.061597488820552826
1781099275704029700,39.14402978515625,0.1535925418138504,0.08737699687480927,0.04111578315496445
1781099275729105700,39.16910571289063,0.11760122328996658,-0.016023116186261177,-0.027219390496611595
1781099275754180600,39.1941806640625,0.12023492157459259,-0.13200722634792328,-0.19009551405906677
1781099275779256800,39.2192568359375,0.10931042581796646,-0.05184253305196762,-0.1833619475364685
1781099275804331800,39.244331787109374,0.14585427939891815,0.02713906764984131,-0.03517436981201172
1781099275829407700,39.26940771484375,0.18078939616680145,-0.05244121327996254,0.01109834760427475
1781099275854484000,39.29448388671875,0.11978516727685928,-0.11859074980020523,-0.15283994376659393
1781099275879559000,39.319558837890625,0.15064454078674316,-0.10295737534761429,-0.24906159937381744
1781099275904634600,39.34463452148437,0.17698454856872559,-0.14760664105415344,-0.16446413099765778
1781099275929710800,39.3697109375,0.17526017129421234,-0.09752608835697174,-0.0865703895688057
1781099275954785800,39.394785888671876,0.15292289853096008,-0.09404906630516052,-0.1031927764415741
1781099275979862300,39.4198623046875,0.12825454771518707,-0.0980449989438057,-0.15399415791034698
1781099276004937200,39.44493725585937,0.1451248675584793,0.0015708922874182463,-0.10459176450967789
1781099276030013200,39.47001318359375,0.15312422811985016,-0.033801257610321045,-0.06984516978263855
1781099276055089200,39.49508911132813,0.11013419926166534,-0.10835660248994827,-0.11186586320400238
1781099276080164000,39.5201640625,0.05267082527279854,-0.24794648587703705,-0.1112811490893364
1781099276105240000,39.54523999023438,0.04008639603853226,-0.1057104617357254,-0.01740570180118084
1781099276130316000,39.57031591796875,0.028441064059734344,-0.052834611386060715,-0.010402772575616837
1781099276155391200,39.59539111328125,0.010978112928569317,0.01703193597495556,-0.014569312334060669
1781099276180467200,39.62046728515625,-0.04844439774751663,-0.0664747878909111,-0.0284225195646286
1781099276205542100,39.645542236328126,-0.023977573961019516,0.011619056575000286,-0.05152002349495888
1781099276230618000,39.6706181640625,-0.024022620171308517,0.0425957627594471,-0.1116640493273735
1781099276255694000,39.695694091796874,0.04272808879613876,0.1339789181947708,-0.11483413726091385
1781099276280769000,39.72076904296875,0.009876774623990059,0.09781353920698166,-0.14638075232505798
1781099276305845000,39.745844970703125,-0.005595582537353039,0.07922259718179703,-0.13893793523311615
1781099276330921200,39.770921142578125,0.005443220026791096,0.04100117087364197,-0.09095149487257004
1781099276355996200,39.79599609375,-0.02702006697654724,0.023089716210961342,0.036487240344285965
1781099276381072100,39.821072021484376,0.0117111811414361,-0.02050718665122986,0.08409798890352249
1781099276406147300,39.84614721679687,0.038333404809236526,-0.18542669713497162,0.1262325942516327
1781099276431223000,39.87122314453125,0.06615061312913895,-0.18160054087638855,0.10480232536792755
1781099276456299000,39.89629907226563,0.09498634189367294,-0.1713213473558426,-0.010613035410642624
1781099276481374000,39.9213740234375,0.15156768262386322,-0.07313844561576843,-0.056158095598220825
1781099276506450200,39.9464501953125,0.17486287653446198,-0.04299492761492729,-0.041544266045093536
1781099276531526100,39.97152612304688,0.17415368556976318,-0.06317396461963654,-0.036236055195331573
1781099276556601000,39.99660107421875,0.18644417822360992,0.007460764609277248,-0.0024492950178682804
1781099276581677300,40.02167724609375,0.13467341661453247,0.05254441499710083,-0.06127719208598137
1781099276606752300,40.046752197265626,0.09851308166980743,0.08876211941242218,-0.21081626415252686
1781099276631828000,40.071827880859374,0.06863366067409515,0.1872929334640503,-0.3427163362503052
1781099276656904200,40.096904296875,0.024967685341835022,0.07807453721761703,-0.3180178999900818
1781099276681979100,40.12197924804688,0.02906036749482155,0.12479164451360703,-0.22052310407161713
1781099276707055000,40.14705517578125,0.029548905789852142,0.33870169520378113,-0.23228566348552704
1781099276732131300,40.17213134765625,0.048195090144872665,0.4823196530342102,-0.27870452404022217
1781099276757206300,40.19720629882813,0.01525886356830597,0.32247570157051086,-0.22529353201389313
1781099276782282200,40.2222822265625,-0.07403935492038727,0.11315356940031052,-0.07783538848161697
1781099276807357200,40.24735717773437,-0.08123506605625153,-0.051288872957229614,0.12002397328615189
1781099276832433200,40.27243310546875,-0.0027338131330907345,-0.23554927110671997,0.3118923008441925
1781099276857509000,40.29750903320313,0.00386197492480278,-0.17219752073287964,0.34588298201560974
1781099276882584000,40.322583984375,0.020766422152519226,-0.0022007357329130173,0.1651315838098526
1781099276907660000,40.34765991210938,0.005991077981889248,0.006277824752032757,0.04781736433506012
1781099276932736300,40.372736328125,-0.09689360857009888,-0.11918561905622482,0.0435875803232193
1781099276957811200,40.397811279296874,-0.09833019226789474,-0.16619056463241577,0.0388529933989048
1781099276982887200,40.42288720703125,0.08241146802902222,-0.13988246023654938,0.1495833545923233
1781099277007962000,40.447962158203126,0.1271970123052597,0.03390830382704735,0.07163842767477036
1781099277033038000,40.4730380859375,0.13792690634727478,0.34602633118629456,-0.03665183484554291
1781099277058114300,40.4981142578125,0.09047597646713257,0.21505962312221527,-0.2661369740962982
1781099277083189200,40.52318920898438,0.09399467706680298,-0.005598761606961489,-0.22589972615242004
1781099277108265200,40.54826513671875,0.035492025315761566,-0.1165173277258873,-0.12232473492622375
1781099277133340400,40.57334033203125,0.03869516775012016,0.055678144097328186,-0.01656384766101837
1781099277158416400,40.59841650390625,0.07776431739330292,0.1358496993780136,-0.03686373308300972
1781099277183492000,40.6234921875,0.08823737502098083,0.1316862553358078,-0.06011694297194481
1781099277208567000,40.64856713867187,0.06475352495908737,-0.023656032979488373,-0.03945276513695717
1781099277233643300,40.67364331054687,0.03488961607217789,-0.023404158651828766,-0.01826465129852295
1781099277258719200,40.69871923828125,0.0938710868358612,0.019062049686908722,0.007960435934364796
1781099277283794200,40.72379418945312,0.11955448240041733,-0.022625086829066277,-0.02116560935974121
1781099277308870400,40.74887036132812,0.1310906559228897,-0.0576944537460804,-0.08710376173257828
1781099277333945300,40.7739453125,0.13587261736392975,-0.08979254961013794,-0.08663953840732574
1781099277359021300,40.799021240234374,0.07924298197031021,0.012148569338023663,-0.04661799967288971
1781099277384097300,40.82409716796875,0.08322469145059586,0.0702982172369957,0.021385014057159424
1781099277409172200,40.849172119140626,0.04772801324725151,0.036861687898635864,-0.0672515481710434
1781099277434248200,40.874248291015626,0.025340965017676353,0.042018428444862366,-0.0776866152882576
1781099277459324400,40.899324462890625,0.06287991255521774,-0.04817234352231026,-0.08247436583042145
1781099277484399400,40.9243994140625,-0.0026529724709689617,-0.011864309199154377,-0.018910270184278488
1781099277509475300,40.94947534179688,0.06540102511644363,0.03428755700588226,-0.0353061705827713
1781099277534550300,40.97455029296875,0.027684591710567474,0.013916230760514736,-0.02969931811094284
1781099277559626200,40.99962622070313,0.00488654337823391,-0.0016235694056376815,-0.08302735537290573
1781099277584702200,41.0247021484375,0.05760625749826431,-0.08395437896251678,-0.0905669629573822
1781099277609777200,41.04977709960937,-0.04181570187211037,-0.045851241797208786,-0.006944270338863134
1781099277634853400,41.07485327148437,0.011043893173336983,0.08289802819490433,0.03374788537621498
1781099277659928300,41.09992822265625,0.035221997648477554,0.06049160286784172,-0.024794727563858032
1781099277685004300,41.12500439453125,-0.003534712828695774,0.02651960216462612,-0.010642189532518387
1781099277710080300,41.15008032226562,0.06133749336004257,-0.10375850647687912,-0.021396299824118614
1781099277735155500,41.175155517578126,-0.003748995251953602,-0.055523864924907684,0.023491965606808662
1781099277760231200,41.200231201171874,0.0032294427510350943,0.07520715892314911,-0.0016116439364850521
1781099277785307100,41.22530712890625,0.027189306914806366,-0.026036972180008888,0.012178146280348301
1781099277810382300,41.25038232421875,-0.013285618275403976,-0.013539216481149197,0.002063252031803131
1781099277835458300,41.275458251953125,0.044553618878126144,-0.03776370733976364,-0.03293503075838089
1781099277860533200,41.300533203125,0.027028610929846764,0.016546621918678284,-0.01873461715877056
1781099277885609200,41.32560913085938,0.04429756850004196,0.01355028711259365,-0.061101578176021576
1781099277910685200,41.35068530273438,0.09396614134311676,-0.0428013801574707,-0.09795641154050827
1781099277935760400,41.37576049804687,0.02626362070441246,-0.006079369690269232,-0.04358848184347153
1781099277960836000,41.40083618164063,0.051801897585392,0.030718671157956123,0.013861704617738724
1781099277985911800,41.425911865234376,0.10518776625394821,-0.008072996512055397,-0.013585781678557396
1781099278010986800,41.45098681640625,0.01894311234354973,-0.058656904846429825,-0.12759333848953247
1781099278036063000,41.47606298828125,0.01706746779382229,-0.05951385200023651,-0.13154467940330505
1781099278061138000,41.50113793945312,0.011937085539102554,-0.04961264133453369,-0.048845820128917694
1781099278086214000,41.5262138671875,0.0035689505748450756,0.07588864862918854,-0.03562666475772858
1781099278111289900,41.55128979492188,0.029457688331604004,0.0906560868024826,-0.0648408904671669
1781099278136365000,41.576364990234374,-0.02639581263065338,0.07929615676403046,0.008666859939694405
1781099278161440800,41.60144067382812,0.003822122234851122,0.023203495889902115,0.0014116934034973383
1781099278186515700,41.626515625,0.07841818779706955,-0.038956403732299805,-0.046547457575798035
1781099278211592000,41.651592041015626,0.04051797464489937,-0.0745692178606987,-0.08104442059993744
1781099278236668000,41.67666796875,0.05543887987732887,-0.13848483562469482,-0.10401628166437149
1781099278261742800,41.70174291992188,0.08905189484357834,-0.16136491298675537,-0.1081104576587677
1781099278286819000,41.72681909179688,0.04319915175437927,-0.0924532562494278,-0.007771892473101616
1781099278311894800,41.751894775390625,0.07990456372499466,-0.008855951949954033,-0.03337034583091736
1781099278336969700,41.7769697265625,0.09522506594657898,0.010820935480296612,-0.07318471372127533
1781099278362045700,41.802045654296876,0.003413169179111719,-0.055400948971509933,-0.06780187785625458
1781099278387121000,41.82712084960937,0.05046554282307625,-0.08404140919446945,-0.0109562948346138
1781099278412196900,41.85219677734375,0.08844005316495895,-0.07575030624866486,-0.04907730966806412
1781099278437272800,41.87727294921875,0.013864118605852127,-0.14348724484443665,-0.13264407217502594
1781099278462348000,41.90234814453125,-0.003890738356858492,-0.08333878964185715,-0.12766484916210175
1781099278487424000,41.92742407226562,-0.033712588250637054,-0.05190996080636978,-0.024238692596554756
1781099278512499700,41.95249975585938,-0.07684400677680969,-0.031973835080862045,0.053152892738580704
1781099278537574700,41.97757470703125,-0.010568300262093544,0.027395274490118027,-0.030863186344504356
1781099278562651000,42.00265087890625,-0.03358518332242966,0.00885707139968872,-0.09675059467554092
1781099278587725800,42.027725830078126,-0.08319026231765747,-0.1270463764667511,-0.026694275438785553
1781099278612801800,42.0528017578125,-0.03363537788391113,-0.10667819529771805,0.018209166824817657
1781099278637878000,42.0778779296875,0.03990839049220085,-0.06181936338543892,-0.03295888379216194
1781099278662953000,42.10295288085938,-0.015344035811722279,-0.17070716619491577,-0.09587770700454712
1781099278688029000,42.12802880859375,-0.059820737689733505,-0.0978526771068573,-0.08255824446678162
1781099278713105000,42.15310498046875,-0.015586824156343937,-0.0884789377450943,-0.007872173562645912
1781099278738179800,42.17817993164063,-0.054101426154375076,0.042306188493967056,0.049569614231586456
1781099278763255800,42.203255859375,-0.0009007445769384503,0.047659244388341904,0.024787327274680138
1781099278788330800,42.22833081054687,0.013220683671534061,-0.10598697513341904,-0.023750916123390198
1781099278813407000,42.25340698242187,-0.010894614271819592,-0.1288606822490692,0.05615897476673126
1781099278838483000,42.27848291015625,0.04062566161155701,-0.15315455198287964,-0.022239835932850838
1781099278863558000,42.30355786132812,0.05009385570883751,-0.25596049427986145,0.008235939778387547
1781099278888633900,42.3286337890625,-0.024705784395337105,-0.12563832104206085,-0.002778375055640936
1781099278913708800,42.353708740234374,-0.02343122847378254,-0.18512991070747375,-0.018986135721206665
1781099278938784800,42.37878466796875,-0.0021442994475364685,-0.23673614859580994,-0.08061377704143524
1781099278963861000,42.403861083984374,-0.06356177479028702,-0.05669566988945007,-0.0736096128821373
1781099278988936400,42.4289365234375,-0.08629541099071503,-0.06305434554815292,-0.011468831449747086
1781099279014012400,42.45401245117188,-0.04341062158346176,0.020304355770349503,0.010945310816168785
1781099279039088400,42.47908837890625,0.00009960692841559649,-0.05066024884581566,-0.1397310197353363
1781099279064163300,42.50416333007813,-0.08854709565639496,-0.18531343340873718,-0.17123661935329437
1781099279089239300,42.5292392578125,-0.062318988144397736,-0.15656384825706482,-0.12250985205173492
1781099279114314200,42.55431420898437,-0.04899855703115463,-0.18320032954216003,-0.03928656131029129
1781099279139390500,42.57939038085937,-0.07522404938936234,-0.005584406200796366,0.013495740480720997
1781099279164466400,42.60446655273437,-0.11368439346551895,-0.14875802397727966,-0.0430016927421093
1781099279189541400,42.629541259765624,-0.12498540431261063,-0.18588000535964966,-0.010774927213788033
1781099279214617600,42.65461767578125,-0.06367849558591843,-0.11663708090782166,0.025712355971336365
1781099279239692500,42.67969262695313,-0.0852898508310318,-0.27472320199012756,-0.0036061760038137436
1781099279264768300,42.704768310546875,-0.08791006356477737,-0.20884770154953003,-0.07441344857215881
1781099279289844200,42.72984423828125,-0.027056792750954628,-0.2853057086467743,-0.07090973109006882
1781099279314919400,42.75491943359375,-0.09389425814151764,-0.22793997824192047,0.062205325812101364
1781099279339995400,42.779995361328126,-0.02982288971543312,-0.047226693481206894,0.08351991325616837
1781099279365070300,42.8050703125,-0.10104656964540482,-0.2473796010017395,-0.1334119588136673
1781099279390146600,42.830146484375,-0.15005579590797424,-0.17066442966461182,-0.08821266889572144
1781099279415222500,42.85522241210938,-0.16973984241485596,-0.3982197046279907,0.015467063523828983
1781099279440297500,42.88029736328125,-0.12620426714420319,-0.2559809982776642,0.16021844744682312
1781099279465373200,42.90537329101563,-0.0510823130607605,-0.11102024465799332,-0.017369363456964493
1781099279490449400,42.93044946289063,-0.20282915234565735,-0.14970119297504425,-0.13706694543361664
1781099279515524400,42.9555244140625,-0.1793898195028305,-0.33733686804771423,-0.10447588562965393
1781099279540600300,42.98060034179687,-0.06946425884962082,-0.22227829694747925,0.07640476524829865
1781099279565675300,43.00567529296875,-0.0881829634308815,0.037483204156160355,0.01096310280263424
1781099279590751500,43.03075146484375,-0.12670478224754333,-0.11347781121730804,-0.05952250957489014
1781099279615827200,43.0558271484375,-0.10394323617219925,-0.34112659096717834,0.016937661916017532
1781099279640902400,43.08090234375,-0.05724480748176575,-0.415761262178421,0.17283210158348083
1781099279665978400,43.105978271484375,-0.04766489565372467,-0.3235793709754944,0.1819688230752945
1781099279691054300,43.131054443359375,-0.0742369145154953,-0.22753360867500305,0.0401914045214653
1781099279716129300,43.15612939453125,0.018197959288954735,-0.05815516412258148,-0.08463176339864731
1781099279741205500,43.18120556640625,-0.03873838484287262,-0.20640689134597778,-0.15013784170150757
1781099279766280400,43.20628051757812,-0.0808447077870369,-0.05821220949292183,-0.22504712641239166
1781099279791356400,43.2313564453125,-0.10172724723815918,0.07022479176521301,-0.08619358390569687
1781099279816432400,43.25643237304688,-0.17702828347682953,0.08485601097345352,-0.04758535325527191
1781099279841507300,43.28150732421875,-0.22260308265686035,-0.09291282296180725,-0.07262420654296875
1781099279866583300,43.30658325195313,-0.270952045917511,-0.17685596644878387,0.03400333970785141
1781099279891658200,43.331658203125,-0.21959669888019562,-0.15798616409301758,0.1221231147646904
1781099279916734500,43.356734375,-0.23449814319610596,-0.15553295612335205,0.10960576683282852
1781099279941810400,43.381810546875,-0.2048533707857132,-0.18094049394130707,0.04137590527534485
1781099279966885400,43.406885498046876,-0.207187682390213,-0.312380313873291,-0.07525170594453812
1781099279991961300,43.43196142578125,-0.09296565502882004,-0.23099836707115173,0.00079969665966928
1781099280017036500,43.45703662109375,-0.028865547850728035,-0.14341162145137787,0.04143524542450905
1781099280042112300,43.4821123046875,-0.09750229120254517,0.25328683853149414,-0.13992908596992493
1781099280067188200,43.507188232421875,-0.10387647151947021,-0.0664743036031723,-0.1643853634595871
1781099280092263200,43.53226318359375,-0.14583247900009155,-0.2293100506067276,-0.03101271018385887
1781099280117339400,43.55733935546875,-0.18888145685195923,-0.020794831216335297,0.051197752356529236
1781099280142414300,43.58241430664062,-0.24739961326122284,0.051036812365055084,0.09940655529499054
1781099280167490300,43.607490234375,-0.28211838006973267,0.012774653732776642,0.060113273561000824
1781099280192566300,43.63256616210938,-0.23975175619125366,-0.1344345360994339,-0.02618562802672386
1781099280217641500,43.65764135742187,-0.22009176015853882,-0.208872452378273,-0.05809299647808075
1781099280242717200,43.68271728515625,-0.2950006127357483,-0.15964823961257935,-0.02260284684598446
1781099280267793400,43.70779345703125,-0.2389656901359558,-0.07005616277456284,0.11472876369953156
1781099280292868400,43.732868408203124,-0.18569615483283997,-0.0019130419241264462,0.05599850416183472
1781099280317944300,43.7579443359375,-0.11032871156930923,-0.049621742218732834,0.001509668305516243
1781099280343019300,43.783019287109376,-0.14719928801059723,-0.1896892637014389,-0.06544238328933716
1781099280368095500,43.808095458984376,-0.1545087844133377,-0.06194909289479256,-0.07125809788703918
1781099280393171200,43.833171142578124,-0.06776729226112366,-0.11654184013605118,0.019619816914200783
1781099280418246100,43.85824609375,-0.18030951917171478,-0.13113565742969513,0.02640877664089203
1781099280443322400,43.883322265625,-0.203568696975708,-0.05459662899374962,0.005103579722344875
1781099280468397300,43.90839721679688,-0.21485286951065063,-0.1561097800731659,-0.01894378662109375
1781099280493473300,43.93347338867188,-0.2236674278974533,-0.15799550712108612,-0.034361425787210464
1781099280518549500,43.95854956054688,-0.2602343261241913,-0.15965589880943298,0.026792924851179123
1781099280543624400,43.98362451171875,-0.27501994371414185,0.009183271788060665,0.07995570451021194
1781099280568700400,44.00870043945312,-0.21903938055038452,0.10274846106767654,0.03053474985063076
1781099280593776000,44.03377612304688,-0.27582189440727234,-0.033843688666820526,-0.021097993478178978
1781099280618851300,44.05885131835937,-0.3008303940296173,-0.12069986760616302,0.05411171913146973
1781099280643927300,44.08392724609375,-0.2526548206806183,0.002320197643712163,0.19137854874134064
1781099280669002200,44.109002197265625,-0.175487220287323,-0.011046655476093292,0.13475985825061798
1781099280694078500,44.134078369140624,-0.23168370127677917,-0.10666531324386597,0.010639958083629608
1781099280719154400,44.159154541015624,-0.261016845703125,-0.166424959897995,0.04197738319635391
1781099280744229400,44.1842294921875,-0.2289351522922516,-0.04222124442458153,0.15613101422786713
1781099280769305300,44.209305419921876,-0.17403066158294678,0.035812001675367355,0.12473499029874802
1781099280794380500,44.23438061523437,-0.12260796874761581,0.03975030779838562,-0.03332977741956711
1781099280819456300,44.25945629882813,-0.2146422266960144,0.02849106676876545,-0.13829953968524933
1781099280844532200,44.2845322265625,-0.15109705924987793,0.1422647386789322,-0.13222244381904602
1781099280869607400,44.309607421875,-0.09807511419057846,0.0728963240981102,-0.20645193755626678
1781099280894683400,44.33468334960938,-0.15710119903087616,0.0654044970870018,-0.22426849603652954
1781099280919759400,44.35975927734375,-0.229361429810524,-0.01780921220779419,-0.03766738623380661
1781099280944834300,44.38483422851562,-0.19874222576618195,-0.060892485082149506,0.08024119585752487
1781099280969910300,44.40991015625,-0.13260170817375183,-0.19852381944656372,0.1634286344051361
1781099280994985000,44.43498486328125,-0.21033374965190887,-0.18681415915489197,0.12318272888660431
1781099281020061000,44.46006103515625,-0.22838856279850006,-0.06256312131881714,-0.005395436659455299
1781099281045137000,44.48513696289063,-0.20375311374664307,-0.05321022495627403,-0.06830344349145889
1781099281070211800,44.5102119140625,-0.2679533362388611,-0.12455888092517853,0.09773562848567963
1781099281095288000,44.5352880859375,-0.19377389550209045,-0.139226034283638,0.1616917848587036
1781099281120364000,44.56036401367187,-0.12666714191436768,-0.03958600014448166,0.022459983825683594
1781099281145439000,44.58543896484375,-0.19323652982711792,-0.04369258135557175,-0.07369205355644226
1781099281170515000,44.610514892578124,-0.25330159068107605,-0.039235662668943405,-0.02638724073767662
1781099281195590100,44.63559008789063,-0.2483440786600113,0.009539349935948849,0.029990341514348984
1781099281220665900,44.660665771484375,-0.2858882546424866,0.032649725675582886,0.06204787641763687
1781099281245741800,44.685741943359375,-0.27749860286712646,0.049666501581668854,0.05223826691508293
1781099281270817000,44.71081713867188,-0.25435030460357666,-0.026203179731965065,0.04745611920952797
1781099281295893000,44.73589306640625,-0.33946362137794495,-0.06644352525472641,0.09992621839046478
1781099281320969000,44.760968994140626,-0.322568416595459,-0.010584184899926186,0.13033753633499146
1781099281346044200,44.78604418945312,-0.24272960424423218,-0.02581384778022766,0.0861007496714592
1781099281371119900,44.81111987304688,-0.31332334876060486,-0.06482702493667603,0.04752272740006447
1781099281396194800,44.83619482421875,-0.24482472240924835,0.03112107515335083,0.048096638172864914
1781099281421270800,44.86127075195313,-0.21997582912445068,0.07709895074367523,0.04591231420636177
1781099281446347000,44.88634692382813,-0.21060675382614136,0.0620843879878521,0.049508705735206604
1781099281471422000,44.911421875,-0.18809562921524048,0.031962428241968155,-0.014618407934904099
1781099281496498000,44.93649780273437,-0.18496429920196533,0.1058497205376625,0.11172432452440262
1781099281521574100,44.96157421875,-0.19587518274784088,-0.07396555691957474,0.1935601830482483
1781099281546649000,44.986649169921876,-0.24116875231266022,0.046889882534742355,0.14684848487377167
1781099281571724800,45.011724853515624,-0.17031307518482208,-0.019808335229754448,-0.023083142936229706
1781099281596799700,45.0367998046875,-0.31635376811027527,-0.12308759242296219,0.07242671400308609
1781099281621876000,45.0618759765625,-0.26212725043296814,0.06616120040416718,0.14786957204341888
1781099281646952000,45.086951904296875,-0.20569992065429688,0.10096991062164307,0.05395536124706268
1781099281672027000,45.11202685546875,-0.22007468342781067,0.23647822439670563,0.07936685532331467
1781099281697103000,45.13710302734375,-0.17791105806827545,0.13596029579639435,0.04899344593286514
1781099281722178800,45.1621787109375,-0.23188182711601257,0.011163029819726944,0.04501580446958542
1781099281747254000,45.18725390625,-0.22514306008815765,0.15997423231601715,0.056701403111219406
1781099281772330000,45.212330078125,-0.2046428918838501,-0.077167809009552,0.1129976436495781
1781099281797405000,45.23740502929687,-0.24396690726280212,-0.003906832542270422,0.2281443476676941
1781099281822481000,45.26248095703125,-0.20444338023662567,0.15919573605060577,0.15199942886829376
1781099281847557000,45.28755712890625,-0.2461981177330017,-0.02443215437233448,0.03933824226260185
1781099281872632000,45.312632080078124,-0.24316400289535522,-0.08289341628551483,0.13564883172512054
1781099281897708000,45.3377080078125,-0.17626945674419403,-0.0766582041978836,0.28738662600517273
1781099281922783700,45.36278369140625,-0.11873131990432739,0.06677856296300888,0.19662903249263763
1781099281947859000,45.38785888671875,-0.060667142271995544,0.1436828225851059,0.017343726009130478
1781099281972935000,45.41293481445312,-0.14784575998783112,-0.11197756975889206,-0.07469378411769867
1781099281998010000,45.43801000976563,-0.159315288066864,-0.01006835512816906,0.07218744605779648
1781099282023086000,45.46308618164063,-0.09897764772176743,0.10065282881259918,0.10209794342517853
1781099282048162300,45.48816235351563,-0.13259178400039673,0.08079689741134644,0.12682805955410004
1781099282073237200,45.5132373046875,-0.14105844497680664,0.1340196281671524,-0.012427210807800293
1781099282098313200,45.53831323242188,-0.17561529576778412,-0.06390589475631714,0.023103676736354828
1781099282123389200,45.56338916015625,-0.1530250757932663,-0.11813080310821533,0.10650529712438583
1781099282148464000,45.58846411132812,-0.08988436311483383,-0.06941214948892593,0.06079142540693283
1781099282173540000,45.6135400390625,-0.11452765762805939,-0.10790574550628662,-0.06685494631528854
1781099282198615000,45.63861499023437,-0.19838884472846985,0.035069581121206284,-0.0085259098559618
1781099282223691300,45.66369116210937,-0.1589643657207489,-0.008310983888804913,0.09129154682159424
1781099282248767200,45.68876733398437,-0.13155736029148102,0.12812615931034088,0.14093537628650665
1781099282273842200,45.71384228515625,-0.1408020555973053,-0.02933020144701004,0.022765837609767914
1781099282298918000,45.73891796875,-0.18077000975608826,-0.10790938138961792,-0.04030560329556465
1781099282323994000,45.763994140625,-0.15369832515716553,-0.10455373674631119,-0.03219559043645859
1781099282349069000,45.789069091796875,-0.15645146369934082,-0.16006146371364594,0.050281770527362823
1781099282374145000,45.81414501953125,-0.09879889339208603,0.06797511875629425,0.045971617102622986
1781099282399220200,45.83922021484375,-0.08516935259103775,-0.02114386111497879,0.009744403883814812
1781099282424296200,45.86429614257813,-0.16523276269435883,0.06598899513483047,0.011541469022631645
1781099282449372200,45.8893720703125,-0.1513783484697342,-0.0143414456397295,-0.014654595404863358
1781099282474447000,45.91444702148438,-0.10427054017782211,-0.21542511880397797,0.048233531415462494
1781099282499523000,45.93952319335938,-0.11733093112707138,-0.18133686482906342,0.038299404084682465
1781099282524599000,45.96459912109375,-0.16891130805015564,-0.12007403373718262,-0.013761666603386402
1781099282549674000,45.98967407226562,-0.19760175049304962,-0.008900814689695835,0.02761749178171158
1781099282574750200,46.01475024414062,-0.19549056887626648,0.01740538328886032,0.08913689851760864
1781099282599825200,46.0398251953125,-0.16414624452590942,0.17367038130760193,0.053521882742643356
1781099282624901000,46.06490112304687,-0.21433962881565094,0.0075446744449436665,0.0019362610764801502
1781099282649977000,46.08997705078125,-0.20334771275520325,0.10702530294656754,-0.018154699355363846
1781099282675052300,46.11505224609375,-0.16390784084796906,-0.010348653420805931,0.07879853248596191
1781099282700128000,46.1401279296875,-0.16523917019367218,0.10924940556287766,0.11498048156499863
1781099282725204200,46.165204345703124,-0.2428608536720276,0.0827249214053154,0.13674317300319672
1781099282750279200,46.190279052734375,-0.22907814383506775,0.09164924174547195,0.20945818722248077
1781099282775355100,46.215355224609375,-0.18979814648628235,0.11357340961694717,0.1810121387243271
1781099282800430000,46.24043017578125,-0.21007996797561646,0.1925676316022873,0.044692911207675934
1781099282825506300,46.26550634765625,-0.21990151703357697,0.1300782859325409,0.10223124921321869
1781099282850582000,46.29058203125,-0.1389421820640564,0.11581496149301529,0.22385092079639435
1781099282875657000,46.31565698242188,-0.027692001312971115,0.3242788016796112,0.2003299593925476
1781099282900733200,46.34073315429688,-0.08980349451303482,0.19173641502857208,0.1890111267566681
1781099282925809200,46.36580908203125,-0.09071406722068787,0.25695887207984924,0.15149271488189697
1781099282950884000,46.39088403320312,-0.022145340219140053,0.24820570647716522,0.09686677902936935
1781099282975960000,46.4159599609375,-0.0186949223279953,0.24382902681827545,0.15529847145080566
1781099283001035300,46.44103515625,-0.10542623698711395,0.16314738988876343,0.19606302678585052
1781099283026111200,46.466111328125,0.04138025641441345,0.34410250186920166,0.013374732807278633
1781099283051187200,46.49118725585937,0.0290365032851696,0.36782151460647583,0.0444665402173996
1781099283076262100,46.51626220703125,-0.014570827595889568,0.5095005631446838,0.28530752658843994
1781099283101338000,46.541338134765624,0.1211576908826828,0.4703492224216461,0.2858861982822418
1781099283126414300,46.566414306640624,0.21215489506721497,0.581462562084198,0.2247505635023117
1781099283151489300,46.5914892578125,-0.044341690838336945,0.36635422706604004,0.14046888053417206
1781099283176565200,46.616565185546875,-0.0653340294957161,0.28134846687316895,0.3236435651779175
1781099283201640200,46.64164013671875,0.0957600325345993,0.2837969958782196,0.3137432336807251
1781099283226716200,46.66671606445313,0.12936531007289886,0.3442365229129791,0.28005871176719666
1781099283251792100,46.691792236328126,0.027261808514595032,0.33279290795326233,0.3520950376987457
1781099283276867000,46.7168671875,0.11132870614528656,0.37194642424583435,0.3671378493309021
1781099283301943300,46.741943359375,0.17416277527809143,0.19103898108005524,0.1600290834903717
1781099283327019300,46.76701928710938,0.0387595035135746,0.20209164917469025,0.14447954297065735
1781099283352094200,46.79209423828125,0.009723611176013947,0.10821288079023361,0.17610856890678406
1781099283377170400,46.81717041015625,0.048650987446308136,0.2388024777173996,0.1372852474451065
1781099283402245400,46.842245361328125,0.10573136061429977,0.3188502788543701,0.062382012605667114
1781099283427321000,46.86732104492187,0.10390710085630417,0.4035094976425171,0.08753184229135513
1781099283452397000,46.89239697265625,0.09199369698762894,0.11381344497203827,0.19001640379428864
1781099283477472300,46.91747216796875,0.09206635504961014,0.2268373668193817,0.09227357804775238
1781099283502548200,46.94254833984375,0.15243420004844666,0.05017222836613655,-0.15658463537693024
1781099283527624200,46.967624267578124,0.17524293065071106,0.04337090998888016,-0.2286912500858307
1781099283552699400,46.99269946289063,0.05428170785307884,-0.15755151212215424,-0.0913362056016922
1781099283577775400,47.017775390625,0.1275361180305481,0.17050054669380188,0.12708845734596252
1781099283602850300,47.04285034179688,0.3417222201824188,0.1403043121099472,-0.2217264622449875
1781099283627926000,47.067926025390626,0.2631935179233551,0.1444031298160553,-0.3940623700618744
1781099283653002200,47.093002197265626,0.0010880263289436698,-0.16586878895759583,-0.3886338770389557
1781099283678077200,47.1180771484375,0.07751008123159409,-0.20222127437591553,-0.13170595467090607
1781099283703153200,47.14315307617188,0.27738139033317566,0.0024908571504056454,-0.11657361686229706
1781099283728229400,47.1682294921875,0.37249884009361267,0.05122293904423714,-0.17931212484836578
1781099283753304300,47.19330419921875,0.06679559499025345,0.21131305396556854,-0.11534865945577621
1781099283778380000,47.21838012695312,0.04435461759567261,-0.23948730528354645,-0.29232004284858704
1781099283803455200,47.243455322265625,0.10008943825960159,-0.2889374792575836,-0.2887352705001831
1781099283828531200,47.26853125,0.057763416320085526,-0.390649676322937,-0.19900096952915192
1781099283853607200,47.29360717773437,-0.04207766056060791,-0.13758984208106995,-0.07339830696582794
1781099283878682000,47.31868212890625,0.0339541919529438,0.0038854589220136404,-0.033791836351156235
1781099283903758300,47.34375830078125,0.08217834681272507,-0.1082979142665863,-0.24474304914474487
1781099283928834300,47.368834228515624,-0.10079243779182434,-0.2889663875102997,-0.13110853731632233
1781099283953909200,47.3939091796875,-0.1365431249141693,-0.40838903188705444,-0.11991118639707565
1781099283978985200,47.418985107421875,-0.11604651808738708,-0.17404542863368988,0.011639267206192017
1781099284004060400,47.44406030273438,-0.03669358044862747,-0.16247951984405518,-0.1735861897468567
1781099284029136400,47.46913647460938,-0.08034354448318481,-0.0763949528336525,-0.10956453531980515
1781099284054212600,47.49421264648438,-0.1558297574520111,-0.34976473450660706,-0.11691668629646301
1781099284079287600,47.51928759765625,-0.16559888422489166,-0.15050044655799866,0.045167166739702225
1781099284104363500,47.54436352539062,-0.01219414547085762,-0.030844086781144142,-0.0640496015548706
1781099284129438500,47.5694384765625,-0.042745962738990784,-0.2109963297843933,-0.09406345337629318
1781099284154514400,47.59451440429687,-0.12153922766447067,-0.3339216709136963,-0.12213094532489777
1781099284179590400,47.61959033203125,-0.03874443098902702,-0.4865298271179199,-0.22367161512374878
1781099284204665300,47.644665283203125,0.07358691841363907,-0.24395014345645905,-0.1559074968099594
1781099284229741600,47.669741455078125,-0.042730435729026794,-0.14603963494300842,-0.07570326328277588
1781099284254817500,47.694817626953125,-0.06012103334069252,-0.11112809181213379,-0.11706793308258057
1781099284279892500,47.719892578125,-0.050812505185604095,-0.18405641615390778,-0.2749451696872711
1781099284304968400,47.744968505859376,-0.09733665734529495,-0.3131182789802551,-0.20241089165210724
1781099284330043600,47.77004370117187,-0.061605632305145264,-0.23171567916870117,-0.0753169059753418
1781099284355119400,47.79511938476563,-0.055605754256248474,-0.22590996325016022,-0.019611764699220657
1781099284380195300,47.8201953125,0.004698645789176226,-0.15371397137641907,-0.18586036562919617
1781099284405270500,47.8452705078125,-0.07031942158937454,-0.1678421050310135,-0.12402735650539398
1781099284430346500,47.87034643554688,-0.17582236230373383,-0.4089653491973877,0.04932497814297676
1781099284455422500,47.89542236328125,0.014956625178456306,-0.3144104778766632,-0.10024556517601013
1781099284480497400,47.92049731445312,-0.09497792273759842,-0.24059118330478668,-0.1530768871307373
1781099284505573600,47.94557373046875,-0.24498747289180756,-0.28885987401008606,-0.06319582462310791
1781099284530648600,47.970648681640625,-0.03058514930307865,-0.22448144853115082,-0.032608889043331146
1781099284555724300,47.99572436523437,-0.10134729743003845,-0.2688732445240021,-0.10848589241504669
1781099284580800500,48.02080053710937,-0.22924944758415222,0.0014267780352383852,-0.017510265111923218
1781099284605875500,48.04587548828125,-0.17278096079826355,-0.020408296957612038,-0.09128287434577942
1781099284630951400,48.070951416015625,-0.2754834294319153,-0.24550510942935944,0.012720661237835884
1781099284656026400,48.0960263671875,-0.22155176103115082,-0.0761595144867897,0.06516233086585999
1781099284681102600,48.1211025390625,-0.152064248919487,-0.0625460296869278,0.10381206125020981
1781099284706178300,48.14617822265625,-0.24991971254348755,-0.08466723561286926,0.03299807012081146
1781099284731253500,48.17125341796875,-0.25356245040893555,0.06643789261579514,-0.06716728210449219
1781099284756329500,48.19632958984375,-0.2725905776023865,0.02502947486937046,0.1014627069234848
1781099284781405400,48.22140551757813,-0.1668398678302765,-0.15297077596187592,0.1326693743467331
1781099284806480400,48.24648046875,-0.18076211214065552,0.20989082753658295,-0.05829504504799843
1781099284831556600,48.271556640625,-0.24596242606639862,0.06812465935945511,0.019683610647916794
1781099284856631600,48.296631591796874,-0.2121254801750183,-0.15802378952503204,0.17471949756145477
1781099284881707500,48.32170751953125,-0.09147897362709045,0.008503972552716732,0.16243243217468262
1781099284906783200,48.346783203125,-0.13394862413406372,0.13823774456977844,0.1290537565946579
1781099284931858400,48.3718583984375,-0.17674300074577332,0.03088339976966381,0.14678232371807098
1781099284956934400,48.39693432617187,-0.12608526647090912,-0.004619699437171221,0.08466240763664246
1781099284982009300,48.42200927734375,-0.12032066285610199,0.013603439554572105,0.12496956437826157
1781099285007085300,48.447085205078125,-0.11208401620388031,-0.008368823677301407,0.10946912318468094
1781099285032161300,48.472161376953125,-0.08393252640962601,0.06001020967960358,0.07957997173070908
1781099285057236200,48.497236328125,-0.0912313461303711,0.14328521490097046,0.021219313144683838
1781099285082312200,48.522312255859376,-0.09976466000080109,0.0044549149461090565,-0.0740092396736145
1781099285107388200,48.54738818359375,-0.11874450743198395,0.0559544675052166,0.013305439613759518
1781099285132463000,48.57246313476563,-0.12290320545434952,0.2679717540740967,0.11057642102241516
1781099285157539000,48.5975390625,-0.08418770879507065,0.2267082780599594,0.2095419466495514
1781099285182614300,48.6226142578125,-0.034052055329084396,0.1360710710287094,0.1796826422214508
1781099285207690200,48.64769018554688,-0.06808466464281082,0.06697512418031693,0.049797751009464264
1781099285232766200,48.67276611328125,-0.13083328306674957,-0.0005510688060894608,0.13584905862808228
1781099285257841200,48.69784106445312,-0.0993027463555336,0.01772044599056244,0.2225581407546997
1781099285282917400,48.72291748046875,-0.005773451644927263,0.2666470408439636,0.25059500336647034
1781099285307993000,48.7479931640625,-0.06670854985713959,0.1913364678621292,0.1419093906879425
1781099285333068000,48.77306811523437,-0.1472659558057785,0.0509682223200798,0.17544688284397125
1781099285358144300,48.79814428710937,-0.07712268084287643,0.16148680448532104,0.15467971563339233
1781099285383219200,48.82321923828125,-0.02594437077641487,0.2731482982635498,0.16118527948856354
1781099285408295200,48.848295166015625,-0.07159586250782013,0.27837690711021423,0.15477502346038818
1781099285433371400,48.873371337890624,-0.07396909594535828,0.17496339976787567,0.12525774538516998
1781099285458446300,48.8984462890625,-0.06527865678071976,0.23701421916484833,0.15572619438171387
1781099285483522300,48.923522216796876,-0.07520554959774017,0.2275744378566742,0.1606762409210205
1781099285508597200,48.94859716796875,-0.08562862873077393,0.18729917705059052,0.21651580929756165
1781099285533673200,48.97367309570313,-0.005097195040434599,0.34769052267074585,0.19728925824165344
1781099285558749200,48.99874926757813,0.0032668840140104294,0.4175715148448944,0.10433574765920639
1781099285583824100,49.02382421875,-0.04237737879157066,0.20822730660438538,0.1280982345342636
1781099285608900400,49.048900390625,0.03324458748102188,0.10923705995082855,0.18353606760501862
1781099285633976300,49.07397631835938,0.04498978331685066,0.313370019197464,0.18166455626487732
1781099285659051300,49.09905126953125,-0.003713762853294611,0.29588136076927185,0.2354772835969925
1781099285684127000,49.124126953125,0.039460353553295135,0.15081289410591125,0.27843353152275085
1781099285709202200,49.1492021484375,0.149759441614151,0.17459172010421753,0.2043984830379486
1781099285734278100,49.17427807617187,0.03599085286259651,0.17537450790405273,0.01348874531686306
1781099285759354000,49.19935400390625,-0.012448962777853012,0.047216370701789856,0.05794987455010414
1781099285784429300,49.22442919921875,0.058460820466279984,0.10110867023468018,0.11413178592920303
1781099285809505300,49.24950537109375,0.07571380585432053,0.31298699975013733,0.2058047205209732
1781099285834580200,49.27458032226563,0.11224877089262009,0.3633935749530792,0.20438112318515778
1781099285859656200,49.29965625,0.13895246386528015,0.2384655624628067,0.14748317003250122
1781099285884732200,49.324732177734376,0.06331721693277359,0.27249619364738464,0.060548871755599976
1781099285909807000,49.34980712890625,0.001913657528348267,0.22106792032718658,0.09162282943725586
1781099285934883000,49.37488305664063,0.01928863488137722,0.3010989725589752,0.20324835181236267
1781099285959958300,49.39995825195312,0.0322338230907917,0.2495630830526352,0.3161827623844147
1781099285985034200,49.4250341796875,0.0731254443526268,0.2872905731201172,0.30552569031715393
1781099286010110200,49.45011010742188,0.017967019230127335,0.09459211677312851,0.18056663870811462
1781099286035185200,49.47518505859375,-0.06236538663506508,0.02516379952430725,0.09033337235450745
1781099286060261000,49.50026123046875,-0.03577057644724846,-0.036213286221027374,0.14928078651428223
1781099286085337000,49.52533715820312,-0.0053572929464280605,-0.013324723578989506,0.27023354172706604
1781099286110412000,49.550412109375,0.08370096236467361,0.13851964473724365,0.28688845038414
1781099286135488000,49.57548803710937,0.16854292154312134,0.14582285284996033,0.11227192729711533
1781099286160563000,49.60056298828125,0.1614474654197693,0.17445315420627594,-0.11023567616939545
1781099286185639200,49.62563916015625,0.17041605710983276,0.30939459800720215,-0.19392752647399902
1781099286210715100,49.650715087890624,0.2497902512550354,0.35784706473350525,-0.08184782415628433
1781099286235790000,49.6757900390625,0.21942009031772614,0.3003598749637604,-0.041592054069042206
1781099286260866000,49.700865966796876,0.19466820359230042,0.355326384305954,-0.08201340585947037
1781099286285941200,49.72594116210937,0.1483435332775116,0.23429642617702484,-0.11683084815740585
1781099286311017000,49.75101684570313,0.1424935758113861,0.1545136421918869,-0.02627517282962799
1781099286336093200,49.77609326171875,0.17453600466251373,0.1675371676683426,-0.06632933020591736
1781099286361168100,49.80116821289062,0.17019863426685333,0.021753061562776566,-0.05944622680544853
1781099286386244000,49.826244140625,0.1163029819726944,0.04228084161877632,0.024912647902965546
1781099286411319000,49.851319091796874,0.1873151808977127,0.08103247731924057,0.0976087898015976
1781099286436395300,49.876395263671874,0.17329007387161255,0.10581903159618378,0.15108919143676758
1781099286461471000,49.90147094726562,0.25358715653419495,0.1534702628850937,0.00708367582410574
1781099286486546000,49.9265458984375,0.16358917951583862,-0.024467403069138527,-0.21497780084609985
1781099286511622100,49.9516220703125,0.05478733405470848,-0.17714908719062805,-0.18954168260097504
1781099286536697000,49.97669702148438,0.14013850688934326,0.12785136699676514,0.05050825700163841
1781099286561773000,50.00177294921875,0.1826029121875763,0.12938618659973145,0.06582412868738174
1781099286586849000,50.02684912109375,0.14865347743034363,0.5678609609603882,-0.10833857953548431
1781099286611924200,50.05192431640625,0.10062513500452042,0.19445748627185822,-0.2811429798603058
1781099286637000200,50.07700024414063,0.10760217159986496,-0.06536998599767685,-0.00023318640887737274
1781099286662076000,50.102075927734376,0.11281310021877289,-0.016991671174764633,0.005544225685298443
1781099286687151000,50.12715112304687,0.05984223261475563,0.23563234508037567,-0.028470832854509354
1781099286712227000,50.15222705078125,0.17042914032936096,0.0808061808347702,0.03167637065052986
1781099286737302000,50.17730200195312,0.18231748044490814,0.04232246056199074,0.06866684556007385
1781099286762378000,50.2023779296875,0.12695510685443878,0.03177553787827492,-0.20527902245521545
1781099286787454200,50.2274541015625,0.0641411542892456,-0.06956448405981064,-0.19863508641719818
1781099286812529200,50.252529052734374,0.13042204082012177,0.04599490016698837,0.06167126074433327
1781099286837605000,50.277605224609374,0.2058311104774475,0.25824588537216187,0.10435117781162262
1781099286862680300,50.30268041992188,0.16443821787834167,0.38114213943481445,-0.13426560163497925
1781099286887756000,50.327756103515625,0.1532076597213745,0.008383725769817829,-0.2075110524892807
1781099286912832000,50.35283203125,0.1578776091337204,-0.02042757160961628,0.03008534014225006
1781099286937907000,50.37790698242188,0.1495954841375351,0.18178938329219818,0.09869243949651718
1781099286962983200,50.40298315429688,0.09010158479213715,0.14729709923267365,-0.042557086795568466
1781099286988058000,50.42805810546875,0.07240583747625351,0.11705698817968369,-0.06372369825839996
1781099287013134600,50.45313452148437,0.09129107743501663,0.09317700564861298,-0.11183484643697739
1781099287038210300,50.47821020507813,0.05436376854777336,0.11260189116001129,-0.09624886512756348
1781099287063285200,50.50328515625,0.11570802330970764,0.07830749452114105,-0.07020694017410278
1781099287088361500,50.528361572265624,0.13943207263946533,0.17611804604530334,-0.10002866387367249
1781099287113436400,50.5534365234375,0.14884060621261597,0.20245519280433655,-0.17502981424331665
1781099287138512400,50.578512451171875,0.12339871376752853,0.2322046160697937,-0.13024121522903442
1781099287163588600,50.603588623046875,0.15764692425727844,0.24237583577632904,-0.0170388612896204
1781099287188663600,50.62866357421875,0.16468535363674164,0.28452450037002563,-0.06574593484401703
1781099287213739500,50.653739501953126,0.07890478521585464,0.33302977681159973,-0.28747713565826416
1781099287238815500,50.6788154296875,0.14704781770706177,0.1511678844690323,-0.2902306914329529
1781099287263890400,50.70389038085938,0.12213496118783951,0.0348409004509449,-0.030895806849002838
1781099287288966400,50.72896630859375,0.17875133454799652,0.3499490022659302,0.05296763777732849
1781099287314041300,50.75404125976563,0.09279164671897888,0.10109799355268478,-0.36289623379707336
1781099287339117600,50.77911767578125,0.015783976763486862,0.24245959520339966,-0.1643274426460266
1781099287364193500,50.80419360351563,-0.02739180251955986,-0.12360765039920807,-0.22781382501125336
1781099287389268500,50.8292685546875,0.13296721875667572,0.3526027798652649,0.028181971982121468
1781099287414344400,50.85434448242187,0.35338783264160156,0.1588534712791443,-0.2039899379014969
1781099287439419400,50.87941943359375,0.08547279238700867,0.30534568428993225,-0.019219249486923218
1781099287464495400,50.904495361328124,0.2641123831272125,0.16455774009227753,-0.24785369634628296
1781099287489571600,50.929571533203124,0.09255719184875488,-0.13201525807380676,-0.09689582139253616
1781099287514646500,50.954646484375,0.10889904201030731,-0.001730133080855012,0.1595364212989807
1781099287539722500,50.979722412109375,0.2331252545118332,-0.02815023437142372,-0.02799896150827408
1781099287564797400,51.00479736328125,0.12342136353254318,0.20107054710388184,0.08516213297843933
1781099287589873700,51.02987377929688,0.15697158873081207,0.12889181077480316,-0.04904409125447273
1781099287614949400,51.054949462890626,0.11484313756227493,-0.024457687512040138,-0.03324560075998306
1781099287640024300,51.0800244140625,0.21435172855854034,0.04460704326629639,-0.13865876197814941
1781099287665100500,51.1051005859375,0.17025525867938995,0.10748276859521866,-0.1329660713672638
1781099287690176500,51.13017651367188,0.19700752198696136,0.19755247235298157,-0.06988723576068878
1781099287715251500,51.15525146484375,0.20968961715698242,0.07353293895721436,-0.10389835387468338
1781099287740327400,51.18032739257813,0.17571066319942474,0.1067490205168724,-0.04705178737640381
1781099287765402600,51.205402587890624,0.22151930630207062,0.19135619699954987,-0.06682271510362625
1781099287790478600,51.230478515625,0.17469458281993866,0.11900291591882706,-0.12797920405864716
1781099287815554300,51.25555419921875,0.17326004803180695,-0.01336137019097805,-0.25007838010787964
1781099287840629500,51.28062939453125,0.10504183173179626,-0.12369723618030548,-0.1597525030374527
1781099287865705500,51.30570556640625,0.18539917469024658,-0.13847969472408295,-0.14158451557159424
1781099287890780400,51.33078051757813,0.185352623462677,0.11512815207242966,-0.00024144211784005165
1781099287915856400,51.3558564453125,0.21212978661060333,0.24377386271953583,0.3626255989074707
1781099287940932600,51.3809326171875,0.28794029355049133,0.06229231506586075,0.20398660004138947
1781099287966007600,51.40600756835938,0.32800596952438354,0.12630634009838104,-0.5625149011611938
1781099287991083300,51.431083251953126,0.00424039363861084,-0.44956129789352417,-0.8705869317054749
1781099288016158500,51.45615844726562,0.028410132974386215,-0.3324989378452301,-0.5596256256103516
1781099288041234200,51.48123413085938,0.3082224130630493,0.06747385114431381,0.11384947597980499
1781099288066310400,51.50631030273438,0.532518744468689,0.9446078538894653,0.3417113125324249
1781099288091385300,51.53138525390625,0.15773746371269226,1.9220480918884277,-1.1875675916671753
1781099288116461300,51.55646142578125,0.2840878963470459,-0.11530423164367676,-1.1533430814743042
1781099288141536300,51.581536376953125,0.584819495677948,-1.1730464696884155,-0.2836071848869324
1781099288166612500,51.606612548828124,0.008805857039988041,-0.6033354997634888,0.7274298667907715
1781099288191688200,51.63168823242187,0.22666049003601074,0.28805601596832275,0.24985934793949127
1781099288216763100,51.65676318359375,0.37836629152297974,0.39390674233436584,-0.2837114632129669
1781099288241839400,51.68183935546875,0.06805030256509781,0.2956257462501526,-0.1000097468495369
1781099288266914300,51.70691430664063,0.0750197321176529,-0.43467995524406433,-0.07980173081159592
1781099288291990300,51.731990234375,0.14152152836322784,-0.3439826965332031,-0.08448494970798492
1781099288317066500,51.75706640625,-0.016078339889645576,0.06938198953866959,0.028398122638463974
1781099288342141400,51.78214135742188,0.04895678162574768,0.5585229396820068,-0.1039206013083458
1781099288367217400,51.80721752929688,0.17396262288093567,0.42735934257507324,-0.30994701385498047
1781099288392292400,51.83229223632812,0.14362125098705292,0.09299446642398834,-0.34816309809684753
1781099288417368300,51.85736840820312,0.18349862098693848,-0.07593292742967606,-0.32144489884376526
1781099288442444300,51.8824443359375,0.15710502862930298,-0.2470366656780243,-0.20261560380458832
1781099288467519200,51.90751928710937,0.13729998469352722,0.16203735768795013,-0.0682094395160675
1781099288492595500,51.93259545898437,0.10817494243383408,0.2407117784023285,-0.05978897586464882
1781099288517670400,51.95767041015625,0.07847663760185242,0.15218955278396606,-0.014757642522454262
1781099288542746400,51.982746337890624,0.1393342912197113,0.09822486340999603,-0.029934894293546677
1781099288567822300,52.007822265625,0.16009868681430817,-0.03248023986816406,-0.1785147339105606
1781099288592897500,52.0328974609375,0.21823839843273163,-0.043662186712026596,-0.18592816591262817
1781099288617973200,52.05797314453125,0.19860635697841644,-0.19897578656673431,-0.12035053223371506
1781099288643048200,52.08304809570313,0.2479179948568344,-0.012699050828814507,0.025128362700343132
1781099288668124400,52.10812451171875,0.32338470220565796,0.08138475567102432,-0.044599439948797226
1781099288693200400,52.13320043945313,0.20269092917442322,0.08953764289617538,-0.09854398667812347
1781099288718275300,52.158275390625,0.15903674066066742,-0.005982439033687115,-0.18075834214687347
1781099288743351300,52.18335131835938,0.1520300656557083,-0.1273431032896042,-0.2776094377040863
1781099288768427300,52.20842724609375,0.18522654473781586,0.004227321594953537,-0.31228122115135193
1781099288793502200,52.23350219726562,0.1504715234041214,-0.024777928367257118,-0.2067507654428482
1781099288818578200,52.258578125,0.14474448561668396,0.14062471687793732,-0.13188202679157257
1781099288843653400,52.2836533203125,0.2223905771970749,0.25405269861221313,-0.18623493611812592
1781099288868729300,52.30872924804687,0.19035296142101288,0.17392411828041077,-0.21395854651927948
1781099288893805300,52.33380541992187,0.1384284794330597,-0.06393908709287643,-0.22043699026107788
1781099288918880300,52.35888037109375,0.11296553909778595,-0.17181596159934998,-0.1932646632194519
1781099288943956500,52.38395654296875,0.17878851294517517,0.007251432165503502,-0.20784489810466766
1781099288969031400,52.40903149414063,0.15910586714744568,-0.004928709473460913,-0.0845261961221695
1781099288994107000,52.43410693359375,0.13828445971012115,0.025532817468047142,-0.030716799199581146
1781099289019182800,52.459182861328124,0.15229326486587524,-0.009559644386172295,-0.13821522891521454
1781099289044257800,52.4842578125,0.13020968437194824,0.011088230647146702,-0.12232346832752228
1781099289069333800,52.509333740234375,0.09848801046609879,-0.06343453377485275,-0.029796918854117393
1781099289094408700,52.53440869140625,0.08226317167282104,-0.023797884583473206,0.0031622578389942646
1781099289119485000,52.55948486328125,0.15524554252624512,0.08043158799409866,-0.10515909641981125
1781099289144561000,52.584560791015626,0.0783689022064209,-0.0003171909775119275,-0.21443498134613037
1781099289169635800,52.6096357421875,0.0796482190489769,-0.01585787534713745,-0.15381963551044464
1781099289194711800,52.6347119140625,0.026473402976989746,-0.04041111096739769,-0.08853085339069366
1781099289219787000,52.659787109375,0.10246022045612335,0.16786330938339233,0.006050902418792248
1781099289244862700,52.68486279296875,0.16759952902793884,0.15924479067325592,-0.11411678045988083
1781099289269939000,52.70993896484375,0.09485025703907013,0.042707059532403946,-0.17108818888664246
1781099289295014000,52.735013916015625,0.02187061309814453,-0.19098742306232452,-0.14739854633808136
1781099289320089900,52.76008984375,0.14591164886951447,-0.001302163116633892,-0.178412064909935
1781099289345165800,52.78516577148437,0.1429203748703003,0.05313491448760033,-0.07881888747215271
1781099289370241000,52.810240966796876,0.10928582400083542,0.1737440526485443,0.0006123674102127552
1781099289395316700,52.835316650390624,0.12127479910850525,-0.01774761639535427,-0.07648061960935593
1781099289420391700,52.8603916015625,0.15850549936294556,0.02651887759566307,-0.19504936039447784
1781099289445468000,52.88546801757813,0.07688811421394348,-0.11064383387565613,-0.11373507231473923
1781099289470544000,52.9105439453125,0.13147126138210297,0.0025717441458255053,-0.054350778460502625
1781099289495618800,52.93561889648438,0.14387959241867065,0.003356785047799349,-0.0780344232916832
1781099289520694800,52.96069482421875,0.11072593927383423,0.09841223061084747,-0.07590465992689133
1781099289545770000,52.98577001953125,0.1416686624288559,-0.10658352822065353,-0.19385100901126862
1781099289570846000,53.01084594726562,0.12765221297740936,-0.07135365903377533,-0.28414198756217957
1781099289595921700,53.03592163085938,0.04049854725599289,-0.11667195707559586,-0.12975254654884338
1781099289620996900,53.06099682617187,0.023470045998692513,-0.03148278594017029,-0.015743378549814224
1781099289646072800,53.08607275390625,0.18804074823856354,0.116187684237957,-0.05959296599030495
1781099289671148800,53.11114868164063,0.13458533585071564,0.1635233461856842,-0.14926204085350037
1781099289696223700,53.1362236328125,-0.042971495538949966,-0.12363989651203156,-0.09044227749109268
1781099289721300000,53.161300048828124,0.07462982833385468,-0.14439047873020172,-0.1652277559041977
1781099289746375000,53.186375,0.10053912550210953,-0.15605901181697845,-0.10610587894916534
1781099289771451000,53.211450927734376,0.07263863831758499,0.06335506588220596,0.012381432577967644
1781099289796526800,53.23652685546875,0.09655223041772842,0.013007120229303837,-0.015095158480107784
1781099289821601800,53.26160180664063,0.04822196811437607,-0.059590090066194534,-0.14411549270153046
1781099289846677800,53.286677734375,-0.050864748656749725,-0.15973804891109467,-0.059743985533714294
1781099289871752700,53.31175268554688,0.055768392980098724,-0.05303194373846054,0.0007389835081994534
1781099289896829000,53.33682885742188,-0.011508490890264511,-0.01322602853178978,0.019409218803048134
1781099289921905000,53.36190478515625,-0.002474309643730521,-0.03913075849413872,-0.10485415905714035
1781099289946979800,53.38697973632812,0.009050329215824604,-0.1327282041311264,-0.1744275987148285
1781099289972055800,53.41205590820312,0.030534613877534866,-0.12741278111934662,-0.0158309955149889
1781099289997130800,53.437130859375,0.010861999355256557,0.0785520151257515,0.09349910169839859
1781099290022206700,53.46220678710937,0.04234271124005318,0.054436273872852325,-0.0024548242799937725
1781099290047283000,53.48728295898437,0.11223156005144119,-0.09330622106790543,-0.19019967317581177
1781099290072358000,53.51235791015625,0.03992006555199623,-0.27969178557395935,-0.18797382712364197
1781099290097433900,53.537433837890624,0.044755782932043076,-0.13275356590747833,-0.08724378049373627
1781099290122508800,53.5625087890625,0.12223687022924423,0.01859266869723797,-0.07653719186782837
1781099290147585000,53.5875849609375,0.11473916471004486,0.15994705259799957,-0.1260867416858673
1781099290172660700,53.61266064453125,0.04686204716563225,0.08009155839681625,-0.11274917423725128
1781099290197735700,53.63773559570313,0.09561479836702347,-0.2056514471769333,-0.24794039130210876
1781099290222812000,53.66281201171875,0.010498635470867157,-0.016980797052383423,-0.1259760856628418
1781099290247888000,53.68788793945313,0.01836329698562622,-0.17133383452892303,-0.07276389002799988
1781099290272962800,53.712962890625,0.17894777655601501,0.0012690604198724031,-0.11716856807470322
1781099290298038800,53.73803881835938,0.062282219529151917,-0.012490911409258842,-0.22114068269729614
1781099290323114000,53.763114013671874,-0.049427375197410583,-0.07625062018632889,0.020591704174876213
1781099290348190000,53.78818994140625,0.10038487613201141,0.032737527042627335,0.02062377706170082
1781099290373265700,53.813265625,0.09809007495641708,-0.10599548369646072,-0.1891738921403885
1781099290398340900,53.8383408203125,-0.0047109248116612434,0.00432739220559597,-0.10632484406232834
1781099290423416800,53.86341674804687,-0.02503092586994171,-0.31060051918029785,-0.12369620054960251
1781099290448491800,53.88849169921875,0.11161715537309647,-0.10337622463703156,0.060001127421855927
1781099290473567700,53.913567626953125,0.11451704055070877,0.0653296634554863,-0.0884549543261528
1781099290498644000,53.93864404296875,-0.06828145682811737,0.010057403706014156,0.03572487831115723
1781099290523719000,53.96371899414063,-0.017815373837947845,-0.13169170916080475,-0.21401894092559814
1781099290548794600,53.988794677734376,-0.08180606365203857,-0.19475971162319183,-0.15064632892608643
1781099290573869800,54.01386987304687,-0.06561843305826187,-0.015546172857284546,0.0472211092710495
1781099290598945800,54.03894580078125,0.013715486973524094,0.07695605605840683,0.11606428772211075
1781099290624021800,54.06402172851563,0.060746531933546066,-0.0008392228046432137,-0.10627995431423187
1781099290649096700,54.0890966796875,0.02519397810101509,-0.12981842458248138,-0.23436057567596436
1781099290674173000,54.1141728515625,0.03012941963970661,-0.2775501310825348,-0.05594465136528015
1781099290699247900,54.139247802734374,0.06838429719209671,-0.21232691407203674,-0.011312337592244148
1781099290724323800,54.16432373046875,0.054389242082834244,0.10668955743312836,-0.09438847005367279
1781099290749399800,54.18939990234375,-0.04408697038888931,-0.09525630623102188,-0.048311226069927216
1781099290774474800,54.214474853515625,0.05302087590098381,-0.12940503656864166,0.020041942596435547
1781099290799550700,54.23955078125,0.09721780568361282,-0.10051721334457397,-0.11094442754983902
1781099290824627000,54.264626953125,0.002473840955644846,-0.19245657324790955,-0.18386618793010712
1781099290849702000,54.28970190429688,0.023507848381996155,-0.20578327775001526,-0.2131299525499344
1781099290874777900,54.31477783203125,0.021816959604620934,-0.14176782965660095,-0.12615782022476196
1781099290899852800,54.33985278320313,0.030619820579886436,-0.08230581134557724,-0.07003164291381836
1781099290924929000,54.36492895507813,0.09479034692049026,0.029340628534555435,-0.04100313037633896
1781099290950004700,54.390004638671876,0.07072026282548904,-0.20452769100666046,-0.10250981897115707
1781099290975079700,54.41507958984375,0.08560805022716522,-0.3240512013435364,-0.2481938600540161
1781099291000156700,54.44015673828125,0.05411261320114136,-0.22510874271392822,-0.2534305453300476
1781099291025231600,54.46523168945313,0.0038317895960062742,-0.2735200822353363,-0.02567305415868759
1781099291050307800,54.49030786132813,0.0552736259996891,-0.20144644379615784,0.0001574135385453701
1781099291075383600,54.515383544921875,0.08001445233821869,-0.00009887375199468806,-0.0970577597618103
1781099291100458500,54.54045849609375,-0.040641579777002335,-0.09235862642526627,-0.15296944975852966
1781099291125534700,54.56553466796875,-0.06589982658624649,-0.30142834782600403,-0.1145128533244133
1781099291150609700,54.59060961914062,-0.06767474114894867,-0.12979795038700104,-0.009898998774588108
1781099291175685600,54.615685546875,-0.010151484049856663,-0.034808941185474396,0.0791243314743042
1781099291200761900,54.64076196289062,-0.07202707231044769,-0.0571991465985775,-0.09843780845403671
1781099291225836800,54.6658369140625,-0.11774206161499023,-0.07806375622749329,-0.12028162181377411
1781099291250912800,54.69091284179687,-0.15151913464069366,-0.29753825068473816,-0.0927407518029213
1781099291275987700,54.71598779296875,-0.1145879477262497,-0.1708841770887375,-0.02450673095881939
1781099291301063700,54.741063720703124,-0.08584088087081909,0.17663215100765228,-0.08488717675209045
1781099291326139600,54.7661396484375,-0.1749064326286316,0.07625459879636765,0.125105619430542
1781099291351214600,54.791214599609376,-0.19412194192409515,-0.0843699723482132,0.28847670555114746
1781099291376290800,54.816290771484375,0.02370883896946907,-0.04017705097794533,-0.0026774643920361996
1781099291401365800,54.84136572265625,-0.19064964354038239,-0.14020206034183502,-0.10357969254255295
1781099291426441700,54.86644165039063,-0.27095240354537964,-0.38483625650405884,0.10804769396781921
1781099291451517700,54.891517578125,0.1434704214334488,-0.16753630340099335,0.2598719000816345
1781099291476593000,54.91659301757812,0.11576596647500992,0.11666491627693176,-0.19889633357524872
1781099291501668600,54.94166870117188,-0.19607588648796082,0.4252064526081085,-0.08287310600280762
1781099291526743600,54.96674365234375,-0.008878430351614952,-0.2238537073135376,-0.157536581158638
1781099291551819800,54.99181982421875,-0.04562310129404068,-0.14667782187461853,0.12064319849014282
1781099291576895700,55.01689575195312,-0.07458683848381042,0.261190801858902,0.19493921101093292
1781099291601970700,55.041970703125,0.076889768242836,0.1428806632757187,0.23235981166362762
1781099291627047000,55.067046875,-0.023064792156219482,0.023010259494185448,0.008165291510522366
1781099291652121900,55.092121826171876,-0.12568572163581848,-0.08917022496461868,-0.08411266654729843
1781099291677197600,55.117197509765624,0.0006145175429992378,-0.2656330466270447,0.01095934584736824
1781099291702273500,55.1422734375,-0.02104044519364834,-0.07536668330430984,0.041796889156103134
1781099291727348700,55.1673486328125,-0.08962655812501907,0.34255799651145935,0.15210038423538208
1781099291752424700,55.1924248046875,-0.0012847064062952995,0.08911611884832382,-0.10836662352085114
1781099291777499600,55.21749975585937,0.00306525151245296,-0.19418829679489136,-0.09782431274652481
1781099291802576000,55.24257592773437,-0.09540762007236481,-0.13434530794620514,-0.11180838197469711
1781099291827651800,55.26765185546875,-0.060836970806121826,0.06351761519908905,0.17775699496269226
1781099291852726800,55.29272680664062,0.06508474797010422,0.236530140042305,0.05691632628440857
1781099291877802500,55.31780249023438,-0.10731665045022964,-0.01504118088632822,0.08225145190954208
1781099291902877700,55.342877685546874,-0.09447146952152252,-0.28649115562438965,-0.01969650201499462
1781099291927953700,55.36795361328125,-0.04227844625711441,-0.4066408574581146,-0.049160536378622055
1781099291953029600,55.39302954101562,-0.08003924787044525,-0.06962794065475464,-0.023936836048960686
1781099291978104600,55.4181044921875,-0.016536442562937737,-0.06703730672597885,0.020806975662708282
1781099292003180000,55.44317993164063,0.04326048120856285,0.1472221463918686,-0.03714589402079582
1781099292028255000,55.4682548828125,-0.01752655766904354,0.2457139641046524,-0.14175550639629364
1781099292053331200,55.493331298828124,-0.09833164513111115,-0.1287420392036438,-0.01857653446495533
1781099292078407200,55.5184072265625,-0.016838161274790764,-0.15940481424331665,0.08157262206077576
1781099292103482000,55.543482177734376,-0.11454074084758759,-0.1097455844283104,-0.05476178973913193
1781099292128558000,55.56855810546875,-0.12371720373630524,-0.0002511145721655339,0.042088065296411514
1781099292153633000,55.59363305664063,-0.02855983003973961,-0.07124277204275131,0.025275234133005142
1781099292178709000,55.618708984375,-0.06686748564243317,0.028155198320746422,-0.0009613623842597008
1781099292203785200,55.64378515625,-0.11273250728845596,0.04484675079584122,-0.02755201794207096
1781099292228860200,55.66886010742188,-0.0851694867014885,-0.09260068088769913,0.04986561834812164
1781099292253936000,55.69393603515625,-0.02815733291208744,-0.10538171976804733,0.05978189781308174
1781099292279011000,55.71901098632812,-0.18242046236991882,-0.09002334624528885,0.023137276992201805
1781099292304087000,55.74408715820312,-0.14901287853717804,-0.11901413649320602,0.11953286826610565
1781099292329163000,55.7691630859375,0.0714411586523056,0.10642080754041672,-0.04355860501527786
1781099292354238000,55.79423803710937,-0.010558148846030235,0.2597653567790985,-0.25698360800743103
1781099292379314200,55.81931420898437,-0.11596080660820007,-0.0764056146144867,0.009676005691289902
1781099292404389000,55.84438916015625,-0.06006424501538277,-0.16810457408428192,0.2567680776119232
1781099292429465000,55.869465087890624,-0.05036220699548721,0.06115802749991417,0.18242982029914856
1781099292454541000,55.894541015625,-0.08714599162340164,0.1502392292022705,-0.008875107392668724
1781099292479616300,55.9196162109375,-0.01078161969780922,-0.06048246845602989,0.12580077350139618
1781099292504692000,55.94469189453125,0.006736252922564745,-0.14810040593147278,0.028332961723208427
1781099292529767000,55.96976684570313,-0.03382016718387604,-0.048393454402685165,-0.08903169631958008
1781099292554843100,55.99484301757813,-0.08145232498645782,-0.02990884706377983,-0.02518128976225853
1781099292579919000,56.01991918945313,-0.008847679011523724,0.07602343708276749,0.1894388049840927
1781099292604994000,56.044994140625,0.03545674681663513,0.2659662365913391,0.03772446885704994
1781099292630070000,56.07007006835938,0.004927372559905052,0.07924877852201462,-0.039818719029426575
1781099292655145200,56.095145263671874,0.03375663235783577,-0.2693037986755371,-0.014356246218085289
1781099292680221200,56.12022119140625,-0.0009803995490074158,-0.21453814208507538,-0.02190878987312317
1781099292705297000,56.145296875,-0.038725465536117554,0.06800269335508347,0.0032606511376798153
1781099292730372000,56.1703720703125,0.023302128538489342,0.27456268668174744,0.052405741065740585
1781099292755448000,56.19544799804687,-0.030440617352724075,0.02726561948657036,-0.04799743741750717
1781099292780523000,56.22052294921875,-0.10188693553209305,-0.10253927111625671,0.010393301025032997
1781099292805599000,56.245598876953125,-0.10139439254999161,-0.11777852475643158,0.00931563600897789
1781099292830675200,56.27067529296875,-0.06478527188301086,0.07644328474998474,0.04937545582652092
1781099292855750100,56.29575024414063,-0.07642053812742233,0.10774373263120651,-0.04427317902445793
1781099292880826000,56.320826171875,-0.09200010448694229,0.08566001802682877,0.10111454129219055
1781099292905901300,56.3459013671875,-0.060689572244882584,0.02397914044559002,0.1425093710422516
1781099292930977000,56.37097705078125,-0.09155106544494629,-0.06456619501113892,0.06721173226833344
1781099292956053000,56.39605297851563,-0.09416837245225906,-0.22095340490341187,0.03605520725250244
1781099292981128000,56.4211279296875,-0.06373216956853867,-0.12252739816904068,0.10794399678707123
1781099293006204000,56.44620385742188,0.011071903631091118,0.06627805531024933,0.2076161503791809
1781099293031278800,56.47127880859375,-0.026021182537078857,0.15374574065208435,0.0066667767241597176
1781099293056354800,56.49635473632812,-0.007925174199044704,0.02833627536892891,-0.00020222878083586693
1781099293081431000,56.52143115234375,-0.0888100266456604,-0.14497120678424835,-0.046709392219781876
1781099293106506000,56.546506103515625,-0.019751019775867462,-0.08789823949337006,0.10327320545911789
1781099293131581700,56.57158178710937,0.04747265204787254,0.019839240238070488,-0.04845674708485603
1781099293156657000,56.59665698242188,-0.001926732831634581,0.07729975134134293,0.06587393581867218
1781099293181732900,56.62173291015625,0.07839754223823547,-0.03296831622719765,-0.08189113438129425
1781099293206808800,56.646808837890624,0.03099972940981388,-0.18057315051555634,-0.19970346987247467
1781099293231883800,56.6718837890625,-0.10720401257276535,-0.1643974483013153,-0.004161456134170294
1781099293256960000,56.6969599609375,0.05842457339167595,-0.16354717314243317,0.05453109368681908
1781099293282035000,56.72203491210937,-0.013702684082090855,-0.08125653862953186,-0.11933746933937073
1781099293307111000,56.74711083984375,-0.10346860438585281,0.05030170455574989,-0.07753206044435501
1781099293332187000,56.77218676757813,-0.008949129842221737,-0.10007749497890472,-0.07939799129962921
1781099293357261800,56.79726171875,-0.09035266935825348,-0.07803197205066681,-0.012135320343077183
1781099293382337800,56.822337890625,-0.03793467953801155,0.13798588514328003,-0.01444289181381464
1781099293407412700,56.847412841796874,-0.046756502240896225,0.013930602930486202,0.037161633372306824
1781099293432489000,56.872489013671874,-0.10861467570066452,-0.10550316423177719,0.21862740814685822
1781099293457565000,56.89756494140625,-0.04434894770383835,-0.023720737546682358,0.20770275592803955
1781099293482640000,56.922639892578125,-0.03538714349269867,-0.15408086776733398,0.032082464545965195
1781099293507715800,56.9477158203125,-0.2160625159740448,-0.29788005352020264,0.04747409746050835
1781099293532790800,56.97279077148438,-0.07674159854650497,-0.19096283614635468,0.1294771134853363
1781099293557866800,56.99786669921875,0.032008394598960876,-0.1340281367301941,0.08784853667020798
1781099293582943000,57.02294287109375,-0.04221039265394211,0.23385269939899445,0.013215641491115093
1781099293608018000,57.04801782226563,-0.04752591252326965,-0.0026003189850598574,-0.09813874214887619
1781099293633094000,57.07309399414063,-0.07307417690753937,-0.25373387336730957,0.04957083612680435
1781099293658168800,57.0981689453125,-0.04002309590578079,0.07250704616308212,0.06804854422807693
1781099293683245000,57.1232451171875,-0.0671158879995346,0.17963939905166626,0.08305821567773819
1781099293708320800,57.14832080078125,-0.026952160522341728,-0.0827031061053276,0.10374673455953598
1781099293733395700,57.17339575195312,-0.03310780972242355,-0.031235184520483017,-0.040267154574394226
1781099293758472000,57.19847192382812,-0.06741032749414444,0.03385467454791069,0.052734214812517166
1781099293783547000,57.223546875,-0.037231963127851486,-0.20957806706428528,0.1479286253452301
1781099293808622800,57.248622802734374,-0.06360937654972076,-0.1976851224899292,0.21970310807228088
1781099293833699000,57.273698974609374,-0.0006081258179619908,-0.10406217724084854,0.17610995471477509
1781099293858774000,57.29877392578125,0.031350161880254745,-0.041574615985155106,0.056582625955343246
1781099293883850000,57.32385009765625,0.0011850908631458879,0.12789390981197357,-0.09323325753211975
1781099293908925000,57.34892504882812,0.0025239111855626106,0.2322341650724411,-0.20202970504760742
1781099293934001000,57.3740009765625,-0.057690344750881195,0.20440791547298431,-0.06915359199047089
1781099293959076900,57.39907690429688,-0.0492837056517601,0.07530789077281952,0.11126659065485
1781099293984151800,57.42415185546875,-0.006280361674726009,0.04707863926887512,0.17661625146865845
1781099294009229000,57.44922900390625,-0.02400817908346653,0.04624161496758461,0.11615855246782303
1781099294034304000,57.47430395507813,-0.04830211400985718,-0.11846132576465607,0.0653802677989006
1781099294059379700,57.499379638671876,-0.15100820362567902,-0.2877912223339081,0.09943629801273346
1781099294084456000,57.5244560546875,-0.07281824946403503,-0.044526055455207825,0.16796539723873138
1781099294109531000,57.54953076171875,-0.11154093593358994,-0.014477684162557125,0.06440165638923645
1781099294134606800,57.57460693359375,-0.12008005380630493,-0.030122855678200722,0.007244113367050886
1781099294159681800,57.59968188476562,0.01784834824502468,-0.15207980573177338,0.003151986747980118
1781099294184758000,57.62475805664062,0.021453406661748886,-0.0507359504699707,0.07928850501775742
1781099294209834000,57.649833984375,0.0014678253792226315,0.14150786399841309,-0.0951169952750206
1781099294234909000,57.674908935546874,-0.0010382713517174125,-0.01512974500656128,0.04596284031867981
1781099294259985000,57.69998486328125,0.055583227425813675,0.00004578232983476482,0.06076605245471001
1781099294285059800,57.725059814453125,-0.06673552095890045,-0.07753986120223999,-0.0821506530046463
1781099294310135800,57.7501357421875,-0.08163440972566605,-0.15408533811569214,0.016773443669080734
1781099294335212000,57.7752119140625,0.07444349676370621,-0.015019150450825691,0.14389239251613617
1781099294360287000,57.800286865234376,-0.05246200039982796,0.032321758568286896,-0.033088281750679016
1781099294385363000,57.825363037109376,-0.11763156950473785,0.08066824078559875,-0.20405052602291107
1781099294410438000,57.85043798828125,-0.015114245004951954,-0.25783899426460266,0.0783579871058464
1781099294435513900,57.87551391601563,0.03042716346681118,-0.08699838817119598,0.2661696672439575
1781099294460589800,57.90058984375,-0.04772305488586426,0.22737939655780792,-0.0450342521071434
1781099294485664800,57.92566479492187,-0.056934259831905365,-0.04952496290206909,-0.19163131713867188
1781099294510740700,57.95074072265625,-0.08297355473041534,-0.2880794405937195,0.06606576591730118
1781099294535816000,57.97581591796875,-0.06474501639604568,0.08698444813489914,0.24613167345523834
1781099294560892000,58.00089184570312,-0.08351873606443405,0.20963150262832642,-0.027283381670713425
1781099294585967900,58.0259677734375,-0.11042243242263794,-0.14180445671081543,-0.16276443004608154
1781099294611043000,58.05104296875,-0.04731686785817146,-0.1770746260881424,-0.06086517497897148
1781099294636118800,58.076118896484374,-0.039136797189712524,0.05243106931447983,0.09470119327306747
1781099294661193700,58.10119384765625,-0.01785920560359955,0.08909747749567032,0.16071802377700806
1781099294686269700,58.126269775390625,-0.004981092177331448,-0.05279463157057762,0.0027176416479051113
1781099294711346000,58.151345947265625,-0.1163957267999649,-0.13879376649856567,-0.17427393794059753
1781099294736420900,58.1764208984375,-0.1739065945148468,-0.11624813824892044,0.017892930656671524
1781099294761496800,58.201496826171876,-0.00617209542542696,0.0010372308315709233,0.2248089611530304
1781099294786572000,58.22657202148437,-0.037604741752147675,0.1847030073404312,0.047698743641376495
1781099294811648000,58.25164794921875,-0.07298685610294342,0.12654578685760498,-0.11392252147197723
1781099294836723700,58.2767236328125,-0.016478542238473892,-0.1810530126094818,0.02164492756128311
1781099294861798700,58.30179858398437,0.01799768954515457,-0.08339110016822815,0.15971145033836365
1781099294886875000,58.326875,-0.06576503813266754,0.0750633031129837,0.054271399974823
1781099294911949800,58.35194970703125,-0.06060364469885826,-0.08706732839345932,0.03231886774301529
1781099294937025800,58.37702587890625,-0.08375416696071625,-0.10884295403957367,0.10777697712182999
1781099294962102000,58.40210205078125,-0.1278059333562851,0.11040755361318588,0.12156503647565842
1781099294987177000,58.427177001953126,-0.08795901387929916,0.024269958958029747,0.11957290023565292
1781099295012252000,58.452251953125,-0.02938031777739525,0.004147628787904978,0.05745264142751694
1781099295037327000,58.4773271484375,-0.07616689056158066,-0.037631694227457047,-0.11116500943899155
1781099295062403000,58.50240307617187,-0.07718652486801147,-0.020312689244747162,-0.10524236410856247
1781099295087478800,58.52747875976563,-0.04273160547018051,0.009455234743654728,0.07111992686986923
1781099295112554000,58.552553955078125,-0.044850606471300125,0.16684766113758087,0.0635768324136734
1781099295137630000,58.5776298828125,-0.05804545804858208,0.17540626227855682,0.027357378974556923
1781099295162705000,58.602704833984376,-0.017725085839629173,-0.011139558628201485,-0.08036976307630539
1781099295187780900,58.62778076171875,-0.046046286821365356,-0.11161880940198898,-0.08027344942092896
1781099295212857000,58.652857177734376,-0.06153304502367973,-0.047659192234277725,0.04294015094637871
1781099295237932000,58.67793212890625,0.001104138558730483,0.04901391267776489,0.11971927434206009
1781099295263008000,58.70300805664063,-0.01467316597700119,-0.010345744900405407,0.003405774012207985
1781099295288084000,58.728083984375,-0.07433110475540161,0.0054649836383759975,-0.11706545948982239
1781099295313159000,58.75315893554688,-0.005517271347343922,-0.07398562133312225,0.029025539755821228
1781099295338235000,58.77823486328125,0.0012236633338034153,0.017245855182409286,0.0674767792224884
1781099295363309800,58.80330981445312,-0.018000446259975433,0.13955840468406677,-0.11367206275463104
1781099295388386000,58.82838598632812,-0.03382963687181473,-0.04928005114197731,-0.12163270264863968
1781099295413461000,58.8534609375,-0.0640416145324707,-0.08599018305540085,0.0049449484795331955
1781099295438537000,58.87853686523437,-0.14282731711864471,0.10308931022882462,-0.05005230754613876
1781099295463613000,58.90361303710937,-0.1713627427816391,0.1778515726327896,-0.08806408941745758
1781099295488687900,58.92868798828125,-0.20889320969581604,0.058724239468574524,0.013241913169622421
1781099295513763800,58.953763916015625,-0.1816294938325882,0.16174957156181335,0.019863443449139595
1781099295538838800,58.9788388671875,-0.20195268094539642,0.17070430517196655,0.030628958716988564
1781099295563915000,59.0039150390625,-0.20043107867240906,0.054113902151584625,0.06260941177606583
1781099295588991000,59.028990966796876,-0.08777150511741638,0.12214483320713043,0.03649403154850006
1781099295614066000,59.05406591796875,-0.09131037443876266,-0.0008386902045458555,-0.06149464100599289
1781099295639142100,59.07914208984375,-0.07869269698858261,0.020991956815123558,0.04331500455737114
1781099295664217000,59.10421704101562,-0.026676900684833527,0.03384048119187355,0.05904076248407364
1781099295689292800,59.12929272460938,-0.06411983072757721,0.08806341141462326,0.012269801460206509
1781099295714369000,59.154369140625,-0.1003241240978241,0.030087999999523163,0.011940967291593552
1781099295739444000,59.17944384765625,-0.01511367131024599,0.042838674038648605,0.18177707493305206
1781099295764520000,59.20452001953125,0.055096983909606934,0.04714299365878105,0.03940543532371521
1781099295789595000,59.229594970703126,-0.021331291645765305,0.01652112416923046,-0.13123883306980133
1781099295814671000,59.254671142578125,0.015082815662026405,-0.13458967208862305,0.016819782555103302
1781099295839747000,59.2797470703125,0.06292904168367386,0.006292198318988085,0.2231544703245163
1781099295864822000,59.30482202148438,0.05534938722848892,0.08834744244813919,0.14058920741081238
1781099295889898000,59.32989794921875,-0.013982893899083138,-0.020832978188991547,-0.00941711850464344
1781099295914973000,59.35497290039063,0.006807123776525259,-0.20976240932941437,-0.01971762627363205
1781099295940049000,59.380048828125,0.003075558692216873,-0.15573948621749878,0.10826937854290009
1781099295965124900,59.405124755859376,0.08927793800830841,0.0464581698179245,0.07413017004728317
1781099295990200000,59.43019995117187,0.041630856692790985,-0.0009828695328906178,0.03297671675682068
1781099296015276000,59.45527612304687,0.05013396218419075,0.02174213156104088,0.04805939644575119
1781099296040351000,59.48035107421875,0.05307847633957863,-0.017036009579896927,-0.019182642921805382
1781099296065427000,59.50542700195312,0.018871331587433815,-0.06927886605262756,0.018935535103082657
1781099296090503000,59.5305029296875,-0.04002293571829796,-0.04473693296313286,0.050779204815626144
1781099296115577900,59.555577880859374,-0.0032377566676586866,0.05485650151968002,0.08752895891666412
1781099296140653800,59.58065380859375,-0.0775228962302208,0.09869565814733505,0.12823377549648285
1781099296165729000,59.60572900390625,-0.07731333374977112,0.08762779086828232,0.07969710230827332
1781099296190805000,59.630804931640625,-0.09998486936092377,0.039091579616069794,0.1305149793624878
1781099296215881000,59.655880859375,-0.07448285073041916,-0.06052585318684578,0.15916375815868378
1781099296240956200,59.6809560546875,-0.09779719263315201,0.03282587602734566,0.05153270065784454
1781099296266031900,59.70603198242188,-0.02544795535504818,0.013991396874189377,-0.010830068960785866
1781099296291106800,59.73110693359375,-0.043540108948946,-0.004630453884601593,0.07120384275913239
1781099296316182800,59.75618286132813,-0.0440809391438961,0.14449812471866608,-0.002584303729236126
1781099296341259000,59.78125903320313,0.009800998494029045,0.05865306034684181,-0.043740201741456985
1781099296366334000,59.806333984375,0.03485989198088646,0.15482471883296967,0.03784056007862091
1781099296391410000,59.83140991210937,0.08790045231580734,0.024328788742423058,-0.0004994086921215057
1781099296416485000,59.856485107421875,0.06998796761035919,-0.027199458330869675,-0.07358326762914658
1781099296441561000,59.88156103515625,0.05170726403594017,-0.04239461570978165,-0.1346106380224228
1781099296466636800,59.90663671875,0.03274023160338402,0.01224332582205534,0.058109015226364136
1781099296491711700,59.931711669921874,0.05060805007815361,-0.013861126266419888,0.08569285273551941
1781099296516788000,59.9567880859375,-0.0030548786744475365,0.09906546026468277,-0.09931878000497818
1781099296541863000,59.98186279296875,-0.003800409147515893,-0.1266295313835144,-0.08812190592288971
1781099296566939000,60.00693896484375,0.037836670875549316,-0.03479892015457153,0.17797601222991943
1781099296592015000,60.03201513671875,0.07088309526443481,-0.0770726427435875,0.064556784927845
1781099296617090000,60.05709008789062,0.03340372443199158,-0.05393354594707489,-0.20300473272800446
1781099296642166000,60.082166015625,-0.012644295580685139,-0.2189696580171585,-0.2614341080188751
1781099296667241000,60.10724096679687,-0.01705237291753292,-0.12555614113807678,0.14276905357837677
1781099296692317000,60.13231689453125,0.04534180462360382,0.049882616847753525,0.3512362539768219
1781099296717393000,60.15739282226563,0.056864380836486816,0.0998859852552414,-0.09068534523248672
1781099296742467800,60.1824677734375,-0.04437708109617233,-0.1214241087436676,-0.34209179878234863
1781099296767544000,60.2075439453125,-0.05358083173632622,-0.40058937668800354,-0.049620091915130615
1781099296792619000,60.232618896484375,0.002057858044281602,0.04646936431527138,0.2499321699142456
1781099296817695000,60.257695068359375,0.08241813629865646,0.14496730268001556,0.1378665715456009
1781099296842771000,60.28277099609375,-0.10284271091222763,0.08941573649644852,-0.10057441890239716
1781099296867846000,60.307845947265626,-0.11111688613891602,0.0069009787403047085,-0.10891947895288467
1781099296892921900,60.332921875,0.0028779071290045977,-0.29405033588409424,0.21081091463565826
1781099296917996800,60.35799682617188,-0.03718723729252815,0.01423882320523262,0.16885757446289062
1781099296943073000,60.38307299804688,-0.07911626994609833,0.05443625524640083,-0.2851591110229492
1781099296968149000,60.40814892578125,-0.13051290810108185,0.03731182590126991,-0.29529938101768494
1781099296993224000,60.43322387695312,-0.12986324727535248,0.12358906865119934,-0.09409134089946747
1781099297018300400,60.45830053710937,-0.08262097090482712,0.30065611004829407,-0.05355781316757202
1781099297043375600,60.48337573242188,-0.07830372452735901,0.2690129578113556,-0.12185937166213989
1781099297068451300,60.508451416015625,-0.14992469549179077,0.153728187084198,-0.09828060865402222
1781099297093526300,60.5335263671875,-0.16069296002388,0.13819146156311035,-0.1328527182340622
1781099297118602500,60.5586025390625,-0.039251264184713364,0.08621540665626526,0.036634765565395355
1781099297143678500,60.583678466796876,-0.10888433456420898,-0.149493008852005,0.16623307764530182
1781099297168753400,60.60875341796875,-0.20618414878845215,0.056902412325143814,0.2223891019821167
1781099297193829600,60.63382958984375,-0.07374288886785507,0.17601121962070465,0.11412592232227325
1781099297218904600,60.65890454101562,-0.12674476206302643,-0.05132162943482399,0.04423931986093521
1781099297243980300,60.68398022460938,-0.15528902411460876,-0.14283978939056396,0.06040926277637482
1781099297269056500,60.70905639648438,0.0060037001967430115,-0.11089654266834259,0.03948531299829483
1781099297294131500,60.73413134765625,0.03768351674079895,0.035482197999954224,0.11486545950174332
1781099297319207400,60.75920751953125,0.034084342420101166,0.06080586463212967,0.023246631026268005
1781099297344282400,60.784282470703126,0.011733543127775192,0.05820263549685478,-0.050434716045856476
1781099297369358600,60.809358642578125,0.0786057710647583,0.03936123847961426,-0.11587576568126678
1781099297394434600,60.8344345703125,-0.024590784683823586,-0.18069490790367126,0.025625070556998253
1781099297419509500,60.85950952148438,-0.05556782707571983,0.07732056081295013,0.06439697742462158
1781099297444585500,60.88458544921875,0.04563121870160103,0.12500439584255219,0.06420683860778809
1781099297469660400,60.90966040039063,-0.0007812312105670571,0.017339082434773445,0.013676028698682785
1781099297494736400,60.934736328125,-0.021790074184536934,-0.05430985987186432,-0.01979636959731579
1781099297519812400,60.959812255859376,-0.0016074000159278512,-0.19713769853115082,0.17286060750484467
1781099297544887600,60.98488745117187,0.02038661204278469,-0.10539335757493973,0.1433410942554474
1781099297569963500,61.00996362304687,0.02130986377596855,-0.06381047517061234,0.015303133055567741
1781099297595038500,61.03503857421875,-0.054044999182224274,-0.11943773925304413,-0.004882201552391052
1781099297620114700,61.06011474609375,-0.015067648142576218,0.02870979718863964,0.08748352527618408
1781099297645190400,61.0851904296875,0.04164671152830124,-0.05127228796482086,0.1659833937883377
1781099297670265300,61.110265380859374,0.11599449813365936,-0.09986229240894318,0.06057282164692879
1781099297695341300,61.13534130859375,0.08464772254228592,0.15875910222530365,-0.3686278462409973
1781099297720416500,61.16041650390625,0.04429485276341438,0.04337191581726074,-0.33009815216064453
1781099297745492500,61.185492431640625,0.028713827952742577,-0.006666944362223148,0.06308489292860031
1781099297770567400,61.2105673828125,0.031617987900972366,0.43679097294807434,0.029457656666636467
1781099297795643600,61.2356435546875,0.05206311121582985,0.5663906931877136,-0.07500902563333511
1781099297820719400,61.26071923828125,-0.05935375764966011,0.21862787008285522,-0.10109687596559525
1781099297845794600,61.28579467773437,-0.1638682633638382,-0.041941724717617035,-0.002561076544225216
1781099297870870300,61.31087036132813,-0.06189807504415512,-0.10924341529607773,0.2271289974451065
1781099297895945500,61.335945556640624,-0.016029532998800278,-0.1868632286787033,0.23765552043914795
1781099297921021400,61.361021484375,-0.05757935345172882,0.030729787424206734,0.23179686069488525
1781099297946097400,61.38609741210937,-0.04567156732082367,0.02396715246140957,0.0862434059381485
1781099297971172600,61.411172607421875,-0.004669982939958572,-0.13594649732112885,0.09135863184928894
1781099297996248600,61.43624853515625,0.09999781847000122,-0.19218523800373077,0.05335821211338043
1781099298021323800,61.46132373046875,0.10098050534725189,-0.19912701845169067,0.008228245191276073
1781099298046399500,61.4863994140625,0.07215434312820435,0.1314777284860611,-0.014349889941513538
1781099298071475500,61.511475341796874,0.09407049417495728,0.10993651300668716,-0.03616703674197197
1781099298096550700,61.53655053710938,0.04818396270275116,0.1890978068113327,-0.044709719717502594
1781099298121626600,61.56162670898438,0.05693229287862778,0.19979552924633026,-0.16763710975646973
1781099298146701600,61.58670166015625,0.00003062875475734472,0.11007227003574371,-0.07576687633991241
1781099298171777500,61.61177758789062,-0.03841601312160492,0.19875290989875793,-0.056754473596811295
1781099298196853800,61.63685375976563,0.008757059462368488,0.019663020968437195,-0.014306643977761269
1781099298221928700,61.6619287109375,-0.02666516788303852,0.04404647275805473,0.03131532669067383
1781099298247004400,61.68700439453125,-0.08457235991954803,0.03357653319835663,0.007729103788733482
1781099298272079400,61.712079345703124,-0.08059434592723846,0.18497884273529053,-0.11390884965658188
1781099298297155600,61.737155517578124,-0.02995692379772663,0.23831215500831604,-0.13121584057807922
1781099298322231600,61.7622314453125,-0.14958171546459198,0.046796105802059174,0.04412976652383804
1781099298347306500,61.787306396484375,-0.16105154156684875,0.0042184023186564445,0.14974583685398102
1781099298372382700,61.8123828125,0.01932056061923504,0.02971659228205681,0.10974477976560593
1781099298397457700,61.83745776367188,0.030157484114170074,0.025546016171574593,0.1764945238828659
1781099298422533600,61.86253369140625,-0.05565696582198143,-0.029942909255623817,0.13491886854171753
1781099298447609600,61.887609619140626,0.003318648785352707,0.14316076040267944,-0.009557666257023811
1781099298472684500,61.9126845703125,0.1065940409898758,0.22992151975631714,-0.06075793877243996
1781099298497760500,61.93776049804688,0.03155548870563507,-0.02343662455677986,0.02741435170173645
1781099298522835500,61.96283544921875,-0.0018606052035465837,0.07071858644485474,0.04415968060493469
1781099298547911700,61.98791162109375,0.07960590720176697,0.10005731135606766,-0.0342431478202343
1781099298572986600,62.012986572265625,0.026595240458846092,0.058176666498184204,0.024923373013734818
1781099298598062600,62.0380625,-0.041160453110933304,0.029729265719652176,0.009447649121284485
1781099298623138600,62.063138671875,-0.04270680621266365,0.14813166856765747,-0.0036168675869703293
1781099298648213500,62.088213623046876,0.009545119479298592,0.16075173020362854,-0.029753748327493668
1781099298673289500,62.11328955078125,0.04036542400717735,0.04474085196852684,0.013779661618173122
1781099298698364400,62.13836450195313,0.08651141822338104,0.023786282166838646,0.036662980914115906
1781099298723440600,62.16344067382813,0.11868151277303696,0.10352589935064316,0.029320236295461655
1781099298748516600,62.1885166015625,0.12387785315513611,-0.032017409801483154,-0.03332075849175453
1781099298773591600,62.21359155273438,0.0988532155752182,-0.051363974809646606,-0.07210273295640945
1781099298798667800,62.23866772460938,0.07890500873327255,-0.0064054690301418304,-0.054331306368112564
1781099298823742700,62.26374267578125,0.04407970607280731,0.008559641428291798,0.05886987969279289
1781099298848818400,62.288818359375,0.1123812273144722,0.15412753820419312,-0.016935737803578377
1781099298873894700,62.31389477539062,0.10710421949625015,0.04614356532692909,-0.15060345828533173
1781099298898969600,62.338969482421874,0.001250307192094624,-0.03346919268369675,-0.1030169427394867
1781099298924045600,62.36404565429687,0.05816613510251045,0.10514678806066513,0.027622923254966736
1781099298949120500,62.38912060546875,0.10666291415691376,0.15014520287513733,0.05021301656961441
1781099298974196700,62.41419677734375,0.029894139617681503,0.02464836835861206,-0.055546946823596954
1781099298999272700,62.439272705078125,0.03432570397853851,-0.05374862998723984,-0.15290434658527374
1781099299024347600,62.46434765625,0.002010586904361844,-0.08530379086732864,-0.0680866613984108
1781099299049423400,62.48942333984375,-0.053397178649902344,0.04901823773980141,0.11458095908164978
1781099299074498300,62.51449829101563,0.009733282960951328,0.1720452606678009,0.09106416255235672
1781099299099574500,62.53957446289063,0.0458759181201458,0.02644195966422558,0.003015379421412945
1781099299124650500,62.564650390625,-0.020898422226309776,-0.030785497277975082,-0.044846344739198685
1781099299149725400,62.58972534179688,-0.014827915467321873,0.011786217801272869,0.009263359010219574
1781099299174801400,62.61480151367188,0.02296452224254608,-0.10046788305044174,0.04206052049994469
1781099299199876600,62.639876708984374,0.014756559394299984,0.10212020576000214,-0.057970546185970306
1781099299224952600,62.66495263671875,0.03485523909330368,0.09098859876394272,-0.06460656225681305
1781099299250028300,62.6900283203125,0.008065794594585896,0.04988361895084381,0.06761866807937622
1781099299275103500,62.715103515625,0.05482380464673042,0.2056184709072113,0.03603605926036835
1781099299300179500,62.740179443359374,0.14115746319293976,0.0968351662158966,-0.026478106155991554
1781099299325254400,62.76525439453125,0.06654307246208191,-0.08145774900913239,0.005764202680438757
1781099299350330400,62.790330322265625,0.08219416439533234,0.07199109345674515,-0.053364116698503494
1781099299375405600,62.81540551757813,0.15223905444145203,-0.1847020834684372,-0.12640932202339172
1781099299400481500,62.8404814453125,-0.008578366599977016,-0.05210739001631737,0.01824025623500347
1781099299425557200,62.86555712890625,0.022646674886345863,-0.03444444015622139,-0.012089693918824196
1781099299450632400,62.89063256835937,0.041178833693265915,0.07462955266237259,-0.10227493941783905
1781099299475708400,62.91570849609375,0.03602249547839165,0.15108585357666016,-0.11389799416065216
1781099299500783400,62.94078344726562,-0.08454431593418121,-0.13963009417057037,-0.10686715692281723
1781099299525859300,62.965859375,0.008252556435763836,0.007130699697881937,-0.06731779873371124
1781099299550935600,62.990935546875,0.15679524838924408,0.06504523754119873,-0.23572349548339844
1781099299576010500,63.016010498046874,0.06806749105453491,-0.01827838458120823,-0.141754150390625
1781099299601086500,63.04108642578125,0.05275094509124756,0.0035461760126054287,-0.00030661560595035553
1781099299626161700,63.06616162109375,0.04847395047545433,-0.05725875124335289,0.04279453307390213
1781099299651237400,63.0912373046875,0.10138632357120514,0.05032452568411827,0.03340388834476471
1781099299676313300,63.116313232421874,0.022078512236475945,-0.12679842114448547,-0.002471011597663164
1781099299701388300,63.14138818359375,-0.04009060934185982,-0.1742403656244278,0.047824665904045105
1781099299726464500,63.16646459960938,0.059178464114665985,-0.030278338119387627,0.011112981475889683
1781099299751539500,63.19153955078125,0.04219897836446762,-0.10896938294172287,0.13848534226417542
1781099299776615400,63.21661547851563,0.03272474929690361,-0.042777352035045624,0.17813660204410553
1781099299801691600,63.24169165039063,0.10314715653657913,0.0575428381562233,0.024266738444566727
1781099299826766600,63.2667666015625,0.05084991827607155,0.04611114040017128,-0.06989719718694687
1781099299851842300,63.29184228515625,0.010457747615873814,0.07127703726291656,0.03725503757596016
1781099299876917200,63.31691723632812,0.004244641400873661,-0.04869143292307854,0.11361724883317947
1781099299901993500,63.34199340820312,0.042127951979637146,0.19999435544013977,0.09453955292701721
1781099299927069400,63.3670693359375,0.013116071000695229,0.09360940754413605,-0.06352512538433075
1781099299952144400,63.392144287109375,-0.06052509322762489,0.10899478942155838,-0.018235910683870316
1781099299977220600,63.417220703125,-0.03548481687903404,0.03755032643675804,0.007062436081469059
1781099300002295600,63.44229565429688,-0.07351312786340714,0.15324793756008148,0.15545593202114105
1781099300027371000,63.46737109375,0.055313169956207275,0.29469144344329834,0.17224065959453583
1781099300052446700,63.49244677734375,0.04122932255268097,0.07100304961204529,0.05014536529779434
1781099300077522000,63.51752197265625,0.0524320974946022,0.15290692448616028,0.04296272248029709
1781099300102598000,63.542597900390625,0.10191196948289871,-0.02845069393515587,-0.07794804126024246
1781099300127672800,63.5676728515625,0.0636046901345253,-0.014867682009935379,0.11212674528360367
1781099300152749000,63.5927490234375,0.11961431801319122,0.13145118951797485,0.07599973678588867
1781099300177825000,63.617824951171876,0.1023290827870369,0.1936284303665161,0.09844786673784256
1781099300202900000,63.64289990234375,0.08635378628969193,0.2113484889268875,0.020423315465450287
1781099300227976000,63.66797583007813,0.059060435742139816,0.03460941091179848,-0.03118468075990677
1781099300253051100,63.69305102539062,0.09705668687820435,0.11715617030858994,-0.08748167753219604
1781099300278126800,63.718126953125,0.060850974172353745,0.05142354965209961,-0.07366473227739334
1781099300303202800,63.74320288085938,0.05217486619949341,0.22618995606899261,0.032858721911907196
1781099300328278000,63.768278076171875,0.09850792586803436,0.20200255513191223,0.011424176394939423
1781099300353354000,63.79335400390625,0.09024093300104141,0.19328303635120392,-0.04110134392976761
1781099300378429000,63.818428955078126,0.05793594568967819,-0.0016530025750398636,-0.08023704588413239
1781099300403505000,63.8435048828125,0.05442461743950844,0.0015923333121463656,-0.015271564014256
1781099300428581000,63.8685810546875,0.08645271509885788,0.06060999631881714,0.10874636471271515
1781099300453656000,63.89365600585938,0.06993274390697479,0.10042257606983185,0.15495102107524872
1781099300478731800,63.918731689453125,0.13039886951446533,0.12433783710002899,0.06043316423892975
1781099300503807000,63.94380688476563,0.11119160801172256,-0.1207611933350563,-0.15197202563285828
1781099300528883000,63.96888305664063,-0.0034428704530000687,0.018811939284205437,-0.01518203318119049
1781099300553959000,63.993958984375,0.05259095877408981,-0.06922855228185654,0.07180438190698624
1781099300579033900,64.01903393554687,0.16268444061279297,0.10974369943141937,0.0073817721568048
1781099300604110000,64.04411010742187,0.13911175727844238,0.08636686950922012,-0.05597485229372978
1781099300629185000,64.06918505859375,0.03447644039988518,0.019391892477869987,-0.016397623345255852
1781099300654261000,64.09426098632812,0.1393328607082367,0.0854518786072731,-0.05084181949496269
1781099300679337000,64.1193369140625,0.13852903246879578,0.04669451713562012,-0.03781505301594734
1781099300704412000,64.14441186523437,0.02146134153008461,0.02948628179728985,-0.06860855221748352
1781099300729488000,64.16948779296875,0.13607746362686157,0.1000937670469284,-0.10663928091526031
1781099300754562800,64.19456274414063,0.15574507415294647,0.10259081423282623,-0.05537613481283188
1781099300779639000,64.21963916015625,0.013296100310981274,-0.012352178804576397,-0.1495167315006256
1781099300804715000,64.24471508789063,0.07083182036876678,0.06475185602903366,-0.13868802785873413
1781099300829790000,64.2697900390625,0.09885239601135254,-0.1598408818244934,0.029558870941400528
1781099300854866000,64.29486596679688,0.04683181643486023,0.02634396404027939,0.20992890000343323
1781099300879940900,64.31994091796875,0.12630397081375122,-0.07233131676912308,0.12548190355300903
1781099300905016800,64.34501684570313,0.1336968094110489,0.060057926923036575,-0.0751328244805336
1781099300930093000,64.37009301757813,0.09567482769489288,0.016661683097481728,-0.2712951600551605
1781099300955168000,64.39516796875,0.044700752943754196,-0.01498563215136528,-0.10346736013889313
1781099300980244000,64.42024389648438,0.1251332312822342,0.025785930454730988,0.12642733752727509
1781099301005319400,64.4453193359375,0.1883191019296646,0.17593145370483398,0.1144057959318161
1781099301030395400,64.4703955078125,0.1817726045846939,0.18232031166553497,-0.13954387605190277
1781099301055471400,64.49547143554688,0.054719530045986176,-0.0952562689781189,-0.2506832182407379
1781099301080546300,64.52054638671875,0.05966247245669365,-0.18540312349796295,-0.022072279825806618
1781099301105622300,64.54562231445313,0.08903864771127701,-0.016672542318701744,0.11032082885503769
1781099301130697500,64.57069750976562,0.07101123780012131,0.027255840599536896,-0.05935975909233093
1781099301155773400,64.5957734375,0.0577421709895134,0.005310113076120615,-0.14747373759746552
1781099301180849400,64.62084936523438,0.1127849817276001,-0.018169572576880455,-0.127799853682518
1781099301205924400,64.64592431640625,0.1764078289270401,-0.14354488253593445,-0.018427608534693718
1781099301231000300,64.67100024414063,0.1395532339811325,-0.05122442543506622,-0.06327489018440247
1781099301256075300,64.6960751953125,0.1517198234796524,-0.008978508412837982,-0.2182280421257019
1781099301281151200,64.72115112304688,0.16149085760116577,-0.034856460988521576,-0.13997384905815125
1781099301306227500,64.7462275390625,0.15900298953056335,-0.132269024848938,-0.09073513001203537
1781099301331302400,64.77130249023438,0.11651887744665146,-0.09215200692415237,-0.13289512693881989
1781099301356378400,64.79637841796875,0.054213203489780426,-0.06814749538898468,-0.10588240623474121
1781099301381453300,64.82145336914063,0.07278605550527573,-0.02202717587351799,-0.04250346124172211
1781099301406529500,64.84652954101563,0.07978241890668869,-0.025447512045502663,-0.015661757439374924
1781099301431605200,64.87160522460937,0.09191656857728958,-0.06640513241291046,-0.09524126350879669
1781099301456680200,64.89668017578126,0.05981309339404106,-0.08432479202747345,-0.10654467344284058
1781099301481756400,64.92175634765626,0.03719167038798332,-0.08252555876970291,-0.14810648560523987
1781099301506831400,64.94683129882813,0.002257911954075098,-0.026996323838829994,-0.1855665147304535
1781099301531907300,64.9719072265625,-0.013969928957521915,0.0027176104485988617,-0.133426696062088
1781099301556983600,64.99698364257813,-0.0355466827750206,-0.10060466080904007,-0.042994432151317596
1781099301582058500,65.02205859375,-0.023155977949500084,0.011298748664557934,0.10663510113954544
1781099301607134500,65.04713452148438,0.04702595993876457,-0.048164356499910355,0.042226988822221756
1781099301632209400,65.07220947265625,-0.01963822729885578,-0.18545998632907867,-0.03260266035795212
1781099301657285400,65.09728540039063,-0.018170468509197235,-0.06187774986028671,-0.08482157438993454
1781099301682361300,65.122361328125,0.010958337225019932,-0.046447400003671646,-0.05566295608878136
1781099301707436300,65.14743627929687,-0.023736998438835144,0.13922186195850372,-0.09454824775457382
1781099301732512500,65.17251245117187,0.005761003587394953,0.2151837944984436,-0.09650537371635437
1781099301757587500,65.19758740234376,0.0023288652300834656,0.06403034180402756,-0.003322016913443804
1781099301782663400,65.22266333007812,-0.014055023901164532,0.175471231341362,0.024435197934508324
1781099301807739100,65.2477392578125,0.07523363083600998,0.17269611358642578,-0.06578390300273895
1781099301832814300,65.272814453125,0.0230657160282135,-0.07746073603630066,-0.04943135753273964
1781099301857890300,65.29789038085937,-0.048788610845804214,-0.05726953223347664,0.014589847065508366
1781099301882965200,65.32296533203125,-0.014678491279482841,0.061610203236341476,0.12412047386169434
1781099301908041500,65.34804150390624,0.036008600145578384,-0.022103343158960342,0.14515085518360138
1781099301933117400,65.37311743164062,0.001752579351887107,-0.0736142098903656,-0.020942840725183487
1781099301958192400,65.3981923828125,0.03588470444083214,0.038537558168172836,0.0005432844627648592
1781099301983268400,65.42326831054687,0.043998945504426956,-0.10586261004209518,0.10367750376462936
1781099302008343300,65.44834326171875,0.06802623718976974,0.18602244555950165,-0.009755301289260387
1781099302033419000,65.4734189453125,0.13356223702430725,0.10578260570764542,-0.051001425832509995
1781099302058495000,65.49849487304688,0.14224007725715637,0.16144074499607086,-0.053249988704919815
1781099302083570200,65.52357006835938,0.049798086285591125,0.23952195048332214,-0.07066406309604645
1781099302108646100,65.54864624023438,0.05932813137769699,0.191594660282135,-0.20023760199546814
1781099302133721000,65.57372119140625,0.03754676505923271,0.10671025514602661,-0.2136436104774475
1781099302158797000,65.59879711914063,0.03384888172149658,0.2789001762866974,-0.19839997589588165
1781099302183873300,65.62387329101563,-0.020128566771745682,0.3665589690208435,0.056834474205970764
1781099302208948200,65.6489482421875,-0.04777133837342262,0.09411502629518509,0.11094938963651657
1781099302234024000,65.67402392578126,-0.04295022040605545,-0.06427913904190063,0.17217066884040833
1781099302259099000,65.69909887695313,0.060890331864356995,-0.1650010645389557,0.02319015935063362
1781099302284175000,65.72417504882813,0.026292530819773674,-0.07777413725852966,-0.04027019068598747
1781099302309251000,65.7492509765625,0.05152706056833267,0.12330535054206848,-0.07382144033908844
1781099302334326000,65.77432592773438,0.07086489349603653,0.04133808612823486,-0.031673092395067215
1781099302359402200,65.79940234375,0.15373145043849945,0.13333961367607117,0.0772375762462616
1781099302384477200,65.82447729492188,0.18377932906150818,0.13007357716560364,-0.031697772443294525
1781099302409553200,65.84955322265625,0.14366799592971802,0.10310831665992737,-0.06915789842605591
1781099302434628000,65.87462817382813,0.1432493031024933,0.06173243373632431,-0.19670048356056213
1781099302459704000,65.8997041015625,0.11207345873117447,0.06384643912315369,-0.14970742166042328
1781099302484780000,65.92478002929687,0.05087156966328621,0.00797897856682539,-0.053283508867025375
1781099302509855000,65.94985498046876,0.06329033523797989,0.12587514519691467,-0.037662290036678314
1781099302534931200,65.97493115234376,0.08912089467048645,0.06911549717187881,-0.1558576077222824
1781099302560006100,66.00000610351563,0.015120758675038815,-0.004694541450589895,-0.10785698890686035
1781099302585082000,66.02508203125,0.0742654949426651,-0.02489645779132843,-0.02502959594130516
1781099302610158000,66.05015795898437,0.10596680641174316,-0.020406991243362427,-0.05329205095767975
1781099302635233300,66.0752333984375,0.09895998984575272,0.14932575821876526,-0.10623358190059662
1781099302660309000,66.10030908203125,0.06446374952793121,-0.10105756670236588,-0.1016891822218895
1781099302685384000,66.12538403320312,0.05840013548731804,-0.12120150774717331,-0.027655864134430885
1781099302710460200,66.15046020507812,0.09595619142055511,-0.0015946594066917896,-0.0584535151720047
1781099302735536000,66.1755361328125,0.002525170799344778,-0.09290332347154617,-0.00005375733599066734
1781099302760611000,66.20061108398437,0.04437795653939247,0.08222334831953049,0.000774372136220336
1781099302785687300,66.22568725585937,0.06750838458538055,-0.02753177471458912,-0.053356461226940155
1781099302810762200,66.25076220703124,0.01598604954779148,0.029216324910521507,-0.05340410768985748
1781099302835838000,66.275837890625,0.051884975284338,-0.00316514540463686,-0.1396668255329132
1781099302860914200,66.3009140625,0.04421551153063774,-0.024091044440865517,-0.07728502154350281
1781099302885989000,66.32598901367187,0.06919943541288376,0.060820452868938446,-0.038834575563669205
1781099302911065000,66.35106518554687,0.01469290442764759,-0.01266343891620636,-0.041202470660209656
1781099302936140000,66.37614013671875,0.06125809624791145,0.01386245433241129,-0.07448264211416245
1781099302961216300,66.40121630859375,0.030166735872626305,-0.16626137495040894,-0.12485870718955994
1781099302986292200,66.42629223632812,-0.003397546475753188,-0.013455444015562534,0.012074153870344162
1781099303011367700,66.45136767578126,0.0662652775645256,0.0074867368675768375,-0.037628576159477234
1781099303036443400,66.476443359375,0.061137814074754715,-0.02566993050277233,-0.031601935625076294
1781099303061518300,66.50151831054687,0.11318636685609818,0.003946551121771336,-0.06888166069984436
1781099303086594600,66.52659448242187,0.05159487947821617,-0.23706530034542084,-0.04273424297571182
1781099303111670500,66.55167041015625,0.10652853548526764,0.002483390038833022,-0.13737379014492035
1781099303136745500,66.57674536132812,0.09392604231834412,-0.0974196270108223,-0.15083171427249908
1781099303161821700,66.60182177734374,0.01711159199476242,0.07420148700475693,-0.011226477101445198
1781099303186896600,66.62689672851562,0.052441902458667755,0.07261916995048523,0.06858257949352264
1781099303211972400,66.65197241210937,0.08181865513324738,0.052194152027368546,-0.018973639234900475
1781099303237047600,66.67704760742187,0.06804065406322479,-0.035729892551898956,-0.13813428580760956
1781099303262123500,66.70212353515625,-0.016985123977065086,-0.1365693360567093,-0.13534337282180786
1781099303287199500,66.72719946289062,-0.0022060787305235863,-0.17786866426467896,-0.04956100881099701
1781099303312274400,66.7522744140625,0.025128617882728577,0.010007033124566078,-0.02630283497273922
1781099303337350700,66.7773505859375,0.0416090153157711,0.07108466327190399,-0.051354676485061646
1781099303362425600,66.80242553710937,-0.04689750447869301,0.10903219878673553,-0.03059994988143444
1781099303387501600,66.82750146484375,-0.01639646477997303,0.03816324099898338,-0.004253981169313192
1781099303412577300,66.85257739257813,-0.005627389997243881,0.016331182792782784,0.059241171926259995
1781099303437652500,66.87765258789062,0.12710317969322205,-0.015644600614905357,-0.09063839912414551
1781099303462728400,66.902728515625,0.034205324947834015,-0.10625194013118744,-0.08621846139431
1781099303487803400,66.92780346679687,0.02779584564268589,-0.11949185281991959,-0.09794469177722931
1781099303512879600,66.95287963867187,-0.000365668092854321,-0.11488880217075348,0.08614481985569
1781099303537954600,66.97795458984375,0.06802934408187866,0.09506365656852722,0.10376717895269394
1781099303563030500,67.00303051757813,0.03997613117098808,0.12639781832695007,0.07742000371217728
1781099303588106500,67.0281064453125,0.03328173607587814,-0.0012169437250122428,-0.09732462465763092
1781099303613181700,67.053181640625,-0.015117691829800606,-0.08461801707744598,-0.07545282691717148
1781099303638257400,67.07825732421875,0.07614807039499283,-0.05230078846216202,-0.027176611125469208
1781099303663332400,67.10333227539063,0.07511685788631439,0.10943098366260529,0.006840918678790331
1781099303688408600,67.12840869140625,0.012607518583536148,0.052754469215869904,-0.03509069234132767
1781099303713484500,67.15348461914063,0.013009138405323029,0.08731155097484589,-0.04033280909061432
1781099303738559500,67.1785595703125,0.030511265620589256,-0.065310038626194,-0.04293757304549217
1781099303763635500,67.20363549804688,-0.006273654755204916,0.08549725264310837,0.009717392735183239
1781099303788710700,67.22871069335937,-0.005856052972376347,-0.03554142639040947,-0.038471732288599014
1781099303813786600,67.25378662109375,0.07339309900999069,0.024491870775818825,-0.17039631307125092
1781099303838862300,67.2788623046875,-0.03911403939127922,-0.07004319131374359,0.070487380027771
1781099303863937500,67.3039375,0.09052744507789612,0.04363511502742767,0.04247875139117241
1781099303889013500,67.32901342773438,0.07732143998146057,0.08737704902887344,-0.045210789889097214
1781099303914088400,67.35408837890625,-0.002195828128606081,-0.05853243172168732,-0.12291120737791061
1781099303939164400,67.37916430664062,-0.0019140728982165456,-0.047278810292482376,0.03447595238685608
1781099303964240600,67.40424072265625,0.1442672163248062,-0.0003426455659791827,-0.027404071763157845
1781099303989315600,67.42931567382813,0.09601724147796631,0.09894701093435287,-0.1029631495475769
1781099304014391800,67.45439184570313,0.02409232407808304,-0.06836257874965668,-0.11986926198005676
1781099304039466800,67.479466796875,0.08071018010377884,-0.11847014725208282,-0.14579448103904724
1781099304064542700,67.50454272460938,0.023701980710029602,0.02239043638110161,0.020139537751674652
1781099304089617700,67.52961767578125,0.09829097986221313,0.12540404498577118,0.10825876891613007
1781099304114694000,67.55469384765625,0.05752187222242355,0.087897390127182,0.11848863214254379
1781099304139769900,67.57976977539063,0.003070045728236437,-0.12369751185178757,-0.113519586622715
1781099304164844800,67.6048447265625,0.007008654996752739,-0.13286510109901428,-0.12565982341766357
1781099304189921000,67.62992114257813,-0.0004541589878499508,-0.20901155471801758,0.08932425826787949
1781099304214996000,67.65499584960938,0.09500786662101746,-0.06568438559770584,0.026853684335947037
1781099304240071700,67.68007177734376,0.03534921631217003,0.08877727389335632,-0.09135430306196213
1781099304265148000,67.70514794921876,-0.05126119405031204,-0.12160864472389221,-0.08512797951698303
1781099304290222800,67.73022290039063,0.014007420279085636,-0.07734056562185287,0.052061669528484344
1781099304315298800,67.755298828125,0.04282223805785179,-0.012755455449223518,0.03594148904085159
1781099304340373800,67.78037377929688,0.051455460488796234,-0.020852521061897278,-0.16074272990226746
1781099304365450000,67.80544995117188,0.03538746386766434,-0.03174702823162079,-0.2083526998758316
1781099304390525000,67.83052490234375,-0.11225997656583786,-0.3131064176559448,-0.08207327872514725
1781099304415601000,67.85560083007813,-0.01629161834716797,0.054309405386447906,0.09921452403068542
1781099304440676900,67.8806767578125,0.07417595386505127,0.17838361859321594,-0.09342788904905319
1781099304465751800,67.90575170898437,-0.014067449606955051,-0.056190118193626404,-0.20146042108535767
1781099304490827800,67.93082788085937,-0.040796540677547455,-0.15432393550872803,-0.1886143982410431
1781099304515902700,67.95590283203126,-0.06205763295292854,-0.24071040749549866,0.08094166219234467
1781099304540979000,67.98097900390626,0.08017361909151077,0.042259495705366135,0.12626931071281433
1781099304566055000,68.00605493164062,0.1011282280087471,0.14923600852489471,-0.07323121279478073
1781099304591129900,68.0311298828125,-0.10997378081083298,-0.12662005424499512,0.00769440270960331
1781099304616205800,68.05620581054687,-0.10440448671579361,-0.20648354291915894,0.08810355514287949
1781099304641280800,68.08128076171874,0.068783700466156,0.006131239701062441,0.1816868931055069
1781099304666356700,68.10635668945312,0.0075680408626794815,0.060207560658454895,-0.031206432729959488
1781099304691431700,68.131431640625,-0.09802524000406265,0.04272250831127167,-0.06989017128944397
1781099304716508000,68.1565078125,0.012124953791499138,-0.1671062558889389,-0.10702454298734665
1781099304741584000,68.181583984375,0.008480790071189404,-0.1647522747516632,-0.03001457266509533
1781099304766658800,68.20665893554687,0.053949981927871704,0.07683588564395905,-0.023223286494612694
1781099304791735000,68.23173510742187,0.014205396175384521,0.1977710723876953,-0.04188578948378563
1781099304816810000,68.25681005859374,-0.006978349760174751,-0.0998547300696373,-0.02139076590538025
1781099304841885700,68.2818857421875,0.01563398726284504,-0.1730285882949829,-0.12757422029972076
1781099304866961700,68.30696166992188,0.05689360573887825,-0.17126870155334473,-0.1465339958667755
1781099304892036900,68.33203686523437,0.0007987267454154789,-0.10859168320894241,-0.13067612051963806
1781099304917112800,68.35711279296875,-0.022407563403248787,0.048901692032814026,-0.09705185890197754
1781099304942187800,68.38218774414062,0.06396850198507309,0.18605341017246246,0.10528592765331268
1781099304967264000,68.40726391601562,0.022643335163593292,-0.10306265950202942,-0.07341653108596802
1781099304992339000,68.4323388671875,-0.006013844627887011,-0.23187386989593506,-0.12753672897815704
1781099305017414700,68.45741455078125,0.031195925548672676,-0.19300445914268494,-0.18013273179531097
1781099305042490600,68.48249072265625,-0.027218159288167953,-0.16710995137691498,-0.009150944650173187
1781099305067565600,68.50756567382813,-0.06282984465360641,-0.1620675027370453,0.023496350273489952
1781099305092641500,68.5326416015625,-0.059283144772052765,0.061713140457868576,0.06031103804707527
1781099305117716500,68.55771655273438,-0.09718983620405197,0.12279372662305832,0.1013455018401146
1781099305142792700,68.58279272460938,-0.05783265829086304,-0.15244439244270325,0.04966513067483902
1781099305167868700,68.60786865234375,-0.05569571256637573,-0.20282478630542755,-0.023314230144023895
1781099305192943600,68.63294360351563,0.01537006814032793,-0.17140565812587738,-0.04578481614589691
1781099305218019800,68.65801977539063,-0.014590432867407799,-0.15791507065296173,-0.011497361585497856
1781099305243094800,68.6830947265625,-0.028338059782981873,-0.11066914349794388,0.03741254284977913
1781099305268170500,68.70817041015626,-0.024326151236891747,0.07862449437379837,0.016785409301519394
1781099305293245400,68.73324536132813,0.005386409815400839,0.11431264877319336,-0.010508052073419094
1781099305318321700,68.75832177734375,-0.1337658315896988,-0.09115535020828247,-0.003037536982446909
1781099305343397600,68.78339770507813,-0.02194840833544731,-0.06793204694986343,0.006332550197839737
1781099305368472600,68.80847265625,0.01994130201637745,-0.0677967518568039,-0.15040533244609833
1781099305393548800,68.833548828125,-0.10558396577835083,0.10169756412506104,-0.05674442648887634
1781099305418623700,68.85862377929688,-0.012667824514210224,0.004120605066418648,0.13444505631923676
1781099305443699700,68.88369970703125,0.033302515745162964,0.053578462451696396,0.08629951626062393
1781099305468774700,68.90877465820313,-0.05586034432053566,0.14599984884262085,-0.013000686652958393
1781099305493850600,68.9338505859375,-0.0673079714179039,-0.10370296984910965,-0.06085079535841942
1781099305518926600,68.95892651367187,-0.04632893577218056,-0.31925535202026367,0.13158899545669556
1781099305544001500,68.98400146484374,-0.03277258202433586,-0.05407768860459328,0.089814692735672
1781099305569077800,69.00907788085938,-0.022342368960380554,0.1510552167892456,0.10493125766515732
1781099305594152700,69.03415258789063,-0.02325834520161152,0.10781446099281311,0.045396968722343445
1781099305619228700,69.05922875976563,-0.05860314518213272,-0.08118969947099686,0.080877885222435
1781099305644304600,69.0843046875,-0.037807025015354156,-0.12254329025745392,0.026279127225279808
1781099305669379600,69.10937963867187,-0.04871087148785591,-0.028917646035552025,0.027699537575244904
1781099305694455600,69.13445556640625,-0.03606430068612099,0.16909261047840118,-0.019855691120028496
1781099305719530500,69.15953051757812,-0.0730719119310379,0.15221501886844635,0.026534387841820717
1781099305744606700,69.18460668945312,-0.12592288851737976,0.10501156002283096,0.11653325706720352
1781099305769681700,69.209681640625,-0.051294803619384766,0.06888087093830109,0.11568547785282135
1781099305794757600,69.23475756835937,-0.03714615851640701,0.08888054639101028,-0.027805855497717857
1781099305819833600,69.25983349609375,-0.04256454110145569,0.12749749422073364,0.007200160995125771
1781099305844908800,69.28490869140624,-0.026916053146123886,0.027933591976761818,0.07199916988611221
1781099305869984500,69.30998461914062,-0.052245233207941055,0.055397555232048035,0.1452445089817047
1781099305895059700,69.33505981445313,0.01638948917388916,0.17241577804088593,0.10703293979167938
1781099305920135700,69.3601357421875,0.051715604960918427,0.22228564321994781,0.09926459938287735
1781099305945210600,69.38521069335937,-0.019550539553165436,0.1451721340417862,0.0867040678858757
1781099305970286600,69.41028662109375,0.030905846506357193,0.05056818202137947,0.05762305110692978
1781099305995362600,69.43536254882812,0.08070316910743713,-0.0031738278921693563,-0.030364619567990303
1781099306020437200,69.46043725585938,0.04619354009628296,0.1928103119134903,0.032802753150463104
1781099306045513200,69.48551318359375,0.06318063288927078,0.3397582769393921,0.12232309579849243
1781099306070588200,69.51058813476563,0.09384405612945557,0.35751089453697205,0.17317701876163483
1781099306095664400,69.53566430664063,0.15522418916225433,0.2400578260421753,-0.017757346853613853
1781099306120740000,69.56073999023438,0.05064607784152031,0.13491691648960114,-0.004812267143279314
1781099306145815000,69.58581494140626,0.06243912875652313,0.09707218408584595,0.18141701817512512
1781099306170891300,69.61089135742188,0.15437765419483185,0.08688756823539734,0.07918259501457214
1781099306195966200,69.63596630859375,0.11356010288000107,0.3399095833301544,0.040785323828458786
1781099306221042200,69.66104223632813,0.02001982554793358,0.43307769298553467,0.20152738690376282
1781099306246117000,69.6861171875,0.10938139259815216,0.2239210158586502,0.30007898807525635
1781099306271193300,69.711193359375,0.04409465938806534,0.1926354020833969,0.027008963748812675
1781099306296269000,69.73626904296874,-0.010926281102001667,0.061051782220602036,-0.06373242288827896
1781099306321344300,69.76134423828125,0.04860299453139305,-0.024136262014508247,-0.09455857425928116
1781099306346420200,69.78642016601563,0.05423763394355774,0.11425305902957916,0.12363622337579727
1781099306371495200,69.8114951171875,0.1305663287639618,0.36761194467544556,0.07546372711658478
1781099306396571100,69.83657104492187,0.10697322338819504,0.24360938370227814,0.07058094441890717
1781099306421646000,69.86164599609376,0.08088284730911255,0.023107873275876045,0.00943114422261715
1781099306446722300,69.88672241210938,0.14546698331832886,-0.19197015464305878,-0.2417466938495636
1781099306471798300,69.91179833984376,0.11631523817777634,-0.28215911984443665,-0.290773868560791
1781099306496873200,69.93687329101563,0.10220988094806671,-0.18730993568897247,-0.0630149096250534
1781099306521949200,69.96194921875,0.2469332069158554,0.043013181537389755,0.022240590304136276
1781099306547024100,69.98702416992188,0.21928197145462036,0.15235750377178192,-0.20540156960487366
1781099306572100000,70.01210009765624,0.11374625563621521,-0.03959006071090698,-0.35838231444358826
1781099306597176300,70.03717626953124,0.11617416143417358,-0.42028599977493286,-0.453262597322464
1781099306622251300,70.06225122070313,0.07531943917274475,-0.4892958402633667,-0.36238959431648254
1781099306647327200,70.0873271484375,0.07256384193897247,-0.30668553709983826,-0.3410137891769409
1781099306672402200,70.11240209960937,0.10048158466815948,-0.2408621907234192,-0.25676435232162476
1781099306697478400,70.137478515625,0.008423448540270329,-0.3052023947238922,-0.21988767385482788
1781099306722553300,70.16255322265626,-0.03797019273042679,-0.34330543875694275,-0.2923283278942108
1781099306747629000,70.18762915039062,-0.042242635041475296,-0.5433297753334045,-0.4560983180999756
1781099306772705300,70.21270532226562,-0.34003669023513794,-0.5950437784194946,-0.3604219853878021
1781099306797780200,70.2377802734375,-0.04175963252782822,-0.575149655342102,-0.5459936261177063
1781099306822856200,70.26285620117187,-0.07411764562129974,-0.1276300996541977,-0.23223689198493958
1781099306847931100,70.28793115234375,-0.08371875435113907,-0.14796112477779388,0.25905492901802063
1781099306873007400,70.31300732421874,0.2859898507595062,0.07120554894208908,0.7708303928375244
1781099306898082300,70.33808227539062,-0.7446253895759583,-1.1833415031433105,-0.5886420607566833
1781099306923158300,70.363158203125,-1.0830342769622803,-0.7522562146186829,-0.04705413803458214
1781099306948234200,70.38823413085937,0.5320713520050049,-1.921053171157837,0.40377363562583923
1781099306973309200,70.41330908203125,0.8424165844917297,-0.30535048246383667,0.4221091568470001
1781099306998385200,70.43838525390625,-0.343313068151474,2.50789475440979,-0.5905547142028809
1781099307023460000,70.46346020507812,0.0256702471524477,-0.4417657256126404,-1.3838927745819092
1781099307048536300,70.48853637695312,-0.4622185230255127,-1.2672080993652344,0.2565207779407501
1781099307073611300,70.513611328125,-0.34159645438194275,-0.9616658687591553,1.0843794345855713
1781099307098687200,70.53868725585937,-0.4236973822116852,1.6292929649353027,0.5174063444137573
1781099307123763200,70.56376318359375,0.17909035086631775,1.34005606174469,-0.01573711261153221
1781099307148838400,70.58883837890625,0.07209323346614838,-0.10255105793476105,-0.14032278954982758
1781099307173914000,70.6139140625,0.021498946473002434,-1.1903914213180542,-0.1878344863653183
1781099307198989000,70.63898901367187,-0.30660104751586914,-0.663100004196167,0.14722512662410736
1781099307224065300,70.66406518554687,-0.34690144658088684,0.36512240767478943,0.41046035289764404
1781099307249140200,70.68914013671875,-0.23314273357391357,0.7631414532661438,0.21876174211502075
1781099307274216200,70.71421630859375,-0.10140299052000046,0.10037866234779358,-0.05635414272546768
1781099307299292400,70.73929248046875,-0.06993162631988525,-0.5748655796051025,-0.21888083219528198
1781099307324367400,70.76436743164062,-0.03578956425189972,-0.4285851716995239,-0.044600509107112885
1781099307349443000,70.78944311523438,-0.030873091891407967,0.1412547528743744,-0.06190495938062668
1781099307374518300,70.81451831054687,-0.18115279078483582,0.20577538013458252,-0.11882432550191879
1781099307399594200,70.83959423828125,-0.1495068073272705,-0.11581273376941681,0.039926864206790924
1781099307424669200,70.86466918945312,-0.06059565767645836,-0.16655965149402618,0.06032153218984604
1781099307449745200,70.8897451171875,-0.09364655613899231,0.0817321166396141,-0.026915621012449265
1781099307474821400,70.9148212890625,-0.07297362387180328,0.013956715352833271,-0.086416095495224
1781099307499896300,70.93989624023438,-0.12894891202449799,-0.17853093147277832,0.014065340161323547
1781099307524972300,70.96497216796875,-0.08213675767183304,-0.263886421918869,0.09225700050592422
1781099307550047200,70.99004711914063,-0.08707479387521744,-0.16698437929153442,-0.0010122302919626236
1781099307575123200,71.01512329101563,-0.11062721908092499,-0.22429808974266052,0.003702098736539483
1781099307600199200,71.04019921875,-0.06025249883532524,-0.2919882833957672,-0.032956063747406006
1781099307625274000,71.06527416992188,-0.075505830347538,-0.2175292819738388,0.0428382009267807
1781099307650350300,71.09035034179688,-0.07686266303062439,-0.08915585279464722,0.07586865872144699
1781099307675425300,71.11542529296875,-0.10039275884628296,-0.032716620713472366,0.032187238335609436
1781099307700501200,71.14050122070313,-0.13739125430583954,-0.0757349357008934,-0.000010643620043992996
1781099307725576200,71.165576171875,-0.09378591924905777,-0.10738745331764221,-0.05455401539802551
1781099307750652400,71.19065234375,-0.17215996980667114,-0.009717801585793495,-0.06233751401305199
1781099307775728000,71.21572802734374,-0.15779298543930054,0.0698537603020668,0.002770144958049059
1781099307800803000,71.24080297851563,-0.14108121395111084,0.11143963783979416,-0.018093928694725037
1781099307825879300,71.26587939453125,-0.15814724564552307,0.1441638022661209,-0.011474881321191788
1781099307850954200,71.29095434570313,-0.13194012641906738,0.02401844970881939,0.19604559242725372
1781099307876030200,71.3160302734375,-0.052000124007463455,-0.02770327404141426,0.12281756848096848
1781099307901105200,71.34110522460938,-0.1392667144536972,-0.09842825680971146,0.11718355119228363
1781099307926181400,71.36618139648438,-0.18894946575164795,-0.009903572499752045,0.256456583738327
1781099307951257300,71.39125732421876,0.05560353770852089,-0.18365588784217834,0.12387721240520477
1781099307976332300,71.41633227539063,-0.1981292963027954,-0.1845460832118988,-0.17794327437877655
1781099308001408300,71.441408203125,-0.18703778088092804,-0.02635730803012848,-0.11229394376277924
1781099308026483500,71.4664833984375,0.10063616186380386,-0.16820520162582397,-0.06242668628692627
1781099308051559400,71.49155932617188,-0.20933972299098969,0.4095345139503479,-0.22172221541404724
1781099308076634400,71.51663427734375,-0.10853667557239532,0.1668059080839157,-0.3084193468093872
1781099308101710600,71.54171069335938,-0.21010741591453552,-0.4313296377658844,-0.003880904521793127
1781099308126785500,71.56678564453125,-0.18847888708114624,-0.1729159951210022,0.18127664923667908
1781099308151861500,71.59186157226563,-0.04740682616829872,-0.10122823715209961,0.21376147866249084
1781099308176937500,71.6169375,-0.1678827404975891,-0.11341221630573273,0.1177075207233429
1781099308202012400,71.64201245117188,-0.1295580118894577,-0.214426651597023,-0.2620605528354645
1781099308227088400,71.66708837890624,-0.06146305799484253,-0.3292950689792633,-0.24235650897026062
1781099308252163300,71.69216333007813,0.022527357563376427,0.0235407967120409,0.04773431271314621
1781099308277239600,71.71723950195313,0.1550544798374176,0.3519424796104431,0.08065944164991379
1781099308302314500,71.742314453125,-0.004372700117528439,0.2950308322906494,0.06298358738422394
1781099308327390500,71.76739038085938,0.05646183714270592,-0.23321449756622314,0.3144702911376953
1781099308352466700,71.792466796875,0.17817625403404236,-0.33892425894737244,0.421636164188385
1781099308377541600,71.81754174804688,-0.08985678851604462,-0.10142774134874344,0.3030972480773926
1781099308402617300,71.84261743164062,-0.0055624693632125854,-0.05607518181204796,0.3885881304740906
1781099308427692300,71.8676923828125,0.08400741219520569,-0.13524995744228363,0.346768319606781
1781099308452768500,71.8927685546875,-0.128862664103508,0.28192639350891113,0.25191009044647217
1781099308477844500,71.91784448242187,-0.17351067066192627,0.12555114924907684,-0.05705747380852699
1781099308502919400,71.94291943359374,-0.16323253512382507,-0.4301833212375641,-0.06329064816236496
1781099308527995600,71.96799560546874,-0.13689777255058289,-0.12933363020420074,0.0035720921587198973
1781099308553070600,71.99307055664063,-0.1839664876461029,0.009125703945755959,-0.17008225619792938
1781099308578146600,72.018146484375,-0.16947542130947113,0.25155094265937805,-0.03841478377580643
1781099308603221500,72.04322143554687,-0.2116594761610031,0.14914743602275848,-0.08287131786346436
1781099308628297500,72.06829736328125,-0.23063988983631134,0.18339262902736664,-0.22030457854270935
1781099308653373400,72.09337353515625,-0.1642952263355255,0.03596534952521324,-0.044258181005716324
1781099308678448400,72.11844848632812,-0.07431384176015854,0.07843268662691116,0.25798752903938293
1781099308703524600,72.14352465820312,-0.10956725478172302,0.24692292511463165,0.28875863552093506
1781099308728599600,72.168599609375,-0.2562628388404846,0.04739348962903023,0.04597802832722664
1781099308753675500,72.19367553710937,-0.2507680356502533,-0.09829012304544449,0.24374109506607056
1781099308778750500,72.21875048828124,-0.14007338881492615,-0.024966171011328697,0.3400646150112152
1781099308803826700,72.24382666015624,-0.20294807851314545,0.21857485175132751,0.13501597940921783
1781099308828901600,72.26890161132812,-0.1303098499774933,0.16732214391231537,0.06837882846593857
1781099308853977300,72.29397729492187,-0.05216902494430542,-0.12176646292209625,0.15940694510936737
1781099308879053600,72.31905346679687,-0.10431339591741562,0.05533009395003319,0.2663875222206116
1781099308904128500,72.34412841796875,-0.056743793189525604,0.2102712243795395,0.1669032871723175
1781099308929204500,72.36920458984375,-0.014440025202929974,0.16372892260551453,0.07412401586771011
1781099308954279400,72.39427954101562,-0.049416542053222656,0.10288716852664948,-0.08434858173131943
1781099308979355600,72.41935571289062,-0.03181833773851395,-0.14419975876808167,0.08198128640651703
1781099309004430600,72.4444306640625,-0.06158248707652092,-0.15381751954555511,0.18843866884708405
1781099309029507600,72.46950756835938,-0.03781729191541672,0.2505556046962738,0.061565592885017395
1781099309054583600,72.49458349609375,0.004568449221551418,0.0695219486951828,-0.019562305882573128
1781099309079658500,72.51965844726563,-0.035736776888370514,-0.16155844926834106,-0.05900069698691368
1781099309104734700,72.54473461914063,-0.032187748700380325,-0.003467703238129616,0.005814054049551487
1781099309129809700,72.5698095703125,0.030209332704544067,-0.039582204073667526,-0.03920101746916771
1781099309154885600,72.5948857421875,-0.05752130597829819,0.08598046004772186,-0.09109914302825928
1781099309179960600,72.61996069335937,-0.058962784707546234,-0.10845734924077988,-0.04054880514740944
1781099309205036500,72.64503662109375,-0.036876045167446136,-0.056773148477077484,0.11754932999610901
1781099309230112500,72.67011254882813,-0.06683912128210068,0.026120590046048164,-0.051202528178691864
1781099309255187500,72.6951875,-0.11635453253984451,-0.004323872271925211,0.011108179576694965
1781099309280263700,72.720263671875,-0.07622525095939636,-0.14759944379329681,0.1467893123626709
1781099309305338600,72.74533862304688,-0.07141315937042236,-0.07011014223098755,0.18558891117572784
1781099309330414600,72.77041455078125,-0.08599985390901566,-0.02274932526051998,0.10835456103086472
1781099309355489500,72.79548950195313,-0.05805681273341179,-0.02885344624519348,0.0410592220723629
1781099309380565800,72.82056567382813,-0.12380173802375793,-0.0970853716135025,0.028232673183083534
1781099309405641500,72.84564135742187,-0.0867265984416008,-0.017324892804026604,0.12810830771923065
1781099309430716400,72.87071630859376,0.008228257298469543,0.07708311080932617,0.155949667096138
1781099309455792600,72.89579272460938,-0.026210859417915344,0.08321740478277206,0.004180224146693945
1781099309480867600,72.92086767578125,-0.0690883994102478,-0.08241391181945801,-0.02946496568620205
1781099309505943600,72.94594360351563,-0.062197547405958176,-0.026471253484487534,0.07834926247596741
1781099309531018500,72.9710185546875,-0.10462594777345657,0.09383980184793472,0.08207936584949493
1781099309556094700,72.9960947265625,-0.08341977000236511,0.2263471782207489,0.09994640201330185
1781099309581169700,73.02116967773438,-0.05449177697300911,0.1090303361415863,0.06753353774547577
1781099309606245600,73.04624560546876,-0.13114915788173676,0.006734142545610666,-0.03985324129462242
1781099309631321600,73.07132153320312,-0.12300347536802292,-0.03990582376718521,0.03996427357196808
1781099309656396500,73.096396484375,-0.036703240126371384,0.03372838348150253,0.1737174391746521
1781099309681472500,73.12147241210937,-0.07457240670919418,0.10982127487659454,-0.009481432847678661
1781099309706547500,73.14654736328124,-0.10566262155771255,0.013898213393986225,-0.20396828651428223
1781099309731623700,73.17162377929688,-0.11649058759212494,-0.11909735202789307,0.016278747469186783
1781099309756698600,73.19669873046875,-0.03507054224610329,0.14103086292743683,0.18415993452072144
1781099309781774600,73.22177465820313,-0.011974545195698738,0.21829894185066223,0.02044425904750824
1781099309806850600,73.2468505859375,-0.06595036387443542,-0.00846154522150755,-0.10073486715555191
1781099309831925500,73.27192553710937,-0.0899941548705101,-0.1692902147769928,0.049808088690042496
1781099309857001500,73.29700146484375,-0.0573580339550972,0.13899768888950348,0.22992049157619476
1781099309882076400,73.32207641601562,-0.020085493102669716,0.23225480318069458,0.17501139640808105
1781099309907152600,73.34715258789062,-0.07291048020124435,0.025317050516605377,0.11495012044906616
1781099309932227600,73.3722275390625,-0.05827789008617401,-0.0772639662027359,0.027833685278892517
1781099309957303600,73.39730346679687,-0.0852775126695633,0.0291717741638422,0.020345691591501236
1781099309982379800,73.4223798828125,-0.048498496413230896,0.12415410578250885,0.0437263660132885
1781099310007454700,73.44745483398438,-0.04114959388971329,0.031190231442451477,0.06685717403888702
1781099310032529700,73.47252978515625,-0.03602273017168045,0.16811706125736237,0.08653070777654648
1781099310057604600,73.4976044921875,-0.03973535820841789,0.047342486679553986,0.018273722380399704
1781099310082680600,73.5226806640625,-0.0428568497300148,-0.034195784479379654,0.09465211629867554
1781099310107755800,73.547755859375,-0.01577140763401985,-0.084051713347435,0.04587235301733017
1781099310132831500,73.57283154296876,-0.053094785660505295,-0.06447245925664902,-0.102805495262146
1781099310157906400,73.59790649414063,-0.12069166451692581,-0.01367578562349081,-0.04508655145764351
1781099310182982700,73.62298266601563,-0.025451023131608963,0.15008743107318878,0.13668686151504517
1781099310208058600,73.64805859375,-0.022337164729833603,0.21579092741012573,0.09340738505125046
1781099310233133600,73.67313354492188,-0.062118224799633026,0.11867811530828476,-0.18842865526676178
1781099310258209800,73.69820971679688,-0.03898751363158226,-0.12356343865394592,-0.18375498056411743
1781099310283284700,73.72328466796876,-0.06115785613656044,-0.028814371675252914,0.10735483467578888
1781099310308360700,73.74836059570312,-0.048313818871974945,0.18126708269119263,0.19921328127384186
1781099310333435600,73.773435546875,-0.02693292126059532,0.16854172945022583,0.12413685768842697
1781099310358511600,73.79851171875,-0.02309311367571354,-0.09045567363500595,0.050154294818639755
1781099310383587600,73.82358764648437,-0.07548607885837555,-0.1663634330034256,-0.01420101523399353
1781099310408662500,73.84866259765624,-0.081397645175457,-0.06943560391664505,-0.017317350953817368
1781099310433738800,73.87373876953124,-0.026062428951263428,0.03615459427237511,0.11283010989427567
1781099310458813700,73.89881372070313,0.05469245836138725,0.1314539909362793,0.23496435582637787
1781099310483889700,73.9238896484375,0.017351211979985237,0.06372925639152527,0.019628066569566727
1781099310508964600,73.94896459960937,-0.06443147361278534,0.02242351323366165,-0.15028902888298035
1781099310534040600,73.97404052734375,-0.0941772535443306,-0.18292097747325897,-0.025531001389026642
1781099310559115800,73.99911572265626,-0.0866694301366806,0.10076774656772614,0.27925994992256165
1781099310584191500,74.02419140625,0.015171916224062443,0.20035311579704285,0.16117718815803528
1781099310609267700,74.04926782226562,-0.03730123117566109,0.13200223445892334,0.029820658266544342
1781099310634342700,74.0743427734375,-0.06980282813310623,-0.12499633431434631,-0.09383562952280045
1781099310659418600,74.09941870117187,-0.10587210953235626,-0.125835120677948,0.02567427232861519
1781099310684493600,74.12449365234374,-0.10352164506912231,0.10796387493610382,0.19625693559646606
1781099310709569800,74.14956982421874,0.009103815071284771,0.18275298178195953,0.21304108202457428
1781099310734644700,74.17464477539062,0.07208222150802612,0.08384925127029419,0.048870235681533813
1781099310759720400,74.19972045898437,0.009167056530714035,-0.12764675915241241,-0.25264236330986023
1781099310784796700,74.22479663085937,-0.05665161460638046,-0.13838066160678864,-0.03950073942542076
1781099310809871600,74.24987158203125,0.023478731513023376,0.04040065035223961,0.2457454651594162
1781099310834947600,74.27494750976562,0.03231792151927948,0.3272619843482971,0.17423918843269348
1781099310860022500,74.3000224609375,-0.02641526237130165,0.09866243600845337,-0.0641992911696434
1781099310885098800,74.3250986328125,-0.06958261877298355,-0.10134563595056534,-0.13682706654071808
1781099310910173700,74.35017358398437,-0.0552363246679306,-0.09827747941017151,0.07536657899618149
1781099310935249700,74.37524975585937,-0.03991098701953888,0.19133424758911133,0.10965122282505035
1781099310960325600,74.40032568359375,0.002354981377720833,0.10227323323488235,-0.017443640157580376
1781099310985400600,74.42540063476562,0.029873879626393318,0.04725634306669235,-0.014442368410527706
1781099311010476500,74.4504765625,0.015681440010666847,-0.06042593717575073,0.0045833648182451725
1781099311035551200,74.47555126953125,0.016477307304739952,-0.04613860324025154,0.14540082216262817
1781099311060627200,74.50062719726563,0.034620240330696106,-0.05173204839229584,0.04064762592315674
1781099311085702100,74.5257021484375,-0.026636365801095963,-0.04173975810408592,-0.11750650405883789
1781099311110778000,74.55077807617188,-0.03815341740846634,-0.1442059427499771,-0.15783868730068207
1781099311135853300,74.57585327148438,-0.0467267781496048,0.03140954673290253,0.06318703293800354
1781099311160929300,74.60092919921875,0.0909687951207161,0.18000085651874542,0.14879198372364044
1781099311186005000,74.6260048828125,-0.002450541825965047,0.21796086430549622,0.011632359586656094
1781099311211080200,74.651080078125,0.012314798310399055,-0.03449265658855438,-0.14209839701652527
1781099311236156200,74.67615625,-0.03614065796136856,-0.24214376509189606,-0.0067107356153428555
1781099311261231000,74.70123120117188,-0.007152970414608717,-0.01180046796798706,0.10349321365356445
1781099311286307000,74.72630712890626,-0.0623890720307827,0.038562092930078506,0.06314823031425476
1781099311311382300,74.75138232421875,-0.07932141423225403,0.04003313556313515,0.08302100002765656
1781099311336458200,74.77645825195313,-0.07962406426668167,0.1008969396352768,0.0972573310136795
1781099311361534200,74.8015341796875,-0.0477009117603302,0.009632211178541183,0.12689395248889923
1781099311386609400,74.826609375,0.038731422275304794,0.03986471891403198,0.1021219789981842
1781099311411685000,74.85168505859374,0.021954970434308052,0.006987749133259058,-0.07938488572835922
1781099311436760000,74.87676000976562,0.038034453988075256,-0.03353909030556679,-0.1767515242099762
1781099311461836000,74.9018359375,-0.04056668281555176,0.005373543594032526,-0.03215470537543297
1781099311486911200,74.9269111328125,0.024202872067689896,0.1923302412033081,0.15570056438446045
1781099311511987200,74.9519873046875,-0.014167028479278088,0.22490650415420532,0.19307388365268707
1781099311537063200,74.97706323242187,-0.03475486859679222,0.1864626407623291,0.03392711281776428
1781099311562138400,75.00213842773438,-0.05390843003988266,-0.13844062387943268,-0.11336368322372437
1781099311587214300,75.02721435546874,-0.07631301134824753,-0.09239848703145981,-0.022340770810842514
1781099311612289300,75.05228930664063,-0.015040210448205471,0.10733234137296677,0.1343243271112442
1781099311637365000,75.07736499023437,0.05809818208217621,0.26705941557884216,0.19737759232521057
1781099311662440200,75.10244018554687,0.06205200403928757,0.06453918665647507,0.01843162439763546
1781099311687516200,75.12751611328125,0.006123943720012903,-0.03315063565969467,-0.07238271832466125
1781099311712592100,75.15259204101562,0.05795915424823761,-0.06617879122495651,0.012059671804308891
1781099311737667300,75.17766723632812,0.031852684915065765,0.057140905410051346,-0.004795755725353956
1781099311762743300,75.20274340820312,0.012933511286973953,0.07587414234876633,-0.14644673466682434
1781099311787818200,75.227818359375,-0.05319532752037048,0.10938238352537155,-0.10740040987730026
1781099311812894200,75.25289428710937,0.011753869242966175,0.20830412209033966,0.050704579800367355
1781099311837969400,75.27796948242188,0.011632246896624565,0.1416153460741043,0.06907890737056732
1781099311863045000,75.30304516601562,-0.02755589969456196,0.09953028708696365,-0.061767276376485825
1781099311888120000,75.3281201171875,-0.00232602097094059,-0.04003347456455231,-0.152521014213562
1781099311913196300,75.3531962890625,-0.013633154332637787,-0.023017393425107002,-0.00929635763168335
1781099311938272300,75.37827221679687,0.022766107693314552,0.05132025107741356,0.07453405112028122
1781099311963347200,75.40334716796875,-0.02893635630607605,0.02496626041829586,-0.0002979570999741554
1781099311988423200,75.42842309570312,-0.047036074101924896,0.04555331915616989,0.022568635642528534
1781099312013498400,75.45349829101562,-0.05509573966264725,-0.007955004461109638,-0.05164814740419388
1781099312038574300,75.47857421875,-0.0205296091735363,0.04623079672455788,-0.07190349698066711
1781099312063650300,75.503650390625,0.01552663091570139,-0.029506878927350044,-0.004718368873000145
1781099312088725200,75.52872534179687,0.024168232455849648,0.13251705467700958,-0.0395994707942009
1781099312113801200,75.55380126953125,0.094382144510746,0.09634754061698914,-0.05737399682402611
1781099312138876400,75.57887646484374,0.08603623509407043,-0.05221495404839516,-0.01881176233291626
1781099312163952400,75.60395239257812,0.03970836475491524,0.020096786320209503,-0.10818059742450714
1781099312189027300,75.62902734375,0.09129411727190018,-0.17848120629787445,-0.15158073604106903
1781099312214103300,75.65410327148437,-0.032291945070028305,-0.08390170335769653,-0.12336608022451401
1781099312239178500,75.67917846679687,-0.01999867707490921,0.043443016707897186,0.05984941124916077
1781099312264254200,75.70425415039062,0.012988833710551262,0.07843615114688873,0.16183622181415558
1781099312289330200,75.729330078125,-0.006319073494523764,0.12284530699253082,-0.04255315288901329
1781099312314405400,75.7544052734375,-0.03333057835698128,-0.16787783801555634,-0.27685976028442383
1781099312339481300,75.7794814453125,-0.05958031862974167,-0.23130658268928528,-0.060439083725214005
1781099312364556300,75.80455639648437,0.06542408466339111,0.0062525030225515366,0.12683244049549103
1781099312389632300,75.82963232421875,0.10306461155414581,0.06445641815662384,-0.0820167139172554
1781099312414707500,75.85470751953125,0.02254611812531948,-0.0664563924074173,-0.21878832578659058
1781099312439783400,75.87978344726562,-0.038256894797086716,-0.18540549278259277,-0.12388910353183746
1781099312464859100,75.90485913085938,0.003632513340562582,-0.008619328960776329,0.06469887495040894
1781099312489934300,75.92993432617187,0.07860377430915833,0.016022074967622757,0.057444266974925995
1781099312515010300,75.95501025390625,0.02720148116350174,0.03580106422305107,-0.006759051699191332
1781099312540085200,75.98008520507813,0.07595209032297134,-0.1624644696712494,-0.13403327763080597
1781099312565161200,76.0051611328125,0.04187431186437607,-0.2824164628982544,-0.004992157220840454
1781099312590236400,76.030236328125,-0.01657136157155037,-0.1496463567018509,0.12459918111562729
1781099312615312400,76.0553125,0.03795970231294632,0.023910129442811012,0.13279816508293152
1781099312640388400,76.08038842773438,0.012395837344229221,-0.01282094419002533,-0.03131716698408127
1781099312665463600,76.10546362304687,-0.07778964191675186,-0.09133658558130264,-0.2116197943687439
1781099312690539300,76.13053930664063,-0.08876305818557739,-0.21725139021873474,-0.10102760046720505
1781099312715614200,76.1556142578125,-0.052434761077165604,0.036536894738674164,0.1811504065990448
1781099312740690200,76.18069018554688,0.005379151552915573,0.21736271679401398,0.1390361189842224
1781099312765765400,76.20576538085938,-0.004569079726934433,0.10592654347419739,-0.03880126774311066
1781099312790841300,76.23084130859375,-0.05179751664400101,-0.18725040555000305,-0.1852380484342575
1781099312815917300,76.25591723632813,-0.0891546830534935,-0.16219158470630646,-0.08355344831943512
1781099312840992500,76.28099243164063,-0.09982600808143616,0.09202728420495987,0.05138411745429039
1781099312866068500,76.306068359375,-0.09189707040786743,0.17841064929962158,0.07211437821388245
1781099312891143400,76.33114331054688,-0.08677279204130173,0.17821110785007477,0.0906311422586441
1781099312916219100,76.35621923828126,-0.010345125570893288,0.09144511818885803,-0.057138364762067795
1781099312941294300,76.38129443359375,-0.03187472000718117,-0.002788587473332882,-0.06808958947658539
1781099312966370300,76.40637036132813,-0.03607875481247902,-0.050345681607723236,0.022735148668289185
1781099312991445200,76.4314453125,0.00067328562727198,0.006059723440557718,0.05602160468697548
1781099313016521200,76.45652124023438,0.031290166079998016,0.09281300008296967,-0.04279058054089546
1781099313041597700,76.48159765625,-0.053458377718925476,0.0009202254004776478,-0.1164572462439537
1781099313066673000,76.5066728515625,-0.0960027426481247,-0.00239352835342288,0.09666082262992859
1781099313091748600,76.53174853515625,-0.002865371759980917,0.07061706483364105,0.1412048190832138
1781099313116823600,76.55682348632813,0.03259243443608284,0.04111456125974655,0.059900037944316864
1781099313141899800,76.58189965820313,0.0011808238923549652,-0.07283356785774231,-0.14822399616241455
1781099313166974700,76.606974609375,-0.01970081590116024,-0.13236461579799652,-0.07247602194547653
1781099313192050700,76.63205078125,0.015877295285463333,-0.05672120675444603,0.12376689165830612
1781099313217126700,76.65712670898438,0.055553220212459564,0.12688535451889038,0.1806904822587967
1781099313242201900,76.68220190429687,0.06556744873523712,0.07529346644878387,-0.08536495268344879
1781099313267277800,76.70727783203125,0.006539188325405121,-0.0923343300819397,-0.27469685673713684
1781099313292352800,76.73235278320313,-0.06169676408171654,-0.2259681075811386,-0.04674592241644859
1781099313317428700,76.7574287109375,0.015505585819482803,0.045356638729572296,0.16437159478664398
1781099313342503700,76.78250366210938,0.07928299903869629,0.19234906136989594,0.008775642141699791
1781099313367579600,76.80757958984375,-0.056941449642181396,0.0316658616065979,-0.20391428470611572
1781099313392655600,76.83265551757812,-0.10362329334020615,-0.05146961659193039,-0.1028311550617218
1781099313417730800,76.85773071289063,-0.02735154889523983,-0.04371737688779831,0.08059103786945343
1781099313442806800,76.88280688476563,0.0006187813123688102,0.06666779518127441,0.026204939931631088
1781099313467881700,76.9078818359375,-0.05850715935230255,-0.11629095673561096,-0.11931446194648743
1781099313492957700,76.93295776367188,-0.1061207726597786,-0.060863614082336426,0.006655682809650898
1781099313518033000,76.95803295898438,0.019588829949498177,0.09980954229831696,0.10637390613555908
1781099313543108600,76.98310864257813,0.06657752394676208,0.0069489567540585995,0.02510983496904373
1781099313568183600,77.00818359375,-0.04154510051012039,-0.18664327263832092,-0.1068480908870697
1781099313593259800,77.033259765625,0.009395580738782883,-0.10163888335227966,0.04910529404878616
1781099313618335700,77.05833569335938,0.07403690367937088,0.056090157479047775,0.17023488879203796
1781099313643410700,77.08341064453126,0.060980308800935745,0.10004141926765442,0.020651351660490036
1781099313668486700,77.10848657226562,0.03950728848576546,-0.1879347860813141,-0.14407147467136383
1781099313693561900,77.13356176757813,-0.037199731916189194,-0.13830643892288208,-0.006820683367550373
1781099313718637800,77.15863793945313,0.05054425448179245,0.015171964652836323,0.08601024746894836
1781099313743712800,77.18371264648438,0.02970534935593605,0.02187369018793106,-0.02307598665356636
1781099313768788700,77.20878881835938,-0.001510445959866047,-0.04786362126469612,-0.08828598260879517
1781099313793863700,77.23386376953125,-0.012735790573060513,-0.1459360122680664,-0.08863896131515503
1781099313818939600,77.25893969726563,-0.0130027299746871,0.07146836817264557,0.001953970408067107
1781099313844015600,77.284015625,-0.0025660106912255287,0.023093119263648987,-0.055849071592092514
1781099313869090800,77.3090908203125,-0.025154169648885727,-0.01898772269487381,0.03788696601986885
1781099313894166800,77.33416674804687,-0.024203574284911156,-0.0007053819135762751,0.06930362433195114
1781099313919241700,77.35924169921876,-0.02299177460372448,0.013619109988212585,0.07459189742803574
1781099313944317700,77.38431762695312,-0.0345829501748085,-0.07150042057037354,-0.030266614630818367
1781099313969393000,77.40939282226563,-0.07545657455921173,-0.0946570336818695,-0.04131472855806351
1781099313994468600,77.43446850585937,-0.03889835625886917,-0.06873861700296402,0.07662462443113327
1781099314019543800,77.45954370117188,-0.02135203592479229,0.09634145349264145,0.10646570473909378
1781099314044618800,77.48461865234376,-0.06077980995178223,0.1335674673318863,0.011299297213554382
1781099314069694700,77.50969482421876,-0.018161717802286148,0.041034337133169174,0.03782844915986061
1781099314094770000,77.53477001953125,-0.013128906488418579,-0.04044165089726448,0.04125590622425079
1781099314119846000,77.55984594726563,-0.006476123817265034,-0.0370190292596817,0.021092526614665985
1781099314144920800,77.5849208984375,0.04887554794549942,-0.0851173922419548,0.055188730359077454
1781099314169997000,77.6099970703125,-0.013472948223352432,-0.022730916738510132,-0.03115677461028099
1781099314195072800,77.63507275390624,-0.012922327034175396,0.013777143321931362,-0.10087897628545761
1781099314220148000,77.66014794921875,-0.0902962014079094,-0.03405449166893959,-0.009037483483552933
1781099314245223700,77.6852236328125,-0.08954088389873505,0.18405380845069885,0.11556392163038254
1781099314270299000,77.710298828125,0.020352354273200035,0.1991131603717804,0.08684256672859192
1781099314295374800,77.73537475585937,-0.0354614332318306,0.019688263535499573,-0.04299033433198929
1781099314320449800,77.76044970703126,-0.01850053295493126,-0.04027790203690529,-0.08962037414312363
1781099314345526000,77.78552612304688,0.001425652764737606,-0.059403277933597565,0.06027340143918991
1781099314370601000,77.81060107421875,0.05914831906557083,0.018527913838624954,0.047906674444675446
1781099314395677000,77.83567700195313,0.027274975553154945,-0.03128756582736969,-0.07708298414945602
1781099314420752600,77.86075268554687,-0.03492717444896698,-0.0273506511002779,-0.12036337703466415
1781099314445827800,77.88582788085938,-0.009108418598771095,0.024549294263124466,-0.014226624742150307
1781099314470903800,77.91090380859374,0.006230594590306282,0.09307888895273209,0.05899111554026604
1781099314495978800,77.93597875976562,0.02194276824593544,-0.003415953367948532,0.043816227465867996
1781099314521055000,77.96105493164063,0.06595568358898163,-0.010320506058633327,0.026658978313207626
1781099314546130000,77.9861298828125,0.029773980379104614,-0.08995667099952698,-0.1238197535276413
1781099314571206000,78.01120581054687,-0.0008460216922685504,-0.1088317409157753,-0.167085200548172
1781099314596280800,78.03628076171876,-0.05091394856572151,-0.17402155697345734,0.003497734200209379
1781099314621357000,78.06135717773438,-0.037793055176734924,0.08009118586778641,0.14064575731754303
1781099314646432800,78.08643286132812,0.005236814729869366,0.1347842663526535,0.031837400048971176
1781099314671507700,78.1115078125,-0.06161445006728172,-0.05154866725206375,-0.1530616730451584
1781099314696584000,78.136583984375,-0.043790582567453384,-0.16922233998775482,-0.13201647996902466
1781099314721659000,78.16165893554688,0.007296120747923851,-0.10616771131753922,0.07804311811923981
1781099314746734800,78.18673486328125,0.04949505999684334,0.011577680706977844,0.06459689885377884
1781099314771809800,78.21180981445312,-0.02797088213264942,-0.008279677480459213,-0.10569614917039871
1781099314796886000,78.23688598632812,-0.0765712559223175,-0.11099716275930405,-0.07730645686388016
1781099314821961000,78.2619609375,-0.05916507542133331,-0.02902909740805626,0.078052818775177
1781099314847037000,78.28703686523437,-0.049242641776800156,0.05392194911837578,0.0641932338476181
1781099314872113000,78.31211279296875,-0.05002265423536301,-0.004176473245024681,0.04134067893028259
1781099314897187800,78.33718774414062,-0.007132790517061949,-0.05827323719859123,0.10517121106386185
1781099314922263800,78.36226391601562,0.05793693661689758,-0.045327119529247284,0.08126338571310043
1781099314947338800,78.3873388671875,-0.028250090777873993,-0.08503084629774094,-0.1420106440782547
1781099314972415000,78.4124150390625,-0.09386005252599716,-0.16400377452373505,-0.08066771179437637
1781099314997490000,78.43748999023437,-0.09000122547149658,-0.09275587648153305,0.1423138976097107
1781099315022566100,78.46256616210937,-0.05318373441696167,0.20529761910438538,0.1878005415201187
1781099315047642000,78.48764208984375,-0.008137816563248634,0.14883647859096527,0.019498735666275024
1781099315072717300,78.51271728515626,-0.12835775315761566,-0.01936951093375683,-0.12559248507022858
1781099315097793000,78.53779296875,-0.040919508785009384,-0.04298688843846321,-0.043681126087903976
1781099315122868000,78.56286791992187,0.020587364211678505,-0.06359183043241501,0.07190287858247757
1781099315147944000,78.58794384765625,0.0051722172647714615,0.03458237648010254,0.08034780621528625
1781099315173019100,78.61301904296874,0.0139491381123662,-0.006257007364183664,-0.0472743883728981
1781099315198095000,78.63809521484374,-0.0560917854309082,-0.06993924081325531,-0.05132275074720383
1781099315223170000,78.66317016601562,-0.11456024646759033,-0.04411742091178894,0.040664900094270706
1781099315248246300,78.68824633789062,-0.026602130383253098,0.07043962180614471,0.19669392704963684
1781099315273322000,78.71332202148437,0.007922349497675896,0.07641158252954483,0.07838224619626999
1781099315298397200,78.73839721679687,0.0011562900617718697,0.0371861532330513,-0.11630545556545258
1781099315323473000,78.76347290039062,0.010063615627586842,-0.15793117880821228,-0.09454280883073807
1781099315348548000,78.78854809570312,-0.046180207282304764,-0.026016151532530785,0.06876538693904877
1781099315373624000,78.8136240234375,0.032307107001543045,0.10396330803632736,0.13309882581233978
1781099315398699000,78.83869897460937,0.02414984256029129,-0.048425231128931046,-0.06293217837810516
1781099315423775200,78.86377514648437,-0.06432994455099106,0.04425078257918358,-0.20635755360126495
1781099315448850200,78.88885009765625,-0.03064052388072014,-0.04882048815488815,0.052448373287916183
1781099315473926100,78.91392602539062,0.013238728046417236,0.055880356580019,0.2332548350095749
1781099315499001900,78.939001953125,0.011676129885017872,0.07014136016368866,-0.12357661128044128
1781099315524077000,78.9640771484375,-0.04728737846016884,-0.14874304831027985,-0.1806383728981018
1781099315549153000,78.98915307617187,-0.09093131870031357,-0.15145841240882874,0.10257887840270996
1781099315574228000,79.01422802734375,0.010377281345427036,0.19504664838314056,0.22878402471542358
1781099315599304200,79.03930419921875,0.05305889993906021,0.05432792752981186,0.01612394116818905
1781099315624379100,79.06437915039062,-0.10453983396291733,-0.13323824107646942,-0.17940808832645416
1781099315649455000,79.089455078125,-0.04352560639381409,-0.017739420756697655,-0.08469022065401077
1781099315674530000,79.11453002929687,0.03159782662987709,0.05619635060429573,0.16128002107143402
1781099315699606300,79.13960620117187,-0.0024677671026438475,0.17277559638023376,0.0970139354467392
1781099315724682000,79.16468188476563,-0.043599169701337814,-0.012032341212034225,-0.11902402341365814
1781099315749757000,79.1897568359375,-0.09248402714729309,-0.044864971190690994,0.06377760320901871
1781099315774833200,79.21483325195312,0.02990061603486538,0.050639558583498,0.13540934026241302
1781099315799908000,79.239908203125,0.0031145699322223663,-0.0626571998000145,-0.06369306892156601
1781099315824984000,79.26498413085938,-0.07857853919267654,-0.08886545151472092,-0.1290104240179062
1781099315850059000,79.29005908203125,-0.045642632991075516,-0.0587555356323719,0.13960109651088715
1781099315875135200,79.31513525390625,0.04759335517883301,0.22861440479755402,0.24246977269649506
1781099315900210200,79.34021020507812,0.060635242611169815,0.0789310410618782,-0.0947427749633789
1781099315925286100,79.3652861328125,-0.026250477880239487,-0.1932610422372818,-0.2088824361562729
1781099315950361900,79.39036181640626,-0.0860917940735817,-0.14145368337631226,-0.0007762471213936806
1781099315975437000,79.41543701171875,-0.008646273985505104,0.14539586007595062,0.17673836648464203
1781099316000513000,79.44051293945313,0.07516494393348694,0.0891740545630455,0.08918822556734085
1781099316025588700,79.46558862304687,-0.03655540570616722,-0.028838597238063812,-0.07096462696790695
1781099316050664700,79.49066479492187,-0.025446172803640366,-0.11435860395431519,-0.10843280702829361
1781099316075740000,79.51573999023438,-0.03969501703977585,-0.16240918636322021,-0.0005688411183655262
1781099316100816000,79.54081591796874,-0.005116816610097885,0.09143591672182083,0.07741840928792953
1781099316125890800,79.56589086914063,0.05405252426862717,0.04946845769882202,-0.03656270354986191
1781099316150966500,79.59096655273437,-0.021457672119140625,0.0356965996325016,-0.11225217580795288
1781099316176042800,79.61604272460937,-0.00494128093123436,-0.037633009254932404,0.0034219601657241583
1781099316201117700,79.64111767578125,-0.02844240516424179,-0.05108097940683365,0.11102772504091263
1781099316226193700,79.66619360351562,0.003295104019343853,0.029266363009810448,0.05251205340027809
1781099316251268900,79.69126879882812,0.014104788191616535,-0.12778455018997192,-0.06764961034059525
1781099316276344800,79.7163447265625,-0.06777658313512802,-0.0730334147810936,-0.08207706362009048
1781099316301419800,79.74141967773437,-0.003317170776426792,-0.033774614334106445,0.037200041115283966
1781099316326495700,79.76649584960937,-0.02561052329838276,-0.024128682911396027,0.1030605211853981
1781099316351571000,79.79157104492188,-0.01033753901720047,0.10286469757556915,0.050342924892902374
1781099316376646700,79.81664672851562,0.01695442758500576,-0.07399268448352814,0.01777614839375019
1781099316401722600,79.84172265625,-0.011178970336914062,-0.031845271587371826,-0.004809882491827011
1781099316426797800,79.8667978515625,0.059860967099666595,-0.05453265830874443,0.13027243316173553
1781099316451873800,79.89187377929687,0.05692320689558983,-0.11112993210554123,0.10174169391393661
1781099316476948700,79.91694873046875,0.02091972529888153,-0.09977280348539352,-0.05623616278171539
1781099316502024700,79.94202465820312,-0.002726303180679679,-0.17249871790409088,-0.0036422964185476303
1781099316527100000,79.96709985351562,-0.004795075859874487,-0.0001375179854221642,0.05084705352783203
1781099316552175900,79.99217578125,-0.025636235252022743,0.062009476125240326,0.012903059832751751
1781099316577250800,80.01725073242187,0.039727915078401566,-0.029475700110197067,0.07551191747188568
1781099316602326800,80.04232690429687,0.034549813717603683,-0.03063790500164032,-0.0020863497629761696
1781099316627402800,80.06740283203125,0.0009844559244811535,0.08368927985429764,-0.0647273063659668
1781099316652477700,80.09247778320312,0.033234596252441406,-0.04090184345841408,-0.10522620379924774
1781099316677553700,80.1175537109375,-0.04469313845038414,0.1418142020702362,-0.13961151242256165
1781099316702628900,80.14262890625,-0.029845984652638435,0.08340900391340256,-0.08229067176580429
1781099316727704800,80.16770483398437,-0.026938004419207573,0.08694037795066833,0.005681807640939951
1781099316752779800,80.19277978515625,-0.1151111051440239,0.09558892995119095,0.025279438123106956
1781099316777855700,80.21785571289062,-0.05654343590140343,0.013773654587566853,0.014071231707930565
1781099316802931000,80.24293090820312,-0.09797564148902893,-0.01598287746310234,-0.020018678158521652
1781099316828006700,80.26800659179688,-0.09155141562223434,-0.019455187022686005,0.10023649781942368
1781099316853082600,80.29308251953125,-0.0886785164475441,-0.04294335097074509,0.16714619100093842
1781099316878157800,80.31815771484375,-0.12965939939022064,0.06572747230529785,0.022745735943317413
1781099316903233800,80.34323388671875,-0.04247350990772247,-0.03656359389424324,0.038977280259132385
1781099316928308700,80.36830883789062,0.026462504640221596,-0.05925574153661728,0.1271658092737198
1781099316953384700,80.393384765625,0.02856352925300598,0.14282751083374023,-0.0381639339029789
1781099316978460000,80.4184599609375,0.07461988925933838,-0.06401511281728745,-0.11745753884315491
1781099317003536000,80.44353588867187,-0.007131527177989483,0.05223734676837921,-0.01974331960082054
1781099317028610000,80.46861010742188,0.013512231409549713,0.14703629910945892,-0.04572538286447525
1781099317053686000,80.49368603515624,-0.008177824318408966,0.1657983362674713,-0.024307388812303543
1781099317078761200,80.51876123046875,-0.02309918962419033,0.03292132541537285,-0.009558215737342834
1781099317103837000,80.5438369140625,-0.11488662660121918,-0.05552571639418602,0.14503136277198792
1781099317128913000,80.56891284179687,-0.062292397022247314,0.009877375327050686,0.1814245581626892
1781099317153987800,80.59398779296875,-0.004258919041603804,-0.09897778183221817,-0.03497171029448509
1781099317179064000,80.61906396484375,-0.04623525217175484,-0.11726879328489304,0.03204875439405441
1781099317204139000,80.64413891601562,0.004806421231478453,-0.16694945096969604,0.1551222801208496
1781099317229215000,80.66921508789062,-0.0358189232647419,0.03930492326617241,-0.0227114949375391
1781099317254290200,80.69429028320313,0.06452611833810806,0.13469456136226654,-0.005056260619312525
1781099317279366100,80.7193662109375,0.11308368295431137,-0.04697392135858536,0.02738972008228302
1781099317304441900,80.74444189453125,0.01978326588869095,0.4002821743488312,-0.24302077293395996
1781099317329516800,80.76951684570312,0.0853666290640831,0.004472906235605478,-0.2168647199869156
1781099317354593000,80.79459301757812,0.02545313537120819,-0.35572001338005066,0.010565951466560364
1781099317379668000,80.81966796875,-0.04357508197426796,-0.041739486157894135,0.029397524893283844
1781099317404744000,80.84474389648437,-0.08597627282142639,0.12230724096298218,0.07738136500120163
1781099317429819100,80.86981909179687,-0.054279301315546036,0.07671882957220078,0.1333833932876587
1781099317454895000,80.89489501953125,-0.014553281478583813,-0.07375410199165344,-0.04012104123830795
1781099317479970000,80.91996997070312,-0.05400056019425392,-0.14262117445468903,-0.14557240903377533
1781099317505046000,80.9450458984375,-0.017864007502794266,-0.06313630938529968,-0.04624065384268761
1781099317530121200,80.97012133789063,0.03253057599067688,0.08811294287443161,0.06338770687580109
1781099317555197000,80.99519702148437,0.0818316712975502,0.09134137630462646,0.1179482638835907
1781099317580273000,81.02027294921875,0.12059652805328369,-0.017907625064253807,-0.04558062180876732
1781099317605348000,81.04534814453125,-0.03498079255223274,-0.06662246584892273,-0.17942680418491364
1781099317630424000,81.07042407226562,-0.02782384678721428,-0.17344124615192413,0.08638491481542587
1781099317655499000,81.0954990234375,-0.04081488400697708,-0.09240540862083435,0.145241379737854
1781099317680575000,81.12057495117188,-0.09891852736473083,0.04831705987453461,-0.00673279445618391
1781099317705650200,81.14565014648437,-0.028557071462273598,-0.007224232889711857,0.055240754038095474
1781099317730726000,81.17072583007813,0.00363607844337821,0.07263844460248947,0.06492806226015091
1781099317755801000,81.19580102539062,-0.0034163875970989466,0.22737590968608856,-0.1528235822916031
1781099317780877000,81.220876953125,0.08262410014867783,-0.16531726717948914,-0.1885366588830948
1781099317805953000,81.245953125,-0.02194943279027939,-0.24795539677143097,-0.13461437821388245
1781099317831028000,81.27102807617187,-0.09952392429113388,0.009496618062257767,-0.0334819033741951
1781099317856104000,81.29610400390625,-0.0221758671104908,0.12530404329299927,0.2942882180213928
1781099317881179100,81.32117919921875,0.02571442537009716,0.08294541388750076,0.15155528485774994
1781099317906255000,81.34625512695312,-0.07180899381637573,-0.05167333781719208,-0.15923456847667694
1781099317931330000,81.371330078125,-0.04477054253220558,-0.2657095789909363,-0.0952005386352539
1781099317956406000,81.39640600585938,-0.00944477878510952,-0.12151557952165604,0.09519203007221222
1781099317981481000,81.42148095703125,0.0026230691000819206,0.1348934918642044,-0.026143435388803482
1781099318006557000,81.44655688476563,0.06524494290351868,0.006552753504365683,0.008363666012883186
1781099318031633200,81.47163305664063,0.030268020927906036,-0.057177189737558365,-0.05238547548651695
1781099318056708400,81.49670825195312,-0.056773439049720764,0.2076956331729889,-0.17905448377132416
1781099318081784300,81.52178442382812,0.031182780861854553,-0.09472707659006119,-0.03815915063023567
1781099318106859300,81.546859375,0.018374690786004066,-0.2897420823574066,0.1463535726070404
1781099318131935200,81.57193530273437,-0.05679421126842499,-0.07402126491069794,0.03273899108171463
1781099318157010400,81.59701049804687,-0.05965086817741394,-0.01079480815678835,0.025491591542959213
1781099318182086100,81.62208618164063,-0.0346178337931633,-0.04351105913519859,0.017940308898687363
1781099318207161000,81.6471611328125,-0.044781073927879333,-0.053013790398836136,-0.04898236319422722
1781099318232237300,81.6722373046875,-0.0036751539446413517,0.00004067577174282633,-0.00404735142365098
1781099318257313300,81.69731323242188,0.05487079545855522,0.07404882460832596,-0.0002711392007768154
1781099318282388200,81.72238818359375,0.007260727696120739,0.11165619641542435,-0.06912924349308014
1781099318307464400,81.74746435546875,0.019137628376483917,-0.024592382833361626,0.06434197723865509
1781099318332539400,81.77253930664062,0.0186031311750412,-0.17613251507282257,0.17785340547561646
1781099318357615400,81.79761547851562,-0.008211824111640453,-0.0991256907582283,0.014373794198036194
1781099318382690300,81.82269018554688,-0.02877725474536419,-0.1260746419429779,-0.10711746662855148
1781099318407766300,81.84776635742188,-0.0636780634522438,-0.046148236840963364,-0.010307390242815018
1781099318432841200,81.87284130859375,-0.045568812638521194,0.09905153512954712,0.043907955288887024
1781099318457917200,81.89791723632813,-0.025200005620718002,0.025374379009008408,0.058418046683073044
1781099318482993400,81.92299340820313,-0.05301109701395035,0.014117570593953133,0.043936587870121
1781099318508068400,81.948068359375,-0.04725838080048561,0.0002400716912234202,0.07096505165100098
1781099318533144300,81.97314428710938,-0.027993809431791306,-0.04662856087088585,0.05564340949058533
1781099318558219300,81.99821923828125,0.006390347145497799,-0.191807359457016,0.028418296948075294
1781099318583295200,82.02329516601563,-0.02364436909556389,-0.16860586404800415,0.01317586936056614
1781099318608370400,82.04837036132812,-0.08973564952611923,0.027658764272928238,0.009305570274591446
1781099318633446100,82.07344604492188,-0.027017494663596153,0.09450113773345947,0.08512859791517258
1781099318658521000,82.09852099609375,-0.04536798223853111,0.0534374825656414,0.026246165856719017
1781099318683597300,82.12359741210938,-0.08316264301538467,0.01901901140809059,-0.05274948850274086
1781099318708673300,82.14867333984375,-0.04192771017551422,-0.04991892725229263,0.06387314945459366
1781099318733748200,82.17374829101563,-0.027555812150239944,0.03253185376524925,0.09845764935016632
1781099318758824400,82.19882446289063,-0.04999975115060806,0.03409182280302048,0.022815199568867683
1781099318783899400,82.2238994140625,-0.06393402814865112,-0.11928540468215942,0.04205727204680443
1781099318808975000,82.24897509765626,-0.08354628831148148,-0.13102613389492035,0.09451707452535629
1781099318834050300,82.27405029296875,-0.10863317549228668,0.046560138463974,0.03113660402595997
1781099318859126300,82.29912622070313,-0.05422816798090935,0.05137744918465614,0.05751980468630791
1781099318884201200,82.324201171875,-0.049986522644758224,0.12229993939399719,0.04451959580183029
1781099318909277200,82.34927709960938,-0.06231077387928963,0.14639516174793243,-0.14107096195220947
1781099318934352100,82.37435205078125,-0.0700380802154541,0.05237605795264244,-0.027696877717971802
1781099318959428400,82.39942846679688,-0.02832321636378765,0.15408453345298767,0.15939433872699738
1781099318984504300,82.42450439453125,-0.024777188897132874,0.14518128335475922,0.12285955250263214
1781099319009579300,82.44957934570313,-0.020631417632102966,0.041177429258823395,-0.0052714901976287365
1781099319034655000,82.47465502929687,-0.03525696322321892,-0.12209945172071457,-0.09775745868682861
1781099319059730200,82.49973022460938,-0.09120825678110123,-0.06209833547472954,-0.0132925845682621
1781099319084806000,82.52480590820312,-0.023887811228632927,0.03861268609762192,0.16969165205955505
1781099319109880800,82.549880859375,0.00970024149864912,0.03435821458697319,0.1626017987728119
1781099319134957000,82.57495703125,0.011605704203248024,0.023753011599183083,-0.021088454872369766
1781099319160032000,82.60003198242188,-0.008232204243540764,-0.0005511582712642848,-0.08461661636829376
1781099319185108000,82.62510791015625,-0.03844663128256798,0.051472749561071396,0.008603828027844429
1781099319210184000,82.65018383789062,0.0000038797734305262566,0.128839373588562,0.06803368777036667
1781099319235259100,82.67525903320312,0.03196903318166733,-0.003807243425399065,-0.011861134320497513
1781099319260334800,82.7003349609375,-0.018575722351670265,-0.03183712810277939,-0.09438645094633102
1781099319285410000,82.72541015625,-0.024048306047916412,0.03816652670502663,0.009817625395953655
1781099319310485800,82.75048583984375,0.007925551384687424,0.07983461022377014,0.06685234606266022
1781099319335561000,82.77556103515624,0.00026256247656419873,-0.04094069078564644,-0.0483999140560627
1781099319360637000,82.80063696289062,0.04956294223666191,-0.11298000067472458,-0.0621272511780262
1781099319385711900,82.8257119140625,0.04318038001656532,-0.01686049997806549,-0.08404188603162766
1781099319410788000,82.8507880859375,0.02900032512843609,0.17667202651500702,-0.12820570170879364
1781099319435864000,82.87586401367187,0.0947825014591217,0.06744300574064255,-0.03680439293384552
1781099319460939000,82.90093896484375,0.06184203550219536,0.04580904543399811,0.010771813802421093
1781099319486014700,82.9260146484375,-0.01677296869456768,-0.03366105258464813,0.013909982517361641
1781099319511090000,82.95108984375,0.003266903106123209,-0.04698982462286949,0.0443473756313324
1781099319536166000,82.97616577148438,-0.02385360561311245,-0.07980868220329285,-0.1316225230693817
1781099319561240800,83.00124072265625,-0.10430607199668884,-0.18112994730472565,-0.09681632369756699
1781099319586317000,83.02631713867187,-0.05294026434421539,-0.13081125915050507,0.19921542704105377
1781099319611392000,83.05139208984374,-0.02629471756517887,-0.03139755129814148,0.13062234222888947
1781099319636468000,83.07646801757812,-0.0913088396191597,0.006550206802785397,-0.05796167254447937
1781099319661544000,83.1015439453125,-0.026900025084614754,-0.06577705591917038,0.009652809239923954
1781099319686619100,83.126619140625,0.024319639429450035,0.007233761716634035,0.09202397614717484
1781099319711694800,83.15169482421875,-0.010751413181424141,0.10330136865377426,-0.10564127564430237
1781099319736769800,83.17676977539062,0.006271540652960539,-0.1418749839067459,-0.16132555902004242
1781099319761846000,83.20184594726562,-0.004481918178498745,-0.2324015349149704,0.07753079384565353
1781099319786921000,83.2269208984375,-0.09038741141557693,0.04040800407528877,0.20983459055423737
1781099319811997000,83.25199682617188,-0.08935167640447617,0.11748006194829941,0.19751852750778198
1781099319837072000,83.27707177734375,-0.05106859654188156,-0.13094362616539001,0.05307126045227051
1781099319862148000,83.30214819335937,-0.0948290079832077,-0.15164430439472198,-0.055846840143203735
1781099319887223000,83.32722314453125,-0.06912428885698318,-0.004598396830260754,-0.026966333389282227
1781099319912299000,83.35229907226562,-0.0019701123237609863,0.08968377858400345,0.11107507348060608
1781099319937375000,83.377375,0.0019018263556063175,0.15270623564720154,0.006504465825855732
1781099319962450000,83.40244995117187,-0.0777575746178627,0.017802169546484947,-0.07614759355783463
1781099319987526000,83.42752587890625,-0.10614483803510666,-0.037315934896469116,0.08768949657678604
1781099320012600800,83.45260083007813,-0.02364126220345497,0.08679559081792831,0.2032434195280075
1781099320037677000,83.47767700195313,-0.019416354596614838,0.04333514720201492,0.008328554220497608
1781099320062752000,83.502751953125,-0.07568581402301788,-0.12264484167098999,-0.14132943749427795
1781099320087828200,83.527828125,-0.034884385764598846,-0.026166608557105064,0.059746433049440384
1781099320112903200,83.55290307617187,0.024014674127101898,0.17266541719436646,0.04025958105921745
1781099320137979100,83.57797924804687,-0.03059006854891777,0.12018904089927673,-0.11639641970396042
1781099320163055000,83.60305517578125,-0.007835311815142632,-0.017821667715907097,0.004360539838671684
1781099320188130000,83.62813012695312,0.055288832634687424,0.1359817236661911,0.13460639119148254
1781099320213206000,83.6532060546875,0.004329122602939606,0.23927494883537292,-0.07329204678535461
1781099320238281000,83.67828100585938,-0.000701558543369174,-0.0809435024857521,-0.13271726667881012
1781099320263357200,83.70335717773438,-0.031326401978731155,-0.15677419304847717,0.08468687534332275
1781099320288432000,83.72843212890625,-0.07598338276147842,0.12558521330356598,0.16699452698230743
1781099320313508000,83.75350805664063,-0.031917329877614975,0.11064541339874268,0.11266876757144928
1781099320338583000,83.7785830078125,-0.011572763323783875,-0.06504419445991516,0.020381059497594833
1781099320363659300,83.8036591796875,-0.028889287263154984,0.08875274658203125,-0.07618103176355362
1781099320388734200,83.82873413085937,-0.020144294947385788,0.1614154577255249,-0.09354699403047562
1781099320413810000,83.85380981445313,0.032984621822834015,0.06157411262392998,0.027185164391994476
1781099320438886100,83.87888623046875,0.047838106751441956,0.11677155643701553,0.06211382523179054
1781099320463961000,83.90396118164062,0.03295040503144264,0.136561781167984,0.03514660894870758
1781099320489037000,83.929037109375,0.02393202856183052,0.02806178107857704,-0.031777143478393555
1781099320514112000,83.95411206054688,0.006714720278978348,-0.05542927235364914,-0.007601223420351744
1781099320539188200,83.97918823242188,0.014761432074010372,-0.031060852110385895,-0.011663371697068214
1781099320564263200,84.00426318359375,-0.004910594783723354,0.025721270591020584,0.012294603511691093
1781099320589339100,84.02933911132813,0.011152613908052444,0.11341574043035507,0.07471094280481339
1781099320614414000,84.0544140625,0.02256014198064804,0.1481948047876358,0.0728016272187233
1781099320639490000,84.07948999023438,0.012510706670582294,0.10656540840864182,-0.08939847350120544
1781099320664566000,84.10456591796876,-0.004016250837594271,-0.016558608040213585,-0.1257595717906952
1781099320689641000,84.12964086914063,0.00010703387670218945,-0.03397892042994499,0.01669493317604065
1781099320714717200,84.15471728515625,0.014342457987368107,0.10846466571092606,0.21724353730678558
1781099320739792100,84.17979223632813,0.08160659670829773,0.07355154305696487,0.16347314417362213
1781099320764868000,84.2048681640625,-0.0015866487519815564,-0.07714579254388809,-0.0953793078660965
1781099320789943000,84.22994311523438,-0.046532198786735535,-0.10274246335029602,-0.09111148864030838
1781099320815019000,84.25501904296875,0.036758873611688614,-0.07306289672851562,0.1489367038011551
1781099320840094200,84.28009423828125,0.058814581483602524,0.13454587757587433,-0.004367963410913944
1781099320865170000,84.305169921875,0.028531162068247795,-0.022674603387713432,-0.22521869838237762
1781099320890245000,84.3302451171875,0.02270416170358658,-0.08182933926582336,-0.1187196746468544
1781099320915321000,84.35532104492188,0.07616620510816574,0.09546166658401489,0.06913347542285919
1781099320940397000,84.38039697265626,0.05091044306755066,0.1772935688495636,-0.027809010818600655
1781099320965472000,84.40547192382813,0.054579958319664,-0.14307166635990143,-0.20750294625759125
1781099320990548200,84.43054833984375,0.012824278324842453,-0.2796291410923004,-0.1547648161649704
1781099321015623200,84.455623046875,-0.029411710798740387,0.05834374576807022,0.06065788120031357
1781099321040699400,84.48069946289063,-0.005684276111423969,0.19537091255187988,0.13937611877918243
1781099321065774300,84.5057744140625,0.001134628662839532,0.0070109739899635315,0.05796210095286369
1781099321090850300,84.53085034179688,0.008198130875825882,-0.1444651037454605,-0.11733701080083847
1781099321115925500,84.55592553710937,0.00811995193362236,-0.137222021818161,-0.11674832552671432
1781099321141001500,84.58100146484375,0.10466590523719788,-0.026568518951535225,0.11028558760881424
1781099321166076400,84.60607641601563,0.11467009782791138,0.03734852373600006,0.10259465873241425
1781099321191152600,84.63115258789063,0.06882401555776596,0.0024982127360999584,-0.09904950112104416
1781099321216228600,84.656228515625,0.05063607543706894,-0.12327034026384354,-0.0985197201371193
1781099321241303600,84.68130346679688,0.033835701644420624,0.07230963557958603,0.09023787826299667
1781099321266379300,84.70637915039063,0.051928211003541946,0.14323607087135315,0.15507365763187408
1781099321291454500,84.73145434570313,0.059372931718826294,0.02136012353003025,0.011537104845046997
1781099321316530400,84.75653051757813,0.06400487571954727,-0.10390006005764008,-0.19344857335090637
1781099321341605400,84.78160546875,-0.003972840961068869,-0.03703698515892029,-0.11803508549928665
1781099321366681600,84.806681640625,0.029818471521139145,0.11134111136198044,0.0931272804737091
1781099321391756500,84.83175659179688,0.08438451588153839,0.14371822774410248,0.10790090262889862
1781099321416832500,84.85683251953125,0.04916530102491379,0.03223061561584473,-0.04920933023095131
1781099321441907500,84.88190747070313,0.07617218047380447,0.020260393619537354,-0.09934380650520325
1781099321466983700,84.90698364257813,0.06000839173793793,0.08292312175035477,0.011350711807608604
1781099321492059400,84.93205932617188,0.037251148372888565,0.14119689166545868,0.005489877425134182
1781099321517134300,84.95713427734376,0.053317584097385406,-0.057699043303728104,-0.07801015675067902
1781099321542210300,84.98221020507812,0.07357054203748703,0.001762343104928732,-0.12663587927818298
1781099321567285500,85.00728540039063,0.11344681680202484,0.19860407710075378,-0.18899250030517578
1781099321592361500,85.03236157226563,0.0861285850405693,0.2782040238380432,-0.16514848172664642
1781099321617436400,85.0574365234375,-0.02796821855008602,0.09347757697105408,-0.11326511949300766
1781099321642512600,85.0825126953125,0.016505951061844826,-0.11286871135234833,-0.03161457180976868
1781099321667587600,85.10758764648438,0.02844034507870674,-0.135707825422287,0.0037516665179282427
1781099321692663600,85.13266357421875,0.004072804935276508,-0.06669345498085022,0.11869195103645325
1781099321717738500,85.15773852539063,0.02471180260181427,0.0878169909119606,0.12227900326251984
1781099321742814500,85.182814453125,-0.018373262137174606,0.12595711648464203,0.023963680490851402
1781099321767890400,85.20789038085937,-0.0235578753054142,-0.02746676467359066,-0.13281339406967163
1781099321792965400,85.23296533203126,-0.019557155668735504,-0.17385578155517578,-0.09880151599645615
1781099321818041600,85.25804150390626,0.012958798557519913,-0.09938565641641617,-0.0013238200917840004
1781099321843116500,85.28311645507813,0.05237295851111412,0.1036553829908371,0.0694197416305542
1781099321868192500,85.30819262695313,0.09668160229921341,0.16120944917201996,-0.06974902749061584
1781099321893267500,85.33326733398438,0.003968324512243271,0.04647441208362579,-0.13241496682167053
1781099321918343400,85.35834350585938,0.08209691941738129,-0.005851485766470432,-0.10646966099739075
1781099321943418600,85.38341870117188,0.02047853171825409,-0.04482628032565117,-0.010426532477140427
1781099321968494300,85.40849438476563,0.008350729942321777,0.043426431715488434,-0.08795753866434097
1781099321993570600,85.43357055664063,0.0044440217316150665,0.0013761799782514572,-0.027675433084368706
1781099322018645500,85.4586455078125,0.03667466342449188,0.038987208157777786,-0.0037892754189670086
1781099322043721700,85.4837216796875,-0.03853895515203476,0.011075950227677822,0.028596848249435425
1781099322068796700,85.50879663085938,-0.02001628652215004,0.007050542160868645,-0.054453738033771515
1781099322093872600,85.53387255859376,-0.001522910431958735,-0.08322148770093918,-0.04176285117864609
1781099322118947800,85.55894775390625,0.03054370917379856,-0.024748550727963448,-0.0974082350730896
1781099322144023600,85.5840234375,0.04805443808436394,-0.00380975310690701,0.011867016553878784
1781099322169098500,85.60909838867188,0.06384935230016708,0.05273265391588211,-0.058827709406614304
1781099322194174500,85.63417456054688,0.0346081368625164,0.04255295172333717,-0.13096338510513306
1781099322219249700,85.65924975585938,0.01224486343562603,-0.05539214238524437,-0.1207716315984726
1781099322244325600,85.68432568359376,0.02387172169983387,-0.05083071440458298,0.03826652839779854
1781099322269401600,85.70940161132812,0.026489436626434326,0.05134784057736397,0.026579027995467186
1781099322294476500,85.7344765625,0.06312882155179977,0.015952996909618378,0.0019316826947033405
1781099322319552800,85.759552734375,0.010120133869349957,-0.12027914822101593,-0.14717425405979156
1781099322344627700,85.78462768554688,0.005811614450067282,-0.09033582359552383,-0.052571140229701996
1781099322369703400,85.80970336914062,-0.01657012663781643,-0.08476269245147705,0.014978892169892788
1781099322394778600,85.83477856445313,0.05208820849657059,0.05545581504702568,0.07567624747753143
1781099322419854600,85.8598544921875,0.029701119288802147,-0.05005532503128052,-0.045969024300575256
1781099322444929500,85.88492944335937,0.03204667940735817,-0.04386206343770027,-0.07383381575345993
1781099322470005500,85.91000561523437,-0.031480394303798676,-0.12007339298725128,-0.09177366644144058
1781099322495080700,85.93508081054688,0.00733772199600935,-0.07141565531492233,0.00366005371324718
1781099322520156700,85.96015673828126,0.013751236721873283,-0.0581156425178051,-0.005099284928292036
1781099322545231600,85.98523168945313,-0.04332533851265907,-0.016226284205913544,0.0054548680782318115
1781099322570307800,86.01030786132813,-0.009624569676816463,-0.043309684842824936,-0.0036685513332486153
1781099322595383600,86.03538354492187,-0.05166280269622803,-0.02676677145063877,-0.0541529655456543
1781099322620458500,86.06045849609374,0.0070003001019358635,-0.02049354463815689,-0.05563870817422867
1781099322645534500,86.08553442382812,-0.027333024889230728,-0.01736314967274666,-0.09777801483869553
1781099322670609700,86.11060961914062,-0.007700201123952866,0.06519636511802673,0.020753975957632065
1781099322695685600,86.135685546875,-0.0022963513620197773,0.04290654510259628,-0.050061047077178955
1781099322720760600,86.16076049804687,0.014479758217930794,-0.012365954928100109,-0.013625753112137318
1781099322745836800,86.1858369140625,-0.020783808082342148,-0.10952488332986832,-0.022761303931474686
1781099322770911700,86.21091186523438,-0.0033307215198874474,-0.02184487320482731,0.03533104434609413
1781099322795987700,86.23598779296876,0.006844506599009037,-0.0431758388876915,0.006047065369784832
1781099322821062700,86.26106274414063,-0.00028237991500645876,-0.007959644310176373,-0.012790044769644737
1781099322846138600,86.286138671875,0.016461238265037537,-0.0280742309987545,0.02572013810276985
1781099322871214600,86.31121459960937,0.009969664737582207,0.04828563705086708,0.058625780045986176
1781099322896289500,86.33628955078125,0.0540601871907711,0.033233754336833954,0.08721856772899628
1781099322921365800,86.36136572265625,0.0008293710416182876,-0.02669326774775982,0.06578934192657471
1781099322946440700,86.38644067382812,0.024754267185926437,-0.05141890048980713,0.07508120685815811
1781099322971516700,86.4115166015625,-0.027521813288331032,-0.026464274153113365,-0.0026437309570610523
1781099322996591600,86.43659155273437,-0.02654378116130829,0.0008292094571515918,0.07250814139842987
1781099323021667800,86.46166772460937,0.018876636400818825,-0.02167396992444992,0.09270761162042618
1781099323046742500,86.48674243164062,-0.02023182064294815,0.06583293527364731,0.03695195913314819
1781099323071818200,86.511818359375,0.024695616215467453,-0.007877090014517307,0.011590857058763504
1781099323096893200,86.53689306640625,-0.03325822949409485,-0.06938240677118301,-0.018281517550349236
1781099323121969200,86.56196923828125,-0.0336298905313015,-0.004084403160959482,-0.024546779692173004
1781099323147045400,86.58704541015625,-0.03591035678982735,0.06918434053659439,-0.04794421046972275
1781099323172120300,86.61212036132812,-0.014364288188517094,0.15726956725120544,0.022664187476038933
1781099323197196300,86.6371962890625,0.024134047329425812,0.1745506227016449,-0.0139828622341156
1781099323222271500,86.662271484375,-0.02043946273624897,0.09200431406497955,-0.03549309819936752
1781099323247347500,86.68734741210938,0.000735302921384573,-0.013244455680251122,-0.016803840175271034
1781099323272422400,86.71242236328125,-0.03853549435734749,0.030588814988732338,0.015339594334363937
1781099323297498000,86.737498046875,-0.015878265723586082,0.038636889308691025,0.044220924377441406
1781099323322573300,86.7625732421875,0.027761271223425865,0.0007116873748600483,0.04657270386815071
1781099323347649300,86.78764916992188,-0.007790570147335529,0.03131486475467682,0.06564569473266602
1781099323372724200,86.81272412109375,0.0489058792591095,-0.001120455446653068,0.06337897479534149
1781099323397800400,86.83780053710937,-0.03140322118997574,0.06934294104576111,0.07733777165412903
1781099323422876400,86.86287646484375,-0.001922118361108005,0.06338179856538773,0.06897404789924622
1781099323447951400,86.88795141601562,0.04669797047972679,0.044579196721315384,0.016366582363843918
1781099323473027300,86.91302734375,0.024396423250436783,0.0645504742860794,0.05171050503849983
1781099323498102500,86.9381025390625,0.022275807335972786,-0.0010036181192845106,0.06950099021196365
1781099323523178200,86.96317822265625,-0.04951094463467598,0.030699223279953003,0.05425369367003441
1781099323548253200,86.98825317382813,-0.025524649769067764,0.057255540043115616,-0.06567885726690292
1781099323573329400,87.01332934570313,0.01910129003226757,0.01324737723916769,-0.04048437252640724
1781099323598404400,87.038404296875,-0.018189800903201103,0.044346362352371216,0.0074531203135848045
1781099323623480300,87.06348022460938,0.029521143063902855,0.13243505358695984,-0.021207664161920547
1781099323648555300,87.08855517578125,0.000507395132444799,0.13014499843120575,0.009417697787284851
1781099323673631500,87.11363159179687,0.021204033866524696,0.08065647631883621,0.048001714050769806
1781099323698707500,87.13870751953125,0.042343493551015854,0.05193386226892471,0.08310865610837936
1781099323723782400,87.16378247070313,0.01414476241916418,0.04096102714538574,0.08629392832517624
1781099323748858400,87.1888583984375,0.03071282058954239,-0.05419372022151947,-0.026903733611106873
1781099323773933300,87.21393334960938,-0.007969801314175129,-0.02445879764854908,-0.028562523424625397
1781099323799009300,87.23900927734375,-0.024286925792694092,-0.03119550459086895,0.07744487375020981
1781099323824084200,87.26408422851563,-0.01028026919811964,0.0549478717148304,0.11765146255493164
1781099323849160400,87.28916040039063,0.01163982693105936,0.26200592517852783,0.14516258239746094
1781099323874235400,87.3142353515625,0.05375715345144272,0.1564793586730957,0.0694262683391571
1781099323899311400,87.33931127929688,0.0862073302268982,0.040655605494976044,0.012618210166692734
1781099323924386300,87.36438623046875,0.024746865034103394,0.07014661282300949,-0.0524526946246624
1781099323949462500,87.38946264648438,0.04560045152902603,0.0012668418930843472,0.009254850447177887
1781099323974538200,87.41453833007813,0.07795602828264236,0.08410709351301193,-0.049498964101076126
1781099323999613200,87.43961328125,0.009747057221829891,0.10560876131057739,-0.05152816325426102
1781099324024689400,87.464689453125,0.014207998290657997,0.10542390495538712,0.03522982820868492
1781099324049764000,87.48976416015626,0.03834239020943642,0.13630524277687073,0.0907982885837555
1781099324074840300,87.51484033203126,0.03022809699177742,0.10161402076482773,-0.005157202482223511
1781099324099915300,87.53991528320313,0.059344641864299774,0.054168328642845154,-0.10622846335172653
1781099324124991200,87.5649912109375,0.03278043866157532,0.09333273768424988,-0.04845300316810608
1781099324150066200,87.59006616210938,0.07992132008075714,0.027506588026881218,0.07444042712450027
1781099324175142400,87.61514233398438,0.11476985365152359,0.03397448733448982,0.06280184537172318
1781099324200217300,87.64021728515625,0.06714140623807907,0.013198638334870338,-0.06306466460227966
1781099324225293000,87.66529296875,0.033185090869665146,-0.1380443423986435,-0.1664746254682541
1781099324250369300,87.69036938476563,0.03369499742984772,-0.09175851941108704,-0.06727220118045807
1781099324275444200,87.7154443359375,0.04974788427352905,0.10875792056322098,0.05659450590610504
1781099324300520200,87.74052026367187,0.07326286286115646,0.15690170228481293,0.03672973811626434
1781099324325595100,87.76559521484376,0.15298108756542206,0.10532688349485397,-0.04994712769985199
1781099324350671400,87.79067138671876,0.07802402228116989,0.03269487991929054,-0.12386712431907654
1781099324375746300,87.81574633789063,0.06709086149930954,-0.0030101570300757885,-0.09652508050203323
1781099324400822300,87.840822265625,0.15133315324783325,-0.10951061546802521,-0.14052599668502808
1781099324425897200,87.86589721679688,0.05043870583176613,-0.04206773266196251,-0.132395938038826
1781099324450973200,87.89097314453124,0.0738864541053772,-0.0924561470746994,-0.12131112813949585
1781099324476048100,87.91604809570312,0.03392355516552925,-0.06985926628112793,-0.027876272797584534
1781099324501124000,87.9411240234375,0.020991425961256027,0.09712420403957367,-0.06643837690353394
1781099324526200300,87.96620043945312,0.007975253276526928,0.004742723889648914,-0.07268933951854706
1781099324551275300,87.99127514648437,0.031216038390994072,-0.02790367417037487,0.03273338824510574
1781099324576351200,88.01635131835937,0.06691770255565643,0.036526136100292206,0.03481660783290863
1781099324601426200,88.04142626953124,0.07067906111478806,-0.10734619945287704,-0.0932232066988945
1781099324626502400,88.06650244140624,0.0988406240940094,-0.15993277728557587,-0.23360183835029602
1781099324651577300,88.09157739257813,0.06089013069868088,-0.14017663896083832,-0.11984113603830338
1781099324676653000,88.11665307617187,-0.027232738211750984,-0.07080773264169693,0.08310453593730927
1781099324701728000,88.14172802734375,0.05717100203037262,0.1382397562265396,0.10714590549468994
1781099324726804200,88.16680419921875,0.0753747746348381,0.02078590914607048,-0.04573073983192444
1781099324751879200,88.19187915039062,-0.03385161608457565,-0.0497005470097065,-0.11235453188419342
1781099324776955100,88.216955078125,0.01055159606039524,-0.12686209380626678,-0.12830255925655365
1781099324802031400,88.24203125,0.030990470200777054,-0.05574455484747887,-0.02882879599928856
1781099324827106300,88.26710620117187,0.025439554825425148,0.11061501502990723,-0.026407530531287193
1781099324852182300,88.29218237304687,-0.010071923956274986,0.034622132778167725,-0.09277918189764023
1781099324877257200,88.31725732421874,-0.023076901212334633,0.07952534407377243,-0.056165777146816254
1781099324902333200,88.34233325195312,-0.019525879994034767,0.04099001735448837,0.06628131121397018
1781099324927408000,88.367408203125,-0.06958170235157013,-0.01427365466952324,0.12142408639192581
1781099324952484000,88.39248413085937,0.04335067421197891,0.007194387726485729,-0.021104082465171814
1781099324977559300,88.41755932617187,0.014035013504326344,-0.2066870927810669,-0.022646714001893997
1781099325002635300,88.44263525390625,-0.05429765209555626,-0.018127096816897392,0.059666626155376434
1781099325027711500,88.46771142578125,0.002336485544219613,0.001510515925474465,0.11131555587053299
1781099325052786400,88.49278637695312,0.0407668761909008,0.1285804808139801,0.046697866171598434
1781099325077862100,88.51786206054688,0.05981028079986572,0.07924473285675049,0.08749372512102127
1781099325102937300,88.54293725585937,-0.01625652238726616,-0.02383124642074108,0.1771828532218933
1781099325128013300,88.56801342773437,0.060026176273822784,0.07518649101257324,0.03799666836857796
1781099325153088300,88.59308813476562,0.05123129114508629,-0.07214517146348953,-0.1834620237350464
1781099325178164500,88.61816455078124,-0.06091708317399025,-0.11422864347696304,-0.14832882583141327
1781099325203239400,88.64323950195312,-0.08659862726926804,-0.1582040786743164,-0.16454413533210754
1781099325228315400,88.6683154296875,0.04978208988904953,0.2605581283569336,-0.13914349675178528
1781099325253390300,88.69339038085937,0.04631868004798889,0.2527417838573456,-0.13120245933532715
1781099325278466600,88.71846655273437,-0.0641583800315857,0.2896009683609009,-0.05056896433234215
1781099325303542300,88.74354223632812,0.07215858995914459,0.11139605194330215,-0.1623871922492981
1781099325328617200,88.7686171875,0.1373370885848999,0.042874425649642944,-0.11348941922187805
1781099325353693400,88.793693359375,0.06015344336628914,-0.22352826595306396,0.0026852358132600784
1781099325378768400,88.81876831054687,0.04002589359879494,-0.16888462007045746,0.09027988463640213
1781099325403844400,88.84384423828125,0.16042746603488922,-0.08199605345726013,-0.13849569857120514
1781099325428919300,88.86891918945312,0.036183129996061325,-0.18278057873249054,-0.15613557398319244
1781099325453995500,88.89399560546875,-0.01020792219787836,-0.25137728452682495,-0.11185318231582642
1781099325479070500,88.91907055664062,-0.01259807962924242,-0.01972784660756588,0.03269365057349205
1781099325504146400,88.944146484375,0.07898924499750137,0.24117878079414368,-0.023668287321925163
1781099325529222400,88.96922241210937,0.04437262564897537,0.15368734300136566,-0.0949540063738823
1781099325554297300,88.99429736328125,-0.032151658087968826,-0.25442931056022644,-0.2066735327243805
1781099325579373300,89.01937329101563,-0.021844783797860146,-0.32614895701408386,-0.16410350799560547
1781099325604448300,89.0444482421875,0.0834205374121666,-0.2115066796541214,-0.09546171128749847
1781099325629524500,89.0695244140625,0.06473207473754883,0.00264783576130867,-0.06731719523668289
1781099325654599400,89.09459936523437,-0.019294744357466698,0.01861497201025486,-0.08486750721931458
1781099325679675400,89.11967529296875,-0.05018699914216995,0.015127412043511868,-0.1834636926651001
1781099325704750300,89.14475024414062,-0.057432305067777634,-0.3114249110221863,-0.10754750669002533
1781099325729826600,89.16982666015625,0.06712575256824493,-0.17934003472328186,-0.03501781448721886
1781099325754902300,89.19490234375,0.06798941642045975,-0.1818627268075943,-0.13943979144096375
1781099325779977200,89.21997729492188,0.055348098278045654,-0.027098683640360832,-0.03680887073278427
1781099325805053400,89.24505346679688,0.012623594142496586,-0.25937986373901367,-0.012005183845758438
1781099325830128400,89.27012841796875,0.02936386875808239,-0.21197684109210968,0.03167512267827988
1781099325855204400,89.29520434570313,-0.04089878126978874,-0.2985509932041168,-0.0743468850851059
1781099325880279300,89.320279296875,-0.07892859727144241,-0.1886301338672638,-0.006703294347971678
1781099325905355500,89.34535546875,-0.08571223169565201,-0.2307850867509842,0.09343340247869492
1781099325930430500,89.37043041992187,-0.003431864082813263,-0.171975240111351,0.03462591394782066
1781099325955506400,89.39550634765625,-0.05376247316598892,-0.04946165904402733,-0.12819315493106842
1781099325980582400,89.42058251953125,-0.13111799955368042,-0.1637304127216339,-0.19399245083332062
1781099326005657300,89.4456572265625,-0.10413503646850586,-0.07627662271261215,-0.08833996951580048
1781099326030733800,89.47073388671875,-0.06965700536966324,-0.12027549743652344,-0.10435283184051514
1781099326055808800,89.49580883789062,-0.07913076132535934,0.07222265750169754,-0.1324540376663208
1781099326080884700,89.520884765625,-0.0987895056605339,-0.10036958754062653,0.022335156798362732
1781099326105959700,89.54595971679687,-0.08507570624351501,-0.12720492482185364,0.10019201040267944
1781099326131036000,89.57103588867187,-0.08058440685272217,-0.017686838284134865,0.015757177025079727
1781099326156111600,89.59611157226563,-0.16825921833515167,-0.18617190420627594,-0.029944593086838722
1781099326181186600,89.6211865234375,-0.17505021393299103,-0.08359738439321518,0.16912537813186646
1781099326206262800,89.6462626953125,-0.09253368526697159,-0.014342633076012135,0.29142820835113525
1781099326231337700,89.67133764648437,-0.01990697719156742,0.14698196947574615,0.21621274948120117
1781099326256413700,89.69641357421875,-0.07616965472698212,-0.06438738852739334,0.07931698858737946
1781099326281488600,89.72148852539063,-0.08978284895420074,-0.27285274863243103,0.005620250478386879
1781099326306564900,89.74656494140625,-0.07581326365470886,-0.06886735558509827,0.027619780972599983
1781099326331639800,89.77163989257812,-0.08666124194860458,0.020292390137910843,0.13789959251880646
1781099326356715800,89.7967158203125,-0.06872289627790451,0.16092132031917572,0.08238792419433594
1781099326381791500,89.82179150390625,-0.09054918587207794,0.15331315994262695,0.03788933530449867
1781099326406866700,89.84686669921875,-0.13280180096626282,0.06426768004894257,-0.08843793720006943
1781099326431942700,89.87194262695313,-0.1401824653148651,0.06512658298015594,0.0684710219502449
1781099326457017600,89.897017578125,-0.07901541888713837,0.0036779148504137993,0.20205581188201904
1781099326482093800,89.92209375,0.0012981763575226068,0.0875450000166893,0.011707548052072525
1781099326507168800,89.94716870117188,-0.07309497147798538,0.16014346480369568,-0.06284833699464798
1781099326532244700,89.97224462890625,-0.1159287542104721,-0.10839342325925827,0.0062441397458314896
1781099326557319700,89.99731958007813,-0.03097924403846264,0.03898697346448898,0.1516207903623581
1781099326582396000,90.02239599609375,0.00041001482168212533,0.1916688084602356,-0.011135999113321304
1781099326607471600,90.0474716796875,-0.04012223333120346,0.006719999946653843,-0.14523281157016754
1781099326632546600,90.07254663085938,-0.11040014773607254,0.036450497806072235,-0.004121541976928711
1781099326657622800,90.09762280273438,-0.024708356708288193,0.1217893660068512,0.20483814179897308
1781099326682697700,90.12269775390625,0.03661639615893364,0.251505583524704,-0.03903241455554962
1781099326707773700,90.14777368164063,0.007218360900878906,0.2141408622264862,-0.06298405677080154
1781099326732848600,90.1728486328125,-0.22153563797473907,-0.1019616574048996,0.20734579861164093
1781099326757924900,90.1979248046875,-0.008896966464817524,0.1742667406797409,0.5185856223106384
1781099326782999800,90.22299975585938,0.19323840737342834,0.2171507030725479,0.06829103082418442
1781099326808075800,90.24807568359375,-0.3454585075378418,-0.29601791501045227,-0.13843940198421478
1781099326833151700,90.27315185546875,-0.2807299494743347,-0.14502061903476715,0.29086920619010925
1781099326858226700,90.29822680664063,0.2212776243686676,0.11269795149564743,0.37528783082962036
1781099326883302700,90.323302734375,0.11936262249946594,0.2970225512981415,-0.14053462445735931
1781099326908377600,90.34837768554688,-0.1902066320180893,0.23565712571144104,-0.0967087596654892
1781099326933453800,90.37345385742188,0.029214585199952126,-0.19958998262882233,0.18478646874427795
1781099326958528800,90.39852880859375,-0.05279379338026047,-0.12320347875356674,0.09395825862884521
1781099326983604700,90.42360473632813,-0.21826507151126862,0.0016519329510629177,-0.01672169752418995
1781099327008679700,90.4486796875,-0.24401813745498657,-0.20236974954605103,0.23371903598308563
1781099327033755400,90.47375537109374,-0.08266095817089081,-0.09090843796730042,0.1395203024148941
1781099327058831000,90.4988310546875,-0.02934229001402855,0.16871275007724762,-0.03775106370449066
1781099327083906300,90.52390625,-0.05415288358926773,-0.06764771044254303,-0.05667585879564285
1781099327108982300,90.54898217773437,0.025467783212661743,-0.10585550963878632,0.02710629440844059
1781099327134057200,90.57405712890625,0.06707411259412766,0.21910764276981354,0.011439229361712933
1781099327159133400,90.59913354492187,0.038292620331048965,0.2498721182346344,-0.05446275323629379
1781099327184208400,90.62420849609374,0.012427822686731815,-0.04406198859214783,0.015645857900381088
1781099327209284400,90.64928442382812,-0.009256907738745213,0.03282826766371727,0.06724361330270767
1781099327234359300,90.674359375,-0.041269995272159576,0.06124323606491089,0.14814533293247223
1781099327259435500,90.699435546875,0.03834611922502518,0.06837465614080429,0.1507471203804016
1781099327284511200,90.72451123046875,-0.0361122265458107,-0.14605334401130676,0.0898652970790863
1781099327309586200,90.74958618164062,0.019204389303922653,-0.08852959424257278,0.2086828052997589
1781099327334662400,90.77466235351562,0.1295282542705536,-0.23151908814907074,0.2530471384525299
1781099327359737300,90.7997373046875,0.2002338320016861,-0.023479489609599113,0.0552796795964241
1781099327384813300,90.82481323242187,0.1449756920337677,0.26488441228866577,-0.1472880095243454
1781099327409888300,90.84988818359375,0.09881358593702316,0.06417320668697357,-0.09744396060705185
1781099327434964500,90.87496459960937,0.010211746208369732,0.009178447537124157,-0.07747427374124527
1781099327460039400,90.90003930664062,0.0034678829833865166,0.2337016463279724,-0.08304528146982193
1781099327485115400,90.92511547851562,-0.049919795244932175,0.10221700370311737,0.004269302356988192
1781099327510191400,90.95019140625,-0.02843906544148922,0.17073747515678406,0.002907554619014263
1781099327535266300,90.97526635742187,-0.15154637396335602,-0.06313025951385498,-0.09619186818599701
1781099327560342300,91.00034228515625,-0.10711736232042313,-0.056973714381456375,-0.0035836338065564632
1781099327585417200,91.02541723632812,-0.08499030768871307,-0.10077662765979767,0.1279713660478592
1781099327610493400,91.05049340820312,-0.033083971589803696,0.025249550119042397,0.1298970878124237
1781099327635568400,91.075568359375,0.028876010328531265,0.131697878241539,-0.03161224350333214
1781099327660644400,91.10064428710938,0.06421618908643723,-0.06662075966596603,-0.04616905748844147
1781099327685719300,91.12571923828125,0.14254404604434967,0.10073065012693405,0.0310184508562088
1781099327710795500,91.15079541015625,0.13732030987739563,0.04551001265645027,-0.015486394986510277
1781099327735871200,91.17587133789063,0.1427026242017746,0.027915453538298607,-0.05560501292347908
1781099327760946200,91.2009462890625,0.0689966231584549,0.01971513032913208,0.03293970227241516
1781099327786022400,91.2260224609375,0.05145745724439621,-0.03687354177236557,0.11335215717554092
1781099327811097300,91.25109741210937,0.04126163199543953,0.07428207993507385,0.09269005060195923
1781099327836173300,91.27617333984375,0.00940436590462923,0.028898542746901512,0.0162030179053545
1781099327861248300,91.30124829101563,-0.016439305618405342,-0.014292184263467789,0.0163094624876976
1781099327886324500,91.32632446289062,-0.03858428820967674,-0.03341908007860184,0.02977495640516281
1781099327911399400,91.3513994140625,-0.017113585025072098,0.15815453231334686,0.03440059348940849
1781099327936475400,91.37647534179688,0.022306907922029495,0.14122064411640167,0.04048977047204971
1781099327961551400,91.40155126953125,0.08280342072248459,0.18715541064739227,0.004294391721487045
1781099327986626300,91.42662622070313,0.08421090245246887,0.06868928670883179,-0.007776937913149595
1781099328011702300,91.45170239257813,0.0898447334766388,0.12529246509075165,-0.06069774180650711
1781099328036778000,91.47677807617187,0.028691450133919716,-0.0038073547184467316,-0.010769246146082878
1781099328061854000,91.50185400390625,0.016247477382421494,0.13700930774211884,0.13925372064113617
1781099328086929200,91.52692919921876,0.04020211100578308,0.1019279733300209,0.18926526606082916
1781099328112005000,91.55200512695312,0.04696689918637276,0.22182708978652954,0.0588444322347641
1781099328137080000,91.577080078125,-0.01498557347804308,0.04690421745181084,-0.0054816692136228085
1781099328162156000,91.60215600585937,0.027893567457795143,0.11506017297506332,0.15534356236457825
1781099328187232000,91.62723193359375,0.04395296052098274,0.18039372563362122,0.17485199868679047
1781099328212307000,91.65230688476562,0.010464273393154144,0.17427833378314972,0.10501834750175476
1781099328237383000,91.6773828125,-0.014049384742975235,0.1003720834851265,0.05418946593999863
1781099328262458000,91.7024580078125,-0.04537747800350189,0.038138799369335175,-0.014091852121055126
1781099328287534000,91.7275341796875,-0.04151121899485588,0.16033174097537994,-0.054508380591869354
1781099328312609000,91.75260913085937,-0.06140334531664848,0.17940400540828705,-0.01505674235522747
1781099328337685000,91.77768505859375,-0.010724871419370174,0.33010098338127136,0.239071786403656
1781099328362760200,91.80276025390626,0.09908918291330338,0.2863096296787262,0.13535656034946442
1781099328387836000,91.8278359375,0.113841712474823,0.3293650150299072,-0.05259213224053383
1781099328412910800,91.85291088867187,0.025802839547395706,-0.06466995179653168,-0.08770868182182312
1781099328437987000,91.87798706054687,-0.06866300106048584,0.08035846799612045,0.2738276422023773
1781099328463063000,91.90306298828125,0.17181745171546936,0.3169027268886566,0.22155587375164032
1781099328488138000,91.92813793945312,0.0884358286857605,0.2625429630279541,0.07838468253612518
1781099328513214200,91.95321411132812,-0.015896640717983246,0.18642103672027588,0.08454304188489914
1781099328538289200,91.9782890625,0.10035508126020432,0.18072013556957245,0.19742156565189362
1781099328563364900,92.00336474609375,0.142240971326828,0.39748838543891907,0.045044559985399246
1781099328588440000,92.02844018554687,0.07134700566530228,0.11956106871366501,-0.29154258966445923
1781099328613516000,92.05351611328125,-0.022771591320633888,0.07853811234235764,-0.048061903566122055
1781099328638591000,92.07859106445312,0.13295748829841614,0.18706196546554565,0.014860318973660469
1781099328663667000,92.1036669921875,0.21951061487197876,0.5242522358894348,-0.0012690257281064987
1781099328688743200,92.1287431640625,0.3323076367378235,0.32454463839530945,-0.11749210953712463
1781099328713818000,92.15381811523437,0.02139323577284813,0.30740562081336975,0.05761423707008362
1781099328738894000,92.17889404296875,0.10101769864559174,0.2876265048980713,0.09051220864057541
1781099328763969000,92.20396899414062,0.09702535718679428,0.08034404367208481,0.07002528011798859
1781099328789045000,92.229044921875,0.0762350931763649,-0.05280693620443344,0.20418573915958405
1781099328814120000,92.25411987304688,0.11868742108345032,-0.045795176178216934,0.17907953262329102
1781099328839196000,92.27919580078125,0.13760390877723694,0.2026284784078598,0.23911656439304352
1781099328864270800,92.30427075195313,0.1905534714460373,0.18071015179157257,-0.007940546609461308
1781099328889347000,92.32934716796875,0.0899956226348877,-0.012026448734104633,-0.09285184741020203
1781099328914422000,92.35442211914062,0.15414521098136902,0.05097676068544388,-0.11910960078239441
1781099328939498000,92.379498046875,0.21044908463954926,0.2493794709444046,0.00282653933390975
1781099328964574200,92.40457421875,0.25991353392601013,0.41899436712265015,-0.12109571695327759
1781099328989649200,92.42964916992187,0.2470162808895111,0.2080516219139099,-0.21038790047168732
1781099329014724900,92.45472485351563,0.15051503479480743,0.16367191076278687,-0.18780535459518433
1781099329039799300,92.47979931640624,0.14387136697769165,0.15069468319416046,-0.11675288528203964
1781099329064875000,92.504875,0.17560820281505585,0.15414351224899292,-0.20859971642494202
1781099329089950200,92.5299501953125,0.11343001574277878,0.053605180233716965,-0.2699050009250641
1781099329115026200,92.55502612304687,0.10495124757289886,0.16239044070243835,-0.3009977340698242
1781099329140101000,92.58010107421875,0.12411589175462723,-0.02550509013235569,-0.22070077061653137
1781099329165177000,92.60517700195312,0.07782387733459473,0.1853233426809311,-0.16115689277648926
1781099329190253300,92.63025341796875,0.11761031299829483,0.14060023427009583,-0.1309785395860672
1781099329215328300,92.65532836914062,0.17267711460590363,0.25514721870422363,-0.1353713572025299
1781099329240404200,92.680404296875,0.13222619891166687,-0.051202382892370224,-0.30809035897254944
1781099329265479400,92.7054794921875,0.07824036478996277,-0.11089492589235306,-0.3594481348991394
1781099329290555100,92.73055517578125,0.05759325996041298,-0.12326549738645554,-0.18721339106559753
1781099329315630000,92.75563012695312,0.12203501164913177,0.007904007099568844,-0.11525889486074448
1781099329340706000,92.7807060546875,0.18728579580783844,0.2378828376531601,-0.17186124622821808
1781099329365781200,92.80578125,0.11835632473230362,0.18647120893001556,-0.17301569879055023
1781099329390857200,92.83085717773437,0.09869415313005447,0.22324226796627045,-0.17766565084457397
1781099329415932200,92.85593212890625,0.2182597815990448,0.25162386894226074,-0.2868322730064392
1781099329441008000,92.88100805664062,0.12951719760894775,0.19246716797351837,-0.17122144997119904
1781099329466084400,92.90608447265625,-0.025942321866750717,-0.025027194991707802,0.02650958113372326
1781099329491159300,92.9311591796875,0.08062753081321716,0.020604664459824562,0.15312427282333374
1781099329516235000,92.95623510742188,0.12606075406074524,-0.14765781164169312,0.1923438012599945
1781099329541310200,92.98131030273437,0.12087603658437729,-0.0800178200006485,0.28478679060935974
1781099329566386200,93.00638623046875,0.11537110060453415,-0.11566578596830368,0.24319952726364136
1781099329591461000,93.03146118164062,-0.02299364097416401,-0.07353583723306656,0.0910225585103035
1781099329616537000,93.056537109375,-0.004360774997621775,-0.08623318374156952,0.015193626284599304
1781099329641612300,93.0816123046875,0.13748066127300262,-0.1825721263885498,-0.1016571968793869
1781099329666688300,93.10668823242187,0.15484856069087982,-0.1059693768620491,-0.14816203713417053
1781099329691763200,93.13176318359375,0.1854892373085022,0.12249960005283356,-0.28052598237991333
1781099329716839400,93.15683935546875,0.1933940201997757,0.2172926962375641,-0.2647256851196289
1781099329741915100,93.1819150390625,0.1628197878599167,0.35027891397476196,-0.3121364712715149
1781099329766990000,93.20698999023438,0.05271147936582565,0.26285672187805176,-0.23077866435050964
1781099329792066000,93.23206616210938,0.07841480523347855,0.3135867118835449,-0.16555140912532806
1781099329817141200,93.25714135742187,0.04084603115916252,0.12887296080589294,-0.14337988197803497
1781099329842217200,93.28221728515625,0.11922105401754379,0.04508957639336586,-0.2529073655605316
1781099329867292200,93.30729223632812,0.06581254303455353,-0.12037486582994461,-0.16030938923358917
1781099329892368400,93.33236840820312,0.11724259704351425,0.012157266959547997,-0.11480780690908432
1781099329917443300,93.357443359375,0.056990884244441986,0.12273171544075012,0.051558222621679306
1781099329942519300,93.38251928710937,0.16462555527687073,0.23570021986961365,0.026358071714639664
1781099329967594200,93.40759423828125,0.12712742388248444,0.027699703350663185,-0.049089010804891586
1781099329992670200,93.43267016601563,0.06456542015075684,-0.08680381625890732,-0.12060375511646271
1781099330017746200,93.45774609375,0.02532838098704815,-0.1996288299560547,-0.033198680728673935
1781099330042822000,93.48282177734374,0.17518950998783112,-0.010376611724495888,-0.002840244211256504
1781099330067897900,93.50789794921874,0.1671176552772522,0.16825108230113983,-0.07632919400930405
1781099330092972800,93.53297290039062,0.09078642725944519,0.20691941678524017,-0.0933302491903305
1781099330118049000,93.55804907226562,0.13721926510334015,0.1273321658372879,-0.1702343076467514
1781099330143124000,93.5831240234375,0.03272513300180435,-0.040171485394239426,-0.07120775431394577
1781099330168199700,93.60819970703125,0.02980358898639679,0.07708710432052612,0.14303305745124817
1781099330193274600,93.63327465820312,0.19790467619895935,0.12080476433038712,0.1193208321928978
1781099330218350800,93.65835083007812,0.19927088916301727,0.16102804243564606,-0.07948871701955795
1781099330243425800,93.68342578125,0.11447121948003769,-0.15978825092315674,-0.1348564326763153
1781099330268501800,93.70850170898437,0.12188037484884262,-0.22698934376239777,-0.08517201989889145
1781099330293578000,93.73357788085937,0.1082724779844284,-0.12169428169727325,-0.012840240262448788
1781099330318653000,93.75865283203125,0.17018738389015198,0.2362036406993866,-0.17832088470458984
1781099330343729000,93.78372900390625,0.17500433325767517,0.169586181640625,-0.30375197529792786
1781099330368803800,93.80880395507812,0.06423243135213852,0.038279756903648376,-0.2674385905265808
1781099330393879800,93.8338798828125,0.14622941613197327,0.05767396464943886,-0.24460741877555847
1781099330418954800,93.85895483398437,0.20178452134132385,0.25814300775527954,-0.137092724442482
1781099330444030700,93.88403076171875,0.09381311386823654,0.40531378984451294,-0.0341457799077034
1781099330469105700,93.90910571289062,0.027217984199523926,0.21701431274414062,0.07237948477268219
1781099330494182000,93.93418188476562,0.1734784096479416,0.14736297726631165,-0.005033670458942652
1781099330519256800,93.9592568359375,0.08693114668130875,-0.003263689810410142,0.1546616107225418
1781099330544332800,93.98433276367187,0.053655777126550674,-0.0045362613163888454,0.30212515592575073
1781099330569408800,94.00940869140625,0.13600888848304749,0.10385222733020782,0.21735797822475433
1781099330594484000,94.03448388671875,0.12839706242084503,-0.0010491180000826716,0.08807777613401413
1781099330619559700,94.0595595703125,0.08878541737794876,-0.08179742097854614,0.07949911057949066
1781099330644634600,94.08463452148438,0.1100899949669838,-0.12951450049877167,0.17110155522823334
1781099330669710800,94.1097109375,0.19579850137233734,0.11334692686796188,0.026675455272197723
1781099330694785800,94.13478588867187,0.164078488945961,0.22664757072925568,-0.17470766603946686
1781099330719861800,94.15986181640625,0.08299070596694946,0.11996287107467651,-0.2012576460838318
1781099330744937000,94.18493701171874,0.13554972410202026,0.0911942571401596,-0.026870984584093094
1781099330770013000,94.21001293945312,0.20164832472801208,0.2074444442987442,-0.06496057659387589
1781099330795089000,94.2350888671875,0.19485004246234894,0.4098667502403259,-0.1727033108472824
1781099330820163800,94.26016381835937,0.0669616088271141,0.16228654980659485,-0.2247811257839203
1781099330845239800,94.28523974609375,0.08272282034158707,0.11377725005149841,-0.17139853537082672
1781099330870314800,94.31031469726562,0.16977716982364655,0.3205946385860443,-0.14009477198123932
1781099330895390700,94.335390625,0.1171923503279686,0.2510758936405182,-0.14986823499202728
1781099330920466000,94.3604658203125,0.18384136259555817,0.2620116174221039,-0.2105843722820282
1781099330945542000,94.3855419921875,0.12323618680238724,0.1997031271457672,-0.17438337206840515
1781099330970616800,94.41061694335937,0.16783010959625244,0.106238454580307,-0.06570900231599808
1781099330995692800,94.43569287109375,0.20427022874355316,0.1254553198814392,-0.04199504852294922
1781099331020768000,94.46076806640625,0.1527557522058487,0.05990108847618103,0.02274974249303341
1781099331045843200,94.48584326171876,0.214128777384758,0.10908395797014236,0.005237747449427843
1781099331070919000,94.5109189453125,0.2731189429759979,0.11004852503538132,0.0024053286761045456
1781099331095994000,94.535994140625,0.15375164151191711,-0.08179955184459686,0.006919450592249632
1781099331121070000,94.56107006835937,0.1660459041595459,-0.03189810737967491,-0.01173536479473114
1781099331146145000,94.58614501953124,0.14617472887039185,-0.09141675382852554,-0.10129722952842712
1781099331171221000,94.61122094726562,0.13631319999694824,-0.02088407799601555,-0.08226347714662552
1781099331196296200,94.63629614257812,0.17612816393375397,0.19263067841529846,-0.13694356381893158
1781099331221372200,94.6613720703125,0.14319442212581635,0.1303267776966095,-0.14060303568840027
1781099331246447000,94.68644702148437,0.06695249676704407,0.20376600325107574,-0.07822903245687485
1781099331271523300,94.7115234375,0.09812311083078384,0.15990415215492249,-0.13252031803131104
1781099331296598300,94.73659838867188,0.15719552338123322,0.08175521343946457,-0.1904725879430771
1781099331321674000,94.76167407226562,-0.015062243677675724,0.11508064717054367,-0.11391331255435944
1781099331346750000,94.78675,0.06551945209503174,0.12424461543560028,0.11428233981132507
1781099331371825200,94.8118251953125,0.2397974282503128,0.13522133231163025,-0.12058033794164658
1781099331396901000,94.83690112304687,0.08089074492454529,0.26728448271751404,-0.23696592450141907
1781099331421976000,94.86197607421875,0.04717298969626427,-0.013654924929141998,-0.1788298785686493
1781099331447052300,94.88705224609375,0.09335460513830185,-0.06304298341274261,0.07728977501392365
1781099331472127200,94.91212719726562,0.20830756425857544,0.23640882968902588,0.09145649522542953
1781099331497203200,94.937203125,0.23571833968162537,0.26096299290657043,-0.06452653557062149
1781099331522278100,94.96227807617187,0.1526370495557785,-0.008456896990537643,-0.30976617336273193
1781099331547354000,94.98735400390625,0.1006724089384079,-0.14764384925365448,-0.27970221638679504
1781099331572429000,95.01242895507812,0.10349278151988983,-0.04688470810651779,-0.00027473922818899155
1781099331597505000,95.03750512695312,0.3194344639778137,0.22242631018161774,0.03625484183430672
1781099331622581200,95.06258129882812,0.22209027409553528,0.4627838730812073,-0.20069092512130737
1781099331647656200,95.08765625,-0.02343524992465973,0.07270005345344543,-0.2388579249382019
1781099331672732200,95.11273217773437,0.2034325748682022,-0.2994992136955261,-0.10822929441928864
1781099331697807000,95.13780712890625,0.29051920771598816,0.029600251466035843,-0.07479841262102127
1781099331722883300,95.16288330078125,0.1816471368074417,0.22995378077030182,-0.08074142038822174
1781099331747958300,95.18795825195312,0.11110146343708038,0.23305118083953857,-0.18355347216129303
1781099331773034000,95.21303393554687,0.11899365484714508,-0.13604368269443512,-0.2849179804325104
1781099331798109000,95.23810888671875,0.13585220277309418,-0.19963039457798004,-0.15781790018081665
1781099331823185200,95.26318505859375,0.083921417593956,0.004847385920584202,-0.06873214989900589
1781099331848260000,95.28826000976562,0.13494524359703064,0.2134757786989212,-0.028138592839241028
1781099331873336000,95.31333618164062,0.07775842398405075,0.214042067527771,-0.27370068430900574
1781099331898412300,95.33841235351562,0.0608271062374115,-0.23072341084480286,-0.29490718245506287
1781099331923487200,95.3634873046875,0.15422484278678894,-0.1389964520931244,-0.20913906395435333
1781099331948563200,95.38856323242187,0.07537894695997238,0.13867853581905365,-0.09408235549926758
1781099331973638100,95.41363818359375,0.08758974820375443,0.12377361953258514,0.0029871277511119843
1781099331998714000,95.43871411132812,0.23268496990203857,0.10794150829315186,-0.09165461361408234
1781099332023789000,95.4637890625,0.15323024988174438,-0.09097554534673691,-0.142522931098938
1781099332048864500,95.48886450195313,0.05704879015684128,-0.3239764869213104,-0.1159880980849266
1781099332073939500,95.513939453125,0.15497943758964539,-0.22163943946361542,-0.17115537822246552
1781099332099015700,95.539015625,0.15690919756889343,-0.000756019726395607,-0.18130439519882202
1781099332124090600,95.56409057617188,0.08015881478786469,0.09483369439840317,-0.06566855311393738
1781099332149166600,95.58916650390626,0.1428302526473999,-0.013167338445782661,-0.1282852441072464
1781099332174242800,95.61424291992188,0.2052580565214157,-0.02095712535083294,-0.3275950849056244
1781099332199317800,95.63931787109375,0.06876329332590103,-0.0003324613790027797,-0.34753069281578064
1781099332224393700,95.66439379882813,0.09691575169563293,-0.20059475302696228,-0.16344723105430603
1781099332249468700,95.68946875,0.26045525074005127,0.014923302456736565,-0.19136610627174377
1781099332274544600,95.71454467773438,0.20376326143741608,0.1206270158290863,-0.3015461266040802
1781099332299619600,95.73961962890625,0.12862329185009003,-0.17383939027786255,-0.15730790793895721
1781099332324695600,95.76469555664063,0.07672339677810669,-0.28440576791763306,-0.0803544819355011
1781099332349770500,95.7897705078125,0.06380549818277359,-0.051327623426914215,-0.051806915551424026
1781099332374846700,95.8148466796875,0.10439441353082657,-0.06411943584680557,-0.22789311408996582
1781099332399921700,95.83992163085938,0.03913260996341705,-0.2275083214044571,-0.10789716988801956
1781099332424997600,95.86499755859376,0.043123919516801834,-0.07678169757127762,-0.0404491126537323
1781099332450073600,95.89007348632812,0.16614660620689392,0.09612228721380234,-0.0321093425154686
1781099332475148800,95.91514868164063,0.0753018856048584,0.049858272075653076,-0.07358808070421219
1781099332500224500,95.940224609375,-0.056933555752038956,-0.17722809314727783,-0.0039055701345205307
1781099332525299500,95.96529956054688,0.01776636578142643,-0.10083582997322083,0.03172599896788597
1781099332550375700,95.99037573242188,0.10992979258298874,-0.014459201134741306,-0.07043078541755676
1781099332575450600,96.01545068359376,0.0211285762488842,0.02251422591507435,0.016759289428591728
1781099332600526600,96.04052661132812,0.034522563219070435,-0.01113424263894558,0.06804103404283524
1781099332625601500,96.0656015625,0.11584020406007767,0.12789422273635864,0.07038020342588425
1781099332650677800,96.090677734375,0.0674915462732315,0.2102968990802765,-0.03600085899233818
1781099332675752700,96.11575268554688,0.022823326289653778,-0.06360939890146255,0.03354033827781677
1781099332700828700,96.14082861328124,0.09341695159673691,-0.07376235723495483,0.04130514711141586
1781099332725904600,96.16590454101562,0.13947312533855438,0.13233841955661774,-0.03479549661278725
1781099332750979600,96.1909794921875,0.12713265419006348,0.16955028474330902,-0.0449921078979969
1781099332776055600,96.2160556640625,0.12226922065019608,0.060292914509773254,0.0016026247758418322
1781099332801130500,96.24113061523437,0.08508595824241638,0.09024602174758911,0.06061914935708046
1781099332826206700,96.26620678710937,0.14551134407520294,0.2987080216407776,-0.025020545348525047
1781099332851281700,96.29128173828126,0.12253586202859879,0.16644340753555298,-0.14190521836280823
1781099332876357600,96.31635766601562,0.04351922124624252,-0.006123851984739304,-0.035080112516880035
1781099332901432600,96.3414326171875,0.1211651936173439,0.006357664708048105,-0.03142872080206871
1781099332926508500,96.36650854492187,0.22735652327537537,0.2375815212726593,-0.15692974627017975
1781099332951583700,96.39158374023438,0.1590001881122589,0.22725357115268707,-0.16463975608348846
1781099332976659500,96.41665942382812,0.09769745171070099,0.08147409558296204,0.014814152382314205
1781099333001735700,96.44173559570312,0.2682567238807678,0.03313666209578514,-0.11168991774320602
1781099333026810600,96.466810546875,0.20736068487167358,0.24862587451934814,-0.07460134476423264
1781099333051888000,96.49188818359374,0.1440616250038147,0.16166770458221436,-0.08337400108575821
1781099333076963300,96.51696337890625,0.18005147576332092,-0.04707439988851547,-0.07473564147949219
1781099333102039300,96.54203930664063,0.12467719614505768,-0.016213461756706238,-0.15001437067985535
1781099333127114200,96.5671142578125,0.0967557281255722,0.055563971400260925,0.0732870101928711
1781099333152190500,96.5921904296875,0.21253502368927002,0.187468484044075,-0.07077906280755997
1781099333177265400,96.61726538085938,0.08565209060907364,0.2598685920238495,-0.14431330561637878
1781099333202341400,96.64234130859376,-0.009229801595211029,0.04574204981327057,0.0014432589523494244
1781099333227416300,96.66741625976563,0.2013382613658905,-0.11045805364847183,0.16819407045841217
1781099333252492500,96.69249243164063,0.009090828709304333,0.262790322303772,0.27310484647750854
1781099333277568300,96.717568359375,0.11118987947702408,0.15394023060798645,-0.008266039192676544
1781099333302643200,96.74264331054688,0.058645717799663544,-0.1273045688867569,-0.1796281784772873
1781099333327719400,96.76771948242188,-0.3296813666820526,-0.3594605326652527,-0.08532896637916565
1781099333352794400,96.79279443359376,0.20114077627658844,-0.03572526574134827,0.22830969095230103
1781099333377870300,96.81787036132812,0.21447178721427917,0.2677060067653656,-0.3985549807548523
1781099333402945300,96.8429453125,-0.012971603311598301,0.609733521938324,-0.05832081660628319
1781099333428021500,96.868021484375,0.2661014795303345,-0.04689338058233261,-0.22319747507572174
1781099333453096400,96.89309643554688,0.051925815641880035,-0.17901499569416046,0.020917199552059174
1781099333478172400,96.91817236328124,0.18267089128494263,0.15907371044158936,-0.052757441997528076
1781099333503247400,96.94324731445313,0.0849798172712326,0.03988161310553551,-0.09454824775457382
1781099333528323300,96.9683232421875,0.25676229596138,0.039182718843221664,0.21076299250125885
1781099333553399300,96.9933994140625,0.25070828199386597,0.1169242337346077,-0.2211291342973709
1781099333578474200,97.01847412109375,0.08741897344589233,0.1490710973739624,0.12078803032636642
1781099333603550500,97.04355053710937,0.15175464749336243,-0.10409001260995865,-0.010307569988071918
1781099333628625400,97.06862548828126,0.06406793743371964,-0.04649687558412552,-0.004136268049478531
1781099333653701400,97.09370141601562,0.049457598477602005,0.21839334070682526,-0.13023769855499268
1781099333678776300,97.1187763671875,0.12364477664232254,-0.09179047495126724,-0.09510360658168793
1781099333703852300,97.14385229492187,0.10798583179712296,0.1323549598455429,0.0811605304479599
1781099333728927500,97.16892749023438,0.17321191728115082,0.30573874711990356,-0.018823662772774696
1781099333754003200,97.19400317382812,0.1453137844800949,0.20863273739814758,-0.09462138265371323
1781099333779078100,97.219078125,-0.07054878771305084,-0.020619699731469154,-0.12274973839521408
1781099333804154400,97.244154296875,0.08243440091609955,-0.12346812337636948,0.05043080821633339
1781099333829230300,97.26923022460937,0.15367558598518372,0.08338195085525513,-0.07010514289140701
1781099333854305300,97.29430517578125,0.10772214829921722,0.31430864334106445,-0.01611868292093277
1781099333879381500,97.31938159179687,0.13342058658599854,0.17443722486495972,-0.06520019471645355
1781099333904456400,97.34445654296874,-0.0024365512654185295,-0.03266186639666557,-0.022323003038764
1781099333929532400,97.36953247070312,0.08243685215711594,0.031371861696243286,-0.04364822804927826
1781099333954607400,97.394607421875,0.08956006914377213,-0.06066218763589859,-0.12100552022457123
1781099333979683300,97.41968334960937,0.05050063878297806,0.04877033084630966,0.04192330688238144
1781099334004758300,97.44475830078125,0.15111678838729858,0.048083990812301636,-0.06761941313743591
1781099334029834200,97.46983422851562,0.16679230332374573,0.004007121082395315,-0.21087519824504852
1781099334054908400,97.49490844726563,0.11380688101053238,0.06612778455018997,-0.19477635622024536
1781099334079984400,97.519984375,0.10156844556331635,0.05651453509926796,-0.029614748433232307
1781099334105059300,97.54505932617188,0.20544639229774475,0.15105311572551727,-0.08170902729034424
1781099334130135600,97.57013549804688,0.15784837305545807,0.056885093450546265,-0.26803967356681824
1781099334155211500,97.59521142578124,0.08578500896692276,-0.10170812159776688,-0.11616820842027664
1781099334180286500,97.62028637695313,0.19282633066177368,-0.09139864891767502,0.012618081644177437
1781099334205362400,97.64536254882813,0.2158537656068802,0.08111529797315598,-0.10344228148460388
1781099334230437600,97.67043774414063,0.08930361270904541,0.13676786422729492,-0.12569724023342133
1781099334255513300,97.69551342773437,0.03706931322813034,-0.05914068967103958,-0.09953015297651291
1781099334280588300,97.72058837890626,0.08963561803102493,-0.02358824945986271,-0.01247804518789053
1781099334305664500,97.74566455078126,0.17516767978668213,0.03155067190527916,-0.19627098739147186
1781099334330739500,97.77073950195313,0.04131669923663139,-0.021862376481294632,-0.18438874185085297
1781099334355815400,97.7958154296875,-0.01076629851013422,-0.048404764384031296,-0.2500964403152466
1781099334380890600,97.820890625,0.12491101771593094,-0.1135566383600235,-0.27494966983795166
1781099334405966600,97.84596655273438,0.04036533087491989,0.044441018253564835,-0.05642283335328102
1781099334431042600,97.87104248046874,0.14488378167152405,0.0989023894071579,-0.10747725516557693
1781099334456117500,97.89611743164062,0.08113882690668106,0.0587848424911499,-0.23302827775478363
1781099334481193500,97.921193359375,0.07370375841856003,0.0573633648455143,-0.12012439966201782
1781099334506268400,97.94626831054687,0.1998239904642105,-0.07008560001850128,-0.058128006756305695
1781099334531344400,97.97134448242187,0.07843596488237381,0.007914282381534576,0.04743136093020439
1781099334556419600,97.99641967773438,0.08236394077539444,0.1519412249326706,-0.05932513624429703
1781099334581495600,98.02149560546874,0.11014115810394287,-0.1609494984149933,-0.18014749884605408
1781099334606570500,98.04657055664063,0.006886524148285389,-0.2390095293521881,-0.014832191169261932
1781099334631646500,98.071646484375,0.12754151225090027,-0.15592874586582184,-0.05038680136203766
1781099334656721700,98.0967216796875,0.09600406140089035,-0.081903375685215,-0.15348310768604279
1781099334681797600,98.12179760742187,0.050225745886564255,0.05403639003634453,-0.13404671847820282
1781099334706872600,98.14687255859376,0.11116765439510345,0.04387296736240387,-0.06968344002962112
1781099334731948500,98.17194848632812,0.0463433600962162,-0.05189487338066101,0.002675954718142748
1781099334757023500,98.1970234375,0.0927751287817955,0.15149609744548798,-0.09528033435344696
1781099334782099500,98.22209936523437,0.08699171245098114,-0.029908882454037666,-0.2632502615451813
1781099334807175400,98.24717553710937,0.008721772581338882,-0.030712053179740906,0.00996646098792553
1781099334832250600,98.27225073242188,0.08141064643859863,-0.0021534559782594442,-0.040695663541555405
1781099334857326600,98.29732666015624,0.07858031243085861,-0.07146690040826797,-0.1469588577747345
1781099334882401500,98.32240161132812,0.023913739249110222,-0.02966664731502533,-0.21043628454208374
1781099334907477500,98.3474775390625,0.03213127702474594,-0.14700354635715485,-0.0750485509634018
1781099334932552700,98.372552734375,0.07578596472740173,-0.13296058773994446,-0.19819456338882446
1781099334957628400,98.39762841796875,0.05192865431308746,-0.14667753875255585,-0.28179192543029785
1781099334982703400,98.42270336914062,0.10965030640363693,-0.0777839943766594,-0.06327152252197266
1781099335007779600,98.44777954101562,0.1380094736814499,-0.00794157013297081,0.0424325093626976
1781099335032854500,98.4728544921875,0.10410140454769135,0.009797518141567707,-0.09553484618663788
1781099335057929700,98.4979296875,0.0738646388053894,-0.13152475655078888,-0.186202734708786
1781099335083006000,98.523005859375,0.11786867678165436,-0.27569353580474854,-0.11362776905298233
1781099335108081000,98.54808081054688,0.10289149731397629,-0.15704582631587982,-0.1020638719201088
1781099335133156900,98.57315698242188,0.12621265649795532,-0.030573833733797073,-0.02602703496813774
1781099335158231800,98.59823168945313,0.08853351324796677,-0.11998866498470306,-0.16022925078868866
1781099335183307800,98.62330786132813,0.04015292599797249,-0.24696065485477448,-0.29180166125297546
1781099335208382700,98.6483828125,0.039667047560214996,-0.19064979255199432,-0.3560281991958618
1781099335233458700,98.67345874023438,0.043367188423871994,-0.19317328929901123,-0.16841065883636475
1781099335258533600,98.69853369140625,0.050605956465005875,-0.023358380421996117,-0.09553588926792145
1781099335283609900,98.72360986328125,0.06284498423337936,-0.017489304766058922,-0.1564006358385086
1781099335308684800,98.74868481445313,0.05622134730219841,-0.34594863653182983,-0.2471493035554886
1781099335333760800,98.7737607421875,0.021819517016410828,-0.3546068072319031,-0.19670307636260986
1781099335358836000,98.7988359375,0.031218111515045166,-0.276894748210907,-0.07941928505897522
1781099335383912000,98.82391186523438,0.005624719895422459,-0.1511194258928299,0.025642285123467445
1781099335408987000,98.84898681640625,0.03945615515112877,-0.1332913190126419,-0.006029959302395582
1781099335434062600,98.8740625,0.01606241799890995,-0.22277793288230896,-0.05188528820872307
1781099335459137800,98.8991376953125,-0.04252256825566292,-0.2374979853630066,-0.18163341283798218
1781099335484213800,98.9242138671875,0.030257951468229294,-0.3029109239578247,-0.1997159719467163
1781099335509289700,98.94928979492188,0.0009667022968642414,-0.10727431625127792,-0.08959604799747467
1781099335534365000,98.97436499023438,0.007815998047590256,0.10898223519325256,0.06927873939275742
1781099335559441000,98.99944091796876,0.025670450180768967,0.09978493303060532,-0.013759360648691654
1781099335584515800,99.02451586914063,-0.04838395118713379,-0.014956680126488209,-0.08332794159650803
1781099335609591800,99.049591796875,-0.08568551391363144,-0.12417127937078476,-0.04035564512014389
1781099335634667000,99.0746669921875,0.001374135259538889,-0.12242766469717026,0.0832182839512825
1781099335659742700,99.09974267578124,0.04511504992842674,0.0330476351082325,-0.058516617864370346
1781099335684817700,99.12481762695313,-0.06898267567157745,0.18363334238529205,-0.035734012722969055
1781099335709894000,99.14989379882813,-0.03684050962328911,0.04014389216899872,0.0025238031521439552
1781099335734968800,99.17496875,-0.06688272953033447,-0.20241041481494904,-0.0031480113975703716
1781099335760044800,99.200044921875,-0.09132499992847443,-0.10286827385425568,-0.02048100158572197
1781099335785119700,99.22511962890626,-0.05919830873608589,-0.0852024182677269,-0.14706569910049438
1781099335810196000,99.25019604492188,-0.0317649319767952,-0.18771100044250488,-0.08333791792392731
1781099335835272000,99.27527197265626,0.0267470795661211,-0.0817032903432846,-0.10839032381772995
1781099335860347000,99.30034692382813,0.04086204245686531,-0.14199067652225494,-0.07429472357034683
1781099335885422800,99.3254228515625,0.02915075793862343,-0.0826474204659462,0.013915777206420898
1781099335910497800,99.35049780273438,0.1004045158624649,-0.2579454183578491,-0.2522934377193451
1781099335935573800,99.37557373046874,-0.08571877330541611,-0.3895297944545746,-0.4198870062828064
1781099335960648700,99.40064868164062,0.0675789937376976,-0.3762996196746826,-0.15141819417476654
1781099335985725000,99.42572485351562,0.14308425784111023,-0.3988373279571533,-0.10051412880420685
1781099336010799900,99.4507998046875,-0.006995824631303549,0.013205032795667648,-0.16259057819843292
1781099336035875800,99.47587573242187,-0.04525500163435936,-0.17435972392559052,-0.3224039077758789
1781099336060951000,99.50095092773438,-0.10327737778425217,-0.49060654640197754,-0.2387513965368271
1781099336086027000,99.52602709960938,-0.06166936084628105,-0.33421653509140015,-0.11631166189908981
1781099336111102000,99.55110205078125,-0.07715298980474472,-0.1277448683977127,-0.07121555507183075
1781099336136177700,99.576177734375,-0.08084850013256073,-0.18152302503585815,0.12736906111240387
1781099336161252900,99.6012529296875,0.002716049086302519,-0.25032222270965576,0.036051832139492035
1781099336186328800,99.62632885742188,-0.11151042580604553,-0.4125016927719116,-0.17704638838768005
1781099336211403800,99.65140380859376,-0.24564677476882935,-0.4139474630355835,-0.05470672622323036
1781099336236479700,99.67647973632812,-0.06369123607873917,-0.421987920999527,0.1311284899711609
1781099336261556000,99.70155590820312,-0.044135887175798416,-0.1339333951473236,-0.052213359624147415
1781099336286631000,99.726630859375,-0.221513569355011,0.25599542260169983,-0.037832245230674744
1781099336311707000,99.75170678710937,-0.1588391214609146,-0.28075090050697327,-0.08956587314605713
1781099336336782000,99.77678198242188,-0.17195086181163788,-0.40096840262413025,0.030319593846797943
1781099336361857800,99.80185791015624,-0.1846233457326889,0.01623391918838024,-0.08206699043512344
1781099336386932700,99.8269326171875,-0.18541869521141052,0.002890264382585883,0.03173460438847542
1781099336412008700,99.8520087890625,-0.09088702499866486,-0.20219333469867706,0.06560155749320984
1781099336437084000,99.877083984375,-0.1437152624130249,-0.1333220899105072,-0.05635886639356613
1781099336462160000,99.90215991210937,-0.11469050496816635,-0.19510838389396667,-0.052277833223342896
1781099336487234800,99.92723486328126,-0.14433394372463226,-0.2099824696779251,-0.057652946561574936
1781099336512311000,99.95231103515626,-0.1619040071964264,0.021852469071745872,0.023633277043700218
1781099336537386000,99.97738598632813,-0.0331902951002121,0.05444103851914406,0.08643320202827454
1781099336562462000,100.0024619140625,-0.06982375681400299,-0.09525429457426071,0.04821329563856125
1781099336587537000,100.02753686523438,-0.07712066918611526,-0.12884649634361267,-0.05385033041238785
1781099336612612900,100.05261279296874,-0.07935047149658203,-0.18989066779613495,-0.04884936660528183
1781099336637688800,100.07768872070312,-0.04507799074053764,-0.06503023207187653,0.03652118891477585
1781099336662763800,100.102763671875,-0.014436962082982063,0.1362534612417221,-0.024085428565740585
1781099336687840000,100.12784008789062,-0.13620725274085999,0.11403767019510269,-0.04258657246828079
1781099336712915000,100.1529150390625,-0.04969567805528641,0.056871816515922546,-0.020306475460529327
1781099336737991000,100.17799096679687,-0.1316121369600296,-0.0241951085627079,-0.13786722719669342
1781099336763065900,100.20306591796874,-0.13662151992321014,0.1825425773859024,0.09055880457162857
1781099336788142000,100.22814208984374,0.04661938548088074,0.029360109940171242,0.008930252864956856
1781099336813217000,100.25321704101563,-0.26441866159439087,0.055376000702381134,0.04456867277622223
1781099336838292700,100.27829272460937,-0.05991661176085472,0.05574214085936546,0.1403903216123581
1781099336863367700,100.30336767578125,-0.1107434630393982,-0.22873514890670776,-0.04255730286240578
1781099336888444000,100.32844384765625,-0.2469024509191513,0.08904329687356949,0.10643713921308517
1781099336913518800,100.35351879882812,-0.083268903195858,0.15711507201194763,0.13602317869663239
1781099336938594800,100.3785947265625,-0.10709268599748611,0.06534268707036972,0.15712448954582214
1781099336963669800,100.40366967773437,-0.2940627336502075,0.05273478850722313,-0.06067856773734093
1781099336988746000,100.42874609375,-0.17467617988586426,-0.1110135093331337,0.04042886942625046
1781099337013822000,100.45382202148437,-0.026104817166924477,-0.14898334443569183,0.1414359211921692
1781099337038897200,100.47889721679688,-0.08428194373846054,0.25807666778564453,-0.011188646778464317
1781099337063972900,100.50397290039062,-0.12482062727212906,0.2177075296640396,0.025624729692935944
1781099337089047800,100.5290478515625,-0.1334857940673828,0.01450998242944479,0.16386403143405914
1781099337114124000,100.5541240234375,-0.10228073596954346,0.01251466479152441,0.14680199325084686
1781099337139199000,100.57919897460937,-0.14959661662578583,0.12014289200305939,0.07402254641056061
1781099337164275000,100.60427490234375,-0.052800800651311874,0.03349113091826439,0.3050174415111542
1781099337189350000,100.62934985351562,0.09297040104866028,0.07196881622076035,0.2593730688095093
1781099337214426000,100.65442602539062,-0.029234664514660835,0.16124112904071808,-0.007725982461124659
1781099337239501000,100.6795009765625,-0.10204645991325378,0.011487445794045925,-0.10200393199920654
1781099337264577000,100.70457690429687,-0.10302485525608063,-0.23992405831813812,0.06797739118337631
1781099337289652000,100.72965185546875,-0.06099117919802666,0.08447711914777756,0.03484282270073891
1781099337314728000,100.75472802734375,-0.060420453548431396,0.4818551540374756,-0.1579132378101349
1781099337339803000,100.77980297851562,-0.07527701556682587,0.3115386664867401,-0.024563822895288467
1781099337364878800,100.80487890625,-0.07908948510885239,-0.06996552646160126,0.06529049575328827
1781099337389955000,100.829955078125,-0.12923873960971832,-0.019047027453780174,0.08177966624498367
1781099337415030000,100.85503002929687,-0.0958063006401062,-0.09082332998514175,0.1321711242198944
1781099337440106000,100.88010595703125,-0.05399445444345474,-0.1315365582704544,0.13153699040412903
1781099337465182000,100.90518188476562,-0.01182733103632927,-0.09745649993419647,0.07901911437511444
1781099337490257200,100.93025708007812,-0.03534265235066414,-0.0019859049934893847,0.12294092029333115
1781099337515332900,100.95533276367188,-0.04367929697036743,0.10511992871761322,0.15666677057743073
1781099337540407800,100.98040771484375,-0.08542943000793457,0.10381840169429779,0.039733998477458954
1781099337565484000,101.00548413085937,-0.12215513736009598,0.20820872485637665,0.0683094933629036
1781099337590559000,101.03055908203125,-0.06164667010307312,0.30278077721595764,0.16947248578071594
1781099337615635000,101.05563500976562,-0.037264034152030945,0.35045135021209717,0.22427508234977722
1781099337640710000,101.0807099609375,-0.02297523431479931,0.2966746687889099,0.1479410082101822
1781099337665786000,101.1057861328125,-0.016629952937364578,0.08984734863042831,0.04457607865333557
1781099337690861000,101.13086108398437,-0.10546348243951797,0.034857213497161865,0.0968940258026123
1781099337715937000,101.15593701171875,0.010476227849721909,0.1141246035695076,0.33745715022087097
1781099337741012000,101.18101196289062,0.08230502903461456,0.2947253882884979,0.26527342200279236
1781099337766088000,101.206087890625,-0.013264046981930733,0.2606692314147949,0.1676289290189743
1781099337791164000,101.23116381835938,0.03426819667220116,0.07034022361040115,0.05687885358929634
1781099337816238800,101.25623876953125,0.043733999133110046,0.048795972019433975,0.09401947259902954
1781099337841315000,101.28131518554687,0.024136917665600777,0.33564192056655884,0.182936891913414
1781099337866390000,101.30639013671875,0.14107348024845123,0.438484787940979,0.2709349989891052
1781099337891466000,101.33146606445312,0.07819541543722153,0.3857538104057312,0.16702716052532196
1781099337916541000,101.356541015625,0.025965292006731033,0.18256674706935883,0.1530272364616394
1781099337941617000,101.38161694335938,-0.009446435607969761,0.1407548487186432,0.05769199877977371
1781099337966692000,101.40669213867187,-0.027883380651474,0.1572105884552002,0.02449156530201435
1781099337991767800,101.43176782226563,-0.014333329163491726,0.150619238615036,0.06865469366312027
1781099338016842800,101.4568427734375,0.06888746470212936,0.146213561296463,0.1966986060142517
1781099338041919200,101.48191918945312,0.04284292832016945,0.2679689824581146,0.0002905679866671562
1781099338066994200,101.506994140625,-0.01152307353913784,0.24817174673080444,-0.057886380702257156
1781099338092070400,101.5320703125,0.014794928953051567,0.12422499060630798,-0.11324729025363922
1781099338117146400,101.557146484375,-0.031092723831534386,0.2943459749221802,0.06794563680887222
1781099338142221300,101.58222119140625,0.08816711604595184,0.4212084412574768,0.14310164749622345
1781099338167297300,101.60729736328125,0.11844264715909958,0.3618977665901184,0.04293610528111458
1781099338192372200,101.63237231445312,0.08210813254117966,0.042815275490283966,0.0557110533118248
1781099338217448200,101.6574482421875,-0.02723652683198452,0.05408143624663353,-0.020319055765867233
1781099338242523100,101.68252319335937,-0.030570777133107185,0.00758827431127429,0.09936822950839996
1781099338267599400,101.70759936523437,0.02506573684513569,0.11022394895553589,0.2125719040632248
1781099338292674300,101.73267431640625,0.15973785519599915,0.04014834761619568,0.13327258825302124
1781099338317750300,101.75775024414062,0.08149983733892441,0.1646902710199356,-0.06969936192035675
1781099338342825200,101.7828251953125,0.0405142605304718,0.04540569335222244,-0.18425850570201874
1781099338367901400,101.8079013671875,-0.03067614883184433,0.1635400503873825,0.03012182004749775
1781099338392976400,101.83297631835937,0.09029605239629745,0.34381064772605896,0.11752249300479889
1781099338418052000,101.85805200195313,0.05184559524059296,0.30778494477272034,-0.0377376452088356
1781099338443128300,101.88312841796875,0.0616280697286129,0.1635301262140274,0.11302165687084198
1781099338468203300,101.90820336914062,0.10720594227313995,0.004991691559553146,0.022585220634937286
1781099338493279200,101.933279296875,-0.02559478022158146,0.0006368890753947198,0.0007826460059732199
1781099338518354200,101.95835424804687,0.028436260297894478,-0.006062861531972885,-0.05435086786746979
1781099338543430400,101.98343041992187,0.10439793765544891,-0.12067925930023193,0.19244889914989471
1781099338568505300,102.00850537109375,0.17943663895130157,0.08415057510137558,0.1734132617712021
1781099338593581300,102.03358129882812,0.06252948939800262,0.15950769186019897,-0.1302749514579773
1781099338618656300,102.05865625,0.06413901597261429,-0.0007059170166030526,-0.14979924261569977
1781099338643732200,102.08373217773438,0.0408763624727726,-0.08123491704463959,-0.06061387434601784
1781099338668807200,102.10880712890625,0.14506469666957855,0.2653875946998596,0.10829460620880127
1781099338693883100,102.13388305664063,0.2524173855781555,0.1159793883562088,-0.1363735944032669
1781099338718958000,102.1589580078125,-0.07236068695783615,0.1373445987701416,0.022986236959695816
1781099338744034300,102.18403442382812,0.24474433064460754,-0.13325509428977966,0.020773958414793015
1781099338769109200,102.20910913085937,-0.16022168099880219,-0.24977797269821167,-0.27849143743515015
1781099338794185200,102.23418530273437,-0.08894466608762741,0.17837226390838623,0.1547616422176361
1781099338819261400,102.25926147460937,0.3351495862007141,-0.2567709684371948,0.0059817153960466385
1781099338844336400,102.28433642578125,0.011566348373889923,0.34191447496414185,-0.18482165038585663
1781099338869412000,102.309412109375,0.16743871569633484,0.33227047324180603,-0.4193447232246399
1781099338894487000,102.33448706054688,-0.028289543464779854,-0.3256559669971466,0.15459202229976654
1781099338919563300,102.35956323242188,0.009985263459384441,-0.07616783678531647,0.5541627407073975
1781099338944638200,102.38463818359375,0.026100698858499527,0.003122418886050582,-0.154836967587471
1781099338969714200,102.40971411132813,-0.17539051175117493,-0.12117685377597809,0.0574551559984684
1781099338994789400,102.43478930664062,0.08992912620306015,-0.48369520902633667,0.041988909244537354
1781099339019865300,102.459865234375,0.12316776812076569,-0.3298969268798828,-0.03741348162293434
1781099339044939800,102.48493969726563,0.12106215953826904,0.24922291934490204,-0.1520184576511383
1781099339070015700,102.510015625,0.04188069701194763,0.05233580619096756,-0.1669674515724182
1781099339095090700,102.53509057617188,0.0302982646971941,-0.1196216493844986,0.18820688128471375
1781099339120166700,102.56016674804688,0.03468579053878784,-0.053923822939395905,0.019085444509983063
1781099339145242600,102.58524267578125,0.0013671000488102436,-0.019787615165114403,-0.004821886774152517
1781099339170317600,102.61031762695312,0.0016762299928814173,-0.15672601759433746,-0.18956570327281952
1781099339195393800,102.63539379882812,0.04985497146844864,-0.010169760324060917,-0.1700335443019867
1781099339220468700,102.66046875,0.06255931407213211,-0.03564468398690224,-0.13341456651687622
1781099339245544700,102.68554467773437,0.01846724934875965,-0.04266348108649254,0.013764271512627602
1781099339270619600,102.71061962890624,0.07031698524951935,-0.10478829592466354,-0.09361532330513
1781099339295696000,102.73569580078124,0.005913404747843742,-0.10823207348585129,-0.2106080800294876
1781099339320770800,102.76077075195313,0.018082216382026672,-0.254745751619339,-0.06132644787430763
1781099339345846500,102.78584643554687,0.0685948058962822,-0.20499201118946075,-0.08036015182733536
1781099339370921700,102.81092163085937,0.1214614287018776,-0.09501826018095016,-0.17567791044712067
1781099339395997700,102.83599780273437,0.08970003575086594,-0.3772442638874054,-0.1505720466375351
1781099339421072600,102.86107275390626,0.0564519464969635,-0.29187461733818054,0.10079746693372726
1781099339446148600,102.88614868164062,0.1552172303199768,-0.0952993780374527,0.2081245332956314
1781099339471224800,102.91122485351562,0.1349215805530548,0.0010913773439824581,0.009382177144289017
1781099339496299800,102.9362998046875,0.056230105459690094,-0.2304871380329132,-0.2741023898124695
1781099339521375700,102.96137573242187,0.1288403421640396,-0.2677953243255615,-0.2649858593940735
1781099339546450700,102.98645068359374,0.2163275182247162,-0.20345140993595123,-0.19139643013477325
1781099339571526700,103.01152661132812,0.0871867761015892,0.11979208141565323,-0.2548292279243469
1781099339596601600,103.0366015625,0.09141913056373596,0.02233297936618328,-0.17091885209083557
1781099339621677600,103.06167749023437,0.0694640651345253,-0.16565001010894775,-0.088319793343544
1781099339646752500,103.08675244140625,-0.06138540804386139,-0.013370081782341003,0.013311391696333885
1781099339671828700,103.11182885742187,-0.020654024556279182,-0.029491642490029335,0.020952418446540833
1781099339696903700,103.13690356445312,-0.1231294646859169,-0.10911977291107178,-0.127253457903862
1781099339721979600,103.16197973632812,-0.08371995389461517,-0.06171421706676483,-0.015494410879909992
1781099339747054800,103.18705493164063,0.018491046503186226,-0.14381517469882965,0.044471707195043564
1781099339772130800,103.212130859375,-0.13196176290512085,0.13255003094673157,-0.06225254759192467
1781099339797205800,103.23720581054687,-0.09140615910291672,-0.016383828595280647,-0.2482568919658661
1781099339822281500,103.26228149414062,-0.12121010571718216,-0.25747185945510864,-0.07428663223981857
1781099339847357700,103.28735766601562,-0.06790267676115036,-0.04404771700501442,0.16193948686122894
1781099339872432600,103.3124326171875,-0.052967578172683716,-0.04194850102066994,-0.06218088045716286
1781099339897508600,103.33750854492187,-0.22867415845394135,-0.09293479472398758,-0.05004749819636345
1781099339922583800,103.36258374023437,-0.06363480538129807,-0.25328776240348816,0.22642084956169128
1781099339947659800,103.38765966796875,0.040361542254686356,-0.3534236550331116,0.1078672707080841
1781099339972734700,103.41273461914062,-0.15028193593025208,0.061030417680740356,-0.09224833548069
1781099339997810700,103.43781079101562,0.0001463588560000062,-0.19118842482566833,-0.08494015038013458
1781099340022886000,103.46288598632813,0.038302529603242874,-0.3931649625301361,0.09221012890338898
1781099340047962600,103.48796264648438,0.03139488771557808,0.04640190303325653,-0.15272288024425507
1781099340073037600,103.51303759765625,-0.005368954502046108,0.04648294299840927,-0.3006632328033447
1781099340098113500,103.53811352539063,0.031070362776517868,-0.2919207215309143,-0.2403324842453003
1781099340123188500,103.5631884765625,0.02537492662668228,-0.18190982937812805,-0.18179060518741608
1781099340148264700,103.5882646484375,-0.026034142822027206,0.0628504604101181,-0.020573435351252556
1781099340173339600,103.61333959960938,0.0788300484418869,-0.1303941309452057,-0.0192587748169899
1781099340198415600,103.63841552734375,-0.0891365259885788,-0.3057394325733185,-0.17186027765274048
1781099340223491600,103.66349169921875,-0.01790729910135269,-0.3775427043437958,-0.051577746868133545
1781099340248566500,103.68856640625,-0.0197544377297163,-0.4822828769683838,-0.037840086966753006
1781099340273642500,103.713642578125,-0.04366040974855423,-0.15079931914806366,0.10701186209917068
1781099340298717400,103.73871752929688,0.046039339154958725,-0.15193335711956024,0.03365686163306236
1781099340323793700,103.76379370117188,-0.01127789169549942,-0.2596280574798584,-0.0175971407443285
1781099340348868600,103.78886865234375,-0.03240833058953285,-0.33190497756004333,-0.100008524954319
1781099340373944600,103.81394458007813,-0.12579426169395447,-0.26774412393569946,0.07228593528270721
1781099340399019500,103.83901953125,-0.08061181008815765,-0.08081904798746109,0.2001398801803589
1781099340424095700,103.864095703125,-0.040440719574689865,0.04690931364893913,0.06818313896656036
1781099340449170700,103.88917065429688,-0.11930543929338455,-0.06274566054344177,-0.10029299557209015
1781099340474246400,103.91424633789063,-0.18360210955142975,-0.40222522616386414,-0.07701186090707779
1781099340499321600,103.93932153320313,-0.091543048620224,-0.20880208909511566,0.036790065467357635
1781099340524397600,103.9643974609375,-0.0861046090722084,0.14592483639717102,-0.07043785601854324
1781099340549472500,103.98947241210938,-0.12191858887672424,0.13521797955036163,-0.0296997781842947
1781099340574548500,104.01454858398438,-0.03511303663253784,-0.2420542687177658,0.08256902545690536
1781099340599623700,104.03962377929687,-0.11766812950372696,-0.12927184998989105,-0.0970819815993309
1781099340624699600,104.06469970703125,-0.09500965476036072,0.07862946391105652,-0.042701803147792816
1781099340649775600,104.08977563476563,-0.010379841551184654,-0.09326175600290298,0.10126324743032455
1781099340674850800,104.11485083007813,-0.08004875481128693,0.028664985671639442,0.17000730335712433
1781099340699926500,104.13992651367188,-0.045863181352615356,-0.02344432659447193,0.02504708245396614
1781099340725001500,104.16500146484375,-0.052414942532777786,-0.15631632506847382,0.04318098723888397
1781099340750077400,104.19007739257812,-0.08272325247526169,-0.20263554155826569,-0.01217062771320343
1781099340775152600,104.21515258789063,-0.05121577903628349,0.015254977159202099,-0.0536002442240715
1781099340800228600,104.240228515625,-0.010880070738494396,0.14809295535087585,-0.19213835895061493
1781099340825303600,104.26530346679688,-0.03032134845852852,0.09744815528392792,-0.25833675265312195
1781099340850379500,104.29037963867188,-0.06594619899988174,-0.010696875862777233,-0.15744715929031372
1781099340875454700,104.31545483398438,0.013447250239551067,0.21126767992973328,0.008828690275549889
1781099340900530700,104.34053076171875,-0.023569563403725624,0.2359934151172638,-0.16278935968875885
1781099340925605600,104.36560571289063,-0.09055797755718231,0.03286464139819145,-0.04076017066836357
1781099340950681600,104.390681640625,-0.06655410677194595,-0.11689236760139465,0.12529166042804718
1781099340975756500,104.41575659179688,-0.024651754647493362,-0.10701020807027817,0.10365070402622223
1781099341000832500,104.44083251953126,-0.04518718272447586,-0.1415959596633911,-0.003925612196326256
1781099341025907500,104.46590747070313,0.017398197203874588,-0.3097692131996155,0.10948087275028229
1781099341050982700,104.49098266601563,0.005565452389419079,-0.26622411608695984,0.007958492264151573
1781099341076059000,104.51605883789063,-0.010005076415836811,-0.056958265602588654,0.036345820873975754
1781099341101133800,104.5411337890625,0.03534870594739914,-0.15596355497837067,0.05812584236264229
1781099341126209800,104.56620971679688,0.0699579045176506,-0.31843847036361694,0.06592767685651779
1781099341151284700,104.59128466796875,-0.019933192059397697,-0.29952311515808105,-0.19467765092849731
1781099341176361000,104.61636083984375,-0.0761265754699707,-0.11512729525566101,-0.1265389621257782
1781099341201436000,104.64143579101562,-0.05985134467482567,-0.14441126585006714,-0.02086169831454754
1781099341226511600,104.66651171875,-0.10882409662008286,0.07614415884017944,-0.07548968493938446
1781099341251586600,104.69158666992188,-0.11678863316774368,-0.00346821965649724,-0.053681667894124985
1781099341276662800,104.71666284179688,-0.17100846767425537,-0.12201544642448425,-0.10380767285823822
1781099341301737700,104.74173779296875,-0.18391293287277222,-0.0992242693901062,-0.08052215725183487
1781099341326813700,104.76681372070313,-0.13641737401485443,-0.030335748568177223,-0.003839708399027586
1781099341351888600,104.791888671875,-0.15630559623241425,0.11932412534952164,0.09495475888252258
1781099341376964900,104.81696484375,-0.13290613889694214,0.1327652484178543,0.10443625599145889
1781099341402039800,104.84203979492187,-0.0898217037320137,0.0021633387077599764,0.1692800670862198
1781099341427115800,104.86711572265625,-0.037780459970235825,-0.04556058347225189,0.04876364395022392
1781099341452190700,104.89219067382813,-0.1317799687385559,-0.09382633864879608,0.03817516937851906
1781099341477266700,104.9172666015625,-0.048824138939380646,-0.06851083040237427,0.0898905098438263
1781099341502341600,104.94234155273438,-0.010367708280682564,0.08920563757419586,0.022894565016031265
1781099341527417600,104.96741748046875,-0.07993900775909424,0.10834166407585144,0.005820539314299822
1781099341552493800,104.99249389648438,-0.01051429845392704,-0.08190128207206726,0.20958897471427917
1781099341577568800,105.01756884765625,-0.026475604623556137,-0.09970112144947052,0.07487968355417252
1781099341602644700,105.04264477539063,-0.09364984929561615,-0.0052947294898331165,0.041175518184900284
1781099341627719700,105.0677197265625,-0.02343951165676117,-0.05498387664556503,0.17818191647529602
1781099341652796000,105.0927958984375,0.009208415634930134,-0.020193632692098618,0.08080605417490005
1781099341677870800,105.11787084960937,-0.057547733187675476,0.09420599043369293,-0.21425433456897736
1781099341702946600,105.14294653320313,-0.14140725135803223,-0.0193224735558033,-0.23054039478302002
1781099341728021800,105.16802172851563,-0.0338447168469429,-0.049857329577207565,0.03366287052631378
1781099341753097700,105.19309765625,-0.0685931071639061,0.3092741370201111,0.0655132308602333
1781099341778172700,105.21817260742188,-0.037514835596084595,0.43608948588371277,0.026231341063976288
1781099341803248600,105.24324853515625,-0.049452975392341614,-0.08518241345882416,0.044591642916202545
1781099341828323800,105.26832373046875,-0.24183736741542816,-0.1656862199306488,0.04972809553146362
1781099341853399800,105.29339990234375,-0.14522109925746918,0.008299908600747585,0.2791772186756134
1781099341878474800,105.31847485351562,-0.03909415751695633,-0.0644552931189537,0.3581942915916443
1781099341903551000,105.34355102539062,-0.029939519241452217,-0.020760428160429,0.17574270069599152
1781099341928626000,105.3686259765625,-0.07474536448717117,-0.14053846895694733,-0.19988928735256195
1781099341953701600,105.39370166015625,-0.053827010095119476,-0.2028028517961502,-0.10361997783184052
1781099341978776600,105.41877661132813,0.054419130086898804,-0.017929185181856155,0.15120576322078705
1781099342003852800,105.44385278320313,0.015258378349244595,0.4461442530155182,0.023836851119995117
1781099342028928800,105.4689287109375,0.017531683668494225,0.4252447485923767,0.035235702991485596
1781099342054004500,105.49400439453125,-0.001574487192556262,-0.1721419245004654,-0.15023304522037506
1781099342079080400,105.51908056640625,-0.10280852019786835,0.03995956853032112,-0.08218510448932648
1781099342104155400,105.5441552734375,-0.14520789682865143,0.05822763592004776,-0.01590351201593876
1781099342129231400,105.5692314453125,-0.058055900037288666,0.15551865100860596,0.1653968095779419
1781099342154306300,105.59430639648437,-0.1258891224861145,0.19450505077838898,-0.163894921541214
1781099342179382300,105.61938232421875,-0.21013562381267548,-0.02374054305255413,-0.1488417088985443
1781099342204457200,105.64445727539062,-0.04939671978354454,-0.1573018729686737,0.179165780544281
1781099342229533400,105.66953344726562,-0.017699630931019783,0.16979540884494781,0.27864113450050354
1781099342254608400,105.6946083984375,-0.054692625999450684,0.265096515417099,0.2594447135925293
1781099342279684400,105.71968432617187,0.010083205997943878,-0.035365279763936996,0.20640043914318085
1781099342304759300,105.74475927734375,0.08332457393407822,-0.19563603401184082,0.1213458999991417
1781099342329835500,105.76983544921875,-0.08683636039495468,-0.17061011493206024,-0.02321939542889595
1781099342354910500,105.79491040039062,-0.07962892204523087,-0.12019312381744385,0.16854935884475708
1781099342379986200,105.81998608398438,0.03216595947742462,-0.04604817181825638,0.25948023796081543
1781099342405061400,105.84506127929687,-0.013406437821686268,0.2508867681026459,0.03447921946644783
1781099342430137300,105.87013745117187,-0.06869889795780182,0.1903291791677475,-0.10604237020015717
1781099342455212300,105.89521240234374,0.00046981446212157607,-0.29293909668922424,-0.11102274060249329
1781099342480288300,105.92028833007812,-0.10064282268285751,-0.11115055531263351,-0.03510807454586029
1781099342505364500,105.94536450195312,-0.12746332585811615,0.13756346702575684,0.028930727392435074
1781099342530439400,105.970439453125,0.0197887122631073,0.3408302664756775,0.03713534027338028
1781099342555515400,105.99551538085937,-0.08388151973485947,0.28826186060905457,-0.24661566317081451
1781099342580590600,106.02059057617187,-0.11638730764389038,-0.0005187742644920945,-0.2665014863014221
1781099342605666300,106.04566625976562,-0.10510965436697006,-0.25451505184173584,0.024577971547842026
1781099342630741200,106.0707412109375,-0.14323444664478302,0.182167649269104,0.3444637358188629
1781099342655817200,106.09581713867188,0.046321138739585876,0.2377738058567047,0.16419842839241028
1781099342680892400,106.12089233398437,-0.09633389860391617,-0.14685121178627014,-0.1660078763961792
1781099342705968400,106.14596850585937,-0.127541646361351,-0.32362842559814453,-0.01911645382642746
1781099342731043300,106.17104321289062,0.18273919820785522,-0.29397040605545044,0.31364837288856506
1781099342756119600,106.19611962890625,0.06758251786231995,0.20344695448875427,-0.06898311525583267
1781099342781194500,106.22119458007812,-0.003628789447247982,0.5682549476623535,-0.12815937399864197
1781099342806270500,106.2462705078125,0.07805269956588745,-0.3173268735408783,0.03708359971642494
1781099342831345400,106.27134545898437,-0.020509082823991776,-0.14483490586280823,0.31759539246559143
1781099342856421400,106.29642138671875,-0.042159900069236755,-0.07230039685964584,-0.11406611651182175
1781099342881496300,106.32149633789062,-0.14569085836410522,-0.0200123842805624,-0.16336873173713684
1781099342906572300,106.346572265625,-0.12343061715364456,-0.1387699395418167,-0.2113208770751953
1781099342931648500,106.3716484375,-0.04291970655322075,0.044090013951063156,-0.03114251047372818
1781099342956723500,106.39672338867187,-0.0037212511524558067,0.1781119853258133,-0.22197455167770386
1781099342981799400,106.42179931640625,-0.11018156260251999,0.09436904639005661,-0.43415871262550354
1781099343006874400,106.44687426757812,-0.16063489019870758,-0.13132227957248688,-0.23751592636108398
1781099343031950600,106.47195068359375,-0.07467611879110336,0.03631392866373062,0.015777265653014183
1781099343057025800,106.49702587890626,-0.06388712674379349,0.20805326104164124,0.0264810211956501
1781099343082101500,106.5221015625,-0.03280984237790108,0.12725624442100525,0.13283175230026245
1781099343107176400,106.54717651367187,-0.0734441727399826,-0.21052971482276917,0.16243724524974823
1781099343132252700,106.57225268554687,-0.12876251339912415,-0.2934504747390747,0.21152335405349731
1781099343157327600,106.59732763671875,-0.08541671186685562,-0.20523212850093842,0.2282489836215973
1781099343182403600,106.62240356445312,-0.01414795033633709,-0.17355412244796753,0.235977903008461
1781099343207478500,106.647478515625,0.09815850108861923,0.05269651487469673,0.017135970294475555
1781099343232554800,106.6725546875,0.08672221004962921,0.14841999113559723,-0.29861387610435486
1781099343257629700,106.69762963867187,0.033793333917856216,0.019829189404845238,-0.34079763293266296
1781099343282705700,106.72270556640625,-0.056400950998067856,-0.154806450009346,-0.08446461707353592
1781099343307780600,106.74778051757812,-0.15465520322322845,0.16407744586467743,-0.02794235572218895
1781099343332856600,106.77285668945312,-0.18582141399383545,0.34512555599212646,-0.06810633838176727
1781099343357931500,106.797931640625,-0.10915039479732513,0.20233185589313507,-0.12292435765266418
1781099343383007500,106.82300756835937,-0.08179221302270889,-0.05139549449086189,-0.09189926087856293
1781099343408082400,106.84808251953125,-0.03790485858917236,-0.0951625257730484,0.05251813679933548
1781099343433158700,106.87315869140625,-0.08916357904672623,-0.07694666087627411,0.12452731281518936
1781099343458234600,106.89823461914062,-0.036739666014909744,-0.15723301470279694,-0.00395546667277813
1781099343483309600,106.9233095703125,-0.0929110199213028,-0.2206754833459854,-0.09865553677082062
1781099343508385500,106.94838549804687,-0.047206804156303406,-0.247441366314888,0.12266255170106888
1781099343533460700,106.97346069335937,0.16656513512134552,-0.12210295349359512,0.08379825949668884
1781099343558536400,106.99853637695313,0.002079757396131754,0.1835663914680481,-0.15841279923915863
1781099343583611400,107.023611328125,-0.0009159155888482928,0.013537014834582806,-0.027849089354276657
1781099343608687600,107.0486875,0.08356186002492905,-0.266912043094635,0.08116918802261353
1781099343633762600,107.07376245117187,-0.09603914618492126,0.038748208433389664,-0.013098557479679585
1781099343658838500,107.09883862304687,-0.01604006625711918,-0.03448385000228882,0.1726330816745758
1781099343683913500,107.12391357421875,-0.0885763168334961,-0.21512651443481445,0.4749143719673157
1781099343708989700,107.14898974609375,0.08676975965499878,0.005094108637422323,0.2733709514141083
1781099343734064600,107.17406469726562,-0.172732412815094,-0.3867497444152832,-0.3293902575969696
1781099343759140600,107.199140625,-0.4467705488204956,-0.5854079127311707,-0.3002006411552429
1781099343784215800,107.2242158203125,0.051969170570373535,-0.5947287082672119,0.23968705534934998
1781099343809291500,107.24929150390625,0.028698265552520752,-0.045624081045389175,-0.3061647415161133
1781099343834366500,107.27436645507812,-0.17375250160694122,1.7645589113235474,-0.6828163266181946
1781099343859442400,107.2994423828125,0.19524525105953217,-0.6824975609779358,-0.2975546717643738
1781099343884517600,107.324517578125,-0.23596727848052979,-0.13807591795921326,0.5067906379699707
1781099343909593600,107.34959350585937,-0.12581683695316315,0.4512694180011749,0.33285635709762573
1781099343934669600,107.37466967773437,-0.23610398173332214,0.26574671268463135,0.43695878982543945
1781099343959744800,107.39974487304687,-0.16880472004413605,-0.22176171839237213,0.26069170236587524
1781099343984820500,107.42482055664063,-0.07997336238622665,-0.37957173585891724,-0.013895394280552864
1781099344009895700,107.44989575195312,-0.16046826541423798,-0.5479270219802856,0.08928925544023514
1781099344034971400,107.47497143554688,0.0423494428396225,-0.23408393561840057,0.257701575756073
1781099344060045800,107.5000458984375,0.05611665919423103,-0.03235841915011406,0.17888988554477692
1781099344085121800,107.52512182617187,0.03739723563194275,0.0875362902879715,0.1428402066230774
1781099344110196700,107.55019677734376,0.17013166844844818,-0.44116178154945374,0.16936244070529938
1781099344135272700,107.57527270507812,0.0997702106833458,-0.2751246392726898,-0.07331723719835281
1781099344160348000,107.60034790039063,0.015201006084680557,0.14638154208660126,-0.4645174443721771
1781099344185424000,107.625423828125,0.002583390101790428,0.06791038811206818,-0.370346337556839
1781099344210498800,107.65049877929688,-0.12269164621829987,0.06317730993032455,-0.17283429205417633
1781099344235574800,107.67557470703125,-0.05274171009659767,0.10336505621671677,-0.11660042405128479
1781099344260650000,107.70064990234376,-0.061640072613954544,0.04840167611837387,-0.15536744892597198
1781099344285726000,107.72572583007812,-0.2241698056459427,-0.10958608984947205,-0.023338498547673225
1781099344310801000,107.75080078125,-0.065650075674057,-0.17874875664710999,0.16362351179122925
1781099344335876900,107.775876953125,-0.2843134105205536,-0.010640682652592659,-0.10472536832094193
1781099344360951800,107.80095190429688,-0.3110809028148651,-0.09021563082933426,0.03345243260264397
1781099344386027800,107.82602783203124,0.08039252460002899,-0.21198825538158417,0.3213461935520172
1781099344411103700,107.85110375976562,-0.20649008452892303,0.26640892028808594,-0.04934314638376236
1781099344436179000,107.87617895507813,-0.17727307975292206,0.21778331696987152,-0.22551152110099792
1781099344461255000,107.9012548828125,0.002856426639482379,-0.2984153926372528,0.29527702927589417
1781099344486329900,107.92632983398437,-0.03240445256233215,-0.14559592306613922,0.1775827407836914
1781099344511405800,107.95140576171875,-0.13807161152362823,0.2672281861305237,0.048831600695848465
1781099344536481000,107.97648095703126,0.03497059643268585,-0.050538793206214905,0.0366634838283062
1781099344561556700,108.001556640625,-0.1226608157157898,-0.15464511513710022,0.011069445870816708
1781099344586631700,108.02663159179687,-0.07662378251552582,-0.022320738062262535,0.1447862982749939
1781099344611708000,108.0517080078125,0.002888772403821349,-0.06853658705949783,0.251575767993927
1781099344636782800,108.07678295898438,-0.04486381262540817,0.22244849801063538,0.11419499665498734
1781099344661858800,108.10185888671874,-0.14663507044315338,0.1417325735092163,-0.18177452683448792
1781099344686933800,108.12693383789062,-0.17688171565532684,-0.21506085991859436,0.012343836016952991
1781099344712010000,108.15201000976562,-0.14886900782585144,-0.1689632385969162,0.32095780968666077
1781099344737085000,108.1770849609375,-0.0367988757789135,0.2609359622001648,0.16871154308319092
1781099344762161000,108.20216088867187,-0.1038370281457901,0.38745957612991333,0.032553236931562424
1781099344787235800,108.22723583984374,-0.22545132040977478,-0.2234428972005844,-0.13420350849628448
1781099344812311800,108.25231176757812,-0.10605695098638535,-0.38101035356521606,0.22462821006774902
1781099344837386800,108.27738671875,-0.07974891364574432,0.01772434264421463,0.10247858613729477
1781099344862462700,108.30246264648437,-0.13221599161624908,0.3898555636405945,-0.15936751663684845
1781099344887539000,108.3275390625,0.06807202845811844,0.19020751118659973,-0.14472024142742157
1781099344912614000,108.35261376953125,0.034890253096818924,-0.012071712873876095,-0.05657956749200821
1781099344937689900,108.37768994140625,0.011963722296059132,0.0002801416558213532,0.13218750059604645
1781099344962764800,108.40276489257812,0.013408606871962547,-0.02899617701768875,0.11549440771341324
1781099344987840800,108.4278408203125,-0.09745396673679352,-0.06734205037355423,-0.00872875191271305
1781099345012916000,108.452916015625,-0.20036092400550842,-0.13031576573848724,0.2241988331079483
1781099345037991700,108.47799169921875,0.08120481669902802,-0.20781683921813965,0.4033571779727936
1781099345063067400,108.5030673828125,0.11448382586240768,-0.08974714577198029,0.02482469379901886
1781099345088143400,108.52814331054688,-0.1921551525592804,0.16779844462871552,-0.2886519432067871
1781099345113218600,108.55321850585938,-0.04363565146923065,-0.33910462260246277,-0.04218565672636032
1781099345138294500,108.57829443359375,0.07662636786699295,-0.22752447426319122,0.3501869738101959
1781099345163369500,108.60336938476563,0.05962934345006943,0.434832900762558,-0.03152220696210861
1781099345188445700,108.62844580078125,-0.05523330345749855,0.2902316749095917,-0.31582480669021606
1781099345213520600,108.65352075195312,-0.13672609627246857,-0.4251619577407837,-0.19630800187587738
1781099345238596400,108.67859643554688,-0.14593352377414703,-0.3097161054611206,0.12730777263641357
1781099345263671300,108.70367138671875,-0.08471328020095825,0.31520208716392517,0.12128614634275436
1781099345288747500,108.72874755859375,-0.16858980059623718,0.2781192362308502,-0.005365493707358837
1781099345313822500,108.75382250976563,-0.2157449871301651,-0.173313170671463,0.017811231315135956
1781099345338898400,108.7788984375,-0.08387654274702072,-0.2226441353559494,0.07176782935857773
1781099345363974700,108.803974609375,-0.007373963948339224,0.13318268954753876,0.06026434898376465
1781099345389049600,108.82904956054688,-0.08901771903038025,-0.08294980973005295,-0.07192456722259521
1781099345414125600,108.85412548828126,-0.029853252694010735,-0.1266481727361679,0.1336783617734909
1781099345439200500,108.87920043945313,0.11468563973903656,0.11900458484888077,0.17777106165885925
1781099345464276500,108.9042763671875,0.06994118541479111,0.11937332153320312,-0.026181954890489578
1781099345489351400,108.92935131835938,-0.01520096231251955,-0.1887933313846588,-0.17586903274059296
1781099345514427400,108.95442749023438,-0.15577171742916107,-0.48203858733177185,-0.12737983465194702
1781099345539502300,108.97950244140625,-0.022039219737052917,0.14931513369083405,0.12685777246952057
1781099345564578600,109.00457861328125,-0.01432117074728012,0.21842433512210846,0.004692923743277788
1781099345589653500,109.02965356445313,-0.1529826819896698,0.1830911636352539,0.05042680725455284
1781099345614729500,109.0547294921875,-0.0863742083311081,-0.14280439913272858,-0.04598429799079895
1781099345639804400,109.07980444335938,-0.12550462782382965,-0.037657350301742554,-0.026685472577810287
1781099345664880600,109.10488061523438,-0.2526947557926178,-0.18258927762508392,0.04965861514210701
1781099345689955600,109.12995556640625,-0.04143398627638817,0.07026367634534836,0.16819320619106293
1781099345715031300,109.15503125,-0.040759291499853134,0.2593790590763092,0.014485729858279228
1781099345740106200,109.18010620117188,-0.1545659750699997,0.15056955814361572,-0.008320426568388939
1781099345765182500,109.20518237304688,-0.030178669840097427,-0.25551941990852356,-0.029314039275050163
1781099345790258400,109.23025854492188,-0.04883227497339249,-0.09277747571468353,0.04132789745926857
1781099345815333400,109.25533349609375,-0.11711724102497101,0.06857937574386597,0.10006291419267654
1781099345840409600,109.28040966796875,-0.07770038396120071,0.1529245376586914,0.15177585184574127
1781099345865484500,109.30548461914063,-0.044677719473838806,0.11914581060409546,0.13327300548553467
1781099345890560500,109.330560546875,-0.08822871744632721,0.059412967413663864,0.11178548634052277
1781099345915635500,109.35563549804688,-0.06873804330825806,-0.07270040363073349,0.020005062222480774
1781099345940711400,109.38071142578124,-0.07430218160152435,0.024033065885305405,-0.02195383980870247
1781099345965786400,109.40578637695313,-0.1344194859266281,0.052895110100507736,0.021112240850925446
1781099345990862300,109.4308623046875,-0.06465710699558258,0.13584503531455994,0.12411192059516907
1781099346015937500,109.4559375,0.008078323677182198,0.258666455745697,0.11601962894201279
1781099346041013500,109.48101342773438,-0.10718591511249542,0.15616559982299805,0.055372316390275955
1781099346066088200,109.50608813476562,-0.11214708536863327,-0.0818873941898346,0.10383868217468262
1781099346091164200,109.5311640625,-0.04176349937915802,0.00923208799213171,0.2171604186296463
1781099346116239400,109.5562392578125,-0.051445744931697845,-0.025314779952168465,0.16407664120197296
1781099346141315300,109.5813154296875,-0.032990407198667526,0.00038430921267718077,0.135091170668602
1781099346166390300,109.60639038085938,-0.040198106318712234,0.11113996803760529,0.11321266740560532
1781099346191466000,109.63146606445312,-0.06125044822692871,0.12626105546951294,0.2331315577030182
1781099346216541200,109.65654125976563,0.021587325260043144,0.2038760632276535,0.198991596698761
1781099346241617200,109.6816171875,0.06781633198261261,0.12730281054973602,0.043252039700746536
1781099346266692000,109.70669213867187,-0.007887651212513447,-0.13066112995147705,-0.1460929960012436
1781099346291768300,109.73176831054687,-0.010641898959875107,-0.017245208844542503,-0.026367168873548508
1781099346316844300,109.75684423828125,0.03861064463853836,0.19378401339054108,0.08137749880552292
1781099346341919200,109.78191918945312,-0.041907910257577896,0.2888793349266052,0.053453121334314346
1781099346366995200,109.8069951171875,-0.020821651443839073,0.23785826563835144,-0.02477971836924553
1781099346392070400,109.8320703125,-0.059832047671079636,0.07432834059000015,0.023938925936818123
1781099346417146000,109.85714599609375,-0.07852113991975784,-0.09072928130626678,0.08533185720443726
1781099346442221000,109.88222094726562,-0.010922478511929512,0.008171353489160538,0.019772738218307495
1781099346467297300,109.90729736328124,-0.046354059129953384,0.0035373393911868334,0.04702584818005562
1781099346492372200,109.93237231445312,-0.07257971912622452,0.002210058271884918,0.15867897868156433
1781099346517448200,109.9574482421875,0.01688297837972641,0.25540637969970703,0.15871010720729828
1781099346542523100,109.98252319335937,-0.01476389728486538,0.16005320847034454,0.07418935745954514
1781099346567599400,110.00759936523437,-0.021181032061576843,-0.045489631593227386,0.037676602602005005
1781099346592674300,110.03267431640624,0.06707343459129333,0.08328002691268921,0.04015438258647919
1781099346617750300,110.05775024414062,0.04595690220594406,0.1400110274553299,0.020665273070335388
1781099346642825200,110.0828251953125,-0.036832425743341446,0.01730922982096672,-0.0024369717575609684
1781099346667901200,110.10790112304687,-0.01205538585782051,0.10663367062807083,0.06860128045082092
1781099346692976000,110.13297607421875,-0.05849073454737663,0.19666501879692078,0.05423200875520706
1781099346718052000,110.15805200195312,-0.09762198477983475,0.18435345590114594,0.04049904644489288
1781099346743127000,110.183126953125,-0.09695021063089371,-0.006467205472290516,0.059871524572372437
1781099346768203300,110.20820336914062,0.022711629047989845,0.10638819634914398,0.0014875137712806463
1781099346793279200,110.233279296875,-0.017106544226408005,0.13002614676952362,-0.276356041431427
1781099346818354200,110.25835424804687,-0.026872089132666588,0.13612239062786102,-0.33955127000808716
1781099346843430400,110.28343041992187,-0.027214039117097855,0.2014971375465393,-0.21389560401439667
1781099346868505300,110.30850537109374,0.07410097867250443,0.5243682861328125,0.1355149745941162
1781099346893581000,110.3335810546875,0.09948901832103729,0.4653659462928772,0.13877002894878387
1781099346918656000,110.35865600585937,0.0636807456612587,0.09546288847923279,0.09402789175510406
1781099346943732200,110.38373217773437,-0.20298977196216583,-0.2932714521884918,0.06672309339046478
1781099346968807200,110.40880712890625,-0.13718418776988983,-0.22791090607643127,0.42869803309440613
1781099346993883100,110.43388305664062,0.06923038512468338,-0.07239436358213425,0.13520662486553192
1781099347018958000,110.4589580078125,-0.13109931349754333,0.092454694211483,0.08992324769496918
1781099347044034300,110.48403442382812,-0.10400635004043579,0.14061321318149567,0.13761231303215027
1781099347069109500,110.50910961914063,0.06835885345935822,0.10703291743993759,0.19465413689613342
1781099347094185500,110.534185546875,0.06724020093679428,0.1729215681552887,0.04481177031993866
1781099347119260700,110.5592607421875,0.01256515458226204,0.07179590314626694,-0.13457751274108887
1781099347144336400,110.58433642578125,-0.02074469067156315,-0.020437579602003098,-0.07922542095184326
1781099347169412400,110.60941235351562,0.1442529559135437,0.3060305714607239,-0.11322098225355148
1781099347194487600,110.63448754882812,0.11180867999792099,0.1607312113046646,-0.11241041868925095
1781099347219563500,110.6595634765625,0.04135983809828758,0.15727287530899048,0.030589912086725235
1781099347244638500,110.68463842773437,0.05952209606766701,0.001792319118976593,-0.06628789007663727
1781099347269714400,110.70971435546875,0.0022273841314017773,-0.062294937670230865,-0.24477264285087585
1781099347294789600,110.73478955078124,-0.13918296992778778,-0.19632795453071594,-0.12232761085033417
1781099347319865300,110.759865234375,0.050527844578027725,-0.17800301313400269,0.1426561176776886
1781099347344940500,110.7849404296875,0.08977147191762924,0.16768987476825714,0.027538105845451355
1781099347370016500,110.8100166015625,0.0058333659544587135,0.1784476339817047,-0.05261244624853134
1781099347395091500,110.83509155273437,0.016493739560246468,-0.30071690678596497,0.0973949208855629
1781099347420167400,110.86016748046875,0.040204502642154694,-0.2088337540626526,0.1716766506433487
1781099347445242400,110.88524243164062,0.08699429035186768,0.012031606398522854,0.14170004427433014
1781099347470318600,110.91031860351562,0.060336317867040634,-0.1649339199066162,0.10578335076570511
1781099347495393500,110.9353935546875,0.0798640325665474,-0.14486148953437805,0.00918496586382389
1781099347520469500,110.96046948242187,0.12102093547582626,-0.0853184163570404,-0.003032661508768797
1781099347545544400,110.98554443359374,0.10694823414087296,-0.13635607063770294,0.13685224950313568
1781099347570620400,111.01062036132812,0.13160814344882965,0.0033344051335006952,-0.005481339525431395
1781099347595696400,111.0356962890625,-0.004713463131338358,0.04434054344892502,-0.30095720291137695
1781099347620771300,111.06077124023437,0.07177974283695221,0.02566649578511715,-0.3107099235057831
1781099347645847600,111.08584765625,0.029529791325330734,-0.17722806334495544,-0.041951388120651245
1781099347670922500,111.11092260742187,0.010425126180052757,0.09467790275812149,0.017394796013832092
1781099347695998500,111.13599853515625,-0.008486125618219376,-0.012089214287698269,-0.07214348018169403
1781099347721073400,111.16107348632812,-0.003338651731610298,0.059463419020175934,-0.04158945754170418
1781099347746149600,111.18614965820312,-0.03658469766378403,-0.13333365321159363,-0.052081722766160965
1781099347771224600,111.211224609375,0.0008911265758797526,-0.0011282918276265264,-0.07502266019582748
1781099347796300300,111.23630029296875,0.02024621143937111,0.039322689175605774,-0.16293489933013916
1781099347821375500,111.26137548828125,0.06135590374469757,0.03225130960345268,-0.19551295042037964
1781099347846451500,111.28645141601562,0.08739619702100754,-0.11659032106399536,-0.07987037301063538
1781099347871526400,111.3115263671875,0.05600231513381004,-0.02842709980905056,0.048116330057382584
1781099347896602400,111.33660229492187,0.05363165959715843,-0.08247105032205582,0.06617584079504013
1781099347921677300,111.36167724609375,0.05241684243083,-0.07751315087080002,-0.027346279472112656
1781099347946753500,111.38675341796875,-0.017056209966540337,-0.2168930321931839,-0.04739001765847206
1781099347971829500,111.41182958984375,-0.04719792678952217,-0.27615952491760254,0.01750481128692627
1781099347996904400,111.43690454101562,-0.05643356591463089,-0.14836905896663666,0.07618269324302673
1781099348021980400,111.46198046875,0.01969916746020317,-0.08998918533325195,0.013493353500962257
1781099348047055400,111.48705541992187,0.0016046784585341811,-0.11652523279190063,-0.11249854415655136
1781099348072131000,111.51213110351563,-0.007206214126199484,-0.1080140694975853,-0.13378342986106873
1781099348097206300,111.53720629882812,0.013225557282567024,-0.3224685788154602,-0.019795607775449753
1781099348122282200,111.5622822265625,-0.038874685764312744,-0.09254278242588043,-0.0734810158610344
1781099348147357200,111.58735717773438,0.014337337575852871,-0.04893321171402931,-0.12961329519748688
1781099348172433200,111.61243310546875,-0.014501101337373257,-0.05882195383310318,-0.05041041225194931
1781099348197508400,111.63750830078125,-0.026379670947790146,-0.11131243407726288,-0.004623074550181627
1781099348222584300,111.66258422851563,-0.049984510987997055,0.12710851430892944,0.05091829597949982
1781099348247659300,111.6876591796875,0.006090238690376282,0.13195310533046722,-0.08986116945743561
1781099348272735200,111.7127353515625,-0.10186285525560379,-0.13932368159294128,-0.08254919201135635
1781099348297810400,111.737810546875,-0.04420267045497894,-0.07321218401193619,0.0910908579826355
1781099348322886100,111.76288623046875,0.015200202353298664,-0.10945513844490051,0.0603068508207798
1781099348347961000,111.78796118164063,-0.015335186384618282,-0.05358411744236946,-0.03450949490070343
1781099348373037300,111.81303735351563,-0.11946963518857956,-0.16370722651481628,-0.04763467609882355
1781099348398113300,111.83811328125,0.030017439275979996,-0.09093027561903,0.0427112877368927
1781099348423188200,111.86318823242188,-0.030740151181817055,-0.19118048250675201,0.12071133404970169
1781099348448264400,111.88826440429688,0.0657498687505722,0.3249499499797821,0.06441660225391388
1781099348473339400,111.91333935546875,0.1837090104818344,-0.20381462574005127,0.07266736030578613
1781099348498415000,111.9384150390625,0.02974058873951435,-0.047982197254896164,0.10231748968362808
1781099348523490300,111.963490234375,0.005731454584747553,-0.034451741725206375,-0.12624609470367432
1781099348548566300,111.98856616210938,0.005926572252064943,-0.019360367208719254,0.1384568065404892
1781099348573641200,112.01364111328125,0.013143101707100868,0.10232573747634888,0.17703212797641754
1781099348598717200,112.03871728515625,0.008559583686292171,0.07751671224832535,0.003004881553351879
1781099348623792000,112.06379223632813,0.03360237926244736,-0.18584346771240234,-0.11060468852519989
1781099348648868400,112.08886840820313,-0.006087375804781914,-0.07504912465810776,0.010102465748786926
1781099348673943300,112.113943359375,0.052249420434236526,0.028438085690140724,0.12752702832221985
1781099348699019300,112.13901928710938,0.055389612913131714,0.16453120112419128,0.1623937338590622
1781099348724094200,112.16409423828125,0.06796769052743912,0.1557946801185608,-0.08411246538162231
1781099348749170200,112.18917016601563,-0.06899995356798172,-0.1333656907081604,-0.14064759016036987
1781099348774246100,112.21424609375,-0.10536704957485199,-0.05353374406695366,0.05206163972616196
1781099348799321000,112.23932104492188,-0.02114209160208702,0.15739385783672333,0.18860089778900146
1781099348824397300,112.26439721679688,0.03092685528099537,0.3159025013446808,0.11577882617712021
1781099348849472300,112.28947216796875,-0.0461413599550724,0.22079969942569733,-0.23267430067062378
1781099348874548200,112.31454833984375,-0.06304316967725754,-0.13824822008609772,-0.15984196960926056
1781099348899623200,112.339623046875,-0.06899042427539825,-0.013778114691376686,0.2200966775417328
1781099348924699400,112.36469946289063,-0.0429980643093586,0.21484117209911346,0.1283291131258011
1781099348949774300,112.3897744140625,-0.06320272386074066,0.11448854207992554,0.08368752151727676
1781099348974850300,112.41485034179688,-0.09657381474971771,-0.0954650267958641,0.21633395552635193
1781099348999925200,112.43992529296875,-0.04423690587282181,0.057206347584724426,0.21536633372306824
1781099349025001200,112.46500122070313,0.008726387284696102,-0.12569677829742432,0.1404598355293274
1781099349050076200,112.490076171875,-0.1619064062833786,0.06939868628978729,-0.09610085189342499
1781099349075152100,112.51515209960938,0.02484365925192833,0.2612505257129669,-0.15277355909347534
1781099349100227000,112.54022705078125,0.09199392795562744,-0.08433457463979721,0.058066245168447495
1781099349125303000,112.56530297851563,0.0006181323551572859,0.5129496455192566,-0.36283737421035767
1781099349150378000,112.5903779296875,0.09800495207309723,0.23232780396938324,-0.2095809131860733
1781099349175454200,112.6154541015625,-0.00025415094569325447,-0.04130169376730919,0.13766738772392273
1781099349200530200,112.6405302734375,-0.002889788942411542,0.09211944043636322,-0.036076582968235016
1781099349225605000,112.66560522460938,-0.036902498453855515,0.0016008794773370028,-0.17409613728523254
1781099349250681000,112.69068115234376,-0.047543130815029144,-0.07116635143756866,0.09094271063804626
1781099349275756000,112.71575610351563,-0.019894428551197052,-0.04830588400363922,0.28870007395744324
1781099349300832000,112.74083203125,0.06800488382577896,0.028808455914258957,0.06903862953186035
1781099349325907000,112.76590698242188,0.09816960245370865,-0.01785043440759182,-0.1070440486073494
1781099349350983200,112.79098315429688,0.06989753991365433,-0.08726290613412857,0.023375237360596657
1781099349376058000,112.81605810546876,0.15005429089069366,-0.0035066846758127213,0.17237310111522675
1781099349401134000,112.84113403320312,0.18131111562252045,-0.13933593034744263,0.07536142319440842
1781099349426209000,112.866208984375,0.02065213769674301,0.009204204194247723,-0.20079165697097778
1781099349451285200,112.89128515625,0.03032524511218071,-0.1298498511314392,-0.09120260179042816
1781099349476360200,112.91636010742188,-0.11974106729030609,-0.2489018440246582,0.10884648561477661
1781099349501436000,112.94143579101562,-0.1428152620792389,0.10156628489494324,0.049915462732315063
1781099349526511000,112.96651098632813,-0.08950217068195343,-0.05484957620501518,0.08582377433776855
1781099349551587000,112.99158715820313,-0.15422911942005157,0.001848895219154656,0.10714510828256607
1781099349576662000,113.016662109375,-0.08366772532463074,-0.14305491745471954,-0.0820281133055687
1781099349601738000,113.04173803710937,-0.10468189418315887,-0.38907137513160706,-0.09676361083984375
1781099349626814200,113.06681420898437,-0.15815353393554688,0.03541587293148041,0.12485970556735992
1781099349651889200,113.09188916015626,-0.08086492121219635,0.26659008860588074,0.32157886028289795
1781099349676965000,113.11696508789062,0.0050701964646577835,0.22049552202224731,0.15818510949611664
1781099349702040300,113.14204028320313,0.119868203997612,0.036162395030260086,-0.2726581394672394
1781099349727116000,113.16711596679687,0.08845320343971252,-0.14499932527542114,-0.3588929772377014
1781099349752191000,113.19219091796874,0.07429300248622894,0.05457960069179535,-0.014438267797231674
1781099349777267000,113.21726684570312,0.1532343029975891,0.31266680359840393,0.21127326786518097
1781099349802342100,113.24234204101562,0.11819932609796524,0.2553573250770569,0.0563071146607399
1781099349827418000,113.26741821289062,0.00690632127225399,0.04387681186199188,-0.16005373001098633
1781099349852493000,113.2924931640625,-0.08746151626110077,-0.2990141212940216,-0.08315286040306091
1781099349877569300,113.3175693359375,0.057080067694187164,-0.13647983968257904,0.08380719274282455
1781099349902644200,113.34264428710938,0.1473388820886612,-0.1652480512857437,-0.03854506090283394
1781099349927720200,113.36772021484374,0.04807841405272484,0.24636578559875488,-0.1689346581697464
1781099349952795100,113.39279516601563,-0.033343035727739334,0.25500982999801636,-0.1939927190542221
1781099349977871000,113.41787109375,-0.0040571726858615875,-0.15450266003608704,-0.08145032078027725
1781099350002946000,113.44294604492187,0.023072686046361923,0.07197171449661255,-0.16690240800380707
1781099350028022000,113.46802197265625,0.032594554126262665,0.12462720274925232,-0.2441343367099762
1781099350053097500,113.49309741210938,0.04293267801403999,-0.02423710934817791,-0.03189797326922417
1781099350078173700,113.51817358398438,0.03522992506623268,-0.12275778502225876,0.09887110441923141
1781099350103249700,113.54324975585938,0.04598294198513031,-0.02743103913962841,0.06357699632644653
1781099350128324600,113.56832470703125,0.006023126654326916,-0.004658805206418037,-0.06879635900259018
1781099350153400600,113.59340063476563,-0.007983461022377014,-0.0190453939139843,-0.020374402403831482
1781099350178475500,113.6184755859375,0.030305922031402588,-0.00303218443877995,0.17124485969543457
1781099350203551500,113.64355151367188,0.12553736567497253,0.008616824634373188,0.21958574652671814
1781099350228626400,113.66862646484375,0.13868989050388336,-0.031101064756512642,0.016333792358636856
1781099350253702700,113.69370263671875,0.04662562161684036,-0.13032199442386627,-0.15804347395896912
1781099350278777600,113.71877758789063,-0.02552367001771927,-0.1620642989873886,-0.05617833510041237
1781099350303853600,113.743853515625,-0.01645176112651825,-0.13515077531337738,0.10120713710784912
1781099350328928500,113.76892846679688,-0.051083922386169434,-0.014072660356760025,0.04052552208304405
1781099350354004700,113.79400463867188,-0.039960432797670364,0.20759449899196625,-0.05618290975689888
1781099350379079700,113.81907958984375,-0.000021359766833484173,0.16342903673648834,0.0018355699721723795
1781099350404155400,113.8441552734375,-0.016009226441383362,0.0696176290512085,0.04320555925369263
1781099350429230600,113.86923071289063,0.06351716816425323,-0.0996396467089653,0.0013863430358469486
1781099350454306600,113.894306640625,0.06649460643529892,-0.048589397221803665,-0.06701214611530304
1781099350479381500,113.91938159179688,0.03696545213460922,0.06738263368606567,-0.12029694765806198
1781099350504457500,113.94445751953126,-0.01885940693318844,0.04919925332069397,-0.0388377420604229
1781099350529533700,113.96953369140626,-0.014454243704676628,0.08439269661903381,0.13416123390197754
1781099350554608600,113.99460864257813,0.014329674653708935,0.11317713558673859,0.12750940024852753
1781099350579684600,114.0196845703125,0.008511112071573734,0.05403939634561539,-0.035737134516239166
1781099350604759800,114.044759765625,-0.011337949894368649,-0.007257406134158373,-0.1770087331533432
1781099350629835500,114.06983544921874,-0.08507878333330154,-0.016228264197707176,-0.16432048380374908
1781099350654910500,114.09491040039063,-0.023089662194252014,0.04693366214632988,-0.0974859818816185
1781099350679986400,114.119986328125,-0.05317755416035652,0.04606569930911064,-0.0026457789354026318
1781099350705061600,114.1450615234375,-0.08561041206121445,0.11618699878454208,0.025445470586419106
1781099350730137600,114.1701376953125,-0.13346754014492035,0.060113001614809036,-0.02430996485054493
1781099350755212500,114.19521264648438,-0.13584694266319275,0.0024111636448651552,0.023810289800167084
1781099350780288800,114.22028881835938,-0.07795078307390213,-0.07465888559818268,0.06504783034324646
1781099350805363700,114.24536376953125,-0.12241668999195099,-0.01106461975723505,-0.06695753335952759
1781099350830439700,114.27043969726563,-0.023242076858878136,0.0811544805765152,-0.1359575092792511
1781099350855514600,114.2955146484375,-0.05755250155925751,0.05704694241285324,-0.08308190852403641
1781099350880590600,114.32059057617188,-0.07822685688734055,0.10385983437299728,-0.0428154394030571
1781099350905665500,114.34566552734375,-0.0467718206346035,0.06549129635095596,0.0946323499083519
1781099350930741500,114.37074145507812,-0.04291754588484764,0.027925122529268265,0.22358861565589905
1781099350955817700,114.39581762695312,0.0031923940405249596,0.03215638920664787,0.12530355155467987
1781099350980892700,114.420892578125,0.029679514467716217,-0.10312944650650024,-0.07556097954511642
1781099351005968600,114.44596875,0.026095934212207794,-0.18510949611663818,-0.14779740571975708
1781099351031043600,114.47104370117188,0.01619027741253376,-0.17732645571231842,-0.0003174319863319397
1781099351056119300,114.49611938476562,0.06436881422996521,0.019696373492479324,0.058273810893297195
1781099351081194200,114.5211943359375,0.10104051232337952,0.1550222784280777,-0.07761003077030182
1781099351106270200,114.54627026367187,0.08347895741462708,0.20764048397541046,-0.0961603969335556
1781099351131345200,114.57134521484375,0.09796606749296188,0.093196801841259,-0.08487173914909363
1781099351156421000,114.59642114257812,0.04503272846341133,-0.05183293670415878,-0.1907535046339035
1781099351181496000,114.62149609375,0.06494541466236115,-0.21492169797420502,-0.18756228685379028
1781099351206572300,114.646572265625,-0.02656206674873829,-0.09855592995882034,0.05308287963271141
1781099351231647200,114.67164721679687,-0.032132837921381,0.1576327383518219,0.2189459204673767
1781099351256723200,114.69672314453125,0.04673265293240547,0.08426368236541748,0.16442778706550598
1781099351281798100,114.72179809570312,0.06181325018405914,-0.19053256511688232,-0.12157901376485825
1781099351306874400,114.74687426757812,0.0011247476795688272,-0.2189038246870041,-0.21049171686172485
1781099351331949300,114.77194921875,0.04570896923542023,-0.10138610750436783,0.1003633588552475
1781099351357025000,114.79702490234375,0.12008773535490036,0.021255388855934143,0.10721498727798462
1781099351382100200,114.82210034179687,0.07868022471666336,0.05411868169903755,-0.04077649489045143
1781099351407176200,114.84717626953125,0.06791839748620987,-0.04516476392745972,0.003340630792081356
1781099351432252200,114.87225219726562,-0.03788334131240845,-0.021667424589395523,-0.04521777480840683
1781099351457327000,114.8973271484375,-0.05128244683146477,-0.18162453174591064,-0.16256697475910187
1781099351482403300,114.9224033203125,0.034575093537569046,-0.17522011697292328,0.012273982167243958
1781099351507478300,114.94747827148437,-0.03882385045289993,-0.012914870865643024,0.06062835827469826
1781099351532554200,114.97255419921875,-0.06958289444446564,0.2659098207950592,-0.130278542637825
1781099351557629200,114.99762915039062,0.025264797732234,-0.03086411952972412,-0.036995187401771545
1781099351582705200,115.022705078125,0.03810397908091545,-0.13769663870334625,0.16750767827033997
1781099351607780000,115.04778002929687,-0.020050136372447014,0.1281275898218155,0.028123954311013222
1781099351632856000,115.07285595703125,0.005887873936444521,-0.03608342260122299,-0.10691065341234207
1781099351657931300,115.09793115234375,-0.0019436879083514214,-0.10285331308841705,-0.05400591343641281
1781099351683007200,115.12300732421875,-0.07939627021551132,-0.060577504336833954,0.02358384057879448
1781099351708082200,115.14808227539062,-0.05403278023004532,0.024546636268496513,0.09737743437290192
1781099351733158100,115.173158203125,-0.005735347513109446,0.09348168224096298,0.14305351674556732
1781099351758233300,115.1982333984375,-0.04042781516909599,0.031242355704307556,0.06836780160665512
1781099351783309300,115.22330932617187,0.00622668256983161,-0.04506264626979828,-0.0330936498939991
1781099351808384300,115.24838427734375,0.01864446885883808,-0.11722499132156372,-0.14693287014961243
1781099351833460000,115.2734599609375,-0.004792999941855669,-0.09263138473033905,-0.1674208641052246
1781099351858536200,115.2985361328125,-0.03443356975913048,0.006150242872536182,0.01691289246082306
1781099351883611100,115.32361108398437,-0.06596368551254272,0.12363475561141968,0.11349651217460632
1781099351908687000,115.34868701171875,-0.09212151169776917,0.15052740275859833,0.04207752272486687
1781099351933762300,115.37376220703125,-0.0523049533367157,0.025076378136873245,-0.000926285982131958
1781099351958838300,115.39883837890625,-0.01308972854167223,-0.054586607962846756,0.041062626987695694
1781099351983913200,115.42391333007812,0.07524450868368149,0.05517831817269325,-0.008194535970687866
1781099352008989200,115.4489892578125,0.08468926697969437,-0.13623063266277313,-0.11034104228019714
1781099352034064400,115.474064453125,0.051680341362953186,-0.14067675173282623,0.1886405199766159
1781099352059139800,115.49913989257813,0.08749203383922577,0.10153379291296005,0.5217214226722717
1781099352084215000,115.52421508789062,0.042096950113773346,0.021016882732510567,0.2639709413051605
1781099352109290800,115.54929077148438,-0.013879317790269852,-0.10857778787612915,-0.04065666347742081
1781099352134365700,115.57436572265625,0.07749861478805542,-0.41422706842422485,-0.0021294308826327324
1781099352159442000,115.59944189453125,0.015672115609049797,-0.14910303056240082,-0.05640057101845741
1781099352184516900,115.62451684570313,0.02032465673983097,-0.032827019691467285,-0.06285447627305984
1781099352209592800,115.6495927734375,0.2032582312822342,0.018992653116583824,0.09203816205263138
1781099352234667800,115.67466772460938,0.13592280447483063,0.1748662143945694,0.0041518849320709705
1781099352259744000,115.69974389648438,-0.07350803166627884,0.8070237040519714,-0.6733100414276123
1781099352284820000,115.72482006835938,0.18972977995872498,-0.24198727309703827,-0.5385708212852478
1781099352309895000,115.74989501953125,-0.08855392038822174,-0.4421674311161041,0.05981975048780441
1781099352334971000,115.77497094726563,-0.060064516961574554,0.1294664740562439,0.07885173708200455
1781099352360045800,115.8000458984375,-0.024603866040706635,0.32219198346138,0.14798036217689514
1781099352385121800,115.82512182617188,-0.14531366527080536,0.4309581220149994,-0.03648233786225319
1781099352410196700,115.85019677734375,-0.08883819729089737,-0.38817110657691956,-0.11703372001647949
1781099352435273000,115.87527294921875,-0.14797551929950714,-0.2946960926055908,0.1457825005054474
1781099352460348000,115.90034790039063,0.1456405073404312,0.0684567242860794,0.19833718240261078
1781099352485423900,115.925423828125,0.09995093196630478,0.04175594076514244,0.15625746548175812
1781099352510498800,115.95049877929688,-0.011319492943584919,0.4369373023509979,-0.14547577500343323
1781099352535575000,115.97557495117188,0.10599035024642944,-0.14552819728851318,-0.23131027817726135
1781099352560650000,116.00064990234375,-0.07720553874969482,-0.2844964265823364,-0.005020123906433582
1781099352585725700,116.0257255859375,-0.06524808704853058,0.04690573737025261,0.25103524327278137
1781099352610800600,116.05080053710938,0.037902820855379105,0.09766703844070435,0.28302672505378723
1781099352635876900,116.075876953125,-0.07354854047298431,0.3849058747291565,0.01650160551071167
1781099352660951800,116.10095190429688,-0.07655616849660873,0.22180336713790894,-0.3701561987400055
1781099352686027800,116.12602783203126,-0.03907466307282448,-0.3803691565990448,-0.1846380978822708
1781099352711102700,116.15110278320313,-0.07707595080137253,-0.2289639711380005,0.09337003529071808
1781099352736179000,116.17617895507813,0.03540853410959244,0.06654438376426697,0.10317707806825638
1781099352761255000,116.2012548828125,-0.041531048715114594,0.19528231024742126,0.1456533968448639
1781099352786329900,116.22632983398438,-0.11846565455198288,0.488883912563324,-0.07451719790697098
1781099352811405800,116.25140576171874,-0.03734380751848221,-0.1328771412372589,-0.29941490292549133
1781099352836480800,116.27648071289063,-0.08741464465856552,-0.38491982221603394,-0.24273961782455444
1781099352861556700,116.301556640625,0.014214507304131985,-0.07336193323135376,0.08617354184389114
1781099352886631700,116.32663159179687,-0.025234542787075043,0.10428133606910706,0.20378470420837402
1781099352911708000,116.3517080078125,-0.14449720084667206,0.6698729991912842,0.04669980704784393
1781099352936782800,116.37678295898438,-0.0344465933740139,-0.13679960370063782,-0.034607551991939545
1781099352961858800,116.40185888671876,0.05583705008029938,-0.36581751704216003,0.27166908979415894
1781099352986934000,116.42693408203125,0.029954444617033005,-0.17786704003810883,0.08967415243387222
1781099353012010000,116.45201000976563,-0.05321379750967026,-0.09304729104042053,-0.0947008803486824
1781099353037085000,116.4770849609375,0.06766894459724426,0.004022871609777212,-0.017612237483263016
1781099353062161400,116.50216137695313,0.12701834738254547,-0.06077362596988678,0.11686519533395767
1781099353087236400,116.527236328125,0.04393523931503296,-0.11318516731262207,0.04210847616195679
1781099353112312600,116.5523125,-0.013303929939866066,-0.11904434859752655,-0.03867407143115997
1781099353137387500,116.57738745117187,0.024685703217983246,0.0151995113119483,0.10149436444044113
1781099353162463500,116.60246337890625,0.06147738918662071,0.24719366431236267,0.12192147225141525
1781099353187539500,116.62753955078125,-0.008667963556945324,0.34722062945365906,-0.11908804625272751
1781099353212614700,116.65261474609375,0.03774448484182358,-0.21124377846717834,-0.23610474169254303
1781099353237690400,116.6776904296875,0.052668068557977676,-0.46664801239967346,-0.03322432190179825
1781099353262765300,116.70276538085938,0.007765402551740408,-0.09242258965969086,0.1504223495721817
1781099353287841500,116.72784155273438,0.03625420853495598,0.2916702628135681,0.1542518436908722
1781099353312916500,116.75291650390625,0.002496392698958516,0.35567063093185425,0.046114351600408554
1781099353337992400,116.77799243164063,-0.05669807642698288,-0.09547602385282516,-0.17850293219089508
1781099353363067400,116.8030673828125,-0.015401323325932026,-0.23836378753185272,-0.17937013506889343
1781099353388143600,116.8281435546875,0.0819535180926323,-0.0731332078576088,0.04869264364242554
1781099353413218600,116.85321850585937,0.15477807819843292,0.09758131951093674,0.02026757411658764
1781099353438294500,116.87829443359375,0.11139503121376038,0.14104825258255005,-0.18204227089881897
1781099353463369700,116.90336962890625,0.028569689020514488,-0.0901423990726471,-0.19480596482753754
1781099353488445400,116.92844555664063,0.009935429319739342,-0.14661705493927002,0.10763949155807495
1781099353513520400,116.95352026367188,0.014350450597703457,0.0752594992518425,0.28496986627578735
1781099353538596400,116.97859643554688,0.008137913420796394,0.07205404341220856,0.0593717023730278
1781099353563671600,117.00367163085937,-0.04608102887868881,-0.03519780561327934,-0.14380846917629242
1781099353588747500,117.02874755859375,-0.06323692947626114,-0.18717101216316223,-0.004453039262443781
1781099353613823500,117.05382348632813,-0.04686648026108742,0.044123802334070206,0.1031104177236557
1781099353638898700,117.07889868164062,-0.005050829611718655,0.0916842371225357,-0.01723329722881317
1781099353663974400,117.10397436523438,-0.10046674311161041,0.004512627609074116,-0.1919432133436203
1781099353689049600,117.12904956054687,-0.16111402213573456,-0.2024601399898529,-0.4003210961818695
1781099353714125300,117.15412524414063,-0.10333653539419174,-0.10017931461334229,-0.2991229295730591
1781099353739200500,117.17920043945313,-0.11558538675308228,0.29951849579811096,-0.43402257561683655
1781099353764276500,117.2042763671875,-0.07567241042852402,0.6214714050292969,-0.6368857622146606
1781099353789351400,117.22935131835938,-0.0326852984726429,0.4152987003326416,-0.37209707498550415
1781099353814427600,117.254427734375,-0.07805822044610977,0.14615337550640106,-0.291096031665802
1781099353839502600,117.27950268554687,-0.06422390043735504,0.16411472856998444,-0.34648552536964417
1781099353864578600,117.30457861328125,0.13091212511062622,0.2609137296676636,-0.2826635539531708
1781099353889653500,117.32965356445312,0.10396309196949005,0.38435661792755127,-0.25887563824653625
1781099353914729500,117.3547294921875,-0.015490003861486912,0.10124476253986359,-0.05335330590605736
1781099353939804700,117.3798046875,0.007465479429811239,-0.3566485345363617,0.18062789738178253
1781099353964880400,117.40488037109375,-0.0944862887263298,-0.10743647068738937,0.6392219066619873
1781099353989955300,117.42995532226563,-0.0386032834649086,0.006690141744911671,0.7012800574302673
1781099354015031600,117.45503149414063,0.09172696620225906,-0.07236020267009735,0.5664094686508179
1781099354040106500,117.4801064453125,0.15263499319553375,-0.1423107534646988,0.37252575159072876
1781099354065181700,117.505181640625,0.22307439148426056,-0.2985304892063141,0.2660958170890808
1781099354090258000,117.5302578125,0.3015602231025696,-0.5506200194358826,0.3095006048679352
1781099354115332900,117.55533276367187,0.26325899362564087,-0.4434559643268585,0.6265712976455688
1781099354140408800,117.58040893554687,0.17892734706401825,-0.2104685753583908,0.8408316969871521
1781099354165484000,117.60548413085938,0.1665639579296112,0.010349320247769356,0.8455767631530762
1781099354190559700,117.63055981445312,0.3267907202243805,0.1013934388756752,0.6741983890533447
1781099354215635000,117.65563500976563,0.32067105174064636,-0.21508371829986572,0.3728584945201874
1781099354240710700,117.68071069335937,0.1913648545742035,-0.21883276104927063,0.14080993831157684
1781099354265785900,117.70578588867187,0.280654639005661,-0.34212660789489746,0.0042985971085727215
1781099354290861800,117.73086181640625,0.24539735913276672,-0.1712973266839981,0.2892445921897888
1781099354315936800,117.75593676757812,0.094493068754673,-0.09074210375547409,0.5259538292884827
1781099354341012700,117.7810126953125,0.06623773276805878,0.005736844148486853,0.34443941712379456
1781099354366088000,117.806087890625,0.05327378585934639,0.08670341223478317,-0.019458580762147903
1781099354391164000,117.83116381835937,0.06846493482589722,-0.05082736536860466,-0.2042045146226883
1781099354416238800,117.85623876953125,0.11608604341745377,-0.0767451673746109,-0.29968252778053284
1781099354441314800,117.88131469726562,0.14809425175189972,0.2798520624637604,-0.6091154217720032
1781099354466390000,117.90639013671876,0.16051025688648224,0.47540512681007385,-1.0411075353622437
1781099354491465700,117.9314658203125,0.27941545844078064,0.13150568306446075,-0.9293460845947266
1781099354516540700,117.95654077148437,0.2075446993112564,0.01952817477285862,-0.7172932028770447
1781099354541617000,117.98161694335937,0.1038205698132515,0.12599222362041473,-0.7685743570327759
1781099354566692900,118.00669287109375,0.12217355519533157,-0.09414359927177429,-0.383382648229599
1781099354591767800,118.03176782226562,0.017477238550782204,0.1926151067018509,-0.06485872715711594
1781099354616844000,118.05684399414062,-0.12081684172153473,0.1947682797908783,-0.21996323764324188
1781099354641919000,118.0819189453125,-0.09001477807760239,-0.07055587321519852,-0.37229102849960327
1781099354666994700,118.10699462890625,-0.0992024689912796,-0.047883812338113785,-0.24211041629314423
1781099354692070000,118.13206982421875,0.05499235540628433,0.2361442595720291,0.024455660954117775
1781099354717145900,118.15714575195312,-0.027170393615961075,0.5296434760093689,-0.06396448612213135
1781099354742220800,118.182220703125,0.0009768210584297776,0.04522581398487091,-0.11646443605422974
1781099354767296800,118.207296875,-0.009359318763017654,-0.26671236753463745,0.14305755496025085
1781099354792371700,118.23237182617187,-0.12097234278917313,-0.11558368802070618,0.3332424461841583
1781099354817448000,118.25744799804687,-0.19312770664691925,-0.04081011191010475,0.32331186532974243
1781099354842523000,118.28252294921874,-0.20367799699306488,-0.001034548506140709,0.27934715151786804
1781099354867598800,118.30759887695312,-0.14239980280399323,-0.03038935549557209,0.18561603128910065
1781099354892673800,118.332673828125,-0.07518665492534637,-0.07096637785434723,0.09024348855018616
1781099354917749800,118.35774975585937,0.00008398434147238731,-0.05555512011051178,0.006981487385928631
1781099354942825700,118.38282568359375,0.0751054659485817,0.09525580704212189,-0.05286913365125656
1781099354967900700,118.40790063476562,0.07353994250297546,0.12995584309101105,-0.11848154664039612
1781099354992977000,118.43297680664062,0.036827825009822845,0.07680078595876694,-0.09782569855451584
1781099355018051800,118.4580517578125,0.0416313037276268,-0.038995057344436646,-0.08150245994329453
1781099355043127800,118.4831279296875,-0.014952726662158966,-0.020480187609791756,-0.10179929435253143
1781099355068203800,118.50820385742188,-0.07785511016845703,-0.16140888631343842,-0.07146122306585312
1781099355093279700,118.53327978515625,-0.11550294607877731,-0.13830018043518066,0.04355292394757271
1781099355118354700,118.55835473632813,-0.07049202919006348,-0.03318404033780098,0.008127560839056969
1781099355143430700,118.5834306640625,-0.014111608266830444,0.0752788707613945,-0.07682672888040543
1781099355168505600,118.60850561523438,0.06176271289587021,0.026953142136335373,-0.11485712975263596
1781099355193581800,118.63358178710938,0.07779593765735626,0.06830652058124542,-0.11414243280887604
1781099355218656800,118.65865673828125,0.052965689450502396,0.030404677614569664,-0.08889806270599365
1781099355243732700,118.68373266601563,0.018184425309300423,-0.015697721391916275,0.0075804321095347404
1781099355268807700,118.7088076171875,-0.007679813075810671,-0.032046373933553696,0.09305041283369064
1781099355293884000,118.7338837890625,-0.018069244921207428,0.010336998850107193,0.09189686179161072
1781099355318958800,118.75895874023438,-0.016675081104040146,-0.03896050900220871,0.03360212594270706
1781099355344034600,118.78403466796875,-0.012253845110535622,-0.08691170811653137,0.02554273046553135
1781099355369109800,118.80910986328125,0.013960684649646282,-0.06585361063480377,0.032855212688446045
1781099355394185700,118.83418579101563,0.044878117740154266,-0.0212247334420681,0.017210695892572403
1781099355419261700,118.85926171875,0.045938290655612946,-0.005803470034152269,0.013578647747635841
1781099355444336600,118.88433666992188,0.06675130873918533,-0.0015766521682962775,0.01444859430193901
1781099355469412900,118.90941284179688,0.045026518404483795,-0.021198974922299385,0.016808655112981796
1781099355494487800,118.93448779296875,0.06565145403146744,-0.09945318847894669,0.01248802337795496
1781099355519563800,118.95956372070313,-0.2565900981426239,-0.3553291857242584,-0.20364335179328918
1781099355544638700,118.984638671875,-0.12937606871128082,-0.029124049469828606,0.05021516978740692
1781099355569714700,119.00971459960938,0.13834409415721893,-0.19432975351810455,0.4076404571533203
1781099355594789600,119.03478955078126,-0.048889800906181335,0.6896592378616333,0.09222356975078583
1781099355619865600,119.05986547851562,-0.09152940660715103,0.4910983741283417,-0.45193564891815186
1781099355644940800,119.08494091796875,0.03843625262379646,-0.7055827379226685,-0.2221142202615738
1781099355670016800,119.11001684570313,-0.13686898350715637,-0.2207225114107132,0.20878948271274567
1781099355695091700,119.135091796875,-0.3029508590698242,0.3822694420814514,0.25194716453552246
1781099355720167700,119.16016772460938,-0.23973630368709564,0.40842437744140625,0.34865227341651917
1781099355745243000,119.18524291992188,-0.18793752789497375,0.1393335610628128,0.14726220071315765
1781099355770318800,119.21031884765625,-0.1527710109949112,-0.1056668758392334,-0.034043408930301666
1781099355795393800,119.23539379882813,-0.08397229760885239,-0.1302158534526825,-0.02646033652126789
1781099355820469800,119.2604697265625,0.0010466852691024542,0.042705439031124115,0.031394101679325104
1781099355845544700,119.28554467773438,0.0800274908542633,0.15591531991958618,0.02613752707839012
1781099355870620700,119.31062060546876,0.08110500872135162,0.013518487103283405,-0.0212174691259861
1781099355895696600,119.33569653320312,0.059078067541122437,-0.06391912698745728,0.016655175015330315
1781099355920771800,119.36077172851563,0.06986898928880692,-0.011056099086999893,0.02495017647743225
1781099355945847800,119.38584790039063,0.004129267763346434,-0.00047703320160508156,-0.0925866961479187
1781099355970922800,119.4109228515625,-0.08852725476026535,-0.07725726068019867,-0.11890897899866104
1781099355995999000,119.4359990234375,-0.04713552072644234,-0.11179149895906448,0.05512017756700516
1781099356021074000,119.46107397460938,0.000699025287758559,0.058571603149175644,0.10547860711812973
1781099356046149600,119.48614965820312,-0.026010794565081596,0.13118520379066467,-0.09333108365535736
1781099356071224600,119.511224609375,-0.05695509910583496,0.02714413031935692,-0.20611806213855743
1781099356096300300,119.53630029296875,-0.07734401524066925,-0.004642749670892954,-0.14432233572006226
1781099356121375200,119.56137524414062,-0.05758292227983475,0.09374184161424637,-0.02395181730389595
1781099356146451200,119.586451171875,-0.02027188614010811,0.12007848173379898,0.0164016205817461
1781099356171526400,119.6115263671875,-0.0348275750875473,0.0787103921175003,0.0007969096768647432
1781099356196602400,119.63660229492187,-0.03554002568125725,-0.030522169545292854,-0.03167027235031128
1781099356221677300,119.66167724609375,-0.06398658454418182,-0.08757579326629639,-0.03746400028467178
1781099356246753300,119.68675317382812,-0.07667180895805359,-0.049847740679979324,-0.0195380337536335
1781099356271828500,119.71182836914062,-0.05799700319766998,0.0031753377988934517,-0.012934249825775623
1781099356296904400,119.73690454101562,-0.016414297744631767,0.07967673242092133,-0.013704083859920502
1781099356321980200,119.76198022460937,-0.0054643284529447556,0.04746995121240616,-0.009019209071993828
1781099356347055400,119.78705541992187,-0.051240161061286926,-0.038103312253952026,0.023884844034910202
1781099356372131300,119.81213134765625,-0.0516783706843853,-0.034445539116859436,0.041865311563014984
1781099356397206300,119.83720629882812,-0.0033243021462112665,-0.038388270884752274,-0.029952287673950195
1781099356422282200,119.8622822265625,0.0013899693731218576,-0.003603279823437333,-0.14760224521160126
1781099356447357400,119.887357421875,0.013047927990555763,0.04762151837348938,-0.1944989562034607
1781099356472433400,119.91243334960937,0.021582825109362602,0.13573460280895233,-0.17736603319644928
1781099356497508400,119.93750830078125,-0.02317967638373375,0.11186784505844116,-0.12100859731435776
1781099356522584300,119.96258422851562,-0.06450625509023666,-0.031161557883024216,-0.022808462381362915
1781099356547659500,119.98765942382812,0.029066015034914017,-0.15306821465492249,0.1141241043806076
1781099356572735200,120.0127353515625,0.06298408657312393,-0.19411030411720276,0.1777672916650772
1781099356597810200,120.03781005859375,0.03535817191004753,-0.16639098525047302,0.22497089207172394
1781099356622886400,120.06288647460937,0.032143618911504745,-0.13909757137298584,0.15977735817432404
1781099356647961300,120.08796142578124,0.024606699123978615,-0.1005321815609932,0.03661029785871506
1781099356673037300,120.11303735351562,0.01771985925734043,-0.10810617357492447,-0.033848851919174194
1781099356698112300,120.1381123046875,-0.02376752533018589,-0.1238270103931427,0.05011511594057083
1781099356723188500,120.1631884765625,-0.024490805342793465,-0.020824840292334557,0.1272381991147995
1781099356748263400,120.18826342773437,-0.04351125285029411,0.04187578707933426,0.08835400640964508
1781099356773339400,120.21333935546875,-0.11275938153266907,-0.04579620063304901,0.020307516679167747
1781099356798415400,120.23841528320312,-0.15648961067199707,-0.1896086484193802,-0.008932691067457199
1781099356823490300,120.263490234375,-0.19215215742588043,-0.11953809857368469,0.03953129053115845
1781099356848566300,120.28856616210938,-0.12989795207977295,-0.0700240433216095,0.11848913133144379
1781099356873641200,120.31364111328125,-0.08701156079769135,-0.015296991914510727,0.11821794509887695
1781099356898717400,120.33871752929687,-0.049245040863752365,-0.0270252488553524,0.012319156900048256
1781099356923792400,120.36379248046875,-0.054408907890319824,-0.10670596361160278,-0.09099817276000977
1781099356948868400,120.38886840820312,-0.08336781710386276,-0.08200624585151672,-0.16768305003643036
1781099356973943300,120.413943359375,-0.07557444274425507,-0.14691364765167236,-0.08966612070798874
1781099356999019300,120.43901928710937,-0.10662521421909332,-0.20623357594013214,0.09289418905973434
1781099357024094500,120.46409448242187,-0.07083776593208313,-0.12697841227054596,0.2273978441953659
1781099357049170200,120.48917016601563,-0.06815540790557861,-0.04452142119407654,0.1981573849916458
1781099357074246000,120.51424584960938,-0.18827086687088013,0.06870497018098831,-0.0853179469704628
1781099357099321900,120.53932177734374,-0.28194501996040344,0.06235165521502495,-0.24107331037521362
1781099357124396800,120.56439672851562,-0.23247501254081726,-0.27298030257225037,-0.11745507270097733
1781099357149473000,120.58947314453125,-0.20089155435562134,-0.18710261583328247,0.06324361264705658
1781099357174548000,120.6145478515625,-0.13023227453231812,0.016564534977078438,0.07159477472305298
1781099357199624000,120.6396240234375,-0.06972847133874893,0.18150247633457184,0.08544448018074036
1781099357224699600,120.66469970703125,-0.019496046006679535,0.10798587650060654,-0.011102365329861641
1781099357249774800,120.68977490234376,-0.004628125578165054,-0.11513817310333252,-0.10295505076646805
1781099357274850800,120.71485083007812,-0.0047685569152235985,-0.2625347375869751,-0.04783939570188522
1781099357299925800,120.73992578125,-0.0661696344614029,-0.1283896118402481,0.10477644205093384
1781099357325001700,120.76500170898437,-0.06872541457414627,0.037780988961458206,0.14445921778678894
1781099357350077000,120.79007690429688,-0.06187114864587784,0.05517873540520668,0.17037425935268402
1781099357375153000,120.81515283203125,-0.08841114491224289,-0.03657454624772072,0.14325526356697083
1781099357400227800,120.84022778320312,-0.09115955233573914,-0.1208328902721405,0.12176942825317383
1781099357425304000,120.86530395507812,-0.05153642222285271,-0.12855640053749084,0.07138194888830185
1781099357450379000,120.89037890625,-0.07789334654808044,-0.08744130283594131,-0.07126244902610779
1781099357475454700,120.91545483398437,-0.12080051004886627,-0.043832797557115555,-0.04737751558423042
1781099357500529700,120.94052978515624,-0.09449700266122818,-0.050830256193876266,0.03850436955690384
1781099357525606000,120.96560595703124,-0.05079250410199165,0.005326526239514351,0.04455658048391342
1781099357550680800,120.99068090820313,-0.04093710333108902,0.0033971043303608894,-0.01846226491034031
1781099357575756800,121.0157568359375,-0.06048153340816498,0.015694594010710716,-0.10320083796977997
1781099357600831700,121.04083178710937,-0.07180994749069214,-0.02466515637934208,-0.12100926786661148
1781099357625908000,121.06590795898437,-0.09101878851652145,0.03785315901041031,-0.08367150276899338
1781099357650984000,121.09098388671875,-0.03788449987769127,0.09404003620147705,-0.16150163114070892
1781099357676059000,121.11605883789062,-0.052129924297332764,0.026400044560432434,-0.1751835197210312
1781099357701134800,121.141134765625,-0.05869494006037712,-0.026933902874588966,-0.09141062200069427
1781099357726209800,121.16620971679687,-0.06780470162630081,-0.07290097326040268,-0.09367020428180695
1781099357751285800,121.19128564453125,-0.10059607774019241,-0.09213131666183472,-0.04149981588125229
1781099357776360700,121.21636059570312,-0.0631050169467926,-0.13491606712341309,0.04313023388385773
1781099357801437000,121.24143701171874,-0.10403596609830856,-0.13987597823143005,0.004860579967498779
1781099357826512000,121.26651196289062,-0.11796796321868896,-0.11139940470457077,-0.0028598280623555183
1781099357851587800,121.291587890625,-0.059714071452617645,-0.19284556806087494,0.0862310603260994
1781099357876662800,121.31666284179687,-0.05248051509261131,-0.1291084736585617,0.07134439796209335
1781099357901739000,121.34173901367187,-0.02122618816792965,-0.11751093715429306,-0.013724161311984062
1781099357926814000,121.36681396484374,-0.02937912940979004,-0.21914534270763397,0.00119865033775568
1781099357951889700,121.3918896484375,-0.09417013823986053,-0.06591916084289551,0.038552142679691315
1781099357976964900,121.41696484375,-0.09825776517391205,-0.11699729412794113,0.04890652745962143
1781099358002040800,121.44204077148437,-0.13599520921707153,-0.22973373532295227,0.10641814768314362
1781099358027115800,121.46711572265625,-0.13107021152973175,-0.1790614277124405,0.06962868571281433
1781099358052191700,121.49219165039062,-0.17695121467113495,-0.10305275768041611,-0.06425247341394424
1781099358077267000,121.51726684570312,-0.20791232585906982,-0.09532292932271957,-0.11673272401094437
1781099358102343000,121.54234301757812,-0.18003813922405243,-0.23182839155197144,-0.014460470527410507
1781099358127419000,121.5674189453125,-0.20057334005832672,-0.15110550820827484,0.030790837481617928
1781099358152493800,121.59249389648437,-0.23815882205963135,-0.1076384112238884,0.0031181483063846827
1781099358177569800,121.61756982421875,-0.2789645791053772,-0.14524197578430176,0.09102456271648407
1781099358202644700,121.64264477539062,-0.3657924234867096,-0.13043685257434845,0.14645157754421234
1781099358227720700,121.667720703125,-0.43559494614601135,-0.09101100265979767,0.14582601189613342
1781099358252796000,121.6927958984375,-0.4767681658267975,-0.2166774719953537,0.18136702477931976
1781099358277871900,121.71787182617187,-0.48972588777542114,-0.21741589903831482,0.19867078959941864
1781099358302946800,121.74294677734375,-0.4873647689819336,-0.15920943021774292,0.12904906272888184
1781099358328022800,121.76802270507812,-0.4844966232776642,-0.12801440060138702,0.08670366555452347
1781099358353098000,121.79309790039062,-0.44407349824905396,-0.12432490289211273,0.1070936769247055
1781099358378174000,121.81817407226562,-0.4205809235572815,-0.06434736400842667,0.07053674757480621
1781099358403249000,121.84324877929687,-0.4149847626686096,-0.07578856498003006,0.06139632314443588
1781099358428324900,121.86832495117187,-0.348719984292984,-0.09540548175573349,0.07791859656572342
1781099358453399800,121.89339990234375,-0.3377789556980133,-0.08628316968679428,0.09251212328672409
1781099358478475800,121.91847583007812,-0.28255125880241394,-0.021356787532567978,0.07341502606868744
1781099358503550700,121.94355078125,-0.28104162216186523,-0.003280010772868991,0.03947051614522934
1781099358528627000,121.968626953125,-0.2638469636440277,-0.0447666198015213,0.07139165699481964
1781099358553703000,121.99370288085937,-0.348082959651947,-0.002259562723338604,0.14206695556640625
1781099358578777900,122.01877783203125,-0.4174882471561432,0.08820690959692001,0.21903486549854279
1781099358603853800,122.04385375976562,-0.4444870352745056,-0.05162707343697548,0.2013384848833084
1781099358628929000,122.06892895507812,-0.5109708905220032,-0.07239166647195816,0.2428058236837387
1781099358654004700,122.09400463867188,-0.5100032687187195,-0.06709951162338257,0.30537986755371094
1781099358679079700,122.11907958984375,-0.4831758141517639,-0.1266348958015442,0.31707412004470825
1781099358704156000,122.14415600585937,-0.5406246781349182,-0.14756238460540771,0.26141202449798584
1781099358729230800,122.16923095703125,-0.4998830556869507,-0.07451116293668747,0.19824136793613434
1781099358754306800,122.19430688476562,-0.3969936668872833,0.02993256412446499,0.18953412771224976
1781099358779381800,122.2193818359375,-0.3006719648838043,0.04860236123204231,0.16074003279209137
1781099358804458000,122.2444580078125,-0.253361314535141,-0.055608198046684265,0.09842673689126968
1781099358829533000,122.26953295898437,-0.2077176719903946,0.03170562908053398,0.10081526637077332
1781099358854609000,122.29460888671875,-0.15829387307167053,0.070370614528656,0.09714280813932419
1781099358879683800,122.31968383789062,-0.1542903482913971,0.08382821828126907,0.08620843291282654
1781099358904759800,122.344759765625,-0.1780809909105301,0.02346482314169407,0.08545549213886261
1781099358929834800,122.36983471679687,-0.197234645485878,0.08823004364967346,0.2039414495229721
1781099358954910700,122.39491064453125,-0.13569827377796173,0.09142660349607468,0.2350592166185379
1781099358979987000,122.41998706054687,-0.11080362647771835,0.043961651623249054,0.12784668803215027
1781099359005062000,122.44506176757812,-0.13259050250053406,0.020471200346946716,0.09346490353345871
1781099359030137900,122.47013793945312,-0.15080806612968445,0.07967574149370193,0.1585978865623474
1781099359055212800,122.495212890625,-0.17979148030281067,0.13608941435813904,0.1872851848602295
1781099359080287700,122.52028784179687,-0.2120150774717331,0.0716649517416954,0.14431308209896088
1781099359105362700,122.54536279296875,-0.2662052810192108,0.05347925424575806,0.15532243251800537
1781099359130439000,122.57043896484375,-0.2718804180622101,0.07499740272760391,0.20815108716487885
1781099359155513900,122.59551391601562,-0.22324630618095398,0.03536169230937958,0.20114824175834656
1781099359180589600,122.62058959960937,-0.15398690104484558,0.01424183789640665,0.09095962345600128
1781099359205664500,122.64566455078125,-0.0747947245836258,-0.025634964928030968,-0.00533185014501214
1781099359230740700,122.67074072265625,-0.024835363030433655,0.002561595756560564,0.02147079072892666
1781099359255815700,122.69581567382812,0.04866820573806763,0.1520041525363922,0.06233571842312813
1781099359280891600,122.7208916015625,0.06295124441385269,0.10319750756025314,0.04864755645394325
1781099359305967900,122.7459677734375,0.016162728890776634,0.059600990265607834,0.10955463349819183
1781099359331042800,122.77104272460937,0.012597169727087021,0.03732037544250488,0.18703438341617584
1781099359356118800,122.79611889648437,0.029076870530843735,0.0634598359465599,0.2230081707239151
1781099359381193700,122.82119384765625,0.02811153419315815,0.04319778084754944,0.21848510205745697
1781099359406269700,122.84626977539062,0.009780965745449066,0.07877491414546967,0.12859247624874115
1781099359431344600,122.8713447265625,-0.016547398641705513,0.18061460554599762,0.09476545453071594
1781099359456420600,122.89642065429688,-0.05400688573718071,0.18006379902362823,0.04617637023329735
1781099359481495800,122.92149584960937,-0.10079759359359741,0.16709724068641663,0.06767493486404419
1781099359506571800,122.94657177734375,-0.11110387742519379,0.13612042367458344,0.14612805843353271
1781099359531646700,122.97164672851562,-0.12629017233848572,0.18166686594486237,0.17259256541728973
1781099359556722700,122.99672265625,-0.15827541053295135,0.20236383378505707,0.1769447922706604
1781099359581798000,123.0217978515625,-0.15049001574516296,0.1830388307571411,0.19270847737789154
1781099359606873900,123.04687377929687,-0.0799553394317627,0.2478572577238083,0.1370745748281479
1781099359631948800,123.07194873046875,-0.0599842369556427,0.29110991954803467,0.01208398025482893
1781099359657024800,123.09702465820313,0.06642643362283707,0.4095395505428314,-0.06852322816848755
1781099359682100700,123.12210083007812,0.028102684766054153,0.3758823275566101,-0.07523048669099808
1781099359707175700,123.14717578125,0.056999463587999344,0.4370637834072113,-0.0333918072283268
1781099359732251600,123.17225170898438,0.1186833307147026,0.41445213556289673,-0.05515008419752121
1781099359757326800,123.19732690429687,0.1319495141506195,0.41847625374794006,0.017107009887695312
1781099359782402800,123.22240283203125,0.07123979926109314,0.31681790947914124,0.0878189280629158
1781099359807477800,123.24747778320312,0.020436186343431473,0.17728134989738464,0.2166718691587448
1781099359832554000,123.27255395507812,0.053494296967983246,0.008634097874164581,0.23818975687026978
1781099359857629000,123.29762890625,0.1202603355050087,-0.13881227374076843,0.13951757550239563
1781099359882704600,123.32270458984375,0.1716461181640625,-0.01422134693711996,0.16746588051319122
1781099359907779600,123.34777954101563,0.284930020570755,0.20781497657299042,0.13477842509746552
1781099359932855800,123.37285571289063,0.39538660645484924,0.41903531551361084,0.07013627141714096
1781099359957930800,123.3979306640625,0.47579795122146606,0.42017674446105957,-0.17773334681987762
1781099359983006700,123.4230068359375,0.49035143852233887,0.48461633920669556,-0.3357239365577698
1781099360008083000,123.4480830078125,0.4698714017868042,0.48570817708969116,-0.33744144439697266
1781099360033158000,123.47315795898437,0.4678821265697479,0.39372995495796204,-0.32626304030418396
1781099360058233900,123.49823388671875,0.43737876415252686,0.2915383279323578,-0.351433128118515
1781099360083309000,123.52330908203125,0.4126909673213959,0.21978764235973358,-0.27410054206848145
1781099360108385000,123.54838500976562,0.37934398651123047,0.2825142443180084,-0.19377556443214417
1781099360133460000,123.5734599609375,0.32458218932151794,0.4225117862224579,-0.1910778135061264
1781099360158536200,123.5985361328125,0.35178250074386597,0.43240734934806824,-0.3104269802570343
1781099360183611100,123.62361108398437,0.37518852949142456,0.3673771917819977,-0.3001021146774292
1781099360208687000,123.64868701171875,0.4369913935661316,0.23629339039325714,-0.34027597308158875
1781099360233762000,123.67376196289062,0.41072484850883484,0.21007761359214783,-0.2563678026199341
1781099360258838300,123.69883837890625,0.4477064311504364,0.2125675529241562,-0.3290807902812958
1781099360283913200,123.72391333007812,0.3802124261856079,0.25931254029273987,-0.2422531098127365
1781099360308989000,123.74898901367187,0.3710715174674988,0.2925342917442322,-0.20660151541233063
1781099360334065200,123.77406518554687,0.3848559558391571,0.30258479714393616,-0.17862561345100403
1781099360359140000,123.79914013671875,0.39410480856895447,0.36106911301612854,-0.24243499338626862
1781099360384216000,123.82421606445313,0.3001469075679779,0.27037349343299866,-0.2129679024219513
1781099360409291000,123.849291015625,0.29243287444114685,0.22918283939361572,-0.2853115499019623
1781099360434367200,123.8743671875,0.3612709641456604,0.20280756056308746,-0.2365477979183197
1781099360459442200,123.89944213867187,0.4248080253601074,0.22804950177669525,-0.2395370453596115
1781099360484518100,123.92451806640625,0.4141051173210144,0.1739073097705841,-0.20389725267887115
1781099360509593000,123.94959301757812,0.4070271849632263,0.07793810218572617,-0.30347102880477905
1781099360534669000,123.9746689453125,0.39563000202178955,0.0666891410946846,-0.3456498086452484
1781099360559744000,123.99974389648438,0.3771105706691742,0.03413926064968109,-0.3805682063102722
1781099360584820000,124.02482006835938,0.3627488315105438,0.08418649435043335,-0.35083886981010437
1781099360609895000,124.04989501953125,0.36101534962654114,0.10558167099952698,-0.33579719066619873
1781099360634971100,124.07497119140625,0.3505728840827942,0.058125898241996765,-0.2932157814502716
1781099360660046000,124.10004614257812,0.4019469618797302,-0.040577735751867294,-0.34500885009765625
1781099360685122000,124.1251220703125,0.34672489762306213,-0.03659554943442345,-0.4051971733570099
1781099360710198300,124.1501982421875,0.3260807991027832,0.07107651233673096,-0.3918377459049225
1781099360735273200,124.17527319335937,0.29749712347984314,0.077317014336586,-0.34240734577178955
1781099360760349000,124.20034887695313,0.27666234970092773,0.02312801033258438,-0.3643190562725067
1781099360785424000,124.225423828125,0.3430870771408081,-0.1010696142911911,-0.40234270691871643
1781099360810500000,124.2505,0.2754017412662506,-0.09284234791994095,-0.39132869243621826
1781099360835575000,124.27557495117188,0.2527603805065155,-0.04464727267622948,-0.35744741559028625
1781099360860651000,124.30065112304688,0.2568446397781372,-0.020562442019581795,-0.36318835616111755
1781099360885726000,124.32572583007813,0.1967790573835373,-0.1536751389503479,-0.3515070378780365
1781099360910802200,124.35080224609375,0.21991896629333496,-0.21500858664512634,-0.3008042275905609
1781099360935877000,124.37587719726562,0.23549117147922516,-0.17907185852527618,-0.32762715220451355
1781099360960953000,124.400953125,0.2184423953294754,-0.2353372871875763,-0.38164061307907104
1781099360986028300,124.4260283203125,0.19546470046043396,-0.19419731199741364,-0.3764156997203827
1781099361011104000,124.45110400390625,0.15088169276714325,-0.13455958664417267,-0.29495370388031006
1781099361036180000,124.47617993164063,0.13523676991462708,-0.2341090440750122,-0.279103547334671
1781099361061255000,124.5012548828125,0.11893758177757263,-0.2576707601547241,-0.2611115872859955
1781099361086331600,124.52633154296875,0.11210265755653381,-0.17002630233764648,-0.24906760454177856
1781099361111406600,124.55140649414062,0.1029481366276741,-0.20510779321193695,-0.2262147217988968
1781099361136482600,124.57648266601562,0.05398562178015709,-0.19667108356952667,-0.15830384194850922
1781099361161557800,124.60155786132813,0.05263318121433258,-0.20577681064605713,-0.12114164233207703
1781099361186633500,124.62663354492187,0.028159650042653084,-0.3048330247402191,-0.16169559955596924
1781099361211708700,124.65170874023437,-0.00685307988896966,-0.22491398453712463,-0.1767551451921463
1781099361236784600,124.67678466796875,-0.024702172726392746,-0.31227734684944153,-0.1168428286910057
1781099361261859600,124.70185961914062,-0.08873631060123444,-0.27327418327331543,-0.04947690665721893
1781099361286935600,124.726935546875,-0.0970735177397728,-0.3699272871017456,-0.0790025070309639
1781099361312010500,124.75201049804687,-0.12337888777256012,-0.37219706177711487,-0.08079555630683899
1781099361337086700,124.77708666992187,-0.11313808709383011,-0.28077274560928345,-0.06446222960948944
1781099361362162700,124.80216259765625,-0.1740151345729828,-0.2509330213069916,-0.02439700998365879
1781099361387237600,124.82723754882812,-0.1710462123155594,-0.1840820610523224,-0.04652092605829239
1781099361412313600,124.85231372070312,-0.21182134747505188,-0.2523576617240906,-0.016294274479150772
1781099361437388500,124.87738842773437,-0.17409440875053406,-0.16246144473552704,-0.0012971814721822739
1781099361462464500,124.90246459960937,-0.18992963433265686,-0.15615008771419525,0.01597203128039837
1781099361487539500,124.92753955078125,-0.21103742718696594,-0.14042900502681732,0.03907189518213272
1781099361512615700,124.95261572265625,-0.209188312292099,-0.14085552096366882,0.041224077343940735
1781099361537690600,124.97769067382812,-0.18367049098014832,-0.19067901372909546,0.018799124285578728
1781099361562766600,125.0027666015625,-0.2568468749523163,-0.16184835135936737,0.07620475441217422
1781099361587841500,125.02784155273437,-0.29618534445762634,-0.1378985047340393,0.16176669299602509
1781099361612917800,125.05291772460937,-0.23831583559513092,-0.054046861827373505,0.15185391902923584
1781099361637992700,125.07799267578125,-0.3016897439956665,-0.12805895507335663,0.13396410644054413
1781099361663068400,125.103068359375,-0.32643210887908936,-0.05780191719532013,0.16083170473575592
1781099361688143600,125.1281435546875,-0.2956632673740387,-0.06198856607079506,0.20769721269607544
1781099361713219600,125.15321948242187,-0.24971307814121246,-0.08038388937711716,0.18970970809459686
1781099361738295600,125.17829565429687,-0.1834278404712677,0.04236246272921562,0.11144095659255981
1781099361763370500,125.20337060546875,-0.18585389852523804,0.02991374395787716,0.14737777411937714
1781099361788446700,125.22844677734375,-0.1495046466588974,-0.004760426469147205,0.1824670433998108
1781099361813521700,125.25352172851562,-0.10492777079343796,0.12245600670576096,0.16524478793144226
1781099361838597600,125.27859765625,-0.11939290910959244,0.07502396404743195,0.1588950753211975
1781099361863672600,125.30367260742187,-0.11301839351654053,-0.008067498914897442,0.15734907984733582
1781099361888748500,125.32874853515625,-0.07434488832950592,0.02337629161775112,0.16825568675994873
1781099361913823500,125.35382348632812,-0.020106416195631027,0.029113274067640305,0.14605237543582916
1781099361938899500,125.3788994140625,-0.0382014736533165,-0.08591063320636749,0.12545178830623627
1781099361963974400,125.40397436523438,-0.09780748188495636,-0.03903215005993843,0.1723451018333435
1781099361989050600,125.42905053710938,-0.060200516134500504,0.07927919179201126,0.13006463646888733
1781099362014125600,125.45412548828125,-0.10623186081647873,0.08955773711204529,0.14516720175743103
1781099362039201500,125.47920141601563,-0.11740701645612717,0.031219111755490303,0.16946808993816376
1781099362064277800,125.50427783203125,-0.06828364729881287,0.05573795735836029,0.07272474467754364
1781099362089352700,125.52935278320312,-0.03735148161649704,0.11238475888967514,-0.018199197947978973
1781099362114428400,125.55442846679688,-0.09091276675462723,0.11914120614528656,-0.021766044199466705
1781099362139503400,125.57950341796875,-0.08695880323648453,0.11979995667934418,0.053002458065748215
1781099362164579600,125.60457958984375,-0.08424513041973114,0.17204873263835907,-0.007929968647658825
1781099362189654500,125.62965454101563,-0.059926655143499374,0.1945648193359375,-0.02487318217754364
1781099362214730500,125.65473046875,-0.06367620825767517,0.22107993066310883,0.029353752732276917
1781099362239805700,125.6798056640625,-0.1296437382698059,0.260934442281723,0.12480760365724564
1781099362264881700,125.70488159179688,-0.13572317361831665,0.28674283623695374,0.05325623229146004
1781099362289956600,125.72995654296875,-0.09061910957098007,0.13968205451965332,0.010708724148571491
1781099362315032600,125.75503247070313,-0.11316590756177902,0.06437797844409943,0.18791979551315308
1781099362340107800,125.78010766601562,-0.11995569616556168,0.14607968926429749,0.3068021833896637
1781099362365183500,125.80518359375,-0.06935208290815353,0.27322620153427124,0.21694830060005188
1781099362390259500,125.83025952148438,0.014251998625695705,0.26966118812561035,0.07997230440378189
1781099362415334700,125.85533471679688,0.022874485701322556,0.08930489420890808,0.055885862559080124
1781099362440410600,125.88041064453125,0.02062186971306801,0.05735686048865318,0.2146455943584442
1781099362465485600,125.90548559570313,0.060120776295661926,0.18097762763500214,0.2310122698545456
1781099362490561500,125.9305615234375,0.056123338639736176,0.17474961280822754,0.20462855696678162
1781099362515636700,125.95563671875,0.00085402128752321,0.08478536456823349,0.18971173465251923
1781099362540712700,125.98071264648438,0.03169621154665947,-0.026433467864990234,0.20409950613975525
1781099362565787600,126.00578759765625,0.04825908690690994,0.0501289963722229,0.2740401327610016
1781099362590863400,126.03086328125,0.09383003413677216,0.15115372836589813,0.29534628987312317
1781099362615938600,126.0559384765625,0.11347511410713196,0.1441095918416977,0.26739537715911865
1781099362641014500,126.0810146484375,0.14757385849952698,0.13915102183818817,0.14928965270519257
1781099362666089500,126.10608935546875,0.20606708526611328,0.2632791996002197,0.07005003839731216
1781099362691165700,126.13116577148438,0.22225446999073029,0.14251908659934998,-0.03136377036571503
1781099362716240600,126.15624072265625,0.23388929665088654,-0.004221172537654638,-0.10391544550657272
1781099362741316600,126.18131665039063,0.27052316069602966,0.03149512782692909,-0.12184365093708038
1781099362766392600,126.206392578125,0.21656042337417603,0.07250586152076721,-0.0436401292681694
1781099362791467800,126.2314677734375,0.26502329111099243,0.2808215916156769,-0.10746067017316818
1781099362816543500,126.25654345703126,0.23005133867263794,0.19553150236606598,-0.2194482833147049
1781099362841618400,126.28161840820313,0.21795478463172913,0.13175459206104279,-0.26392218470573425
1781099362866694700,126.30669458007813,0.16196487843990326,0.01635783538222313,-0.11196822673082352
1781099362891769600,126.33176953125,0.1512502133846283,0.1395338624715805,0.05806398019194603
1781099362916845600,126.35684545898438,0.13859446346759796,0.21320249140262604,0.04444099962711334
1781099362941920500,126.38192041015625,0.10424625128507614,0.1878577619791031,-0.10629670321941376
1781099362966996700,126.40699682617188,0.12371531873941422,0.08615121990442276,-0.16158950328826904
1781099362992071700,126.43207177734375,0.13335350155830383,-0.05001921206712723,-0.054177626967430115
1781099363017147600,126.45714770507813,0.16262054443359375,0.09066809713840485,-0.05914737656712532
1781099363042222600,126.48222265625,0.11136312782764435,0.1200910359621048,-0.11020316928625107
1781099363067298000,126.50729809570312,0.1360170543193817,0.06365496665239334,-0.01115625910460949
1781099363092374000,126.5323740234375,0.20861239731311798,-0.03182730823755264,0.017278531566262245
1781099363117449000,126.55744897460937,0.2614700496196747,0.07929106056690216,-0.09442216157913208
1781099363142525200,126.58252514648437,0.20689824223518372,-0.029853491112589836,-0.07910701632499695
1781099363167600000,126.60760009765625,0.22210364043712616,-0.037158042192459106,0.011199298314750195
1781099363192676000,126.63267602539062,0.12082821875810623,-0.25649237632751465,-0.18499280512332916
1781099363217751000,126.6577509765625,0.06473615020513535,-0.0805177316069603,-0.11582253873348236
1781099363242827300,126.6828271484375,0.23629741370677948,-0.1669585406780243,0.06695616990327835
1781099363267902200,126.70790209960937,0.2087782472372055,0.10907813906669617,0.19395044445991516
1781099363292978200,126.73297827148437,0.12241226434707642,0.3574431538581848,-0.16745774447917938
1781099363318053000,126.75805322265624,0.12403330206871033,0.17377813160419464,-0.4471501111984253
1781099363343129000,126.78312915039062,0.17534540593624115,0.005048870109021664,-0.37333330512046814
1781099363368205000,126.808205078125,0.1177968829870224,-0.006681170780211687,-0.19683997333049774
1781099363393280000,126.83328002929687,0.04081170633435249,0.11649367958307266,-0.03619316965341568
1781099363418356200,126.85835620117187,0.07406352460384369,0.05433565005660057,0.04350762814283371
1781099363443431200,126.88343115234375,0.1207062155008316,-0.07508108019828796,0.08284500241279602
1781099363468507100,126.90850708007812,0.0824776291847229,-0.021014152094721794,-0.0901549682021141
1781099363493582000,126.93358203125,-0.026683300733566284,-0.03762060031294823,-0.3010800778865814
1781099363518658000,126.95865795898438,0.022755058482289314,-0.0749989002943039,-0.25701650977134705
1781099363543733000,126.98373291015625,-0.008605587296187878,-0.12857724726200104,-0.05753036215901375
1781099363568809000,127.00880908203125,0.012363911606371403,-0.09432031959295273,0.00720236636698246
1781099363593884200,127.03388427734374,0.14995719492435455,-0.002066867658868432,-0.14802482724189758
1781099363618960100,127.05896020507812,0.21771711111068726,-0.08525591343641281,-0.23786485195159912
1781099363644035000,127.08403515625,0.24370519816875458,-0.03962884843349457,-0.3279501497745514
1781099363669111000,127.10911108398437,0.22858406603336334,-0.1619885414838791,-0.37120118737220764
1781099363694186200,127.13418627929687,0.19593167304992676,-0.10267017036676407,-0.38424235582351685
1781099363719262200,127.15926220703125,0.19230513274669647,-0.16148069500923157,-0.31023460626602173
1781099363744338000,127.184337890625,0.1961711049079895,-0.17843420803546906,-0.2769850790500641
1781099363769413000,127.2094130859375,0.17866003513336182,-0.1881725937128067,-0.35548681020736694
1781099363794489000,127.23448901367188,0.09608102589845657,-0.2451135367155075,-0.3543933033943176
1781099363819564000,127.25956396484375,0.12535730004310608,-0.23052819073200226,-0.30201759934425354
1781099363844640000,127.28463989257813,0.08428765833377838,-0.26155635714530945,-0.1849936991930008
1781099363869715200,127.30971508789062,0.04442087933421135,-0.09723470360040665,-0.1975061297416687
1781099363894791200,127.33479125976562,0.018304768949747086,-0.3172752261161804,-0.16983625292778015
1781099363919866000,127.3598662109375,-0.037102892994880676,-0.37235382199287415,-0.13808554410934448
1781099363944942300,127.3849423828125,-0.05486632138490677,-0.43346625566482544,-0.1252729743719101
1781099363970017300,127.41001733398437,-0.08162567764520645,-0.31372448801994324,-0.13791567087173462
1781099363995093000,127.43509301757813,-0.1365867406129837,-0.21112801134586334,-0.028937112540006638
1781099364020168200,127.46016821289062,-0.1694292575120926,-0.1503515988588333,0.033889368176460266
1781099364045244200,127.485244140625,-0.14545676112174988,-0.14790350198745728,0.020798977464437485
1781099364070319900,127.51031982421875,-0.14503468573093414,-0.16213950514793396,-0.002391382586210966
1781099364095394800,127.53539477539063,-0.10088331252336502,-0.18780134618282318,-0.06489668786525726
1781099364120471000,127.56047094726563,-0.19923405349254608,-0.1689164638519287,-0.08095790445804596
1781099364145546000,127.5855458984375,-0.19714555144309998,-0.13341473042964935,-0.04649411141872406
1781099364170622000,127.6106220703125,-0.2251388132572174,-0.1430797129869461,0.08880066871643066
1781099364195697200,127.635697265625,-0.14054660499095917,-0.07463149726390839,0.13518713414669037
1781099364220772900,127.66077294921875,-0.0942499190568924,-0.07624613493680954,0.11321741342544556
1781099364245848000,127.68584814453125,-0.0981447622179985,-0.06530830264091492,0.04613616317510605
1781099364270923800,127.710923828125,-0.20167268812656403,-0.2174922525882721,0.022653548046946526
1781099364295999000,127.7359990234375,-0.1405390352010727,-0.23824957013130188,-0.1060916930437088
1781099364321075000,127.76107495117188,-0.12765657901763916,-0.18365663290023804,-0.11677210032939911
1781099364346150000,127.78614990234375,-0.15259042382240295,-0.10235054790973663,0.06033775582909584
1781099364371226000,127.81122607421875,-0.1735190898180008,0.041880812495946884,0.0002635330893099308
1781099364396302000,127.83630200195313,-0.1649220734834671,0.16112925112247467,-0.06515243649482727
1781099364421377000,127.861376953125,-0.03549129143357277,0.15240758657455444,-0.1236758604645729
1781099364446452700,127.88645263671874,-0.04088440164923668,-0.09309279173612595,-0.12600231170654297
1781099364471528000,127.91152783203125,-0.11939145624637604,-0.06426312774419785,-0.0983494222164154
1781099364496604000,127.93660400390625,-0.10415690392255783,-0.2021191567182541,-0.0727253258228302
1781099364521678800,127.96167895507813,-0.07804031670093536,-0.1894199550151825,0.04004383087158203
1781099364546755000,127.98675512695313,-0.07293551415205002,-0.12259730696678162,0.1550445407629013
1781099364571830000,128.011830078125,-0.105689138174057,-0.06148476526141167,0.11841179430484772
1781099364596906000,128.03690600585938,-0.11192700266838074,-0.028732983395457268,0.09778029471635818
1781099364621981000,128.06198095703124,-0.09230414777994156,-0.23010288178920746,0.00974011979997158
1781099364647057200,128.08705712890625,-0.04709802567958832,-0.28488749265670776,-0.0019442816264927387
1781099364672132000,128.1121320800781,-0.1346883624792099,-0.37862876057624817,-0.010764149948954582
1781099364697207800,128.13720776367188,-0.0918363481760025,-0.18908853828907013,-0.007452087011188269
1781099364722283800,128.16228369140626,-0.033921655267477036,-0.17050473392009735,-0.13252025842666626
1781099364747359000,128.18735888671876,-0.05789084732532501,-0.19606921076774597,-0.12105021625757217
1781099364772435000,128.21243505859374,-0.1116039901971817,-0.19195950031280518,-0.12323759496212006
1781099364797510000,128.23751000976563,-0.1943473070859909,-0.23318123817443848,-0.17385219037532806
1781099364822586000,128.26258618164061,-0.142125204205513,-0.11273025721311569,-0.17358125746250153
1781099364847661000,128.2876611328125,-0.16466504335403442,-0.03771430253982544,-0.11982923746109009
1781099364872737000,128.31273706054688,-0.23483075201511383,-0.1554388850927353,-0.03494860231876373
1781099364897812000,128.33781201171874,-0.19255685806274414,-0.13155941665172577,-0.12765178084373474
1781099364922888000,128.36288793945312,-0.23320874571800232,-0.1523221880197525,-0.11852087825536728
1781099364947963000,128.387962890625,-0.23852914571762085,-0.3078612983226776,-0.009386634454131126
1781099364973038800,128.41303881835938,-0.26158902049064636,-0.17897099256515503,0.06495487689971924
1781099364998113800,128.43811376953124,-0.28454723954200745,-0.1316681206226349,0.06228864565491676
1781099365023190000,128.46318994140626,-0.25966396927833557,-0.09883137792348862,0.005660033319145441
1781099365048266000,128.48826586914063,-0.24931515753269196,-0.12078408151865005,0.15707352757453918
1781099365073341700,128.513341796875,-0.3417585790157318,-0.2650339603424072,0.15482711791992188
1781099365098417400,128.53841748046875,-0.2948949933052063,-0.21079769730567932,-0.03078673779964447
1781099365123492400,128.5634924316406,-0.29615676403045654,-0.13091881573200226,-0.08947133272886276
1781099365148568600,128.58856860351563,-0.35308974981307983,-0.1883930265903473,0.10566388070583344
1781099365173643500,128.6136435546875,-0.3398679792881012,-0.08629268407821655,0.08355296403169632
1781099365198719500,128.63871948242186,-0.24778395891189575,0.2420467734336853,0.11406893283128738
1781099365223794700,128.6637946777344,-0.17465157806873322,0.16708993911743164,0.12118472903966904
1781099365248870700,128.68887060546874,-0.30206865072250366,-0.0813276395201683,-0.03694787248969078
1781099365273945600,128.71394555664062,-0.2889699935913086,-0.15249918401241302,-0.08914434164762497
1781099365299021600,128.739021484375,-0.24682939052581787,-0.22802720963954926,0.06548765301704407
1781099365324096800,128.7640966796875,-0.21142590045928955,-0.12348825484514236,0.2573148310184479
1781099365349172500,128.78917236328124,-0.17774046957492828,0.15302535891532898,0.21068017184734344
1781099365374248400,128.81424853515625,-0.2507203221321106,0.1545753926038742,0.08069610595703125
1781099365399323600,128.83932373046875,-0.2569645047187805,-0.09277466684579849,0.01907707378268242
1781099365424399600,128.86439965820313,-0.20041701197624207,-0.20852816104888916,0.015555916354060173
1781099365449474600,128.889474609375,-0.24919648468494415,0.015195554122328758,0.12754136323928833
1781099365474550500,128.91455053710936,-0.1908491551876068,0.0916946604847908,0.1363203376531601
1781099365499625700,128.9396257324219,-0.22492285072803497,0.04964989796280861,0.014884560368955135
1781099365524701700,128.96470166015624,-0.20787465572357178,0.020576395094394684,-0.04374975338578224
1781099365549776600,128.98977661132812,-0.270749568939209,0.013046039268374443,-0.012763679027557373
1781099365574852400,129.01485229492187,-0.25133511424064636,0.05883136764168739,0.1000739261507988
1781099365599927600,129.03992749023436,-0.20786119997501373,0.06458330154418945,0.02830944024026394
1781099365625003500,129.06500341796874,-0.20177552103996277,0.12374143302440643,0.01862463168799877
1781099365650079500,129.09007958984375,-0.21424494683742523,0.09353210031986237,-0.06135857105255127
1781099365675154700,129.11515478515625,-0.24471022188663483,0.0983542799949646,-0.09874623268842697
1781099365700230700,129.14023071289063,-0.18756705522537231,0.010711245238780975,0.028116375207901
1781099365725305600,129.1653056640625,-0.19152282178401947,-0.020119188353419304,0.18424052000045776
1781099365750381600,129.19038159179686,-0.21051083505153656,0.13431373238563538,0.21535992622375488
1781099365775456800,129.2154567871094,-0.12087759375572205,0.19022676348686218,0.03398938104510307
1781099365800532500,129.24053247070313,-0.15441635251045227,-0.05473395437002182,0.0980948880314827
1781099365825607400,129.265607421875,-0.19386453926563263,-0.18408209085464478,0.20345473289489746
1781099365850683600,129.29068359375,-0.14950677752494812,-0.04509206488728523,0.17220506072044373
1781099365875758600,129.31575854492186,-0.15200896561145782,0.20298238098621368,0.13597051799297333
1781099365900834600,129.34083447265624,-0.2310609370470047,0.2537013590335846,0.24877238273620605
1781099365925910500,129.36591064453125,-0.2280275970697403,0.16115576028823853,0.35481250286102295
1781099365950985700,129.39098583984375,-0.16706904768943787,0.060899876058101654,0.11514650285243988
1781099365976061700,129.41606176757813,-0.13958129286766052,0.07373456656932831,0.026188625022768974
1781099366001136600,129.44113671875,-0.17989012598991394,-0.025117674842476845,0.15045273303985596
1781099366026212600,129.46621264648437,-0.18297137320041656,0.04143568128347397,0.22012296319007874
1781099366051287600,129.49128759765625,-0.09105142951011658,0.1970030963420868,0.05011648312211037
1781099366076363300,129.51636328125,-0.08529595285654068,0.20446541905403137,0.0686122477054596
1781099366101438200,129.54143823242188,-0.2365761697292328,0.07831501960754395,0.12148278206586838
1781099366126514200,129.56651416015626,-0.19144706428050995,0.1263807713985443,0.053756434470415115
1781099366151589000,129.59158911132812,-0.1420769840478897,0.2365349382162094,0.10512261837720871
1781099366176665300,129.61666528320313,-0.1479032039642334,0.18428409099578857,0.2451220005750656
1781099366201741300,129.6417412109375,-0.14641787111759186,0.21407859027385712,0.15712325274944305
1781099366226816300,129.66681616210937,-0.11787062138319016,0.21754992008209229,0.09906667470932007
1781099366251892200,129.69189233398438,-0.14521092176437378,0.13302722573280334,0.23829957842826843
1781099366276967200,129.71696728515624,-0.07942098379135132,0.27461081743240356,0.3682045638561249
1781099366302043100,129.74204321289062,0.029042785987257957,0.39466461539268494,0.22997361421585083
1781099366327118000,129.7671181640625,-0.047525882720947266,0.11618296056985855,0.1333087533712387
1781099366352194300,129.7921943359375,-0.13426154851913452,-0.10445251315832138,0.19690082967281342
1781099366377269200,129.81726928710938,-0.03894514590501785,-0.007668297737836838,0.3114319145679474
1781099366402345200,129.84234521484376,0.04312915727496147,0.32993224263191223,0.28339409828186035
1781099366427420200,129.86742016601562,0.050706323236227036,0.5973587036132812,0.27474626898765564
1781099366452496400,129.89249633789063,-0.02441585808992386,0.43657734990119934,0.12048688530921936
1781099366477571300,129.9175712890625,-0.08421298116445541,0.04819008335471153,0.03841288387775421
1781099366502647000,129.94264697265626,0.024014294147491455,-0.09783817827701569,0.05494409054517746
1781099366527723300,129.96772314453125,-0.09470762312412262,0.06933734565973282,0.18794098496437073
1781099366552798200,129.99279809570314,0.033715978264808655,0.3577834367752075,0.24809230864048004
1781099366577874200,130.01787426757812,0.07288827002048492,0.353139191865921,-0.12269946932792664
1781099366602949000,130.04294921875,-0.017912359908223152,0.2624783515930176,0.032144829630851746
1781099366628025300,130.068025390625,0.07794555276632309,0.11362267285585403,0.12299758195877075
1781099366653100300,130.09310034179688,0.09853270649909973,0.341691255569458,0.3251250088214874
1781099366678176300,130.11817626953126,0.15663592517375946,0.34887099266052246,0.14200492203235626
1781099366703251500,130.14325146484376,0.051667165011167526,0.08526677638292313,0.029258660972118378
1781099366728327200,130.1683271484375,-0.050909630954265594,-0.16854876279830933,-0.03163567930459976
1781099366753403100,130.19340307617188,0.10629641264677048,-0.004339227452874184,0.03601759672164917
1781099366778478000,130.21847802734376,0.07819266617298126,0.20928756892681122,0.06452201306819916
1781099366803554300,130.24355419921875,0.05627020075917244,0.4385484457015991,0.15663741528987885
1781099366828629200,130.26862915039064,0.13422825932502747,0.46974360942840576,0.017398228868842125
1781099366853705200,130.29370532226562,0.1214679405093193,0.34235402941703796,-0.007206277456134558
1781099366878780400,130.31878051757812,0.02847173996269703,0.19172175228595734,0.09202954918146133
1781099366903856400,130.3438564453125,0.08730203658342361,0.17805972695350647,0.18106141686439514
1781099366928931300,130.36893139648438,0.08250761032104492,0.1536589115858078,0.16735151410102844
1781099366954007000,130.39400708007813,0.048491522669792175,0.11117742955684662,0.18275490403175354
1781099366979082200,130.41908227539062,0.07459047436714172,0.11388096213340759,0.13773921132087708
1781099367004158200,130.444158203125,0.01224545482546091,0.09604505449533463,0.1458100527524948
1781099367029234200,130.46923413085938,-0.08002904802560806,0.18866397440433502,0.19972552359104156
1781099367054309400,130.49430932617187,-0.05627285689115524,0.2268332690000534,0.25381508469581604
1781099367079384800,130.519384765625,0.009294849820435047,0.17697228491306305,0.2191651612520218
1781099367104459800,130.54445971679687,0.01419267151504755,0.2103368192911148,0.147137850522995
1781099367129535700,130.56953564453124,0.0018411078490316868,0.28563591837882996,-0.03498069569468498
1781099367154610700,130.59461059570313,-0.01857217215001583,0.17685486376285553,-0.08589991927146912
1781099367179687000,130.61968701171875,-0.04080260545015335,0.20834194123744965,0.03312151879072189
1781099367204761900,130.6447619628906,-0.06239442899823189,0.25922277569770813,0.17304007709026337
1781099367229837600,130.66983764648438,0.05668313801288605,0.42438003420829773,0.14998899400234222
1781099367254912500,130.69491259765624,0.14180514216423035,0.3673129379749298,-0.06746699661016464
1781099367279988700,130.71998876953126,0.09129305183887482,0.11724449694156647,-0.13973042368888855
1781099367305064700,130.74506469726563,0.10534971952438354,-0.08636424690485,-0.08844677358865738
1781099367330139600,130.7701396484375,0.20703689754009247,-0.04964009299874306,-0.045243941247463226
1781099367355216000,130.7952158203125,0.2199287861585617,0.09075437486171722,-0.0813121423125267
1781099367380290800,130.82029077148437,0.1692182719707489,0.14315487444400787,0.04693162068724632
1781099367405366800,130.84536669921874,0.16821099817752838,0.11250840872526169,0.0947054922580719
1781099367430441700,130.87044165039063,0.21285463869571686,0.0606069341301918,-0.10368643701076508
1781099367455517700,130.895517578125,0.14793241024017334,-0.12313534319400787,-0.28925246000289917
1781099367480592600,130.92059252929687,0.0923028290271759,-0.07673726230859756,-0.19373489916324615
1781099367505668600,130.94566870117188,0.12406274676322937,0.050835493952035904,0.004191602114588022
1781099367530743600,130.97074365234374,0.22846555709838867,0.2549493610858917,0.07870737463235855
1781099367555819800,130.99581982421876,0.2772098481655121,0.21576733887195587,-0.1482965648174286
1781099367580895700,131.02089575195313,0.10876350849866867,-0.005204686429351568,-0.2533967196941376
1781099367605970700,131.045970703125,0.07266722619533539,-0.08555906265974045,-0.27220427989959717
1781099367631046700,131.07104663085937,0.08193410933017731,-0.07460982352495193,-0.15516886115074158
1781099367656121900,131.09612182617187,0.07552400231361389,0.10844822973012924,-0.07380969077348709
1781099367681197600,131.12119750976564,0.17425987124443054,0.20096811652183533,-0.14413711428642273
1781099367706272500,131.1462724609375,0.14992369711399078,0.16874481737613678,-0.22691185772418976
1781099367731348700,131.1713486328125,0.10735262185335159,0.07452902942895889,-0.23742622137069702
1781099367756423700,131.19642358398437,0.07355613261461258,-0.12889541685581207,-0.149161234498024
1781099367781499600,131.22149975585938,0.03475591912865639,-0.050208572298288345,-0.0074473535642027855
1781099367806574800,131.24657495117188,0.07420025765895844,0.10412679612636566,0.09980935603380203
1781099367831650800,131.27165087890626,0.22607187926769257,0.12632320821285248,0.045170363038778305
1781099367856726500,131.2967265625,0.10522280633449554,-0.0061078728176653385,-0.13045136630535126
1781099367881801700,131.3218017578125,0.038275666534900665,-0.24792715907096863,-0.16270871460437775
1781099367906877700,131.34687768554687,0.028348850086331367,-0.26749420166015625,-0.05117485672235489
1781099367931952600,131.37195263671876,0.0360153503715992,-0.07502800971269608,0.22987337410449982
1781099367957028600,131.39702856445314,0.1850079447031021,0.19965416193008423,0.15252874791622162
1781099367982103800,131.42210375976563,0.2344978153705597,-0.004075078293681145,-0.21227870881557465
1781099368007179800,131.4471796875,0.039138052612543106,-0.1863248646259308,-0.4089146852493286
1781099368032254700,131.47225463867187,-0.11406498402357101,-0.42539504170417786,-0.3438138961791992
1781099368057330700,131.49733056640625,0.08446014672517776,-0.1993912011384964,-0.005563079379498959
1781099368082406400,131.52240649414063,0.2776031196117401,0.22528822720050812,-0.14519324898719788
1781099368107482400,131.547482421875,0.08142866939306259,0.30735403299331665,-0.10717092454433441
1781099368132558300,131.57255834960938,0.01865888014435768,-0.10707051306962967,-0.1523502618074417
1781099368157633300,131.59763330078124,0.10343963652849197,-0.38346683979034424,-0.25195053219795227
1781099368182709500,131.62270947265625,-0.040586892515420914,-0.28862446546554565,-0.1220851019024849
1781099368207784400,131.6477844238281,-0.08472441136837006,-0.26848697662353516,-0.029593104496598244
1781099368232860400,131.6728603515625,0.19680511951446533,-0.0588393360376358,-0.04205259308218956
1781099368257935400,131.69793530273438,0.1433023363351822,0.08026856184005737,-0.2402411848306656
1781099368283011300,131.72301123046876,0.00615702522918582,-0.21147757768630981,-0.12543758749961853
1781099368308086300,131.74808618164062,0.09448322653770447,-0.28770315647125244,-0.0517582893371582
1781099368333162200,131.77316235351563,0.10554575175046921,-0.11247844249010086,0.01496834121644497
1781099368358237200,131.7982373046875,0.04729960858821869,-0.09028704464435577,-0.04981851577758789
1781099368383313400,131.8233134765625,0.0486760213971138,-0.3788265883922577,-0.11501660943031311
1781099368408389400,131.84838940429688,0.07043404877185822,-0.4639587104320526,-0.11418785154819489
1781099368433464300,131.87346435546874,0.0639290139079094,-0.27814915776252747,-0.16407686471939087
1781099368458540500,131.89854052734376,-0.011927347630262375,-0.25817403197288513,-0.2272176891565323
1781099368483615500,131.92361547851561,-0.16024476289749146,-0.09953981637954712,-0.02873346209526062
1781099368508691200,131.94869116210938,-0.03595779091119766,-0.006801930256187916,0.01753806136548519
1781099368533766100,131.97376611328124,-0.00894993357360363,0.044620100408792496,-0.08216194063425064
1781099368558842400,131.99884228515626,-0.1712489128112793,-0.13872206211090088,-0.15275683999061584
1781099368583917300,132.02391723632812,-0.10003657639026642,-0.274789035320282,-0.20509231090545654
1781099368608993300,132.0489931640625,-0.018742965534329414,-0.33618491888046265,-0.12477467209100723
1781099368634068500,132.074068359375,-0.08120184391736984,-0.05619443580508232,0.03103322722017765
1781099368659144400,132.09914453125,-0.03998954966664314,-0.0551394447684288,0.08321056514978409
1781099368684220400,132.12422045898438,0.02110081911087036,-0.12527629733085632,0.13715673983097076
1781099368709295400,132.14929541015624,-0.05869574099779129,-0.10733465850353241,0.1716896891593933
1781099368734371300,132.17437133789062,0.08599410206079483,-0.33301588892936707,0.06294883787631989
1781099368759446300,132.1994462890625,0.10665271431207657,-0.4271182119846344,-0.04402773082256317
1781099368784522200,132.22452221679688,-0.04637489095330238,-0.45126059651374817,-0.040320031344890594
1781099368809597400,132.24959741210938,-0.014904196374118328,-0.18554234504699707,0.1306382119655609
1781099368834673400,132.27467333984376,0.2212865799665451,-0.04565984383225441,-0.04157232493162155
1781099368859748400,132.29974829101562,-0.0612272247672081,0.09012244641780853,-0.2831520438194275
1781099368884824300,132.32482421875,-0.0189684946089983,0.08971911668777466,-0.28258273005485535
1781099368909900500,132.34990063476562,0.17586833238601685,-0.37908288836479187,-0.12105908989906311
1781099368934975500,132.3749755859375,0.03227100521326065,0.06360531598329544,-0.12776565551757812
1781099368960050400,132.40005053710937,-0.04037902131676674,-0.07220152765512466,-0.162348210811615
1781099368985126100,132.42512622070313,0.15329641103744507,-0.15660957992076874,0.04893070086836815
1781099369010201300,132.45020141601563,-0.059093497693538666,-0.3893600106239319,-0.13122321665287018
1781099369035277300,132.47527734375,-0.21873807907104492,-0.07070638984441757,-0.02484171837568283
1781099369060352300,132.50035229492187,0.0011505777947604656,-0.1366029679775238,0.08901826292276382
1781099369085428000,132.52542797851564,-0.04353003576397896,0.0027785548008978367,-0.01862671598792076
1781099369110504200,132.55050415039062,-0.20385928452014923,0.13742698729038239,-0.14848032593727112
1781099369135579100,132.5755791015625,-0.07454370707273483,-0.224196195602417,0.023743044584989548
1781099369160655000,132.6006550292969,0.09747347980737686,-0.16392919421195984,0.16469524800777435
1781099369185730000,132.62572998046875,0.02489890716969967,0.08732624351978302,-0.15188373625278473
1781099369210806000,132.65080590820313,-0.15141430497169495,-0.029662929475307465,-0.12507206201553345
1781099369235881200,132.67588110351562,-0.047500066459178925,-0.22612813115119934,-0.1381731629371643
1781099369260957000,132.70095703125,0.00024235236924141645,-0.1538802534341812,-0.027144933119416237
1781099369286032100,132.7260322265625,-0.029720546677708626,-0.10354404151439667,-0.14053508639335632
1781099369311108000,132.75110815429687,-0.10978943109512329,-0.10331599414348602,-0.011734634637832642
1781099369336184000,132.77618408203125,0.07327155768871307,-0.045880742371082306,-0.021932875737547874
1781099369361259000,132.80125903320314,-0.05703205242753029,-0.11760671436786652,-0.13399119675159454
1781099369386335200,132.82633520507812,-0.015479082241654396,-0.10678031295537949,-0.16639232635498047
1781099369411410200,132.85141015625,-0.0968511700630188,-0.3772251307964325,-0.004357344005256891
1781099369436486000,132.87648583984375,-0.04362500086426735,0.02078818902373314,0.19800347089767456
1781099369461561000,132.90156103515625,0.05488743633031845,0.042133528739213943,-0.002805589698255062
1781099369486637000,132.92663696289063,-0.15269626677036285,-0.05886537581682205,-0.006264124531298876
1781099369511713000,132.9517131347656,-0.11609407514333725,-0.3120351731777191,-0.02261728048324585
1781099369536788000,132.9767880859375,-0.10309690237045288,-0.12549765408039093,0.1460922658443451
1781099369561864200,133.0018642578125,-0.0073511009104549885,0.2865127921104431,0.09396786987781525
1781099369586939100,133.02693920898437,0.009667782112956047,0.2510024905204773,-0.14195649325847626
1781099369612015000,133.05201513671875,-0.20151180028915405,0.06510961800813675,-0.11042437702417374
1781099369637090000,133.07709008789064,-0.17792655527591705,-0.05387651175260544,0.0418650284409523
1781099369662166000,133.102166015625,-0.16564109921455383,-0.16945721209049225,0.18756873905658722
1781099369687242000,133.12724194335937,-0.11399547755718231,-0.015254582278430462,0.1757269948720932
1781099369712317000,133.15231689453125,-0.1692437380552292,0.04783007875084877,0.06530046463012695
1781099369737393200,133.17739306640624,-0.23273231089115143,0.1924227476119995,0.07437123358249664
1781099369762468000,133.20246801757813,-0.10992060601711273,0.2709970474243164,0.07347012311220169
1781099369787544000,133.2275439453125,-0.0042176563292741776,0.05549364909529686,0.06744994968175888
1781099369812619000,133.25261889648436,-0.01841074973344803,0.11069228500127792,-0.046914711594581604
1781099369837695200,133.2776953125,0.005867747589945793,-0.050861191004514694,-0.02228066697716713
1781099369862771000,133.30277099609376,0.010671650990843773,0.048383817076683044,0.013603631407022476
1781099369887846000,133.32784594726562,0.06510010361671448,0.0350804440677166,-0.017823727801442146
1781099369912922000,133.35292211914063,-0.02819039672613144,0.0851937085390091,-0.03923870995640755
1781099369937997000,133.3779970703125,-0.07383137196302414,0.08985620737075806,0.11976805329322815
1781099369963073000,133.40307299804687,0.0236482173204422,0.1053285002708435,0.1544017642736435
1781099369988148000,133.42814794921875,0.0365632064640522,0.06810623407363892,0.09693848341703415
1781099370013224200,133.45322412109374,-0.04661809280514717,-0.14805026352405548,0.07284396886825562
1781099370038300200,133.47830004882812,0.02311824820935726,-0.09902091324329376,0.01755363680422306
1781099370063375000,133.503375,-0.04236312955617905,-0.08139661699533463,-0.020364778116345406
1781099370088450800,133.52845092773438,-0.047246236354112625,0.13042256236076355,0.03728418052196503
1781099370113525800,133.55352587890624,-0.015594402328133583,0.09121472388505936,0.18125009536743164
1781099370138601700,133.57860180664062,0.021748216822743416,0.19409413635730743,0.14335303008556366
1781099370163676700,133.6036767578125,-0.06255675852298737,0.15081687271595,-0.012535622343420982
1781099370188753000,133.6287529296875,-0.06794194877147675,-0.07110173255205154,-0.07526210695505142
1781099370213828900,133.65382885742187,-0.05469520017504692,-0.010794999077916145,-0.016967661678791046
1781099370238903800,133.67890380859376,-0.12425649166107178,0.047139935195446014,0.12400376796722412
1781099370263980000,133.70397998046874,-0.03249872848391533,0.24344244599342346,0.16860680282115936
1781099370289055000,133.72905493164063,-0.043345220386981964,0.20050834119319916,0.06918197870254517
1781099370314130700,133.75413061523437,-0.08910376578569412,-0.009058013558387756,-0.0032159127295017242
1781099370339205600,133.77920556640626,-0.07497448474168777,-0.0853113904595375,0.015215713530778885
1781099370364281900,133.80428173828125,0.01326198410242796,-0.10150203853845596,0.08469155430793762
1781099370389357800,133.82935791015626,0.03730654716491699,0.09663109481334686,0.015791501849889755
1781099370414432800,133.85443286132812,0.018395913764834404,-0.000043863346945727244,0.041162583976984024
1781099370439509000,133.87950903320314,0.055382926017045975,-0.026934707537293434,-0.14496655762195587
1781099370464584000,133.904583984375,0.025749433785676956,0.0652022510766983,-0.18974493443965912
1781099370489660000,133.92965991210937,0.01695333607494831,-0.06641676276922226,-0.10575222223997116
1781099370514734800,133.95473486328126,-0.002224443946033716,0.1643151342868805,0.18016839027404785
1781099370539810800,133.97981079101564,0.1497497409582138,0.18571968376636505,0.024219874292612076
1781099370564886800,134.00488671875,0.055079035460948944,0.00018589278624858707,-0.2666514813899994
1781099370589961700,134.02996166992187,-0.15268859267234802,-0.41999223828315735,-0.17042623460292816
1781099370615038000,134.0550378417969,-0.0717727392911911,-0.40137648582458496,0.16684818267822266
1781099370640113000,134.08011279296875,0.1904222071170807,0.18305285274982452,0.14490890502929688
1781099370665188900,134.10518896484376,0.04299875721335411,0.19408197700977325,-0.049631476402282715
1781099370690263800,134.13026391601562,-0.13908132910728455,-0.1646069884300232,-0.1551683098077774
1781099370715339800,134.15533984375,-0.03953533247113228,-0.5158077478408813,-0.25255876779556274
1781099370740415700,134.18041577148438,-0.03289172425866127,-0.19017261266708374,-0.042647358030080795
1781099370765490700,134.20549072265624,0.010322983376681805,0.10100887715816498,-0.02021244540810585
1781099370790567000,134.23056689453125,-0.03260323405265808,0.27394601702690125,0.07343887537717819
1781099370815641900,134.25564184570314,-0.030186710879206657,-0.008690237067639828,-0.07191275805234909
1781099370840717800,134.2807177734375,0.05592275410890579,-0.2253561168909073,-0.18025824427604675
1781099370865792800,134.30579272460938,-0.057212743908166885,-0.44240260124206543,-0.07524249702692032
1781099370890869000,134.33086889648436,-0.028548575937747955,-0.2264188677072525,0.08561991900205612
1781099370915944700,134.35594482421874,-0.012627193704247475,0.18664506077766418,0.018064791336655617
1781099370941019600,134.38101953125,-0.03650982677936554,0.16716918349266052,0.10379306972026825
1781099370966096000,134.4060959472656,-0.05784914642572403,-0.09274328500032425,0.06378711760044098
1781099370991170800,134.4311708984375,-0.030970660969614983,-0.14309273660182953,0.0476776547729969
1781099371016246800,134.45624682617188,-0.11228711903095245,-0.17901216447353363,-0.013263488188385963
1781099371041321700,134.48132177734374,-0.13342536985874176,-0.04245484620332718,0.009593164548277855
1781099371066398000,134.50639794921875,-0.07583456486463547,0.052199218422174454,-0.006093725096434355
1781099371091474400,134.53147436523437,-0.14171327650547028,0.008495567366480827,0.02639143168926239
1781099371116549400,134.55654931640626,-0.1080535501241684,0.11500945687294006,0.07575689256191254
1781099371141625600,134.58162548828125,-0.007683834061026573,0.1574525684118271,0.002535899169743061
1781099371166700500,134.60670043945314,-0.0766880214214325,-0.10598817467689514,-0.0460495799779892
1781099371191776500,134.63177661132812,-0.07223468273878098,-0.1954406350851059,-0.033115655183792114
1781099371216851500,134.6568515625,0.02199031598865986,-0.10474066436290741,0.0877460390329361
1781099371241927700,134.681927734375,-0.016533369198441505,-0.01392433326691389,0.059744201600551605
1781099371267002600,134.70700268554688,-0.009328003972768784,0.002979506039991975,0.054023101925849915
1781099371292078600,134.73207861328126,-0.04241511970758438,0.01730058528482914,-0.016896866261959076
1781099371317154600,134.75715454101564,-0.05040552094578743,-0.14305081963539124,-0.008866761811077595
1781099371342229500,134.7822294921875,-0.05071099102497101,-0.010120537132024765,-0.011281168088316917
1781099371367305500,134.80730541992187,-0.042590510100126266,0.05836740881204605,0.0458633154630661
1781099371392380400,134.83238037109376,-0.03373386710882187,0.01842808723449707,-0.049335625022649765
1781099371417456600,134.85745654296875,-0.08719764649868011,-0.012804900296032429,-0.1133522018790245
1781099371442531600,134.88253149414064,-0.06781063973903656,-0.027233710512518883,-0.014293513260781765
1781099371467607600,134.90760766601562,-0.07146701216697693,0.07970316708087921,0.024856189265847206
1781099371492683800,134.93268383789064,-0.0696069747209549,-0.024108795449137688,-0.0529186986386776
1781099371517758700,134.9577587890625,-0.08243829011917114,-0.01882980205118656,0.019450895488262177
1781099371542834400,134.98283447265624,-0.06563735753297806,0.0014744129730388522,0.05109658092260361
1781099371567909400,135.00790942382812,-0.08299779146909714,-0.08637573570013046,0.08951953798532486
1781099371592985600,135.03298559570314,-0.07065427303314209,-0.012836352922022343,0.12986110150814056
1781099371618060500,135.058060546875,-0.006936255376785994,0.039378151297569275,0.08983487635850906
1781099371643136500,135.08313647460938,-0.036840684711933136,-0.10975894331932068,-0.015304644592106342
1781099371668212700,135.10821264648436,-0.08647910505533218,-0.20839054882526398,0.04182973504066467
1781099371693287700,135.13328759765625,0.047927550971508026,0.010886557400226593,0.07794630527496338
1781099371718363600,135.15836376953126,0.016529683023691177,0.1878887563943863,-0.014801207929849625
1781099371743438600,135.1834384765625,-0.13470885157585144,-0.010813240893185139,0.04723279923200607
1781099371768514600,135.2085146484375,-0.027343906462192535,-0.06858593970537186,0.08745069056749344
1781099371793589500,135.2335895996094,-0.02110373228788376,0.011514633893966675,-0.0721050351858139
1781099371818665500,135.25866552734374,-0.09903748333454132,-0.007774352096021175,-0.07750710099935532
1781099371843741700,135.28374169921875,-0.0790058895945549,-0.08638985455036163,0.049177225679159164
1781099371868816600,135.3088166503906,-0.052375614643096924,0.07354868203401566,0.16162095963954926
1781099371893892600,135.333892578125,-0.017842009663581848,0.27722877264022827,0.08999399840831757
1781099371918967600,135.35896752929688,-0.0031088078394532204,0.038396310061216354,0.040486954152584076
1781099371944043500,135.38404345703125,-0.11130301654338837,-0.2910991311073303,0.03849189728498459
1781099371969118700,135.40911865234375,-0.027450980618596077,-0.15650612115859985,0.17014364898204803
1781099371994194400,135.4341943359375,0.10477571934461594,0.010188422165811062,-0.0440346859395504
1781099372019270700,135.4592707519531,-0.053172752261161804,-0.01990457810461521,-0.06342422962188721
1781099372044345600,135.484345703125,-0.03205609694123268,-0.09290213137865067,-0.033854179084300995
1781099372069421600,135.50942163085938,0.053708575665950775,0.011843416839838028,-0.01722489669919014
1781099372094495700,135.53449584960939,-0.04150337353348732,0.2478967010974884,0.013139470480382442
1781099372119571700,135.55957177734376,-0.014682440087199211,0.01863524317741394,0.0521899051964283
1781099372144648000,135.58464794921875,0.026359504088759422,-0.09744585305452347,-0.057950206100940704
1781099372169723000,135.60972290039064,-0.07193690538406372,-0.0941242203116417,-0.07488574087619781
1781099372194798600,135.63479858398438,-0.04153943806886673,-0.010151704773306847,0.10468897223472595
1781099372219873800,135.65987377929687,0.01711653172969818,-0.014192971400916576,0.12798455357551575
1781099372244949800,135.68494970703125,-0.048753827810287476,0.07774840295314789,0.1087096706032753
1781099372270024700,135.71002465820314,-0.07159416377544403,-0.009369454346597195,0.07442519813776016
1781099372295100700,135.7351005859375,0.018992995843291283,-0.05636705830693245,0.1598873734474182
1781099372320177000,135.76017700195314,-0.028885846957564354,0.007181026507169008,-0.0014583808369934559
1781099372345251800,135.785251953125,-0.05105597898364067,-0.009894177317619324,-0.05960968881845474
1781099372370327800,135.81032788085938,0.00807715393602848,-0.12305605411529541,-0.15263469517230988
1781099372395402800,135.83540283203126,-0.04094714671373367,0.049235522747039795,-0.049259062856435776
1781099372420478700,135.8604787597656,-0.01657373085618019,0.2523931860923767,-0.11392466723918915
1781099372445553700,135.8855537109375,-0.06798265129327774,0.24591177701950073,0.03226950392127037
1781099372470629600,135.91062963867188,-0.05227118358016014,0.0756949633359909,0.013827253133058548
1781099372495705900,135.93570581054686,-0.036711134016513824,-0.04937827214598656,-0.06271439045667648
1781099372520780800,135.96078076171875,-0.03081972524523735,-0.001720077358186245,0.05169597640633583
1781099372545856800,135.98585668945313,-0.03486636281013489,0.09637706726789474,0.1527145653963089
1781099372570931700,136.010931640625,-0.09420411288738251,0.13107487559318542,0.24493353068828583
1781099372596008000,136.0360080566406,-0.03991340473294258,-0.011674345470964909,0.08727766573429108
1781099372621083600,136.06108374023438,-0.007850268855690956,-0.07728497684001923,0.0354195199906826
1781099372646158600,136.08615869140624,-0.0793347880244255,-0.05174552649259567,0.13275253772735596
1781099372671234800,136.11123486328125,0.09931392222642899,0.10679639875888824,0.22984962165355682
1781099372696309800,136.1363098144531,0.10167969763278961,0.1896035075187683,-0.08008364588022232
1781099372721385700,136.1613857421875,-0.10327468067407608,0.058913685381412506,-0.057331863790750504
1781099372746460700,136.18646069335938,-0.021780505776405334,-0.1191418245434761,0.029709625989198685
1781099372771537000,136.21153686523436,-0.03159403055906296,0.09519273787736893,0.15293966233730316
1781099372796612900,136.23661279296874,-0.038306452333927155,0.38080769777297974,0.002343870233744383
1781099372821687800,136.26168774414063,-0.0532098226249218,0.2110263705253601,-0.08495648205280304
1781099372846763800,136.286763671875,-0.10015179961919785,-0.046214427798986435,0.051824457943439484
1781099372871838700,136.31183862304687,-0.04511027783155441,-0.018463939428329468,0.15980377793312073
1781099372896914700,136.33691479492188,0.04092017933726311,0.12246651202440262,0.08822117745876312
1781099372921990700,136.36199072265626,-0.08956912904977798,0.04547099769115448,0.10455808788537979
1781099372947065900,136.38706591796876,0.04835168644785881,0.04073532670736313,0.2127058357000351
1781099372972141800,136.41214184570313,0.1475992649793625,0.06573739647865295,-0.026572171598672867
1781099372997216800,136.437216796875,-0.053610146045684814,0.03926125913858414,-0.00007468275725841522
1781099373022292700,136.46229272460937,-0.010584921576082706,-0.06859880685806274,0.20924121141433716
1781099373047368700,136.48736865234375,0.11270351707935333,0.056664492934942245,0.2755417823791504
1781099373072443600,136.51244360351564,0.07461114972829819,0.1646290123462677,0.039837513118982315
1781099373097520600,136.53752075195314,0.03366237133741379,-0.03439243510365486,-0.17318637669086456
1781099373122595600,136.562595703125,-0.01786993071436882,-0.2351987212896347,-0.08515144139528275
1781099373147671600,136.58767163085938,-0.018673427402973175,-0.04481090232729912,0.023137979209423065
1781099373172747500,136.61274755859375,0.07631658762693405,0.15586891770362854,-0.03084385395050049
1781099373197822500,136.6378225097656,0.02896001562476158,0.13264043629169464,-0.18071912229061127
1781099373222898400,136.6628984375,-0.011503973044455051,-0.13998785614967346,-0.3175314664840698
1781099373247973400,136.68797338867188,-0.07481201738119125,-0.16482551395893097,-0.18590517342090607
1781099373273049600,136.71304956054686,-0.07411189377307892,0.041735146194696426,-0.16206379234790802
1781099373298124500,136.73812451171875,-0.09208320081233978,-0.012241308577358723,-0.01730157807469368
1781099373323200500,136.76320043945313,-0.17537200450897217,-0.22780239582061768,0.05313847213983536
1781099373348276700,136.78827685546875,-0.14472773671150208,-0.30289310216903687,0.14147216081619263
1781099373373351700,136.8133515625,-0.12267625331878662,-0.37655583024024963,0.26633623242378235
1781099373398427400,136.83842749023438,-0.16896431148052216,-0.16337719559669495,0.3924063742160797
1781099373423502300,136.86350244140624,-0.023185620084404945,0.008013427257537842,0.2249123752117157
1781099373448578600,136.88857861328125,0.08250574767589569,0.0921878069639206,0.02579110860824585
1781099373473654500,136.91365454101563,0.16411276161670685,-0.05980781838297844,-0.05060243606567383
1781099373498729500,136.9387294921875,0.2572021186351776,-0.06313587725162506,-0.013627186417579651
1781099373523805700,136.9638056640625,0.18856894969940186,0.13853654265403748,-0.06546720862388611
1781099373548880600,136.98888061523436,0.07669281214475632,0.14779630303382874,-0.13182702660560608
1781099373573956600,137.01395654296874,-0.004413085989654064,-0.0942961722612381,-0.13143430650234222
1781099373599032300,137.0390322265625,-0.09054160863161087,-0.0892379954457283,-0.09636451303958893
1781099373624107500,137.064107421875,-0.175035297870636,0.09903542697429657,0.023650450631976128
1781099373649183500,137.08918359375,-0.12915831804275513,0.054900288581848145,0.14825551211833954
1781099373674258400,137.11425854492188,-0.032812539488077164,0.18374408781528473,0.08658182621002197
1781099373699334400,137.13933447265626,-0.05368293449282646,-0.027491183951497078,-0.003367510624229908
1781099373724410600,137.16441064453124,0.017602821812033653,-0.06601765751838684,0.027641654014587402
1781099373749485600,137.18948559570313,0.022728709504008293,-0.1040840670466423,0.050545237958431244
1781099373774561300,137.21456127929687,0.0019398489966988564,0.07124817371368408,-0.04088026285171509
1781099373799636500,137.23963647460937,-0.041259266436100006,-0.0054610115475952625,-0.06554882228374481
1781099373824712400,137.26471240234375,0.0030330661684274673,0.1328614056110382,-0.012521051801741123
1781099373849787400,137.28978735351564,-0.06279581785202026,0.07472019642591476,0.038658469915390015
1781099373874863400,137.31486328125,-0.008035214617848396,0.157054141163826,-0.012979818508028984
1781099373899939600,137.33993969726563,0.02673998475074768,-0.12341742217540741,-0.03982648625969887
1781099373925014500,137.3650146484375,-0.010223867371678352,-0.11232421547174454,0.11393121629953384
1781099373950090500,137.39009057617187,0.00959140807390213,0.0189189612865448,0.14373382925987244
1781099373975165700,137.41516577148437,0.024343855679035187,0.08389481902122498,0.12709321081638336
1781099374000241400,137.44024145507814,0.03285672143101692,-0.07446858286857605,0.022912267595529556
1781099374025317400,137.4653173828125,-0.015615535899996758,-0.11049643158912659,-0.02841675654053688
1781099374050392300,137.49039233398437,0.05787016451358795,-0.1032925471663475,-0.04357543960213661
1781099374075468500,137.5154685058594,0.06468065083026886,0.024736659601330757,-0.09460105746984482
1781099374100544500,137.54054443359374,0.06069464236497879,-0.1097913309931755,-0.2036871314048767
1781099374125620500,137.56562036132811,0.03161683678627014,0.03175057843327522,-0.04385920614004135
1781099374150695400,137.5906953125,0.0801519826054573,0.000149682309711352,0.14833134412765503
1781099374175771100,137.61577124023438,0.03671124204993248,0.17861346900463104,0.2633596956729889
1781099374200847400,137.64084741210937,0.01180950552225113,-0.022009998559951782,-0.14595791697502136
1781099374225922300,137.66592236328125,-0.13349686563014984,-0.3455483317375183,-0.2898222506046295
1781099374250998300,137.69099829101563,-0.14048798382282257,-0.39865753054618835,0.0471469983458519
1781099374276073200,137.7160732421875,0.06480342894792557,0.11364476382732391,0.24193169176578522
1781099374301149400,137.7411494140625,0.05291366204619408,0.36255812644958496,-0.06136331334710121
1781099374326225400,137.76622534179688,0.07993453741073608,0.3844042122364044,-0.3011767864227295
1781099374351300400,137.79130029296874,0.10174407809972763,-0.6354638934135437,-0.1706404983997345
1781099374376376300,137.81637622070312,0.09010159224271774,-0.052734363824129105,0.17484745383262634
1781099374401451300,137.841451171875,0.09194525331258774,0.00974072515964508,0.06734409183263779
1781099374426527200,137.86652734375,-0.059185124933719635,0.3343829810619354,-0.05984630435705185
1781099374451603500,137.891603515625,-0.06114565581083298,-0.07775788754224777,-0.05856950581073761
1781099374476678400,137.91667846679687,-0.13584749400615692,-0.22250057756900787,0.04550585150718689
1781099374501754400,137.94175439453124,-0.03453290835022926,0.16959288716316223,0.14363928139209747
1781099374526829300,137.96682934570313,0.06948991119861603,0.07526502758264542,0.07095818966627121
1781099374551905300,137.9919052734375,0.013582421466708183,0.024357402697205544,-0.05202929303050041
1781099374576981200,138.0169812011719,-0.08124113827943802,-0.4532411992549896,-0.011875337921082973
1781099374602056200,138.04205615234375,0.09977949410676956,0.04029647260904312,0.2007559835910797
1781099374627132400,138.06713232421876,0.15099862217903137,-0.014298141933977604,0.17281396687030792
1781099374652207400,138.09220727539062,-0.08453509956598282,0.3419821858406067,-0.051173076033592224
1781099374677283300,138.11728344726563,-0.010180442593991756,0.137796550989151,-0.1751200556755066
1781099374702359600,138.14235961914062,0.04416825994849205,-0.34358280897140503,0.1503448188304901
1781099374727434500,138.1674345703125,-0.0961875170469284,-0.05472360551357269,0.07882483303546906
1781099374752510200,138.19251025390625,-0.055277492851018906,0.2997128963470459,-0.10775395482778549
1781099374777585200,138.21758520507814,0.043231330811977386,0.2499515861272812,-0.00037707574665546417
1781099374802661400,138.24266137695312,-0.05543459579348564,0.1196935623884201,-0.036174796521663666
1781099374827736300,138.267736328125,-0.054282963275909424,-0.10009973496198654,-0.0779716819524765
1781099374852812300,138.2928122558594,0.022067077457904816,0.07139825820922852,0.16110356152057648
1781099374877888500,138.31788842773437,0.08894622325897217,0.13569588959217072,-0.02545350417494774
1781099374902963500,138.34296337890626,-0.06031735613942146,-0.08564083278179169,-0.22495229542255402
1781099374928039400,138.3680393066406,-0.0642789825797081,-0.2059956192970276,-0.09370416402816772
1781099374953114400,138.3931142578125,0.06980731338262558,0.00701938895508647,0.20228604972362518
1781099374978190300,138.4181904296875,0.04663220793008804,0.21063557267189026,0.17223122715950012
1781099375003266300,138.44326635742186,-0.011261183768510818,0.318624347448349,-0.12058839946985245
1781099375028341200,138.46834130859375,0.02158207632601261,-0.1835971176624298,-0.2784229516983032
1781099375053417500,138.49341748046874,-0.04209219664335251,-0.29821324348449707,0.008668554946780205
1781099375078491000,138.51849096679686,-0.07291088998317719,-0.016519781202077866,0.16305193305015564
1781099375103567000,138.54356713867188,-0.011057993397116661,0.27988219261169434,0.19467821717262268
1781099375128643000,138.56864306640625,0.056871525943279266,0.2744908928871155,0.12283332645893097
1781099375153718000,138.5937180175781,-0.00453818729147315,-0.1420755386352539,-0.10818859934806824
1781099375178794200,138.61879418945313,-0.04470789432525635,-0.27725353837013245,-0.12075648456811905
1781099375203869200,138.643869140625,0.013637476600706577,-0.0967601090669632,0.00783026497811079
1781099375228945000,138.66894482421876,0.053603533655405045,0.08620943874120712,0.1358361691236496
1781099375254021000,138.69402124023438,0.04951596260070801,0.23467916250228882,0.10169296711683273
1781099375279096000,138.71909594726563,0.07693196833133698,0.17028562724590302,-0.008550629019737244
1781099375304172000,138.74417211914061,0.08712965995073318,-0.08585511893033981,-0.0828329399228096
1781099375329247000,138.7692470703125,0.021376898512244225,-0.18266695737838745,-0.1498403251171112
1781099375354323200,138.7943232421875,-0.04085399582982063,-0.05398574471473694,-0.06784931570291519
1781099375379398100,138.81939819335938,-0.007767967414110899,0.17258910834789276,0.13614265620708466
1781099375404474000,138.84447412109375,0.01115016732364893,0.1390806883573532,0.14243850111961365
1781099375429550000,138.86955004882813,0.02367851510643959,0.009185116738080978,-0.039606645703315735
1781099375454625000,138.894625,-0.04731886833906174,-0.16753894090652466,-0.2071279138326645
1781099375479701000,138.91970092773437,-0.015810374170541763,-0.07711794972419739,-0.13530978560447693
1781099375504776000,138.94477587890626,-0.005549943540245295,0.06818664819002151,-0.02266760915517807
1781099375529852200,138.96985205078124,-0.00020384090021252632,0.16465526819229126,-0.03565153479576111
1781099375554928000,138.99492822265626,-0.02712211199104786,0.08661462366580963,-0.028922071680426598
1781099375580003000,139.02000317382812,-0.008156418800354004,0.07828472554683685,0.1173776239156723
1781099375605079300,139.04507934570313,0.07109498977661133,0.010517924092710018,0.05122657120227814
1781099375630154200,139.070154296875,0.026235416531562805,-0.1142425462603569,-0.1345749795436859
1781099375655230000,139.09522998046876,-0.07439327985048294,-0.18886496126651764,0.05412242189049721
1781099375680306200,139.12030615234374,0.12547685205936432,0.07552219927310944,0.29453063011169434
1781099375705381000,139.14538110351563,0.07746580243110657,-0.07664839923381805,0.048032376915216446
1781099375730457000,139.17045703125,0.00525739137083292,-0.08612339198589325,-0.04752397537231445
1781099375755532000,139.19553198242187,-0.03657541051506996,-0.30598390102386475,0.01259299460798502
1781099375780608300,139.22060815429688,-0.04989369213581085,0.22735676169395447,-0.03293244540691376
1781099375805683200,139.24568310546874,0.21366983652114868,-0.11737224459648132,0.16690881550312042
1781099375830759200,139.27075927734376,-0.03907177597284317,0.059254564344882965,-0.06078152358531952
1781099375855835100,139.29583520507813,0.08892565965652466,0.6598742008209229,-0.416008859872818
1781099375880910000,139.32091015625,0.10572030395269394,-0.7564114332199097,0.016966257244348526
1781099375905986000,139.34598608398437,-0.08444347232580185,0.20671619474887848,-0.030250180512666702
1781099375931061000,139.37106103515626,0.005229100584983826,0.1330203264951706,-0.13926434516906738
1781099375956137200,139.39613720703124,-0.03991270065307617,0.0717148706316948,0.31302914023399353
1781099375981213200,139.42121313476562,-0.016813158988952637,0.05818765610456467,0.22930346429347992
1781099376006288100,139.4462880859375,0.014356613159179688,-0.048738207668066025,0.014736204408109188
1781099376031364000,139.4713640136719,-0.0013101912336423993,-0.12132682651281357,-0.16830870509147644
1781099376056439000,139.49643896484375,-0.007125097326934338,-0.22097350656986237,-0.08433323353528976
1781099376081515000,139.52151489257812,0.04015865921974182,-0.09702551364898682,0.08983680605888367
1781099376106591200,139.54659130859375,0.05973519757390022,0.03084339201450348,0.012887608259916306
1781099376131666200,139.57166625976564,0.06274359673261642,0.1915319859981537,0.052317388355731964
1781099376156742100,139.5967421875,0.05329975113272667,0.07675793021917343,0.02662748470902443
1781099376181817000,139.62181713867187,0.007541091181337833,-0.06471574306488037,-0.1336687058210373
1781099376206893300,139.6468933105469,-0.0786675289273262,-0.20081068575382233,-0.18243621289730072
1781099376231968300,139.67196826171875,-0.0689971074461937,-0.04592427611351013,0.009351320564746857
1781099376257044000,139.6970439453125,0.0041411155834794044,0.23845084011554718,0.1459214985370636
1781099376282120200,139.7221201171875,0.005730581935495138,0.120222307741642,0.0021060947328805923
1781099376307195100,139.7471950683594,-0.037083499133586884,0.02494831196963787,-0.13808944821357727
1781099376332271000,139.77227099609374,-0.016545945778489113,-0.10359463840723038,-0.08381834626197815
1781099376357346000,139.79734594726563,0.03872457891702652,0.024854356423020363,0.049018293619155884
1781099376382422300,139.82242236328125,0.04054197669029236,0.014545334503054619,0.07687714695930481
1781099376407498200,139.84749829101563,-0.0071123382076621056,0.04238972067832947,0.07965672761201859
1781099376432573200,139.8725732421875,0.01844274066388607,0.06417805701494217,0.08943203091621399
1781099376457649200,139.89764916992186,0.01613774336874485,-0.11275813728570938,0.027792073786258698
1781099376482724000,139.92272412109375,-0.04702841863036156,-0.10132814198732376,-0.03232661634683609
1781099376507800000,139.94780004882813,-0.04853696748614311,-0.0772942379117012,-0.06100635975599289
1781099376532876000,139.9728759765625,-0.038593266159296036,0.01532618049532175,-0.08429490029811859
1781099376557951200,139.997951171875,-0.038665857166051865,0.08212047815322876,-0.07706509530544281
1781099376583027200,140.02302709960938,-0.01760062389075756,0.20585517585277557,-0.037808362394571304
1781099376608102100,140.04810205078124,-0.031246138736605644,0.20205877721309662,0.05900447443127632
1781099376633178000,140.07317822265625,0.006104018539190292,0.04696761444211006,-0.02230997569859028
1781099376658253300,140.09825341796875,-0.0026808450929820538,-0.0007429058314301074,-0.14376622438430786
1781099376683329000,140.1233291015625,0.022708971053361893,0.035595767199993134,-0.10493971407413483
1781099376708405000,140.14840502929687,-0.03724120929837227,-0.0036281063221395016,0.13238385319709778
1781099376733480200,140.17348022460936,0.02688969485461712,0.005425191950052977,0.22617091238498688
1781099376758556200,140.19855615234374,-0.009483235888183117,0.013532319106161594,-0.0005216063000261784
1781099376783631000,140.22363110351563,-0.052082598209381104,0.024903520941734314,-0.0817975252866745
1781099376808707300,140.24870727539061,0.016892239451408386,-0.08278774470090866,0.0457141250371933
1781099376833783000,140.27378295898438,0.0438721626996994,0.010786104947328568,0.0218172837048769
1781099376858858000,140.29885791015624,0.08500324934720993,-0.020728159695863724,-0.03994528576731682
1781099376883934000,140.32393383789062,0.10145159065723419,-0.045990992337465286,0.027599062770605087
1781099376909009200,140.34900903320312,0.09404433518648148,0.018464572727680206,0.02188475802540779
1781099376934085000,140.37408520507813,0.090182363986969,0.0027270063292235136,-0.06771394610404968
1781099376959161000,140.3991611328125,0.04354214295744896,-0.2245587706565857,-0.09141559898853302
1781099376984236300,140.424236328125,0.010095738805830479,-0.04490063712000847,-0.024646718055009842
1781099377009312300,140.44931225585938,-0.01281863171607256,-0.036392368376255035,-0.15974541008472443
1781099377034387200,140.47438720703124,-0.04393935948610306,0.010365703143179417,-0.1300504505634308
1781099377059463000,140.499462890625,-0.014514920301735401,0.019961833953857422,-0.02281058207154274
1781099377084538600,140.52453857421875,-0.003008366096764803,0.201729416847229,0.00045859580859541893
1781099377109614600,140.54961450195313,0.01929384097456932,-0.0665857121348381,-0.13450706005096436
1781099377134690600,140.57469067382812,-0.017581399530172348,-0.06891166418790817,-0.16508075594902039
1781099377159765800,140.5997658691406,0.0017002152744680643,-0.03977394104003906,-0.023867659270763397
1781099377184841700,140.624841796875,-0.011404820717871189,0.06253200769424438,0.132554292678833
1781099377209916700,140.64991674804688,-0.01401300635188818,-0.09916253387928009,0.10250251740217209
1781099377234992600,140.67499267578125,-0.027431868016719818,-0.051601342856884,0.1771698147058487
1781099377260068600,140.70006860351563,-0.007006738800555468,-0.036409974098205566,0.05031897872686386
1781099377285143600,140.7251435546875,-0.04124901443719864,-0.12400179356336594,-0.09743253886699677
1781099377310219500,140.75021948242187,-0.005306940525770187,-0.20021536946296692,0.0768527016043663
1781099377335294700,140.77529467773437,0.049584243446588516,0.028581295162439346,0.2035680115222931
1781099377360370700,140.80037060546874,0.052704185247421265,0.03983635455369949,-0.044220950454473495
1781099377385446700,140.82544677734376,-0.0005760334897786379,-0.08149945735931396,-0.1877056062221527
1781099377410521600,140.850521484375,-0.02459847740828991,-0.06888604909181595,0.040816038846969604
1781099377435597600,140.87559765625,-0.028183571994304657,0.21149660646915436,0.10986654460430145
1781099377460672500,140.90067260742188,-0.0529642254114151,0.05741071328520775,-0.0875367522239685
1781099377485748500,140.92574853515626,-0.05571721866726875,-0.24410124123096466,-0.034812916070222855
1781099377510824700,140.95082470703124,-0.07140913605690002,0.061838503926992416,0.13208092749118805
1781099377535899600,140.97589965820313,-0.05284782871603966,0.2194942981004715,0.0026413225568830967
1781099377560975600,141.0009755859375,-0.036718789488077164,-0.056763339787721634,-0.13968050479888916
1781099377586050600,141.02605053710937,-0.08280543982982635,-0.164544478058815,-0.02698204480111599
1781099377611126800,141.05112670898438,-0.10823553800582886,0.20668011903762817,0.22714118659496307
1781099377636201700,141.07620166015624,0.0842457115650177,0.2887285351753235,0.19862030446529388
1781099377661277400,141.10127734375,0.04579807445406914,-0.0016562276287004352,-0.08423255383968353
1781099377686353700,141.12635375976564,-0.04949572682380676,-0.1652757227420807,-0.031416017562150955
1781099377711428600,141.1514287109375,0.035865213721990585,-0.016272861510515213,0.1577451527118683
1781099377736504600,141.17650463867187,-0.010596603155136108,0.10495375096797943,0.04108769819140434
1781099377761579500,141.20157958984376,-0.0021892699878662825,-0.1067316010594368,0.061375390738248825
1781099377786655700,141.22665576171875,0.006444012280553579,-0.04694541171193123,0.1827687919139862
1781099377811731500,141.2517314453125,-0.022068578749895096,0.19808651506900787,0.06877563148736954
1781099377836806700,141.276806640625,-0.06172644719481468,0.23698709905147552,-0.26781538128852844
1781099377861882600,141.3018825683594,0.0048288279213011265,-0.10091184824705124,-0.34222763776779175
1781099377886957600,141.32695751953125,-0.07186175137758255,-0.08513817191123962,-0.10155323892831802
1781099377912033500,141.35203344726563,-0.08020654320716858,0.4566660523414612,-0.09374839067459106
1781099377937109800,141.37710986328125,0.007462929934263229,0.30579420924186707,-0.14317362010478973
1781099377962184700,141.40218481445314,-0.0915767103433609,0.07640569657087326,-0.03321026638150215
1781099377987260700,141.4272607421875,-0.09720512479543686,0.06517396867275238,0.017709555104374886
1781099378012335600,141.45233569335937,-0.06689809262752533,0.05833730101585388,-0.03295840322971344
1781099378037411600,141.47741162109375,-0.03209703788161278,0.06835267692804337,-0.06544135510921478
1781099378062487600,141.50248754882813,0.016381043940782547,-0.13098329305648804,-0.10675547271966934
1781099378087561700,141.52756176757813,-0.03336821496486664,-0.026781203225255013,0.0751706212759018
1781099378112638000,141.55263793945312,-0.003568704705685377,0.031879059970378876,0.2433442324399948
1781099378137713000,141.577712890625,0.06626982241868973,0.12649671733379364,0.19413092732429504
1781099378162788900,141.6027888183594,0.055511802434921265,0.04476780816912651,-0.045112717896699905
1781099378187865000,141.62786499023437,0.021968217566609383,-0.0775856003165245,-0.07553879171609879
1781099378212940000,141.65293994140626,0.07579487562179565,-0.020879290997982025,0.07234273105859756
1781099378238016000,141.67801611328125,0.04777272418141365,0.017025893554091454,0.034922193735837936
1781099378263091000,141.70309106445313,-0.02449755184352398,-0.12692493200302124,-0.07390361279249191
1781099378288167000,141.7281669921875,-0.06192030385136604,0.013485818170011044,0.045464009046554565
1781099378313243000,141.7532429199219,-0.042116373777389526,0.15321393311023712,0.12763601541519165
1781099378338317800,141.77831787109375,-0.07486109435558319,0.23257622122764587,0.06715315580368042
1781099378363394000,141.80339404296876,0.002475773449987173,-0.021301785483956337,-0.02698667347431183
1781099378388469000,141.82846899414062,0.0402427613735199,-0.262140154838562,-0.09013968706130981
1781099378413545000,141.853544921875,-0.0022259599063545465,0.028568511828780174,-0.04711347818374634
1781099378438621000,141.87862084960938,0.0935034304857254,0.14173807203769684,0.027241665869951248
1781099378463696100,141.90369604492187,0.07585734874010086,0.11326012760400772,0.0401441790163517
1781099378488771800,141.9287717285156,0.06020977348089218,0.011663839221000671,-0.017326753586530685
1781099378513846800,141.9538466796875,0.012939218431711197,-0.10083157569169998,0.059678588062524796
1781099378538923000,141.97892309570312,0.024962591007351875,-0.016779549419879913,0.1458534300327301
1781099378563999000,142.0039990234375,0.015709849074482918,0.028308946639299393,0.07633921504020691
1781099378589075000,142.02907495117188,0.0670672282576561,-0.07219506055116653,0.05586366727948189
1781099378614150100,142.05415014648437,0.1256917119026184,-0.1991218477487564,0.11902113258838654
1781099378639225900,142.07922583007812,0.14681962132453918,-0.10569033771753311,0.05322449281811714
1781099378664300800,142.10430078125,0.10752122849225998,-0.005139429122209549,-0.06323155760765076
1781099378689377000,142.129376953125,0.08902706205844879,0.14682722091674805,-0.07454073429107666
1781099378714453000,142.15445288085937,0.04097413271665573,0.18790093064308167,-0.07496035099029541
1781099378739528000,142.17952783203125,0.01250976137816906,0.08097867667675018,-0.07390044629573822
1781099378764604000,142.20460400390624,0.006551148369908333,0.002278301166370511,-0.003134392201900482
1781099378789679000,142.22967919921874,0.04493387043476105,0.07435564696788788,-0.07142966240644455
1781099378814755000,142.2547551269531,0.04003236070275307,0.1342473179101944,-0.12434931844472885
1781099378839830800,142.27983081054688,0.009329577907919884,0.039511218667030334,-0.11078370362520218
1781099378864906000,142.30490600585938,0.012226308695971966,0.03914696350693703,-0.00852631963789463
1781099378889982000,142.32998193359376,0.06111731752753258,0.1290913224220276,-0.017571553587913513
1781099378915057000,142.35505688476562,0.012253659777343273,0.0772629827260971,-0.0722653865814209
1781099378940132900,142.3801328125,0.024622401222586632,-0.05919333174824715,0.015172503888607025
1781099378965209000,142.405208984375,0.06724537163972855,-0.04033643752336502,0.07894471287727356
1781099378990284000,142.43028393554687,0.05843771621584892,0.027666039764881134,-0.0712437853217125
1781099379015360000,142.45536010742188,0.003298133611679077,-0.02702249027788639,-0.14304354786872864
1781099379040435200,142.48043530273438,0.01286232192069292,-0.06032076105475426,0.012738822028040886
1781099379065511000,142.50551098632812,-0.0028088337276130915,0.17992033064365387,0.044874321669340134
1781099379090587100,142.53058715820313,0.003124290145933628,0.19071604311466217,-0.018732190132141113
1781099379115662000,142.555662109375,-0.0071741752326488495,0.10955409705638885,-0.05916566774249077
1781099379140738000,142.58073803710937,0.050875067710876465,0.20778053998947144,-0.11270845681428909
1781099379165813200,142.60581323242187,0.06814870983362198,0.2712588310241699,-0.15522389113903046
1781099379190889200,142.63088916015624,-0.08766509592533112,0.11365949362516403,-0.1401447206735611
1781099379215965000,142.65596484375,-0.11493364721536636,-0.029447628185153008,0.07015243917703629
1781099379241040100,142.6810400390625,-0.06833090633153915,-0.12550002336502075,0.1975000947713852
1781099379266116000,142.7061162109375,-0.054521068930625916,-0.07767536491155624,0.3061511814594269
1781099379291191000,142.73119091796875,-0.011034130118787289,-0.037523724138736725,0.10973123461008072
1781099379316267000,142.75626708984376,-0.024526912719011307,0.006998616270720959,-0.08823525905609131
1781099379341343200,142.78134326171875,0.0687321349978447,-0.05151563510298729,-0.19475297629833221
1781099379366418200,142.80641821289063,0.14198797941207886,-0.02771099843084812,-0.10836665332317352
1781099379391494100,142.831494140625,0.1842823177576065,0.1493520736694336,-0.019508035853505135
1781099379416569300,142.8565693359375,0.15200498700141907,0.1339535415172577,0.0578804537653923
1781099379441645000,142.88164501953125,0.19313329458236694,0.07921509444713593,0.08914650231599808
1781099379466721000,142.90672094726563,0.22231315076351166,-0.04343780130147934,-0.11768162250518799
1781099379491796000,142.9317958984375,0.16167548298835754,-0.17564237117767334,-0.3067616820335388
1781099379516872200,142.9568720703125,0.07155317068099976,-0.15878617763519287,-0.2388824224472046
1781099379541947100,142.9819470214844,0.11624924093484879,-0.04627660661935806,-0.07168540358543396
1781099379567023000,143.00702319335937,-0.003688760567456484,0.1233448013663292,-0.058494120836257935
1781099379592098300,143.03209838867187,-0.04052234813570976,0.06229829788208008,-0.007197590544819832
1781099379617174300,143.05717431640625,0.05503785237669945,0.012658987194299698,0.05527123063802719
1781099379642250000,143.08225,0.13980937004089355,0.11397244781255722,-0.12769468128681183
1781099379667325000,143.10732495117188,0.12737272679805756,-0.06789421290159225,-0.4179690480232239
1781099379692401200,143.13240112304686,0.026171470060944557,-0.2751148045063019,-0.2532348036766052
1781099379717476000,143.15747607421875,0.06255825608968735,-0.14552941918373108,-0.011019997298717499
1781099379742552000,143.18255200195313,-0.03696548938751221,0.038424741476774216,0.014891884289681911
1781099379767628300,143.2076281738281,-0.12126203626394272,-0.03231317922472954,0.03792527690529823
1781099379792703200,143.232703125,-0.06979519873857498,-0.1095850020647049,0.10272181779146194
1781099379817779000,143.25777905273438,-0.04174719750881195,-0.073465995490551,0.02294800616800785
1781099379842854100,143.28285424804687,-0.07944810390472412,-0.09504032135009766,-0.07490309327840805
1781099379867930000,143.30793017578125,-0.038438715040683746,-0.19939160346984863,-0.04373513534665108
1781099379893006000,143.33300610351563,-0.001328925252892077,-0.09082601964473724,0.0817982628941536
1781099379918081000,143.3580810546875,-0.06176312640309334,0.1157621294260025,0.008526301011443138
1781099379943157200,143.3831572265625,-0.0918424129486084,0.007266817148774862,0.07091544568538666
1781099379968232200,143.40823217773436,-0.03269239887595177,-0.13590790331363678,0.10021723061800003
1781099379993308200,143.43330810546874,-0.050661731511354446,-0.09063918143510818,0.09446489810943604
1781099380018383000,143.45838305664063,-0.10863097012042999,-0.10403487086296082,-0.09715559333562851
1781099380043459000,143.483458984375,-0.1412382274866104,-0.10532484948635101,0.009150260128080845
1781099380068535000,143.50853515625,-0.05873282253742218,-0.017076892778277397,0.003842465579509735
1781099380093610000,143.53360986328124,-0.056481603533029556,0.11293340474367142,0.049262963235378265
1781099380118686000,143.55868603515626,-0.0282151959836483,0.02901429682970047,0.0334881953895092
1781099380143761000,143.58376098632812,-0.004910692572593689,0.003975018858909607,0.091854527592659
1781099380168837000,143.60883715820313,0.001231247908435762,0.04506628215312958,-0.09899192303419113
1781099380193913000,143.6339130859375,-0.07644138485193253,0.04115603491663933,-0.03606376051902771
1781099380218988000,143.65898803710937,-0.06083708256483078,-0.03989902883768082,0.03983394801616669
1781099380244063700,143.68406372070314,-0.042594924569129944,0.01581866666674614,0.10333038121461868
1781099380269139000,143.70913891601563,-0.03582067787647247,0.02928457036614418,-0.039716534316539764
1781099380294215000,143.73421484375,-0.06834794580936432,-0.03910753130912781,0.0061583444476127625
1781099380319291000,143.7592907714844,-0.07958125323057175,0.014437003992497921,0.06687914580106735
1781099380344366000,143.78436596679688,-0.04935784637928009,0.09002194553613663,0.1582673192024231
1781099380369442000,143.80944213867187,0.028077222406864166,0.12681646645069122,0.008927525952458382
1781099380394517000,143.83451708984376,0.07862428575754166,-0.015261674299836159,-0.05187106132507324
1781099380419593000,143.85959301757813,0.030225692316889763,-0.0656600221991539,-0.08259426802396774
1781099380444668200,143.88466821289063,0.05782809108495712,0.0033538397401571274,0.05366941913962364
1781099380469743900,143.90974389648437,0.05729387700557709,0.03987284004688263,-0.046685706824064255
1781099380494819800,143.93481982421875,0.10224318504333496,-0.014381684362888336,-0.1517495959997177
1781099380519895000,143.95989501953125,0.005789437796920538,-0.16381633281707764,-0.1043255403637886
1781099380544971000,143.98497094726562,0.0880933627486229,0.005181741435080767,0.05971639230847359
1781099380570046000,144.0100458984375,0.06783762574195862,0.0619795098900795,-0.14328545331954956
1781099380595122000,144.0351218261719,0.03294169157743454,-0.07913746684789658,-0.2865382134914398
1781099380620198000,144.06019799804687,0.054832130670547485,-0.3584921658039093,-0.1911943107843399
1781099380645273000,144.08527319335937,0.07447203248739243,-0.16953794658184052,-0.019742535427212715
1781099380670348800,144.1103488769531,-0.008023579604923725,0.07628095149993896,-0.13387329876422882
1781099380695423700,144.135423828125,0.006227877456694841,-0.07041789591312408,-0.20492129027843475
1781099380720500000,144.1605,-0.014733977615833282,-0.24492640793323517,-0.11039038747549057
1781099380745576000,144.18557592773436,-0.09228634089231491,-0.10432296246290207,-0.12808182835578918
1781099380770651000,144.21065087890625,0.017712287604808807,-0.058625347912311554,-0.04355204850435257
1781099380795727000,144.23572705078124,0.04083113744854927,-0.10322718322277069,-0.07913194596767426
1781099380820802000,144.26080200195312,0.05593978241086006,-0.0934981182217598,-0.0431760810315609
1781099380845877800,144.28587768554686,-0.014247622340917587,-0.21785689890384674,-0.11013279855251312
1781099380870953000,144.31095288085936,0.037773676216602325,-0.25178754329681396,-0.021922599524259567
1781099380896029000,144.33602880859374,-0.007265948224812746,-0.31797271966934204,-0.0711715966463089
1781099380921105000,144.36110498046875,-0.003168173134326935,-0.20136944949626923,0.03441844880580902
1781099380946179800,144.3861799316406,-0.05045487731695175,-0.15760457515716553,0.03610009700059891
1781099380971256000,144.41125610351563,-0.04643050953745842,-0.11886182427406311,0.07299929857254028
1781099380996331000,144.4363310546875,-0.04949462041258812,-0.2437831163406372,-0.0738784521818161
1781099381021407000,144.46140698242186,-0.045414093881845474,-0.22910691797733307,-0.13562805950641632
1781099381046483000,144.48648291015624,-0.05758734047412872,-0.18556202948093414,-0.06558793783187866
1781099381071558000,144.51155786132813,-0.13954989612102509,-0.1286170929670334,0.00524520268663764
1781099381096633900,144.5366337890625,-0.11141471564769745,-0.06905791163444519,0.03218673914670944
1781099381121709000,144.561708984375,-0.17414291203022003,-0.14889059960842133,-0.1277817040681839
1781099381146785000,144.58678491210938,-0.22330951690673828,-0.17457523941993713,-0.03728871792554855
1781099381171861000,144.61186108398437,-0.23521322011947632,-0.18004216253757477,-0.08527474850416183
1781099381196936000,144.63693603515625,-0.22597885131835938,-0.056076593697071075,-0.10316842794418335
1781099381222012200,144.66201220703124,-0.15024620294570923,-0.05020897462964058,-0.12928466498851776
1781099381247087000,144.68708715820313,-0.1413392871618271,-0.098755843937397,-0.0778886079788208
1781099381272162800,144.71216284179687,-0.12120260298252106,-0.02273564226925373,-0.07251621037721634
1781099381297238000,144.73723803710936,-0.15277068316936493,-0.0876644104719162,-0.14701655507087708
1781099381322314000,144.76231396484374,-0.0937914326786995,-0.18578986823558807,0.01576473005115986
1781099381347390000,144.78738989257812,-0.09652291238307953,-0.1759713888168335,0.0024189313407987356
1781099381372465000,144.81246484375,-0.10793201625347137,-0.04550273343920708,0.06495889276266098
1781099381397541000,144.837541015625,-0.063784159719944,-0.11941912770271301,0.03393127769231796
1781099381422616000,144.86261596679688,-0.03133752569556236,-0.12921763956546783,0.07592585682868958
1781099381447692000,144.88769213867187,-0.0495908185839653,-0.1254402995109558,0.04828788340091705
1781099381472767200,144.91276733398436,-0.08399932831525803,-0.16346396505832672,0.1039823591709137
1781099381497843000,144.93784301757813,-0.11717376112937927,-0.1752454936504364,0.08859623968601227
1781099381522919000,144.9629189453125,-0.17570070922374725,-0.18971654772758484,0.06948014348745346
1781099381547993900,144.98799389648437,-0.15076106786727905,-0.09373289346694946,0.11925452202558517
1781099381573070000,145.01307006835938,-0.14223136007785797,-0.05900212749838829,0.054335817694664
1781099381598145000,145.03814501953124,-0.1811552792787552,-0.0785389319062233,0.016193583607673645
1781099381623221000,145.06322094726562,-0.17005181312561035,-0.12322998046875,-0.059307631105184555
1781099381648297000,145.088296875,-0.24807208776474,-0.10359825938940048,-0.024714799597859383
1781099381673372000,145.11337182617189,-0.2049228996038437,0.007055164780467749,0.06997454166412354
1781099381698448000,145.13844775390626,-0.1668955236673355,-0.0025249815080314875,-0.012483222410082817
1781099381723522800,145.16352270507812,-0.16752952337265015,-0.02046998217701912,-0.07582110911607742
1781099381748599000,145.18859912109374,-0.14033760130405426,-0.15018808841705322,-0.05456987023353577
1781099381773675000,145.21367504882812,-0.1874803751707077,-0.1262277364730835,0.11006993055343628
1781099381798750000,145.23875,-0.14307917654514313,-0.03695030137896538,0.12807758152484894
1781099381823826200,145.263826171875,-0.08675453066825867,-0.08182235062122345,-0.06988171488046646
1781099381848901000,145.28890112304688,-0.1272473931312561,-0.15622152388095856,-0.07241041958332062
1781099381873976800,145.31397680664062,-0.13423952460289001,-0.23973912000656128,-0.09112097322940826
1781099381899052000,145.33905200195312,-0.16528630256652832,-0.1277107447385788,-0.11931337416172028
1781099381924128000,145.3641279296875,-0.154396191239357,0.006185760255903006,-0.02722828835248947
1781099381949204000,145.38920385742188,-0.13158373534679413,0.009773613885045052,-0.008616158738732338
1781099381974279000,145.41427880859376,-0.16880249977111816,0.04611753672361374,-0.10635820776224136
1781099381999355100,145.4393552246094,-0.09061191231012344,-0.12013306468725204,-0.18250791728496552
1781099382024430000,145.46443017578125,-0.13209651410579681,-0.3403850793838501,-0.07043702900409698
1781099382049506000,145.48950610351562,-0.16436892747879028,-0.27006641030311584,-0.031184401363134384
1781099382074582000,145.51458203125,-0.13762769103050232,-0.22043611109256744,-0.11003828793764114
1781099382099657500,145.53965747070313,-0.2202807515859604,-0.21348047256469727,0.0527343824505806
1781099382124733400,145.5647333984375,-0.1332666426897049,-0.19859769940376282,0.19546473026275635
1781099382149808400,145.58980834960937,-0.16187553107738495,-0.0955730453133583,0.06454388052225113
1781099382174884600,145.61488452148438,-0.1822495013475418,-0.16685959696769714,-0.12040069699287415
1781099382199959600,145.63995947265624,-0.14627516269683838,-0.4392971396446228,-0.1992296576499939
1781099382225035500,145.66503540039062,-0.26459383964538574,-0.3213311433792114,-0.04639432951807976
1781099382250111200,145.690111328125,-0.16826504468917847,-0.06939390301704407,0.05215957388281822
1781099382275186400,145.7151865234375,-0.11626119166612625,0.11381597071886063,0.06254725158214569
1781099382300262400,145.74026245117187,-0.2122085988521576,0.01696360856294632,-0.05159325525164604
1781099382325337300,145.76533740234376,-0.2570040822029114,-0.2276860922574997,-0.1319904327392578
1781099382350413600,145.79041357421875,-0.30655616521835327,-0.3778187036514282,-0.1603679656982422
1781099382375489500,145.81548950195312,-0.3059101402759552,-0.1845209151506424,-0.04332292452454567
1781099382400564500,145.840564453125,-0.350035697221756,-0.06655971705913544,0.07754208147525787
1781099382425640400,145.86564038085936,-0.3507893681526184,-0.013119564391672611,0.27344122529029846
1781099382450715600,145.89071557617189,-0.2671380341053009,-0.02646304853260517,0.08667174726724625
1781099382475791400,145.91579125976563,-0.28150856494903564,-0.2012483775615692,-0.07430225610733032
1781099382500867300,145.9408674316406,-0.3554694950580597,-0.33837857842445374,-0.0021039261482656
1781099382525942500,145.96594262695314,-0.3943217694759369,-0.23315343260765076,-0.004275388550013304
1781099382551018500,145.9910185546875,-0.2696602940559387,0.12608519196510315,0.02939118817448616
1781099382576093400,146.01609350585937,-0.15547245740890503,0.1917497217655182,0.15724319219589233
1781099382601169400,146.04116943359375,-0.3061447739601135,0.2330629676580429,0.09911016374826431
1781099382626244600,146.06624462890625,-0.35074132680892944,0.0021627377718687057,-0.14356304705142975
1781099382651320600,146.09132055664062,-0.30061155557632446,-0.2730028033256531,-0.1990494430065155
1781099382676396300,146.11639624023437,-0.2531886696815491,-0.18600644171237946,0.04092691093683243
1781099382701471500,146.14147143554686,-0.2681141793727875,0.011091407388448715,0.16526766121387482
1781099382726547500,146.16654736328124,-0.3530808985233307,0.1863580346107483,0.1820332109928131
1781099382751622400,146.19162231445313,-0.26327380537986755,0.21926896274089813,0.13249117136001587
1781099382776698400,146.2166984863281,-0.19233578443527222,-0.06882555782794952,0.02779267355799675
1781099382801774600,146.24177465820313,-0.31847119331359863,-0.26715710759162903,0.03712319955229759
1781099382826849500,146.266849609375,-0.23151904344558716,-0.06023935228586197,0.10325634479522705
1781099382851925200,146.29192529296876,-0.12264594435691833,0.04299581050872803,0.1703348606824875
1781099382877000400,146.31700048828125,-0.1718437671661377,0.07164907455444336,0.16574367880821228
1781099382902076400,146.34207641601563,-0.16451366245746613,0.06663057953119278,0.16080568730831146
1781099382927151400,146.3671513671875,-0.21713361144065857,-0.0756281167268753,0.16070720553398132
1781099382952227300,146.39222729492187,-0.24391932785511017,-0.076169453561306,0.18036173284053802
1781099382977303600,146.41730346679688,-0.1283084899187088,-0.028769476339221,0.0718524158000946
1781099383002378500,146.44237841796874,-0.1842924952507019,-0.19056230783462524,-0.01498542632907629
1781099383027454500,146.46745434570312,-0.3359000086784363,-0.1334199160337448,-0.05476279929280281
1781099383052529700,146.49252978515625,-0.22891661524772644,0.07864516973495483,-0.01393150631338358
1781099383077605400,146.51760546875,-0.16539886593818665,0.12250400334596634,0.03448132798075676
1781099383102681600,146.542681640625,-0.2677779495716095,0.2434454709291458,0.15133202075958252
1781099383127756500,146.56775659179686,-0.2094624638557434,0.20975428819656372,0.1944342404603958
1781099383152832500,146.59283251953124,-0.18364492058753967,0.06284867227077484,0.02165188640356064
1781099383177907500,146.61790747070313,-0.1814306229352951,-0.04402825981378555,0.008131678216159344
1781099383202983700,146.64298364257812,-0.27017703652381897,-0.3849291503429413,0.1158069372177124
1781099383228058600,146.66805859375,-0.2841520309448242,-0.30005699396133423,0.19081401824951172
1781099383253134600,146.69313452148438,-0.13915976881980896,0.14630258083343506,0.13486069440841675
1781099383278210600,146.71821044921876,-0.10939422249794006,0.2031744122505188,0.06408920884132385
1781099383303285500,146.74328540039062,-0.3214510977268219,0.07041143625974655,0.008029424585402012
1781099383328361500,146.76836157226563,-0.2690069079399109,-0.02981458604335785,0.002379136625677347
1781099383353436400,146.7934365234375,-0.12408041208982468,-0.0825909897685051,0.02422817423939705
1781099383378512600,146.8185126953125,-0.0424259789288044,0.23318316042423248,0.05898064374923706
1781099383403588600,146.84358862304688,-0.10689286887645721,0.12210466712713242,0.05390274152159691
1781099383428663600,146.86866357421874,-0.22995419800281525,0.1521884649991989,0.04282866045832634
1781099383453739500,146.89373950195312,-0.12207864969968796,-0.019647294655442238,-0.05478077381849289
1781099383478814700,146.91881469726562,-0.20068766176700592,-0.278978168964386,0.009599080309271812
1781099383503890400,146.9438903808594,-0.29991912841796875,-0.050131723284721375,0.12983925640583038
1781099383528965400,146.96896533203125,-0.23489351570606232,0.1147874966263771,0.2074861377477646
1781099383554041600,146.99404150390626,-0.20775935053825378,0.22361105680465698,0.1153591126203537
1781099383579117600,147.01911767578125,-0.18066054582595825,0.0017073194030672312,-0.03014151006937027
1781099383604192500,147.04419262695313,-0.27055490016937256,-0.31200918555259705,-0.15114131569862366
1781099383629268700,147.06926879882812,-0.2677259147167206,-0.2254876047372818,-0.05733640491962433
1781099383654343700,147.09434375,-0.10072191804647446,-0.010535813868045807,0.002131842775270343
1781099383679419400,147.11941943359375,-0.041991524398326874,0.1561860293149948,0.0020939968526363373
1781099383704495600,147.14449560546876,-0.1858462393283844,-0.2774304449558258,-0.06036761403083801
1781099383729570600,147.16957055664062,-0.1577635556459427,-0.3541325628757477,-0.1608431339263916
1781099383754646500,147.194646484375,-0.09675846993923187,-0.3772488832473755,-0.1394808441400528
1781099383779721500,147.2197214355469,-0.18957042694091797,-0.15327447652816772,-0.009463408030569553
1781099383804797700,147.24479760742187,-0.19616325199604034,-0.025374984368681908,0.09643994271755219
1781099383829873700,147.2698737792969,-0.1418895721435547,-0.023442786186933517,0.027259061112999916
1781099383854948600,147.29494848632814,-0.14292161166667938,-0.02579546719789505,-0.05973825231194496
1781099383880024600,147.32002465820312,-0.17111769318580627,-0.3026237487792969,-0.06919338554143906
1781099383905099500,147.345099609375,-0.16529467701911926,-0.3122115731239319,-0.09832517802715302
1781099383930175500,147.37017553710936,-0.1542309820652008,-0.2698790729045868,-0.1263933926820755
1781099383955250400,147.39525048828125,-0.22303558886051178,-0.10659949481487274,-0.10352427512407303
1781099383980326700,147.42032666015626,-0.33525019884109497,-0.09034029394388199,0.052777498960494995
1781099384005402600,147.4454025878906,-0.3087310194969177,0.011201371438801289,-0.03469353914260864
1781099384030477600,147.4704775390625,-0.3524411618709564,-0.028784185647964478,-0.030296891927719116
1781099384055553800,147.4955537109375,-0.3160715103149414,-0.14075779914855957,0.02188931405544281
1781099384080628700,147.52062866210937,-0.36545488238334656,-0.29152607917785645,0.14418873190879822
1781099384105705200,147.54570532226563,-0.2812371551990509,-0.13015151023864746,0.0345752127468586
1781099384130781400,147.57078149414062,-0.3337554335594177,-0.1765439659357071,-0.0011539654806256294
1781099384155856400,147.5958564453125,-0.34840989112854004,-0.15048430860042572,0.0308845192193985
1781099384180932400,147.62093237304688,-0.3340630829334259,-0.1490907073020935,0.10897805541753769
1781099384206007600,147.64600756835938,-0.2851409316062927,0.008580932393670082,0.09890775382518768
1781099384231083500,147.67108349609376,-0.30270498991012573,0.07087423652410507,0.07660245895385742
1781099384256159200,147.6961591796875,-0.2173396199941635,0.01826014742255211,0.03477980196475983
1781099384281234200,147.7212341308594,-0.3137134909629822,-0.10607105493545532,0.14482860267162323
1781099384306310400,147.74631030273437,-0.20688000321388245,-0.009200135245919228,0.1419544816017151
1781099384331385300,147.77138525390626,-0.17390325665473938,-0.03637661039829254,0.07759299874305725
1781099384356461300,147.79646142578125,-0.26528578996658325,-0.05970225855708122,-0.019744666293263435
1781099384381536500,147.82153662109374,-0.2870316505432129,0.006115925498306751,0.07121443003416061
1781099384406612500,147.84661254882812,-0.2660011649131775,-0.05461942404508591,0.20388197898864746
1781099384431688200,147.8716882324219,-0.24736744165420532,0.11311868578195572,0.1146143302321434
1781099384456763400,147.89676342773438,-0.25237345695495605,0.05543598160147667,-0.05757299065589905
1781099384481839400,147.92183935546876,-0.315647155046463,-0.07167927920818329,-0.13056398928165436
1781099384506914300,147.94691430664062,-0.30653586983680725,-0.04309007152915001,-0.031059764325618744
1781099384531990300,147.971990234375,-0.22664879262447357,0.14623203873634338,0.03149259090423584
1781099384557066500,147.99706640625,-0.25859400629997253,0.16619493067264557,0.19676025211811066
1781099384582141400,148.02214135742187,-0.20084533095359802,0.057471200823783875,0.04030852019786835
1781099384607217400,148.0472175292969,-0.24466192722320557,-0.11324593424797058,-0.08490784466266632
1781099384632292400,148.07229223632814,-0.27417081594467163,-0.3149300217628479,0.03332694619894028
1781099384657368300,148.09736840820312,-0.17840373516082764,-0.04277608543634415,0.20142939686775208
1781099384682444300,148.1224443359375,-0.17663311958312988,0.19362492859363556,0.242897629737854
1781099384707519200,148.14751928710936,-0.2042333334684372,0.2496926486492157,0.17783688008785248
1781099384732595500,148.17259545898438,-0.21197618544101715,-0.10410140454769135,0.0377301461994648
1781099384757670400,148.19767041015626,-0.20087915658950806,-0.2192481905221939,-0.06683102250099182
1781099384782746400,148.2227463378906,-0.2550535798072815,-0.07004276663064957,0.09170343726873398
1781099384807821300,148.2478212890625,-0.09253804385662079,0.14874441921710968,0.06603621691465378
1781099384832897500,148.2728974609375,-0.20807024836540222,0.33062493801116943,-0.08945642411708832
1781099384857973200,148.29797314453126,-0.3777899444103241,0.034560900181531906,0.06972212344408035
1781099384883048200,148.32304809570311,-0.2791748046875,-0.03735518455505371,0.0415489561855793
1781099384908124400,148.34812451171874,-0.17921724915504456,0.26019856333732605,0.1637292504310608
1781099384933199400,148.37319946289062,-0.3451947271823883,-0.06213279440999031,0.02676316164433956
1781099384958275300,148.398275390625,-0.2530433237552643,0.08110108971595764,0.3033102750778198
1781099384983351600,148.4233515625,-0.1151273101568222,-0.13359947502613068,0.21061144769191742
1781099385008426500,148.44842651367188,-0.20234814286231995,0.050011154264211655,0.126557394862175
1781099385033502500,148.47350244140625,-0.24608033895492554,0.06682459264993668,0.050089333206415176
1781099385058577400,148.4985773925781,-0.2633151412010193,-0.09500383585691452,0.09746202081441879
1781099385083653400,148.5236533203125,-0.1270173341035843,0.21840514242649078,0.078120157122612
1781099385108728600,148.548728515625,-0.15066680312156677,0.21764525771141052,0.08269354701042175
1781099385133803500,148.57380346679687,-0.13571679592132568,0.31728482246398926,0.1246994137763977
1781099385158879500,148.59887939453125,-0.06098099425435066,0.31726664304733276,-0.032315950840711594
1781099385183954400,148.6239543457031,-0.13648797571659088,-0.011392596177756786,0.02162475325167179
1781099385209030700,148.64903076171876,-0.17961207032203674,0.07608051598072052,0.1888754665851593
1781099385234105600,148.67410571289062,-0.06719382107257843,0.13850761950016022,0.07152555137872696
1781099385259181600,148.699181640625,-0.2565804123878479,0.2334793210029602,0.09021355211734772
1781099385284257500,148.72425756835938,-0.19144389033317566,0.19451892375946045,0.2977759838104248
1781099385309332700,148.74933276367187,-0.09207078069448471,0.10327532142400742,0.24883733689785004
1781099385334408400,148.7744084472656,-0.2180144339799881,0.31959813833236694,0.33223387598991394
1781099385359483400,148.7994833984375,-0.3540758490562439,0.1851714700460434,0.26976916193962097
1781099385384559600,148.8245595703125,-0.14601969718933105,-0.0015982890035957098,0.24282877147197723
1781099385409635600,148.84963549804687,-0.16385754942893982,0.02549697645008564,0.052577875554561615
1781099385434710500,148.87471044921875,-0.1854228973388672,0.10232316702604294,0.21371552348136902
1781099385459786800,148.89978686523438,-0.057020239531993866,0.25504446029663086,0.13593171536922455
1781099385484861700,148.92486181640626,-0.06767939031124115,0.526872456073761,0.07424319535493851
1781099385509937400,148.9499375,-0.1764005869626999,0.24717989563941956,0.012797940522432327
1781099385535013600,148.975013671875,-0.13616973161697388,0.06230512633919716,0.1878179907798767
1781099385560088600,149.00008862304688,-0.062449950724840164,0.32593804597854614,0.2360321432352066
1781099385585164500,149.02516455078126,-0.006860052235424519,0.3309890627861023,0.2054549753665924
1781099385610239500,149.05023950195311,-0.05017814040184021,0.1684577912092209,0.32008442282676697
1781099385635315700,149.07531567382813,0.05798911675810814,0.09772913157939911,0.17218978703022003
1781099385660391700,149.1003916015625,-0.038562752306461334,-0.13618965446949005,0.03703353554010391
1781099385685466600,149.12546655273437,-0.13770568370819092,-0.16709348559379578,0.26012301445007324
1781099385710542600,149.15054248046874,0.04440369829535484,0.1256583333015442,0.3326326608657837
1781099385735617500,149.17561743164063,0.12747298181056976,0.2358458787202835,-0.0245460607111454
1781099385760693500,149.20069360351562,-0.09890922904014587,0.1486845761537552,-0.07468289136886597
1781099385785769700,149.22576977539063,-0.03429402410984039,-0.07203304767608643,-0.013974585570394993
1781099385810844700,149.2508447265625,0.027363121509552002,-0.21795761585235596,-0.06336832046508789
1781099385835920600,149.27592065429687,-0.02336968667805195,-0.015137000940740108,-0.16630999743938446
1781099385860995600,149.30099560546876,-0.010679508559405804,0.15767550468444824,-0.12844176590442657
1781099385886071800,149.32607177734374,-0.046473294496536255,0.06231100112199783,-0.0271059088408947
1781099385911146800,149.35114672851563,-0.0927376076579094,-0.03777576982975006,-0.05607779324054718
1781099385936222500,149.37622241210937,-0.013239890336990356,-0.002041047904640436,-0.01880314201116562
1781099385961298400,149.40129833984375,-0.03098984993994236,-0.17836621403694153,-0.047569286078214645
1781099385986373600,149.42637353515624,-0.1166999563574791,-0.2966429889202118,-0.05107082054018974
1781099386011449600,149.45144970703126,-0.0490870475769043,-0.14146924018859863,0.10757936537265778
1781099386036524500,149.47652465820312,0.10308842360973358,-0.09409569948911667,0.04521772637963295
1781099386061600800,149.50160083007813,-0.03829190880060196,-0.09257986396551132,-0.0250087957829237
1781099386086676500,149.52667651367187,-0.1319057196378708,-0.12072324752807617,-0.11078493297100067
1781099386111751400,149.55175146484376,-0.09960414469242096,-0.25754523277282715,-0.1064063310623169
1781099386136827100,149.5768271484375,-0.12644682824611664,-0.267332524061203,-0.04748084396123886
1781099386161902000,149.60190209960936,-0.1261458694934845,-0.10192222893238068,-0.05678217113018036
1781099386186978000,149.62697802734374,-0.1237453743815422,0.11890517920255661,-0.06483672559261322
1781099386212054300,149.65205419921875,-0.19374532997608185,0.11915673315525055,-0.11903267353773117
1781099386237129200,149.6771291503906,-0.20545519888401031,-0.1303306519985199,-0.0681113600730896
1781099386262205200,149.702205078125,-0.14794819056987762,-0.18805526196956635,-0.0039957864210009575
1781099386287280400,149.7272802734375,-0.15028312802314758,-0.008234050124883652,0.02296355366706848
1781099386312356400,149.7523564453125,-0.10999450087547302,0.051321495324373245,0.06340211629867554
1781099386337432000,149.77743212890624,-0.10111063718795776,-0.15429866313934326,0.02114688791334629
1781099386362507000,149.80250708007813,-0.13821730017662048,-0.22012989223003387,0.13997679948806763
1781099386387583200,149.82758325195311,-0.10441676527261734,-0.039602119475603104,0.20595905184745789
1781099386412658200,149.852658203125,-0.038926009088754654,-0.005367460660636425,0.11257250607013702
1781099386437734100,149.87773413085938,-0.13008634746074677,-0.21608124673366547,0.005356003530323505
1781099386462810400,149.90281030273437,-0.1039646789431572,-0.17430222034454346,0.18144585192203522
1781099386487885300,149.92788525390625,0.018880248069763184,0.0979224368929863,0.20848165452480316
1781099386512961000,149.9529609375,-0.0187304075807333,0.2152853012084961,0.039743371307849884
1781099386538036200,149.9780361328125,-0.16840402781963348,0.023123545572161674,-0.06796786934137344
1781099386563112200,150.0031123046875,-0.12471114844083786,-0.25986671447753906,-0.012268716469407082
1781099386588187100,150.02818725585936,-0.05387839674949646,-0.17836974561214447,0.039120614528656006
1781099386613263000,150.05326318359374,-0.07696154713630676,0.22405880689620972,-0.0017791055142879486
1781099386638339300,150.07833935546876,-0.11732902377843857,0.18028438091278076,0.0036022483836859465
1781099386663414300,150.10341430664062,-0.13216638565063477,-0.03359952196478844,0.031854573637247086
1781099386688490200,150.128490234375,-0.12411457300186157,0.010748769156634808,-0.09421787410974503
1781099386713565200,150.15356518554688,-0.1213553175330162,0.08531158417463303,0.011386032216250896
1781099386738641200,150.17864111328126,-0.12842735648155212,-0.03306493163108826,0.014487296342849731
1781099386763717000,150.20371704101564,-0.07508601248264313,-0.0363914780318737,0.08377478271722794
1781099386788792000,150.2287919921875,-0.027175690978765488,0.036679547280073166,0.0682922899723053
1781099386813868300,150.25386840820312,-0.031762588769197464,0.01792907901108265,0.22831808030605316
1781099386838943200,150.27894311523437,-0.09215880930423737,-0.003080530557781458,0.16907285153865814
1781099386864019200,150.30401928710938,-0.06543496996164322,-0.14940334856510162,0.048743344843387604
1781099386889095400,150.32909545898437,-0.07188310474157333,-0.148934468626976,-0.0016464130021631718
1781099386914170400,150.35417041015626,-0.08341808617115021,-0.052047379314899445,0.1668187379837036
1781099386939246000,150.37924609375,0.0001490778522565961,0.1310882717370987,0.17397499084472656
1781099386964321000,150.4043210449219,-0.03559129312634468,0.1914464235305786,-0.03900326043367386
1781099386989397200,150.42939721679687,-0.13494014739990234,0.08700534701347351,-0.11861570924520493
1781099387014472200,150.45447216796876,-0.10001648217439651,-0.11477959901094437,-0.11395569145679474
1781099387039548200,150.47954809570314,-0.11076818406581879,0.01704011671245098,0.12696349620819092
1781099387064624400,150.50462426757812,-0.014081768691539764,0.33785367012023926,0.07766127586364746
1781099387089699300,150.52969921875,-0.004759180825203657,0.30534452199935913,0.03510979190468788
1781099387114775000,150.5547751464844,-0.17152994871139526,0.03171215206384659,0.14229196310043335
1781099387139850000,150.57985009765625,-0.05685647949576378,-0.017198747023940086,0.289315402507782
1781099387164926000,150.60492602539063,0.036471154540777206,0.1910242736339569,0.012356573715806007
1781099387190002000,150.630001953125,-0.2333948165178299,0.3132113814353943,0.1274784803390503
1781099387215076900,150.65507690429686,-0.07502608001232147,0.11620808392763138,0.21700532734394073
1781099387240153000,150.68015307617188,-0.0354401059448719,0.035426683723926544,0.22961239516735077
1781099387265228000,150.70522802734374,-0.15300416946411133,0.3130398094654083,0.25075027346611023
1781099387290304000,150.7303039550781,-0.05494317412376404,0.27926310896873474,0.15169821679592133
1781099387315380200,150.75538012695313,-0.15523989498615265,0.1291780173778534,0.08711183071136475
1781099387340455200,150.780455078125,-0.08438444882631302,0.1052183210849762,0.09585835039615631
1781099387365531000,150.80553076171876,0.039708565920591354,0.22308513522148132,0.05660637468099594
1781099387390605800,150.83060571289062,-0.03483458608388901,0.4107515215873718,0.18725153803825378
1781099387415682000,150.85568212890624,0.026461448520421982,0.4196302890777588,0.29400748014450073
1781099387440757000,150.88075708007813,0.020739737898111343,0.22467182576656342,0.13793861865997314
1781099387465833000,150.9058330078125,-0.02215365692973137,0.08984510600566864,0.20965167880058289
1781099387490909200,150.9309091796875,0.047137875109910965,0.16319945454597473,0.0027401486877352
1781099387515984100,150.95598413085938,-0.06684429198503494,0.13485178351402283,0.19282066822052002
1781099387541060000,150.98106005859376,0.012805763632059097,0.2860735058784485,0.29741787910461426
1781099387566135000,151.00613500976561,0.14633603394031525,0.30577683448791504,0.1125672459602356
1781099387591211000,151.0312109375,0.003097628243267536,0.27481675148010254,-0.07811830937862396
1781099387616287000,151.05628686523437,0.007166580762714148,0.05758659541606903,-0.01887238398194313
1781099387641362000,151.08136181640626,0.06730525940656662,0.16031523048877716,0.1169455423951149
1781099387666438100,151.10643823242188,0.10989793390035629,0.3992951512336731,0.08960498869419098
1781099387691513000,151.13151318359374,0.14954964816570282,0.4047354757785797,-0.13296742737293243
1781099387716589000,151.15658911132812,-0.022830618545413017,0.008418597280979156,0.12208885699510574
1781099387741664800,151.1816647949219,0.1086869016289711,0.0367460697889328,0.31113600730895996
1781099387766740000,151.20673999023438,0.18207383155822754,0.15583984553813934,-0.05203951895236969
1781099387791816000,151.23181591796876,-0.06424184143543243,0.20669621229171753,-0.044934917241334915
1781099387816891000,151.25689086914062,0.0076344553381204605,-0.0058812666684389114,-0.07794509828090668
1781099387841967000,151.28196704101563,0.09638340026140213,0.02581150457262993,0.06518933922052383
1781099387867042000,151.3070419921875,0.05586691573262215,0.3552100658416748,0.20467106997966766
1781099387892118000,151.33211791992187,0.11840973794460297,0.452678382396698,0.25279954075813293
1781099387917194000,151.35719409179688,0.0560639351606369,0.1644090712070465,-0.06768934428691864
1781099387942269200,151.38226928710938,-0.08849693089723587,-0.16967026889324188,-0.039094433188438416
1781099387967345000,151.40734497070312,0.07548601925373077,-0.2618866264820099,-0.13944272696971893
1781099387992419800,151.432419921875,0.021939486265182495,-0.11752099543809891,0.04220624640583992
1781099388017496000,151.45749609375,0.0325760543346405,0.2652035355567932,0.1308443546295166
1781099388042572000,151.48257202148437,0.09466610103845596,0.24622169137001038,-0.027046453207731247
1781099388067647000,151.50764697265626,0.018887018784880638,-0.023877155035734177,-0.05218922719359398
1781099388092723000,151.53272290039064,0.020048780366778374,0.014748377725481987,-0.06197040155529976
1781099388117798000,151.5577978515625,0.014720256440341473,0.1028839573264122,0.15514589846134186
1781099388142873900,151.58287377929688,0.1279916763305664,0.1911899447441101,0.1154618188738823
1781099388167949800,151.60794970703125,0.18233634531497955,0.08579839766025543,-0.0755835548043251
1781099388193024800,151.6330246582031,0.10790733993053436,-0.08812815696001053,-0.13575425744056702
1781099388218100700,151.65810083007813,0.09952245652675629,-0.11575900763273239,0.10960289090871811
1781099388243176000,151.68317602539062,0.12727895379066467,0.04920470342040062,0.1519087255001068
1781099388268252000,151.708251953125,0.29709184169769287,0.08165916800498962,-0.11947842687368393
1781099388293326800,151.7333269042969,0.1056322231888771,-0.008271172642707825,-0.23644086718559265
1781099388318402800,151.75840283203124,-0.009035794995725155,-0.11538328230381012,-0.1485627144575119
1781099388343479000,151.78347900390625,0.20771336555480957,-0.12370286136865616,0.11883974820375443
1781099388368554000,151.80855395507814,0.22240839898586273,0.3520529866218567,-0.09797514230012894
1781099388393629700,151.83362963867188,0.0035024182870984077,0.543449878692627,-0.10703229904174805
1781099388418705000,151.85870483398438,-0.2712583541870117,0.016786275431513786,-0.507968544960022
1781099388443780900,151.88378076171875,-0.12556013464927673,-0.47312745451927185,-0.34012719988822937
1781099388468856800,151.90885693359374,-0.20071358978748322,0.0004861000052187592,-0.1681923121213913
1781099388493931800,151.93393188476563,-0.29163092374801636,0.7356488704681396,0.00020764069631695747
1781099388519008000,151.9590080566406,-0.15181532502174377,0.46292001008987427,-0.2989325225353241
1781099388544083000,151.9840830078125,-0.31238818168640137,-0.06243707239627838,0.07397343218326569
1781099388569159000,152.00915893554688,-0.06964632868766785,-0.32018059492111206,0.24176545441150665
1781099388594235000,152.03423486328126,-0.07412505149841309,-0.09368757158517838,0.420886367559433
1781099388619309800,152.05930981445312,0.1639634519815445,-0.010779802687466145,0.13697504997253418
1781099388644385800,152.0843857421875,0.24592706561088562,-0.09731119871139526,0.06118177995085716
1781099388669460700,152.10946069335938,0.2524234354496002,-0.2617993950843811,0.2420281171798706
1781099388694537000,152.13453686523437,0.23349429666996002,-0.2416796237230301,0.09061524271965027
1781099388719612000,152.15961181640625,0.039665576070547104,-0.2469015121459961,0.2918659448623657
1781099388744687900,152.18468798828124,-0.024135643616318703,0.03222968056797981,0.4510839581489563
1781099388769763800,152.20976391601562,0.06512118875980377,0.1349049061536789,0.3193114995956421
1781099388794838800,152.2348388671875,0.0006174263544380665,0.16683250665664673,-0.009761093184351921
1781099388819914800,152.25991479492188,-0.034268710762262344,-0.1954837143421173,-0.17704415321350098
1781099388844989700,152.28498974609374,-0.08036436885595322,-0.3456661105155945,-0.255179226398468
1781099388870066000,152.31006591796876,0.0008968529291450977,0.01107840146869421,-0.30245521664619446
1781099388895142000,152.33514184570313,0.07370313256978989,0.23755285143852234,-0.44881299138069153
1781099388920216800,152.360216796875,-0.05574008449912071,0.28509268164634705,-0.13347876071929932
1781099388945293000,152.38529296875,0.11366017162799835,-0.20273911952972412,-0.06923018395900726
1781099388970368000,152.41036791992187,0.033103663474321365,-0.019061876460909843,-0.2773962914943695
1781099388995443700,152.43544360351564,0.015082203783094883,-0.058805905282497406,-0.12175411731004715
1781099389020518700,152.4605185546875,0.14625872671604156,-0.22274215519428253,-0.06983328610658646
1781099389045595000,152.48559497070312,0.10402980446815491,-0.09463562071323395,-0.19563458859920502
1781099389070670800,152.5106708984375,0.047531988471746445,-0.2378423810005188,-0.19692298769950867
1781099389095746600,152.53574658203124,0.07163792103528976,-0.3875531256198883,0.01384689100086689
1781099389120822500,152.56082250976561,0.10537318140268326,-0.2599506080150604,-0.049049630761146545
1781099389145897500,152.5858974609375,0.09223007410764694,-0.15004834532737732,-0.10330656915903091
1781099389170973400,152.61097338867188,0.10922427475452423,-0.25632673501968384,-0.10654815286397934
1781099389196049400,152.63604931640626,0.13819199800491333,-0.44885942339897156,-0.14848072826862335
1781099389221124400,152.66112426757812,0.06122878938913345,-0.35985660552978516,-0.22131656110286713
1781099389246200600,152.68620068359374,0.11440210789442062,-0.22857041656970978,-0.12264896929264069
1781099389271275500,152.71127563476563,0.10246903449296951,-0.2593231201171875,-0.2292374074459076
1781099389296351500,152.7363515625,-0.03842385113239288,-0.017273470759391785,-0.18820077180862427
1781099389321427500,152.76142749023438,-0.05660269781947136,-0.12309069186449051,-0.19144536554813385
1781099389346502700,152.78650268554688,-0.07758288830518723,-0.16776013374328613,-0.11189205199480057
1781099389371578400,152.81157836914062,-0.09964568167924881,-0.22127200663089752,-0.1667630970478058
1781099389396653300,152.8366533203125,-0.06324443966150284,-0.23589211702346802,-0.10744190216064453
1781099389421729500,152.8617294921875,-0.07064768671989441,-0.25451093912124634,-0.10250542312860489
1781099389446804500,152.88680444335938,-0.09959623217582703,-0.22550761699676514,-0.18082574009895325
1781099389471880400,152.91188037109376,-0.13528013229370117,-0.24713779985904694,-0.014387956820428371
1781099389496956400,152.93695629882814,-0.059949781745672226,-0.3523142635822296,0.08655745536088943
1781099389522031600,152.96203149414063,-0.0758778303861618,-0.2675863802433014,-0.06896041333675385
1781099389547107600,152.98710766601562,-0.06354641914367676,-0.298610121011734,-0.07835561782121658
1781099389572182500,153.0121826171875,0.038620684295892715,-0.295352965593338,-0.009033052250742912
1781099389597258500,153.03725854492188,0.06488312780857086,-0.07925957441329956,-0.020034903660416603
1781099389622334500,153.06233447265626,-0.02130705676972866,-0.03095345012843609,-0.12035635858774185
1781099389647409400,153.08740942382812,0.03034828044474125,-0.12691135704517365,-0.059448909014463425
1781099389672485400,153.1124853515625,-0.05011096969246864,-0.24378535151481628,-0.15149103105068207
1781099389697560600,153.137560546875,-0.08006177097558975,-0.16528406739234924,-0.026496440172195435
1781099389722636500,153.16263647460937,-0.050494980067014694,-0.18020381033420563,0.030978962779045105
1781099389747711500,153.18771142578126,-0.04581250995397568,-0.08226534724235535,-0.07601585984230042
1781099389772787500,153.21278735351564,-0.11279841512441635,-0.20438852906227112,-0.19784557819366455
1781099389797863400,153.23786352539062,-0.12427837401628494,-0.4605061709880829,-0.1692172735929489
1781099389822938400,153.2629384765625,-0.10569911450147629,-0.36685287952423096,0.01098734699189663
1781099389848014300,153.2880144042969,-0.07923468202352524,-0.02619476616382599,-0.03648931160569191
1781099389873089500,153.31308959960938,-0.0830005407333374,0.14290928840637207,-0.05417998135089874
1781099389898165500,153.33816552734376,-0.07106966525316238,-0.07759629189968109,-0.08944112062454224
1781099389923241500,153.36324145507814,-0.0781116783618927,-0.2680749297142029,-0.061860986053943634
1781099389948316700,153.38831665039064,-0.155395045876503,-0.25978803634643555,-0.025109928101301193
1781099389973392400,153.41339233398438,-0.053659066557884216,-0.2495870143175125,0.08611542731523514
1781099389998467300,153.43846728515626,-0.04477255046367645,-0.03932720422744751,-0.03061642125248909
1781099390023543300,153.4635432128906,-0.16250507533550262,0.037428323179483414,-0.02651039883494377
1781099390048618500,153.48861840820314,-0.12377563118934631,-0.11719095706939697,0.19889624416828156
1781099390073694500,153.51369458007812,-0.13380134105682373,-0.1378280222415924,0.16244079172611237
1781099390098770200,153.53877026367186,-0.1826331615447998,-0.007642772980034351,0.0005085458979010582
1781099390123845000,153.56384521484375,-0.13957762718200684,-0.21295572817325592,0.005560226738452911
1781099390148921300,153.58892138671874,-0.10286328196525574,-0.19107891619205475,0.15997561812400818
1781099390173996300,153.61399633789063,-0.06269010901451111,0.1398342400789261,0.13480307161808014
1781099390199072000,153.63907202148437,-0.09065134823322296,0.1990436315536499,-0.007620834745466709
1781099390224148200,153.66414819335938,-0.11597929149866104,0.05586090311408043,-0.08759309351444244
1781099390249223200,153.68922314453124,-0.1471562385559082,0.02270127274096012,-0.007453112863004208
1781099390274299100,153.71429907226562,-0.1129012331366539,0.12148121744394302,0.11703696846961975
1781099390299374000,153.7393740234375,-0.06229284778237343,0.23164375126361847,0.18386133015155792
1781099390324450300,153.7644501953125,-0.115253746509552,0.06473680585622787,0.09939072281122208
1781099390349526300,153.7895263671875,-0.09455899149179459,-0.09078174084424973,0.06301044672727585
1781099390374601200,153.81460131835937,-0.155900239944458,-0.15737636387348175,-0.04623226821422577
1781099390399677200,153.83967724609374,-0.12998175621032715,-0.036687687039375305,0.13466167449951172
1781099390424752000,153.86475219726563,-0.042432982474565506,0.17596089839935303,0.18689748644828796
1781099390449828000,153.889828125,-0.05732201039791107,0.351959764957428,0.04893633723258972
1781099390474903000,153.91490307617187,-0.1186145767569542,0.05716121196746826,0.012711051851511002
1781099390499979300,153.93997924804688,-0.08511445671319962,-0.18574145436286926,0.135020911693573
1781099390525055200,153.96505517578126,-0.07304051518440247,0.02925550378859043,0.1534731388092041
1781099390550130200,153.99013012695312,-0.05996048450469971,0.3141883909702301,0.004784492775797844
1781099390575206400,154.01520629882813,-0.07924478501081467,0.19370907545089722,-0.008367890492081642
1781099390600281300,154.04028125,-0.06490988284349442,0.16987600922584534,0.10523689538240433
1781099390625357000,154.06535717773437,-0.06466270238161087,0.3631637990474701,0.12816539406776428
1781099390650433300,154.09043334960938,-0.08264348655939102,0.42609140276908875,0.17676791548728943
1781099390675508200,154.11550830078124,-0.10686136782169342,0.22218331694602966,0.3063630759716034
1781099390700584200,154.14058422851562,-0.11154690384864807,0.01403387263417244,0.10453756153583527
1781099390725659100,154.1656591796875,-0.17952196300029755,0.02545750141143799,0.14225511252880096
1781099390750735400,154.1907353515625,-0.14344295859336853,0.107689268887043,0.2817099690437317
1781099390775810300,154.21581030273438,-0.00820790883153677,0.4372963011264801,0.36931389570236206
1781099390800886300,154.24088623046876,0.004903632216155529,0.5723419785499573,0.07566019147634506
1781099390825962200,154.26596215820314,-0.0833882987499237,0.262237012386322,0.014462726190686226
1781099390851037200,154.291037109375,-0.06741350144147873,-0.19231100380420685,0.23640240728855133
1781099390876113200,154.31611303710937,0.02619161829352379,0.25238484144210815,0.23453398048877716
1781099390901188000,154.34118798828126,-0.0009076133137568831,0.5488136410713196,0.003443534253165126
1781099390926264300,154.36626440429689,-0.04265570640563965,0.4988766014575958,0.21199634671211243
1781099390951340300,154.39134033203126,0.08366084843873978,0.24911370873451233,0.29420486092567444
1781099390976415200,154.41641528320312,0.02489659935235977,0.3655608892440796,0.10789359360933304
1781099391001491200,154.4414912109375,-0.10681547224521637,0.3221672773361206,0.18393070995807648
1781099391026566100,154.4665661621094,0.0483112633228302,0.11513286828994751,0.34917131066322327
1781099391051642000,154.49164208984374,0.0911540687084198,0.2297784835100174,0.14572127163410187
1781099391076718000,154.5167180175781,0.025847384706139565,0.4515638053417206,-0.03203100338578224
1781099391101793000,154.54179296875,0.11025921255350113,0.15987423062324524,-0.02994922548532486
1781099391126869200,154.566869140625,0.07799374312162399,0.08219169080257416,0.14061646163463593
1781099391151944200,154.59194409179688,0.06579777598381042,0.3611823320388794,0.16483253240585327
1781099391177020200,154.61702026367186,0.12862272560596466,0.30864959955215454,0.19275116920471191
1781099391202095000,154.64209521484375,0.14534015953540802,0.17030242085456848,0.19512459635734558
1781099391227171000,154.66717114257813,0.14344656467437744,0.07456307113170624,0.05187227576971054
1781099391252247000,154.6922470703125,0.12375929206609726,0.01679808646440506,-0.06284907460212708
1781099391277322000,154.71732202148436,0.06368838995695114,0.08762384951114655,-0.0007155528292059898
1781099391302398000,154.74239794921874,0.08062736690044403,0.19486527144908905,0.1001681312918663
1781099391327473200,154.76747314453124,0.1435432732105255,0.2122269719839096,-0.004128648433834314
1781099391352549000,154.79254907226561,0.1520063579082489,0.24842742085456848,-0.16116665303707123
1781099391377625000,154.817625,0.14811867475509644,0.14022532105445862,-0.193216472864151
1781099391402700300,154.8427001953125,0.18616434931755066,0.18763300776481628,0.019607966765761375
1781099391427776000,154.86777587890626,0.22438295185565948,0.3112036883831024,0.050442639738321304
1781099391452851000,154.89285083007812,0.18838633596897125,0.3046243488788605,-0.081461600959301
1781099391477927000,154.91792700195313,0.10569246113300323,0.07114492356777191,-0.17940233647823334
1781099391503002000,154.94300219726563,0.038057923316955566,-0.10778312385082245,0.04321734234690666
1781099391528078000,154.968078125,0.1284593641757965,0.09710806608200073,0.11098858714103699
1781099391553154000,154.99315405273438,0.0504152812063694,0.29121217131614685,-0.13583706319332123
1781099391578229200,155.01822924804688,-0.07451476156711578,0.13481542468070984,-0.15496349334716797
1781099391603305200,155.04330517578126,0.057832080870866776,-0.22147297859191895,-0.13090981543064117
1781099391628380200,155.06838012695312,0.06903792172670364,-0.11780563741922379,-0.010646462440490723
1781099391653456000,155.09345581054689,0.1247141882777214,0.06003290042281151,0.0792916789650917
1781099391678532000,155.11853198242187,0.2117377072572708,-0.07241116464138031,-0.06652498245239258
1781099391703607000,155.14360693359376,0.19980211555957794,-0.18534578382968903,-0.2442122846841812
1781099391728683000,155.16868310546874,0.1657182276248932,-0.24571645259857178,-0.341395765542984
1781099391753758200,155.19375830078124,0.12023035436868668,-0.34820738434791565,-0.21585598587989807
1781099391778834200,155.21883422851562,0.20573508739471436,-0.21665415167808533,-0.12895576655864716
1781099391803910100,155.24391015625,0.27452951669692993,0.016410421580076218,-0.20867811143398285
1781099391828985000,155.26898510742188,0.20057237148284912,-0.059458352625370026,-0.3669346570968628
1781099391854061000,155.29406103515626,0.14415869116783142,-0.3243514597415924,-0.43484097719192505
1781099391879136000,155.31913598632812,0.10373152792453766,-0.4150351881980896,-0.3631575405597687
1781099391904212000,155.3442119140625,0.09246783703565598,-0.276917964220047,-0.27250444889068604
1781099391929288200,155.3692880859375,0.10924267023801804,-0.15429432690143585,-0.19825145602226257
1781099391954363100,155.39436303710937,0.12860120832920074,-0.1380424201488495,-0.15653645992279053
1781099391979439000,155.4194392089844,0.049075648188591,-0.22580793499946594,-0.20698504149913788
1781099392004514000,155.44451416015625,-0.08200667798519135,-0.3911193311214447,-0.1611165702342987
1781099392029590000,155.46959008789062,-0.12471333891153336,-0.5005577206611633,-0.08386573195457458
1781099392054666000,155.494666015625,-0.12135244905948639,-0.3816843628883362,0.002026551403105259
1781099392079741000,155.5197409667969,-0.11205819249153137,-0.2077530175447464,0.12468092888593674
1781099392104817400,155.5448173828125,-0.0821511298418045,-0.19553518295288086,0.06673988699913025
1781099392129892400,155.56989233398437,-0.12064742296934128,-0.41418924927711487,-0.11448425054550171
1781099392154968600,155.59496850585938,-0.3446531593799591,-0.44151341915130615,-0.18386128544807434
1781099392180044300,155.62004418945313,-0.16342902183532715,-0.2322961688041687,-0.08015617728233337
1781099392205119500,155.64511938476562,-0.06471520662307739,-0.13905292749404907,-0.09150924533605576
1781099392230195500,155.67019555664064,-0.2024666666984558,0.19392438232898712,-0.03270070254802704
1781099392255270400,155.6952705078125,-0.12880629301071167,-0.1585630625486374,-0.07440105825662613
1781099392280346400,155.72034643554687,-0.12167997658252716,-0.27772626280784607,-0.10158423334360123
1781099392305422600,155.7454226074219,-0.135173499584198,-0.06592189520597458,-0.10143040120601654
1781099392330497500,155.77049755859375,-0.03409041464328766,-0.07050906866788864,0.11766614764928818
1781099392355573500,155.79557348632812,0.00957817304879427,-0.06264562904834747,0.14689907431602478
1781099392380648400,155.8206484375,0.007597685791552067,-0.13149882853031158,-0.1025620698928833
1781099392405724400,155.8457243652344,-0.0423947349190712,-0.19182085990905762,-0.18851728737354279
1781099392430800400,155.87080029296874,-0.061187341809272766,-0.23584003746509552,0.03572861850261688
1781099392455875300,155.89587524414063,-0.035917557775974274,-0.027191415429115295,0.14672556519508362
1781099392480951600,155.92095166015625,-0.11110952496528625,0.11951982975006104,-0.031517453491687775
1781099392506026500,155.94602661132814,-0.13134701550006866,-0.0041367486119270325,-0.0012763100676238537
1781099392531102500,155.9711025390625,-0.07866278290748596,-0.1410079151391983,-0.04333159700036049
1781099392556178700,155.9961787109375,-0.1362537145614624,0.12451478838920593,-0.009190501645207405
1781099392581253600,156.0212536621094,-0.14589360356330872,0.04379754140973091,-0.004410689231008291
1781099392606329300,156.04632934570313,-0.10333872586488724,-0.008347960188984871,0.11702406406402588
1781099392631404300,156.071404296875,-0.026906045153737068,-0.01509438268840313,-0.02503269538283348
1781099392656480500,156.09648046875,-0.10340958833694458,0.006625957787036896,-0.14148929715156555
1781099392681556500,156.12155639648438,-0.15028519928455353,-0.20801019668579102,-0.18420395255088806
1781099392706631400,156.14663134765624,-0.13174079358577728,-0.15090280771255493,0.043472133576869965
1781099392731707600,156.17170776367186,-0.05065518617630005,0.2247980535030365,0.13473284244537354
1781099392756782600,156.1967824707031,-0.05097012594342232,0.29459184408187866,0.12032312899827957
1781099392781858600,156.22185864257813,-0.08806005120277405,-0.06248801201581955,0.05393762141466141
1781099392806934300,156.24693432617187,-0.064783975481987,-0.33249035477638245,0.07365088909864426
1781099392832009500,156.27200952148436,-0.013117940165102482,-0.09831562638282776,0.056513674557209015
1781099392857085400,156.29708544921874,-0.005511005409061909,0.09428739547729492,0.05364634841680527
1781099392882160400,156.32216040039063,-0.006248757243156433,0.0214681476354599,0.05228492617607117
1781099392907236600,156.34723657226561,-0.05943204089999199,-0.07404149323701859,-0.014189417473971844
1781099392932312600,156.3723125,-0.07106737047433853,0.05292627960443497,0.008853355422616005
1781099392957387500,156.39738745117188,-0.004164218436926603,0.1361606866121292,0.09834892302751541
1781099392982463200,156.42246313476562,-0.04775168374180794,0.017591752111911774,-0.04146444797515869
1781099393007538400,156.44753833007812,-0.08308692276477814,-0.07166161388158798,-0.018302813172340393
1781099393032614400,156.47261450195313,-0.010567658580839634,0.07489736378192902,0.0791260227560997
1781099393057690400,156.4976904296875,-0.06897185742855072,0.14746621251106262,0.05421193689107895
1781099393082765300,156.52276538085937,-0.14490877091884613,0.11646854132413864,-0.031947240233421326
1781099393107841000,156.54784106445314,-0.149306982755661,-0.040846213698387146,0.0006703170947730541
1781099393132917200,156.57291723632812,-0.1255008578300476,0.15496036410331726,0.213573157787323
1781099393157992200,156.5979921875,-0.08779727667570114,0.3332022726535797,0.16843773424625397
1781099393183068200,156.6230681152344,-0.060385264456272125,0.14274510741233826,0.06856315582990646
1781099393208143000,156.64814306640625,-0.13949647545814514,-0.098761186003685,-0.0011018160730600357
1781099393233219000,156.67321899414063,-0.09656136482954025,0.10326805710792542,0.21135227382183075
1781099393258295000,156.698294921875,0.010658198967576027,0.3009880483150482,0.2742704749107361
1781099393283370000,156.72336987304686,-0.07487668842077255,0.2046205997467041,0.10149198770523071
1781099393308446200,156.7484462890625,-0.07644577324390411,0.1456046998500824,0.11048875749111176
1781099393333521200,156.77352124023437,0.014236115850508213,0.1608152985572815,0.14980436861515045
1781099393358597000,156.79859716796875,-0.011523984372615814,0.30800995230674744,0.2746329605579376
1781099393383673000,156.82367309570313,0.031494542956352234,0.37212714552879333,0.13549339771270752
1781099393408748000,156.848748046875,0.04211878404021263,0.16760623455047607,0.09219638258218765
1781099393433824000,156.87382397460937,-0.0021871766075491905,0.04979202151298523,0.03679806739091873
1781099393458899000,156.89889892578125,-0.019830193370580673,0.055955201387405396,0.04728525131940842
1781099393483975200,156.92397509765624,0.020610522478818893,0.27896037697792053,0.11915741115808487
1781099393509051100,156.94905102539062,0.02146771177649498,0.39390528202056885,0.2082403153181076
1781099393534126000,156.9741259765625,0.08382893353700638,0.33021771907806396,0.13233155012130737
1781099393559202300,156.99920239257813,-0.00685035390779376,0.10289223492145538,-0.041318800300359726
1781099393584278000,157.02427807617187,0.02983987331390381,0.10351582616567612,0.19245651364326477
1781099393609353000,157.04935302734376,0.1235174760222435,0.16409669816493988,0.12327916920185089
1781099393634429000,157.07442895507813,0.04788510128855705,0.08722879737615585,0.03244897350668907
1781099393659504000,157.09950415039063,0.043237846344709396,0.06750068813562393,0.04138193652033806
1781099393684580000,157.124580078125,0.08618834614753723,0.16797778010368347,0.280144065618515
1781099393709656000,157.14965600585938,0.13981331884860992,0.2605976462364197,0.14406831562519073
1781099393734731300,157.17473120117188,0.04993555694818497,0.157613143324852,-0.19018007814884186
1781099393759807200,157.19980712890626,-0.01353449746966362,0.013776086270809174,-0.14966779947280884
1781099393784882200,157.22488208007812,0.03802325204014778,0.07630228251218796,0.07005342096090317
1781099393809958000,157.2499580078125,0.12020134180784225,0.34591245651245117,0.1374315619468689
1781099393835034000,157.2750341796875,0.15548935532569885,0.4507000744342804,0.015606590546667576
1781099393860109000,157.30010913085937,0.04990862309932709,0.19282037019729614,0.014471580274403095
1781099393885185000,157.32518505859375,0.055761177092790604,-0.02740607224404812,0.01695685088634491
1781099393910261200,157.35026123046876,0.07978711277246475,0.12511268258094788,-0.019595906138420105
1781099393935336200,157.37533618164062,0.0595821812748909,0.2554042935371399,0.017399337142705917
1781099393960412000,157.4004118652344,0.08593641966581345,0.2194451242685318,0.14376698434352875
1781099393985487000,157.42548706054689,0.1467169225215912,0.14379550516605377,0.051765430718660355
1781099394010563000,157.45056298828126,0.14480949938297272,0.22044526040554047,-0.0677727460861206
1781099394035639000,157.47563916015625,0.07751105725765228,0.1183350533246994,-0.07107652723789215
1781099394060714000,157.5007138671875,0.10177043825387955,0.003091969294473529,0.12750272452831268
1781099394085790200,157.52579028320312,0.2039126455783844,0.11406224220991135,0.056050773710012436
1781099394110866200,157.5508662109375,0.16712425649166107,0.25218361616134644,-0.06216667965054512
1781099394135941000,157.5759411621094,0.10072663426399231,-0.004241017624735832,-0.19781099259853363
1781099394161016800,157.60101684570313,0.0899280533194542,-0.06432639062404633,-0.0571201927959919
1781099394186091800,157.626091796875,0.19130012392997742,0.24726733565330505,-0.001153948251157999
1781099394211168000,157.65116796875,0.23643143475055695,0.306350439786911,-0.06882964819669724
1781099394236244000,157.67624389648438,0.17128539085388184,0.002071988768875599,-0.2016332894563675
1781099394261319000,157.70131884765624,0.1767074316740036,-0.06466346234083176,-0.21747635304927826
1781099394286395100,157.72639501953125,0.22295454144477844,-0.03164973855018616,-0.13344451785087585
1781099394311470000,157.7514699707031,0.20780667662620544,-0.009547346271574497,0.00436917319893837
1781099394336546000,157.77654614257813,0.2256995290517807,0.06638874858617783,-0.04545867443084717
1781099394361622000,157.8016220703125,0.23390471935272217,0.06320200860500336,-0.23816928267478943
1781099394386697000,157.82669702148436,0.11937931180000305,-0.13393618166446686,-0.2318175584077835
1781099394411773000,157.85177294921874,0.09188563376665115,-0.14340238273143768,-0.13437862694263458
1781099394436847900,157.87684790039063,0.12446217983961105,0.005669551435858011,-0.0882878452539444
1781099394461924000,157.90192407226561,0.07684937119483948,-0.0587480254471302,-0.04752180725336075
1781099394487000000,157.927,0.06832609325647354,-0.07775245606899261,0.016964156180620193
1781099394512075000,157.95207495117188,0.11427381634712219,0.005221718456596136,-0.12029176205396652
1781099394537151000,157.97715087890626,-0.036291394382715225,-0.13696624338626862,-0.21790507435798645
1781099394562227000,158.00222705078124,-0.07681653648614883,-0.2589281499385834,-0.045731544494628906
1781099394587302000,158.02730200195313,0.06637001782655716,-0.06277672946453094,0.005018850788474083
1781099394612377900,158.0523779296875,0.0793539434671402,0.008393579162657261,-0.05407915636897087
1781099394637453000,158.077453125,-0.004104213323444128,-0.18878497183322906,-0.18398526310920715
1781099394662529000,158.10252905273438,-0.025442635640501976,-0.2430533617734909,-0.24607166647911072
1781099394687605000,158.12760498046876,0.0032212906517088413,-0.2143046110868454,-0.2672993242740631
1781099394712680200,158.15268017578126,-0.04921511560678482,-0.15312239527702332,-0.17816074192523956
1781099394737756000,158.177755859375,0.002076438395306468,-0.008579847402870655,-0.023735128343105316
1781099394762830800,158.20283081054689,0.043675925582647324,-0.08807885646820068,-0.11770810186862946
1781099394787906800,158.22790673828126,-0.035836659371852875,-0.2805510461330414,-0.18686790764331818
1781099394812983000,158.25298315429689,-0.016059625893831253,-0.27817583084106445,-0.1620175689458847
1781099394838058000,158.27805810546874,0.018476326018571854,-0.37170735001564026,-0.10457869619131088
1781099394863134000,158.30313403320312,0.03330698236823082,-0.31728073954582214,-0.11458683013916016
1781099394888210200,158.32821020507814,0.06554167717695236,-0.12705959379673004,-0.18181374669075012
1781099394913285000,158.35328515625,0.003525037784129381,-0.2683260440826416,-0.24387380480766296
1781099394938360800,158.37836083984374,-0.013941649347543716,-0.3271012604236603,-0.260770320892334
1781099394963435800,158.40343579101562,-0.011059491895139217,-0.16114534437656403,-0.1982429027557373
1781099394988512000,158.42851196289064,0.03885506093502045,-0.1367814689874649,-0.007542973849922419
1781099395013588000,158.453587890625,0.08264965564012527,-0.25087684392929077,-0.1620905101299286
1781099395038663000,158.47866284179688,0.007655925117433071,-0.23558653891086578,-0.22263498604297638
1781099395063739100,158.5037392578125,-0.08017139881849289,-0.44204846024513245,-0.22846469283103943
1781099395088814000,158.52881396484375,-0.09252562373876572,-0.35987231135368347,-0.07975941896438599
1781099395113890600,158.553890625,-0.13471446931362152,-0.046494510024785995,0.015476427972316742
1781099395138966500,158.57896655273439,-0.14384643733501434,0.002287410432472825,0.18295623362064362
1781099395164041500,158.60404150390625,-0.0423198901116848,-0.07642378658056259,0.09984878450632095
1781099395189117700,158.62911767578126,-0.12035678327083588,-0.20081260800361633,-0.0696142166852951
1781099395214192600,158.65419262695312,-0.21186362206935883,-0.44769394397735596,-0.10939015448093414
1781099395239268600,158.6792685546875,-0.12256281077861786,-0.2732141613960266,0.02175869047641754
1781099395264344600,158.70434448242187,-0.08167638629674911,-0.0451773926615715,0.062545545399189
1781099395289419800,158.72941967773437,-0.12424978613853455,0.06231673061847687,0.054446253925561905
1781099395314495500,158.75449560546875,-0.07322796434164047,0.033386170864105225,0.02187996916472912
1781099395339571500,158.77957153320312,-0.11675713211297989,-0.14679493010044098,-0.10540905594825745
1781099395364646700,158.80464672851562,-0.1844501793384552,-0.2278020679950714,-0.17380893230438232
1781099395389722600,158.82972265625,-0.09348179399967194,-0.03337731212377548,-0.029097173362970352
1781099395414797600,158.8547976074219,-0.044222768396139145,0.012770796194672585,0.013742329552769661
1781099395439873800,158.87987377929687,-0.08466967940330505,0.07681777328252792,-0.06729353964328766
1781099395464949500,158.9049494628906,-0.08688388764858246,0.03428734838962555,0.015907270833849907
1781099395490024400,158.9300244140625,-0.05985570698976517,-0.15507633984088898,0.056055206805467606
1781099395515100400,158.95510034179688,-0.043589022010564804,0.03193991631269455,-0.12300388514995575
1781099395540175600,158.98017553710937,-0.10692410171031952,-0.10542699694633484,-0.18284013867378235
1781099395565251600,159.00525146484375,-0.09098881483078003,-0.20386862754821777,0.15077830851078033
1781099395590327600,159.03032763671874,0.03207838162779808,0.10963735729455948,0.18463152647018433
1781099395615402800,159.05540283203126,-0.045504845678806305,0.16965198516845703,0.0729164108633995
1781099395640478700,159.0804787597656,-0.13224105536937714,-0.12618806958198547,-0.053259920328855515
1781099395665554400,159.10555444335938,-0.11567842215299606,-0.24420781433582306,0.0358741395175457
1781099395690629400,159.13062939453124,-0.12428973615169525,-0.19643516838550568,0.1716625839471817
1781099395715705600,159.15570556640625,-0.06427288055419922,0.11252645403146744,0.1702914834022522
1781099395740780500,159.1807805175781,-0.0420096255838871,0.19024978578090668,0.07102138549089432
1781099395765856500,159.2058564453125,-0.1253795325756073,-0.09506703913211823,-0.15575258433818817
1781099395790932700,159.2309326171875,-0.13421288132667542,-0.15116001665592194,-0.09806337207555771
1781099395816007700,159.25600756835937,-0.06030063331127167,-0.018256206065416336,0.19269442558288574
1781099395841083600,159.28108374023438,-0.0008815384935587645,0.1547977179288864,0.07942157238721848
1781099395866158600,159.30615869140624,-0.05706712231040001,0.18607880175113678,-0.08224619925022125
1781099395891234600,159.33123461914062,-0.07700957357883453,-0.2206110805273056,-0.006729520857334137
1781099395916310500,159.356310546875,-0.05552921071648598,-0.21549533307552338,0.13464051485061646
1781099395941385500,159.38138549804688,-0.04885359853506088,0.13849954307079315,0.17876340448856354
1781099395966461700,159.40646166992187,-0.022033799439668655,0.09585816413164139,0.004241582937538624
1781099395991536600,159.43153662109376,-0.11039161682128906,0.016647566109895706,-0.07414564490318298
1781099396016612600,159.45661254882813,-0.12225093692541122,-0.10731256753206253,0.044063761830329895
1781099396041688600,159.4816884765625,-0.03275195136666298,0.10307913273572922,0.1749267578125
1781099396066763500,159.50676342773437,0.03468739241361618,0.2085741013288498,0.14029879868030548
1781099396091839500,159.53183959960938,0.0008561904542148113,-0.0721220076084137,-0.045223381370306015
1781099396116914400,159.55691455078124,-0.0033607063814997673,-0.06478127837181091,-0.007273402996361256
1781099396141990400,159.58199047851562,0.005289418622851372,-0.1092248484492302,0.12433597445487976
1781099396167066600,159.60706665039064,-0.0017945986473932862,0.08814675360918045,0.10365255177021027
1781099396192141600,159.6321416015625,-0.006827482022345066,0.15037210285663605,0.032201725989580154
1781099396217217500,159.65721752929687,-0.06152750924229622,-0.055025212466716766,-0.03687861189246178
1781099396242293200,159.6822932128906,-0.10052790492773056,0.040784046053886414,-0.021830912679433823
1781099396267368400,159.70736840820314,-0.08167998492717743,0.07876856625080109,0.1742544025182724
1781099396292444400,159.7324443359375,0.014806410297751427,0.11101746559143066,0.18040715157985687
1781099396317519400,159.75751928710937,-0.005781565327197313,0.2048620730638504,0.07646674662828445
1781099396342595600,159.782595703125,-0.10717173665761948,-0.031192511320114136,0.006682470440864563
1781099396367671600,159.80767163085937,-0.07352838665246964,-0.0012703151442110538,0.09738534688949585
1781099396392746500,159.83274658203126,-0.04366949573159218,0.12400858849287033,0.12772013247013092
1781099396417822500,159.8578225097656,-0.13878989219665527,0.08309756964445114,0.04541142284870148
1781099396442897700,159.88289770507814,-0.0709189921617508,0.21222655475139618,0.21851232647895813
1781099396467973400,159.90797338867188,0.0033582139294594526,0.09431733191013336,0.10635198652744293
1781099396493049300,159.93304931640625,-0.027883170172572136,0.19637800753116608,-0.00006640749052166939
1781099396518124300,159.9581242675781,-0.09292469918727875,0.061660684645175934,-0.0073498208075761795
1781099396543200500,159.98320043945313,-0.0400010421872139,0.05018026381731033,0.20410172641277313
1781099396568275500,160.008275390625,0.012784005142748356,0.28218281269073486,0.2627805769443512
1781099396593351400,160.03335131835937,0.010085536167025566,0.19210414588451385,0.12845325469970703
1781099396618427400,160.05842749023438,-0.029408413916826248,0.140297532081604,0.03506440669298172
1781099396643502600,160.08350268554688,-0.08656501770019531,-0.06021454557776451,0.022265121340751648
1781099396668578300,160.10857836914062,-0.12152720242738724,0.10672018676996231,0.23425306379795074
1781099396693654500,160.13365454101563,0.056436166167259216,0.39193859696388245,0.12544725835323334
1781099396718729500,160.1587294921875,0.08312772214412689,0.3041848838329315,0.005129621364176273
1781099396743805400,160.18380541992187,-0.1304236650466919,0.0970226600766182,-0.09724355489015579
1781099396768880400,160.20888037109376,0.023474641144275665,0.07380260527133942,0.22506800293922424
1781099396793956600,160.23395654296874,0.17217597365379333,0.21472907066345215,-0.03842111676931381
1781099396819032300,160.2590322265625,-0.02073235809803009,0.1891213208436966,-0.006709415931254625
1781099396844107300,160.28410717773437,0.007427189964801073,0.030563952401280403,-0.023768197745084763
1781099396869183500,160.30918359375,0.04488908126950264,0.02134888246655464,0.19870562851428986
1781099396894258400,160.33425854492188,-0.0064002033323049545,0.09962014108896255,0.19658303260803223
1781099396919334400,160.35933447265626,-0.014056303538382053,0.30679985880851746,0.19980356097221375
1781099396944410600,160.38441064453124,-0.04986470565199852,0.11396954208612442,0.17285312712192535
1781099396969485600,160.40948559570313,0.019342152401804924,0.1271778643131256,0.09741304814815521
1781099396994561500,160.4345615234375,0.025784390047192574,0.0011951818596571684,0.009884065948426723
1781099397019636500,160.45963647460937,0.03664674982428551,-0.042734574526548386,0.08150830119848251
1781099397044712400,160.48471240234375,0.0724262073636055,0.11673622578382492,0.10759756714105606
1781099397069788400,160.50978833007812,0.04256567358970642,0.1624864935874939,-0.0037450124509632587
1781099397094863400,160.53486328125,0.12282165139913559,0.10964018851518631,-0.23567920923233032
1781099397119939800,160.55993994140624,-0.018889369443058968,-0.014652527868747711,-0.1705847978591919
1781099397145014800,160.58501489257813,0.01705457828938961,0.1488075703382492,0.0785483717918396
1781099397170090800,160.6100908203125,0.09564803540706635,0.3457857072353363,0.09444250911474228
1781099397195166700,160.63516674804688,0.12067341804504395,0.32996442914009094,-0.19923235476016998
1781099397220241700,160.66024169921874,-0.0003589190309867263,0.07123564183712006,-0.18305380642414093
1781099397245317600,160.68531762695312,0.0070449551567435265,-0.10248728841543198,0.08742719143629074
1781099397270392600,160.710392578125,0.08063846081495285,0.19942651689052582,0.170083686709404
1781099397295468800,160.73546875,0.10175778716802597,0.15343572199344635,0.011219155043363571
1781099397320544800,160.76054467773437,-0.013246172107756138,0.08136069774627686,-0.018656112253665924
1781099397345619700,160.78561962890626,0.04998563230037689,-0.05082084238529205,0.17545709013938904
1781099397370695700,160.81069580078125,0.08505315333604813,-0.019565410912036896,0.033339448273181915
1781099397395771000,160.83577099609374,-0.019869698211550713,0.02184053137898445,-0.016822978854179382
1781099397420846600,160.8608466796875,0.04499877244234085,-0.01759067177772522,-0.09114518761634827
1781099397445922600,160.88592260742186,0.08646494895219803,0.1490037888288498,0.15710321068763733
1781099397470997800,160.91099780273439,0.1575523465871811,0.10234537720680237,-0.0013698730617761612
1781099397496073700,160.93607373046876,0.12836278975009918,0.08502447605133057,-0.1511441469192505
1781099397521149700,160.9611496582031,0.029909605160355568,-0.22318676114082336,-0.20502668619155884
1781099397546224600,160.986224609375,0.0013510240241885185,0.01582220010459423,0.010628466494381428
1781099397571300900,161.01130078125,0.07153500616550446,0.23239973187446594,0.20362496376037598
1781099397596375800,161.03637573242187,0.11674640327692032,0.3128337860107422,0.022313136607408524
1781099397621451500,161.06145141601561,0.06676030904054642,-0.07778262346982956,-0.254964679479599
1781099397646527700,161.08652783203124,0.015449829399585724,-0.19571532309055328,-0.2512393295764923
1781099397671602700,161.11160278320312,0.04794628545641899,-0.03927932679653168,-0.02119971252977848
1781099397696678700,161.1366787109375,0.15485787391662598,0.21739540994167328,-0.14349521696567535
1781099397721753600,161.16175366210936,0.09938707202672958,0.17102833092212677,-0.18863160908222198
1781099397746829800,161.18682983398438,0.1110185980796814,0.049159936606884,-0.0728854387998581
1781099397771905500,161.21190551757812,0.13674746453762054,-0.06798408180475235,0.05282759293913841
1781099397796980700,161.2369807128906,0.1396341323852539,0.059991396963596344,-0.02296433039009571
1781099397822056700,161.262056640625,0.004854177124798298,-0.14689131081104279,-0.07679003477096558
1781099397847131600,161.28713159179688,0.018308015540242195,-0.09586110711097717,0.10141175240278244
1781099397872207600,161.31220751953126,0.036852385848760605,-0.06667549163103104,0.171024352312088
1781099397897283800,161.33728393554688,0.0005776420584879816,0.038474250584840775,0.09167139232158661
1781099397922358800,161.36235888671874,-0.06905161589384079,-0.06252994388341904,0.02287568897008896
1781099397947434800,161.38743481445312,-0.06765695661306381,-0.10741496831178665,-0.11550777405500412
1781099397972509700,161.412509765625,-0.025409124791622162,-0.07735183835029602,-0.03747399523854256
1781099397997585700,161.43758569335938,0.029595917090773582,-0.07185126841068268,-0.05995041877031326
1781099398022661600,161.46266162109376,0.08858250826597214,0.04043688625097275,-0.01884402334690094
1781099398047736600,161.48773657226562,0.11736807972192764,0.11525972932577133,-0.1576511710882187
1781099398072812800,161.51281274414063,0.12041042000055313,0.14834997057914734,-0.051216933876276016
1781099398097887700,161.5378876953125,0.12471552938222885,0.010514418594539165,-0.07302810251712799
1781099398122963500,161.56296337890626,0.06963825225830078,-0.05586529150605202,-0.04219420254230499
1781099398148039400,161.58803930664064,0.11951573938131332,-0.05482007563114166,-0.131578728556633
1781099398173114600,161.61311450195313,0.057604286819696426,-0.10246095061302185,0.04605262726545334
1781099398198190300,161.6381904296875,0.11195263266563416,0.14303554594516754,0.1304270476102829
1781099398223265500,161.663265625,0.08355790376663208,-0.02939782291650772,0.10434551537036896
1781099398248341500,161.68834155273439,0.10457627475261688,0.05794442817568779,-0.039647698402404785
1781099398273417500,161.71341748046876,0.07193176448345184,-0.23703055083751678,-0.1809110790491104
1781099398298492400,161.73849243164062,0.05034371092915535,-0.08506358414888382,-0.04539206624031067
1781099398323568400,161.763568359375,0.09416751563549042,-0.0912211611866951,0.02199164219200611
1781099398348643600,161.7886435546875,0.07900910824537277,0.11575779318809509,0.16412408649921417
1781099398373719600,161.81371948242187,0.12698984146118164,0.14351201057434082,0.048773087561130524
1781099398398795300,161.83879516601561,0.09115699678659439,0.047641973942518234,-0.03381440043449402
1781099398423870500,161.8638703613281,0.0634605884552002,-0.17086976766586304,-0.1399068683385849
1781099398448946400,161.88894653320312,-0.024920357391238213,-0.13810721039772034,-0.025664955377578735
1781099398474022400,161.9140224609375,0.027063652873039246,0.10060407221317291,-0.03142466023564339
1781099398499097300,161.93909741210936,0.08735537528991699,0.1556606888771057,-0.10123150795698166
1781099398524173600,161.96417358398438,0.05700908601284027,0.23776060342788696,-0.12696710228919983
1781099398549248500,161.98924853515626,0.032693780958652496,-0.03290177881717682,-0.02517804689705372
1781099398574324500,162.0143244628906,0.09238220751285553,0.004618153441697359,0.020617235451936722
1781099398599400400,162.039400390625,0.11892195791006088,0.06202176585793495,-0.14877654612064362
1781099398624475400,162.06447534179688,-0.02545654959976673,-0.2126152515411377,-0.27924293279647827
1781099398649551400,162.08955126953126,0.025804467499256134,-0.05342074856162071,-0.006880457513034344
1781099398674626300,162.11462622070312,0.09281109273433685,-0.108104407787323,0.10377994179725647
1781099398699702500,162.13970263671874,-0.02820601873099804,0.1391926109790802,-0.010924163274466991
1781099398724778500,162.16477856445312,-0.006718731485307217,-0.11168976128101349,-0.11766038089990616
1781099398749853400,162.189853515625,0.004284127615392208,-0.22593042254447937,0.06869462877511978
1781099398774929400,162.21492944335938,0.11232606321573257,-0.015610015019774437,0.12808538973331451
1781099398800004600,162.24000463867188,0.11540808528661728,-0.07098673284053802,0.04248466715216637
1781099398825080300,162.26508032226562,0.09071191400289536,0.05253635719418526,-0.15554414689540863
1781099398850156500,162.29015649414063,0.08961039036512375,-0.1133250892162323,-0.2234710305929184
1781099398875231500,162.3152314453125,-0.0030334920156747103,0.02132250927388668,-0.03193458169698715
1781099398900307500,162.34030737304687,0.03494926914572716,0.11432825028896332,-0.0430130809545517
1781099398925382400,162.36538232421876,-0.03732721880078316,0.05433645844459534,0.05684887245297432
1781099398950458600,162.39045874023438,-0.17858625948429108,0.09935031831264496,0.09776950627565384
1781099398975534300,162.41553442382812,-0.22592096030712128,-0.005432679783552885,0.07381761074066162
1781099399000609300,162.440609375,-0.3022071123123169,-0.2424371987581253,0.1620522290468216
1781099399025685500,162.465685546875,-0.30646902322769165,-0.09934455901384354,0.17569181323051453
1781099399050761500,162.49076147460937,-0.06855616718530655,0.1850927472114563,0.1379144787788391
1781099399075836400,162.51583642578126,0.1679506152868271,0.255506694316864,-0.00557533698156476
1781099399100912600,162.54091259765624,0.20361466705799103,0.030001109465956688,-0.23673389852046967
1781099399125987800,162.56598779296874,0.16081705689430237,0.010252924636006355,-0.2795988917350769
1781099399151063800,162.59106372070312,0.1572255790233612,0.0991586372256279,-0.1005161702632904
1781099399176139800,162.61613989257813,0.16556237637996674,0.14702187478542328,-0.022812826558947563
1781099399201214700,162.64121459960938,0.1423453390598297,0.13029754161834717,-0.03478597104549408
1781099399226290700,162.66629077148437,0.1703641712665558,-0.04821315035223961,-0.12524102628231049
1781099399251365600,162.69136572265626,0.18502773344516754,-0.12511970102787018,-0.16385190188884735
1781099399276441900,162.71644189453124,0.18057319521903992,-0.023101065307855606,-0.10770219564437866
1781099399301517800,162.74151782226562,0.15219055116176605,-0.01359455194324255,0.007308504078537226
1781099399326592800,162.7665927734375,0.13117483258247375,0.14125493168830872,0.05373496189713478
1781099399351668700,162.7916687011719,0.17721322178840637,0.1952064484357834,-0.08592408895492554
1781099399376743700,162.81674365234375,0.13750708103179932,0.056866951286792755,-0.22609317302703857
1781099399401819600,162.84181958007812,0.06534440815448761,-0.04958612844347954,-0.18716926872730255
1781099399426896000,162.86689575195314,0.04645391181111336,-0.055688053369522095,0.016277678310871124
1781099399451970800,162.891970703125,0.00845696683973074,0.07698537409305573,0.08334702253341675
1781099399477046800,162.917046875,-0.008986209519207478,0.10944121330976486,0.019533097743988037
1781099399502121700,162.94212182617187,-0.02662687562406063,0.005401445087045431,0.001124652335420251
1781099399527198000,162.96719799804688,-0.031227003782987595,0.011951747350394726,0.06423457711935043
1781099399552273700,162.99227368164063,0.022313255816698074,0.0773371234536171,0.07283829152584076
1781099399577348600,163.0173486328125,0.01028464175760746,0.19649142026901245,-0.011740468442440033
1781099399602424800,163.0424248046875,0.03878996893763542,0.26971936225891113,-0.06648844480514526
1781099399627499800,163.0674997558594,0.0830087885260582,0.21528039872646332,-0.026848163455724716
1781099399652575700,163.09257568359374,0.03537649288773537,0.11220880597829819,-0.09649041295051575
1781099399677651700,163.1176516113281,0.02264329418540001,0.09770724922418594,-0.05383092164993286
1781099399702727000,163.14272680664064,0.014558123424649239,0.010936090722680092,0.10522601008415222
1781099399727803000,163.16780297851562,0.007993870414793491,0.11127030849456787,0.16468632221221924
1781099399752877800,163.1928779296875,0.04875132441520691,0.019610941410064697,0.01858890801668167
1781099399777953800,163.21795385742186,-0.011495092883706093,-0.1701805293560028,-0.02510911040008068
1781099399803029800,163.24302978515624,0.0017651896923780441,0.033621806651353836,0.018653923645615578
1781099399828104700,163.26810473632813,0.11026232689619064,0.1667856127023697,0.06811226904392242
1781099399853180700,163.2931806640625,0.13627049326896667,0.1647573560476303,-0.12989374995231628
1781099399878257000,163.3182568359375,0.19181619584560394,0.3467019498348236,-0.2934393584728241
1781099399903331800,163.34333178710938,0.2039979249238968,0.19432032108306885,-0.21131718158721924
1781099399928407600,163.36840747070312,0.177677184343338,0.17753899097442627,-0.049964942038059235
1781099399953482800,163.39348266601561,0.20567406713962555,0.11611171811819077,-0.06047686189413071
1781099399978558700,163.41855883789063,0.15753644704818726,-0.020706672221422195,-0.11932731419801712
1781099400003634700,163.443634765625,0.06819479912519455,0.0073893386870622635,-0.10008017718791962
1781099400028709600,163.46870971679687,0.06130553036928177,0.08634095638990402,0.0384569875895977
1781099400053785900,163.49378588867188,0.0404781699180603,-0.02189771831035614,0.12896385788917542
1781099400078860800,163.51886083984374,-0.011358553543686867,-0.07057196646928787,0.12276574224233627
1781099400103936800,163.54393676757812,-0.013048462569713593,0.02224564366042614,-0.01723833754658699
1781099400129012200,163.56901220703125,-0.006652685347944498,0.12693612277507782,0.0013030185364186764
1781099400154087400,163.59408740234375,0.016384035348892212,0.04981851577758789,-0.013554900884628296
1781099400179163100,163.6191630859375,0.0010372319957241416,0.06753053516149521,-0.06845228374004364
1781099400204238000,163.64423803710937,0.0898447185754776,0.17369583249092102,-0.13723048567771912
1781099400229314300,163.6693142089844,0.07340116053819656,0.10689634084701538,-0.12748181819915771
1781099400254390300,163.69439038085937,0.04902853071689606,0.18772286176681519,-0.10072016716003418
1781099400279465200,163.71946533203126,0.12137480825185776,0.20603571832180023,0.00199627666734159
1781099400304541200,163.7445412597656,0.08526492863893509,0.15068557858467102,-0.010456759482622147
1781099400329616400,163.76961645507814,0.08130965381860733,0.06708204001188278,-0.06523338705301285
1781099400354692000,163.79469213867188,0.12393111735582352,0.05834098160266876,-0.05206514894962311
1781099400379768000,163.81976806640625,0.10095469653606415,0.022570732980966568,0.009763861075043678
1781099400404843000,163.8448430175781,0.11412723362445831,-0.03232254087924957,-0.056714240461587906
1781099400429919200,163.86991918945313,0.09505845606327057,-0.08579915016889572,-0.049825165420770645
1781099400454995200,163.8949951171875,0.11600109934806824,0.0164998359978199,0.02253594622015953
1781099400480070100,163.92007006835937,0.148666113615036,0.04493287205696106,0.073511503636837
1781099400505146400,163.945146484375,0.16668358445167542,-0.009824298322200775,-0.05276055634021759
1781099400530221300,163.97022119140624,0.13804952800273895,-0.04314034804701805,-0.18573756515979767
1781099400555297000,163.99529711914062,0.07938839495182037,0.03301781043410301,-0.21342717111110687
1781099400580373200,164.02037329101563,0.07245717942714691,-0.023805130273103714,-0.030554883182048798
1781099400605448200,164.0454482421875,0.11475419998168945,0.150559201836586,0.0443839393556118
1781099400630524200,164.07052416992187,0.1405755877494812,0.20579475164413452,-0.09917857497930527
1781099400655599000,164.09559912109376,0.11386961489915848,0.08559643477201462,-0.18382668495178223
1781099400680675300,164.12067529296874,0.05631215125322342,-0.09114434570074081,-0.07513901591300964
1781099400705751300,164.14575122070312,0.07648877799510956,-0.004835259169340134,-0.03278813511133194
1781099400730826200,164.170826171875,0.12301327288150787,-0.060160715132951736,-0.1938066929578781
1781099400755902200,164.19590209960938,0.08962003141641617,-0.04721434414386749,-0.08072051405906677
1781099400780977200,164.22097705078124,0.06899907439947128,-0.01317772176116705,0.0628909021615982
1781099400806053000,164.24605322265626,0.11750617623329163,0.03635145351290703,-0.09376950562000275
1781099400831129300,164.27112939453124,0.10069100558757782,-0.03158281743526459,-0.14780475199222565
1781099400856204300,164.29620434570313,0.0413762666285038,-0.16911321878433228,-0.11228621751070023
1781099400881280300,164.3212802734375,0.10859560966491699,0.07333095371723175,-0.023224161937832832
1781099400906355200,164.34635522460937,0.17889800667762756,0.16002216935157776,-0.19732432067394257
1781099400931431200,164.37143115234375,0.17164143919944763,-0.05749526619911194,-0.0022626505233347416
1781099400956507100,164.39650708007812,0.05629424378275871,-0.010512329638004303,-0.1255897730588913
1781099400981582000,164.42158203125,0.18665732443332672,0.10306001454591751,-0.06636423617601395
1781099401006658300,164.446658203125,0.14878426492214203,-0.021741805598139763,-0.06822814792394638
1781099401031734300,164.471734375,0.05318083241581917,0.057841647416353226,-0.02484012022614479
1781099401056809200,164.49680932617187,0.12516309320926666,-0.03038116544485092,-0.1621498465538025
1781099401081885200,164.52188525390625,0.11782561242580414,-0.0013603579718619585,-0.059918493032455444
1781099401106960400,164.54696044921874,0.1254185289144516,0.13864922523498535,-0.1276073008775711
1781099401132036000,164.5720361328125,0.10848794132471085,0.14505985379219055,-0.2189532369375229
1781099401157112300,164.5971123046875,0.16558638215065002,0.16405680775642395,-0.2181202471256256
1781099401182187300,164.6221872558594,0.1837942898273468,0.19189326465129852,-0.1541149616241455
1781099401207263200,164.64726318359374,0.23235785961151123,0.0788336843252182,-0.11979642510414124
1781099401232338200,164.67233813476562,0.2636061906814575,-0.06532174348831177,-0.134847953915596
1781099401257414400,164.69741430664064,0.23728923499584198,-0.12737460434436798,-0.15890707075595856
1781099401282490400,164.72249047851562,0.23122380673885345,-0.035465240478515625,-0.13401485979557037
1781099401307565300,164.7475654296875,0.24515022337436676,-0.06487549096345901,-0.0008704066276550293
1781099401332641300,164.77264135742186,0.12290841341018677,-0.005275996867567301,0.036609746515750885
1781099401357716200,164.79771630859375,0.06687378883361816,0.17220140993595123,-0.023232892155647278
1781099401382792200,164.82279223632813,0.07154418528079987,0.13314419984817505,-0.14036639034748077
1781099401407868200,164.8478681640625,-0.06944909691810608,-0.06517644971609116,0.020842215046286583
1781099401432943400,164.872943359375,-0.11971171945333481,-0.06688755750656128,0.14903004467487335
1781099401458019300,164.89801928710938,0.03897187113761902,0.06300672143697739,0.028001300990581512
1781099401483094300,164.92309423828124,0.04829350858926773,0.06467795372009277,-0.07575942575931549
1781099401508170200,164.94817016601561,-0.125580832362175,-0.08144839853048325,0.012134447693824768
1781099401533246200,164.97324609375,-0.21819381415843964,-0.1346222311258316,0.05612598732113838
1781099401558321200,164.99832104492188,-0.09047646075487137,-0.07416931539773941,-0.07563353329896927
1781099401583397000,165.02339721679687,-0.009442941285669804,-0.07912390679121017,-0.1768164336681366
1781099401608472300,165.04847241210936,-0.13923512399196625,-0.0075178081169724464,-0.10986198484897614
1781099401633548300,165.07354833984374,0.01187810953706503,0.034322235733270645,-0.05522416532039642
1781099401658624300,165.09862426757812,0.12181569635868073,-0.02014715038239956,-0.2527325749397278
1781099401683699500,165.1236994628906,0.015183186158537865,-0.10552423447370529,-0.31068435311317444
1781099401708775200,165.14877514648438,0.0324101597070694,-0.17221564054489136,-0.3127698004245758
1781099401733851100,165.17385107421876,0.0833481177687645,-0.01988343521952629,-0.1349298059940338
1781099401758926000,165.19892602539062,0.14832532405853271,0.04864063858985901,0.01598038338124752
1781099401784002300,165.22400219726563,0.11536435037851334,-0.18697360157966614,0.03973676264286041
1781099401809077200,165.2490771484375,0.10064326971769333,-0.20700734853744507,-0.015662534162402153
1781099401834153200,165.2741533203125,0.11398644000291824,-0.27807867527008057,-0.1705099642276764
1781099401859229400,165.2992294921875,-0.04931015521287918,-0.3134976029396057,-0.041060131043195724
1781099401884304400,165.32430444335938,-0.048654984682798386,-0.34767308831214905,0.1153382956981659
1781099401909380000,165.34938012695312,-0.0030173081904649734,-0.17660395801067352,0.10682643949985504
1781099401934455000,165.374455078125,-0.044139329344034195,-0.09879361093044281,-0.005330922082066536
1781099401959531300,165.39953125,-0.05154099315404892,-0.168356791138649,-0.003597093280404806
1781099401984607200,165.42460717773437,-0.033750832080841064,-0.23038259148597717,0.04490862041711807
1781099402009682200,165.44968212890626,0.011735006235539913,-0.16419336199760437,0.016879238188266754
1781099402034758400,165.47475830078125,0.01908114179968834,-0.12695343792438507,-0.1458587646484375
1781099402059833300,165.49983325195313,-0.06450363248586655,-0.11896923929452896,-0.12913846969604492
1781099402084909300,165.52490942382812,-0.09496304392814636,-0.09659169614315033,-0.04197701811790466
1781099402109985300,165.5499853515625,-0.10687942057847977,-0.06082445755600929,0.032598622143268585
1781099402135060500,165.575060546875,-0.12199877202510834,-0.0022783316671848297,-0.03594055399298668
1781099402160136400,165.60013647460937,-0.1615922749042511,0.04276677966117859,-0.01509118266403675
1781099402185211400,165.62521142578126,-0.14140456914901733,0.016715683043003082,0.018918821588158607
1781099402210287600,165.65028759765624,-0.10699201375246048,-0.042287182062864304,-0.037589460611343384
1781099402235363600,165.67536352539062,-0.05025577172636986,-0.1481654793024063,-0.0443943627178669
1781099402260438500,165.7004384765625,-0.015642933547496796,-0.19389940798282623,0.10824578255414963
1781099402285514200,165.72551416015625,-0.051237840205430984,-0.13725556433200836,0.19078420102596283
1781099402310589400,165.75058935546875,0.022961826995015144,-0.12825560569763184,0.19573312997817993
1781099402335665400,165.77566552734376,0.028532156720757484,-0.28276708722114563,0.07010017335414886
1781099402360741400,165.80074145507814,-0.04496045783162117,-0.2316894829273224,-0.03334343433380127
1781099402385816600,165.82581665039064,-0.040962886065244675,-0.2036082148551941,0.0010259165428578854
1781099402410892500,165.850892578125,-0.008219137787818909,-0.13685452938079834,0.08444880694150925
1781099402435967500,165.87596752929687,-0.0018358472734689713,-0.04116140305995941,-0.01055069174617529
1781099402461043500,165.90104345703125,-0.013140926137566566,0.020449066534638405,-0.08005784451961517
1781099402486119400,165.92611938476563,-0.020830538123846054,0.07378286123275757,0.015471072867512703
1781099402511194400,165.9511943359375,-0.041318491101264954,0.044329963624477386,0.01638958975672722
1781099402536270300,165.97627026367186,-0.061054762452840805,0.032894570380449295,-0.14293913543224335
1781099402561345500,166.0013454589844,-0.05692698061466217,-0.017120204865932465,-0.14578643441200256
1781099402586421500,166.02642138671874,-0.07042456418275833,0.037075720727443695,-0.02437637373805046
1781099402611497500,166.05149755859375,-0.056146979331970215,0.10330692678689957,-0.0028341650031507015
1781099402636572400,166.0765725097656,-0.0337228998541832,0.012291538529098034,0.009280288591980934
1781099402661648400,166.1016484375,-0.04658561199903488,-0.005360049195587635,0.091401606798172
1781099402686724400,166.12672436523437,-0.03263135999441147,0.01883001998066902,0.0825301855802536
1781099402711799300,166.15179931640625,-0.03982435539364815,-0.06942348927259445,0.08071358501911163
1781099402736875500,166.17687548828124,-0.0023057314101606607,-0.07250389456748962,0.1527281105518341
1781099402761950500,166.20195043945313,-0.011899201199412346,0.013893183320760727,0.13714417815208435
1781099402787026400,166.2270263671875,-0.02816963382065296,0.07472413033246994,0.08162294328212738
1781099402812102700,166.2521025390625,0.008387783542275429,0.07097805291414261,0.04321105033159256
1781099402837177600,166.27717749023438,-0.06186651065945625,0.05442739278078079,0.05151471495628357
1781099402862253300,166.30225341796876,-0.03134974464774132,0.12742698192596436,0.09685806930065155
1781099402887328500,166.32732861328125,-0.06831266731023788,0.1741330474615097,0.02798997424542904
1781099402912404500,166.35240454101563,-0.07708054035902023,0.17316430807113647,0.024286068975925446
1781099402937480400,166.37748046875,-0.09319080412387848,0.10639885812997818,0.050332050770521164
1781099402962555400,166.40255541992187,-0.13973914086818695,0.0816284567117691,0.10262589156627655
1781099402987631600,166.42763159179688,-0.1212950125336647,0.06737160682678223,0.11992167681455612
1781099403012706600,166.45270654296874,-0.1441539078950882,0.03187454119324684,0.14628994464874268
1781099403037782500,166.47778247070312,-0.16232526302337646,0.07628660649061203,0.14038912951946259
1781099403062858200,166.5028581542969,-0.1283566802740097,0.0384388193488121,0.06142153963446617
1781099403087933400,166.52793334960938,-0.0646616667509079,0.011517586186528206,0.0846296101808548
1781099403113010000,166.55301000976561,0.011423948220908642,0.051855046302080154,0.06313701719045639
1781099403138084900,166.5780849609375,0.07417021691799164,0.1983737200498581,-0.06475378572940826
1781099403163160800,166.60316088867188,0.1290343850851059,0.15415847301483154,-0.09268835932016373
1781099403188237000,166.62823706054687,0.17871534824371338,0.13669069111347198,-0.013386368751525879
1781099403213312000,166.65331201171875,0.15554606914520264,0.08589301258325577,0.027255000546574593
1781099403238387700,166.6783876953125,0.14193326234817505,0.05148976296186447,-0.019957320764660835
1781099403263462700,166.70346264648438,0.10283596813678741,-0.09288223087787628,-0.11269815266132355
1781099403288539000,166.72853881835937,0.04681691899895668,-0.12098000198602676,-0.09426184743642807
1781099403313614800,166.75361474609375,0.03860881179571152,-0.08191332221031189,-0.04710760712623596
1781099403338689800,166.77868969726563,-0.028792373836040497,-0.03242374211549759,0.02768293023109436
1781099403363765800,166.80376586914062,-0.004130478482693434,0.019763724878430367,0.04110497608780861
1781099403388841000,166.82884106445312,-0.006062335800379515,0.09977466613054276,-0.00598343787714839
1781099403413917000,166.8539169921875,-0.0016164608532562852,0.05868111923336983,-0.13059784471988678
1781099403438992600,166.87899267578126,0.027174681425094604,-0.10560488700866699,-0.20989851653575897
1781099403464067800,166.90406787109376,0.004259035922586918,-0.08392179757356644,-0.05610840395092964
1781099403489143800,166.92914379882814,0.05860557779669762,0.044527892023324966,0.08836061507463455
1781099403514218800,166.95421875,0.06620989739894867,0.043950002640485764,0.0686856061220169
1781099403539294700,166.97929467773437,0.05496697127819061,-0.054307468235492706,-0.10351823270320892
1781099403564371000,167.0043708496094,0.01391791831701994,-0.11913858354091644,-0.10552612692117691
1781099403589446000,167.02944580078125,-0.024266188964247704,-0.023906303569674492,0.054865170270204544
1781099403614521900,167.05452197265626,0.04453475773334503,0.022379109635949135,0.11573871970176697
1781099403639597000,167.07959716796876,0.07221807539463043,0.08890607208013535,0.07425010949373245
1781099403664672800,167.1046728515625,0.024364590644836426,0.044451963156461716,-0.025797009468078613
1781099403689748700,167.12974877929688,0.0380534902215004,-0.002910657785832882,-0.003817460499703884
1781099403714823700,167.15482373046876,0.021955132484436035,-0.1151815876364708,-0.049346424639225006
1781099403739900000,167.17989990234375,0.02760399505496025,-0.08990228921175003,-0.04027380794286728
1781099403764974800,167.20497485351564,0.04381044581532478,-0.09968380630016327,0.057460278272628784
1781099403790050800,167.23005078125,-0.015358260832726955,-0.01520356722176075,0.12481731921434402
1781099403815126800,167.25512670898436,-0.010823391377925873,0.024243013933300972,0.0520256906747818
1781099403840201700,167.28020166015625,-0.018791241571307182,0.00009966850484488532,-0.05348816141486168
1781099403865277700,167.30527758789063,-0.057186905294656754,0.20078203082084656,-0.07722017168998718
1781099403890352600,167.3303525390625,-0.01959112100303173,0.1439177691936493,-0.08640206605195999
1781099403915428900,167.35542895507814,0.028332481160759926,0.09056103974580765,-0.1093803122639656
1781099403940504800,167.3805048828125,0.005132960621267557,0.018936635926365852,-0.04246428981423378
1781099403965579800,167.40557983398438,0.019069723784923553,0.06772510707378387,0.14371216297149658
1781099403990656000,167.43065600585936,-0.00578793790191412,-0.06487435102462769,0.11259202659130096
1781099404015731000,167.45573095703125,-0.06251291185617447,-0.12902019917964935,0.022960234433412552
1781099404040806700,167.480806640625,-0.01885937713086605,-0.11603988707065582,0.0708729550242424
1781099404065883000,167.5058828125,-0.05346113443374634,0.037855230271816254,0.1200457513332367
1781099404090957800,167.53095776367186,-0.033670708537101746,0.05335395410656929,0.0475616455078125
1781099404116033800,167.55603369140624,0.02232656441628933,-0.01739184744656086,0.04797103628516197
1781099404141110000,167.58111010742186,0.06910646706819534,0.020817602053284645,0.10195527225732803
1781099404166185000,167.60618505859375,0.1120779886841774,0.0658821314573288,0.025631289929151535
1781099404191261000,167.63126098632813,0.04554245248436928,0.029093531891703606,-0.05751383677124977
1781099404216336000,167.6563359375,0.02721511200070381,0.007945636287331581,0.01800648868083954
1781099404241411800,167.68141186523437,0.02570066601037979,-0.00729525787755847,0.05752841755747795
1781099404266487800,167.70648779296874,-0.019185736775398254,0.07027710974216461,-0.0772404596209526
1781099404291562800,167.73156274414063,0.002094015246257186,-0.033396247774362564,-0.08157259225845337
1781099404316639000,167.75663891601562,0.017085807397961617,0.06963708251714706,0.025601809844374657
1781099404341714000,167.7817138671875,0.013923633843660355,0.21479985117912292,-0.024396277964115143
1781099404366790000,167.80678979492188,0.04136648401618004,0.018910987302660942,-0.24316155910491943
1781099404391864800,167.83186474609374,0.07632503658533096,-0.0230148546397686,-0.28892236948013306
1781099404416940800,167.85694091796876,0.0391324907541275,0.10612732917070389,-0.009516216814517975
1781099404442016800,167.88201684570313,0.09115063399076462,0.3023434281349182,0.2333509474992752
1781099404467091700,167.907091796875,0.11540625244379044,0.2712649405002594,0.07286257296800613
1781099404492168000,167.93216796875,0.03820279613137245,0.11609651148319244,0.003958363085985184
1781099404517243000,167.95724291992187,0.07204704731702805,-0.07303393632173538,0.08521805703639984
1781099404542318800,167.98231884765624,0.0840403288602829,-0.04491281136870384,0.18177680671215057
1781099404567395000,168.00739501953126,-0.03802226111292839,-0.07128766924142838,0.05631466209888458
1781099404592470000,168.03246997070312,-0.06236549839377403,-0.24366135895252228,0.056634146720170975
1781099404617545700,168.0575456542969,-0.01631258614361286,-0.21772027015686035,0.2586889863014221
1781099404642621000,168.08262084960938,0.0006802553543820977,-0.010435456410050392,0.2594975233078003
1781099404667697000,168.10769677734376,0.015583961270749569,0.19148875772953033,-0.029048698022961617
1781099404692772900,168.13277294921875,-0.006522642448544502,0.09642805904150009,-0.22365383803844452
1781099404717847800,168.15784790039064,0.08157280087471008,-0.23174136877059937,-0.20871596038341522
1781099404742924000,168.18292407226562,0.11112935841083527,0.043553851544857025,-0.012236189097166061
1781099404768000000,168.208,0.1528438776731491,0.23201942443847656,-0.11153791099786758
1781099404793075000,168.2330749511719,0.12992417812347412,0.2207343429327011,-0.21268877387046814
1781099404818150700,168.25815063476563,0.07761627435684204,0.12771378457546234,-0.19606232643127441
1781099404843225900,168.28322583007812,0.036144156008958817,-0.012427013367414474,-0.00226549431681633
1781099404868301800,168.3083017578125,0.05738037824630737,0.09170753508806229,0.09113041311502457
1781099404893376800,168.3333767089844,0.02799534611403942,0.11103487014770508,-0.03048039972782135
1781099404918453000,168.35845288085937,0.023816246539354324,-0.022216277197003365,-0.18192243576049805
1781099404943529000,168.3835290527344,-0.020237140357494354,-0.022705653682351112,-0.09765300899744034
1781099404968604000,168.40860400390625,0.019801203161478043,-0.00814394187182188,0.07154946029186249
1781099404993680000,168.43367993164063,0.034520216286182404,0.06859274208545685,0.03189148008823395
1781099405018755000,168.45875512695312,0.03259594738483429,-0.019943829625844955,-0.021665651351213455
1781099405043830800,168.48383081054686,0.029879441484808922,-0.019625790417194366,0.018210353329777718
1781099405068906800,168.50890673828124,0.038637131452560425,0.059977345168590546,0.014047975651919842
1781099405093982000,168.53398193359374,0.08653794974088669,0.0820094645023346,0.034009065479040146
1781099405119057700,168.5590576171875,0.05402866005897522,-0.042536504566669464,0.06710299849510193
1781099405144132600,168.58413256835937,0.15931211411952972,-0.02825162000954151,-0.03268760070204735
1781099405169208600,168.60920849609374,0.08962570875883102,-0.05233529210090637,0.010340247303247452
1781099405194284800,168.63428491210936,0.06045680120587349,-0.04925205558538437,0.048624176532030106
1781099405219359700,168.65935986328125,0.027499066665768623,0.26201286911964417,0.025228239595890045
1781099405244435500,168.684435546875,0.036154668778181076,0.05482354387640953,-0.15662460029125214
1781099405269510400,168.70951049804688,0.06796785444021225,-0.12884263694286346,-0.0035312846302986145
1781099405294586600,168.73458666992187,0.08013041317462921,-0.10082539916038513,0.023709258064627647
1781099405319662600,168.75966259765624,0.0756780132651329,0.05774811655282974,-0.017257995903491974
1781099405344737500,168.78473754882813,0.12138340622186661,0.02262234501540661,-0.11523735523223877
1781099405369813800,168.80981372070312,0.030469350516796112,0.19923292100429535,-0.1795344352722168
1781099405394888700,168.834888671875,0.07882468402385712,0.060463327914476395,-0.13012687861919403
1781099405419964700,168.85996459960938,0.07262969017028809,-0.0638495609164238,0.10472565144300461
1781099405445040600,168.88504052734376,0.06609361618757248,0.177509143948555,-0.09413725882768631
1781099405470115600,168.91011547851562,0.03794373199343681,0.0196522306650877,-0.20639780163764954
1781099405495191600,168.93519165039064,0.05738788843154907,-0.017630133777856827,-0.02613196335732937
1781099405520266500,168.9602666015625,0.02683180384337902,0.05169226974248886,0.020282864570617676
1781099405545342700,168.9853427734375,0.07839827239513397,0.0726032480597496,-0.12189772725105286
1781099405570418700,169.0104187011719,0.08861003071069717,-0.08864694833755493,-0.17382553219795227
1781099405595493600,169.03549365234375,0.03226849064230919,-0.09457217901945114,-0.10305280238389969
1781099405620569600,169.06056958007812,0.05288320779800415,-0.0404546819627285,0.03879170119762421
1781099405645644500,169.08564453125,0.1150699034333229,0.08013508468866348,0.09182167053222656
1781099405670720500,169.1107204589844,0.12059714645147324,0.030637018382549286,-0.00678233802318573
1781099405695796700,169.13579663085937,0.14402839541435242,-0.08281667530536652,-0.0546681247651577
1781099405720871700,169.16087158203126,0.11947277933359146,-0.13506941497325897,-0.07015568017959595
1781099405745947600,169.18594775390625,0.03051382675766945,-0.07377437502145767,-0.032086923718452454
1781099405771022600,169.21102270507814,0.07692177593708038,0.0034729675389826298,0.03947298228740692
1781099405796098800,169.23609887695312,0.11140371859073639,0.04864529147744179,0.09873779863119125
1781099405821174500,169.26117456054686,0.09059903025627136,-0.058671556413173676,-0.046412572264671326
1781099405846249500,169.28624951171875,0.06441278010606766,-0.14846530556678772,-0.08924782276153564
1781099405871325700,169.31132568359374,0.04231821000576019,-0.09290923923254013,-0.024391548708081245
1781099405896400600,169.33640063476562,0.028682779520750046,0.030827514827251434,-0.04575224965810776
1781099405921476600,169.3614765625,0.047894228249788284,-0.006134037394076586,-0.05607711523771286
1781099405946552600,169.38655249023438,0.04826660081744194,-0.05829783156514168,-0.02669360488653183
1781099405971627800,169.41162768554688,0.009583746083080769,-0.031124956905841827,-0.02130194939672947
1781099405996703700,169.43670385742186,-0.024975838139653206,-0.06632455438375473,-0.03517274931073189
1781099406021778700,169.46177880859375,-0.0548352412879467,-0.044299785047769547,0.013320467434823513
1781099406046854700,169.48685473632813,-0.061858195811510086,0.010910616256296635,0.00020764069631695747
1781099406071930600,169.5119306640625,-0.07050476223230362,0.0577172227203846,-0.08303754776716232
1781099406097005600,169.53700561523436,-0.052887242287397385,-0.010905090719461441,-0.10461455583572388
1781099406122080800,169.5620808105469,-0.07911152392625809,-0.06691797077655792,-0.022413000464439392
1781099406147155700,169.58715576171875,-0.010789484716951847,0.04850568249821663,0.02558107115328312
1781099406172232000,169.61223193359376,0.04847871512174606,0.06091552600264549,-0.033243533223867416
1781099406197308000,169.6373078613281,0.021587394177913666,-0.03696630895137787,-0.10960761457681656
1781099406222382800,169.6623828125,0.003914050292223692,-0.07176224142313004,-0.06377172470092773
1781099406247458800,169.68745874023438,0.015688462182879448,-0.011386682279407978,0.037953849881887436
1781099406272534800,169.71253466796875,0.013370353728532791,0.08601683378219604,0.02148989588022232
1781099406297609700,169.7376096191406,0.025260791182518005,0.029118455946445465,-0.06131558120250702
1781099406322686000,169.76268603515626,0.011458386667072773,0.030668843537569046,-0.03192628547549248
1781099406347761000,169.78776098632812,0.02569412998855114,-0.0986282154917717,-0.028373591601848602
1781099406372836900,169.8128369140625,0.024664083495736122,-0.023943789303302765,-0.019876720383763313
1781099406397913000,169.8379130859375,0.03738456591963768,0.0059034135192632675,0.019519077613949776
1781099406422988000,169.86298803710937,0.04592132940888405,0.003559033153578639,0.013404726050794125
1781099406448063700,169.88806372070312,0.06877324730157852,-0.015264472924172878,-0.048641689121723175
1781099406473138700,169.913138671875,0.03211814537644386,-0.016730232164263725,-0.08712004870176315
1781099406498215000,169.93821484375,0.02463054656982422,-0.03617757931351662,-0.013062986545264721
1781099406523291000,169.96329077148437,0.09283658862113953,-0.02841666154563427,0.07778707146644592
1781099406548365800,169.98836572265625,0.11173499375581741,0.07060015201568604,0.007837682962417603
1781099406573442000,170.01344213867188,0.08378975093364716,-0.020408406853675842,-0.09572537988424301
1781099406598517000,170.03851708984374,0.05870501697063446,-0.09984216094017029,-0.058552056550979614
1781099406623593000,170.0635930175781,0.05632052198052406,-0.049966730177402496,-0.00687621533870697
1781099406648668700,170.08866870117188,0.07405004650354385,-0.023283647373318672,0.023516634479165077
1781099406673744000,170.11374389648438,0.05327126011252403,-0.05169921740889549,-0.004415443632751703
1781099406698819800,170.13881982421876,0.04460036754608154,-0.02593924105167389,0.012062463909387589
1781099406723894800,170.16389477539062,0.03692980110645294,-0.030748164281249046,0.007226536516100168
1781099406748971000,170.18897094726563,0.04385772719979286,-0.009870977140963078,-0.009469068609178066
1781099406774047000,170.214046875,0.03666611760854721,-0.07113450765609741,-0.00849546305835247
1781099406799122000,170.23912182617187,0.017646845430135727,-0.0619291290640831,-0.012743759900331497
1781099406824198000,170.26419799804688,0.018414944410324097,0.0003410072240512818,0.00841374509036541
1781099406849273000,170.28927319335938,-0.011631353758275509,-0.010161462239921093,0.026994656771421432
1781099406874348800,170.31434887695312,-0.04965020716190338,0.05791674554347992,0.02896611951291561
1781099406899424800,170.3394248046875,-0.06297151744365692,0.0011990778148174286,-0.002546228002756834
1781099406924500000,170.3645,-0.060816068202257156,-0.03611331433057785,0.026962053030729294
1781099406949576000,170.38957592773437,-0.04028986394405365,0.06451840698719025,0.06404058635234833
1781099406974651000,170.41465087890626,-0.015233904123306274,0.13297481834888458,0.03243114799261093
1781099406999726800,170.43972680664064,-0.03498915582895279,0.027327457442879677,0.001643515657633543
1781099407024802800,170.464802734375,-0.05185471475124359,0.016997618600726128,0.033514589071273804
1781099407049877800,170.48987768554687,-0.015868453308939934,0.09269534051418304,0.12094113230705261
1781099407074953700,170.51495361328125,0.003445241367444396,0.09379012137651443,0.10312262922525406
1781099407100029000,170.54002880859375,0.015249640680849552,0.013252333737909794,0.015472614206373692
1781099407125105400,170.56510546875,0.02588418684899807,-0.052505575120449066,-0.019870471209287643
1781099407150181600,170.590181640625,0.01968269981443882,-0.06191389635205269,0.011582250706851482
1781099407175256600,170.61525659179688,0.03284869343042374,-0.017527639865875244,0.03841184824705124
1781099407200332300,170.64033227539062,0.07016870379447937,0.010809599421918392,0.04165642336010933
1781099407225407500,170.66540747070312,0.0883699506521225,0.005846584681421518,0.023391030728816986
1781099407250483500,170.6904833984375,0.1187066063284874,-0.06427489966154099,-0.02559962496161461
1781099407275559400,170.71555932617187,0.1193467453122139,-0.10135073959827423,-0.12118189036846161
1781099407300634400,170.74063427734376,0.09364002197980881,-0.048836108297109604,-0.18262691795825958
1781099407325710600,170.76571069335938,0.07482507824897766,0.0015207752585411072,-0.08262944221496582
1781099407350785500,170.79078564453124,0.11122162640094757,0.09416364878416061,0.032665885984897614
1781099407375861500,170.81586157226562,0.09828578680753708,0.12160871177911758,-0.0293437372893095
1781099407400937500,170.8409375,0.054881658405065536,0.05201805755496025,-0.089525006711483
1781099407426012400,170.86601245117188,0.0051649571396410465,-0.07547125965356827,-0.03470435366034508
1781099407451088400,170.89108837890626,-0.0019044424407184124,-0.07846634835004807,-0.0008041956461966038
1781099407476163300,170.91616333007812,0.007988576777279377,-0.003524577710777521,-0.016047682613134384
1781099407501239600,170.94123950195313,-0.0029838215559720993,0.0372631773352623,-0.06311310827732086
1781099407526315500,170.9663154296875,0.04163593426346779,0.010590133257210255,-0.04063541069626808
1781099407551390500,170.99139038085937,0.09206489473581314,0.029197385534644127,0.0027614228893071413
1781099407576466700,171.016466796875,0.1280909925699234,0.06666333228349686,-0.05581936985254288
1781099407601541600,171.04154174804688,0.14350458979606628,0.036470670253038406,-0.10466069728136063
1781099407626617300,171.06661743164062,0.13868635892868042,0.064973846077919,-0.04329802468419075
1781099407651693300,171.091693359375,0.13758911192417145,0.02680039405822754,-0.05162656679749489
1781099407676768500,171.1167685546875,0.14517930150032043,0.002090410329401493,-0.08843579888343811
1781099407701844500,171.14184448242187,0.18148963153362274,0.022959738969802856,-0.04745454341173172
1781099407726919400,171.16691943359376,0.19360284507274628,0.12525692582130432,0.007110250182449818
1781099407751995600,171.19199560546875,0.23382219672203064,0.10165070742368698,-0.04940119758248329
1781099407777071400,171.2170712890625,0.2909601926803589,-0.03266816958785057,-0.0907178521156311
1781099407802146600,171.242146484375,0.2872483730316162,-0.07566286623477936,-0.08844929933547974
1781099407827222300,171.26722216796875,0.21801063418388367,-0.02541329711675644,-0.06251263618469238
1781099407852297500,171.29229736328125,0.1535598188638687,-0.0282514076679945,-0.03714296594262123
1781099407877373400,171.31737353515626,0.08643877506256104,-0.038682080805301666,0.0032459557987749577
1781099407902449400,171.3424494628906,0.02513204887509346,-0.03779248148202896,0.07497182488441467
1781099407927524600,171.36752465820314,0.01646924577653408,-0.026477649807929993,0.1268855780363083
1781099407952600600,171.3926005859375,0.05028674006462097,-0.004450793843716383,0.10113509744405746
1781099407977675500,171.41767553710937,0.07525475323200226,0.03604121133685112,0.036364465951919556
1781099408002751200,171.44275122070312,0.03150363266468048,0.07763713598251343,-0.15588325262069702
1781099408027827500,171.46782739257813,-0.006529647391289473,0.050114043056964874,-0.26202288269996643
1781099408052902400,171.49290234375,0.016391975805163383,0.023271853104233742,-0.14347222447395325
1781099408077978400,171.51797827148437,-0.0671868696808815,-0.019376881420612335,0.05164102464914322
1781099408103053600,171.54305346679686,-0.13367456197738647,-0.26724398136138916,0.45361432433128357
1781099408128129000,171.56812890625,-0.15000353753566742,-0.47518190741539,0.9322497844696045
1781099408153205000,171.593205078125,-0.11266405135393143,-0.3713812828063965,1.1705964803695679
1781099408178280000,171.61828002929687,0.08559785038232803,-0.4402408003807068,1.5031828880310059
1781099408203356000,171.64335595703125,0.7228705883026123,-0.6291847229003906,1.536330223083496
1781099408228431000,171.66843115234374,1.1957879066467285,-0.39781829714775085,1.321347713470459
1781099408253506800,171.6935068359375,1.5915486812591553,-0.0566679872572422,1.164704442024231
1781099408278583000,171.7185830078125,2.049464464187622,0.3701866567134857,0.9593123197555542
1781099408303658000,171.7436579589844,2.2797648906707764,0.6342939138412476,1.1621910333633423
1781099408328734000,171.76873388671876,2.318326950073242,0.5989488363265991,1.4523895978927612
1781099408353809000,171.79380883789062,2.418449878692627,0.09647266566753387,1.5034561157226562
1781099408378885000,171.81888500976564,2.5043435096740723,0.018013138324022293,1.483368158340454
1781099408403960800,171.8439609375,2.29145884513855,0.5455748438835144,1.5656485557556152
1781099408429035800,171.86903588867187,0.8975563049316406,-0.2576177716255188,0.016037803143262863
1781099408454112000,171.8941120605469,-2.0447897911071777,-0.1320774257183075,-1.7343297004699707
1781099408479187000,171.91918701171875,-0.7223091125488281,-0.3731939196586609,0.41353529691696167
1781099408504263000,171.94426293945313,1.8094892501831055,-1.7442584037780762,0.8345274925231934
1781099408529339100,171.9693391113281,1.3688257932662964,-0.693649172782898,0.7506484985351562
1781099408554414000,171.9944140625,-0.6372586488723755,1.0117241144180298,0.34106507897377014
1781099408579490000,172.01948999023438,-0.04079744219779968,-0.2904066741466522,-0.27939289808273315
1781099408604565000,172.04456494140624,0.4678700268268585,-0.23630614578723907,0.35067927837371826
1781099408629641000,172.0696408691406,0.5801919102668762,0.06528551131486893,0.2798212170600891
1781099408654717000,172.09471704101563,0.642412006855011,0.40934765338897705,0.24811036884784698
1781099408679791900,172.1197919921875,0.4646349847316742,0.5607141852378845,0.28424501419067383
1781099408704867800,172.14486791992186,0.3423093259334564,0.16521477699279785,0.15763060748577118
1781099408729943000,172.1699431152344,0.1652950495481491,0.00045897290692664683,-0.03051217645406723
1781099408755019000,172.19501904296874,0.1062912791967392,-0.010560203343629837,-0.04996855929493904
1781099408780095000,172.22009497070312,0.0689515471458435,-0.20127232372760773,-0.0022805375047028065
1781099408805170200,172.2451701660156,0.045915551483631134,-0.32561829686164856,-0.03527510166168213
1781099408830246000,172.27024584960938,-0.0003947395598515868,0.027048151940107346,-0.10060729831457138
1781099408855320800,172.29532080078124,-0.027061237022280693,0.09224259853363037,-0.05627791956067085
1781099408880396800,172.32039672851562,-0.14244692027568817,-0.13291537761688232,0.034212592989206314
1781099408905473000,172.34547314453124,-0.30546095967292786,-0.20074641704559326,0.1967175155878067
1781099408930548000,172.3705478515625,-0.3220179080963135,-0.2862111032009125,0.2306125909090042
1781099408955624000,172.3956240234375,-0.2788003981113434,-0.23636256158351898,0.18249696493148804
1781099408980699100,172.42069921875,-0.2628234028816223,-0.04605671390891075,0.15065427124500275
1781099409005774800,172.44577490234374,-0.19974397122859955,0.11749054491519928,0.10305589437484741
1781099409030850000,172.47085009765624,-0.17991730570793152,0.16894803941249847,0.02657308802008629
1781099409055925800,172.49592578125,-0.39471039175987244,-0.3409036099910736,-0.3493708074092865
1781099409081002000,172.521001953125,-0.5051901936531067,0.7220634818077087,-1.137321949005127
1781099409106077000,172.54607690429688,-0.20934680104255676,-0.010870891623198986,-0.18815037608146667
1781099409131153400,172.5711533203125,-0.09521275013685226,-0.10198405385017395,-0.0029107113368809223
1781099409156229400,172.5962294921875,-0.06981056183576584,0.28477901220321655,-0.4699222445487976
1781099409181304300,172.62130419921874,-0.07222781330347061,0.1654406636953354,-0.37565311789512634
1781099409206380300,172.64638037109376,-0.08923283964395523,0.015218307264149189,-0.3670191466808319
1781099409231455200,172.67145532226561,-0.16481134295463562,0.31576547026634216,0.07343057543039322
1781099409256531200,172.69653125,-0.22517049312591553,0.21166397631168365,-0.12572482228279114
1781099409281606100,172.72160620117188,-0.35067301988601685,-0.04201279580593109,-0.26436418294906616
1781099409306682400,172.74668237304687,-0.45420825481414795,-0.1271573305130005,-0.36593133211135864
1781099409331758300,172.77175830078124,-0.39378005266189575,-0.05877460539340973,-0.1593986451625824
1781099409356833300,172.79683325195313,-0.1980135440826416,0.08603263646364212,-0.08597376197576523
1781099409381909200,172.8219091796875,-0.055660974234342575,0.2648005187511444,-0.16869641840457916
1781099409406984400,172.846984375,0.011383377015590668,0.19078432023525238,-0.2261851578950882
1781099409432060200,172.87206005859375,0.04708312451839447,0.010210425592958927,0.06849499046802521
1781099409457136000,172.89713623046876,0.04457001015543938,0.026625964790582657,0.16054673492908478
1781099409482211300,172.92221142578126,0.10853130370378494,-0.03859493136405945,0.040565088391304016
1781099409507287300,172.94728735351563,0.17850464582443237,-0.057459551841020584,-0.10948128253221512
1781099409532362200,172.9723623046875,0.183144673705101,-0.019916769117116928,-0.12420722842216492
1781099409557438200,172.99743823242187,0.09844091534614563,0.08216245472431183,-0.12364963442087173
1781099409582514200,173.02251416015625,0.10473717004060745,0.1485147476196289,-0.32812654972076416
1781099409607589000,173.04758911132814,-0.02978608012199402,0.031804200261831284,0.040533121675252914
1781099409632665000,173.0726650390625,-0.11510365456342697,-0.049999117851257324,0.18385593593120575
1781099409657740300,173.097740234375,-0.09279107302427292,0.028217166662216187,0.080729641020298
1781099409682816300,173.1228161621094,-0.08861168473958969,0.027881188318133354,0.08781693875789642
1781099409707892200,173.14789233398437,-0.1161288172006607,0.11255376040935516,0.13444937765598297
1781099409732967200,173.17296728515626,-0.2244052141904831,-0.0821433812379837,0.11035847663879395
1781099409758043400,173.19804345703125,-0.21497958898544312,-0.12995760142803192,0.06550326198339462
1781099409783118300,173.22311840820313,-0.0672212541103363,-0.12022549659013748,0.1446835845708847
1781099409808194000,173.24819409179688,0.05038665980100632,0.008895041421055794,0.14975038170814514
1781099409833270300,173.27327026367186,-0.04945072904229164,-0.010822036303579807,0.12393389642238617
1781099409858345200,173.29834521484375,-0.19908268749713898,-0.09686759114265442,0.035179950296878815
1781099409883421200,173.32342114257813,-0.2610110640525818,-0.21557290852069855,0.049716509878635406
1781099409908496100,173.34849609375,-0.023405522108078003,-0.12812243402004242,-0.03807312622666359
1781099409933572400,173.373572265625,-0.2069482058286667,0.06895747780799866,0.014207934960722923
1781099409958648300,173.3986484375,-0.328713059425354,-0.08885814994573593,-0.14196036756038666
1781099409983723300,173.42372314453124,-0.23342877626419067,-0.020534181967377663,-0.15254420042037964
1781099410008799200,173.44879931640625,-0.1616603136062622,0.031040731817483902,-0.12807802855968475
1781099410033874200,173.4738742675781,0.03862091153860092,0.03758811950683594,-0.16206976771354675
1781099410058950100,173.4989501953125,0.1808501034975052,0.030183851718902588,-0.1517900675535202
1781099410084026400,173.5240263671875,0.14647208154201508,-0.05206732079386711,-0.14966817200183868
1781099410109101300,173.54910131835936,0.39768773317337036,-0.11887385696172714,-0.43398118019104004
1781099410134177000,173.57417700195313,0.5826389193534851,-0.1726209819316864,0.0028879595920443535
1781099410159252200,173.59925219726563,0.17128083109855652,-0.07837618142366409,0.574057936668396
1781099410184328200,173.624328125,-0.2974947392940521,-0.6459895372390747,0.5248183608055115
1781099410209404000,173.64940380859375,0.41217610239982605,0.10307234525680542,-0.06719974428415298
1781099410234479000,173.67447900390624,0.3867793679237366,0.2137468010187149,0.00877467542886734
1781099410259555000,173.69955517578126,0.5881618857383728,0.10343971103429794,0.3401857018470764
1781099410284630000,173.72463012695312,0.8225744962692261,0.2849803566932678,-0.1347404271364212
1781099410309706000,173.7497060546875,0.23781295120716095,0.09132269769906998,-0.14982980489730835
1781099410334782200,173.7747822265625,-0.22738651931285858,-0.15176543593406677,0.4296923279762268
1781099410359857200,173.79985717773437,-0.2808680832386017,0.10530076175928116,0.960168182849884
1781099410384933000,173.82493310546874,-0.7660663723945618,0.007945192977786064,0.9346930384635925
1781099410410008300,173.85000830078124,-1.8419276475906372,-0.3470327854156494,0.5464090704917908
1781099410435084000,173.875083984375,-2.2252862453460693,0.35676878690719604,1.0738677978515625
1781099410460159000,173.90015893554687,-2.181900978088379,-0.27343443036079407,1.2477561235427856
1781099410485235000,173.92523486328125,-1.901703953742981,2.3967502117156982,2.5177955627441406
1781099410510311200,173.95031127929687,-1.9167957305908203,0.799517035484314,2.9434890747070312
1781099410535386000,173.97538623046876,-0.931792140007019,1.5608246326446533,2.5038437843322754
1781099410560462000,174.00046215820313,0.17284536361694336,-0.32845789194107056,0.2985687553882599
1781099410585537300,174.02553735351563,2.1942009925842285,1.7680491209030151,5.550205707550049
1781099410610613000,174.05061303710937,3.0571446418762207,3.70873761177063,4.540078163146973
1781099410635689000,174.07568896484375,4.894137859344482,4.644025802612305,5.046656131744385
1781099410660764000,174.10076391601564,5.970522880554199,10.95092487335205,4.361351013183594
1781099410685840100,174.12584008789062,3.866734266281128,4.986515998840332,6.285237789154053
1781099410710915000,174.1509150390625,1.691398024559021,0.5179632306098938,6.943876266479492
1781099410735991000,174.1759909667969,-0.41504180431365967,2.07448148727417,8.951604843139648
1781099410761067300,174.2010673828125,-1.772809386253357,2.7600080966949463,10.829334259033203
1781099410786142200,174.22614208984376,-3.750790596008301,-1.5967674255371094,10.573444366455078
1781099410811218000,174.2512180175781,-5.9950337409973145,-3.2839484214782715,8.839876174926758
1781099410836292900,174.27629296875,-8.064988136291504,-3.401394844055176,7.926980495452881
1781099410861369000,174.301369140625,-10.891106605529785,-2.167520761489868,3.9558002948760986
1781099410886445000,174.32644506835936,-12.431836128234863,1.844933271408081,-0.05748148635029793
1781099410911520000,174.35152001953125,-11.7551851272583,5.050786018371582,-1.1397464275360107
1781099410936596200,174.37659619140624,-9.406967163085938,7.5931172370910645,-0.880636990070343
1781099410961671200,174.40167114257812,-7.383755683898926,6.870613098144531,-1.2956756353378296
1781099410986747100,174.4267470703125,-6.370081901550293,-1.0152621269226074,-1.2955760955810547
1781099411011823000,174.45182299804688,-2.6008293628692627,-0.40945693850517273,0.5794116258621216
1781099411036898000,174.47689794921874,2.0692715644836426,2.7264089584350586,0.8318967819213867
1781099411061974000,174.50197412109375,2.623899459838867,0.6475441455841064,-0.20469269156455994
1781099411087049000,174.5270490722656,1.5516290664672852,-5.260141372680664,0.38437896966934204
1781099411112125200,174.55212524414063,1.0597175359725952,-4.819003582000732,2.4450058937072754
1781099411137201200,174.577201171875,1.4220045804977417,-2.7776217460632324,3.7654976844787598
1781099411162276000,174.60227612304686,1.0638786554336548,-1.6337031126022339,3.0392942428588867
1781099411187352000,174.62735205078124,0.6333255767822266,-0.7562061548233032,1.4283641576766968
1781099411212427300,174.65242724609374,0.055303268134593964,-1.46772301197052,0.8344371914863586
1781099411237503000,174.6775029296875,0.18048100173473358,-1.8211113214492798,0.901160717010498
1781099411262578000,174.70257788085937,0.255793958902359,-1.1335861682891846,0.7891253232955933
1781099411287654100,174.72765405273438,0.6081768870353699,0.7812115550041199,0.4669831097126007
1781099411312730000,174.75273022460937,0.6017154455184937,0.9143058657646179,0.1603594720363617
1781099411337805000,174.77780517578125,0.6021990180015564,0.3192860782146454,0.3794882595539093
1781099411362881300,174.80288134765624,0.010381346568465233,-1.6170517206192017,1.7703582048416138
1781099411387956200,174.82795629882813,-0.37291035056114197,-1.0053901672363281,1.1124821901321411
1781099411413032000,174.85303198242187,-0.1698845773935318,0.16223348677158356,0.9008207321166992
1781099411438107100,174.87810717773436,-0.19720785319805145,0.025187179446220398,0.9754613637924194
1781099411463182000,174.90318212890625,-0.1457129567861557,-0.37956804037094116,0.7848116159439087
1781099411488258000,174.92825805664063,-0.11176805943250656,-0.18423838913440704,0.7342383861541748
1781099411513333000,174.9533330078125,-0.2827012240886688,-0.7062397003173828,1.473056435585022
1781099411538409000,174.97840893554687,-0.1637176275253296,-0.5751990675926208,0.9236635565757751
1781099411563485200,175.00348510742188,-0.08729910105466843,0.3740728199481964,0.42375677824020386
1781099411588560100,175.02856005859374,-0.29435405135154724,-0.2121853530406952,0.004382649902254343
1781099411613636000,175.05363598632812,-0.3314722776412964,-0.5443041324615479,-0.019552385434508324
1781099411638711000,175.0787109375,-0.71864253282547,-0.10400889068841934,0.31639614701271057
1781099411663787000,175.103787109375,-0.8534159660339355,-0.17483291029930115,0.4934141933917999
1781099411688863000,175.12886303710937,-0.5657141804695129,-0.5490483641624451,0.6807553172111511
1781099411713938000,175.15393798828126,-0.45406872034072876,-0.6345791816711426,0.8982394933700562
1781099411739014100,175.17901416015624,-0.4010359048843384,-0.58268141746521,1.025887131690979
1781099411764089000,175.20408911132813,-0.027492156252264977,-0.30207857489585876,1.21842622756958
1781099411789165000,175.2291650390625,0.47369199991226196,0.37882038950920105,1.161950945854187
1781099411814241300,175.2542412109375,0.606476902961731,0.16192540526390076,1.0651729106903076
1781099411839316200,175.27931616210938,0.2644122540950775,-0.31179237365722656,0.9852977991104126
1781099411864392000,175.30439184570312,0.008101382292807102,-0.14891578257083893,0.6463125348091125
1781099411889468200,175.32946826171874,0.06858841329813004,0.24133019149303436,0.3473612368106842
1781099411914543000,175.35454321289063,0.12232594192028046,0.19905011355876923,0.18473398685455322
1781099411939619000,175.379619140625,0.02480161190032959,-0.00014108335017226636,0.05099913477897644
1781099411964694000,175.40469409179687,-0.08601750433444977,0.00650408398360014,0.08967737853527069
1781099411989770200,175.42977026367188,-0.1800554394721985,0.07507190108299255,0.45881640911102295
1781099412014846200,175.45484619140626,-0.2651270031929016,0.08184072375297546,0.8360296487808228
1781099412039921200,175.47992114257812,-0.30246615409851074,0.08759743720293045,0.8887708187103271
1781099412064997000,175.5049970703125,-0.32878097891807556,-0.04235240817070007,0.6352829933166504
1781099412090073000,175.53007299804688,-0.3745885491371155,-0.24472428858280182,0.3641209304332733
1781099412115148000,175.55514794921876,-0.360729455947876,-0.27455323934555054,0.1461411863565445
1781099412140224000,175.58022412109375,-0.3352978229522705,0.006886114366352558,-0.0072999801486730576
1781099412165300000,175.60530004882813,-0.35758763551712036,0.19223618507385254,-0.15302152931690216
1781099412190375000,175.630375,-0.17347431182861328,0.12207858264446259,-0.23943181335926056
1781099412215451000,175.65545092773436,-0.046624813228845596,0.06231028586626053,-0.15573489665985107
1781099412240526800,175.68052685546874,0.05843073129653931,0.03197525069117546,-0.014477666467428207
1781099412265601800,175.70560180664063,0.15609297156333923,0.1608462929725647,0.01403743028640747
1781099412290677800,175.730677734375,0.33908578753471375,0.5560352802276611,0.041756484657526016
1781099412315754000,175.75575390625,0.44147923588752747,0.9543576240539551,-0.04897478222846985
1781099412340829000,175.78082885742188,0.2754538059234619,1.0497381687164307,-0.14494040608406067
1781099412365905000,175.80590478515626,0.05995938554406166,0.43621358275413513,-0.09454728662967682
1781099412390980900,175.83098095703124,0.1781633198261261,0.004564773757010698,0.06342644989490509
1781099412416056800,175.85605688476562,0.4212925434112549,-0.13094890117645264,-0.1080508604645729
1781099412441131800,175.8811318359375,0.6583427786827087,-0.1314171999692917,-0.501448392868042
1781099412466208000,175.9062080078125,0.5366807579994202,-0.14714697003364563,-0.5642737746238708
1781099412491284000,175.93128393554687,-0.03802533447742462,-0.3379006087779999,-0.3819369077682495
1781099412516359700,175.9563596191406,-0.37613457441329956,-0.10169784724712372,-0.15412206947803497
1781099412541435000,175.98143481445314,-0.28233468532562256,0.11671800911426544,-0.043832674622535706
1781099412566510800,176.0065107421875,-0.2715863287448883,0.06220190227031708,-0.2118804007768631
1781099412591586800,176.0315869140625,-0.20552736520767212,0.022090204060077667,-0.38108351826667786
1781099412616663000,176.0566630859375,-0.03637894243001938,-0.07400316745042801,-0.3620079457759857
1781099412641739000,176.08173901367186,0.0456213504076004,-0.1572934240102768,-0.20528478920459747
1781099412666814000,176.10681396484375,0.018718531355261803,-0.22417451441287994,0.005546947941184044
1781099412691889700,176.1318896484375,-0.09776106476783752,-0.3105449676513672,0.09468814730644226
1781099412716966000,176.1569658203125,-0.017810499295592308,-0.33265337347984314,-0.034916654229164124
1781099412742041900,176.18204174804688,0.044485896825790405,-0.1509951800107956,-0.12636081874370575
1781099412767118000,176.2071181640625,-0.13643421232700348,-0.21173672378063202,-0.1935482621192932
1781099412792193800,176.23219384765625,-0.2972816228866577,-0.19840222597122192,-0.2263048142194748
1781099412817268700,176.25726879882814,-0.22808606922626495,-0.25485119223594666,-0.3951362669467926
1781099412842344700,176.2823447265625,-0.14348943531513214,-0.1843985915184021,-0.5736058354377747
1781099412867421000,176.3074208984375,-0.10124257206916809,0.012494375929236412,-0.5839174389839172
1781099412892497000,176.33249682617188,-0.09593747556209564,-0.008270840160548687,-0.4922935366630554
1781099412917572900,176.35757275390625,-0.08947467803955078,0.08125723153352737,-0.4794653058052063
1781099412942648800,176.38264892578124,-0.021739114075899124,0.10631772875785828,-0.5672650337219238
1781099412967724800,176.40772485351562,0.23778361082077026,0.15512868762016296,-0.6531053185462952
1781099412992799700,176.4327998046875,0.3156042993068695,0.16940706968307495,-0.5703138709068298
1781099413017876000,176.4578759765625,0.4848504066467285,0.01949469931423664,-0.23768547177314758
1781099413042952000,176.48295190429687,0.5233430862426758,0.09045116603374481,-0.40540486574172974
1781099413068028000,176.50802783203125,0.4672589600086212,0.5036637783050537,-0.37276896834373474
1781099413093103900,176.53310375976562,0.2453506588935852,0.4468614161014557,-0.08093863725662231
1781099413118179800,176.55817993164064,-0.12668974697589874,-0.043779294937849045,0.04661456122994423
1781099413143256300,176.58325634765626,-0.06890112906694412,-0.10210271924734116,-0.06323937326669693
1781099413168332500,176.60833251953125,0.13556189835071564,0.1782194823026657,-0.2903107702732086
1781099413193408500,176.63340844726562,0.18238286674022675,0.19183483719825745,-0.38788744807243347
1781099413218484500,176.658484375,0.1973077952861786,0.13863903284072876,-0.37234732508659363
1781099413243560400,176.683560546875,0.02784198708832264,-0.005029784515500069,-0.23177537322044373
1781099413268636400,176.70863647460936,-0.2908044755458832,-0.3673807382583618,-0.05454770103096962
1781099413293711400,176.73371142578125,-0.33017560839653015,-0.3505982458591461,0.055926885455846786
1781099413318787600,176.75878759765624,-0.14964677393436432,0.13063664734363556,0.17284798622131348
1781099413343863600,176.78386352539061,0.07376636564731598,0.324608713388443,0.31144365668296814
1781099413368939500,176.808939453125,0.1425735056400299,-0.01841593161225319,0.38455313444137573
1781099413394015500,176.83401538085937,0.17836682498455048,-0.12180665135383606,0.436453253030777
1781099413419091500,176.85909155273438,0.21494486927986145,-0.2303992062807083,0.36251911520957947
1781099413444167400,176.88416748046876,0.224468395113945,0.13952356576919556,0.21557743847370148
1781099413469243600,176.90924365234375,0.1445285528898239,0.3669087886810303,0.11502712219953537
1781099413494319400,176.9343193359375,0.20126748085021973,0.4182976186275482,0.09709098935127258
1781099413519395300,176.95939526367187,0.25907713174819946,0.46495121717453003,-0.08888169378042221
1781099413544471600,176.98447143554688,0.0757639929652214,0.5479763746261597,-0.2965826690196991
1781099413569547500,177.00954760742187,-0.03653939440846443,0.41967639327049255,-0.358511358499527
1781099413594623500,177.03462353515624,-0.20256319642066956,0.09415461122989655,0.06633776426315308
1781099413619699500,177.05969946289062,-0.5010016560554504,-0.6515815854072571,0.0677831694483757
1781099413644775400,177.084775390625,-0.22298187017440796,-0.15896949172019958,-0.20220445096492767
1781099413669851600,177.1098515625,-0.18159180879592896,0.5198017358779907,-0.31697097420692444
1781099413694927400,177.13492724609375,-0.08026492595672607,0.12562167644500732,-0.4892658591270447
1781099413720003300,177.16000341796874,-0.04806802421808243,-0.4821251928806305,-0.5795892477035522
1781099413745079600,177.18507958984375,-0.26003268361091614,-0.33881258964538574,-0.35382765531539917
1781099413770155500,177.21015551757813,-0.30093318223953247,-0.23254823684692383,-0.14964783191680908
1781099413795231200,177.23523120117187,-0.08962640911340714,-0.052648112177848816,0.11229690164327621
1781099413820307500,177.26030737304689,0.06426620483398438,-0.10250599682331085,0.19704550504684448
1781099413845382400,177.28538232421874,0.15572009980678558,-0.21836967766284943,0.12242314964532852
1781099413870458400,177.31045825195312,0.19747944176197052,-0.10896030813455582,0.1756976991891861
1781099413895534600,177.33553466796874,0.12665987014770508,-0.05800498276948929,0.2006342113018036
1781099413920610300,177.3606103515625,0.10916832089424133,-0.023599978536367416,0.13717404007911682
1781099413945686300,177.38568627929686,0.18768732249736786,-0.1401522010564804,-0.06213289871811867
1781099413970762500,177.41076245117188,0.23750899732112885,-0.12797896564006805,-0.21268929541110992
1781099413995838500,177.43583837890625,0.18770040571689606,0.022420033812522888,-0.1983410269021988
1781099414020914400,177.46091455078124,0.10769709944725037,0.16901792585849762,-0.16193968057632446
1781099414045990400,177.48599047851562,0.09925287961959839,0.15918898582458496,-0.1271732747554779
1781099414071066400,177.51106640625,0.004359683021903038,-0.025016186758875847,-0.09746327251195908
1781099414096142600,177.536142578125,-0.1980563849210739,-0.30311375856399536,-0.09911136329174042
1781099414121218600,177.5612185058594,-0.19197840988636017,-0.33194178342819214,-0.07383038103580475
1781099414146294500,177.58629443359376,0.0035410947166383266,-0.008637628518044949,-0.06667091697454453
1781099414171370500,177.61137060546875,0.17847420275211334,0.20192579925060272,-0.13619951903820038
1781099414196446700,177.63644677734376,0.07496223598718643,0.12561048567295074,-0.16502894461154938
1781099414221522700,177.6615227050781,-0.09018394351005554,-0.012399786151945591,-0.16535983979701996
1781099414246597600,177.68659765625,-0.11743655055761337,-0.1100241094827652,-0.14863649010658264
1781099414271673600,177.71167358398438,-0.055278465151786804,-0.07639504224061966,-0.05346130207180977
1781099414296749600,177.73674951171876,0.04102770984172821,-0.04198336601257324,0.0018881289288401604
1781099414321825500,177.76182543945313,0.03662233054637909,-0.017754048109054565,0.021314356476068497
1781099414346901800,177.78690185546876,-0.04428770765662193,-0.06530845165252686,0.07351730018854141
1781099414371977500,177.8119775390625,-0.05389616638422012,-0.10905463248491287,0.08753986656665802
1781099414397053400,177.83705346679687,-0.04126695543527603,-0.003088079858571291,0.03487803041934967
1781099414422129700,177.8621296386719,-0.018441328778862953,0.11080316454172134,-0.030318384990096092
1781099414447205600,177.88720556640624,-0.016359899193048477,0.044084370136260986,-0.04715573042631149
1781099414472281600,177.91228149414061,-0.04359930381178856,-0.06980828195810318,-0.03397717699408531
1781099414497356500,177.9373564453125,-0.059375107288360596,-0.11589165031909943,0.018254296854138374
1781099414522432500,177.9624326171875,0.00910407304763794,-0.07486080378293991,0.018845800310373306
1781099414547508500,177.98750854492187,-0.009710321202874184,0.004402623511850834,-0.019945234060287476
1781099414572584700,178.01258471679688,-0.06675983965396881,0.007758678402751684,-0.055688921362161636
1781099414597660400,178.03766040039062,-0.052693866193294525,0.036937907338142395,-0.08583202958106995
1781099414622736600,178.06273657226564,0.002236618660390377,0.07614845037460327,-0.09203993529081345
1781099414647812600,178.0878125,0.0027654084842652082,0.03845585137605667,-0.07955656945705414
1781099414672888600,178.112888671875,-0.015102853998541832,-0.0000971210392890498,-0.03580661490559578
1781099414697963500,178.1379636230469,-0.015176743268966675,-0.04503023251891136,0.012482291087508202
1781099414723039700,178.16303979492187,0.020635094493627548,0.020259754732251167,0.045756351202726364
1781099414748115500,178.1881154785156,0.03832031041383743,0.04745379462838173,-0.005625648889690638
1781099414773191700,178.21319165039063,0.03693785518407822,0.06492950767278671,-0.04209895059466362
1781099414798267600,178.238267578125,0.0028810910880565643,0.00006577274325536564,-0.01790495216846466
1781099414823343600,178.26334350585938,-0.0028821842279285192,-0.04770105332136154,-0.002525351010262966
1781099414848418600,178.28841845703124,0.03650520741939545,-0.02323477901518345,0.0004904698580503464
1781099414873494500,178.31349462890626,0.038473132997751236,0.013839662075042725,-0.0396488755941391
1781099414898570500,178.33857055664063,0.026431119069457054,0.09839417785406113,-0.08361635357141495
1781099414923646700,178.36364672851562,0.010024864226579666,0.12223208695650101,-0.11057934910058975
1781099414948722700,178.38872265625,0.0037146175745874643,0.2493845820426941,0.07305905222892761
1781099414973798400,178.41379833984374,0.042291343212127686,-0.16284315288066864,0.06519796699285507
1781099414998873600,178.43887353515626,0.02031410112977028,-0.019561871886253357,-0.04179853945970535
