time,seconds_elapsed,z,y,x
1781099236662109700,0.102109619140625,0.0005254416610114276,0.04222681745886803,-0.01774384267628193
1781099236687184600,0.1271845703125,-0.009892844595015049,0.014592790976166725,-0.023566579446196556
1781099236712259600,0.152259521484375,-0.026621224358677864,-0.02742816135287285,0.011494203470647335
1781099236737334500,0.17733447265625,-0.023024359717965126,-0.006568686570972204,-0.001389371114782989
1781099236762409700,0.20240966796875,-0.028301678597927094,-0.01949167624115944,-0.03340376168489456
1781099236787484700,0.227484619140625,-0.016577644273638725,-0.0523364394903183,-0.04595896974205971
1781099236812559600,0.2525595703125,-0.0031619712244719267,-0.06314248591661453,0.02430161088705063
1781099236837634600,0.277634521484375,-0.01173282228410244,-0.06415341794490814,0.06254833191633224
1781099236862709500,0.30270947265625,-0.016643159091472626,-0.011323761194944382,0.034323617815971375
1781099236887784400,0.327784423828125,-0.010457967408001423,0.040406279265880585,-0.02893790788948536
1781099236912859600,0.352859619140625,0.003478088416159153,0.06305087357759476,-0.041782066226005554
1781099236937934600,0.3779345703125,-0.0026173547375947237,0.00561207951977849,-0.009750365279614925
1781099236963008800,0.4030087890625,-0.0035124430432915688,0.0250246599316597,0.018323613330721855
1781099236988083700,0.428083740234375,0.007759918924421072,0.06312756985425949,0.00012863067968282849
1781099237013159000,0.453158935546875,0.008006527088582516,0.05805877596139908,-0.016865799203515053
1781099237038233900,0.47823388671875,-0.0011014834744855762,0.03263384476304054,0.027113109827041626
1781099237063309800,0.503309814453125,-0.017552629113197327,0.015450594946742058,0.0786370187997818
1781099237088384800,0.528384765625,-0.011473963037133217,0.06906775385141373,0.045095305889844894
1781099237113459700,0.553459716796875,-0.010427873581647873,0.08414923399686813,0.0085426215082407
1781099237138535000,0.578534912109375,-0.022418489679694176,0.04285958409309387,0.016344884410500526
1781099237163609900,0.60360986328125,-0.03308418393135071,0.044386640191078186,-0.004918325692415237
1781099237188685000,0.62868505859375,-0.02893657609820366,0.07960374653339386,-0.06220132112503052
1781099237213760000,0.653760009765625,-0.023838752880692482,0.027056651189923286,-0.02586541883647442
1781099237238835000,0.6788349609375,-0.031923577189445496,-0.07127205282449722,0.056604158133268356
1781099237263910000,0.703909912109375,-0.018439993262290955,-0.20917825400829315,0.03995354101061821
1781099237288984800,0.72898486328125,-0.0004516721237450838,-0.22454681992530823,-0.025645442306995392
1781099237314060000,0.75406005859375,0.009166067466139793,-0.01564979925751686,-0.1359594315290451
1781099237339135000,0.779135009765625,0.002716158051043749,0.1511136144399643,-0.19642969965934753
1781099237364211000,0.8042109375,0.025188444182276726,0.14477236568927765,-0.09366737306118011
1781099237389286000,0.829285888671875,0.01224734541028738,0.06920064240694046,0.009617473930120468
1781099237414360800,0.85436083984375,0.017249559983611107,0.00950748473405838,-0.00615163566544652
1781099237439436000,0.87943603515625,0.010654774494469166,-0.00821105856448412,-0.05553622916340828
1781099237464511000,0.904510986328125,-0.014229003340005875,-0.0012420982820913196,-0.04368356615304947
1781099237489586000,0.9295859375,-0.04860162362456322,-0.06691431999206543,0.07612699270248413
1781099237514660900,0.954660888671875,-0.07064807415008545,-0.10552562773227692,0.08028791099786758
1781099237539737000,0.979737060546875,-0.09880141168832779,-0.08072759956121445,0.001222657272592187
1781099237564812000,1.00481201171875,-0.09418801963329315,0.052312739193439484,-0.07566573470830917
1781099237589887000,1.029886962890625,-0.10212130844593048,0.13605263829231262,-0.15031494200229645
1781099237614962000,1.0549619140625,-0.10783245414495468,0.10923274606466293,-0.12744930386543274
1781099237640036900,1.080036865234375,-0.13105176389217377,-0.018632274121046066,0.03804538771510124
1781099237665111800,1.10511181640625,-0.15641917288303375,-0.17925125360488892,0.20873670279979706
1781099237690188000,1.13018798828125,-0.1373962014913559,-0.25517743825912476,0.21542230248451233
1781099237715263000,1.155262939453125,-0.09420133382081985,-0.1570087969303131,0.09433235973119736
1781099237740338000,1.180337890625,-0.05503502115607262,-0.0019241338595747948,-0.12404631078243256
1781099237765412900,1.205412841796875,-0.03248923271894455,0.023616911843419075,-0.16326509416103363
1781099237790488800,1.23048876953125,-0.05716102570295334,-0.07502257823944092,-0.08756206929683685
1781099237815564000,1.25556396484375,-0.050882089883089066,-0.10349470376968384,-0.0644889771938324
1781099237840639000,1.280638916015625,-0.0521705262362957,-0.07160734385251999,-0.007590008899569511
1781099237865714000,1.3057138671875,-0.04324787110090256,-0.0011169298086315393,-0.04200071468949318
1781099237890790000,1.330789794921875,-0.028200479224324226,0.05451836809515953,-0.15357810258865356
1781099237915864800,1.35586474609375,-0.0292953047901392,0.047817058861255646,-0.18580874800682068
1781099237940940000,1.38093994140625,-0.04326038807630539,0.027634823694825172,-0.16004052758216858
1781099237966015000,1.406014892578125,-0.013607421889901161,0.07392935454845428,-0.18547238409519196
1781099237991091200,1.43109130859375,-0.025954902172088623,0.07813262194395065,-0.15596775710582733
1781099238016166100,1.456166259765625,-0.034744929522275925,0.01810896210372448,-0.07825299352407455
1781099238041241000,1.481240966796875,-0.01423672679811716,0.038180939853191376,-0.06436487287282944
1781099238066317300,1.5063173828125,-0.015078285709023476,0.06649034470319748,-0.052142031490802765
1781099238091392300,1.531392333984375,-0.017601363360881805,0.07852703332901001,-0.041420675814151764
1781099238116467200,1.55646728515625,-0.02605450339615345,0.026073679327964783,-0.0231748279184103
1781099238141543200,1.581543212890625,-0.031535554677248,-0.04844982549548149,-0.013199158944189548
1781099238166618000,1.6066181640625,-0.012121377512812614,0.003780889790505171,-0.027770910412073135
1781099238191693300,1.631693359375,0.0024610271211713552,0.15281164646148682,-0.10006880760192871
1781099238216769300,1.656769287109375,0.00737322773784399,0.09267400950193405,-0.09381064772605896
1781099238241844200,1.68184423828125,0.0030929953791201115,-0.04850788041949272,0.031325966119766235
1781099238266919200,1.706919189453125,-0.006100503262132406,-0.15826714038848877,0.032815203070640564
1781099238291995400,1.731995361328125,0.02251356467604637,-0.06263355165719986,-0.015024756081402302
1781099238317070300,1.7570703125,0.023435285314917564,-0.012047342024743557,-0.07417276501655579
1781099238342145300,1.782145263671875,0.014932610094547272,-0.02689739502966404,-0.08740334957838058
1781099238367221000,1.807220947265625,-0.002261023735627532,-0.05708565562963486,-0.07537038624286652
1781099238392296200,1.832296142578125,-0.03801023215055466,-0.1115259975194931,-0.0975252240896225
1781099238417371400,1.857371337890625,-0.07770837843418121,-0.02207653969526291,-0.24016839265823364
1781099238442447000,1.882447021484375,-0.12292512506246567,0.04914064705371857,-0.4707659184932709
1781099238467522000,1.90752197265625,-0.11807763576507568,0.1922951489686966,-0.35448405146598816
1781099238492597000,1.932596923828125,-0.2700496017932892,0.044793568551540375,-0.1520204246044159
1781099238517673200,1.957673095703125,-0.4024989902973175,-0.2082618623971939,-0.021633123978972435
1781099238542748200,1.982748046875,-0.42385727167129517,-0.4572676718235016,0.11837085336446762
1781099238567824100,2.00782421875,-0.30800044536590576,-0.3461046814918518,0.1136551946401596
1781099238592899300,2.0328994140625,-0.2295146882534027,0.07545507699251175,-0.059305135160684586
1781099238617974300,2.057974365234375,-0.21885085105895996,0.30745553970336914,-0.17259573936462402
1781099238643050200,2.08305029296875,-0.30944040417671204,0.004561462439596653,-0.12211179733276367
1781099238668125200,2.108125244140625,-0.21987590193748474,-0.07949242740869522,0.138450026512146
1781099238693200100,2.1332001953125,-0.03584614768624306,-0.12747620046138763,0.16664570569992065
1781099238718276400,2.1582763671875,0.07990202307701111,0.09271609038114548,-0.013865748420357704
1781099238743351300,2.183351318359375,0.07239110767841339,0.2452736794948578,-0.059484899044036865
1781099238768426200,2.20842626953125,-0.0023252058308571577,0.059543754905462265,-0.0881732702255249
1781099238793502200,2.233502197265625,-0.003043993143364787,-0.07340790331363678,-0.06979852169752121
1781099238818577400,2.258577392578125,0.017978200688958168,-0.2731598913669586,-0.023023294284939766
1781099238843653000,2.283653076171875,0.042693134397268295,-0.22322829067707062,0.007739146240055561
1781099238868728000,2.30872802734375,0.07274717092514038,-0.07557918131351471,-0.00803475733846426
1781099238893803000,2.333802978515625,0.07693605870008469,-0.042814575135707855,-0.0887136235833168
1781099238918879200,2.358879150390625,0.05932164564728737,-0.06554119288921356,-0.11593379080295563
1781099238943955000,2.383954833984375,0.021274661645293236,-0.11427623778581619,-0.018189921975135803
1781099238969030000,2.40902978515625,-0.021091170608997345,-0.17853271961212158,0.12386681884527206
1781099238994105900,2.43410595703125,-0.04904291033744812,-0.2815813422203064,0.22499796748161316
1781099239019180800,2.459180908203125,-0.022588400170207024,-0.3709021806716919,0.28145459294319153
1781099239044255700,2.484255859375,0.0015097459545359015,-0.21390482783317566,0.17244048416614532
1781099239069332000,2.50933203125,0.013875069096684456,-0.10643083602190018,0.02755040116608143
1781099239094407000,2.534406982421875,-0.019698336720466614,-0.019871443510055542,0.04591342806816101
1781099239119481900,2.55948193359375,-0.029170934110879898,0.06635106354951859,0.04837419092655182
1781099239144558000,2.58455810546875,-0.019293537363409996,0.1509101539850235,0.015426360070705414
1781099239169633000,2.609633056640625,0.004560663364827633,0.2334234118461609,-0.023630760610103607
1781099239194708000,2.6347080078125,0.002151035238057375,0.2267734855413437,-0.13042990863323212
1781099239219783700,2.65978369140625,-0.020312462002038956,0.14917856454849243,-0.11384880542755127
1781099239244858600,2.684858642578125,-0.02797331102192402,-0.014474546536803246,0.04188140481710434
1781099239269933800,2.709933837890625,-0.03519447147846222,-0.052679188549518585,0.16670162975788116
1781099239295009800,2.735009765625,-0.0710829645395279,-0.13104429841041565,0.27266746759414673
1781099239320084700,2.760084716796875,-0.07290882617235184,-0.039205193519592285,0.27997279167175293
1781099239345159700,2.78515966796875,-0.039393745362758636,0.15700532495975494,0.0853913277387619
1781099239370236000,2.81023583984375,-0.003569700988009572,0.20762403309345245,-0.1774458885192871
1781099239395310800,2.835310791015625,0.019363844767212868,0.1791473776102066,-0.39340001344680786
1781099239420385800,2.8603857421875,-0.029257221147418022,0.08247703313827515,-0.48778432607650757
1781099239445461800,2.885461669921875,-0.19608083367347717,0.4145607054233551,-0.15487879514694214
1781099239470537000,2.910536865234375,-0.42549964785575867,0.4808531701564789,0.2301466464996338
1781099239495612000,2.93561181640625,-0.5873367190361023,-0.031208518892526627,0.37864744663238525
1781099239520687900,2.96068798828125,-0.6749323606491089,-0.44351086020469666,0.426448255777359
1781099239545762800,2.9857626953125,-0.7910392880439758,-0.7531877756118774,0.33957940340042114
1781099239570837800,3.010837646484375,-0.8959696888923645,-0.6143116354942322,0.29012957215309143
1781099239595914000,3.0359140625,-0.9180566072463989,-0.45902615785598755,-0.026380740106105804
1781099239620989000,3.060989013671875,-0.8953022956848145,-0.03744084760546684,-0.13849370181560516
1781099239646063900,3.08606396484375,-0.8011592626571655,-0.051656801253557205,-0.1324390023946762
1781099239671139800,3.111139892578125,-0.7863374352455139,-0.06006599962711334,-0.08054491132497787
1781099239696215000,3.136215087890625,-0.7286027669906616,-0.6441680788993835,0.15635338425636292
1781099239721290000,3.1612900390625,-0.49089276790618896,-0.892725944519043,0.4009929597377777
1781099239746365000,3.186364990234375,-0.535862922668457,-0.6433334350585938,0.3324037790298462
1781099239771440600,3.211440673828125,-0.6159178018569946,-0.46122193336486816,0.2019573599100113
1781099239796515800,3.236515869140625,-0.7176681160926819,-0.6244641542434692,0.19673515856266022
1781099239821590800,3.2615908203125,-0.7994135618209839,-0.6292370557785034,0.2026630938053131
1781099239846666800,3.286666748046875,-0.6367133259773254,-0.5661864280700684,0.0801909789443016
1781099239871741700,3.31174169921875,-0.5628923773765564,-0.281195729970932,-0.1250511258840561
1781099239896816600,3.336816650390625,-0.4111507833003998,0.05717939883470535,-0.24392159283161163
1781099239921266700,3.3612666015625,-0.28071022033691406,0.03371402248740196,-0.30528560280799866
1781099239946342000,3.386341796875,-0.2535332143306732,-0.2428443431854248,-0.2211528867483139
1781099239971417900,3.41141796875,-0.3041186034679413,-0.5067899823188782,0.02093803882598877
1781099239996492800,3.436492919921875,-0.31540802121162415,-0.6400646567344666,0.20913590490818024
1781099240021567700,3.461567626953125,-0.14010144770145416,-0.3737770617008209,0.12673930823802948
1781099240046644000,3.48664404296875,-0.044558145105838776,-0.08799004554748535,-0.057788997888565063
1781099240071719000,3.511718994140625,-0.038957517594099045,0.14623390138149261,-0.2158614546060562
1781099240096793900,3.5367939453125,-0.11055634170770645,0.3474820554256439,-0.22961321473121643
1781099240121869800,3.561869873046875,-0.1648201048374176,0.21662364900112152,-0.275113582611084
1781099240146944800,3.58694482421875,-0.15760427713394165,0.13448883593082428,-0.28234195709228516
1781099240172020000,3.61202001953125,-0.042394861578941345,0.22323548793792725,-0.34368252754211426
1781099240197095000,3.637094970703125,0.23303911089897156,0.9578932523727417,-0.4727550446987152
1781099240222171000,3.6621708984375,0.2634987533092499,1.7216907739639282,-0.022418489679694176
1781099240247245800,3.687245849609375,0.4417971074581146,1.5551502704620361,0.05034945532679558
1781099240272321000,3.712321044921875,0.1656470149755478,1.054417610168457,0.39111635088920593
1781099240297397000,3.73739697265625,-0.12870152294635773,0.29394960403442383,0.7378977537155151
1781099240321219000,3.761218994140625,-0.1618456244468689,-0.0998014286160469,0.7858918905258179
1781099240346294000,3.7862939453125,-0.025905633345246315,0.023735688999295235,1.44755220413208
1781099240371369000,3.811368896484375,-0.3060760498046875,-0.5693361759185791,1.8401585817337036
1781099240396444700,3.836444580078125,-0.5321094393730164,-1.6462572813034058,1.706463098526001
1781099240421520000,3.861519775390625,-0.9793343544006348,-2.1542727947235107,1.3304153680801392
1781099240446595000,3.886594970703125,-1.8935000896453857,-2.280846357345581,0.3772426247596741
1781099240471670800,3.9116708984375,-1.6584949493408203,-0.8317914605140686,-0.20457151532173157
1781099240496745700,3.936745849609375,-1.0940436124801636,0.04158792272210121,-0.8476532697677612
1781099240521820700,3.961820556640625,-0.7106807827949524,0.4518825113773346,-1.2513834238052368
1781099240546897000,3.98689697265625,-0.3714742064476013,-0.08155690878629684,-1.1763267517089844
1781099240571971800,4.011971923828125,-0.32237565517425537,-0.13379162549972534,-0.3635348081588745
1781099240597046800,4.037046875,-0.519063413143158,-0.6722707748413086,0.3246403932571411
1781099240622121700,4.062121826171875,0.04336904361844063,-1.3621102571487427,0.8867311477661133
1781099240647198000,4.087197998046875,0.45007288455963135,-0.9899478554725647,0.8943725824356079
1781099240672273000,4.11227294921875,0.03533561900258064,-1.3743211030960083,0.5632748007774353
1781099240697347800,4.137347900390625,-0.2898019850254059,-1.1762056350708008,0.816964864730835
1781099240722423800,4.162423828125,-0.44116994738578796,0.19057074189186096,0.9449790120124817
1781099240747499000,4.1874990234375,0.24792617559432983,-0.06533266603946686,0.11301390081644058
1781099240772574000,4.212573974609375,0.5984959006309509,-0.9129105806350708,0.03419312462210655
1781099240797649000,4.23764892578125,0.8254028558731079,-2.5903854370117188,0.48310089111328125
1781099240822724900,4.262724853515625,1.1261941194534302,-3.7161598205566406,0.991123616695404
1781099240847799800,4.2877998046875,1.3800218105316162,-3.9567108154296875,1.2460227012634277
1781099240872875000,4.312875,1.6493436098098755,-4.008363723754883,1.3192106485366821
1781099240897951000,4.337950927734375,2.413775682449341,-3.429685592651367,1.0119260549545288
1781099240923026000,4.36302587890625,3.193070650100708,-2.863036870956421,0.057260893285274506
1781099240948100400,4.388100341796875,4.070254802703857,-2.281702756881714,-0.09708580374717712
1781099240973176300,4.41317626953125,3.8595051765441895,-0.07351016998291016,-0.34758299589157104
1781099240998251500,4.43825146484375,2.3447182178497314,0.5684552192687988,-1.2789101600646973
1781099241023326500,4.463326416015625,1.8389558792114258,0.1383669376373291,-1.967670202255249
1781099241048401400,4.4884013671875,2.251862049102783,-1.500850796699524,-2.0298964977264404
1781099241088522500,4.5285224609375,2.782061815261841,-2.7488925457000732,0.6991186738014221
1781099241113597400,4.553597412109375,1.5899990797042847,-2.772352695465088,1.4058483839035034
1781099241138673400,4.57867333984375,1.3444526195526123,-4.0574116706848145,1.886400580406189
1781099241163748400,4.603748291015625,1.1940267086029053,-4.539895057678223,2.1016175746917725
1781099241188823300,4.6288232421875,1.0450342893600464,-5.435208320617676,2.4191625118255615
1781099241213899300,4.653899169921875,1.3069881200790405,-5.842284679412842,3.087054967880249
1781099241238974200,4.67897412109375,1.517594337463379,-5.210283279418945,3.5854263305664062
1781099241264049400,4.70404931640625,1.7918524742126465,-5.5400614738464355,2.994389772415161
1781099241289124400,4.729124267578125,0.40850600600242615,-5.613956928253174,-0.9445965886116028
1781099241314200300,4.754200439453125,1.867915391921997,0.5569822788238525,-2.4931674003601074
1781099241339275300,4.779275146484375,1.9293198585510254,1.5046333074569702,-0.8990408182144165
1781099241364350200,4.80435009765625,1.850892424583435,-0.042509909719228745,-1.7481598854064941
1781099241389426200,4.82942626953125,1.5087233781814575,-0.971486508846283,-0.8599027395248413
1781099241414501400,4.85450146484375,2.125352621078491,-1.6638298034667969,0.38991421461105347
1781099241439577300,4.879577392578125,2.131885290145874,-0.5719226002693176,-0.38580548763275146
1781099241464652300,4.90465234375,1.4514185190200806,0.9378617405891418,-0.9996220469474792
1781099241489727200,4.929727294921875,0.7439327239990234,-1.0595338344573975,0.2864623963832855
1781099241514803500,4.954803466796875,-0.019399264827370644,-3.5855634212493896,1.6692498922348022
1781099241539878400,4.97987841796875,1.2991302013397217,-3.3500733375549316,1.0978258848190308
1781099241564953300,5.004953369140625,1.5824353694915771,-0.44490954279899597,-0.17288443446159363
1781099241590029300,5.030029296875,0.775427520275116,-0.6833439469337463,0.4551728367805481
1781099241615104500,5.0551044921875,0.38225284218788147,-0.5170793533325195,0.05745024234056473
1781099241640180200,5.08018017578125,0.04861494153738022,-0.44121548533439636,0.02799008972942829
1781099241665255400,5.10525537109375,0.20117466151714325,-0.6104620099067688,0.17720407247543335
1781099241690330400,5.130330322265625,0.1631481796503067,-0.4511176347732544,0.24258947372436523
1781099241715406300,5.15540625,-0.09209370613098145,0.004031759686768055,-0.11754047870635986
1781099241740481300,5.180481201171875,-0.0483773872256279,-0.10232290625572205,-0.05372368171811104
1781099241765556200,5.20555615234375,0.9964970946311951,0.2803634703159332,-0.2385806143283844
1781099241790632200,5.230632080078125,2.2548828125,0.35163286328315735,0.04519757255911827
1781099241815707400,5.255707275390625,2.4991867542266846,-0.9760341644287109,0.2781139016151428
1781099241840783400,5.280783447265625,2.9239542484283447,-1.2802369594573975,0.3733038008213043
1781099241865858300,5.3058583984375,3.3962488174438477,-0.10703111439943314,-0.6748567223548889
1781099241890934300,5.330934326171875,3.164515256881714,-1.8465375900268555,-1.34724760055542
1781099241916009500,5.356009521484375,2.922321081161499,-0.006858438719063997,-0.3989282250404358
1781099241941084000,5.381083984375,2.3171327114105225,0.09967972338199615,0.09459947794675827
1781099241966160000,5.406159912109375,3.5939059257507324,0.003323092358186841,-1.9759172201156616
1781099241991234800,5.43123486328125,1.2076852321624756,1.1236933469772339,-1.9002735614776611
1781099242016311000,5.45631103515625,0.12657178938388824,-0.8118265867233276,-1.3946194648742676
1781099242041386000,5.481385986328125,-0.7479501366615295,-1.2509243488311768,-0.42782989144325256
1781099242066461000,5.5064609375,-1.2060798406600952,0.15236690640449524,0.054971374571323395
1781099242091536600,5.53153662109375,-0.09801817685365677,0.33370739221572876,-0.4676838517189026
1781099242116611800,5.55661181640625,-0.3443416655063629,0.2914981544017792,0.012309396639466286
1781099242141687800,5.581687744140625,-0.1924581229686737,0.28377872705459595,-0.035106588155031204
1781099242166762800,5.6067626953125,-0.025164209306240082,0.013399162329733372,0.11007776856422424
1781099242191838700,5.631838623046875,0.020547885447740555,-0.060336045920848846,0.13079290091991425
1781099242216914000,5.656913818359375,-0.05118915066123009,0.021939121186733246,-0.08601797372102737
1781099242241988900,5.68198876953125,-0.10130824148654938,0.009724532254040241,-0.041194841265678406
1781099242267064800,5.70706494140625,-0.08116542547941208,-0.09365405142307281,0.03696014732122421
1781099242292139800,5.732139892578125,-0.07119081914424896,0.017124125733971596,0.007297594100236893
1781099242317216000,5.757216064453125,-0.11316144466400146,-0.06030488386750221,-0.026442259550094604
1781099242342291000,5.782291015625,-0.1642667055130005,-0.08930777758359909,-0.027295537292957306
1781099242367367000,5.807366943359375,-0.20988452434539795,-0.021742846816778183,0.042517900466918945
1781099242392441900,5.83244189453125,-0.21047094464302063,0.028673190623521805,0.11237527430057526
1781099242417517000,5.85751708984375,-0.19601450860500336,0.06313236057758331,0.10017693787813187
1781099242442592800,5.8825927734375,-0.2044982761144638,-0.0037326866295188665,0.07130906730890274
1781099242467667700,5.907667724609375,-0.21517755091190338,-0.05962897464632988,0.05013107880949974
1781099242492743700,5.93274365234375,-0.1549443155527115,-0.0007179882377386093,0.10349123924970627
1781099242517819000,5.95781884765625,-0.05534767732024193,0.12761521339416504,0.13593199849128723
1781099242542893800,5.982893798828125,0.026428943499922752,0.10556664317846298,0.08986704051494598
1781099242567969800,6.0079697265625,0.10264195501804352,0.020019514486193657,0.06711165606975555
1781099242593044700,6.033044677734375,0.18905141949653625,0.0024431839119642973,0.061166685074567795
1781099242618121000,6.058120849609375,0.25670555233955383,0.014280402101576328,0.034501250833272934
1781099242643196000,6.08319580078125,0.2908395528793335,0.06653428822755814,0.04758083447813988
1781099242668271900,6.10827197265625,0.3103432059288025,0.031739819794893265,0.043051328510046005
1781099242693346800,6.133346923828125,0.28786587715148926,-0.03335209935903549,0.015896141529083252
1781099242718422000,6.158422119140625,0.2678234577178955,-0.05404539033770561,0.02257668226957321
1781099242743497700,6.183497802734375,0.25561952590942383,-0.00133877107873559,0.09639418125152588
1781099242768573000,6.208572998046875,0.20933671295642853,-0.018336130306124687,0.1402580440044403
1781099242793648600,6.233648681640625,0.14426396787166595,-0.06886961311101913,0.15103398263454437
1781099242818723800,6.258723876953125,0.0594305694103241,-0.08905290812253952,0.16716767847537994
1781099242843799800,6.2837998046875,-0.010906710289418697,-0.027784759178757668,0.23490358889102936
1781099242868874800,6.308874755859375,0.02478311024606228,0.08174173533916473,0.3147432804107666
1781099242893949700,6.33394970703125,0.08411567658185959,0.10454531759023666,0.34449800848960876
1781099242919026000,6.35902587890625,0.10475277900695801,0.08594340085983276,0.31197547912597656
1781099242944101600,6.3841015625,0.06864510476589203,0.06785787642002106,0.27755090594291687
1781099242969177600,6.409177490234375,0.039144206792116165,0.0672789067029953,0.28375527262687683
1781099242994252800,6.434252685546875,0.047747280448675156,0.043659597635269165,0.29341962933540344
1781099243019328500,6.45932861328125,0.03692525997757912,-0.01884213089942932,0.2819909453392029
1781099243044403500,6.484403564453125,-0.002238120650872588,-0.053951382637023926,0.21664495766162872
1781099243069478400,6.509478515625,-0.08052840083837509,-0.00987287051975727,0.023028885945677757
1781099243094554600,6.5345546875,-0.1382223218679428,-0.04536748304963112,-0.21712619066238403
1781099243119629600,6.559629638671875,-0.11932479590177536,-0.0689348578453064,-0.2765570282936096
1781099243144705500,6.58470556640625,-0.05751655623316765,-0.08720574527978897,-0.1540904939174652
1781099243169780500,6.609780517578125,-0.008800948038697243,-0.07931053638458252,0.05621853098273277
1781099243194855700,6.634855712890625,0.015337144955992699,-0.011275025084614754,0.13602760434150696
1781099243219931600,6.659931640625,0.025021996349096298,0.03569008782505989,0.08757725358009338
1781099243245006600,6.685006591796875,0.03295528516173363,0.019723370671272278,0.009976201690733433
1781099243270082600,6.71008251953125,0.044911548495292664,-0.02942233718931675,-0.05751895159482956
1781099243295157800,6.73515771484375,0.054421961307525635,-0.03742220625281334,-0.05904893949627876
1781099243320232700,6.760232666015625,0.0752478837966919,-0.03399338573217392,-0.015855129808187485
1781099243345308400,6.785308349609375,0.06577262282371521,-0.06885655969381332,0.03437688201665878
1781099243370383600,6.810383544921875,0.017429057508707047,-0.06980544328689575,0.046964846551418304
1781099243395459600,6.83545947265625,-0.0413287989795208,-0.08259128034114838,0.03045830689370632
1781099243420534500,6.860534423828125,-0.09329399466514587,-0.11342376470565796,0.015985092148184776
1781099243445609500,6.885609375,-0.12252964079380035,-0.11838603019714355,0.01088620349764824
1781099243470685400,6.910685546875,-0.1473977118730545,-0.1021447405219078,0.004248807206749916
1781099243495760600,6.9357607421875,-0.1521674245595932,-0.07448648661375046,0.015431154519319534
1781099243520836600,6.960836669921875,-0.1348683387041092,-0.06328815966844559,0.04219458997249603
1781099243545911600,6.98591162109375,-0.10440683364868164,-0.04716777801513672,0.045154161751270294
1781099243570986500,7.010986572265625,-0.06634306907653809,-0.024107201024889946,0.03423147276043892
1781099243596062700,7.036062744140625,-0.02731790766119957,0.021589448675513268,0.029562419280409813
1781099243621137700,7.0611376953125,0.01303164567798376,0.06240345537662506,0.02965376526117325
1781099243646213600,7.086213623046875,0.0462907999753952,0.060082510113716125,0.01636192947626114
1781099243671288600,7.11128857421875,0.06058318540453911,0.03133182227611542,0.004820055328309536
1781099243696363800,7.13636376953125,0.06584160029888153,0.04487239941954613,0.011782623827457428
1781099243721439500,7.161439453125,0.04898352175951004,0.05513888597488403,0.017116935923695564
1781099243746514400,7.186514404296875,0.018199510872364044,0.058581288903951645,0.00842411071062088
1781099243771590400,7.21159033203125,-0.010208695195615292,0.039205990731716156,-0.010251305997371674
1781099243796665600,7.23666552734375,-0.027109382674098015,0.017181649804115295,-0.031688954681158066
1781099243821740500,7.261740478515625,-0.035289015620946884,-0.023359650745987892,-0.05293778330087662
1781099243846816500,7.28681640625,-0.04693874716758728,-0.017307350412011147,-0.05752747505903244
1781099243871891500,7.311891357421875,-0.047017309814691544,-0.019701000303030014,-0.029955236241221428
1781099243896967700,7.3369677734375,-0.0382070392370224,-0.012300875037908554,0.02045600675046444
1781099243922042600,7.362042724609375,-0.00746244378387928,-0.07712247967720032,0.04078790917992592
1781099243947117600,7.38711767578125,-0.000570981705095619,-0.08852799981832504,0.07365664094686508
1781099243972193500,7.412193603515625,-0.04658907279372215,-0.09822829812765121,-0.00019254654762335122
1781099243997268500,7.4372685546875,-0.05041097477078438,-0.0781366154551506,-0.06106388568878174
1781099244022343400,7.462343505859375,-0.0922527015209198,-0.03266287222504616,-0.0901448056101799
1781099244047419600,7.487419677734375,-0.07425478845834732,0.021447502076625824,-0.062483083456754684
1781099244072494600,7.51249462890625,-0.11222188174724579,0.007002515718340874,-0.021759623661637306
1781099244097570300,7.5375703125,-0.15200524032115936,-0.004168379586189985,-0.001654355670325458
1781099244122645500,7.5626455078125,-0.10268376767635345,0.009771137498319149,0.020254671573638916
1781099244147720400,7.587720458984375,-0.0881761983036995,0.0737900659441948,0.05781989172101021
1781099244172796400,7.61279638671875,-0.05913469195365906,-0.009867810644209385,0.04063371196389198
1781099244197871400,7.637871337890625,0.05902683362364769,0.11732129752635956,-0.008758338168263435
1781099244222947300,7.662947265625,-0.011721104383468628,-0.08009643107652664,-0.07890547066926956
1781099244248022500,7.6880224609375,0.10801355540752411,0.09892524778842926,-0.10400762408971786
1781099244273097500,7.713097412109375,-0.004487959202378988,0.0519859679043293,-0.0639137327671051
1781099244298173400,7.73817333984375,-0.08402193337678909,0.15137754380702972,0.006836866959929466
1781099244323248400,7.763248291015625,-0.08997969329357147,0.16439826786518097,0.09868130087852478
1781099244348324600,7.78832470703125,-0.1654110699892044,0.13257747888565063,0.16223017871379852
1781099244373399600,7.813399658203125,-0.1403091698884964,0.33632874488830566,0.18183530867099762
1781099244398474500,7.838474609375,-0.11356277763843536,0.4102194905281067,0.12241486459970474
1781099244423550500,7.863550537109375,-0.07278285920619965,0.16474448144435883,0.10890357941389084
1781099244448625700,7.888625732421875,0.020107930526137352,0.0862552598118782,0.17255206406116486
1781099244473701400,7.913701416015625,0.08514472097158432,0.24666011333465576,0.13324087858200073
1781099244498776300,7.9387763671875,0.07437782734632492,0.20144043862819672,0.12024997919797897
1781099244523851500,7.9638515625,0.0335150845348835,0.0178770013153553,0.052566803991794586
1781099244548927500,7.988927490234375,-0.012524314224720001,-0.09227214008569717,-0.015125423669815063
1781099244574002400,8.01400244140625,-0.052018724381923676,-0.07986074686050415,-0.018490327522158623
1781099244599077400,8.039077392578125,-0.11069615185260773,-0.006725280545651913,-0.026492327451705933
1781099244624153300,8.0641533203125,-0.09240423142910004,-0.03863288089632988,-0.04007737711071968
1781099244649228500,8.089228515625,0.003993942867964506,-0.0075692362152040005,-0.010006295517086983
1781099244674304500,8.114304443359375,0.09037330746650696,0.07825113087892532,0.006047506351023912
1781099244699379500,8.13937939453125,0.15497680008411407,0.07535414397716522,0.001958488719537854
1781099244724454400,8.164454345703126,0.29129230976104736,0.16341395676136017,-0.027044666931033134
1781099244749530600,8.189530517578126,0.2949584126472473,0.08387412875890732,-0.014312893152236938
1781099244774605600,8.21460546875,0.329169899225235,0.25897058844566345,-0.021319137886166573
1781099244799680500,8.239680419921875,0.20401331782341003,0.1545831859111786,0.017890317365527153
1781099244824756500,8.264756591796875,0.17284926772117615,0.3560055196285248,0.035233620554208755
1781099244849831400,8.28983154296875,-0.02203313075006008,0.18501059710979462,-0.020325511693954468
1781099244874907400,8.314907470703124,-0.1454133838415146,-0.08754076808691025,0.011178085580468178
1781099244899982300,8.339982421875,-0.10112768411636353,-0.08681665360927582,0.06777744740247726
1781099244925057500,8.3650576171875,-0.08486855030059814,0.00464668357744813,0.023690415546298027
1781099244950133500,8.390133544921875,-0.07753366976976395,0.0067239492200315,-0.04704074561595917
1781099244975208400,8.41520849609375,-0.02479030191898346,-0.006607568822801113,-0.06823870539665222
1781099245000284700,8.44028466796875,-0.018152106553316116,-0.040496826171875,-0.0166745837777853
1781099245025359600,8.465359619140624,-0.06747304648160934,-0.07517997175455093,0.023068035021424294
1781099245050434600,8.4904345703125,-0.007013434544205666,0.029881466180086136,0.015018364414572716
1781099245075510800,8.5155107421875,-0.01170565839856863,0.11172732710838318,-0.023210247978568077
1781099245100585700,8.540585693359375,-0.12049472332000732,0.011442803777754307,0.00013448962999973446
1781099245125660700,8.56566064453125,-0.06929465383291245,0.09135148674249649,-0.011533884331583977
1781099245150736600,8.590736572265625,-0.10386621206998825,-0.02485981024801731,-0.046792805194854736
1781099245175811600,8.6158115234375,-0.0577210858464241,-0.14553828537464142,-0.023212112486362457
1781099245200887800,8.6408876953125,0.032472189515829086,0.06671032309532166,-0.08785262703895569
1781099245225962800,8.665962646484376,-0.09068170189857483,-0.0805949792265892,-0.11658679693937302
1781099245251037700,8.69103759765625,0.032531578093767166,0.004572647623717785,-0.09171287715435028
1781099245276113400,8.716113525390625,-0.029652699828147888,-0.07051864266395569,-0.023507190868258476
1781099245301188600,8.741188720703125,-0.03742966428399086,0.0433831587433815,0.02299080230295658
1781099245326263600,8.766263671875,-0.028114724904298782,0.12812015414237976,0.029864421114325523
1781099245351339500,8.791339599609374,-0.14249269664287567,0.009179649874567986,-0.0009635316673666239
1781099245376414500,8.81641455078125,-0.08995039761066437,0.12621226906776428,-0.02347523160278797
1781099245401490700,8.84149072265625,0.010851582512259483,0.07320576906204224,0.057308562099933624
1781099245426565600,8.866565673828125,-0.002478603972122073,0.04565510153770447,0.13955417275428772
1781099245451640600,8.891640625,0.008803611621260643,0.11901959776878357,0.08951549977064133
1781099245476716500,8.916716552734375,0.05925986170768738,0.028254806995391846,-0.039691220968961716
1781099245501791700,8.941791748046874,0.08491915464401245,-0.1392071545124054,-0.15305213630199432
1781099245526866700,8.96686669921875,0.06590098887681961,-0.09897824376821518,-0.12333817780017853
1781099245551942700,8.991942626953126,0.038773760199546814,-0.007590008899569511,-0.07574376463890076
1781099245577017600,9.017017578125,0.047156594693660736,-0.043770648539066315,-0.05758952721953392
1781099245602093800,9.04209375,0.08287064731121063,-0.1825418472290039,-0.06339149177074432
1781099245627168800,9.067168701171875,0.11255903542041779,-0.1547136753797531,-0.0595615990459919
1781099245652243700,9.09224365234375,0.11287461966276169,0.012837501242756844,-0.04115862026810646
1781099245677319400,9.1173193359375,0.054119959473609924,0.013921141624450684,-0.04724154621362686
1781099245702394600,9.14239453125,0.009651029482483864,-0.06987042725086212,-0.037934865802526474
1781099245727469600,9.167469482421875,-0.015717443078756332,-0.05011935904622078,-0.014478807337582111
1781099245752545500,9.192545654296875,-0.04355653375387192,0.05326694995164871,-0.008580172434449196
1781099245777620500,9.217620361328125,-0.07183957099914551,0.07221321016550064,-0.0062669506296515465
1781099245802696700,9.24269677734375,-0.10462787747383118,0.06675213575363159,0.0226251520216465
1781099245827771600,9.267771728515624,-0.11860627681016922,0.04170643538236618,0.0989883616566658
1781099245852846600,9.2928466796875,-0.09158238023519516,0.049205098301172256,0.2237907499074936
1781099245877922600,9.317922607421876,-0.11378835141658783,-0.04974891245365143,0.21175619959831238
1781099245902997800,9.342997802734375,-0.18029867112636566,-0.06329162418842316,0.05614129826426506
1781099245928072700,9.36807275390625,-0.2070581167936325,-0.07731129974126816,-0.011485680937767029
1781099245953148700,9.393148681640625,-0.1982172131538391,0.010746387764811516,0.018433069810271263
1781099245978223900,9.418223876953125,-0.13522493839263916,0.0833825096487999,0.06856441497802734
1781099246003299800,9.4432998046875,-0.06280878931283951,0.06595718115568161,0.04687110334634781
1781099246028374800,9.468374755859376,-0.07054367661476135,0.007220628671348095,0.0234624482691288
1781099246053449700,9.49344970703125,-0.1099209114909172,0.003151318524032831,-0.006623015273362398
1781099246078525700,9.518525634765625,-0.03128841519355774,0.037949513643980026,-0.007637945935130119
1781099246103600600,9.5436005859375,0.13074229657649994,0.09872764348983765,-0.016259396448731422
1781099246128676600,9.568676513671875,0.143513485789299,-0.02684146724641323,-0.03833886608481407
1781099246153751600,9.59375146484375,0.10879518836736679,-0.01245107688009739,-0.05612532049417496
1781099246178826800,9.61882666015625,0.14350762963294983,0.1653846949338913,-0.045695848762989044
1781099246203902700,9.64390283203125,0.12595820426940918,0.15374748408794403,-0.008642223663628101
1781099246228977700,9.668977783203125,0.06647196412086487,0.03948535770177841,-0.02215084247291088
1781099246254052600,9.694052490234375,0.04175916314125061,0.025593243539333344,-0.06235099211335182
1781099246279128800,9.71912890625,0.023443806916475296,0.07661514729261398,-0.05980367958545685
1781099246304203800,9.744203857421875,-0.06597741693258286,0.028267590329051018,-0.031734492629766464
1781099246329279700,9.76927978515625,-0.14571619033813477,-0.003057841444388032,-0.06212036311626434
1781099246354354700,9.794354736328126,-0.12380849570035934,0.059846553951501846,-0.0563676692545414
1781099246379430000,9.819429931640625,-0.09626422077417374,0.09395339339971542,-0.033127859234809875
1781099246404505900,9.844505859375,-0.13783402740955353,0.01913987286388874,-0.0037622477393597364
1781099246429580800,9.869580810546875,-0.1352182775735855,0.03298431634902954,-0.04893531650304794
1781099246454656500,9.894656494140625,-0.07299058884382248,0.16103096306324005,-0.04826526716351509
1781099246479731700,9.919731689453124,-0.04074636474251747,0.14116378128528595,-0.04211203381419182
1781099246504806700,9.944806640625,-0.03915352746844292,0.10551124811172485,-0.0869910940527916
1781099246529882600,9.969882568359376,-0.06052539497613907,0.11661822348833084,-0.10712139308452606
1781099246554957600,9.99495751953125,-0.05237052962183952,0.1697368323802948,-0.1475607007741928
1781099246580032800,10.02003271484375,-0.04872439429163933,0.1720452606678009,-0.1732223778963089
1781099246605108700,10.045108642578125,-0.08256758004426956,0.1276780664920807,-0.15782105922698975
1781099246630183700,10.07018359375,-0.1111036166548729,0.15545031428337097,-0.14205008745193481
1781099246655259600,10.095259765625,-0.10092688351869583,0.2241920828819275,-0.1537187248468399
1781099246680334800,10.1203349609375,-0.12946026027202606,0.2421862632036209,-0.17153607308864594
1781099246705409800,10.145409912109375,-0.17429563403129578,0.2614116370677948,-0.1775636076927185
1781099246730485800,10.17048583984375,-0.15994413197040558,0.2904278337955475,-0.18230456113815308
1781099246755560700,10.195560791015625,-0.12712706625461578,0.2782262861728668,-0.24251410365104675
1781099246780636700,10.22063671875,-0.15318289399147034,0.2815443277359009,-0.30261579155921936
1781099246805712000,10.2457119140625,-0.15720613300800323,0.2790153920650482,-0.37286385893821716
1781099246830786800,10.270786865234374,-0.14439579844474792,0.33313775062561035,-0.4361909031867981
1781099246855862500,10.295862548828126,-0.17374329268932343,0.34855931997299194,-0.5163943767547607
1781099246880937700,10.320937744140625,-0.2337014377117157,0.36066630482673645,-0.7244037985801697
1781099246906013700,10.346013671875,-0.3375977575778961,0.40304094552993774,-0.9228625297546387
1781099246931088600,10.371088623046875,-0.39772552251815796,0.4875262677669525,-1.1168147325515747
1781099246956162800,10.396162841796874,-0.4631604552268982,0.42745572328567505,-1.3463687896728516
1781099246981238800,10.42123876953125,-0.4961482286453247,0.4204888939857483,-1.5632976293563843
1781099247006314000,10.44631396484375,-0.4884932339191437,0.22779054939746857,-1.7047295570373535
1781099247031390000,10.471389892578125,-0.4571313261985779,-0.031009048223495483,-1.819756031036377
1781099247056465000,10.49646484375,-0.4316651225090027,-0.39457181096076965,-1.7871187925338745
1781099247081539800,10.521539794921875,-0.5209294557571411,-0.2818676233291626,-1.688846230506897
1781099247106616000,10.546615966796875,-0.4555289149284363,-0.19180218875408173,-1.5458065271377563
1781099247131691000,10.57169091796875,-0.3450649678707123,-0.012426042929291725,-1.264086127281189
1781099247171812000,10.61181201171875,-0.2670373022556305,0.21331466734409332,-0.7312861680984497
1781099247211932000,10.651931884765625,-0.17134246230125427,0.1880982667207718,-0.26192161440849304
1781099247252053000,10.692052978515624,-0.11445307731628418,0.14620061218738556,0.07701995223760605
1781099247292173800,10.732173828125,-0.002561694709584117,0.14395077526569366,0.306418776512146
1781099247332294000,10.7722939453125,0.03392361104488373,0.0934830754995346,0.5427908301353455
1781099247372415000,10.8124150390625,-0.4436804950237274,-0.02479935623705387,0.32495197653770447
1781099247412535800,10.852535888671875,-0.43974143266677856,-0.22197102010250092,-0.04464523121714592
1781099247452656000,10.89265625,-0.10612829774618149,-0.17795029282569885,0.08733117580413818
1781099247492777000,10.93277685546875,-0.1893094778060913,-0.05272073671221733,0.21367287635803223
1781099247532897000,10.97289697265625,-0.17052513360977173,-0.08305014669895172,0.17741499841213226
1781099247573018000,11.01301806640625,-0.14528289437294006,-0.08723317086696625,0.11834555119276047
1781099247613139000,11.053138916015625,-0.146033376455307,-0.1654243767261505,0.19817247986793518
1781099247653259000,11.093259033203125,-0.08079231530427933,-0.05636260658502579,0.10286059975624084
1781099247693379800,11.1333798828125,-0.0290612131357193,-0.14718811213970184,0.027539482340216637
1781099247733501000,11.1735009765625,0.016050871461629868,-0.07798987627029419,0.11869922280311584
1781099247773620700,11.213620849609375,0.05835651606321335,-0.1905212104320526,0.3060203790664673
1781099247813741800,11.253741943359374,0.006717291194945574,-0.2991286516189575,0.3085538446903229
1781099247853863000,11.29386279296875,0.0025121597573161125,-0.21547982096672058,0.34675902128219604
1781099247893983000,11.33398291015625,-0.018198179081082344,-0.1160011738538742,0.16558869183063507
1781099247934104000,11.37410400390625,0.006776147056370974,-0.16371142864227295,-0.14441683888435364
1781099247974225700,11.4142255859375,-0.011388209648430347,0.024338895455002785,0.012176505289971828
1781099248014346000,11.454345947265624,-0.03128015995025635,0.32548782229423523,-0.030185865238308907
1781099248054466800,11.494466796875,-0.02580789476633072,0.07218445092439651,-0.18461191654205322
1781099248094588000,11.534587890625,-0.042924828827381134,0.0021670141723006964,-0.08157341927289963
1781099248134708000,11.5747080078125,-0.07747668027877808,-0.049743056297302246,0.028802353888750076
1781099248174828800,11.614828857421875,-0.15945278108119965,-0.08106156438589096,-0.01059272326529026
1781099248214950000,11.654949951171876,-0.11100295186042786,-0.13468298316001892,0.09653293341398239
1781099248255069700,11.695069580078124,-0.044921137392520905,0.012406602501869202,-0.04435920715332031
1781099248295190800,11.735190673828125,0.04710173234343529,0.12871617078781128,-0.2740328907966614
1781099248335312000,11.775311767578126,0.1447092443704605,0.34656408429145813,-0.40933266282081604
1781099248375431700,11.815431640625,0.13003842532634735,0.332269549369812,-0.47279685735702515
1781099248415552800,11.855552734375,-0.004110855516046286,0.1395999789237976,-0.18273891508579254
1781099248455673900,11.895673828125,-0.231435626745224,0.015393603593111038,0.42116719484329224
1781099248495794000,11.9357939453125,-0.16224536299705505,-0.25269269943237305,0.27048608660697937
1781099248535915000,11.9759150390625,-0.16500812768936157,-0.13434316217899323,0.015234879218041897
1781099248576035800,12.016035888671874,-0.279556542634964,-0.06715959310531616,0.16421957314014435
1781099248616156000,12.056156005859375,-0.1472025066614151,-0.10001421719789505,0.2636287212371826
1781099248656277000,12.096277099609376,0.020795293152332306,0.04800534248352051,0.030612504109740257
1781099248696397800,12.136397705078124,0.013380253687500954,0.14752927422523499,-0.11242561042308807
1781099248736518000,12.176517822265625,-0.01757127046585083,-0.051589157432317734,-0.03345276415348053
1781099248776638700,12.216638671875,-0.020384633913636208,-0.022730613127350807,0.052441369742155075
1781099248816759800,12.256759765625,-0.08831228315830231,0.018577147275209427,0.0441775806248188
1781099248856879900,12.2968798828125,-0.056410811841487885,0.025660356506705284,0.016221048310399055
1781099248897000700,12.337000732421876,-0.03898122161626816,-0.004913798533380032,-0.04571129381656647
1781099248937121800,12.377121826171875,0.06946589052677155,-0.02869263105094433,-0.10239028930664062
1781099248977242000,12.4172421875,0.06676145642995834,-0.029828468337655067,-0.038669098168611526
1781099249017362200,12.457362060546876,0.03849705681204796,-0.09417203813791275,-0.037947915494441986
1781099249057483300,12.497483154296875,-0.01625167392194271,-0.03225034847855568,-0.0868115946650505
1781099249097604000,12.53760400390625,-0.0408526249229908,0.02581268921494484,0.04424522444605827
1781099249137724200,12.57772412109375,-0.025840651243925095,0.019451195374131203,-0.03139014542102814
1781099249177845000,12.617844970703125,-0.011500328779220581,0.004992361646145582,-0.03479073569178581
1781099249217966000,12.657966064453126,-0.06618274748325348,-0.03500378876924515,-0.007570301648229361
1781099249258086000,12.6980859375,-0.09560961276292801,-0.08175797760486603,-0.04489690065383911
1781099249298207000,12.73820703125,-0.06801766902208328,-0.05766276270151138,0.03898601606488228
1781099249338328000,12.778328125,-0.10639994591474533,0.03647332265973091,0.06411933153867722
1781099249378448100,12.8184482421875,-0.18752647936344147,-0.09524795413017273,0.07407902181148529
1781099249418569000,12.85856884765625,-0.0804908499121666,0.018309231847524643,0.07108137011528015
1781099249458690000,12.89868994140625,-0.0986003428697586,-0.10922741889953613,0.030349649488925934
1781099249498811000,12.938810791015625,-0.04996702820062637,0.078995481133461,0.05078355222940445
1781099249538931200,12.97893115234375,-0.04817818105220795,-0.07410138845443726,0.09816838055849075
1781099249579052000,13.019052001953124,-0.044734448194503784,-0.11241336166858673,-0.04161588475108147
1781099249619173000,13.059173095703125,-0.024356205016374588,-0.1065240427851677,0.06526236236095428
1781099249659293200,13.099293212890625,-0.06141702085733414,0.1025889590382576,0.07164862006902695
1781099249699414000,13.1394140625,-0.06713349372148514,-0.07733739912509918,-0.03646746277809143
1781099249739535000,13.17953515625,-0.04704660549759865,0.06651724129915237,-0.03593349829316139
1781099249779655000,13.219655029296876,-0.025074193254113197,0.07214955985546112,0.0033310819417238235
1781099249819776000,13.25977587890625,-0.03286074474453926,-0.0440545417368412,0.0412859208881855
1781099249859897000,13.29989697265625,-0.03443946689367294,-0.03226712718605995,0.03247671574354172
1781099249900018000,13.340017822265626,-0.030850058421492577,-0.08909818530082703,0.0003102582704741508
1781099249940138000,13.380137939453125,-0.08528107404708862,-0.0590372197329998,0.10271492600440979
1781099249980259300,13.42025927734375,-0.010522415861487389,0.05987105518579483,0.0319688506424427
1781099250020380400,13.46038037109375,0.020113524049520493,0.06676438450813293,0.10884792357683182
1781099250060500500,13.50050048828125,0.011938950978219509,0.041796714067459106,0.10938641428947449
1781099250100621600,13.54062158203125,0.01896383799612522,-0.03448047861456871,-0.013814082369208336
1781099250140742700,13.58074267578125,-0.04592248424887657,-0.049792323261499405,0.10499272495508194
1781099250180863700,13.62086376953125,0.019654395058751106,-0.06688688695430756,0.04219965264201164
1781099250220983600,13.660983642578126,0.011776764877140522,-0.033061280846595764,0.12737739086151123
1781099250261104600,13.701104736328125,0.009186041541397572,-0.11439927667379379,0.21145232021808624
1781099250301225500,13.7412255859375,0.08077607303857803,-0.09165215492248535,0.21951238811016083
1781099250341346600,13.7813466796875,0.09447270631790161,-0.0772271454334259,0.1595126986503601
1781099250381466400,13.82146630859375,0.11985103785991669,-0.07644550502300262,-0.058863315731287
1781099250421587500,13.86158740234375,0.01534886285662651,-0.061109159141778946,-0.009344233199954033
1781099250461708500,13.90170849609375,-0.03409591689705849,0.06006493419408798,0.02581535093486309
1781099250501828400,13.941828369140625,-0.09356510639190674,0.19669441878795624,0.03032648004591465
1781099250541949400,13.981949462890626,-0.11759188026189804,0.09561759978532791,0.08584752678871155
1781099250582070500,14.022070556640625,-0.12085185199975967,-0.04003263637423515,-0.012900352478027344
1781099250622191400,14.06219140625,-0.021529793739318848,0.06077200546860695,0.044497694820165634
1781099250662311700,14.102311767578126,-0.01876622997224331,0.0846397876739502,0.0013587448047474027
1781099250702432500,14.1424326171875,-0.010230532847344875,0.032399486750364304,0.037400901317596436
1781099250742553600,14.1825537109375,0.04044462740421295,0.08115290850400925,-0.029226329177618027
1781099250782674400,14.22267431640625,0.06132088229060173,0.26509636640548706,-0.14771915972232819
1781099250822794500,14.26279443359375,0.05667899176478386,0.1983247995376587,-0.311424195766449
1781099250862915600,14.30291552734375,-0.062070559710264206,0.010559434071183205,0.03573056682944298
1781099250903036700,14.34303662109375,-0.006373210810124874,-0.0899738296866417,0.22488105297088623
1781099250943157500,14.383157470703125,-0.02875574864447117,0.06995857506990433,0.15595950186252594
1781099250983277600,14.423277587890626,0.018156899139285088,0.16845080256462097,-0.028967203572392464
1781099251023398400,14.4633984375,0.05964016169309616,0.03694630041718483,0.008679508231580257
1781099251063519500,14.50351953125,0.09905654191970825,-0.0943283662199974,-0.03494839742779732
1781099251103640600,14.543640625,0.08951497077941895,0.13203206658363342,-0.08979380130767822
1781099251143760400,14.583760498046875,0.008579107001423836,0.14232492446899414,0.06853777915239334
1781099251183881500,14.623881591796875,0.09670577198266983,0.12568043172359467,-0.046010103076696396
1781099251224002300,14.664002197265624,0.1198318600654602,-0.026195650920271873,0.005474127363413572
1781099251264123400,14.704123291015625,0.045211419463157654,-0.0540190264582634,0.012938701547682285
1781099251304243500,14.744243408203126,0.05981486290693283,0.050028812140226364,0.0015962987672537565
1781099251344364300,14.7843642578125,0.08810695260763168,0.19526110589504242,0.09131020307540894
1781099251384485400,14.8244853515625,0.13170263171195984,0.09816811233758926,-0.029621008783578873
1781099251424605400,14.86460546875,0.07768307626247406,0.05455645173788071,-0.025501098483800888
1781099251464726500,14.9047265625,0.09318294376134872,0.1523732990026474,-0.08263549208641052
1781099251504847600,14.94484765625,0.1011926606297493,0.03194275125861168,-0.09421811252832413
1781099251544968400,14.984968505859374,0.00017683389887679368,0.04679733142256737,0.05518123134970665
1781099251585089500,15.025089599609375,0.053457099944353104,0.17278829216957092,-0.16538256406784058
1781099251625209600,15.065209716796875,0.06510443240404129,-0.056645702570676804,0.0007827030494809151
1781099251665330400,15.105330322265624,0.028915803879499435,0.1310429722070694,-0.07735950499773026
1781099251705451500,15.145451416015625,0.11290711164474487,0.1175985336303711,0.03394491598010063
1781099251745572600,15.185572509765626,-0.0784764289855957,0.035774242132902145,-0.1178416833281517
1781099251785692400,15.2256923828125,0.12518374621868134,0.0833795815706253,-0.017607223242521286
1781099251825813500,15.2658134765625,0.028174646198749542,0.1615060716867447,0.11182932555675507
1781099251865934300,15.305934326171876,0.05229782685637474,0.06755480915307999,-0.0440572053194046
1781099251906055400,15.346055419921875,-0.008753277361392975,-0.04698029160499573,0.07584309577941895
1781099251946175500,15.386175537109375,0.023613184690475464,0.18763194978237152,0.05318226292729378
1781099251986296600,15.426296630859374,0.02750779129564762,0.09740005433559418,0.05993017926812172
1781099252026417700,15.466417724609375,0.039080023765563965,0.12487348914146423,-0.06742138415575027
1781099252066538500,15.50653857421875,0.01073759887367487,0.18445932865142822,0.028011394664645195
1781099252106659600,15.54665966796875,0.04104463756084442,0.10890118032693863,-0.07959522306919098
1781099252146779600,15.586779541015625,0.014867362566292286,0.19382646679878235,0.05676021799445152
1781099252186900700,15.626900634765626,-0.011889150366187096,0.10488460212945938,-0.052615273743867874
1781099252227021600,15.667021484375,0.050269294530153275,0.12843413650989532,0.10038332641124725
1781099252267142700,15.707142578125,0.06673935055732727,0.20150195062160492,0.03284343332052231
1781099252307262700,15.7472626953125,0.17072060704231262,0.11292548477649689,0.07453229278326035
1781099252347383800,15.7873837890625,0.036672793328762054,0.09410199522972107,-0.033718548715114594
1781099252387504600,15.827504638671876,0.12229395657777786,0.10265793651342392,0.08570824563503265
1781099252427625700,15.867625732421875,0.07670675963163376,0.1814294457435608,0.03922490030527115
1781099252467746800,15.907746826171875,0.15096208453178406,0.0463496558368206,-0.19043013453483582
1781099252507866600,15.94786669921875,0.16672000288963318,0.06934285163879395,-0.05399292707443237
1781099252547987700,15.98798779296875,0.1639721542596817,0.16657805442810059,-0.18607506155967712
1781099252588108500,16.028108642578125,0.12626206874847412,0.005285575985908508,-0.11921587586402893
1781099252628229600,16.068229736328124,0.07571473717689514,0.02280651219189167,-0.03669010475277901
1781099252668349700,16.108349609375,0.12535393238067627,0.06282956153154373,-0.11296702921390533
1781099252708470500,16.148470458984374,0.1141848936676979,0.07288326323032379,-0.10360974818468094
1781099252748591600,16.188591552734376,0.09783654659986496,0.06417765468358994,-0.005312207154929638
1781099252788712700,16.228712646484375,0.08357878029346466,0.07070932537317276,0.06895030289888382
1781099252828833500,16.26883349609375,0.052265867590904236,-0.02370266616344452,-0.0555463507771492
1781099252868953600,16.30895361328125,0.09263060241937637,-0.048043958842754364,-0.10007147490978241
1781099252909074400,16.349074462890623,0.08257290720939636,0.13817225396633148,0.03386076167225838
1781099252949195500,16.389195556640626,0.0838237926363945,0.16157105565071106,-0.0013693973887711763
1781099252989316400,16.42931640625,0.09856492280960083,0.15048111975193024,-0.15813371539115906
1781099253029436200,16.469436279296875,0.028298482298851013,0.13464835286140442,0.10071462392807007
1781099253069557200,16.50955712890625,0.12215040624141693,0.15542633831501007,-0.03777028247714043
1781099253109678300,16.54967822265625,0.0909205824136734,0.1673213541507721,-0.1374894231557846
1781099253149799200,16.589799072265624,0.1100628525018692,0.13293461501598358,-0.01062388252466917
1781099253189920300,16.629920166015626,0.1110365092754364,0.18413707613945007,-0.054072290658950806
1781099253230040300,16.670040283203125,0.14772261679172516,0.2305208295583725,-0.0046813045628368855
1781099253270161200,16.7101611328125,0.09632387012243271,-0.003466104157269001,-0.08456175774335861
1781099253310282200,16.7502822265625,0.1279691457748413,0.01101723127067089,0.005064799915999174
1781099253350403300,16.7904033203125,0.06795161962509155,0.0926138237118721,-0.08769256621599197
1781099253390524200,16.830524169921876,0.13331064581871033,0.06354089081287384,-0.10257910192012787
1781099253430644200,16.870644287109375,0.15052080154418945,0.28311052918434143,-0.015052719041705132
1781099253470765000,16.91076513671875,0.16025517880916595,0.14457742869853973,-0.10309229791164398
1781099253510886100,16.95088623046875,0.08808431774377823,-0.04680425673723221,-0.20903897285461426
1781099253551007200,16.99100732421875,0.08900657296180725,0.15019455552101135,-0.022959643974900246
1781099253591128000,17.031128173828126,0.013548033311963081,0.02828703075647354,-0.05853095278143883
1781099253631248100,17.071248046875,0.0834466889500618,-0.08549093455076218,-0.023783093318343163
1781099253671369200,17.111369140625,0.17424637079238892,-0.009090966545045376,-0.10143447667360306
1781099253711490000,17.151489990234374,0.13157932460308075,-0.14177444577217102,0.03945712745189667
1781099253751611100,17.191611083984377,0.17262130975723267,-0.26597708463668823,0.02491893246769905
1781099253791732200,17.231732177734376,0.15176209807395935,-0.23821203410625458,0.06404636055231094
1781099253831852300,17.271852294921874,0.19384802877902985,-0.037462152540683746,0.002695119008421898
1781099253871973400,17.311973388671873,0.19777965545654297,0.007084807381033897,-0.062435414642095566
1781099253912094200,17.35209423828125,0.22007085382938385,-0.03308657929301262,-0.2295447736978531
1781099253952215000,17.392215087890627,0.1734657883644104,0.07682580500841141,-0.18314185738563538
1781099253992336000,17.4323359375,0.030909979715943336,-0.029287314042448997,-0.10301399976015091
1781099254032456000,17.4724560546875,-0.027638019993901253,0.09973857551813126,-0.1560457944869995
1781099254072576800,17.51257666015625,-0.054074954241514206,0.10389523953199387,0.12560425698757172
1781099254112697900,17.55269775390625,0.02732589654624462,0.1933593451976776,-0.08063625544309616
1781099254152819000,17.59281884765625,0.05867529660463333,0.0352671779692173,-0.0986674576997757
1781099254192939800,17.632939697265623,0.10150744765996933,0.10599620640277863,0.005438175052404404
1781099254233059800,17.673059814453126,0.09230010211467743,0.1315803974866867,0.0012985573848709464
1781099254273181000,17.713180908203125,0.12321700900793076,0.0019595539197325706,-0.16572505235671997
1781099254313301800,17.7533017578125,0.17216376960277557,-0.08405681699514389,0.06938200443983078
1781099254353422800,17.7934228515625,0.16050179302692413,0.23106996715068817,-0.04487799108028412
1781099254393544000,17.8335439453125,0.031065240502357483,0.011640943586826324,-0.12106330692768097
1781099254433664800,17.873664794921876,0.1449558585882187,0.0975116416811943,0.035121768712997437
1781099254473784800,17.913784912109374,0.09425566345453262,0.4787370264530182,-0.4654020369052887
1781099254513905700,17.95390576171875,0.07515493780374527,0.01555419247597456,-0.36814552545547485
1781099254554026800,17.99402685546875,0.07887057960033417,0.0548214353621006,0.23292113840579987
1781099254594147800,18.03414794921875,0.06220212206244469,0.18880480527877808,0.1600695550441742
1781099254634268700,18.0742685546875,-0.019629627466201782,-0.16603636741638184,-0.07726921886205673
1781099254674389000,18.114388916015624,0.1351889818906784,0.08119764924049377,0.03789731487631798
1781099254714510000,18.154510009765627,0.06304820626974106,0.1668611615896225,0.1361578404903412
1781099254754631000,18.194630859375,0.2881276607513428,0.11476360261440277,-0.19049698114395142
1781099254794752000,18.234751953125,0.16502997279167175,0.05307839810848236,-0.20236322283744812
1781099254834873000,18.274873046875,0.0709679126739502,0.08455856144428253,-0.006028064992278814
1781099254874994000,18.314993896484374,0.13105416297912598,0.10589021444320679,-0.053170811384916306
1781099254915114000,18.355114013671876,0.0370245985686779,0.08357319235801697,-0.1196153461933136
1781099254955235000,18.395235107421875,0.11007323861122131,0.053408630192279816,0.055627577006816864
1781099254995356200,18.435356201171874,0.1607486754655838,0.2612651586532593,-0.11076859384775162
1781099255035477200,18.475477294921873,0.13673201203346252,-0.015151788480579853,0.00041545313433744013
1781099255075598000,18.51559814453125,0.10436608642339706,0.1429254561662674,-0.025017201900482178
1781099255115719200,18.55571923828125,0.07567664980888367,0.06260186433792114,0.1477990448474884
1781099255155839000,18.5958388671875,0.12579014897346497,0.14180107414722443,-0.14697693288326263
1781099255195960000,18.6359599609375,0.11402110755443573,-0.08436521142721176,-0.22896873950958252
1781099255236081200,18.6760810546875,0.19457001984119415,0.22508877515792847,0.05307547003030777
1781099255276202200,18.7162021484375,0.12423273175954819,0.1576514095067978,-0.11341524124145508
1781099255316323000,18.756322998046876,0.11531966924667358,0.029939789324998856,-0.10116789489984512
1781099255356444200,18.796444091796875,0.10826495289802551,-0.004011785611510277,-0.12432834506034851
1781099255396564000,18.83656396484375,0.12174054980278015,0.1392979770898819,-0.011241735890507698
1781099255436685000,18.87668505859375,0.14640195667743683,0.11475347727537155,-0.0245444905012846
1781099255476806100,18.91680615234375,0.12598110735416412,-0.01296613272279501,-0.26444098353385925
1781099255516927000,18.956927001953126,0.08378677815198898,-0.004282895475625992,-0.0997319221496582
1781099255557048000,18.997048095703125,0.13057851791381836,0.14801663160324097,0.03305036202073097
1781099255597169200,19.037169189453124,0.03694257140159607,0.08037792891263962,-0.24069437384605408
1781099255637289000,19.0772890625,0.05956532433629036,-0.0638604685664177,-0.012285960838198662
1781099255677410000,19.11741015625,0.1102687194943428,0.19654607772827148,0.017165403813123703
1781099255717531000,19.15753076171875,0.10185632109642029,0.02503211610019207,-0.0938338190317154
1781099255757652000,19.19765185546875,0.09167639166116714,-0.018610969185829163,-0.17942248284816742
1781099255797773000,19.23777294921875,0.14691221714019775,0.07079747319221497,0.03773273155093193
1781099255837894100,19.27789404296875,0.13976988196372986,0.21475358307361603,-0.16117051243782043
1781099255878014200,19.31801416015625,0.10134206712245941,-0.11903344839811325,-0.1209663674235344
1781099255918135000,19.358135009765626,0.16912643611431122,0.19612370431423187,-0.02827797643840313
1781099255958256000,19.398256103515624,0.04103638231754303,-0.0054602790623903275,-0.16603504121303558
1781099255998377000,19.438376953125,0.16725130379199982,0.1291513293981552,0.08428558707237244
1781099256038498000,19.478498046875,0.10043419897556305,0.09418189525604248,-0.11745845526456833
1781099256078619000,19.518618896484377,0.07349605858325958,-0.03783872351050377,-0.02605956420302391
1781099256118740000,19.558739990234375,0.15440528094768524,0.15569213032722473,-0.032175514847040176
1781099256158860000,19.598860107421874,0.06914284825325012,0.11979138106107712,-0.08248502016067505
1781099256198981000,19.638981201171877,0.09870713204145432,0.18364305794239044,-0.1489705741405487
1781099256239102200,19.679102294921876,0.08018910884857178,-0.05419772490859032,0.028414065018296242
1781099256279223000,19.71922314453125,0.16404779255390167,0.23748871684074402,-0.24909238517284393
1781099256319344000,19.75934423828125,0.11236222833395004,-0.03616759181022644,0.03424079343676567
1781099256359465200,19.79946533203125,0.18845166265964508,0.10981171578168869,0.03340216353535652
1781099256399585000,19.8395849609375,0.1920756995677948,-0.059057194739580154,-0.31669726967811584
1781099256439706000,19.8797060546875,0.17511989176273346,0.041244909167289734,-0.05921964719891548
1781099256479827200,19.9198271484375,0.11601635068655014,0.09265057742595673,0.0745333582162857
1781099256519948000,19.959947998046875,0.15914970636367798,0.16281715035438538,-0.20325857400894165
1781099256560069000,20.000069091796874,-0.02689153514802456,-0.1623889058828354,-0.11225543171167374
1781099256600190200,20.040190185546876,0.181378573179245,0.11671223491430283,-0.07521911710500717
1781099256640311000,20.08031103515625,0.04236689954996109,0.20349586009979248,-0.231438547372818
1781099256680431000,20.12043115234375,0.15159271657466888,-0.04211709275841713,-0.09949250519275665
1781099256720552000,20.160552001953125,0.10056468844413757,0.19258862733840942,0.02600283920764923
1781099256760673000,20.200673095703124,0.17733962833881378,-0.003537743119522929,-0.11493510752916336
1781099256800794000,20.240794189453126,0.1277153491973877,-0.0471360869705677,-0.1865573674440384
1781099256840915200,20.280915283203125,0.13492345809936523,0.09220556169748306,0.1501690000295639
1781099256881036000,20.3210361328125,0.1421203911304474,0.22088204324245453,-0.10799464583396912
1781099256921157000,20.3611572265625,0.06626664102077484,-0.08486349135637283,-0.13228081166744232
1781099256961277200,20.401277099609374,0.04813237488269806,0.1540960967540741,0.02317109890282154
1781099257001398300,20.441398193359376,0.07582712173461914,0.11566614359617233,0.1302751749753952
1781099257041519400,20.481519287109375,0.14302293956279755,0.01859259232878685,-0.19494791328907013
1781099257081640200,20.52164013671875,0.13070768117904663,-0.07281002402305603,-0.11277288943529129
1781099257121761300,20.56176123046875,0.258784681558609,0.1625460386276245,-0.07264304161071777
1781099257161882400,20.60188232421875,0.2407074123620987,0.0966024398803711,-0.34275415539741516
1781099257202003200,20.642003173828126,0.15595071017742157,0.1031665951013565,0.001856489572674036
1781099257242123300,20.682123291015625,0.12059912085533142,0.013789582066237926,-0.10585692524909973
1781099257282244400,20.722244384765624,0.13688142597675323,-0.10997869819402695,-0.14215287566184998
1781099257322365200,20.762365234375,0.1853189915418625,0.0213023591786623,-0.054124221205711365
1781099257362486300,20.802486328125,0.17847919464111328,-0.055482167750597,0.061172276735305786
1781099257402607400,20.842607421875,0.1674633026123047,-0.09331263601779938,-0.08499451726675034
1781099257442728200,20.882728271484375,0.1765713095664978,-0.15868231654167175,-0.1608879566192627
1781099257482849300,20.922849365234374,0.15940217673778534,0.2055283933877945,-0.08763078600168228
1781099257522969300,20.96296923828125,0.07072529941797256,0.18773899972438812,-0.14377474784851074
1781099257563090400,21.00309033203125,0.05186186730861664,0.1074305847287178,-0.17571642994880676
1781099257603211500,21.04321142578125,0.052569467574357986,0.009816944599151611,-0.12428812682628632
1781099257643332400,21.083332275390624,0.11446532607078552,0.10925138741731644,-0.08547335863113403
1781099257683453400,21.123453369140623,0.0891818106174469,-0.007010771427303553,-0.015614645555615425
1781099257723574300,21.16357421875,0.1576964259147644,-0.0303800106048584,-0.24284833669662476
1781099257763695400,21.2036953125,0.12981605529785156,-0.023877635598182678,-0.06125856190919876
1781099257803815400,21.2438154296875,0.19090017676353455,0.18237219750881195,-0.08133107423782349
1781099257843936500,21.2839365234375,0.06970717757940292,-0.03508048877120018,-0.208181694149971
1781099257884057300,21.324057373046877,0.04664073884487152,-0.07423614710569382,0.03927789628505707
1781099257924178400,21.364178466796876,0.11061199754476547,0.11916953325271606,-0.08729655295610428
1781099257964299300,21.40429931640625,0.06423597782850266,0.08346879482269287,-0.24626196920871735
1781099258004420400,21.44442041015625,0.09316962212324142,0.08463259786367416,-0.02942153811454773
1781099258044541200,21.484541259765624,0.15082679688930511,0.013261476531624794,-0.3018152415752411
1781099258084662300,21.524662353515627,0.13384142518043518,0.09990023076534271,-0.25798413157463074
1781099258124782300,21.5647822265625,0.08143360912799835,0.07472936809062958,0.0946921557188034
1781099258164903200,21.604903076171876,0.1131473258137703,-0.0877666026353836,-0.22611701488494873
1781099258205024300,21.645024169921875,0.1411760300397873,-0.18117457628250122,-0.1144070029258728
1781099258245145300,21.685145263671874,0.153451606631279,-0.12401515245437622,0.005191565956920385
1781099258285266200,21.72526611328125,0.14386023581027985,-0.07408647984266281,-0.34306228160858154
1781099258325387300,21.76538720703125,0.12946105003356934,-0.16537325084209442,-0.15100336074829102
1781099258365508400,21.80550830078125,0.15264759957790375,-0.0037848844658583403,-0.20864881575107574
1781099258405629200,21.845629150390625,0.10846948623657227,-0.14378300309181213,-0.30177822709083557
1781099258445749200,21.885749267578124,0.10551417618989944,-0.028927788138389587,-0.025555161759257317
1781099258485870000,21.9258701171875,0.15967755019664764,-0.030534472316503525,-0.06302770227193832
1781099258525991200,21.9659912109375,0.04476534202694893,-0.34005823731422424,-0.2780803442001343
1781099258566112300,22.0061123046875,0.04844582825899124,-0.11142825335264206,-0.0033867419697344303
1781099258606233000,22.046233154296875,0.1270114779472351,0.12794837355613708,-0.0020535634830594063
1781099258646354200,22.086354248046874,0.027965854853391647,-0.06284607201814651,-0.23185427486896515
1781099258686475300,22.126475341796876,0.05987584963440895,-0.3309462368488312,-0.08350261300802231
1781099258726596000,22.16659619140625,0.11402377486228943,0.10946337878704071,-0.061470549553632736
1781099258766716200,22.206716064453126,0.07142118364572525,-0.03146391734480858,0.0024799355305731297
1781099258806837200,22.246837158203125,0.0655856654047966,-0.06873485445976257,0.02913072146475315
1781099258846958000,22.2869580078125,0.09570042788982391,0.01738671399652958,-0.14193131029605865
1781099258887079200,22.3270791015625,0.0033129723742604256,-0.14721688628196716,-0.0348365418612957
1781099258927200300,22.3672001953125,0.05694317817687988,0.06585118174552917,0.09658273309469223
1781099258967321600,22.407321533203124,-0.002552107209339738,0.09869168698787689,-0.025606293231248856
1781099259007442700,22.447442626953126,0.07079427689313889,-0.048466600477695465,-0.10653655976057053
1781099259047563800,22.487563720703125,0.05188556760549545,-0.04102706164121628,-0.10747293382883072
1781099259087683600,22.52768359375,0.09503623098134995,0.13909797370433807,0.0875740572810173
1781099259127804700,22.5678046875,0.12452222406864166,0.014059360139071941,-0.1286860704421997
1781099259167925500,22.607925537109374,0.1012166291475296,-0.12117942422628403,-0.18980269134044647
1781099259208046600,22.648046630859376,0.05464034155011177,-0.021951638162136078,0.11145754903554916
1781099259248167700,22.688167724609375,0.13080568611621857,0.00911600049585104,-0.06598061323165894
1781099259288288500,22.72828857421875,0.08167728781700134,-0.05841910094022751,-0.22584804892539978
1781099259328409600,22.76840966796875,0.054964181035757065,-0.026396986097097397,0.11529117077589035
1781099259368530700,22.80853076171875,0.09694971889257431,0.04090189188718796,-0.013229252770543098
1781099259408650800,22.848650634765626,0.06592841446399689,-0.011414840817451477,-0.14985661208629608
1781099259448771800,22.888771728515625,0.08782865852117538,-0.08082747459411621,0.1004461795091629
1781099259488892700,22.928892578125,0.07581247389316559,-0.034755315631628036,-0.09024067968130112
1781099259529013800,22.969013671875,0.03176591917872429,0.043537091463804245,-0.04382497817277908
1781099259569134600,23.009134521484373,0.06067559868097305,0.03514121100306511,0.08402007073163986
1781099259609255700,23.049255615234376,0.0024804682470858097,0.04723861813545227,-0.13006265461444855
1781099259649376500,23.08937646484375,0.06081328168511391,0.028989041224122047,-0.06566982716321945
1781099259689497600,23.12949755859375,0.08171989768743515,0.17365221679210663,-0.1318855881690979
1781099259729618700,23.16961865234375,0.04553712531924248,0.259309858083725,-0.1536838412284851
1781099259769738800,23.20973876953125,0.09744692593812943,0.12459998577833176,-0.05235481634736061
1781099259809859800,23.24985986328125,0.015245798043906689,-0.19080457091331482,-0.06012938171625137
1781099259849980700,23.289980712890625,0.0030269487760961056,-0.14765070378780365,-0.07857204228639603
1781099259890101800,23.330101806640624,0.00558145297691226,0.036074914038181305,0.015028484165668488
1781099259930222800,23.370222900390626,0.10261745750904083,-0.08903799951076508,-0.1844816952943802
1781099259970343000,23.410343017578125,0.08687524497509003,-0.32120439410209656,-0.18730944395065308
1781099260010464000,23.450464111328124,0.14964115619659424,-0.12757261097431183,-0.23953376710414886
1781099260050584800,23.490584716796874,0.0347723625600338,-0.11765871942043304,-0.2945120632648468
1781099260090705000,23.530704833984377,0.003192331176251173,-0.21920904517173767,-0.18833822011947632
1781099260130825700,23.57082568359375,-0.02490348555147648,-0.18666309118270874,-0.14199335873126984
1781099260170946800,23.61094677734375,0.044969070702791214,-0.25769174098968506,-0.20527060329914093
1781099260211068000,23.65106787109375,0.028078239411115646,-0.3861311972141266,-0.27038222551345825
1781099260251189000,23.69118896484375,0.03753991797566414,-0.46746039390563965,-0.18824633955955505
1781099260291309800,23.731309814453127,-0.06165936961770058,-0.30421608686447144,-0.3432084918022156
1781099260331431000,23.771430908203126,-0.07279804348945618,-0.3451438248157501,-0.10471788793802261
1781099260371552000,23.811552001953125,-0.09619950503110886,-0.15912334620952606,-0.13952140510082245
1781099260411672800,23.8516728515625,-0.15984664857387543,-0.4277297556400299,-0.3067375719547272
1781099260451793000,23.89179296875,-0.10689236223697662,-0.3360256850719452,-0.09237227588891983
1781099260491913700,23.931913818359376,-0.18777069449424744,-0.05181046575307846,-0.04754594713449478
1781099260532034800,23.972034912109375,-0.19869498908519745,-0.05643691122531891,0.010863833129405975
1781099260572156000,24.012156005859374,-0.22511939704418182,-0.262741357088089,-0.025435585528612137
1781099260612276700,24.05227685546875,-0.19166983664035797,-0.2530066967010498,0.0652807354927063
1781099260652397800,24.092397705078124,-0.20950688421726227,-0.03783872351050377,0.24631310999393463
1781099260692519000,24.132518798828126,-0.16577325761318207,-0.06404289603233337,-0.015184279531240463
1781099260732639700,24.1726396484375,-0.4170435667037964,-0.34114187955856323,-0.2429758906364441
1781099260772760800,24.2127607421875,-0.1785804033279419,0.1736879050731659,0.123694509267807
1781099260812882000,24.2528818359375,-0.16082963347434998,0.7590562701225281,-0.22157101333141327
1781099260853002800,24.293002685546874,-0.33743423223495483,-0.11630317568778992,-0.42946746945381165
1781099260893122800,24.333122802734376,-0.13986575603485107,-0.29339325428009033,0.43306249380111694
1781099260933244000,24.373243896484375,-0.17318616807460785,0.3210877478122711,0.43888282775878906
1781099260973365200,24.413365234375,-0.03869333490729332,0.0014362427173182368,-0.031245270743966103
1781099261013486000,24.453486083984377,-0.18859973549842834,-0.33173584938049316,-0.014995461329817772
1781099261053607200,24.493607177734376,-0.013646570034325123,0.19210366904735565,0.4435558617115021
1781099261093728300,24.533728271484375,-0.14562617242336273,0.7215773463249207,0.08673808723688126
1781099261133849000,24.57384912109375,-0.04186356067657471,-0.1832750141620636,-0.08825715631246567
1781099261173970200,24.61397021484375,-0.19046369194984436,0.28869226574897766,0.014255634509027004
1781099261214091300,24.65409130859375,-0.08073612302541733,0.4081323742866516,0.37483325600624084
1781099261254212000,24.694212158203126,-0.15645724534988403,0.5122369527816772,0.061642058193683624
1781099261294332200,24.734332275390624,-0.07620981335639954,0.23780643939971924,0.37551581859588623
1781099261334453000,24.774452880859375,0.03783180192112923,0.574348509311676,0.32449445128440857
1781099261374574000,24.814573974609374,-0.007476025726646185,0.41713809967041016,0.44603314995765686
1781099261414695200,24.854695068359376,0.12806236743927002,0.36026549339294434,0.28893938660621643
1781099261454816000,24.89481591796875,0.01543781254440546,0.40172079205513,0.29149308800697327
1781099261494937000,24.93493701171875,0.17879557609558105,0.419464111328125,0.45543089509010315
1781099261535058200,24.97505810546875,0.11560249328613281,0.4654209613800049,0.24303501844406128
1781099261575179000,25.015178955078124,0.06852686405181885,0.17311106622219086,0.2160995453596115
1781099261615300000,25.055300048828126,0.15815101563930511,0.41110286116600037,0.12015863507986069
1781099261655421200,25.095421142578125,0.16456177830696106,0.5532565116882324,0.2180849313735962
1781099261695542000,25.1355419921875,0.2193738967180252,0.37191149592399597,-0.12732918560504913
1781099261735663000,25.1756630859375,0.14989495277404785,0.2864285707473755,-0.028303809463977814
1781099261775784200,25.2157841796875,0.23265215754508972,0.32519620656967163,0.04030214995145798
1781099261815905000,25.255905029296876,0.20763015747070312,0.3053756356239319,0.03801635652780533
1781099261856025300,25.296025390625,0.2614465057849884,0.20479601621627808,0.06100263446569443
1781099261896146200,25.336146240234374,0.2003738433122635,0.1357405185699463,-0.2419433891773224
1781099261936267300,25.376267333984377,0.20024973154067993,-0.02256602980196476,-0.09244338423013687
1781099261976388400,25.416388427734375,0.2940278947353363,0.3008005917072296,-0.058819908648729324
1781099262016509200,25.45650927734375,0.27744919061660767,0.1849868893623352,-0.17280027270317078
1781099262056630300,25.49663037109375,0.28825148940086365,0.12956571578979492,-0.2253391146659851
1781099262096751400,25.53675146484375,0.3074142634868622,0.01546391099691391,0.046549391001462936
1781099262136872200,25.5768720703125,0.338547945022583,0.1294085830450058,0.016271114349365234
1781099262176993300,25.6169931640625,0.3574926257133484,-0.06701818108558655,-0.006764961872249842
1781099262217114400,25.6571142578125,0.22334787249565125,-0.04969485104084015,0.08674980700016022
1781099262257235200,25.697235107421875,0.25265249609947205,-0.1677067130804062,-0.18068109452724457
1781099262297356300,25.737356201171874,0.12583968043327332,0.05818634107708931,-0.23582370579242706
1781099262337477400,25.777477294921876,0.16385523974895477,0.08805342763662338,-0.09182925522327423
1781099262377598200,25.81759814453125,0.30235639214515686,0.5020990967750549,-0.24251943826675415
1781099262417719300,25.85771923828125,0.1082199439406395,0.12328465282917023,-0.3861386477947235
1781099262457839600,25.897839599609377,0.16919195652008057,0.0667010024189949,-0.04760294035077095
1781099262497960400,25.93796044921875,0.35193219780921936,0.12775370478630066,-0.00603419030085206
1781099262538081300,25.978081298828126,0.14768080413341522,-0.002208026824519038,-0.27329784631729126
1781099262578202400,26.018202392578125,0.09151074290275574,-0.3616522252559662,-0.3909347355365753
1781099262618323200,26.0583232421875,0.1508779227733612,-0.07032902538776398,-0.08371832966804504
1781099262658444300,26.0984443359375,0.35667291283607483,0.4936470091342926,0.17770181596279144
1781099262698565400,26.1385654296875,0.44882041215896606,-0.10764523595571518,-0.3435363173484802
1781099262738686200,26.178686279296876,-0.5785573720932007,-0.917525053024292,-0.3231476843357086
1781099262778807300,26.218807373046875,0.19871336221694946,-0.5214522480964661,-0.023688817396759987
1781099262818928400,26.258928466796874,0.025735190138220787,1.050527811050415,-1.3229676485061646
1781099262859049200,26.29904931640625,0.34309130907058716,-0.49504461884498596,-0.44662168622016907
1781099262899170300,26.33917041015625,-0.11758921295404434,0.49104243516921997,0.43726760149002075
1781099262939291400,26.37929150390625,-0.03311188146471977,-0.30532583594322205,0.08541849255561829
1781099262979412700,26.419412841796873,-0.11427943408489227,-0.5437061786651611,0.06232888624072075
1781099263019533600,26.459533447265624,0.14831890165805817,-0.7866439819335938,-0.1202840656042099
1781099263059654700,26.499654541015627,0.014151771552860737,-0.06575051695108414,-0.030186930671334267
1781099263099775700,26.539775634765626,-0.22881214320659637,0.27647286653518677,-0.2626505196094513
1781099263139896600,26.579896484375,-0.04150563105940819,0.09219863265752792,-0.13740073144435883
1781099263180016600,26.6200166015625,0.01841043308377266,0.32410696148872375,-0.11699479818344116
1781099263220137500,26.660137451171874,-0.03207218274474144,0.233995720744133,-0.34048008918762207
1781099263260258600,26.700258544921876,-0.05873415246605873,-0.005000617355108261,0.08994533866643906
1781099263300379600,26.740379638671875,0.13944897055625916,0.1306416392326355,0.23141537606716156
1781099263340500500,26.78050048828125,0.023072030395269394,-0.21886283159255981,0.05826543644070625
1781099263380621600,26.82062158203125,0.11961774528026581,-0.147491455078125,0.05252765491604805
1781099263420742700,26.86074267578125,0.06324394792318344,-0.03453214466571808,0.26680001616477966
1781099263460863500,26.900863525390626,0.23531584441661835,0.18318073451519012,0.10844631493091583
1781099263500984600,26.940984619140625,0.07637146860361099,-0.006837133318185806,-0.15002518892288208
1781099263541105700,26.981105712890624,0.08573567867279053,-0.06636650860309601,-0.10566943883895874
1781099263581226800,27.021226806640627,0.08453992009162903,0.29463404417037964,-0.017668476328253746
1781099263621347600,27.06134765625,0.026578081771731377,0.31134748458862305,-0.13157133758068085
1781099263661468700,27.10146875,0.03129560500383377,-0.08117128163576126,-0.27972087264060974
1781099263701589800,27.14158984375,-0.0032754219137132168,0.04930336773395538,-0.10859838128089905
1781099263741710600,27.181710693359374,-0.00005273058923194185,0.10133327543735504,-0.07396690547466278
1781099263781831700,27.221831787109377,-0.025542911142110825,0.13199585676193237,-0.051893558353185654
1781099263821952800,27.261952880859376,0.05089300870895386,0.01438053697347641,-0.0451272651553154
1781099263862073600,27.302073486328126,-0.0623970665037632,-0.06149744987487793,-0.10114765912294388
1781099263902193700,27.342193603515625,0.007727428339421749,-0.1543685346841812,-0.002758235903456807
1781099263942314800,27.382314697265624,-0.018852783367037773,0.08593727648258209,0.0215324554592371
1781099263982435300,27.422435302734375,-0.15245266258716583,-0.19587309658527374,-0.1650850921869278
1781099264022556400,27.462556396484374,-0.01979367807507515,-0.19494445621967316,-0.16832669079303741
1781099264062677200,27.50267724609375,0.050768107175827026,-0.1347024142742157,-0.22888724505901337
1781099264102798300,27.54279833984375,0.09325990825891495,-0.1334531307220459,-0.2627701163291931
1781099264142919400,27.58291943359375,0.13677436113357544,-0.24874457716941833,-0.29467716813087463
1781099264183040300,27.623040283203125,0.13865961134433746,-0.26579520106315613,-0.3879093825817108
1781099264223161300,27.663161376953123,0.08269088715314865,-0.35654425621032715,-0.20156800746917725
1781099264263282200,27.7032822265625,0.1551339328289032,-0.15399329364299774,-0.24814055860042572
1781099264303403300,27.7434033203125,-0.017551563680171967,-0.44529810547828674,-0.278323769569397
1781099264343524000,27.783524169921876,0.05038727447390556,-0.3466269373893738,-0.17524239420890808
1781099264383645200,27.823645263671875,-0.052257344126701355,-0.33379048109054565,-0.136601522564888
1781099264423766000,27.86376611328125,-0.07917124778032303,-0.49856212735176086,-0.3645497262477875
1781099264463887000,27.90388720703125,-0.1860220730304718,-0.3024293780326843,-0.10903540998697281
1781099264504008200,27.94400830078125,-0.08841987699270248,-0.12476616352796555,-0.020718328654766083
1781099264544129000,27.98412890625,-0.2110898643732071,-0.3838028013706207,-0.20812150835990906
1781099264584250000,28.02425,-0.023922376334667206,-0.5071670413017273,-0.027962392196059227
1781099264624371200,28.06437109375,-0.1508699357509613,0.023484554141759872,-0.06100103631615639
1781099264664492300,28.1044921875,-0.09170408546924591,-0.4145793318748474,-0.006304501090198755
1781099264704612400,28.1446123046875,-0.12091869860887527,-0.19907209277153015,-0.20930208265781403
1781099264744733400,28.1847333984375,-0.163670152425766,-0.2225947231054306,-0.016082296147942543
1781099264784854300,28.224854248046874,-0.14650501310825348,0.10517195612192154,-0.03855697810649872
1781099264824975400,28.264975341796877,-0.17801927030086517,-0.09659445285797119,-0.05506857857108116
1781099264865096400,28.305096435546876,-0.19098860025405884,-0.31351104378700256,-0.09265563637018204
1781099264905217300,28.34521728515625,-0.0819137766957283,-0.06942488253116608,0.09633239358663559
1781099264945338400,28.38533837890625,-0.15946954488754272,0.00923504400998354,-0.03250068426132202
1781099264985459200,28.425459228515624,-0.07650649547576904,-0.19732213020324707,-0.037205424159765244
1781099265025580300,28.465580322265627,-0.1230713278055191,-0.24935683608055115,0.07474907487630844
1781099265065701000,28.505701171875,-0.0486234612762928,-0.19754929840564728,0.05182990804314613
1781099265105822200,28.545822265625,-0.20037144422531128,-0.21707585453987122,0.13834775984287262
1781099265145943000,28.585943115234375,-0.11375266313552856,-0.13344061374664307,-0.10057827085256577
1781099265186064100,28.626064208984374,-0.4463418126106262,-0.39283809065818787,-0.0256278645247221
1781099265226185000,28.66618505859375,-0.060085441917181015,0.08919432759284973,0.06793724000453949
1781099265266306000,28.70630615234375,-0.4566306471824646,0.417403906583786,0.0465182326734066
1781099265306427000,28.746427001953126,-0.161128431558609,0.24317537248134613,-0.011696869507431984
1781099265346548000,28.7865478515625,-0.23115785419940948,-0.18760398030281067,0.24930302798748016
1781099265386669000,28.8266689453125,-0.17953993380069733,-0.1610189825296402,0.29043662548065186
1781099265426790000,28.866789794921875,-0.20741763710975647,-0.19708164036273956,0.009343434125185013
1781099265466910200,28.90691015625,-0.14852555096149445,-0.238122820854187,0.11812424659729004
1781099265507031300,28.94703125,-0.22988753020763397,-0.05922284349799156,0.08381394296884537
1781099265547152100,28.987152099609375,-0.19845503568649292,-0.13858450949192047,-0.004339088220149279
1781099265587273200,29.027273193359374,-0.07173463702201843,-0.1873781532049179,-0.25921717286109924
1781099265627394300,29.067394287109376,-0.10333278030157089,-0.23383140563964844,-0.3063599169254303
1781099265667515100,29.10751513671875,-0.13112500309944153,-0.06971676647663116,-0.18411816656589508
1781099265707636200,29.14763623046875,-0.07948577404022217,-0.22663527727127075,-0.16106478869915009
1781099265747757300,29.18775732421875,-0.21803726255893707,-0.5904337167739868,-0.27502569556236267
1781099265787878100,29.227878173828124,-0.1074388399720192,-0.30218249559402466,0.0031443943735212088
1781099265827999200,29.267999267578126,-0.3697434365749359,-0.252921998500824,-0.08137821406126022
1781099265868120300,29.308120361328125,-0.29871106147766113,-0.5969390273094177,-0.035889558494091034
1781099265908241200,29.3482412109375,-0.31031152606010437,-0.2845819294452667,0.05005145072937012
1781099265948362200,29.3883623046875,-0.2018902450799942,-0.23002095520496368,0.04749055206775665
1781099265988483000,29.428483154296874,-0.17924699187278748,-0.26540398597717285,-0.07490859925746918
1781099266028604000,29.46860400390625,-0.1941516399383545,-0.3057498037815094,0.1723211705684662
1781099266068725000,29.50872509765625,-0.2666796147823334,-0.11248340457677841,0.10554400086402893
1781099266108845800,29.548845703125,-0.2814825475215912,-0.23276294767856598,-0.06132674217224121
1781099266148967000,29.588966796875,-0.2840210795402527,-0.15377092361450195,0.00247594085521996
1781099266189087700,29.629087646484376,-0.23276320099830627,-0.10555092990398407,0.013875069096684456
1781099266229208800,29.669208740234374,-0.19523607194423676,-0.2968657612800598,-0.050639476627111435
1781099266269329700,29.70932958984375,-0.2066996544599533,-0.1645231693983078,0.07189948856830597
1781099266309450800,29.74945068359375,-0.2613399922847748,0.14395983517169952,-0.1366870105266571
1781099266349571800,29.78957177734375,-0.31225723028182983,0.052436575293540955,-0.053203035145998
1781099266389692000,29.82969189453125,-0.27251753211021423,-0.07882504165172577,-0.13175803422927856
1781099266429813000,29.86981298828125,-0.2974167764186859,-0.2178202122449875,-0.05607312172651291
1781099266469932800,29.909932861328127,-0.34354111552238464,-0.0022088258992880583,-0.03533721715211868
1781099266510054000,29.950053955078126,-0.4159170389175415,-0.06768050789833069,-0.047263920307159424
1781099266550175000,29.990175048828124,-0.4106471836566925,0.045998118817806244,-0.011980496346950531
1781099266590295800,30.0302958984375,-0.3900359272956848,0.033196836709976196,0.02953898347914219
1781099266630417000,30.0704169921875,-0.3623989522457123,-0.038904521614313126,-0.022658174857497215
1781099266670538000,30.1105380859375,-0.31883683800697327,-0.12093973904848099,-0.11228366196155548
1781099266710658800,30.150658935546875,-0.424137681722641,-0.04735153540968895,0.038898129016160965
1781099266750780000,30.19077978515625,-0.3135688304901123,0.1158355250954628,0.35879436135292053
1781099266790901000,30.23090087890625,-0.37886208295822144,-0.18931639194488525,-0.06161382794380188
1781099266831021800,30.271021728515624,-0.24561908841133118,-0.19128207862377167,0.08203281462192535
1781099266871143000,30.311142822265627,-0.23985520005226135,0.13180357217788696,0.09854308515787125
1781099266911264000,30.351263916015625,-0.318261057138443,0.11798256635665894,-0.3222994804382324
1781099266951384800,30.391384765625,-0.3079170882701874,-0.15639546513557434,-0.04583806172013283
1781099266991506700,30.431506591796875,-0.2853925824165344,0.16827556490898132,0.2364194542169571
1781099267031627800,30.471627685546874,-0.29039961099624634,0.06913220137357712,0.09308920055627823
1781099267071748600,30.51174853515625,-0.31990930438041687,-0.5949323177337646,-0.13464117050170898
1781099267111869700,30.55186962890625,-0.34499412775039673,-0.19283735752105713,0.24010740220546722
1781099267151990500,30.591990478515626,-0.14310309290885925,0.32318711280822754,0.23888155817985535
1781099267192111600,30.632111572265625,-0.2817603051662445,-0.07984209805727005,-0.33376413583755493
1781099267232232400,30.672232421875,-0.27858662605285645,-0.44417452812194824,0.018751051276922226
1781099267272353500,30.712353515625,-0.35037851333618164,0.21944980323314667,0.1986859291791916
1781099267312474600,30.752474609375,-0.43400150537490845,0.2857763469219208,0.013279319740831852
1781099267352595500,30.792595458984376,-0.4060199558734894,-0.2827262282371521,-0.1890934854745865
1781099267392716500,30.832716552734375,-0.40164676308631897,0.023726901039481163,0.0885610282421112
1781099267432837600,30.872837646484374,-0.3455861508846283,0.14638997614383698,0.18350990116596222
1781099267472958500,30.91295849609375,-0.2740022540092468,-0.04500555619597435,-0.10553228110074997
1781099267513079600,30.95307958984375,-0.3220997452735901,-0.15073572099208832,0.038309305906295776
1781099267553200600,30.99320068359375,-0.284976065158844,-0.04598879814147949,0.24703934788703918
1781099267593321500,31.033321533203125,-0.304730087518692,0.006578274071216583,-0.12150245904922485
1781099267633442600,31.073442626953124,-0.34865492582321167,0.0641867071390152,0.15941442549228668
1781099267673563600,31.113563720703127,-0.30145251750946045,0.04157860204577446,0.015482286922633648
1781099267713684500,31.1536845703125,-0.31087398529052734,-0.1553400605916977,-0.1747632920742035
1781099267753805600,31.1938056640625,-0.2956060767173767,0.10715574771165848,0.12484100461006165
1781099267793926700,31.2339267578125,-0.39865949749946594,0.21725721657276154,0.018915634602308273
1781099267834047500,31.274047607421874,-0.3593643009662628,-0.19685101509094238,-0.07931292802095413
1781099267874168600,31.31416845703125,-0.3713517189025879,-0.04751824960112572,0.09786371141672134
1781099267914289700,31.35428955078125,-0.3160969913005829,0.1726388782262802,0.23954574763774872
1781099267954410500,31.394410400390626,-0.25790104269981384,0.009754626080393791,0.011681423522531986
1781099267994530800,31.43453076171875,-0.2641158103942871,-0.14010250568389893,0.1834619641304016
1781099268034652000,31.47465185546875,-0.2539617121219635,0.08027113974094391,0.006988401059061289
1781099268074773000,31.51477294921875,-0.38915812969207764,0.0018338527297601104,-0.037037644535303116
1781099268114893800,31.554893798828125,-0.333390474319458,0.4720780551433563,0.03772154450416565
1781099268155015000,31.595014892578124,-0.26604631543159485,0.3886052668094635,-0.16779112815856934
1781099268195136000,31.635135986328127,-0.37297970056533813,-0.20769567787647247,-0.005052016582340002
1781099268235256800,31.6752568359375,-0.22500862181186676,-0.17563307285308838,0.25622138381004333
1781099268275378000,31.7153779296875,-0.301632285118103,0.09802776575088501,0.1721605807542801
1781099268315499000,31.7554990234375,-0.2794111371040344,-0.09157119691371918,0.08249194920063019
1781099268355619800,31.795619873046874,-0.23313552141189575,0.006220611743628979,0.12459173053503036
1781099268395741000,31.835740966796877,-0.20370066165924072,0.05802415311336517,-0.020604077726602554
1781099268435862000,31.875862060546876,-0.1602136343717575,-0.0027920580469071865,-0.073680080473423
1781099268475982800,31.91598291015625,-0.27011698484420776,0.11862199008464813,0.15959206223487854
1781099268516104000,31.95610400390625,-0.20021457970142365,0.13946442306041718,-0.011264106258749962
1781099268556225000,31.99622509765625,-0.38749977946281433,-0.3105733096599579,-0.000014381069377122913
1781099268596345900,32.03634594726562,-0.2203531414270401,0.07456211745738983,0.1726577877998352
1781099268636467000,32.076467041015626,-0.29486411809921265,0.22095608711242676,0.012923255562782288
1781099268676588000,32.11658813476563,-0.3060712516307831,-0.28469645977020264,0.017538247630000114
1781099268716708900,32.156708984375,-0.14973916113376617,0.04404735192656517,0.10008132457733154
1781099268756830000,32.196829833984374,-0.30500492453575134,0.19759562611579895,0.14384186267852783
1781099268796951000,32.23695092773438,-0.22614844143390656,-0.09969596564769745,-0.09925787895917892
1781099268837072000,32.27707177734375,-0.3640024662017822,-0.07438315451145172,0.059539224952459335
1781099268877193000,32.31719287109375,-0.27318519353866577,0.12668336927890778,-0.05933336541056633
1781099268917314000,32.35731396484375,-0.26300740242004395,0.0561375729739666,-0.0872291773557663
1781099268957435000,32.39743481445313,-0.19276678562164307,0.25676655769348145,0.20865227282047272
1781099268997556000,32.43755590820312,-0.37526896595954895,0.5298532247543335,0.7311112284660339
1781099269037677000,32.477677001953126,-0.21607664227485657,-0.10967190563678741,0.07784020155668259
1781099269077798000,32.5177978515625,-0.4638608694076538,-0.7581620216369629,0.0785488709807396
1781099269117919000,32.5579189453125,0.29633471369743347,-0.1359999179840088,0.5356661081314087
1781099269158040000,32.5980400390625,-0.46230238676071167,1.3690695762634277,-0.4051927626132965
1781099269198161000,32.63816088867188,-0.21965086460113525,-0.430263489484787,0.07685909420251846
1781099269238282000,32.67828198242187,-0.311648964881897,0.2805488407611847,0.43073832988739014
1781099269278403000,32.718403076171874,-0.1939561516046524,0.47306662797927856,0.13627314567565918
1781099269318524000,32.75852392578125,-0.20754626393318176,-0.15483272075653076,-0.20078742504119873
1781099269358645000,32.79864501953125,-0.157840758562088,0.01888474076986313,0.3111397624015808
1781099269398766000,32.83876611328125,-0.18607373535633087,0.4497799277305603,0.23644529283046722
1781099269438887200,32.87888720703125,-0.06653375178575516,-0.16422782838344574,-0.09772389382123947
1781099269479008000,32.91900805664063,-0.05715996026992798,-0.06269320845603943,-0.019893281161785126
1781099269519129000,32.95912915039062,-0.13677994906902313,0.06924112141132355,0.10385502874851227
1781099269559250200,32.999250244140626,-0.10828652232885361,-0.11656975746154785,0.052629921585321426
1781099269599371000,33.03937109375,-0.11269538849592209,-0.11979351192712784,-0.045096106827259064
1781099269639492000,33.0794921875,-0.16877037286758423,0.14166125655174255,0.056587643921375275
1781099269679613200,33.11961328125,-0.1030970886349678,0.09965734928846359,0.06928373128175735
1781099269719734000,33.15973413085938,-0.13581855595111847,-0.10217670351266861,0.06694041937589645
1781099269759855000,33.19985522460937,-0.1884354203939438,-0.06867732852697372,0.05245521664619446
1781099269799976200,33.23997607421875,-0.23577018082141876,0.04432911425828934,0.16630402207374573
1781099269840097000,33.280096923828125,-0.25108176469802856,0.1043357253074646,0.20563891530036926
1781099269880218000,33.32021801757813,-0.16314950585365295,0.06649726629257202,0.14401176571846008
1781099269920339200,33.36033911132812,-0.13237641751766205,-0.09324419498443604,0.027408987283706665
1781099269960460000,33.4004599609375,-0.08118486404418945,0.10140492022037506,0.09108037501573563
1781099270000581000,33.4405810546875,-0.076296366751194,0.12080391496419907,0.04302789270877838
1781099270040702000,33.48070190429687,-0.12546896934509277,0.058763448148965836,-0.0292364489287138
1781099270080823000,33.520822998046874,-0.12700694799423218,0.030476948246359825,0.1433776617050171
1781099270120944000,33.56094409179688,-0.07711848616600037,0.25917935371398926,0.04373602941632271
1781099270161065000,33.60106494140625,-0.13863830268383026,0.06675559282302856,0.15774089097976685
1781099270201186000,33.64118603515625,-0.16859807074069977,0.12830710411071777,0.1747741997241974
1781099270241307100,33.68130712890625,-0.09237014502286911,0.1558215469121933,0.1812608689069748
1781099270281428000,33.72142797851563,-0.17365887761116028,0.011326157487928867,0.09460347145795822
1781099270321549000,33.76154907226562,-0.05588723346590996,0.12530012428760529,0.08967449516057968
1781099270361670100,33.801670166015626,-0.13877545297145844,0.1867363303899765,0.047800544649362564
1781099270401791000,33.841791015625,0.016708139330148697,0.16708672046661377,0.1759966015815735
1781099270441911800,33.88191186523437,-0.1044454500079155,-0.02184457890689373,0.05555993318557739
1781099270482033000,33.922032958984374,-0.07498609274625778,0.007740743923932314,0.09430865943431854
1781099270522153700,33.96215380859375,-0.05295003205537796,0.3729506731033325,0.1679099053144455
1781099270562274800,34.00227490234375,-0.08895251154899597,0.12352167069911957,0.10260174423456192
1781099270602396000,34.04239599609375,-0.020187826827168465,0.06588473916053772,-0.01677711494266987
1781099270642516700,34.082516845703125,-0.04948046803474426,0.2120928168296814,0.28048545122146606
1781099270682637800,34.12263793945313,0.04559917747974396,0.2664359509944916,0.14607837796211243
1781099270722759000,34.16275903320312,-0.11055873334407806,0.12100258469581604,0.07127764075994492
1781099270762879700,34.202879638671874,-0.04354614391922951,0.19695806503295898,0.24545876681804657
1781099270803000800,34.243000732421876,-0.0036962011363357306,0.18608598411083221,0.1690388172864914
1781099270843122000,34.28312182617187,0.061477743089199066,0.19906942546367645,0.1005854606628418
1781099270883242800,34.32324267578125,-0.03566904738545418,0.17577369511127472,0.13496766984462738
1781099270923363800,34.36336376953125,0.08067247271537781,0.1379709243774414,0.10319375991821289
1781099270963485000,34.40348486328125,0.049854908138513565,0.37718668580055237,0.18459275364875793
1781099271003606800,34.44360668945313,0.003907123580574989,0.13024455308914185,0.016501745209097862
1781099271043726600,34.4837265625,0.045892924070358276,0.23639468848705292,0.2693891227245331
1781099271083847700,34.52384765625,0.06279706954956055,0.4091728627681732,0.06595718115568161
1781099271123968500,34.56396850585938,0.0888981819152832,0.09671242535114288,-0.12260022014379501
1781099271164089600,34.604089599609374,-0.052379585802555084,0.014677213504910469,0.12405190616846085
1781099271204210700,34.644210693359376,0.15411978960037231,0.38524967432022095,0.1499929577112198
1781099271244331500,34.68433154296875,0.04698135703802109,0.2376120239496231,-0.07857869565486908
1781099271284452600,34.72445263671875,0.10008052736520767,-0.09272913634777069,0.014486530795693398
1781099271324573700,34.76457373046875,0.014809838496148586,0.26113733649253845,0.07913423329591751
1781099271364694500,34.80469458007813,0.057745855301618576,0.3986507058143616,0.1921241730451584
1781099271404815600,34.84481567382812,0.06547194719314575,0.0525263249874115,-0.08871202915906906
1781099271444936700,34.884936767578125,0.013248161412775517,-0.009485380724072456,-0.18453815579414368
1781099271485057500,34.9250576171875,0.018250908702611923,0.33268287777900696,0.002829076023772359
1781099271525178600,34.9651787109375,0.14897216856479645,0.3173915445804596,0.061228469014167786
1781099271565299700,35.0052998046875,0.031568046659231186,0.025655295699834824,-0.095452219247818
1781099271605420800,35.0454208984375,0.06149505078792572,-0.07193250954151154,-0.09192566573619843
1781099271645541600,35.08554174804687,0.07632992416620255,0.12691932916641235,0.15080122649669647
1781099271685662700,35.125662841796874,0.08938074856996536,0.08050895482301712,0.11558225750923157
1781099271725783800,35.16578369140625,0.07222279906272888,-0.0493939146399498,0.03158455714583397
1781099271765904600,35.20590454101563,0.019882362335920334,-0.1308586746454239,-0.18759998679161072
1781099271806025700,35.24602563476562,0.03623896464705467,0.019776634871959686,-0.01817500963807106
1781099271846146800,35.286146728515625,0.029633792117238045,0.2385675609111786,-0.19750800728797913
1781099271886267600,35.326267578125,0.01239435188472271,0.0012751214671880007,-0.13673068583011627
1781099271926388700,35.366388671875,0.0763925090432167,-0.1081744059920311,-0.2347448617219925
1781099271966509800,35.406509765625,0.09664158523082733,-0.21659329533576965,-0.15667669475078583
1781099272006631000,35.446630859375,0.1414460837841034,-0.0788322314620018,-0.00045593318645842373
1781099272046752000,35.486751953125,0.12357866019010544,-0.20739953219890594,-0.06866321712732315
1781099272086872800,35.526872802734374,0.11754553765058517,-0.37826502323150635,-0.2827587425708771
1781099272126994000,35.56699389648438,0.15824955701828003,-0.1302160620689392,-0.08754662424325943
1781099272167115000,35.60711499023437,0.1449156403541565,-0.011149323545396328,-0.004119643941521645
1781099272207235800,35.64723583984375,0.132976695895195,-0.24979758262634277,-0.18001796305179596
1781099272247357000,35.68735693359375,0.07861784845590591,-0.49787476658821106,-0.15193413197994232
1781099272287478000,35.72747802734375,0.16684117913246155,-0.26042813062667847,0.03483228385448456
1781099272327598800,35.76759887695312,-0.016097743064165115,0.0719093456864357,-0.11915728449821472
1781099272367720000,35.807719970703126,-0.01101536676287651,-0.03272252529859543,-0.13636423647403717
1781099272407841000,35.84784106445313,0.026153573766350746,0.060383182018995285,-0.21303105354309082
1781099272447961900,35.8879619140625,0.005561479367315769,-0.10267950594425201,-0.035890888422727585
1781099272488083000,35.9280830078125,-0.01065264455974102,-0.07173197716474533,-0.0924748033285141
1781099272528204000,35.9682041015625,-0.009810020215809345,-0.13751977682113647,0.10712964832782745
1781099272568324900,36.00832495117187,-0.018219217658042908,-0.21565772593021393,0.03170653060078621
1781099272608446000,36.048446044921874,0.02575409971177578,-0.10051915049552917,-0.046073753386735916
1781099272648567000,36.08856713867188,0.06082180514931679,0.11798788607120514,0.042749062180519104
1781099272688687900,36.12868798828125,0.06030861288309097,0.049435459077358246,0.008621717803180218
1781099272728809000,36.16880908203125,0.07691927999258041,-0.006470948923379183,-0.1632472425699234
1781099272768930000,36.208929931640625,0.002692722249776125,-0.14090251922607422,-0.06362397968769073
1781099272809051000,36.24905078125,0.03916178271174431,0.10552003234624863,0.07294158637523651
1781099272849172000,36.289171875,-0.054057374596595764,0.0047119311057031155,0.024625185877084732
1781099272889293000,36.32929296875,0.03442668169736862,-0.1230955645442009,-0.004332430195063353
1781099272929414000,36.36941381835938,0.07335703819990158,0.024713335558772087,-0.0759458988904953
1781099272969535000,36.40953491210937,0.06052779033780098,-0.0767565667629242,0.09070167690515518
1781099273009655000,36.44965502929688,0.05636473745107651,0.15362843871116638,0.12063160538673401
1781099273049776000,36.48977612304687,0.07146060466766357,-0.05145679786801338,0.013908358290791512
1781099273089897200,36.529897216796876,0.024988707154989243,0.0009001484140753746,-0.1416945457458496
1781099273130018000,36.57001806640625,0.040292829275131226,0.18043474853038788,0.19830776751041412
1781099273170139100,36.61013916015625,0.053343649953603745,0.13604678213596344,0.03903581574559212
1781099273210260200,36.65026025390625,0.00914556160569191,-0.11091639846563339,-0.1423685997724533
1781099273250381000,36.69038110351563,0.10170292854309082,-0.004995024763047695,-0.11162213236093521
1781099273290502100,36.73050219726562,0.08382006734609604,0.16543583571910858,0.029694246128201485
1781099273330623200,36.770623291015625,0.0638791173696518,-0.02333887852728367,-0.00506799528375268
1781099273370744000,36.810744140625,0.0917283222079277,-0.061695586889982224,0.06889224797487259
1781099273410865200,36.850865234375,0.047565389424562454,-0.09345804154872894,-0.08442540466785431
1781099273450986200,36.890986328125,0.058583684265613556,-0.16281580924987793,-0.08664727956056595
1781099273491107000,36.931107177734376,0.07390964031219482,0.08739056438207626,0.045455630868673325
1781099273531228200,36.97122827148438,0.019902868196368217,0.0993201956152916,-0.06513186544179916
1781099273571349200,37.01134936523437,0.008383630774915218,0.04426386579871178,0.036143623292446136
1781099273611470000,37.051469970703124,0.03702379763126373,0.14572763442993164,0.013941648416221142
1781099273651591200,37.09159106445313,-0.025320004671812057,0.03567757084965706,0.10661698877811432
1781099273691712300,37.13171215820312,-0.05121125653386116,-0.10000329464673996,0.09885334223508835
1781099273731833000,37.1718330078125,0.03766055777668953,0.04964638128876686,0.14285941421985626
1781099273771954200,37.2119541015625,0.020201940089464188,0.11352762579917908,-0.015210111625492573
1781099273812075300,37.2520751953125,-0.025371402502059937,-0.012654010206460953,-0.030712904408574104
1781099273852196000,37.29219604492187,0.08716019988059998,0.05367175117135048,-0.039387352764606476
1781099273892317200,37.332317138671876,0.10074099153280258,0.12029338628053665,0.028804749250411987
1781099273932438000,37.37243798828125,0.09192965924739838,-0.014490259811282158,-0.09270890057086945
1781099273972558800,37.41255883789062,0.0884222760796547,0.10735681653022766,-0.10914060473442078
1781099274012680000,37.452679931640624,0.0963134840130806,-0.030974693596363068,0.1514614224433899
1781099274052800800,37.49280078125,0.09068889170885086,0.16209037601947784,-0.0513492077589035
1781099274092921900,37.532921875,0.05614342913031578,-0.027698205783963203,0.3044978380203247
1781099274133042700,37.57304272460937,0.003561445279046893,-0.07557731866836548,-0.06805334985256195
1781099274173163800,37.613163818359375,-0.0018604843644425273,-0.05546112731099129,-0.004661863669753075
1781099274213284600,37.65328466796875,0.06764429062604904,0.10561670362949371,0.13418816030025482
1781099274253405700,37.69340576171875,0.060010604560375214,0.15105502307415009,-0.15460741519927979
1781099274293526500,37.733526611328124,0.1489977389574051,0.0049066077917814255,-0.02918158657848835
1781099274333647600,37.773647705078126,0.0950855016708374,0.12246625870466232,-0.15768124163150787
1781099274373768700,37.81376879882812,0.03609222546219826,0.05458255112171173,-0.172374427318573
1781099274413889500,37.8538896484375,0.04410833865404129,0.20665757358074188,0.0013076120521873236
1781099274454010600,37.8940107421875,0.04560556635260582,0.0741080492734909,-0.10439538210630417
1781099274494131700,37.93413159179688,0.10220999270677567,0.09904855489730835,0.08090496808290482
1781099274534252500,37.97425244140625,0.10660074651241302,-0.12545245885849,-0.039746612310409546
1781099274574373600,38.01437353515625,0.07206620275974274,-0.09797956049442291,-0.13595783710479736
1781099274614494700,38.05449462890625,0.11887605488300323,0.02905402146279812,0.26658615469932556
1781099274654615600,38.09461547851563,0.11188498884439468,-0.021269602701067924,-0.1621556133031845
1781099274694736600,38.13473657226562,0.09471745043992996,-0.0849713534116745,-0.22689226269721985
1781099274734857700,38.174857666015626,0.09827063977718353,0.12462715059518814,0.10407181084156036
1781099274774978600,38.214978515625,0.05052708834409714,0.05938636139035225,-0.14191612601280212
1781099274815099600,38.255099609375,0.029500899836421013,-0.03483814001083374,-0.3165190815925598
1781099274855220700,38.295220703125,-0.02189677581191063,0.15836434066295624,0.13808223605155945
1781099274895341600,38.33534155273438,0.04959950968623161,0.13522014021873474,-0.00714685907587409
1781099274935462700,38.37546264648437,0.053895190358161926,0.043357860296964645,-0.23032641410827637
1781099274975583700,38.415583740234375,0.11335532367229462,-0.05596766248345375,0.03983796015381813
1781099275015704600,38.45570458984375,0.053827013820409775,0.03999348729848862,-0.05775544047355652
1781099275055825700,38.49582568359375,0.08772852271795273,0.13648194074630737,0.034449320286512375
1781099275095946800,38.53594677734375,0.046250853687524796,-0.07114368677139282,-0.11805926263332367
1781099275136067800,38.57606787109375,0.027765851467847824,0.10553734749555588,0.031326498836278915
1781099275176188700,38.61618872070313,0.07270323485136032,0.1852702498435974,0.08139152824878693
1781099275216309800,38.656309814453124,0.031145403161644936,0.03958282992243767,-0.0627392828464508
1781099275256430800,38.696430908203126,-0.009702161885797977,0.0031787490006536245,-0.03347273916006088
1781099275296551700,38.7365517578125,-0.020853616297245026,0.17144472897052765,0.034509774297475815
1781099275336672800,38.7766728515625,-0.008873919025063515,0.1999243050813675,-0.12011575698852539
1781099275376793900,38.8167939453125,0.0006540723843500018,0.14499181509017944,0.036933783441782
1781099275416914700,38.85691479492188,-0.013731258921325207,0.15925543010234833,-0.044975198805332184
1781099275457035800,38.89703588867187,-0.0000015978966985130683,0.07618638128042221,-0.10880637168884277
1781099275497156900,38.937156982421875,0.028321387246251106,0.22113850712776184,0.027838023379445076
1781099275537277700,38.977277587890626,0.06997349113225937,0.07021796703338623,-0.037029657512903214
1781099275577398800,39.01739868164063,0.10085843503475189,0.07603617757558823,-0.07114501297473907
1781099275617519900,39.057519775390624,0.11646189540624619,-0.03735376521945,-0.07320363819599152
1781099275657640700,39.097640625,0.1360742151737213,-0.07009918987751007,-0.19749310612678528
1781099275697761800,39.13776171875,0.14280295372009277,0.08079391717910767,0.030497722327709198
1781099275737883000,39.1778828125,0.10945698618888855,-0.08794184029102325,-0.09518536925315857
1781099275778003700,39.218003662109375,0.10833179950714111,-0.05952085182070732,-0.19274921715259552
1781099275818124800,39.25812475585938,0.16788993775844574,-0.0023289343807846308,0.013105948455631733
1781099275858246000,39.29824584960937,0.1171167716383934,-0.10907508432865143,-0.18153570592403412
1781099275898366700,39.33836669921875,0.17909838259220123,-0.1354939192533493,-0.20925521850585938
1781099275938487800,39.37848779296875,0.177004873752594,-0.0892862007021904,-0.08800894767045975
1781099275978609200,39.41860913085937,0.12707673013210297,-0.09972233325242996,-0.1578197181224823
1781099276018730200,39.458730224609376,0.13852858543395996,-0.006865096744149923,-0.08162828534841537
1781099276058851300,39.49885131835938,0.10252264887094498,-0.11731038242578506,-0.11447411775588989
1781099276098972200,39.53897216796875,0.04736511781811714,-0.15658774971961975,-0.04742530733346939
1781099276139093200,39.57909326171875,0.031019700691103935,-0.030675621703267097,-0.022175077348947525
1781099276179214300,39.61921435546875,-0.05168743059039116,-0.06269294023513794,-0.0346466600894928
1781099276219335200,39.65933520507812,-0.014688132330775261,0.03413693234324455,-0.10375142842531204
1781099276259456300,39.699456298828125,0.047685764729976654,0.13984152674674988,-0.1264365017414093
1781099276299577300,39.73957739257813,-0.012687565758824348,0.08955465257167816,-0.13518738746643066
1781099276339698200,39.7796982421875,-0.009576194919645786,0.040657948702573776,-0.04466121271252632
1781099276379819300,39.8198193359375,0.008344216272234917,-0.016925454139709473,0.07633578032255173
1781099276419940400,39.8599404296875,0.06790634989738464,-0.1510435789823532,0.12060844153165817
1781099276460061200,39.90006127929688,0.10080117732286453,-0.15438957512378693,-0.020309265702962875
1781099276500182300,39.94018237304687,0.16442888975143433,-0.041186317801475525,-0.05749072507023811
1781099276540303000,39.98030322265625,0.17820967733860016,-0.09592786431312561,-0.015862053260207176
1781099276580424200,40.02042407226563,0.14024019241333008,0.06059597060084343,-0.06557581573724747
1781099276620545000,40.060544921875,0.09317442029714584,0.1215357556939125,-0.30679747462272644
1781099276660666000,40.100666015625,0.0015448997728526592,0.04021160304546356,-0.29714351892471313
1781099276700787000,40.140786865234375,0.03299630060791969,0.26402926445007324,-0.22969950735569
1781099276740908000,40.18090795898438,0.05908196046948433,0.47253239154815674,-0.2739385962486267
1781099276781029000,40.22102905273437,-0.0752825066447258,0.12029338628053665,-0.0896177664399147
1781099276821150000,40.26114990234375,-0.041729602962732315,-0.17396540939807892,0.2208748608827591
1781099276861271000,40.30127099609375,-0.007710916455835104,-0.13475647568702698,0.3231274485588074
1781099276901392100,40.34139208984375,0.040829721838235855,0.048523858189582825,0.06483598798513412
1781099276941513000,40.381512939453124,-0.08356839418411255,-0.1194869801402092,0.031195735558867455
1781099276981634000,40.42163403320313,0.06321332603693008,-0.15855129063129425,0.145474374294281
1781099277021755100,40.46175512695312,0.10571417957544327,0.18231894075870514,0.018976088613271713
1781099277061876200,40.501876220703124,0.07572884857654572,0.16022083163261414,-0.27935200929641724
1781099277101997000,40.5419970703125,0.048524390906095505,-0.12862615287303925,-0.18468275666236877
1781099277142118100,40.5821181640625,0.04297037050127983,0.09051232039928436,-0.06365753710269928
1781099277182239200,40.6222392578125,0.08946729451417923,0.15206091105937958,-0.05799246206879616
1781099277222360000,40.662360107421875,0.016098542138934135,0.005738845560699701,-0.021348431706428528
1781099277262481200,40.70248120117188,0.09221062064170837,0.015895076096057892,-0.00018109494703821838
1781099277302602200,40.74260229492187,0.1292906105518341,-0.04657735675573349,-0.05772561579942703
1781099277342723300,40.782723388671876,0.09313313663005829,-0.014707307331264019,-0.049499642103910446
1781099277382844200,40.82284423828125,0.08981164544820786,0.06546023488044739,0.01661040261387825
1781099277422965200,40.86296533203125,0.057744789868593216,-0.023913055658340454,-0.08428558707237244
1781099277463086300,40.90308642578125,0.043418847024440765,-0.06562108546495438,-0.06581949442625046
1781099277503207200,40.94320727539063,0.09387855976819992,0.012977317906916142,-0.05313432589173317
1781099277543328300,40.98332836914062,0.06546130031347275,-0.046614374965429306,-0.07278738915920258
1781099277583449300,41.023449462890625,0.0567500963807106,-0.07010132074356079,-0.09641921520233154
1781099277623570200,41.063570068359375,0.03456197306513786,0.027486750856041908,0.003955593332648277
1781099277663691300,41.10369116210938,0.057971157133579254,0.05287200212478638,-0.04748469591140747
1781099277703812400,41.14381225585937,0.043894752860069275,-0.06151502579450607,-0.02629019320011139
1781099277743933200,41.18393310546875,0.04765646904706955,-0.005979062989354134,-0.01369024533778429
1781099277784054300,41.22405419921875,0.015275092795491219,-0.01907782070338726,0.0096246637403965
1781099277824175400,41.26417529296875,0.03158162906765938,0.004266916774213314,-0.0408739298582077
1781099277864296200,41.304296142578124,0.05722946673631668,-0.003319896524772048,-0.05145307257771492
1781099277904417300,41.34441723632813,0.07267473638057709,0.0212461668998003,-0.07421111315488815
1781099277944538400,41.38453833007812,0.06411080807447433,0.010209494270384312,-0.03664882481098175
1781099277984659000,41.42465893554687,0.09458669275045395,0.0030418625101447105,-0.00752103328704834
1781099278024779800,41.46477978515625,0.02748834900557995,-0.023671241477131844,-0.15778829157352448
1781099278064900900,41.50490087890625,0.04249020293354988,-0.058218032121658325,-0.060261476784944534
1781099278105022000,41.54502197265625,0.05929022282361984,0.12562502920627594,-0.0835830420255661
1781099278145142800,41.585142822265624,0.03166019171476364,0.02767051011323929,-0.003278883872553706
1781099278185262800,41.62526293945312,0.08283815532922745,-0.02136547677218914,-0.05221366882324219
1781099278225383700,41.6653837890625,0.0923301950097084,-0.2020457684993744,-0.11376171559095383
1781099278265504800,41.7055048828125,0.07376530021429062,-0.20136906206607819,-0.09505461156368256
1781099278305625900,41.7456259765625,0.09803042560815811,-0.07364945113658905,-0.02382170967757702
1781099278345747000,41.785746826171874,0.05228504166007042,-0.03603310137987137,-0.07009093463420868
1781099278385867800,41.82586767578125,0.05078674852848053,-0.10043951869010925,-0.01619468256831169
1781099278425988900,41.86598876953125,0.06744135916233063,-0.10774590075016022,-0.10003232210874557
1781099278466110000,41.90610986328125,-0.010011089034378529,-0.05909740924835205,-0.12219568341970444
1781099278506230800,41.946230712890625,-0.0641811192035675,-0.00020666129421442747,0.038721028715372086
1781099278546351900,41.98635180664063,-0.027904069051146507,-0.021998776122927666,-0.08400488644838333
1781099278586473000,42.02647290039062,-0.08225678652524948,-0.12141404300928116,-0.03953702375292778
1781099278626593800,42.06659375,-0.055571116507053375,-0.12302739173173904,0.034035198390483856
1781099278666715000,42.10671484375,-0.025408154353499413,-0.13282915949821472,-0.0966530367732048
1781099278706836000,42.1468359375,-0.058940548449754715,-0.020837103947997093,0.006587328854948282
1781099278746956800,42.186956787109374,0.018331335857510567,0.07119827717542648,0.026496855542063713
1781099278787078000,42.227077880859376,0.013260943815112114,-0.07613524794578552,-0.031382955610752106
1781099278827199000,42.26719897460937,0.053343914449214935,-0.22753915190696716,0.001469532260671258
1781099278867319800,42.30731982421875,0.026643328368663788,-0.20411744713783264,0.015748869627714157
1781099278907441000,42.34744091796875,-0.01865304633975029,-0.1822105497121811,-0.014044179581105709
1781099278947562000,42.38756201171875,-0.026150111109018326,-0.14611433446407318,-0.10943887382745743
1781099278987683300,42.427683349609374,-0.08160751312971115,-0.04956302419304848,-0.02117133140563965
1781099279027804400,42.46780444335938,-0.053095441311597824,-0.0819377452135086,-0.04261670261621475
1781099279067925500,42.50792553710937,-0.07652353495359421,-0.11198911815881729,-0.1621771901845932
1781099279108046300,42.54804638671875,-0.05101205036044121,-0.10326194018125534,-0.06568127870559692
1781099279148167400,42.58816748046875,-0.05126824602484703,-0.1750495731830597,-0.03863474354147911
1781099279188288500,42.62828857421875,-0.12439039349555969,-0.2010769098997116,-0.01925545372068882
1781099279228409300,42.66840942382812,-0.07143476605415344,-0.1392577588558197,0.03569221869111061
1781099279268530400,42.708530517578126,-0.06942620873451233,-0.1582077443599701,-0.09311369806528091
1781099279308651500,42.74865161132813,-0.0859127789735794,-0.2803459167480469,0.002466353354975581
1781099279348772400,42.7887724609375,-0.0660618394613266,-0.19622915983200073,0.006993727292865515
1781099279388893400,42.8288935546875,-0.15514084696769714,-0.17874577641487122,-0.09270836412906647
1781099279429014500,42.8690146484375,-0.1637098342180252,-0.2932361364364624,0.14075632393360138
1781099279469135400,42.90913525390625,-0.0530051626265049,-0.09941127896308899,-0.057924285531044006
1781099279509256400,42.94925634765625,-0.19383497536182404,-0.24737250804901123,-0.137741357088089
1781099279549377500,42.98937744140625,-0.03960706293582916,-0.06863285601139069,0.0551639199256897
1781099279589498400,43.02949829101563,-0.1300695836544037,-0.08646298944950104,-0.0630873590707779
1781099279629619500,43.06961938476562,-0.06354755163192749,-0.31953486800193787,0.07673259824514389
1781099279669740500,43.109740478515626,-0.056593239307403564,-0.35173913836479187,0.15966476500034332
1781099279709861400,43.149861328125,-0.01725967973470688,-0.11586002260446548,-0.07276102155447006
1781099279749982500,43.189982421875,-0.05566752329468727,-0.08910297602415085,-0.2166936993598938
1781099279790103600,43.230103515625,-0.10417167842388153,0.06845522671937943,-0.09671588987112045
1781099279830224400,43.27022436523438,-0.16833974421024323,0.10967110097408295,-0.09182526171207428
1781099279870345500,43.31034545898437,-0.2628609240055084,-0.18228058516979218,0.04927407205104828
1781099279910466600,43.350466552734375,-0.2012271136045456,-0.11719000339508057,0.09087477624416351
1781099279950587400,43.39058740234375,-0.20757050812244415,-0.30376335978507996,0.0028884646017104387
1781099279990708200,43.43070825195313,-0.09631481766700745,-0.23690442740917206,-0.010093913413584232
1781099280030829300,43.47082934570312,-0.11864648759365082,-0.007495732977986336,-0.026021214202046394
1781099280070950100,43.5109501953125,-0.11465174704790115,-0.11076779663562775,-0.16210821270942688
1781099280111071200,43.5510712890625,-0.20948931574821472,-0.12772014737129211,0.05061870068311691
1781099280151192300,43.5911923828125,-0.2849307954311371,0.11311750113964081,0.08718736469745636
1781099280191313200,43.631313232421874,-0.24943779408931732,-0.14171212911605835,-0.023390544578433037
1781099280231434200,43.67143432617188,-0.27958691120147705,-0.1850135326385498,-0.052264269441366196
1781099280271555300,43.71155541992187,-0.21508833765983582,-0.039263248443603516,0.10508327931165695
1781099280311676200,43.75167626953125,-0.14273744821548462,0.022300245240330696,0.012165320105850697
1781099280351797200,43.79179736328125,-0.13233619928359985,-0.0799451693892479,-0.11044342070817947
1781099280391918300,43.83191845703125,-0.07353520393371582,-0.10834804177284241,0.013100888580083847
1781099280432039200,43.8720390625,-0.18113543093204498,0.07096178829669952,-0.00942253042012453
1781099280472160300,43.91216015625,-0.2108698934316635,-0.15895876288414001,-0.032232239842414856
1781099280512281300,43.95228125,-0.22309087216854095,-0.08648376166820526,-0.02178865298628807
1781099280552402200,43.99240209960937,-0.23135678470134735,0.04351259022951126,0.05662412941455841
1781099280592523300,44.032523193359374,-0.2675566077232361,-0.002369148191064596,-0.027946146205067635
1781099280632644400,44.07264428710938,-0.280708909034729,-0.06271051615476608,0.11411352455615997
1781099280672765200,44.11276513671875,-0.1886918842792511,-0.0772191509604454,0.11830294132232666
1781099280712885500,44.15288549804688,-0.24554398655891418,-0.20228838920593262,0.014187990687787533
1781099280753006300,44.19300634765625,-0.24134764075279236,-0.003334543900564313,0.16352687776088715
1781099280793127400,44.23312744140625,-0.1237267330288887,0.05361289530992508,-0.02936854213476181
1781099280833248300,44.273248291015626,-0.18538238108158112,0.07952918112277985,-0.14710262417793274
1781099280873369300,44.31336938476562,-0.10980638861656189,0.04948153346776962,-0.2260909229516983
1781099280913490200,44.353490234375,-0.22345545887947083,-0.009249424561858177,-0.10985672473907471
1781099280953611300,44.393611328125,-0.18521618843078613,-0.1262732446193695,0.1108788475394249
1781099280993732000,44.43373217773438,-0.20686236023902893,-0.20093576610088348,0.12108807265758514
1781099281033853000,44.47385302734375,-0.2417319416999817,-0.04695126414299011,-0.062430888414382935
1781099281073974000,44.51397412109375,-0.26546230912208557,-0.08607389777898788,0.1198265329003334
1781099281114094800,44.5540947265625,-0.16530507802963257,-0.05867582932114601,0.07332827895879745
1781099281154216000,44.5942158203125,-0.20119808614253998,-0.03676866739988327,-0.09148117899894714
1781099281194336800,44.63433666992187,-0.2564895749092102,0.013063604012131691,0.025418806821107864
1781099281234457900,44.674457763671874,-0.23441064357757568,0.06692710518836975,0.0341302715241909
1781099281274579000,44.71457885742188,-0.26102733612060547,-0.08520464599132538,0.047679103910923004
1781099281314699800,44.75469970703125,-0.3135477900505066,-0.06228867545723915,0.11376198381185532
1781099281354820900,44.79482080078125,-0.25261014699935913,-0.11625603586435318,0.07933024317026138
1781099281394942000,44.83494189453125,-0.2475016713142395,0.019961191341280937,0.04778802767395973
1781099281435062800,44.87506274414063,-0.22513164579868317,0.08180538564920425,0.0543426014482975
1781099281475183900,44.91518383789062,-0.19600573182106018,0.079928919672966,-0.020108196884393692
1781099281515305000,44.955304931640626,-0.1722194403409958,0.01410596538335085,0.19089671969413757
1781099281555425800,44.99542578125,-0.24980078637599945,0.00279072648845613,0.08220965415239334
1781099281595547000,45.035546875,-0.3095405399799347,-0.14188815653324127,0.05510479584336281
1781099281635668000,45.07566796875,-0.2566983699798584,0.10258176922798157,0.14632685482501984
1781099281675788800,45.11578881835938,-0.19240087270736694,0.27492132782936096,0.06529964506626129
1781099281715910000,45.15590991210937,-0.21332186460494995,0.07120014727115631,0.02893897332251072
1781099281756031000,45.196031005859375,-0.1633593589067459,-0.009855560027062893,0.043233491480350494
1781099281796151800,45.23615185546875,-0.2419321984052658,-0.030373618006706238,0.2198793590068817
1781099281836273000,45.27627294921875,-0.2087273746728897,0.06316778063774109,0.07350244373083115
1781099281876394000,45.31639404296875,-0.2463458627462387,-0.07531952112913132,0.15222282707691193
1781099281916514800,45.356514892578126,-0.12358266115188599,0.015148326754570007,0.22251349687576294
1781099281956636000,45.39663598632813,-0.10311227291822433,0.0017496967921033502,-0.03755642846226692
1781099281996757000,45.436757080078124,-0.16703400015830994,-0.04240604490041733,0.06333956122398376
1781099282036878000,45.476878173828126,-0.1069091409444809,0.17174619436264038,0.13435834646224976
1781099282076999200,45.51699926757812,-0.13563212752342224,0.05365390703082085,-0.046961382031440735
1781099282117120000,45.5571201171875,-0.15323029458522797,-0.18659810721874237,0.08381740003824234
1781099282157241000,45.597240966796875,-0.08907581120729446,-0.07757974416017532,0.040371123701334
1781099282197362200,45.63736206054688,-0.1973751187324524,0.038666967302560806,-0.017057813704013824
1781099282237483000,45.67748291015625,-0.14961080253124237,0.04080042615532875,0.11606907844543457
1781099282277604000,45.71760400390625,-0.15266411006450653,-0.029918484389781952,0.013303021900355816
1781099282317725200,45.75772509765625,-0.18991027772426605,-0.08580119162797928,-0.029797310009598732
1781099282357846000,45.79784594726563,-0.13371625542640686,-0.022112226113677025,0.03332626447081566
1781099282397967000,45.837967041015624,-0.07977578788995743,-0.013124857097864151,0.0023156185634434223
1781099282438088200,45.878088134765626,-0.17458964884281158,0.05283338576555252,0.011667574755847454
1781099282478209000,45.918208984375,-0.10649394989013672,-0.1838688999414444,0.04685645550489426
1781099282518330000,45.958330078125,-0.15366172790527344,-0.11416785418987274,-0.037932202219963074
1781099282558451200,45.998451171875,-0.2164662629365921,-0.05956292897462845,0.06857400387525558
1781099282598572000,46.03857202148438,-0.17071688175201416,0.18193703889846802,0.058269698172807693
1781099282638693000,46.07869311523437,-0.19882680475711823,0.013442838564515114,-0.03441443294286728
1781099282678814200,46.118814208984375,-0.1672278791666031,0.01667351834475994,0.10382679849863052
1781099282718935000,46.15893505859375,-0.21726787090301514,0.1711866557598114,0.11882012337446213
1781099282759056100,46.19905615234375,-0.2207731157541275,0.03171372041106224,0.20836704969406128
1781099282799177200,46.23917724609375,-0.21494878828525543,0.16844414174556732,0.041553303599357605
1781099282839298000,46.279298095703126,-0.17614254355430603,0.18784047663211823,0.1896953582763672
1781099282879419100,46.31941918945312,-0.020303674042224884,0.23873400688171387,0.18727988004684448
1781099282919540200,46.359540283203124,-0.1080673485994339,0.18478475511074066,0.1672329306602478
1781099282959661000,46.3996611328125,0.00021118867152836174,0.30950191617012024,0.10838639736175537
1781099282999782400,46.43978247070312,-0.10496050119400024,0.1604517251253128,0.19105863571166992
1781099283039903200,46.4799033203125,0.035187017172575,0.38627180457115173,-0.032584574073553085
1781099283080024300,46.5200244140625,0.011836419813334942,0.5062706470489502,0.29611527919769287
1781099283120145400,46.5601455078125,0.20880727469921112,0.5328114628791809,0.23913268744945526
1781099283160266200,46.60026635742187,-0.08626484870910645,0.3663042187690735,0.18723034858703613
1781099283200387300,46.64038720703125,0.09118184447288513,0.2862575948238373,0.3122308552265167
1781099283240508400,46.68050830078125,0.03694416955113411,0.2993241250514984,0.32326221466064453
1781099283280629200,46.72062915039062,0.14691753685474396,0.3811420202255249,0.33118271827697754
1781099283320750300,46.760750244140624,0.07133197039365768,0.1549387127161026,0.12916597723960876
1781099283360871400,46.80087133789063,0.015339541248977184,0.1543474942445755,0.15995238721370697
1781099283400992300,46.8409921875,0.1087014451622963,0.32943010330200195,0.06095949187874794
1781099283441113300,46.88111328125,0.07089813798666,0.2721646726131439,0.17966829240322113
1781099283481234400,46.921234375,0.1162182167172432,0.19212444126605988,0.05468028783798218
1781099283521355300,46.96135522460938,0.17053525149822235,-0.0102539686486125,-0.24762177467346191
1781099283561476400,47.00147631835937,0.025738652795553207,-0.008972722105681896,0.004195011220872402
1781099283601597200,47.04159716796875,0.3364296853542328,0.1316392570734024,-0.20477311313152313
1781099283641718300,47.08171826171875,0.08065543323755264,0.07476558536291122,-0.3994464576244354
1781099283681839000,47.12183911132813,0.11359021067619324,-0.25047534704208374,-0.1099986732006073
1781099283721960200,47.161960205078124,0.39809438586235046,0.10084991157054901,-0.18542444705963135
1781099283762081000,47.2020810546875,0.042636942118406296,0.04266650229692459,-0.17001166939735413
1781099283802202000,47.2422021484375,0.08715221285820007,-0.3137557804584503,-0.29999205470085144
1781099283842323200,47.2823232421875,0.0020652813836932182,-0.29300764203071594,-0.1563616394996643
1781099283882444000,47.322444091796875,0.059252139180898666,0.06294913589954376,-0.07094874233007431
1781099283922565000,47.36256518554688,-0.05295775830745697,-0.3284953236579895,-0.17996791005134583
1781099283962686200,47.40268627929687,-0.1504422277212143,-0.28958067297935486,-0.0561295822262764
1781099284002807300,47.442807373046875,-0.035154789686203,-0.15293975174427032,-0.17045935988426208
1781099284042928400,47.48292846679688,-0.10766761004924774,-0.22466400265693665,-0.1486768275499344
1781099284083049500,47.52304956054687,-0.16548830270767212,-0.17350654304027557,0.05066903680562973
1781099284123170300,47.56317041015625,-0.019833359867334366,-0.10974780470132828,-0.11945448815822601
1781099284163291400,47.60329150390625,-0.09845413267612457,-0.48750388622283936,-0.21704496443271637
1781099284203412500,47.64341259765625,0.07082357257604599,-0.2343757450580597,-0.15937261283397675
1781099284243533300,47.683533203125,-0.10037001222372055,-0.13474689424037933,-0.045284390449523926
1781099284283654400,47.723654296875,-0.037340447306632996,-0.2072884738445282,-0.28716281056404114
1781099284323775500,47.763775390625,-0.07302973419427872,-0.2860450744628906,-0.10699169337749481
1781099284363896300,47.80389624023437,-0.04779202491044998,-0.19588641822338104,-0.08223362267017365
1781099284404017400,47.844017333984375,-0.07260762155056,-0.18285717070102692,-0.13588300347328186
1781099284444138500,47.88413842773438,-0.055256329476833344,-0.4055882394313812,0.001145425601862371
1781099284484259300,47.92425927734375,-0.13676130771636963,-0.22327595949172974,-0.15663088858127594
1781099284524380400,47.96438037109375,-0.11277741193771362,-0.33690452575683594,-0.02076653018593788
1781099284564501500,48.00450146484375,-0.1641995906829834,-0.06655079871416092,-0.10693337023258209
1781099284604622300,48.04462231445312,-0.17792366445064545,-0.0181752759963274,-0.08160271495580673
1781099284644743400,48.084743408203124,-0.29614749550819397,-0.1920277625322342,0.07438501715660095
1781099284684864500,48.12486450195313,-0.14069080352783203,-0.05510905757546425,0.08890297263860703
1781099284724985300,48.1649853515625,-0.2614467740058899,0.036124713718891144,-0.05934588238596916
1781099284765106400,48.2051064453125,-0.2611596882343292,-0.1162794679403305,0.151041179895401
1781099284805227500,48.2452275390625,-0.1767910122871399,0.2286670058965683,-0.05276601016521454
1781099284845348400,48.28534838867188,-0.21913261711597443,-0.07021211087703705,0.12094958871603012
1781099284885469400,48.32546948242187,-0.11279872059822083,-0.040461670607328415,0.1590021699666977
1781099284925590500,48.365590576171876,-0.15767164528369904,0.1662329137325287,0.13140755891799927
1781099284965711400,48.40571142578125,-0.12250460684299469,-0.10295141488313675,0.08965425193309784
1781099285005832200,48.44583227539062,-0.10412853211164474,-0.0064975805580616,0.09833322465419769
1781099285045953300,48.485953369140624,-0.08196171373128891,0.13920556008815765,0.07022383064031601
1781099285086074000,48.52607421875,-0.09682854264974594,0.05547071620821953,-0.08578813821077347
1781099285126195200,48.5661953125,-0.15212588012218475,0.060744307935237885,0.08844064921140671
1781099285166316300,48.60631640625,-0.03688211739063263,0.2971144914627075,0.21332639455795288
1781099285206437000,48.64643701171875,-0.06804270297288895,0.07485692948102951,0.056783389300107956
1781099285246558200,48.68655810546875,-0.14515478909015656,-0.014462295919656754,0.19809763133525848
1781099285286679300,48.72667919921875,-0.006085855886340141,0.17597103118896484,0.2516911029815674
1781099285326800100,48.766800048828124,-0.1044750064611435,0.1389155387878418,0.10136550664901733
1781099285366921200,48.806921142578126,-0.0622953325510025,0.21499939262866974,0.15576216578483582
1781099285407042300,48.84704223632812,-0.0710507407784462,0.258150577545166,0.15155597031116486
1781099285447163100,48.8871630859375,-0.10960692167282104,0.1239594966173172,0.14194355905056
1781099285487284200,48.9272841796875,-0.04801732674241066,0.30933788418769836,0.13715305924415588
1781099285527405300,48.9674052734375,-0.03404771536588669,0.3310093581676483,0.23941925168037415
1781099285567526100,49.00752612304687,-0.045166678726673126,0.24258920550346375,0.10521483421325684
1781099285607647200,49.047647216796875,0.03674842789769173,0.14527755975723267,0.17485596239566803
1781099285647768300,49.08776831054688,0.025647040456533432,0.3394283950328827,0.18354080617427826
1781099285687889200,49.12788916015625,0.06494331359863281,0.2285950928926468,0.27451491355895996
1781099285728010200,49.16801025390625,0.056048355996608734,0.0661582499742508,0.03687013313174248
1781099285768131300,49.20813134765625,0.032575786113739014,0.09001430869102478,0.06101515144109726
1781099285808252200,49.24825219726562,0.06661577522754669,0.29454508423805237,0.2064588963985443
1781099285848373200,49.288373291015624,0.12506736814975739,0.28431135416030884,0.17734389007091522
1781099285888494300,49.32849438476563,0.04517120495438576,0.24505342543125153,0.04693209007382393
1781099285928615200,49.368615234375,-0.0017065536230802536,0.2259330004453659,0.17438006401062012
1781099285968736300,49.408736328125,0.05813360959291458,0.301448792219162,0.3165726065635681
1781099286008857000,49.448857177734375,0.023154854774475098,0.08936423063278198,0.18506279587745667
1781099286048978200,49.48897827148438,-0.04511048644781113,-0.009552759118378162,0.11398755759000778
1781099286089099300,49.52909936523437,-0.0017478326335549355,0.043821781873703,0.27836692333221436
1781099286129220000,49.56922021484375,0.14194755256175995,0.06181143596768379,0.15547481179237366
1781099286169341200,49.609341064453126,0.17143672704696655,0.23947224020957947,-0.16754452884197235
1781099286209462300,49.64946215820312,0.24553492665290833,0.35621562600135803,-0.09068089723587036
1781099286249583000,49.6895830078125,0.19906729459762573,0.3170053958892822,-0.06239040568470955
1781099286289704200,49.7297041015625,0.16259877383708954,0.25382959842681885,-0.11863796412944794
1781099286329825300,49.7698251953125,0.15619386732578278,0.09530148655176163,-0.05137983337044716
1781099286369945000,49.809945068359376,0.14754977822303772,0.04428810253739357,-0.05218331143260002
1781099286410066200,49.85006616210938,0.18279404938220978,0.10161850601434708,0.0930178239941597
1781099286450187000,49.89018701171875,0.2267085164785385,0.15903599560260773,0.12028832733631134
1781099286490308000,49.93030810546875,0.13815121352672577,-0.019036540761590004,-0.23134294152259827
1781099286530429200,49.97042919921875,0.06469084322452545,0.03918229043483734,-0.011130415834486485
1781099286570550000,50.01055004882812,0.14004258811473846,0.3320554494857788,-0.038909316062927246
1781099286610671000,50.050671142578125,0.09183884412050247,0.22127379477024078,-0.2897617816925049
1781099286650792200,50.09079223632813,0.1460762470960617,0.06679394096136093,0.018266089260578156
1781099286690913300,50.13091333007812,0.07642606645822525,0.26548492908477783,-0.04320685938000679
1781099286731034000,50.1710341796875,0.1501879096031189,0.01822827197611332,0.09822244197130203
1781099286771155200,50.2111552734375,0.05233484506607056,0.008110390976071358,-0.24438151717185974
1781099286811276300,50.2512763671875,0.13094976544380188,0.04059882462024689,0.043290216475725174
1781099286851397000,50.291397216796874,0.23705649375915527,0.4346475899219513,-0.03759957477450371
1781099286891518200,50.331518310546876,0.16570481657981873,-0.007878961972892284,-0.19176650047302246
1781099286931639300,50.37163940429687,0.17260000109672546,0.07945647835731506,0.11720439046621323
1781099286971760000,50.41176000976562,0.10416102409362793,0.10287711024284363,-0.07968311011791229
1781099287011881500,50.45188159179688,0.08732292056083679,0.0952165275812149,-0.1122027039527893
1781099287052002300,50.49200219726563,0.1435057669878006,0.1249224916100502,-0.05619962140917778
1781099287092123400,50.53212329101562,0.14178137481212616,0.19517002999782562,-0.10668756067752838
1781099287132244200,50.572244140625,0.14647679030895233,0.23720243573188782,-0.16877330839633942
1781099287172365300,50.612365234375,0.15095143020153046,0.22437025606632233,-0.025844646617770195
1781099287212486400,50.652486328125,0.0752236470580101,0.3317321240901947,-0.28113579750061035
1781099287252607200,50.692607177734374,0.19071055948734283,0.015164571814239025,-0.182162344455719
1781099287292728300,50.732728271484376,0.19500809907913208,0.29235196113586426,-0.017080184072256088
1781099287332849400,50.77284936523437,-0.0018282600212842226,0.3833359479904175,-0.20320850610733032
1781099287372970200,50.81297021484375,-0.02418603003025055,0.058340005576610565,-0.12308304756879807
1781099287413091300,50.85309130859375,0.36498862504959106,0.19283975660800934,-0.19527707993984222
1781099287453212400,50.89321240234375,0.13187573850154877,0.41736260056495667,-0.08346480131149292
1781099287493333500,50.93333349609375,0.05616127327084541,-0.09284019470214844,-0.02022377960383892
1781099287533454300,50.973454345703125,0.2493342012166977,0.017137974500656128,0.0032258869614452124
1781099287573575400,51.01357543945313,0.10288456827402115,0.25496411323547363,0.06289800256490707
1781099287613696500,51.05369653320312,0.1081315279006958,-0.030647924169898033,-0.0414465107023716
1781099287653817300,51.0938173828125,0.20794467628002167,0.05088608339428902,-0.15684394538402557
1781099287693938400,51.1339384765625,0.2146342694759369,0.19254814088344574,-0.0824112519621849
1781099287734059500,51.1740595703125,0.19481796026229858,0.030043918639421463,-0.05660628899931908
1781099287774180400,51.214180419921874,0.2547169625759125,0.16855652630329132,-0.0999351218342781
1781099287814301400,51.25430151367188,0.16727128624916077,-0.006428870838135481,-0.25010332465171814
1781099287854422500,51.29442260742187,0.1407421976327896,-0.0661127045750618,-0.1355533003807068
1781099287894542300,51.334542236328126,0.1911369413137436,0.21640953421592712,0.03837002441287041
1781099287934663400,51.37466333007813,0.2596350312232971,0.1467715948820114,0.334473580121994
1781099287974784300,51.4147841796875,0.28408312797546387,0.046178948134183884,-0.7533616423606873
1781099288014905300,51.4549052734375,0.013101687654852867,-0.35034656524658203,-0.5832279920578003
1781099288055026200,51.49502612304688,0.4415912628173828,0.834371030330658,0.38309866189956665
1781099288095147300,51.53514721679687,0.14532816410064697,1.8645073175430298,-1.2970579862594604
1781099288135268400,51.575268310546875,0.6774027347564697,-1.2304153442382812,-0.6324054002761841
1781099288175389200,51.61538916015625,0.032156337052583694,-0.0919850543141365,0.609769880771637
1781099288215510300,51.65551025390625,0.39340028166770935,0.37823012471199036,-0.2807070314884186
1781099288255631400,51.69563134765625,0.052551090717315674,-0.22272442281246185,-0.06283196061849594
1781099288295752200,51.735752197265626,0.11363814771175385,-0.3874340057373047,-0.05856184661388397
1781099288335873300,51.77587329101563,0.016521185636520386,0.44633355736732483,-0.051181428134441376
1781099288375994400,51.815994384765624,0.17514678835868835,0.3243567645549774,-0.3515380620956421
1781099288416115200,51.856115234375,0.17966990172863007,-0.05670056492090225,-0.325469970703125
1781099288456236300,51.896236328125,0.1295209676027298,-0.07471098750829697,-0.1019548624753952
1781099288496357400,51.936357421875,0.08987556397914886,0.2255396544933319,-0.05232765153050423
1781099288536478200,51.976478271484375,0.10606731474399567,0.13051113486289978,0.002846919232979417
1781099288576599300,52.01659936523438,0.22182106971740723,0.004413124173879623,-0.193630188703537
1781099288616720400,52.05672045898437,0.20227506756782532,-0.19634315371513367,-0.1379794329404831
1781099288656841200,52.09684130859375,0.30388373136520386,0.01013998594135046,-0.0011720572365447879
1781099288696962300,52.13696240234375,0.19178861379623413,0.1178603246808052,-0.1143295019865036
1781099288737083400,52.17708349609375,0.15517467260360718,-0.06570418179035187,-0.26775872707366943
1781099288777204200,52.217204345703124,0.15245744585990906,-0.06406980007886887,-0.26554831862449646
1781099288817325300,52.2573251953125,0.13296976685523987,0.12065663933753967,-0.13704413175582886
1781099288857446400,52.2974462890625,0.23880484700202942,0.3033750653266907,-0.2298148274421692
1781099288897567200,52.33756713867187,0.11834555119276047,-0.1456509381532669,-0.22460514307022095
1781099288937688300,52.377688232421875,0.16440412402153015,-0.0774865373969078,-0.20172034204006195
1781099288977809400,52.41780932617188,0.149492546916008,0.04590117931365967,-0.04687030240893364
1781099289017929700,52.4579296875,0.16017289459705353,-0.003805657150223851,-0.14068786799907684
1781099289058050800,52.49805078125,0.06340693682432175,-0.07640369236469269,-0.08616737276315689
1781099289098172000,52.538171875,0.11422724276781082,0.0518173910677433,-0.012240421026945114
1781099289138292700,52.578292724609376,0.1134091168642044,0.04398450255393982,-0.20755745470523834
1781099289178413800,52.61841381835937,0.06459444016218185,-0.10315488278865814,-0.13863112032413483
1781099289218533600,52.65853369140625,0.09525514394044876,0.17082953453063965,0.0030184267088770866
1781099289258654700,52.69865478515625,0.1211051195859909,0.08400488644838333,-0.1745299994945526
1781099289298775800,52.73877587890625,0.03556385263800621,-0.12615899741649628,-0.15144464373588562
1781099289338896600,52.778896728515626,0.16767874360084534,0.10848679393529892,-0.12742719054222107
1781099289379017700,52.81901782226562,0.11105621606111526,0.02978186309337616,-0.018273279070854187
1781099289419138800,52.859138916015624,0.1554660201072693,0.027547471225261688,-0.19146449863910675
1781099289459259600,52.899259765625,0.10241745412349701,-0.08897648006677628,-0.0661420002579689
1781099289499380700,52.93938061523438,0.12753984332084656,0.033244505524635315,-0.06989067047834396
1781099289539501800,52.97950170898437,0.11480940878391266,0.051362521946430206,-0.15168939530849457
1781099289579622700,53.01962255859375,0.11058909446001053,-0.14990773797035217,-0.22843210399150848
1781099289619743700,53.05974365234375,0.014668690972030163,-0.05004798620939255,-0.02346111834049225
1781099289659864800,53.09986474609375,0.21697492897510529,0.19634154438972473,-0.15683434903621674
1781099289699985700,53.13998559570312,-0.041312020272016525,-0.10278230160474777,-0.0900404080748558
1781099289740106800,53.180106689453126,0.1269209235906601,-0.12607884407043457,-0.146763876080513
1781099289780227800,53.22022778320313,0.07637812942266464,0.012348012998700142,0.053520750254392624
1781099289820348700,53.2603486328125,0.05668644979596138,-0.02648087590932846,-0.14556492865085602
1781099289860469800,53.3004697265625,-0.034744929522275925,-0.1524164378643036,-0.01648896187543869
1781099289900590800,53.3405908203125,0.0012916331179440022,0.06564611941576004,0.009678193368017673
1781099289940711700,53.38071166992187,0.01679549179971218,-0.1721954643726349,-0.20681922137737274
1781099289980832800,53.420832763671875,0.035722844302654266,-0.043652404099702835,0.00929310079663992
1781099290020953900,53.46095385742188,0.04623620584607124,0.07497837394475937,0.00227886694483459
1781099290061074700,53.50107470703125,0.0589597225189209,-0.1770986169576645,-0.1851821094751358
1781099290101195800,53.54119580078125,0.06115416809916496,-0.182611882686615,-0.07447449862957001
1781099290141316900,53.58131689453125,0.14212357997894287,0.20512385666370392,-0.12055384367704391
1781099290181437700,53.62143774414063,0.04934997111558914,-0.05811683088541031,-0.1628562957048416
1781099290221558800,53.661558837890624,0.0051713259890675545,-0.04030241444706917,-0.13480016589164734
1781099290261679900,53.701679931640626,0.1272735297679901,-0.12045504152774811,-0.08142295479774475
1781099290301800700,53.74180078125,0.03953036665916443,0.028808744624257088,-0.22138485312461853
1781099290341921800,53.781921875,0.04001665860414505,-0.06505037099123001,0.05796929448843002
1781099290382043000,53.82204296875,0.05416310206055641,0.06333929300308228,-0.13921567797660828
1781099290422163700,53.86216381835938,-0.028613002970814705,-0.315976083278656,-0.1385679990053177
1781099290462284800,53.90228491210937,0.17374728620052338,0.026265425607562065,-0.027352262288331985
1781099290502406000,53.942406005859375,-0.09506739675998688,0.035119105130434036,0.03690049424767494
1781099290542526700,53.982526611328126,-0.0649728775024414,-0.2142489105463028,-0.23003825545310974
1781099290582647800,54.02264770507813,-0.03436969220638275,0.031869783997535706,0.08872267603874207
1781099290622769000,54.062768798828124,0.07124514877796173,0.008318383246660233,-0.0982125848531723
1781099290662889700,54.1028896484375,0.01894865743815899,-0.1515463888645172,-0.12271499633789062
1781099290703010800,54.1430107421875,0.059596218168735504,-0.14943157136440277,0.007297594100236893
1781099290743132000,54.1831318359375,-0.013874802738428116,-0.06283382326364517,-0.13083843886852264
1781099290783252700,54.223252685546875,0.07022435963153839,-0.06629886478185654,-0.033549170941114426
1781099290823373800,54.26337377929688,0.005392368417233229,-0.19549520313739777,-0.18777017295360565
1781099290863494000,54.303493896484376,0.05880366265773773,-0.1664275974035263,-0.18282201886177063
1781099290903614700,54.34361474609375,0.030185598880052567,-0.021802766248583794,-0.05651840195059776
1781099290943735800,54.38373583984375,0.0719359740614891,-0.207248255610466,-0.09510574489831924
1781099290983857000,54.42385693359375,0.10894113034009933,-0.21787694096565247,-0.3022027313709259
1781099291023978800,54.463978759765624,-0.004716990981251001,-0.3069407641887665,-0.03759850934147835
1781099291064099800,54.504099853515626,0.07124967873096466,-0.07532431185245514,-0.03562510386109352
1781099291104220700,54.544220703125,-0.024712270125746727,-0.04923225939273834,-0.16817089915275574
1781099291144341800,54.584341796875,-0.1054992601275444,-0.2991102635860443,-0.05157797411084175
1781099291184462800,54.624462890625,0.010657171718776226,-0.04920988902449608,-0.028536302968859673
1781099291224583700,54.66458374023438,-0.12062468379735947,-0.06046414375305176,-0.11113477498292923
1781099291264704800,54.70470483398437,-0.1580900400876999,-0.2598840296268463,-0.013163206167519093
1781099291304825900,54.744825927734375,-0.09863735735416412,0.07577785104513168,-0.06031207740306854
1781099291344946700,54.78494677734375,-0.20350918173789978,0.01702931709587574,0.2569396495819092
1781099291385067800,54.82506787109375,-0.015415174886584282,-0.09711296856403351,-0.08589786291122437
1781099291425188900,54.86518896484375,-0.2848900556564331,-0.38067784905433655,0.08312870562076569
1781099291465309700,54.905309814453126,0.23292432725429535,-0.09940541535615921,0.005605954211205244
1781099291505430800,54.9454306640625,-0.1649138480424881,0.43598291277885437,-0.09354459494352341
1781099291545552000,54.9855517578125,-0.01822587475180626,-0.2974945306777954,0.07657653093338013
1781099291585672700,55.025672607421875,-0.028680380433797836,0.18058708310127258,0.2101721465587616
1781099291625793800,55.06579370117188,-0.009920807555317879,0.06569911539554596,0.01836356148123741
1781099291665915000,55.10591479492187,-0.032220520079135895,-0.14600886404514313,-0.047329965978860855
1781099291706035700,55.14603564453125,-0.07182678580284119,-0.01781122200191021,0.07172904908657074
1781099291746156800,55.18615673828125,-0.03365356847643852,0.1482267528772354,-0.042990878224372864
1781099291786278000,55.22627783203125,-0.0008783105295151472,-0.07483083009719849,-0.10396421700716019
1781099291826398700,55.266398681640624,-0.08013265579938889,0.040346890687942505,0.16776131093502045
1781099291866519800,55.306519775390626,-0.01715368591248989,0.1466512233018875,-0.027777303010225296
1781099291906641000,55.34664086914062,-0.1126093715429306,-0.38231566548347473,-0.05205654352903366
1781099291946761700,55.38676171875,-0.0917738601565361,-0.20304898917675018,-0.027783161029219627
1781099291986881800,55.4268818359375,0.03141171857714653,0.03723844885826111,0.004722849931567907
1781099292027002000,55.46700219726562,-0.022191321477293968,0.2421513795852661,-0.13993553817272186
1781099292067123200,55.507123291015624,-0.04183799400925636,-0.1494922786951065,0.03056856244802475
1781099292107244000,55.547244140625,-0.166002556681633,-0.15338023006916046,-0.05606753006577492
1781099292147365000,55.587365234375,-0.06077147275209427,-0.12303990870714188,0.0328437015414238
1781099292187486200,55.627486328125,-0.07329285889863968,0.17213821411132812,-0.009737581945955753
1781099292227607000,55.66760693359375,-0.09188731014728546,-0.055996689945459366,0.04380606859922409
1781099292267728100,55.70772802734375,-0.08941057324409485,-0.007517571095377207,-0.03587384521961212
1781099292307849200,55.74784912109375,-0.11178405582904816,-0.017905764281749725,0.11497372388839722
1781099292347970000,55.787969970703124,0.01565512642264366,0.19069485366344452,-0.23389051854610443
1781099292388091100,55.828091064453126,-0.11125408858060837,-0.2117740362882614,0.10238176584243774
1781099292428212200,55.86821215820312,-0.04360659793019295,0.08048205822706223,0.19041414558887482
1781099292468333000,55.9083330078125,-0.034515898674726486,-0.0016554208705201745,0.04928472638130188
1781099292508454100,55.9484541015625,0.031327564269304276,-0.07397142797708511,0.007906924933195114
1781099292548575200,55.9885751953125,-0.04502926021814346,0.0950479507446289,-0.09784107655286789
1781099292588696000,56.02869604492187,-0.00532605592161417,0.15581223368644714,0.1826331913471222
1781099292628817200,56.068817138671875,-0.006411560345441103,0.0466439351439476,-0.03743765130639076
1781099292668938200,56.10893823242188,-0.0041276332922279835,-0.24699673056602478,-0.00646722037345171
1781099292709059000,56.14905908203125,-0.053007822483778,0.030703583732247353,0.030665766447782516
1781099292749180200,56.18918017578125,-0.01637338101863861,-0.06727677583694458,-0.06786586344242096
1781099292789301200,56.22930126953125,-0.09738247841596603,-0.14548608660697937,-0.06051900237798691
1781099292829422000,56.26942211914063,-0.053791593760252,0.10370748490095139,0.049605369567871094
1781099292869543200,56.309543212890624,-0.08065623044967651,0.12021642178297043,0.09556593745946884
1781099292909664300,56.349664306640626,-0.04752783849835396,0.03177763521671295,0.13000993430614471
1781099292949785000,56.38978515625,-0.05577005445957184,0.02219345234334469,-0.00774660287424922
1781099292989905200,56.4299052734375,-0.03531404957175255,0.011270497925579548,0.14121171832084656
1781099293030026000,56.47002587890625,-0.03692525997757912,0.15288861095905304,0.020202739164233208
1781099293070146800,56.51014672851562,-0.02816346101462841,-0.04764421656727791,-0.09635689854621887
1781099293110268000,56.550267822265624,0.011117632500827312,0.06760993599891663,0.09756144136190414
1781099293150389000,56.59038891601563,0.013746438547968864,0.15134131908416748,0.0731317326426506
1781099293190509800,56.630509765625,0.07717334479093552,-0.12065211683511734,-0.11451832205057144
1781099293230631000,56.670630859375,-0.12034798413515091,-0.21087202429771423,-0.018604576587677002
1781099293270752000,56.710751953125,0.04273175075650215,-0.15148992836475372,-0.08136516064405441
1781099293310872800,56.75087280273438,-0.09503091126680374,0.06234912946820259,-0.06478618830442429
1781099293350994000,56.79099389648437,-0.10133327543735504,-0.1988164186477661,-0.0007400924805551767
1781099293391115000,56.831114990234376,-0.03525039926171303,-0.009097890928387642,-0.01714889332652092
1781099293431235800,56.87123583984375,-0.10919386148452759,-0.14870239794254303,0.20362982153892517
1781099293471357000,56.91135693359375,-0.00839854497462511,-0.09779979288578033,0.1133611798286438
1781099293511478000,56.95147802734375,-0.2331773340702057,-0.2967027723789215,0.07154501974582672
1781099293551598800,56.99159887695313,-0.002752909669652581,-0.2340199500322342,0.12198502570390701
1781099293591720000,57.03171997070312,-0.04552913457155228,0.16427096724510193,-0.0324130654335022
1781099293631841000,57.071841064453125,-0.06488179415464401,-0.22670584917068481,0.024691497907042503
1781099293671961900,57.1119619140625,-0.042081672698259354,0.22004687786102295,0.04397358372807503
1781099293712083000,57.1520830078125,-0.015440741553902626,-0.025433721020817757,0.08953467756509781
1781099293752204000,57.1922041015625,-0.08836980909109116,-0.0602249912917614,0.022418223321437836
1781099293792324900,57.232324951171876,-0.028202876448631287,-0.18861572444438934,0.14792980253696442
1781099293832446000,57.27244604492188,-0.0021315941121429205,-0.07736216485500336,0.1740410327911377
1781099293872567000,57.312567138671874,-0.0133275231346488,0.010841462761163712,-0.02316284365952015
1781099293912687900,57.35268798828125,-0.007576693315058947,0.16069194674491882,-0.216252401471138
1781099293952809000,57.39280908203125,-0.037696778774261475,0.15832093358039856,0.03964594751596451
1781099293992929000,57.432928955078125,-0.004512992687523365,0.11852904409170151,0.13910169899463654
1781099294033051000,57.47305078125,-0.055937301367521286,-0.1498504877090454,0.07080679386854172
1781099294073172000,57.513171875,-0.12448200583457947,-0.21456822752952576,0.18139483034610748
1781099294113293000,57.55329296875,-0.10716080665588379,0.0453198105096817,0.031623970717191696
1781099294153414000,57.59341381835937,-0.028560537844896317,-0.20853349566459656,0.0026296053547412157
1781099294193535000,57.633534912109376,0.0475936159491539,0.11971761286258698,0.00606455048546195
1781099294233655800,57.67365576171875,0.0002657834847923368,-0.00293267285451293,0.028321387246251106
1781099294273777000,57.71377685546875,-0.009950368665158749,-0.02804734744131565,0.005306082312017679
1781099294313897700,57.753897705078124,-0.045402102172374725,-0.10607104003429413,0.042159438133239746
1781099294354018800,57.79401879882813,0.023311713710427284,0.013860155828297138,0.003516437951475382
1781099294394139600,57.8341396484375,-0.11143278330564499,-0.17820648849010468,-0.15341192483901978
1781099294434260700,57.8742607421875,0.03333904966711998,-0.09527139365673065,0.26436400413513184
1781099294474381800,57.9143818359375,-0.10679036378860474,0.09189343452453613,-0.1701624095439911
1781099294514502700,57.95450268554688,-0.08531409502029419,-0.24118837714195251,0.11776284873485565
1781099294554623700,57.99462377929687,-0.05899221450090408,0.16940394043922424,0.04189392179250717
1781099294594744800,58.034744873046876,-0.11388928443193436,-0.3024786412715912,-0.1402662992477417
1781099294634865700,58.07486572265625,-0.03494839742779732,0.06663202494382858,0.07867563515901566
1781099294674986800,58.11498681640625,0.032046880573034286,0.11271563172340393,0.0729738101363182
1781099294715107800,58.15510791015625,-0.1253637820482254,-0.10456608980894089,-0.18585588037967682
1781099294755228700,58.19522875976563,-0.0528821237385273,-0.08520810306072235,0.2143959105014801
1781099294795349800,58.23534985351562,-0.03879693150520325,0.2102038413286209,-0.0452878512442112
1781099294835470800,58.275470947265624,-0.028500083833932877,-0.17968080937862396,0.005876797717064619
1781099294875592000,58.31559204101563,-0.024501880630850792,-0.040462736040353775,0.08776234090328217
1781099294915712800,58.35571264648438,-0.04571449011564255,-0.12451476603746414,0.029093170538544655
1781099294955833900,58.39583374023437,-0.11209671199321747,0.04799948260188103,0.1294059306383133
1781099294995955000,58.435954833984376,-0.036740705370903015,0.07170215249061584,0.1255701780319214
1781099295036074000,58.47607397460938,-0.07005658000707626,-0.04316052049398422,-0.11189404129981995
1781099295076195000,58.51619506835937,-0.0693574994802475,-0.07208964228630066,-0.009008142165839672
1781099295116316000,58.55631591796875,-0.04468730837106705,0.1669415831565857,0.04352137818932533
1781099295156437000,58.59643701171875,-0.010451043024659157,0.07060359418392181,-0.0703231617808342
1781099295196558000,58.63655810546875,-0.08270660042762756,-0.12217225134372711,-0.03497582674026489
1781099295236679200,58.67667919921875,-0.008288822136819363,0.056469667702913284,0.11596841365098953
1781099295276800000,58.71680004882813,-0.059479840099811554,0.009824933484196663,-0.08868299424648285
1781099295316921000,58.75692114257812,0.00535375252366066,-0.055394284427165985,0.03729970008134842
1781099295357042200,58.797042236328124,-0.0000021305288555595325,0.18056339025497437,-0.08544246107339859
1781099295397163000,58.8371630859375,-0.04212348535656929,-0.07179483026266098,-0.06655506044626236
1781099295437284000,58.8772841796875,-0.13768649101257324,0.09474275261163712,-0.05336708575487137
1781099295477405200,58.9174052734375,-0.1933138072490692,0.09675396978855133,-0.0401865690946579
1781099295517526000,58.957526123046875,-0.18200096487998962,0.16141125559806824,0.01816568709909916
1781099295557647000,58.99764721679688,-0.20713986456394196,0.09046784788370132,0.04507533088326454
1781099295597768200,59.03776831054687,-0.07929189503192902,0.07298925518989563,-0.013450827449560165
1781099295637889000,59.077888916015624,-0.07863275706768036,0.020263992249965668,0.03506797179579735
1781099295678010000,59.11801000976563,-0.03682059794664383,0.10850916802883148,0.06680699437856674
1781099295718131000,59.158130859375,-0.09640856087207794,0.027535220608115196,0.0444691963493824
1781099295758252000,59.198251953125,0.056239038705825806,0.05235481634736061,0.0811513140797615
1781099295798372900,59.238372802734375,-0.010514426045119762,-0.03566825017333031,-0.12960167229175568
1781099295838494000,59.27849389648438,0.05802282318472862,-0.0015060176374390721,0.2121514081954956
1781099295878614800,59.31861474609375,0.011022291146218777,0.0714840367436409,0.04958406463265419
1781099295918736000,59.35873583984375,0.007241134997457266,-0.2329738587141037,-0.006405168678611517
1781099295958857000,59.39885693359375,0.06676624715328217,0.013936055824160576,0.0867074653506279
1781099295998977000,59.43897705078125,0.04320685938000679,-0.03744218125939369,0.037396639585494995
1781099296039098000,59.47909814453125,0.05555993318557739,-0.005940979812294245,-0.020732175558805466
1781099296079219000,59.51921899414062,-0.01654328964650631,-0.06862539798021317,0.03891517594456673
1781099296119340000,59.559340087890625,-0.011917113326489925,0.04147287458181381,0.08903852850198746
1781099296159461000,59.59946118164063,-0.0770721510052681,0.12658484280109406,0.08714529126882553
1781099296199582000,59.63958203125,-0.08663422614336014,0.02672109380364418,0.1482962667942047
1781099296239703000,59.679703125,-0.09897851198911667,0.02629259042441845,0.052269596606492996
1781099296279824100,59.71982421875,-0.020049873739480972,-0.05551678687334061,0.037405163049697876
1781099296319945000,59.75994506835937,-0.034940142184495926,0.14033927023410797,-0.019810723140835762
1781099296360066000,59.800066162109374,0.00959643442183733,0.12746794521808624,0.01962350308895111
1781099296400187100,59.84018725585938,0.0723240002989769,-0.0038242992013692856,-0.019588615745306015
1781099296440308000,59.88030786132813,0.05542677268385887,-0.04294427111744881,-0.14139866828918457
1781099296480429000,59.92042895507812,0.06407032907009125,-0.023796942085027695,0.12143215537071228
1781099296520550000,59.9605498046875,-0.006533799227327108,0.07992306351661682,-0.1252673715353012
1781099296560671000,60.0006708984375,0.026388198137283325,-0.06045934930443764,0.12557683885097504
1781099296600791800,60.04079174804688,0.05834772810339928,-0.0723908394575119,-0.03557157516479492
1781099296640913000,60.080912841796874,-0.010184460319578648,-0.2163967490196228,-0.27611255645751953
1781099296681033700,60.12103369140625,0.031790684908628464,-0.008788431994616985,0.3114156723022461
1781099296721154800,60.16115478515625,0.03478008508682251,0.05871817469596863,-0.17100609838962555
1781099296761276000,60.20127587890625,-0.06996789574623108,-0.4168776571750641,-0.15627482533454895
1781099296801396700,60.241396728515625,0.039145004004240036,0.15646684169769287,0.24035507440567017
1781099296841517800,60.28151782226563,-0.09281542152166367,0.07136233150959015,-0.09372010082006454
1781099296881638100,60.32163818359375,-0.033301230520009995,-0.23037567734718323,0.019117236137390137
1781099296921759000,60.36175903320313,-0.03994289040565491,0.06191503256559372,0.09012110531330109
1781099296961880000,60.401880126953124,-0.12045211344957352,0.030433272942900658,-0.33396705985069275
1781099297002001400,60.44200146484375,-0.11276543140411377,0.1937156766653061,-0.05276814103126526
1781099297042122200,60.48212231445312,-0.07867004722356796,0.27289119362831116,-0.12802107632160187
1781099297082243300,60.522243408203124,-0.17118427157402039,0.13747423887252808,-0.13905881345272064
1781099297122364400,60.56236450195313,-0.02503451332449913,0.049549710005521774,0.058030545711517334
1781099297162485200,60.6024853515625,-0.2216692715883255,-0.05314018204808235,0.22242695093154907
1781099297202606300,60.6426064453125,-0.07185128331184387,0.13628487288951874,0.06370387971401215
1781099297242727400,60.6827275390625,-0.16016916930675507,-0.14747494459152222,0.060437776148319244
1781099297282848300,60.72284814453125,0.057069942355155945,-0.07915394008159637,0.09110567718744278
1781099297322969300,60.76296923828125,0.03409485146403313,0.03768479451537132,-0.000630636524874717
1781099297363090400,60.80309033203125,0.05366349592804909,0.0810122936964035,-0.11092385649681091
1781099297403211300,60.843211181640626,-0.0960727334022522,-0.10469897836446762,0.05451676994562149
1781099297443332400,60.88333227539062,0.03800597041845322,0.12268970161676407,0.06576543301343918
1781099297483453400,60.923453369140624,-0.03266739845275879,-0.0034788872580975294,-0.005185973364859819
1781099297523574300,60.96357421875,0.0019829897210001945,-0.16492770612239838,0.1805008053779602
1781099297563695400,61.0036953125,0.02503744326531887,-0.10125338286161423,0.015602661296725273
1781099297603816400,61.04381640625,-0.018372882157564163,-0.038233671337366104,0.013340040110051632
1781099297643937300,61.083937255859375,0.0380224846303463,-0.039146337658166885,0.1569717675447464
1781099297684058400,61.12405834960938,0.08058325946331024,-0.011957060545682907,-0.21224381029605865
1781099297724178400,61.164178466796876,0.02762097492814064,-0.011053982190787792,-0.2652495205402374
1781099297764299500,61.20429956054687,0.01152695994824171,0.2778550386428833,0.06271957606077194
1781099297804420400,61.24442041015625,0.04524923861026764,0.5351986885070801,-0.07821304351091385
1781099297844541400,61.28454150390625,-0.17107480764389038,-0.038001179695129395,-0.016698285937309265
1781099297884662300,61.32466235351563,-0.008375109173357487,-0.1094207689166069,0.25868454575538635
1781099297924783400,61.36478344726562,-0.05378387123346329,0.08071695268154144,0.2128227949142456
1781099297964904400,61.404904541015625,-0.05727580562233925,-0.14823180437088013,0.07210375368595123
1781099298005025500,61.44502563476563,0.1171274185180664,-0.18622685968875885,0.02527313306927681
1781099298045146400,61.485146484375,0.06312890350818634,0.10910385102033615,-0.012707538902759552
1781099298085267500,61.525267333984374,0.0972791463136673,0.21075670421123505,-0.03338112682104111
1781099298125388500,61.565388427734376,0.053758036345243454,0.14759264886379242,-0.16716235876083374
1781099298165509600,61.60550952148437,-0.04565590247511864,0.11936713755130768,-0.06543253362178802
1781099298205630500,61.64563037109375,0.002400839701294899,0.05668458342552185,-0.01774410903453827
1781099298245751600,61.68575146484375,-0.07987911999225616,0.04356292262673378,0.004971056245267391
1781099298285872600,61.72587255859375,-0.042481679469347,0.2372993677854538,-0.16854427754878998
1781099298325993500,61.76599340820312,-0.17938973009586334,0.010640660300850868,0.06681232154369354
1781099298366114600,61.806114501953125,-0.010322678834199905,-0.031974177807569504,0.10740555077791214
1781099298406235600,61.84623559570313,-0.03098880872130394,-0.010716293938457966,0.2152494639158249
1781099298446356500,61.8863564453125,-0.0057220677845180035,0.125205859541893,-0.00818069837987423
1781099298486476500,61.9264765625,0.0511593259871006,0.010064885020256042,-0.009077650494873524
1781099298526597400,61.96659741210937,0.006868026219308376,0.1128101721405983,0.01812174543738365
1781099298566718500,62.006718505859375,0.029858030378818512,0.07016950100660324,0.028568528592586517
1781099298606839600,62.04683959960938,-0.00833649281412363,0.11894609779119492,-0.025202292948961258
1781099298646960400,62.08696044921875,0.006107959896326065,0.17970691621303558,-0.03501337766647339
1781099298687081500,62.12708154296875,0.10075244307518005,0.016386963427066803,0.018093517050147057
1781099298727202600,62.16720263671875,0.10428193211555481,0.05302726477384567,0.03525679185986519
1781099298767323400,62.20732348632812,0.11559024453163147,-0.09531001001596451,-0.08050629496574402
1781099298807444500,62.247444580078124,0.04692196846008301,-0.031184017658233643,0.013642575591802597
1781099298847565600,62.28756567382813,0.10500870645046234,0.14337873458862305,-0.01116104144603014
1781099298887686400,62.32768627929688,0.04223986342549324,0.06166549399495125,-0.15210697054862976
1781099298927807500,62.36780737304687,0.07071438431739807,0.10318630933761597,0.02804015576839447
1781099298967928600,62.407928466796875,0.06477925926446915,0.06114191561937332,-0.04475202411413193
1781099299008049400,62.44804931640625,0.003653058083727956,-0.14541871845722198,-0.1449345499277115
1781099299048170500,62.48817041015625,-0.05497776344418526,0.025725070387125015,0.10350029170513153
1781099299088291300,62.52829125976562,0.004802744835615158,0.14475291967391968,0.0723346471786499
1781099299128412400,62.568412353515626,-0.009179383516311646,-0.00717721926048398,-0.0653798058629036
1781099299168533500,62.60853344726563,0.04026379808783531,0.004834702704101801,0.0418342649936676
1781099299208654300,62.648654296875,0.04953266680240631,0.08759988844394684,-0.09378214925527573
1781099299248775400,62.688775390625,0.009019593708217144,0.04363616183400154,0.054194796830415726
1781099299288895500,62.7288955078125,0.08988221734762192,0.19134625792503357,0.0043779704719781876
1781099299329016300,62.769016357421876,0.058037471026182175,-0.016696421429514885,0.005044825840741396
1781099299369137400,62.80913745117188,0.19009163975715637,-0.07991506904363632,-0.14072462916374207
1781099299409258200,62.84925830078125,-0.032635439187288284,-0.09902431815862656,0.03274116665124893
1781099299449379300,62.88937939453125,0.04560929536819458,0.04416000470519066,-0.11490075290203094
1781099299489500400,62.92950048828125,-0.05868967995047569,-0.04151042550802231,-0.13530749082565308
1781099299529621200,62.96962133789062,0.06401946395635605,0.11156301200389862,-0.10453066974878311
1781099299569742300,63.009742431640625,0.09772176295518875,0.005818208213895559,-0.22355985641479492
1781099299609863400,63.04986352539063,0.05849526822566986,-0.06382984668016434,-0.005093561951071024
1781099299649984300,63.089984375,0.09727568924427032,0.03898734599351883,0.034691136330366135
1781099299690105300,63.13010522460937,-0.030250048264861107,-0.10146030783653259,0.05870858579874039
1781099299730226400,63.170226318359376,0.06009955704212189,-0.08139445632696152,0.013104616664350033
1781099299770347300,63.21034716796875,0.031867120414972305,-0.140207439661026,0.17116029560565948
1781099299810468400,63.25046826171875,0.0857793539762497,0.061656706035137177,-0.01564260944724083
1781099299850589400,63.29058935546875,0.0019592875614762306,0.07910946756601334,0.031008515506982803
1781099299890710300,63.33071020507813,0.04173732548952103,0.08014916628599167,0.10738424956798553
1781099299930831400,63.37083129882812,-0.005875199567526579,0.08047220855951309,-0.06354009360074997
1781099299970952400,63.410952392578125,-0.0440625324845314,0.11860254406929016,0.011427357792854309
1781099300011072800,63.45107275390625,-0.03142689913511276,0.23187823593616486,0.1715853363275528
1781099300051193900,63.49119384765625,0.047641821205616,0.07548809796571732,0.04345985874533653
1781099300091315000,63.53131494140625,0.06769063323736191,0.03933728486299515,-0.044625259935855865
1781099300131435800,63.571435791015624,0.07783567905426025,0.052562542259693146,0.10166164487600327
1781099300171556900,63.611556884765626,0.12144201248884201,0.14020051062107086,0.06010514870285988
1781099300211677200,63.65167724609375,0.07584789395332336,0.13715173304080963,0.016104668378829956
1781099300251798000,63.69179809570313,0.09109688550233841,0.127450630068779,-0.08555085211992264
1781099300291919000,63.73191918945312,0.05134228244423866,0.11331909894943237,-0.04772331193089485
1781099300332040200,63.772040283203125,0.08934053033590317,0.22444908320903778,0.008262457326054573
1781099300372161000,63.8121611328125,0.048539306968450546,0.0827643871307373,-0.07395757734775543
1781099300412282000,63.8522822265625,0.07205741852521896,-0.019515378400683403,0.003935087006539106
1781099300452403000,63.89240283203125,0.06606423854827881,0.07465080171823502,0.14902091026306152
1781099300492524000,63.93252392578125,0.13766731321811676,0.024155138060450554,-0.08866675198078156
1781099300532644900,63.97264477539063,-0.012546950951218605,-0.022964971140027046,-0.0003352919884491712
1781099300572766000,64.01276586914062,0.12081670016050339,0.040518663823604584,0.039555929601192474
1781099300612886800,64.05288671875,0.07835685461759567,0.14271001517772675,-0.03738918527960777
1781099300653008000,64.0930078125,0.12609508633613586,0.07529795169830322,-0.0519726537168026
1781099300693129000,64.13312890625,0.07952705025672913,0.07078096270561218,-0.049676209688186646
1781099300733249800,64.17324975585937,0.1432785987854004,0.07081504911184311,-0.11051879078149796
1781099300773371000,64.21337084960938,0.0584995299577713,-0.030951257795095444,-0.14436756074428558
1781099300813492000,64.25349194335938,0.09391291439533234,-0.08586084842681885,-0.10432080924510956
1781099300853612800,64.29361279296874,0.03756974637508392,-0.003626160090789199,0.20576727390289307
1781099300893734000,64.33373388671875,0.14588183164596558,-0.04467053338885307,0.008982310071587563
1781099300933855000,64.37385498046875,0.07462044060230255,0.0024080302100628614,-0.276979923248291
1781099300973975800,64.41397583007813,0.09035519510507584,0.018454374745488167,0.08461768180131912
1781099301014097400,64.45409741210938,0.21285608410835266,0.19484885036945343,0.03003752790391445
1781099301054218200,64.49421826171876,0.06286897510290146,-0.07749612629413605,-0.2614915370941162
1781099301094339300,64.53433935546875,0.055816926062107086,-0.19969527423381805,0.10626358538866043
1781099301134460400,64.57446044921875,0.06132141500711441,0.05638444796204567,-0.08563447743654251
1781099301174581200,64.61458129882813,0.06357737630605698,-0.049129728227853775,-0.13367736339569092
1781099301214702300,64.65470239257813,0.16869820654392242,-0.0536792054772377,-0.023727966472506523
1781099301254822400,64.69482250976563,0.14449086785316467,-0.022405706346035004,-0.21445050835609436
1781099301294943200,64.73494311523437,0.13266482949256897,-0.09672361612319946,-0.12296081334352493
1781099301335064300,64.77506420898438,0.1056198999285698,-0.07642366737127304,-0.14967790246009827
1781099301375185400,64.81518530273438,0.06384263187646866,-0.06576170027256012,-0.04164837673306465
1781099301415306200,64.85530615234374,0.07000784575939178,-0.0723479688167572,-0.020438695326447487
1781099301455427300,64.89542724609375,0.061105165630578995,-0.06867493689060211,-0.11102878302335739
1781099301495548400,64.93554833984375,0.01158661488443613,-0.0029313412960618734,-0.17233341932296753
1781099301535669200,64.97566918945313,-0.030897462740540504,0.00526693370193243,-0.11611515283584595
1781099301575790300,65.01579028320313,-0.022831013426184654,-0.056837983429431915,0.07496798038482666
1781099301615911400,65.05591137695312,-0.000526773277670145,-0.14632152020931244,0.057441454380750656
1781099301656032300,65.0960322265625,-0.027633758261799812,-0.09076479077339172,-0.08823984861373901
1781099301696153300,65.1361533203125,0.02592320926487446,0.14781396090984344,-0.07977551966905594
1781099301736274400,65.1762744140625,0.006284261122345924,0.16020192205905914,-0.08568001538515091
1781099301776395300,65.21639526367187,-0.02196655236184597,0.09723573923110962,0.022360699251294136
1781099301816516400,65.25651635742187,0.04183719679713249,0.03266739845275879,-0.06543786078691483
1781099301856637400,65.29663745117188,-0.052921272814273834,-0.07917550951242447,0.009484315291047096
1781099301896758300,65.33675830078126,-0.016593357548117638,0.05895306542515755,0.18830358982086182
1781099301936879400,65.37687939453124,0.003650394966825843,-0.0080323601141572,-0.026376480236649513
1781099301977000400,65.41700048828125,0.06060875207185745,-0.014036190696060658,0.0519457571208477
1781099302017121000,65.45712109375,0.08269514888525009,0.1346302479505539,-0.052871204912662506
1781099302057242000,65.4972421875,0.14209695160388947,0.14598169922828674,-0.05425924435257912
1781099302097363200,65.53736328125,0.04934917390346527,0.20768502354621887,-0.15221643447875977
1781099302137483000,65.57748291015625,0.029332589358091354,0.1219426840543747,-0.22057045996189117
1781099302177604000,65.61760400390625,-0.012179700657725334,0.3486458659172058,-0.002722283359616995
1781099302217725000,65.65772485351563,-0.06372705101966858,0.07378793507814407,0.1373695731163025
1781099302257846000,65.69784594726562,0.057304300367832184,-0.1454155147075653,0.029756298288702965
1781099302297967000,65.73796704101562,0.028324848040938377,0.03501177951693535,-0.06018850579857826
1781099302338088000,65.778087890625,0.06741578876972198,0.03225327655673027,0.003754258155822754
1781099302378209000,65.818208984375,0.16526831686496735,0.09230862557888031,-0.006926615722477436
1781099302418330000,65.858330078125,0.15628601610660553,0.15787538886070251,-0.13573439419269562
1781099302458451000,65.89845092773437,0.107451893389225,0.06775800883769989,-0.15485908091068268
1781099302498572000,65.93857202148438,0.08228155970573425,0.05453275144100189,-0.03332227095961571
1781099302538693000,65.97869311523438,0.06269107758998871,0.016693226993083954,-0.15384575724601746
1781099302578814000,66.01881396484374,0.060384247452020645,-0.043771449476480484,-0.03236539661884308
1781099302618935000,66.05893505859375,0.11455640941858292,0.10046029090881348,-0.09838303178548813
1781099302659056000,66.09905615234375,0.07329738140106201,-0.07483669370412827,-0.11123783886432648
1781099302699177000,66.13917700195313,0.05639563128352165,-0.13788782060146332,-0.028088625520467758
1781099302739298000,66.17929809570313,-0.00045619948650710285,-0.01835237629711628,0.02137106843292713
1781099302779419100,66.21941918945312,0.06672842800617218,0.0856563150882721,-0.03748266026377678
1781099302819540000,66.2595400390625,0.07583590596914291,-0.033372871577739716,-0.11855008453130722
1781099302859661000,66.2996611328125,0.048162735998630524,-0.04921654984354973,-0.09096585959196091
1781099302899782100,66.3397822265625,0.054655253887176514,0.08458252996206284,-0.034510571509599686
1781099302939902000,66.37990185546874,0.0578949898481369,-0.038783349096775055,-0.10491283237934113
1781099302980023000,66.42002294921875,-0.01161670871078968,-0.11764966696500778,-0.04778989404439926
1781099303020144400,66.46014428710937,0.046006638556718826,0.02431519329547882,-0.027034280821681023
1781099303060265500,66.50026538085937,0.10451309382915497,0.03111957013607025,-0.060686249285936356
1781099303100386600,66.54038647460938,0.10000170022249222,-0.1464613378047943,-0.09453102946281433
1781099303140507400,66.58050732421874,0.06767811626195908,-0.060622066259384155,-0.12867888808250427
1781099303180628500,66.62062841796875,0.04746472090482712,0.14288552105426788,0.06099890545010567
1781099303220749600,66.66074951171875,0.0580768845975399,0.0029433255549520254,-0.08741746097803116
1781099303260870400,66.70087036132813,-0.02329360507428646,-0.16850405931472778,-0.14399471879005432
1781099303300991500,66.74099145507813,0.024689367040991783,-0.002968092914670706,-0.0391806922852993
1781099303341112600,66.78111254882812,0.021582257002592087,0.009406817145645618,-0.05717034637928009
1781099303381233400,66.8212333984375,-0.00800013542175293,0.08047220855951309,-0.003997404593974352
1781099303421354500,66.8613544921875,0.03351880982518196,0.0013190637109801173,0.012321114540100098
1781099303461475600,66.9014755859375,0.03279975801706314,-0.13819248974323273,-0.09773135185241699
1781099303501596400,66.94159643554687,0.0010090717114508152,-0.040523190051317215,-0.012742427177727222
1781099303541717500,66.98171752929687,0.0659521222114563,0.037454165518283844,0.09240050613880157
1781099303581838600,67.02183862304688,0.04855448752641678,0.07982639223337173,-0.0439930222928524
1781099303621958400,67.06195849609375,-0.0036312201991677284,-0.12862162292003632,-0.07202944904565811
1781099303662079500,67.10207958984375,0.0638202577829361,0.06205298379063606,0.007224623579531908
1781099303702200300,67.14220043945312,0.020058663561940193,0.09789620339870453,-0.044858284294605255
1781099303742321400,67.1823212890625,0.01896090805530548,-0.03916364908218384,-0.02527686022222042
1781099303782442500,67.2224423828125,0.019648801535367966,0.022999858483672142,-0.035407524555921555
1781099303822563300,67.26256323242187,-0.008024903014302254,-0.10057268291711807,-0.09539762884378433
1781099303862684400,67.30268432617187,0.08209380507469177,0.07636214792728424,0.05258091911673546
1781099303902805500,67.34280541992187,0.06850369274616241,-0.00932346098124981,-0.11975489556789398
1781099303942926300,67.38292626953125,0.02160249650478363,-0.019471967592835426,0.022892799228429794
1781099303983047400,67.42304736328126,0.08921509981155396,-0.007702660746872425,-0.09558191895484924
1781099304023168800,67.46316870117188,0.08728563785552979,-0.017858892679214478,-0.15462686121463776
1781099304063289900,67.50328979492187,0.022583605721592903,-0.009147957898676395,0.006974552292376757
1781099304103410700,67.54341064453125,0.09681762009859085,0.10973848402500153,0.12440051138401031
1781099304143531800,67.58353173828125,-0.004113518632948399,-0.08008338510990143,-0.1127968579530716
1781099304183652900,67.62365283203125,-0.009562079794704914,-0.19669122993946075,0.013072924688458443
1781099304223773700,67.66377368164062,0.09821019321680069,0.01739017479121685,-0.036973997950553894
1781099304263894800,67.70389477539062,-0.04193040728569031,-0.10783831775188446,-0.10393145680427551
1781099304304014800,67.74401489257812,0.03575293719768524,0.023661388084292412,0.08383151888847351
1781099304344135700,67.7841357421875,0.03656892850995064,-0.061043646186590195,-0.17937640845775604
1781099304384256800,67.8242568359375,-0.04469050467014313,-0.2540421187877655,-0.18098922073841095
1781099304424377900,67.8643779296875,0.007269630674272776,0.07933370769023895,0.05386083573102951
1781099304464498700,67.90449877929687,-0.007978564128279686,-0.026381006464362144,-0.20154349505901337
1781099304504619800,67.94461987304688,-0.03233690187335014,-0.2781783640384674,-0.05789792165160179
1781099304544740900,67.98474096679688,0.08211804181337357,0.06310280412435532,0.10050184279680252
1781099304584861700,68.02486181640624,-0.049065545201301575,-0.005398493725806475,-0.008472580462694168
1781099304624982800,68.06498266601562,-0.04728762060403824,-0.18426251411437988,0.18902504444122314
1781099304665104000,68.10510375976563,0.018669292330741882,0.04879683256149292,-0.04489876329898834
1781099304705224700,68.145224609375,-0.02215110883116722,0.0067990501411259174,-0.1289081871509552
1781099304745345800,68.185345703125,0.016947291791439056,-0.0612146221101284,-0.025599103420972824
1781099304785467000,68.225466796875,0.002153431996703148,0.03839479386806488,-0.06054803356528282
1781099304825587700,68.26558764648438,0.009615875780582428,-0.013003416359424591,-0.07616826891899109
1781099304865708800,68.30570874023438,0.0527564212679863,-0.18721090257167816,-0.13835866749286652
1781099304905828900,68.34582885742188,-0.05413780361413956,-0.11313161253929138,-0.14235953986644745
1781099304945949700,68.38594970703124,0.08128047734498978,0.09032537043094635,0.07136978954076767
1781099304986070800,68.42607080078125,0.011869975365698338,-0.08693064004182816,-0.12222710996866226
1781099305026191600,68.46619165039063,-0.015807459130883217,-0.35048744082450867,-0.11817058175802231
1781099305066312400,68.5063125,-0.0577104352414608,-0.15627188980579376,0.012458533979952335
1781099305106433500,68.54643359375,-0.06325460225343704,0.08805635571479797,0.080768883228302
1781099305146554600,68.5865546875,-0.039983101189136505,-0.06197255849838257,0.029168006032705307
1781099305186675500,68.62667553710938,-0.020182499662041664,-0.24979226291179657,0.018972359597682953
1781099305226796500,68.66679663085938,0.00018029600323643535,-0.16741029918193817,0.016321182250976562
1781099305266917600,68.70691772460937,-0.02700631693005562,0.10827986896038055,0.013593040406703949
1781099305307038500,68.74703857421875,-0.06035095825791359,0.013187174685299397,-0.11381897330284119
1781099305347159600,68.78715966796875,-0.020423782989382744,-0.04421566426753998,-0.024443024769425392
1781099305387280600,68.82728076171875,-0.12919926643371582,-0.039806533604860306,-0.08799483627080917
1781099305427401500,68.8674013671875,0.03960360214114189,0.0028756812680512667,0.13315032422542572
1781099305467521800,68.90752172851562,-0.05366136506199837,0.17544612288475037,-0.006580404471606016
1781099305507642600,68.947642578125,-0.04429236426949501,-0.158063143491745,0.039923448115587234
1781099305547763700,68.987763671875,-0.05356735363602638,0.016710003837943077,0.09193737804889679
1781099305587884500,69.02788452148438,-0.04651397094130516,0.024895230308175087,0.060565341264009476
1781099305628005600,69.06800561523437,-0.02322383038699627,-0.1277390569448471,0.030488399788737297
1781099305668126500,69.10812646484375,-0.04939604550600052,0.008886169642210007,0.023728232830762863
1781099305708247600,69.14824755859375,-0.022313294932246208,0.1950773447751999,-0.03580380231142044
1781099305748368600,69.18836865234375,-0.11315558105707169,0.2110629677772522,0.14238564670085907
1781099305788489500,69.22848950195312,-0.05638764053583145,0.09573451429605484,0.02851952612400055
1781099305828610600,69.26861059570312,-0.06477047502994537,-0.040775127708911896,0.006833937484771013
1781099305868731600,69.30873168945313,-0.051852013915777206,0.042927760630846024,0.1321210116147995
1781099305908852500,69.3488525390625,0.05543689429759979,0.14463813602924347,0.11204371601343155
1781099305948973600,69.3889736328125,-0.00881106872111559,0.05633651092648506,0.06409083306789398
1781099305989094700,69.4290947265625,0.11745099723339081,0.10601218789815903,-0.05164162442088127
1781099306029214200,69.46921411132813,0.04476560652256012,0.366900235414505,0.06514012068510056
1781099306069335300,69.50933520507813,0.08481448888778687,0.3450636565685272,0.17643362283706665
1781099306109456400,69.54945629882812,0.10551044344902039,0.20623280107975006,-0.07426943629980087
1781099306149577200,69.5895771484375,0.06686212122440338,0.1234351173043251,0.1881331503391266
1781099306189698300,69.6296982421875,0.11682089418172836,0.18935634195804596,0.04057459160685539
1781099306229819400,69.6698193359375,0.05876744166016579,0.27871018648147583,0.28151315450668335
1781099306269940200,69.70994018554687,0.05489547178149223,0.18269658088684082,0.024929052218794823
1781099306310061300,69.75006127929687,0.03982970491051674,-0.02972646988928318,-0.12344949692487717
1781099306350182400,69.79018237304687,0.03261813148856163,0.047680702060461044,0.11984491348266602
1781099306390303200,69.83030322265626,0.11108524352312088,0.23212911188602448,0.071261927485466
1781099306430424300,69.87042431640624,0.09290437400341034,-0.1404210329055786,-0.0742955356836319
1781099306470545400,69.91054541015625,0.13139663636684418,-0.24390427768230438,-0.30210259556770325
1781099306510666200,69.95066625976563,0.1543291211128235,-0.12908367812633514,0.02959890477359295
1781099306550786300,69.99078637695312,0.20648713409900665,0.010946124792098999,-0.25260722637176514
1781099306590907100,70.0309072265625,0.13657808303833008,-0.4152776300907135,-0.47156113386154175
1781099306631028200,70.0710283203125,0.10576291382312775,-0.41069671511650085,-0.3458420932292938
1781099306671149300,70.1111494140625,0.11133451014757156,-0.21805936098098755,-0.27062857151031494
1781099306711270100,70.15127026367188,-0.052739378064870834,-0.32935312390327454,-0.22527626156806946
1781099306751391200,70.19139111328126,-0.08870856463909149,-0.658623993396759,-0.4562074840068817
1781099306791512300,70.23151220703124,-0.1403280794620514,-0.5581162571907043,-0.5297040939331055
1781099306831633200,70.27163305664062,-0.11877431720495224,-0.07302680611610413,-0.06291025876998901
1781099306871754200,70.31175415039063,0.26464125514030457,0.11199364811182022,0.8002471327781677
1781099306911875300,70.35187524414063,-1.3087327480316162,-1.1899731159210205,-0.22172440588474274
1781099306951996400,70.39199633789063,0.7552362680435181,-2.1752281188964844,0.5909024477005005
1781099306992117200,70.4321171875,-0.22661076486110687,2.645275592803955,-0.6655237078666687
1781099307032238300,70.47223828125,-0.0056922403164207935,-0.8489973545074463,-1.050222396850586
1781099307072358400,70.5123583984375,-0.34794172644615173,-1.098412036895752,1.0808439254760742
1781099307112479200,70.55247924804688,-0.030651120468974113,1.8443537950515747,0.11995569616556168
1781099307152600300,70.59260034179688,0.0709756389260292,-0.3131895959377289,-0.16013561189174652
1781099307192721400,70.63272143554687,-0.18316422402858734,-0.7415971755981445,0.019962256774306297
1781099307232842200,70.67284228515625,-0.3069620728492737,0.7212924361228943,0.34327295422554016
1781099307272963300,70.71296337890625,-0.09262953698635101,0.17189106345176697,-0.0384022481739521
1781099307313084400,70.75308447265625,-0.06469351053237915,-0.6090713143348694,-0.09362369030714035
1781099307353205200,70.79320532226562,-0.07472643256187439,0.09564263373613358,-0.09134695678949356
1781099307393326300,70.83332641601562,-0.18295170366764069,-0.16199210286140442,-0.013044695369899273
1781099307433447400,70.87344750976563,-0.09763148427009583,-0.20571880042552948,0.00944889523088932
1781099307473568300,70.913568359375,-0.08147808164358139,-0.018304971978068352,-0.09272248297929764
1781099307513689300,70.953689453125,-0.10404730588197708,-0.21899306774139404,0.09111206978559494
1781099307553809200,70.99380908203125,-0.06993993371725082,-0.04663807526230812,-0.014879879541695118
1781099307593930200,71.03393017578125,-0.05158223584294319,-0.10704708844423294,-0.022479742765426636
1781099307634051300,71.07405126953125,-0.06461920589208603,-0.07410512119531631,0.05326242372393608
1781099307674172200,71.11417211914062,-0.09137865155935287,0.0152561841532588,0.02623985894024372
1781099307714293200,71.15429321289062,-0.12356454879045486,-0.13276337087154388,-0.020603278651833534
1781099307754414300,71.19441430664062,-0.1880287528038025,-0.08730906993150711,-0.03260934352874756
1781099307794535200,71.23453515625,-0.1774999499320984,0.008639561012387276,0.002838130807504058
1781099307834656300,71.27465625,-0.1667354553937912,0.04945090785622597,0.07353094220161438
1781099307874777300,71.31477734375,-0.0605139434337616,-0.03520219400525093,0.1368694305419922
1781099307914898200,71.35489819335938,-0.20068064332008362,-0.1092924028635025,0.16659803688526154
1781099307955019300,71.39501928710938,0.06796041131019592,-0.21146245300769806,0.028360001742839813
1781099307995140400,71.43514038085938,-0.2703332304954529,-0.018565960228443146,-0.13998372852802277
1781099308035260400,71.47526049804688,-0.0005129248020239174,-0.10841701924800873,-0.14203517138957977
1781099308075381500,71.51538159179688,-0.126460999250412,0.17178107798099518,-0.31786105036735535
1781099308115502600,71.55550268554687,-0.25894632935523987,-0.3015824854373932,0.1634214222431183
1781099308155623400,71.59562353515625,-0.05505073443055153,-0.028231903910636902,0.20914016664028168
1781099308195744500,71.63574462890625,-0.18443135917186737,-0.08916902542114258,-0.15207502245903015
1781099308235865600,71.67586547851562,-0.08072254061698914,-0.27128317952156067,-0.11425627022981644
1781099308275986400,71.715986328125,0.14933143556118011,0.3092057704925537,0.08376946300268173
1781099308316107500,71.756107421875,-0.010221212171018124,-0.06595025211572647,0.1620621383190155
1781099308356228600,71.796228515625,0.08939805626869202,-0.3215593993663788,0.39894577860832214
1781099308396349400,71.83634936523437,-0.08261924237012863,-0.11848137527704239,0.38075241446495056
1781099308436470500,71.87647045898437,0.0052118063904345036,-0.043952543288469315,0.30760228633880615
1781099308476591600,71.91659155273437,-0.18675976991653442,0.12442581355571747,-0.041958101093769073
1781099308516711400,71.95671142578125,-0.18176287412643433,-0.30450931191444397,0.03564747795462608
1781099308556832500,71.99683251953125,-0.1914415955543518,0.09554249793291092,-0.14865711331367493
1781099308596953300,72.03695336914062,-0.22051985561847687,0.012772520072758198,-0.04860668256878853
1781099308637074400,72.07707446289062,-0.23265375196933746,0.06855269521474838,-0.23316827416419983
1781099308677195500,72.11719555664062,-0.08590079098939896,0.06028331443667412,0.24951902031898499
1781099308717316400,72.15731640625,-0.15804928541183472,0.20237654447555542,0.1892082691192627
1781099308757437400,72.1974375,-0.21953608095645905,-0.019176624715328217,0.2892554998397827
1781099308797558500,72.23755859375,-0.15457439422607422,0.27093935012817383,0.1467532217502594
1781099308837679400,72.27767944335938,-0.06634839624166489,0.018007496371865273,0.07615415751934052
1781099308877800400,72.31780053710938,-0.10641352832317352,0.02203472889959812,0.2707553207874298
1781099308917920500,72.35792041015625,-0.025624670088291168,0.17853538691997528,0.12439519166946411
1781099308958041300,72.39804125976562,-0.07216021418571472,-0.02852085791528225,-0.08013451844453812
1781099308998162400,72.43816235351562,-0.024897625669836998,-0.05631094425916672,0.17988374829292297
1781099309038284500,72.47828442382813,-0.050644002854824066,0.12384551018476486,0.060981862246990204
1781099309078405600,72.51840551757813,-0.025684857740998268,-0.13059157133102417,-0.07047603279352188
1781099309118526700,72.55852661132812,0.011946141719818115,0.0006799050024710596,0.005697034299373627
1781099309158647600,72.5986474609375,-0.056951433420181274,0.09465833008289337,-0.09934017062187195
1781099309198768600,72.6387685546875,-0.04544657841324806,-0.138431116938591,0.10141637176275253
1781099309238889700,72.6788896484375,-0.1067671924829483,0.05398973077535629,-0.05360996350646019
1781099309279010600,72.71901049804687,-0.08017579466104507,-0.14944328367710114,0.13748489320278168
1781099309319131600,72.75913159179687,-0.06548713147640228,0.08424137532711029,0.10073672980070114
1781099309359252700,72.79925268554688,-0.06357604265213013,-0.08904226124286652,0.028782112523913383
1781099309399372500,72.83937255859375,-0.07916512340307236,0.029768815264105797,0.08286985009908676
1781099309439493600,72.87949365234375,0.011716577224433422,0.03978496417403221,0.11480514705181122
1781099309479614500,72.91961450195312,-0.06359522044658661,-0.07119641453027725,-0.0416230782866478
1781099309519735600,72.95973559570312,-0.059240687638521194,0.01697632111608982,0.05516578257083893
1781099309559856600,72.99985668945313,-0.06154884770512581,0.19614900648593903,0.09568711370229721
1781099309599977500,73.0399775390625,-0.12453047931194305,0.04824209585785866,-0.02953738532960415
1781099309640098600,73.0800986328125,-0.10907668620347977,0.023004384711384773,0.07584869116544724
1781099309680219600,73.1202197265625,-0.07346010208129883,0.0983971431851387,0.0002463423879817128
1781099309720340500,73.16034057617188,-0.07481139153242111,-0.11004394292831421,-0.12054905295372009
1781099309760461600,73.20046166992188,-0.004003263544291258,0.1896016150712967,0.17258349061012268
1781099309800581600,73.24058154296876,-0.08062107861042023,0.05200408026576042,-0.08520437777042389
1781099309840702500,73.28070239257812,-0.06900756061077118,-0.15094050765037537,0.1409991979598999
1781099309880823600,73.32082348632812,-0.027821777388453484,0.23099486529827118,0.17609407007694244
1781099309920944600,73.36094458007813,-0.06800994277000427,-0.1019228994846344,0.07165021449327469
1781099309961065500,73.4010654296875,-0.06263461709022522,0.08131083846092224,0.020429907366633415
1781099310001186600,73.4411865234375,-0.034576352685689926,0.02797837182879448,0.04854197055101395
1781099310041306600,73.481306640625,-0.018163291737437248,0.14399924874305725,0.05260701850056648
1781099310081427500,73.52142749023437,-0.041244376450777054,-0.02865028753876686,0.08768804371356964
1781099310121548500,73.56154858398438,-0.034265827387571335,0.029577067121863365,-0.030900923535227776
1781099310161669600,73.60166967773438,-0.10552696138620377,0.026141323149204254,-0.02214391715824604
1781099310201789700,73.64178979492188,0.0026378610637038946,0.17961077392101288,0.12280421704053879
1781099310241910800,73.68191088867188,-0.06623547524213791,0.03490205854177475,-0.2557782530784607
1781099310282031600,73.72203149414062,-0.06521549075841904,-0.032584574073553085,0.0924987718462944
1781099310322152700,73.76215258789063,-0.008559932000935078,0.20285670459270477,0.16688139736652374
1781099310362273800,73.80227368164063,-0.0200959462672472,-0.08044770359992981,0.024939704686403275
1781099310402394600,73.84239453125,-0.08510583639144897,-0.08971337229013443,-0.0640018880367279
1781099310442515700,73.882515625,-0.010396980680525303,0.07733234018087387,0.18105393648147583
1781099310482636800,73.92263671875,0.021616877987980843,0.06812819093465805,0.026705114170908928
1781099310522757600,73.96275756835938,-0.08464191854000092,-0.1271827220916748,-0.11984650790691376
1781099310562878700,74.00287866210938,-0.07384919375181198,0.14412735402584076,0.2796415090560913
1781099310602998800,74.04299877929688,-0.02743561938405037,0.13440707325935364,0.06353583186864853
1781099310643119600,74.08311962890625,-0.06398431211709976,-0.18994730710983276,-0.1023508757352829
1781099310683240700,74.12324072265625,-0.11218379437923431,0.09591641277074814,0.1874319463968277
1781099310723361800,74.16336181640625,0.0704621821641922,0.12032347917556763,0.11556414514780045
1781099310763482600,74.20348266601563,0.0029379993211477995,-0.13716425001621246,-0.27321290969848633
1781099310803603700,74.24360375976562,-0.01667005755007267,-0.04523139446973801,0.18347209692001343
1781099310843724800,74.28372485351562,0.04691664129495621,0.2636156678199768,0.08135051280260086
1781099310883845600,74.323845703125,-0.07407422363758087,-0.09221594780683517,-0.14356622099876404
1781099310923966700,74.363966796875,-0.06343249976634979,0.06660246104001999,0.13560709357261658
1781099310964087800,74.404087890625,-0.0002133192028850317,0.08043146133422852,-0.039629701524972916
1781099311004208600,74.44420874023437,0.02286909706890583,-0.006420082412660122,-0.008098673075437546
1781099311044328200,74.484328125,0.04487453028559685,-0.035655464977025986,0.13819755613803864
1781099311084449300,74.52444921875,-0.027407122775912285,-0.04360872879624367,-0.11311057955026627
1781099311124570000,74.56457006835937,-0.07233651727437973,-0.04289660230278969,-0.047813862562179565
1781099311164691200,74.60469116210938,0.09417443722486496,0.17871728539466858,0.12828287482261658
1781099311204812300,74.64481225585938,0.005487443413585424,0.07713047415018082,-0.11260910332202911
1781099311244933000,74.68493310546874,-0.03955167159438133,-0.17945630848407745,0.07152718305587769
1781099311285054200,74.72505419921875,-0.056365005671978,0.03459499403834343,0.05649310350418091
1781099311325175300,74.76517529296875,-0.07917018234729767,0.08844118565320969,0.06961609423160553
1781099311365296000,74.80529614257813,-0.031022097915410995,0.01218742411583662,0.133445143699646
1781099311405417200,74.84541723632813,0.024932513013482094,0.0052291168831288815,-0.04048644006252289
1781099311445537000,74.885537109375,0.00430233683437109,-0.09065905958414078,-0.16880686581134796
1781099311485658000,74.925658203125,0.021280521526932716,0.18880081176757812,0.14695055782794952
1781099311525779200,74.965779296875,-0.03400696814060211,0.27598658204078674,0.13744094967842102
1781099311565900300,75.005900390625,-0.06278402358293533,-0.1500938981771469,-0.11589224636554718
1781099311606021000,75.04602124023438,-0.036545492708683014,0.02227254956960678,0.09350971132516861
1781099311646142200,75.08614208984375,0.07292693853378296,0.26254692673683167,0.1459263116121292
1781099311686263300,75.12626318359375,0.00384427304379642,-0.03445970639586449,-0.0797739252448082
1781099311726384000,75.16638403320313,0.05109114572405815,-0.04634406417608261,0.015921974554657936
1781099311766505200,75.20650512695312,0.0005725796218030155,0.055328235030174255,-0.15661944448947906
1781099311806626300,75.24662622070312,-0.0024088292848318815,0.20350411534309387,0.023576699197292328
1781099311846747100,75.2867470703125,-0.023853933438658714,0.10788252204656601,0.03449539095163345
1781099311886867200,75.3268671875,-0.005228850524872541,-0.034026674926280975,-0.15887433290481567
1781099311926988000,75.36698803710938,-0.0014586133183911443,0.011412178166210651,0.05753333494067192
1781099311967109000,75.40710913085937,-0.04174744710326195,0.036431245505809784,-0.005587578285485506
1781099312007230200,75.44723022460937,-0.05829419940710068,-0.027403129264712334,-0.05860019475221634
1781099312047351300,75.48735131835937,0.003172091208398342,-0.06524478644132614,-0.08165012300014496
1781099312087472400,75.52747241210938,0.021691180765628815,0.13636529445648193,-0.03905285894870758
1781099312127593200,75.56759326171876,0.11058882623910904,-0.0044171190820634365,-0.02538471855223179
1781099312167714300,75.60771435546874,0.04820641130208969,0.002682868391275406,-0.12501224875450134
1781099312207835400,75.64783544921875,-0.012855877168476582,-0.1711062341928482,-0.1536761075258255
1781099312247956200,75.68795629882813,-0.012838833034038544,0.04562927037477493,0.1033325120806694
1781099312288077300,75.72807739257813,-0.008980711922049522,0.12619708478450775,-0.028989840298891068
1781099312328198400,75.76819848632813,-0.05981726199388504,-0.21521110832691193,-0.19595378637313843
1781099312368318200,75.80831811523437,0.07798614352941513,0.03933755308389664,0.11314786225557327
1781099312408439300,75.84843920898437,0.05239636078476906,0.013910755515098572,-0.20698221027851105
1781099312448560000,75.88856005859375,-0.0399966835975647,-0.13326697051525116,-0.04105529189109802
1781099312488681200,75.92868115234376,0.07952092587947845,0.02809661626815796,0.0565708689391613
1781099312528802300,75.96880224609374,0.03750183433294296,-0.037944719195365906,-0.09355898201465607
1781099312568923100,76.00892309570312,0.024234766140580177,-0.26470062136650085,0.0126995500177145
1781099312609044200,76.04904418945313,0.018613098189234734,0.018217353150248528,0.14910586178302765
1781099312649165300,76.08916528320313,-0.02136201411485672,-0.029573870822787285,-0.10418526083230972
1781099312689286100,76.1292861328125,-0.08860203623771667,-0.21940238773822784,-0.11995942890644073
1781099312729407200,76.1694072265625,-0.015327024273574352,0.1681559830904007,0.20414860546588898
1781099312769527600,76.20952758789062,-0.014634602703154087,0.044059868901968,-0.07512643933296204
1781099312809648400,76.2496484375,-0.08301525563001633,-0.19353830814361572,-0.13043896853923798
1781099312849769500,76.28976953125,-0.09594197571277618,0.18747322261333466,0.04941681772470474
1781099312889890600,76.329890625,-0.0915517508983612,0.17007692158222198,0.08873333036899567
1781099312930011400,76.37001147460937,-0.009376989677548409,0.011771438643336296,-0.09395445883274078
1781099312970132200,76.41013232421875,-0.03189561516046524,-0.0782356858253479,0.026489663869142532
1781099313010253300,76.45025341796875,0.03314916417002678,0.1017889454960823,-0.015957394614815712
1781099313050374700,76.49037475585938,-0.08485550433397293,-0.007475759368389845,-0.06846054643392563
1781099313090495700,76.53049584960938,-0.010313090868294239,0.06457260251045227,0.13974379003047943
1781099313130616600,76.57061645507812,0.025376196950674057,0.01137089915573597,-0.07080652564764023
1781099313170737000,76.61073681640624,-0.01606418751180172,-0.13041312992572784,-0.050930291414260864
1781099313210857700,76.65085766601563,0.04596615955233574,0.10517542064189911,0.20172299444675446
1781099313250978800,76.69097875976563,0.05452875420451164,-0.0026173547375947237,-0.18113170564174652
1781099313291100000,76.73109985351563,-0.060258280485868454,-0.23087555170059204,-0.06995511800050735
1781099313331220700,76.771220703125,0.06327324360609055,0.17196403443813324,0.11403788626194
1781099313371341800,76.811341796875,-0.0804130807518959,0.00586614478379488,-0.2086685299873352
1781099313411462700,76.85146264648438,-0.03777667507529259,-0.06561709195375443,0.035763856023550034
1781099313451583700,76.89158374023438,-0.009554622694849968,0.03256832808256149,-0.04923039674758911
1781099313491704600,76.93170458984375,-0.10977576673030853,-0.06983021646738052,-0.005785983521491289
1781099313531825700,76.97182568359375,0.0728454440832138,0.07159029692411423,0.07239004224538803
1781099313571946500,77.01194653320313,-0.050690606236457825,-0.19727233052253723,-0.10916989296674728
1781099313612066800,77.05206689453125,0.0727948471903801,0.04964931309223175,0.167647585272789
1781099313652188000,77.09218798828125,0.05675622448325157,0.026369554921984673,-0.06095416471362114
1781099313692308700,77.13230883789062,-0.040527451783418655,-0.14946138858795166,-0.022916235029697418
1781099313732429800,77.17242993164062,0.045770417898893356,0.01582610048353672,0.017245033755898476
1781099313772551000,77.21255102539062,-0.004119643941521645,-0.07385877519845963,-0.10541963577270508
1781099313812671700,77.25267163085938,-0.02178945206105709,0.032337699085474014,-0.00037284253630787134
1781099313852792800,77.29279272460937,-0.011946674436330795,-0.01176131796091795,-0.02611522376537323
1781099313892914000,77.33291381835937,-0.02664945460855961,-0.005949235521256924,0.06232941895723343
1781099313933034800,77.37303466796875,-0.019526297226548195,-0.033548906445503235,0.011536281555891037
1781099313973155800,77.41315576171876,-0.07252666354179382,-0.09968238323926926,-0.033066608011722565
1781099314013275600,77.45327563476563,-0.020368920639157295,0.059125371277332306,0.11487492173910141
1781099314053396000,77.49339599609375,-0.05206906050443649,0.11935649067163467,0.00007376955909421667
1781099314093516800,77.53351684570312,-0.015290539711713791,-0.039498407393693924,0.03886111080646515
1781099314133638000,77.57363793945312,0.02834801748394966,-0.06931409239768982,0.04463458061218262
1781099314173759000,77.61375903320312,-0.018122544512152672,0.00040480049210600555,-0.05332420766353607
1781099314213879800,77.6538798828125,-0.05794345960021019,-0.03943289443850517,-0.03645334765315056
1781099314254001000,77.6940009765625,-0.04659386724233627,0.2205054759979248,0.14711222052574158
1781099314294122000,77.7341220703125,-0.03127909451723099,0.024158066138625145,-0.04556668549776077
1781099314334242800,77.77424291992187,-0.014878282323479652,-0.09048622101545334,-0.031084682792425156
1781099314374364000,77.81436401367188,0.06516808271408081,0.024508539587259293,0.017588315531611443
1781099314414483700,77.85448364257813,-0.039022766053676605,-0.00749227125197649,-0.12178662419319153
1781099314454604800,77.89460473632812,-0.0006556702428497374,0.043120305985212326,0.030111029744148254
1781099314494726000,77.93472583007812,0.022368155419826508,0.0013038836186751723,0.03929334506392479
1781099314534846700,77.9748466796875,0.060443636029958725,-0.05023787170648575,-0.05766143277287483
1781099314574967800,78.0149677734375,-0.0057401773519814014,-0.13065440952777863,-0.16295616328716278
1781099314615089000,78.0550888671875,-0.05344857648015022,-0.00657667638733983,0.12055757641792297
1781099314655209700,78.09520971679687,-0.004503138829022646,0.08836821466684341,-0.04851160943508148
1781099314695330800,78.13533081054688,-0.04873877763748169,-0.16384220123291016,-0.14439313113689423
1781099314735452000,78.17545190429688,0.04375680163502693,-0.04213839769363403,0.10551683604717255
1781099314775571700,78.21557177734375,-0.040883783251047134,-0.02744440734386444,-0.1240319311618805
1781099314815692800,78.25569287109376,-0.05714504420757294,-0.07314638048410416,0.03682432696223259
1781099314855814000,78.29581396484375,-0.04476853832602501,0.05848567932844162,0.04326198622584343
1781099314895934700,78.33593481445313,-0.012958409264683723,-0.056117329746484756,0.0962037667632103
1781099314936055800,78.37605590820313,0.017713217064738274,-0.05540014058351517,-0.05348266661167145
1781099314976177000,78.41617700195313,-0.10104379057884216,-0.1795484572649002,-0.05624596029520035
1781099315016297700,78.45629760742187,-0.06626184284687042,0.1694907546043396,0.20190489292144775
1781099315056419000,78.49641918945312,-0.045645780861377716,0.04295226186513901,-0.03563442826271057
1781099315096540000,78.53653979492188,-0.04674992710351944,-0.03978309780359268,-0.05685742199420929
1781099315136660200,78.57666015625,0.02008795738220215,0.03081170842051506,0.10017560422420502
1781099315176781000,78.61678100585938,0.008114119060337543,-0.018631208688020706,-0.03858973830938339
1781099315216902100,78.65690209960937,-0.09410732239484787,-0.045706234872341156,-0.02737729623913765
1781099315257023000,78.69702294921875,-0.0099636847153306,0.040956221520900726,0.19797034561634064
1781099315297144000,78.73714404296875,0.001050350721925497,0.054553523659706116,-0.11608532816171646
1781099315337265000,78.77726489257813,-0.05404992029070854,-0.14188550412654877,0.02376764640212059
1781099315377386000,78.81738598632812,0.04241589829325676,0.0844416469335556,0.11443496495485306
1781099315417507000,78.85750708007812,-0.0670757070183754,-0.003079413203522563,-0.18072371184825897
1781099315457628000,78.8976279296875,-0.001237571006640792,-0.01136743649840355,0.1741957664489746
1781099315497749000,78.9377490234375,0.013765613548457623,0.0792522132396698,-0.1133824810385704
1781099315537869000,78.977869140625,-0.08003704249858856,-0.19053879380226135,-0.04519836977124214
1781099315577990100,79.017990234375,0.02123311720788479,0.21638023853302002,0.2191952019929886
1781099315618111200,79.058111328125,-0.05732826888561249,-0.1617332398891449,-0.15596136450767517
1781099315658232000,79.09823217773437,-0.021028852090239525,0.016413860023021698,0.0485110767185688
1781099315698353200,79.13835327148438,0.00030173614504747093,0.16968730092048645,0.10306060314178467
1781099315738474200,79.17847412109376,-0.0897810161113739,-0.06526502221822739,-0.04090721905231476
1781099315778595000,79.21859497070312,0.03567437455058098,0.01576325111091137,0.1214771643280983
1781099315818716200,79.25871606445313,-0.06476887315511703,-0.07982612401247025,-0.1427752673625946
1781099315858837200,79.29883715820313,-0.011060640215873718,0.052196357399225235,0.24819143116474152
1781099315898957000,79.33895703125,0.06438325345516205,0.09044653922319412,-0.08506429195404053
1781099315939078100,79.379078125,-0.056283511221408844,-0.2195930778980255,-0.14882676303386688
1781099315979199200,79.41919921875,0.014524880796670914,0.18839573860168457,0.17276352643966675
1781099316019320800,79.45932080078126,-0.014839665964245796,-0.04002677649259567,-0.06064310669898987
1781099316059442000,79.49944189453124,-0.02178012952208519,-0.14657746255397797,-0.11435666680335999
1781099316099562800,79.53956274414062,-0.013423130847513676,0.09116586297750473,0.07420126348733902
1781099316139683800,79.57968383789063,0.009908290579915047,0.06858678162097931,-0.11702462285757065
1781099316179805000,79.61980493164063,-0.003326554549857974,-0.05744544789195061,0.0200410857796669
1781099316219925800,79.65992578125,-0.019959060475230217,0.07100999355316162,0.07197432219982147
1781099316260045800,79.7000458984375,-0.025248365476727486,-0.15392591059207916,-0.09742642194032669
1781099316300167000,79.7401669921875,-0.004789428785443306,-0.028859877958893776,0.03098348155617714
1781099316340287700,79.78028784179688,-0.04562074691057205,0.06896974891424179,0.0989188551902771
1781099316380408800,79.82040893554688,0.006609166972339153,-0.09347055852413177,0.005795038305222988
1781099316420530000,79.86053002929688,0.028365062549710274,-0.05284803360700607,0.1164134293794632
1781099316460650800,79.90065063476563,0.04204971715807915,-0.05922364071011543,0.021506890654563904
1781099316500771800,79.94077172851563,-0.005195028148591518,-0.17072033882141113,-0.013340040110051632
1781099316540893000,79.98089282226563,-0.004933505784720182,0.036374520510435104,0.010626811534166336
1781099316581013800,80.021013671875,0.05781509727239609,-0.05338599160313606,0.07724418491125107
1781099316621133800,80.0611337890625,-0.0021459751296788454,0.09695770591497421,-0.07413201779127121
1781099316661254700,80.10125463867188,0.008320514112710953,-0.1016099825501442,-0.12167130410671234
1781099316701375700,80.14137573242188,-0.025524001568555832,0.09816385060548782,-0.0936703011393547
1781099316741496800,80.18149682617188,-0.06499791145324707,0.06353236734867096,0.004009122494608164
1781099316781617700,80.22161767578125,-0.06707704067230225,-0.04303588345646858,-0.004611796233803034
1781099316821738800,80.26173876953125,-0.08740387856960297,0.03310628607869148,0.058045193552970886
1781099316861859800,80.30185986328125,-0.09401731193065643,0.05563876032829285,0.10322438925504684
1781099316901980700,80.34198071289063,-0.054910119622945786,-0.04123638570308685,0.03133981302380562
1781099316942101800,80.38210180664062,-0.03218110650777817,0.04665059223771095,0.060073189437389374
1781099316982221800,80.42222192382812,0.06460189819335938,-0.0432172454893589,-0.10415329784154892
1781099317022342000,80.462341796875,-0.01890072040259838,0.12241299450397491,-0.03176911547780037
1781099317062463000,80.502462890625,-0.04027099162340164,0.1156373843550682,-0.011096060276031494
1781099317102583800,80.54258374023438,-0.11006072163581848,-0.06089504063129425,0.12837421894073486
1781099317142705000,80.58270483398438,0.018582206219434738,-0.09225642681121826,0.03226685896515846
1781099317182826000,80.62282592773437,-0.05038780719041824,-0.16556552052497864,0.05958849564194679
1781099317222946800,80.66294677734375,-0.009764480404555798,0.046483878046274185,0
1781099317263068000,80.70306787109375,0.1433933824300766,0.09164655953645706,0.000577107013668865
1781099317303189000,80.74318896484375,0.017285779118537903,0.3894833028316498,-0.2349504679441452
1781099317343308800,80.78330883789063,0.07060945779085159,-0.21535173058509827,-0.09439574182033539
1781099317383430000,80.82342993164062,-0.04265265539288521,0.027237746864557266,0.018507637083530426
1781099317423551000,80.86355102539062,-0.09127824753522873,0.03316594287753105,0.15592461824417114
1781099317463671800,80.903671875,-0.07004566490650177,-0.17819343507289886,-0.07900267094373703
1781099317503793000,80.94379296875,-0.013489177450537682,-0.07135514169931412,-0.05982924625277519
1781099317543914000,80.9839140625,0.057260893285274506,0.12666340172290802,0.09405139833688736
1781099317584034800,81.02403491210937,0.11149057745933533,-0.04820960760116577,-0.09319119900465012
1781099317624156000,81.06415600585937,-0.04440395161509514,-0.11953278630971909,0.004936435259878635
1781099317664276000,81.10427587890625,-0.07124488800764084,0.04031306877732277,0.046419695019721985
1781099317704397000,81.14439697265625,-0.03747600317001343,-0.01944773457944393,0.05030311644077301
1781099317744518100,81.18451806640626,-0.06384263187646866,0.16493169963359833,-0.03392734006047249
1781099317784639000,81.22463891601562,0.06738090515136719,-0.20866985619068146,-0.17177149653434753
1781099317824760000,81.26476000976562,-0.06360853463411331,-0.01595206931233406,-0.1096511259675026
1781099317864881200,81.30488110351563,0.036968402564525604,0.159298837184906,0.3009995222091675
1781099317905002200,81.34500219726563,-0.07048561424016953,-0.04697549715638161,-0.1534436196088791
1781099317945123000,81.385123046875,-0.01847781054675579,-0.19505177438259125,0.05365470424294472
1781099317985244200,81.425244140625,0.00941880140453577,0.18010026216506958,-0.039140745997428894
1781099318025364200,81.4653642578125,0.04393816366791725,-0.1330842822790146,-0.018982479348778725
1781099318065485300,81.5054853515625,-0.06294700503349304,0.08298862725496292,-0.15397198498249054
1781099318105606400,81.5456064453125,0.0225556418299675,-0.2760353088378906,0.13879862427711487
1781099318145727200,81.58572729492188,-0.05493834987282753,0.11712262779474258,-0.01708311215043068
1781099318185848300,81.62584838867187,-0.023266972973942757,-0.022543923929333687,-0.016284696757793427
1781099318225969400,81.66596948242187,-0.05385231226682663,-0.08215772360563278,-0.008667523972690105
1781099318266090200,81.70609033203125,0.010364224202930927,0.0111607750877738,-0.018516160547733307
1781099318306211300,81.74621142578125,0.02010367065668106,0.004426972474902868,0.045095838606357574
1781099318346332400,81.78633251953126,0.023695476353168488,-0.07198311388492584,0.09057730436325073
1781099318386452200,81.8264521484375,-0.017650365829467773,-0.08875357359647751,-0.10324835777282715
1781099318426573300,81.8665732421875,-0.08733677119016647,0.018690330907702446,0.0348312184214592
1781099318466694400,81.9066943359375,-0.07295862585306168,-0.0937240943312645,0.05308771878480911
1781099318506815200,81.94681518554688,-0.04044729098677635,0.02052178606390953,0.06333183497190475
1781099318546936300,81.98693627929687,0.035056255757808685,-0.054366037249565125,0.0025297366082668304
1781099318587057400,82.02705737304687,-0.027280356734991074,-0.12492489069700241,-0.005718073341995478
1781099318627178200,82.06717822265625,-0.07069148123264313,0.061233796179294586,0.08995545655488968
1781099318667299300,82.10729931640626,-0.0932772159576416,-0.05161792039871216,-0.004314587451517582
1781099318707420400,82.14742041015624,-0.04216982424259186,-0.032709743827581406,0.05361928418278694
1781099318747540200,82.18754028320312,-0.046252716332674026,0.1482352763414383,0.05261607468128204
1781099318787661300,82.22766137695312,-0.07328832894563675,-0.0987156555056572,0.0520019493997097
1781099318827782100,82.2677822265625,-0.07455865293741226,0.010328005068004131,0.03434146195650101
1781099318867903200,82.3079033203125,-0.013495835475623608,0.05616127327084541,0.06671058386564255
1781099318908024300,82.3480244140625,-0.07189549505710602,0.14890532195568085,-0.1386668086051941
1781099318948145200,82.38814526367187,-0.07268325984477997,0.05541772022843361,0.10474904626607895
1781099318988266200,82.42826635742188,-0.050512440502643585,0.0778825506567955,0.10724096745252609
1781099319028387000,82.46838696289062,-0.009167399257421494,-0.053279198706150055,-0.1018371507525444
1781099319068507000,82.5085068359375,-0.0776953250169754,0.05585607513785362,0.0539279468357563
1781099319108628000,82.5486279296875,0.013349893502891064,0.03183436393737793,0.16113482415676117
1781099319148748800,82.58874877929688,0.04169951006770134,0.043054793030023575,-0.10577942430973053
1781099319188870000,82.62886987304688,-0.023090405389666557,0.10374317318201065,0.0033928672783076763
1781099319228991000,82.66899096679687,0.019591810181736946,-0.013737916015088558,0.02429841458797455
1781099319269111800,82.70911181640625,-0.019931895658373833,-0.037760160863399506,-0.08331087231636047
1781099319309233000,82.74923291015625,-0.0008048072922974825,0.07579835504293442,0.06522694230079651
1781099319349354000,82.78935400390625,-0.015059643425047398,-0.15047872066497803,-0.06085429713129997
1781099319389474800,82.82947485351562,0.0312814898788929,-0.011709386482834816,-0.10363158583641052
1781099319429595000,82.86959497070312,0.06356166303157806,0.10319056361913681,-0.0683436393737793
1781099319469716000,82.90971606445312,0.019691945984959602,-0.001350222621113062,0.00765898497775197
1781099319509836800,82.9498369140625,0.003864246653392911,-0.029740851372480392,0.041682999581098557
1781099319549958000,82.9899580078125,-0.07538050413131714,-0.07886844873428345,-0.16553862392902374
1781099319590079000,83.03007885742187,-0.04957740753889084,-0.10054658353328705,0.22656495869159698
1781099319630199800,83.07019970703125,-0.057674746960401535,0.07918296754360199,-0.052493300288915634
1781099319670321000,83.11032080078125,0.010876083746552467,-0.014724351465702057,0.053999319672584534
1781099319710442000,83.15044189453126,-0.008473113179206848,0.10026774555444717,-0.10334663093090057
1781099319750562000,83.19056201171875,0.03675668314099312,-0.22416812181472778,-0.0717487558722496
1781099319790683100,83.23068310546876,-0.0909847691655159,0.10013671964406967,0.20531320571899414
1781099319830804000,83.27080395507812,-0.03762087970972061,-0.09964350610971451,0.08048072457313538
1781099319870925000,83.31092504882812,-0.06096135452389717,-0.026493925601243973,-0.08993468433618546
1781099319911046100,83.35104614257813,-0.007968710735440254,0.07651181519031525,0.10654455423355103
1781099319951167000,83.3911669921875,-0.022063223645091057,0.05704065039753914,-0.06825335323810577
1781099319991288000,83.4312880859375,-0.0888286754488945,0.019821375608444214,0.12162310630083084
1781099320031409200,83.4714091796875,-0.00923371221870184,0.04066593572497368,0.05631440505385399
1781099320071530000,83.51153002929688,-0.03145406395196915,-0.1428157389163971,-0.10009810328483582
1781099320111650000,83.55165014648438,0.018276741728186607,0.16536551713943481,0.04675818234682083
1781099320151771100,83.59177124023438,-0.03489033877849579,-0.04086354374885559,-0.07853182405233383
1781099320191892200,83.63189233398438,0.07299591600894928,0.17557582259178162,0.10956324636936188
1781099320232013000,83.67201293945313,-0.02317429520189762,-0.01956384815275669,-0.14157123863697052
1781099320272134100,83.71213403320313,-0.024231836199760437,-0.08328290283679962,0.1368017941713333
1781099320312255200,83.75225512695313,-0.03893781080842018,0.11815433949232101,0.11432444304227829
1781099320352376000,83.7923759765625,-0.030165892094373703,-0.08323470503091812,-0.034259434789419174
1781099320392497200,83.8324970703125,0.004995823837816715,0.14576998353004456,-0.08589839935302734
1781099320432617200,83.8726171875,0.029705697670578957,0.056353818625211716,0.060027651488780975
1781099320472738000,83.91273803710938,0.05228237807750702,0.0917980968952179,-0.014012754894793034
1781099320512859100,83.95285913085938,-0.0011174624087288976,-0.05678525194525719,-0.012782907113432884
1781099320552980200,83.99298022460937,0.0025872609112411737,-0.027472903952002525,0.00006578007742064074
1781099320593101000,84.03310107421875,0.03231240063905716,0.12515738606452942,0.07897604256868362
1781099320633222100,84.07322216796875,0.007820905186235905,0.08792319893836975,-0.04466627165675163
1781099320673343200,84.11334326171875,0.02937440015375614,-0.05040644854307175,-0.09560588747262955
1781099320713464000,84.15346411132812,0.006864297669380903,0.08925504237413406,0.2049936205148697
1781099320753584000,84.19358422851562,0.08248662203550339,0.017299361526966095,-0.005601692944765091
1781099320793705000,84.233705078125,-0.03550712764263153,-0.11201655119657516,-0.06458671391010284
1781099320833826000,84.27382592773438,0.08028072118759155,0.09975562244653702,0.0660083144903183
1781099320873947100,84.31394702148438,0.03509300574660301,-0.033128391951322556,-0.2213563621044159
1781099320914068000,84.35406787109375,0.08162828534841537,0.08095929771661758,0.06169159337878227
1781099320954189000,84.39418896484375,0.07524921745061874,0.08426427841186523,-0.15923252701759338
1781099320994310100,84.43431005859375,-0.008709602057933807,-0.2249196618795395,-0.13116015493869781
1781099321034431500,84.47443139648438,0.0158346239477396,0.24748410284519196,0.12693051993846893
1781099321074552600,84.51455249023438,-0.0009829727932810783,-0.013074256479740143,-0.013274792581796646
1781099321114672400,84.55467236328126,0.011693674139678478,-0.13090741634368896,-0.13146641850471497
1781099321154793500,84.59479345703124,0.1019870862364769,0.03675029054284096,0.14184609055519104
1781099321194914300,84.63491430664062,0.04441699758172035,-0.04409608989953995,-0.12320635467767715
1781099321235035400,84.67503540039063,0.013965616934001446,0.019708456471562386,0.03578915819525719
1781099321275156500,84.71515649414063,0.019999274984002113,0.06361359357833862,0.12581758201122284
1781099321315277600,84.75527758789063,0.0600564144551754,-0.09814973920583725,-0.1926911622285843
1781099321355398400,84.7953984375,-0.048108406364917755,0.019237875938415527,0.0022359900176525116
1781099321395519500,84.83551953125,0.07909295707941055,0.10666519403457642,0.08800894767045975
1781099321435639300,84.87563940429688,0.034980352967977524,0.03368445858359337,-0.11783182621002197
1781099321475760400,84.91576049804688,0.01534566655755043,0.12112722545862198,0.03814418986439705
1781099321515881500,84.95588159179688,0.0551852248609066,-0.05433088168501854,-0.08105383813381195
1781099321556002300,84.99600219726562,0.14512789249420166,0.12315495312213898,-0.18978351354599
1781099321596123400,85.03612329101563,0.06773164123296738,0.2711404263973236,-0.1602083146572113
1781099321636244500,85.07624438476563,0.025410551577806473,-0.034508708864450455,-0.05503608658909798
1781099321676365300,85.116365234375,0.01967090740799904,-0.09219437837600708,0.04803836718201637
1781099321716485400,85.1564853515625,0.030039392411708832,0.08017579466104507,0.1174459382891655
1781099321756606500,85.1966064453125,0.007864315062761307,0.08403711020946503,-0.07486119121313095
1781099321796727300,85.23672729492188,-0.024384967982769012,-0.16170580685138702,-0.08310873806476593
1781099321836848400,85.27684838867188,0.0644650086760521,0.06428977102041245,0.045950181782245636
1781099321876969500,85.31696948242187,0.06191982701420784,0.15814010798931122,-0.11809761077165604
1781099321917090300,85.35709033203125,0.08170577883720398,-0.00009960222087102011,-0.1113334521651268
1781099321957211400,85.39721142578125,0.06773404031991959,0.07580261677503586,-0.03086284175515175
1781099321997332500,85.43733251953125,0.014829013496637344,0.025011077523231506,-0.008667523972690105
1781099322037452800,85.47745288085937,-0.003915645647794008,-0.02316151186823845,-0.008881908841431141
1781099322077573600,85.51757373046875,0.014209561981260777,-0.0020703414920717478,-0.07565347850322723
1781099322117694700,85.55769482421876,0.028917402029037476,-0.030418625101447105,-0.09909143298864365
1781099322157815800,85.59781591796875,0.10792433470487595,-0.004481567535549402,-0.009664345532655716
1781099322197936600,85.6379365234375,0.06297150999307632,0.060691576451063156,-0.14888109266757965
1781099322238057700,85.6780576171875,-0.0019406455103307962,-0.10542309284210205,0.001642637769691646
1781099322278178800,85.7181787109375,0.022279206663370132,-0.015497466549277306,-0.0009174589649774134
1781099322318299600,85.75829956054687,0.010841462761163712,-0.11833782494068146,-0.1452125906944275
1781099322358419700,85.79841967773437,-0.052916210144758224,-0.09284339100122452,-0.008282165043056011
1781099322398540800,85.83854077148438,0.04513099417090416,0.03934580832719803,0.06574998795986176
1781099322438661600,85.87866162109376,0.06615478545427322,0.010629741474986076,-0.07360657304525375
1781099322478782700,85.91878271484374,-0.0157089214771986,-0.08633675426244736,-0.05723319575190544
1781099322518903800,85.95890380859375,0.006593187805265188,-0.07045765221118927,-0.013700632378458977
1781099322559024600,85.99902465820313,-0.010206830687820911,-0.07688972353935242,-0.014226339757442474
1781099322599145700,86.03914575195313,-0.04803596809506416,-0.04746738448739052,-0.06869703531265259
1781099322639266800,86.07926684570313,-0.05017262324690819,-0.018067950382828712,-0.07886525243520737
1781099322679386600,86.11938671875,-0.024296285584568977,0.0719466283917427,0.024099210277199745
1781099322719507700,86.1595078125,0.024769794195890427,-0.00040746363811194897,-0.023003585636615753
1781099322759628500,86.19962866210938,0.025174062699079514,-0.04014928266406059,0.007192398887127638
1781099322799749600,86.23974951171876,0.0352136455476284,-0.03756628558039665,-0.008114651776850224
1781099322839870700,86.27987060546874,-0.023267239332199097,-0.039803605526685715,0.0024700819049030542
1781099322879991600,86.31999145507812,-0.010213222354650497,0.019112441688776016,0.06278642266988754
1781099322920112600,86.36011254882813,0.005705556366592646,-0.01836249604821205,0.06096508353948593
1781099322960233700,86.40023364257813,0.01648896187543869,-0.018849054351449013,-0.007703726179897785
1781099323000353500,86.440353515625,-0.018499381840229034,0.0031902005430310965,0.06383783370256424
1781099323040474400,86.48047436523437,-0.03984222188591957,0.03842941299080849,0.07036683708429337
1781099323080595200,86.52059521484375,-0.024387631565332413,-0.02972487173974514,0.012469186447560787
1781099323120716300,86.56071630859375,-0.023906931281089783,-0.011666242964565754,-0.02773415856063366
1781099323160837400,86.60083740234376,0.014431669376790524,0.08457427471876144,0.005286374595016241
1781099323200958200,86.64095825195312,0.02750645950436592,0.1600346714258194,-0.012646020390093327
1781099323241079300,86.68107934570313,0.030605845153331757,-0.004819788970053196,-0.052384644746780396
1781099323281199000,86.72119921875,0.035477034747600555,0.028251079842448235,-0.007023554760962725
1781099323321320200,86.7613203125,0.014108628034591675,0.0032501218374818563,0.044830322265625
1781099323361441300,86.80144116210937,0.016892697662115097,0.007015565410256386,0.06303702294826508
1781099323401562400,86.84156225585937,-0.011411112733185291,0.08440808951854706,0.07341349869966507
1781099323441683200,86.88168310546875,-0.0027861990965902805,0.05919461324810982,0.042573824524879456
1781099323481804300,86.92180419921876,-0.00920148752629757,0.008137022145092487,0.0705157145857811
1781099323521925400,86.96192529296874,-0.05130952596664429,0.024330373853445053,0.05240994319319725
1781099323562046200,87.00204614257812,-0.056964483112096786,-0.011717642657458782,-0.033257290720939636
1781099323602166500,87.04216650390624,-0.033363550901412964,0.05300143361091614,0.016279105097055435
1781099323642287400,87.08228735351562,-0.0108886007219553,0.09889435768127441,-0.011839082464575768
1781099323682408400,87.12240844726563,0.008609733544290066,0.008328770287334919,0.06541575491428375
1781099323722529500,87.16252954101563,0.01546257920563221,0.04206676036119461,0.08505018055438995
1781099323762650400,87.202650390625,-0.053756438195705414,-0.06818677484989166,-0.031499069184064865
1781099323802771500,87.242771484375,-0.03453454002737999,-0.027299264445900917,0.10048080235719681
1781099323842892300,87.28289233398438,-0.017654094845056534,0.19579240679740906,0.12374697625637054
1781099323883013400,87.32301342773438,0.026790335774421692,0.09509295970201492,0.06486315280199051
1781099323923133400,87.36313354492188,0.023519441485404968,0.06281651556491852,-0.0601767860352993
1781099323963254500,87.40325463867188,0.018633339554071426,0.005878395400941372,0.003371029393747449
1781099324003375400,87.44337524414063,-0.0029294772539287806,0.12260661274194717,-0.030580813065171242
1781099324043496200,87.48349609375,-0.01852654665708542,0.11003835499286652,0.10310028493404388
1781099324083617300,87.5236171875,0.02171328477561474,0.12598402798175812,-0.052921272814273834
1781099324123738400,87.56373828125,0.018704712390899658,0.08862733840942383,-0.05386962369084358
1781099324163859200,87.60385913085938,0.11366211622953415,0.13519936800003052,0.08730348199605942
1781099324203980300,87.64398022460938,0.08457347005605698,0.0029089709278196096,-0.09708820283412933
1781099324244100000,87.68410009765626,0.04926528409123421,-0.052382782101631165,-0.1266956329345703
1781099324284221200,87.72422119140624,0.10835310816764832,0.05198889970779419,0.036203544586896896
1781099324324342300,87.76434228515625,0.15750733017921448,0.09868849068880081,-0.05444992706179619
1781099324364463000,87.80446313476563,0.05288904905319214,-0.028418857604265213,-0.09727329015731812
1781099324404584200,87.84458422851563,0.13359880447387695,-0.0947030708193779,-0.15406014025211334
1781099324444705300,87.88470532226563,0.07573764026165009,-0.04132453724741936,-0.12518161535263062
1781099324484826400,87.92482641601562,0.005940713454037905,0.025479260832071304,-0.03671220690011978
1781099324524947200,87.964947265625,0.014060691930353642,0.02467738278210163,-0.08605179190635681
1781099324565067300,88.0050673828125,0.009975402615964413,-0.05233031511306763,0.033736925572156906
1781099324605188000,88.04518798828126,0.054193198680877686,-0.08571729809045792,-0.12028912454843521
1781099324645309200,88.08530908203124,0.016619989648461342,-0.10288962721824646,-0.13866360485553741
1781099324685430300,88.12543017578125,0.022969231009483337,0.08648455888032913,0.11330845206975937
1781099324725551000,88.16555102539063,0.08081362396478653,0.050211504101753235,-0.04801785945892334
1781099324765672200,88.20567211914063,-0.0036847495939582586,-0.14877855777740479,-0.14413747191429138
1781099324805793300,88.24579321289062,0.028907015919685364,0.028301678597927094,-0.03963848948478699
1781099324845914000,88.2859140625,0.02870594710111618,0.11557213217020035,-0.08433272689580917
1781099324886034200,88.3260341796875,-0.03098800964653492,0.023378560319542885,-0.028959212824702263
1781099324926155000,88.36615502929688,-0.07176925987005234,-0.03253237530589104,0.11284825205802917
1781099324966276000,88.40627612304688,0.00643712654709816,-0.0035198999103158712,-0.02430507354438305
1781099325006397200,88.44639721679688,-0.01943202130496502,-0.021710887551307678,0.04886181652545929
1781099325046518300,88.48651831054687,0.06133313104510307,0.0475803017616272,0.04388010501861572
1781099325086639400,88.52663940429687,0.03135605901479721,-0.019946277141571045,0.1380912959575653
1781099325126760400,88.56676049804688,0.054727692157030106,0.07902131229639053,0.05035718157887459
1781099325166881300,88.60688134765626,-0.012738431803882122,-0.11695724725723267,-0.1767241656780243
1781099325207001300,88.64700146484375,-0.07740983366966248,-0.09450013935565948,-0.15617549419403076
1781099325247122200,88.6871220703125,0.06392465531826019,0.3843016028404236,-0.14194409549236298
1781099325287243300,88.7272431640625,-0.014788000844419003,0.1864180862903595,-0.08608561754226685
1781099325327364400,88.7673642578125,0.13551361858844757,0.03130572289228439,-0.12309077382087708
1781099325367485200,88.80748510742187,0.022069083526730537,-0.1881834864616394,0.06037439405918121
1781099325407606300,88.84760620117187,0.12954626977443695,-0.13032285869121552,-0.1589294672012329
1781099325447727400,88.88772729492187,-0.029889455065131187,-0.19517667591571808,-0.1141209825873375
1781099325487848200,88.92784814453125,0.04188832640647888,0.06091075390577316,0.03334730491042137
1781099325527969300,88.96796923828126,0.0475882925093174,0.14793406426906586,-0.09455446898937225
1781099325568089600,89.00808959960938,-0.03465624898672104,-0.31414034962654114,-0.2366628795862198
1781099325608210400,89.04821044921874,0.06359495222568512,-0.18871238827705383,-0.07365638017654419
1781099325648331500,89.08833154296875,-0.014630608260631561,0.13206535577774048,-0.06318669021129608
1781099325688452600,89.12845263671875,-0.02634745091199875,-0.2163296341896057,-0.19061468541622162
1781099325728573400,89.16857348632813,0.05938742682337761,-0.1866558939218521,-0.030414098873734474
1781099325768694500,89.20869458007813,0.021860558539628983,-0.1495511382818222,-0.11484615504741669
1781099325808815400,89.2488154296875,0.018095912411808968,-0.1872500479221344,-0.004342550411820412
1781099325848936200,89.28893627929688,-0.00646695401519537,-0.20176081359386444,-0.06157494708895683
1781099325889057300,89.32905737304688,-0.09313500672578812,-0.29361456632614136,0.04836487025022507
1781099325929177300,89.36917724609376,-0.0010101370280608535,-0.15589319169521332,0.032819997519254684
1781099325969298400,89.40929833984374,-0.12887968122959137,-0.09714465588331223,-0.18379779160022736
1781099326009419500,89.44941943359375,-0.06889384984970093,-0.0928678885102272,-0.1021689772605896
1781099326049540900,89.48954077148437,-0.08086608350276947,0.011982893571257591,-0.13509710133075714
1781099326089661700,89.52966162109375,-0.09761443734169006,-0.12459944933652878,0.037994254380464554
1781099326129782800,89.56978271484375,-0.0921483039855957,-0.052557483315467834,0.022584671154618263
1781099326169903900,89.60990380859376,-0.15946316719055176,-0.1586194783449173,0.06867493689060211
1781099326210024700,89.65002465820312,-0.07961253821849823,0.05459879711270332,0.2940084636211395
1781099326250145800,89.69014575195312,-0.05506112053990364,-0.06903605908155441,0.07489075511693954
1781099326290267000,89.73026684570313,-0.09730444848537445,-0.12117382884025574,0.021140705794095993
1781099326330386700,89.77038671875,-0.0864613875746727,0.012113654054701328,0.12649695575237274
1781099326370507800,89.8105078125,-0.054918643087148666,0.18034687638282776,0.04063264653086662
1781099326410628900,89.85062890625,-0.15055541694164276,0.09004759788513184,-0.06933406740427017
1781099326450749700,89.89074975585937,-0.10919120162725449,0.009815346449613571,0.1916743665933609
1781099326490870800,89.93087084960938,-0.007998005487024784,0.14873620867729187,-0.019295133650302887
1781099326530991900,89.97099194335938,-0.11342030018568039,-0.12145745754241943,-0.016024239361286163
1781099326571112700,90.01111279296875,-0.01357279997318983,0.1960613876581192,0.08153693377971649
1781099326611233800,90.05123388671875,-0.047150999307632446,0.0621991902589798,-0.13233087956905365
1781099326651355000,90.09135498046875,-0.04216476529836655,0.05393087491393089,0.18827269971370697
1781099326691474700,90.131474609375,0.020387830212712288,0.3573245704174042,-0.08541077375411987
1781099326731595800,90.171595703125,-0.21743059158325195,-0.11451086401939392,0.17509964108467102
1781099326771716600,90.21171655273437,0.1566964089870453,0.30832934379577637,0.3179832994937897
1781099326811837700,90.25183764648438,-0.40033090114593506,-0.29843810200691223,-0.12305615097284317
1781099326851958800,90.29195874023438,0.14757481217384338,0.016202937811613083,0.46496155858039856
1781099326892079600,90.33207958984374,-0.05058594420552254,0.33518171310424805,-0.13757330179214478
1781099326932200700,90.37220068359375,0.01540319062769413,-0.22000239789485931,0.16218437254428864
1781099326972321800,90.41232177734375,-0.14194142818450928,-0.004436559975147247,-0.03238403797149658
1781099327012443000,90.45244287109375,-0.2033533900976181,-0.18266329169273376,0.24830621480941772
1781099327052562200,90.49256225585937,-0.026608441025018692,0.12102042883634567,-0.023602532222867012
1781099327092683300,90.53268334960937,-0.029266009107232094,-0.06417205929756165,-0.01877448707818985
1781099327132804400,90.57280444335937,0.0670275017619133,0.21019718050956726,0.004963333252817392
1781099327172925200,90.61292529296875,-0.011695272289216518,0.08297877013683319,-0.034928157925605774
1781099327213046300,90.65304638671876,-0.007704524789005518,0.060258544981479645,0.05877995863556862
1781099327253167400,90.69316748046874,0.032937709242105484,0.02244485542178154,0.15661756694316864
1781099327293288200,90.7332880859375,-0.04553073272109032,-0.03881477192044258,0.11834634840488434
1781099327333409300,90.7734091796875,0.11468024551868439,-0.28493532538414,0.25070786476135254
1781099327373530400,90.8135302734375,0.15089151263237,0.13219718635082245,-0.1126764789223671
1781099327413650200,90.85365014648437,0.11288314312696457,0.10356101393699646,-0.10431282222270966
1781099327453771300,90.89377124023437,-0.01335735060274601,0.1312677413225174,-0.09265829622745514
1781099327493892400,90.93389233398437,-0.026750653982162476,0.21629901230335236,0.012410064227879047
1781099327534013200,90.97401318359375,-0.149005725979805,-0.0724443718791008,-0.09777023643255234
1781099327574134300,91.01413427734374,-0.08592236787080765,-0.04101694002747536,0.06753110885620117
1781099327614255400,91.05425537109375,-0.03425464406609535,0.005310875829309225,0.10981065034866333
1781099327654376200,91.09437622070313,0.07378767430782318,0.07033541798591614,-0.09208705276250839
1781099327694497300,91.13449731445313,0.13579457998275757,0.04176715388894081,0.0423184297978878
1781099327734618400,91.17461840820313,0.14745576679706573,0.06132833659648895,-0.06147587671875954
1781099327774738400,91.21473852539063,0.0414062961935997,-0.03171931207180023,0.09758967161178589
1781099327814859300,91.254859375,0.04814888536930084,0.11259631812572479,0.05938423052430153
1781099327854980400,91.29498046875,-0.021517010405659676,-0.05015983805060387,0.019240273162722588
1781099327895101200,91.33510107421876,-0.03176645189523697,0.12422767281532288,0.04675871506333351
1781099327935222300,91.37522216796874,0.01888687163591385,0.13841034471988678,0.03099280409514904
1781099327975343000,91.41534301757812,0.09513157606124878,0.16560786962509155,-0.012089685536921024
1781099328015464200,91.45546411132813,0.07487610727548599,0.043849214911460876,-0.06572069227695465
1781099328055586000,91.4955859375,0.007815046235918999,0.07477837055921555,0.10723937302827835
1781099328095707000,91.53570678710938,0.058697402477264404,0.2322087436914444,0.13921861350536346
1781099328135827000,91.57582690429687,-0.01356640923768282,0.028593560680747032,-0.010455836541950703
1781099328175948000,91.61594799804688,0.04927460476756096,0.17184099555015564,0.17777346074581146
1781099328216068900,91.65606884765624,-0.0034767568577080965,0.12239142507314682,0.09317335486412048
1781099328256190000,91.69618994140625,-0.03527383506298065,0.08126209676265717,0.003613909473642707
1781099328296310800,91.73631079101563,-0.04240098595619202,0.1366257518529892,-0.06160850450396538
1781099328336431900,91.77643188476563,-0.018313493579626083,0.29704606533050537,0.22171907126903534
1781099328376553000,91.81655297851563,0.132024884223938,0.3250252306461334,-0.025177791714668274
1781099328416673800,91.856673828125,-0.023542610928416252,-0.11447092145681381,-0.06118639186024666
1781099328456794000,91.89679418945312,0.13318148255348206,0.3325097858905792,0.2882935702800751
1781099328496915200,91.93691528320312,0.03099706396460533,0.2206069380044937,0.07839813828468323
1781099328537036000,91.9770361328125,0.08841881155967712,0.14462429285049438,0.18945594131946564
1781099328577157000,92.0171572265625,0.13136175274848938,0.3262321650981903,-0.17505836486816406
1781099328617278200,92.0572783203125,-0.022654712200164795,0.05384565517306328,-0.02461985871195793
1781099328657399000,92.09739892578125,0.1808403581380844,0.45276933908462524,0.0019094864837825298
1781099328697520000,92.13752001953125,0.22736871242523193,0.12202923744916916,-0.12697552144527435
1781099328737641200,92.17764111328125,0.08777698874473572,0.2652364671230316,0.10110478103160858
1781099328777762000,92.21776196289062,0.07886765152215958,0.013442572206258774,0.20123617351055145
1781099328817882000,92.25788208007812,0.10230400413274765,-0.09463915973901749,0.19686193764209747
1781099328858003000,92.2980029296875,0.18115514516830444,0.21089786291122437,0.05822522193193436
1781099328898124000,92.3381240234375,0.13048264384269714,-0.013805827125906944,-0.12269476056098938
1781099328938245000,92.3782451171875,0.2093271166086197,0.2353086620569229,-0.003967577591538429
1781099328978366000,92.41836596679687,0.2567037045955658,0.316650927066803,-0.1966310292482376
1781099329018487000,92.45848706054687,0.14351242780685425,0.12511716783046722,-0.17180052399635315
1781099329058607000,92.49860717773437,0.15765380859375,0.1251976042985916,-0.19113773107528687
1781099329098728200,92.53872827148437,0.10317885130643845,0.1464538872241974,-0.3100305497646332
1781099329138848300,92.57884814453125,0.12819738686084747,-0.013890249654650688,-0.23194880783557892
1781099329178969000,92.61896899414063,0.09472651034593582,0.1872100979089737,-0.13732962310314178
1781099329219090200,92.65909008789062,0.17785441875457764,0.18572592735290527,-0.1592831313610077
1781099329259211300,92.69921118164062,0.06768876314163208,-0.11245118081569672,-0.35890328884124756
1781099329299332000,92.73933203125,0.08948007971048355,-0.07808787375688553,-0.16078302264213562
1781099329339453200,92.779453125,0.18487770855426788,0.24087892472743988,-0.16808967292308807
1781099329379574300,92.81957421875,0.06381653249263763,0.1783585548400879,-0.16904734075069427
1781099329419695000,92.85969506835937,0.22812478244304657,0.2932089865207672,-0.285154789686203
1781099329459815200,92.89981518554687,-0.006458165589720011,0.0727815255522728,-0.013859356753528118
1781099329499936000,92.93993603515625,0.1192246600985527,-0.06476381421089172,0.15398184955120087
1781099329540057000,92.98005712890625,0.11550848931074142,-0.0810232162475586,0.27897945046424866
1781099329580178200,93.02017822265626,0.04561595618724823,-0.11788216233253479,0.13894855976104736
1781099329620299000,93.06029907226562,0.020840033888816833,-0.09947199374437332,-0.007355384528636932
1781099329660420000,93.10042016601562,0.1497596651315689,-0.042028676718473434,-0.12683144211769104
1781099329700541200,93.14054125976563,0.1982547640800476,0.0742366835474968,-0.3001566231250763
1781099329740662000,93.180662109375,0.1657855063676834,0.34177571535110474,-0.31075921654701233
1781099329780782300,93.2207822265625,0.04686657339334488,0.3069594204425812,-0.18820665776729584
1781099329820903400,93.2609033203125,0.05934321880340576,0.18168990314006805,-0.14627519249916077
1781099329861024300,93.30102416992187,0.09083855897188187,-0.047449275851249695,-0.21521617472171783
1781099329901145300,93.34114526367188,0.09643306583166122,-0.033554498106241226,-0.06624773144721985
1781099329941266200,93.38126611328126,0.15812624990940094,0.2603732645511627,0.03182850405573845
1781099329981387300,93.42138720703124,0.07049839943647385,-0.10643722862005234,-0.08203441649675369
1781099330021508000,93.46150805664062,0.06459257751703262,-0.11646801978349686,-0.01792147569358349
1781099330061629700,93.50162963867187,0.19198888540267944,0.09938810765743256,-0.0796322450041771
1781099330101750000,93.54175,0.10437647253274918,0.19505710899829865,-0.12009551376104355
1781099330141870800,93.58187084960937,0.04307210445404053,-0.024023044854402542,-0.08851788192987442
1781099330181992000,93.62199194335938,0.10336420685052872,0.15589238703250885,0.15812146663665771
1781099330222112800,93.66211279296876,0.1920674443244934,0.10012420266866684,-0.11880122125148773
1781099330262233900,93.70223388671874,0.11633193492889404,-0.28000423312187195,-0.1056760922074318
1781099330302354700,93.74235473632812,0.13540150225162506,0.040160201489925385,-0.059474244713783264
1781099330342475800,93.78247583007813,0.1819000244140625,0.1606099158525467,-0.31015652418136597
1781099330382596600,93.8225966796875,0.10547502338886261,0.029270803555846214,-0.26566389203071594
1781099330422717000,93.86271704101563,0.19948939979076385,0.30947449803352356,-0.11189883947372437
1781099330462838000,93.90283813476563,0.033428531140089035,0.31724587082862854,0.05763959512114525
1781099330502958800,93.94295874023437,0.13648007810115814,0.04417385160923004,0.024578580632805824
1781099330543080000,93.98307983398438,0.04764315113425255,0.009258746169507504,0.300739586353302
1781099330583201000,94.02320092773438,0.15591636300086975,0.04784049466252327,0.11947552859783173
1781099330623321900,94.06332177734375,0.07116259634494781,-0.13078251481056213,0.09340744465589523
1781099330663443000,94.10344287109375,0.15886901319026947,-0.0183465164154768,0.0819406732916832
1781099330703564000,94.14356396484375,0.13607341051101685,0.22853517532348633,-0.23196639120578766
1781099330743683800,94.18368383789063,0.12795370817184448,0.072896309196949,-0.03348072990775108
1781099330783805000,94.22380493164063,0.2017967700958252,0.3308224081993103,-0.1463388353586197
1781099330823925800,94.26392578125,0.07321535795927048,0.2084280401468277,-0.22437478601932526
1781099330864046800,94.304046875,0.15687882900238037,0.22634418308734894,-0.14135339856147766
1781099330904168000,94.34416796875,0.13875815272331238,0.3153590261936188,-0.177903413772583
1781099330944288800,94.38428881835938,0.11559104174375534,0.17605891823768616,-0.18565721809864044
1781099330984409900,94.42440991210937,0.20708952844142914,0.08867873251438141,-0.07266142219305038
1781099331024531000,94.46453100585937,0.1548558920621872,0.10024644434452057,0.02387896738946438
1781099331064650000,94.50464990234374,0.2707768976688385,0.05019446089863777,-0.005024053156375885
1781099331104771000,94.54477099609375,0.15998700261116028,0.016578176990151405,0.04722876474261284
1781099331144892200,94.58489208984375,0.14275981485843658,-0.10529553145170212,-0.10732486099004745
1781099331185013000,94.62501293945313,0.16181686520576477,0.0846797302365303,-0.14821450412273407
1781099331225134000,94.66513403320313,0.14371562004089355,0.21881170570850372,-0.1406886726617813
1781099331265255200,94.70525512695312,0.07592352479696274,0.1138962060213089,-0.11108630895614624
1781099331305376000,94.7453759765625,0.13364620506763458,0.13681483268737793,-0.19952669739723206
1781099331345497000,94.7854970703125,0.04464150220155716,0.09095067530870438,0.10977549850940704
1781099331385617000,94.82561694335938,0.1787007749080658,0.22798922657966614,-0.21922476589679718
1781099331425738000,94.86573803710938,0.06298269331455231,-0.026672890409827232,-0.16256095468997955
1781099331465859000,94.90585913085937,0.1617462933063507,0.11755672097206116,0.12884506583213806
1781099331505980000,94.94597998046875,0.24480469524860382,0.18040253221988678,-0.14929893612861633
1781099331546101000,94.98610107421875,0.10027893632650375,-0.13933232426643372,-0.2876853048801422
1781099331586222000,95.02622216796875,0.20306363701820374,0.06838518381118774,0.08478492498397827
1781099331626343000,95.06634301757812,0.15462473034858704,0.43596240878105164,-0.23105745017528534
1781099331666463200,95.10646313476562,0.12925225496292114,-0.14383013546466827,-0.11770985275506973
1781099331706584300,95.14658422851562,0.2488420456647873,0.08018644899129868,-0.07739918678998947
1781099331746705200,95.186705078125,0.1123872622847557,0.2831787168979645,-0.18358473479747772
1781099331786826200,95.226826171875,0.1588173508644104,-0.15302176773548126,-0.25695163011550903
1781099331826947300,95.266947265625,0.0685897096991539,0.08409064263105392,-0.029316609725356102
1781099331867068200,95.30706811523437,0.09695371240377426,0.20938491821289062,-0.25767627358436584
1781099331907189200,95.34718920898437,0.10376820713281631,-0.16157424449920654,-0.3120202124118805
1781099331947310300,95.38731030273438,0.07001689821481705,0.0888020396232605,-0.10126537084579468
1781099331987430100,95.42743017578125,0.1698489487171173,0.08943826705217361,-0.035783831030130386
1781099332027551200,95.46755126953126,0.12866024672985077,-0.1457148641347885,-0.15297596156597137
1781099332067671600,95.50767163085938,0.10763564705848694,-0.20348387956619263,-0.15426094830036163
1781099332107792600,95.54779272460938,0.13281476497650146,-0.018668226897716522,-0.1676017791032791
1781099332147913700,95.58791381835937,0.14735829830169678,0.010028932243585587,-0.13093164563179016
1781099332188034600,95.62803466796875,0.13462918996810913,0.042515769600868225,-0.39723336696624756
1781099332228155600,95.66815576171875,0.12778326869010925,-0.12514007091522217,-0.1463870406150818
1781099332268276700,95.70827685546875,0.19475802779197693,-0.016504941508173943,-0.30551785230636597
1781099332308396500,95.748396484375,0.15080176293849945,-0.24373649060726166,-0.1631801277399063
1781099332348517600,95.788517578125,0.06464317440986633,-0.0326884388923645,-0.04325266554951668
1781099332388638700,95.828638671875,0.052449893206357956,-0.14358831942081451,-0.17783764004707336
1781099332428759600,95.86875952148438,0.04309873282909393,-0.09778701514005661,-0.022464295849204063
1781099332468880600,95.90888061523438,0.12921524047851562,0.016879115253686905,-0.11090175062417984
1781099332509001700,95.94900170898437,-0.042935483157634735,-0.07451657950878143,0.019405389204621315
1781099332549122600,95.98912255859375,0.10338631272315979,-0.04322230443358421,-0.06530071049928665
1781099332589243600,96.02924365234375,-0.02629578672349453,-0.028854018077254295,0.05313139408826828
1781099332629363500,96.06936352539063,0.10707265883684158,0.020233632996678352,0.044442299753427505
1781099332669484500,96.10948461914063,0.05658232048153877,0.04241004213690758,-0.015389076434075832
1781099332709605600,96.14960571289062,0.13073298335075378,0.09469161927700043,0.031152592971920967
1781099332749726500,96.1897265625,0.1190105453133583,0.1416703164577484,-0.04501541331410408
1781099332789847600,96.22984765625,0.06414835900068283,0.005667206831276417,0.05420917645096779
1781099332829968600,96.26996875,0.14234702289104462,0.17276804149150848,-0.057383399456739426
1781099332870089500,96.31008935546875,0.07746443152427673,0.051482897251844406,-0.09386098384857178
1781099332910210600,96.35021044921875,0.1820869743824005,0.20655690133571625,-0.071307472884655
1781099332950330600,96.39033056640625,0.15918965637683868,0.21617917716503143,-0.17062260210514069
1781099332990451500,96.43045141601563,0.16591200232505798,0.016328640282154083,-0.03514094278216362
1781099333030572500,96.47057250976563,0.1663210690021515,0.18371017277240753,-0.0698336735367775
1781099333070695400,96.5106953125,0.16822709143161774,-0.10075484216213226,-0.07317780703306198
1781099333110816300,96.55081616210937,0.11498970538377762,0.08421554416418076,-0.08330580592155457
1781099333150937300,96.59093725585937,0.21220573782920837,0.21557728946208954,-0.0630980059504509
1781099333191058400,96.63105834960938,-0.007861385121941566,0.1490589827299118,-0.09809434413909912
1781099333231179300,96.67117919921876,0.2080083191394806,-0.057797785848379135,0.1783580183982849
1781099333271299300,96.71129931640625,0.03867682069540024,0.1827296018600464,0.10979893803596497
1781099333311420400,96.75142041015626,-0.16877304017543793,-0.3267187178134918,-0.16162139177322388
1781099333351541200,96.79154125976562,0.18045499920845032,-0.01816542074084282,0.2168811857700348
1781099333391662300,96.83166235351563,-0.009302687831223011,0.7373067736625671,-0.23223882913589478
1781099333431783400,96.87178344726563,0.2445780485868454,-0.19286692142486572,-0.19786354899406433
1781099333471904300,96.911904296875,0.16580148041248322,0.21701540052890778,-0.04417704790830612
1781099333512025300,96.952025390625,0.10354290157556534,0.14212624728679657,0.041949313133955
1781099333552146400,96.992146484375,0.2584374248981476,0.09885361045598984,-0.2224823385477066
1781099333592266200,97.03226635742188,0.12562529742717743,-0.00987153872847557,0.10706759989261627
1781099333632387300,97.07238720703126,0.05970807000994682,0.08728910237550735,-0.002561694709584117
1781099333672508200,97.11250805664062,0.1178659126162529,-0.021753499284386635,-0.1150064766407013
1781099333712629200,97.15262915039062,0.09070593118667603,0.1633303314447403,0.08427946269512177
1781099333752750300,97.19275024414063,0.14643177390098572,0.1827828586101532,-0.10278123617172241
1781099333792871200,97.23287109375,-0.03424878418445587,-0.12772999703884125,-0.046733684837818146
1781099333832992300,97.2729921875,0.11636175960302353,0.11198778450489044,-0.07523163408041
1781099333873112300,97.3131123046875,0.09500134736299515,0.10256952047348022,-0.03907336667180061
1781099333913233400,97.3532333984375,0.010397247038781643,-0.10045390576124191,-0.015145396813750267
1781099333953354200,97.39335424804688,0.09892658144235611,-0.05981539562344551,-0.13909903168678284
1781099333993475300,97.43347534179688,0.11430580168962479,0.025533588603138924,-0.012925385497510433
1781099334033596200,97.47359619140624,0.13336950540542603,-0.08295001089572906,-0.2437617927789688
1781099334073716500,97.51371655273438,0.0921000987291336,-0.09157545864582062,-0.06975963711738586
1781099334113837600,97.55383764648437,0.22611436247825623,0.06721019744873047,-0.16260063648223877
1781099334153958700,97.59395874023437,0.08831708133220673,-0.0830240473151207,-0.13372930884361267
1781099334194078500,97.63407836914062,0.2237555980682373,-0.060931261628866196,-0.026087526232004166
1781099334234199600,97.67419946289063,0.05757088586688042,-0.024051805958151817,-0.13940156996250153
1781099334274320600,97.71432055664063,0.051715925335884094,-0.21214261651039124,-0.032533708959817886
1781099334314441500,97.75444140625,0.1654701828956604,-0.004491953644901514,-0.2139596939086914
1781099334354562600,97.7945625,-0.013823670335114002,-0.052797168493270874,-0.2555830478668213
1781099334394683600,97.83468359375,0.07875712960958481,-0.05212339013814926,-0.17963314056396484
1781099334434804500,97.87480444335938,0.14578010141849518,0.023979634046554565,-0.13153113424777985
1781099334474924500,97.91492456054688,0.021440310403704643,-0.041848648339509964,-0.16552823781967163
1781099334515045400,97.95504541015625,0.1779915690422058,-0.2034790813922882,-0.0849553719162941
1781099334555166500,97.99516650390625,0.06845708936452866,0.11138857901096344,-0.051177967339754105
1781099334595287600,98.03528759765625,0.006870422977954149,-0.1880902796983719,-0.04520662501454353
1781099334635408400,98.07540844726563,0.14273957908153534,-0.08365467935800552,-0.05709071829915047
1781099334675529500,98.11552954101562,0.013186641968786716,0.14250041544437408,-0.1194840520620346
1781099334715650600,98.15565063476562,0.09607993066310883,-0.042455848306417465,-0.06653641909360886
1781099334755770400,98.19577026367188,0.0823952704668045,0.13529551029205322,-0.0880638137459755
1781099334795891500,98.23589135742188,0.023741016164422035,-0.05336415395140648,-0.11221841722726822
1781099334836012500,98.27601245117188,0.11208659410476685,0.06254354119300842,-0.0634671226143837
1781099334876133400,98.31613330078125,0.05450212210416794,0.007126352749764919,-0.22737163305282593
1781099334916254500,98.35625439453125,0.08758391439914703,-0.11046472191810608,-0.12069658935070038
1781099334956375600,98.39637548828125,0.05931898206472397,-0.1268567442893982,-0.2948678433895111
1781099334996496400,98.43649633789063,0.138227641582489,-0.07882317900657654,0.037400368601083755
1781099335036616700,98.47661669921875,0.06701046228408813,-0.06052699312567711,-0.12553155422210693
1781099335076737000,98.51673706054687,0.0779949352145195,-0.3746415078639984,-0.14910265803337097
1781099335116857900,98.55685791015625,0.06701019406318665,-0.156476691365242,-0.08627550303936005
1781099335156979000,98.59697900390626,0.0872315764427185,-0.1440056413412094,-0.15652543306350708
1781099335197100000,98.63710009765624,0.013264406472444534,-0.20679578185081482,-0.33659160137176514
1781099335237220900,98.67722094726562,0.04883971065282822,-0.09875506907701492,-0.14244769513607025
1781099335277342000,98.71734204101563,0.07986313849687576,0.14646506309509277,-0.14895778894424438
1781099335317463000,98.75746313476563,0.022549251094460487,-0.331296443939209,-0.2691875398159027
1781099335357582800,98.79758276367187,0.03302612528204918,-0.26018470525741577,-0.09248625487089157
1781099335397704000,98.83770385742187,0.0008255799184553325,-0.12238689512014389,0.06024682894349098
1781099335437824800,98.87782470703125,-0.011972240172326565,-0.3011731505393982,-0.06645971536636353
1781099335477945900,98.91794580078125,0.017948640510439873,-0.3770221173763275,-0.22118617594242096
1781099335518067000,98.95806689453126,-0.002252768026664853,-0.10837148129940033,-0.010976218618452549
1781099335558187800,98.99818774414062,0.019418705254793167,0.09908583760261536,-0.009127452038228512
1781099335598307800,99.03830786132812,-0.0768929198384285,-0.15058843791484833,-0.119837187230587
1781099335638429000,99.07842895507812,0.016035690903663635,-0.17431321740150452,0.04996383190155029
1781099335678549800,99.1185498046875,-0.03626852482557297,0.07646521180868149,-0.07038228958845139
1781099335718670800,99.1586708984375,-0.02666250243782997,-0.19546803832054138,-0.0025718146935105324
1781099335758792000,99.1987919921875,-0.09673000127077103,-0.15751639008522034,-0.025767415761947632
1781099335798912800,99.23891284179687,-0.008080297149717808,-0.10492721199989319,-0.10620872676372528
1781099335839033900,99.27903393554688,0.05636686831712723,0.014641793444752693,-0.11211775243282318
1781099335879153700,99.31915356445313,0.02690511755645275,-0.03166098892688751,0.0025723471771925688
1781099335919274800,99.35927465820312,0.08975811302661896,-0.3509649336338043,-0.39948347210884094
1781099335959395800,99.39939575195312,0.050343599170446396,-0.38140061497688293,-0.17375501990318298
1781099335999516700,99.4395166015625,0.06078558787703514,-0.12087901681661606,-0.14249110221862793
1781099336039637800,99.4796376953125,-0.02642681449651718,-0.14074432849884033,-0.34570226073265076
1781099336079758800,99.5197587890625,-0.04855421930551529,-0.274324506521225,-0.11449648439884186
1781099336119880000,99.5598798828125,-0.07503695785999298,-0.07676269114017487,-0.004296211525797844
1781099336159999700,99.59999975585937,0.0038344194181263447,-0.24403689801692963,0.04129284620285034
1781099336200120800,99.64012084960937,-0.23638217151165009,-0.3512861132621765,-0.15373124182224274
1781099336240241700,99.68024169921875,-0.027717648074030876,-0.28025829792022705,0.12775929272174835
1781099336280362800,99.72036279296876,-0.1817639321088791,0.316837877035141,-0.04451020807027817
1781099336320483800,99.76048388671875,-0.14010117948055267,-0.3406611680984497,-0.07936859130859375
1781099336360604700,99.80060473632813,-0.18411284685134888,-0.013499563559889793,-0.09069528430700302
1781099336400725800,99.84072583007813,-0.12563568353652954,-0.04561755061149597,0.06000581383705139
1781099336440846000,99.88084619140625,-0.11821665614843369,0.0006985471700318158,-0.07935767620801926
1781099336480967000,99.920966796875,-0.09836678206920624,-0.1995605081319809,-0.0635017454624176
1781099336521088000,99.961087890625,-0.11538944393396378,0.00022077605535741895,0.04304440692067146
1781099336561209000,100.001208984375,-0.0695127621293068,-0.13760899007320404,0.042877160012722015
1781099336601330000,100.04132983398438,-0.04236103966832161,-0.2068527787923813,-0.10353092104196548
1781099336641451000,100.08145092773438,-0.024929318577051163,-0.03750156983733177,0.00435986090451479
1781099336681571800,100.12157177734375,-0.14236007630825043,-0.03877509385347366,-0.070523701608181
1781099336721692000,100.16169189453124,-0.05128342658281326,-0.1056838184595108,-0.07348699867725372
1781099336761813000,100.20181298828125,-0.1547035574913025,0.17168094217777252,0.08544086664915085
1781099336801933800,100.24193383789063,-0.14681501686573029,-0.1820582151412964,-0.03585546836256981
1781099336842055000,100.28205493164063,-0.03899480402469635,-0.10046855360269547,0.11405093967914581
1781099336882176000,100.32217602539062,-0.2804202139377594,-0.0004918858758173883,0.062251921743154526
1781099336922296800,100.362296875,-0.017495902255177498,0.10772273689508438,0.11140348762273788
1781099336962417000,100.4024169921875,-0.2844921946525574,0.07851850986480713,-0.056291233748197556
1781099337002538000,100.4425380859375,-0.07907431572675705,-0.22754047811031342,0.1814877688884735
1781099337042659000,100.4826591796875,-0.06988614052534103,0.4280503988265991,-0.021282652392983437
1781099337082780000,100.52277978515625,-0.1394292712211609,0.12278850376605988,0.11126154661178589
1781099337122901000,100.56290087890625,-0.1425350457429886,0.01128328125923872,0.049673281610012054
1781099337163022000,100.60302197265625,-0.06444716453552246,0.0011291803093627095,0.2923104166984558
1781099337203143000,100.64314282226563,0.04567401111125946,0.1755284070968628,0.10707798600196838
1781099337243263000,100.68326293945313,-0.12074559181928635,-0.11057285219430923,-0.10085950046777725
1781099337283383800,100.7233837890625,-0.09599710255861282,-0.06671245396137238,0.07903862744569778
1781099337323505000,100.7635048828125,-0.05288691818714142,0.6079728007316589,-0.12392434477806091
1781099337363626000,100.8036259765625,-0.06903871893882751,-0.0357593297958374,0.055813197046518326
1781099337403746800,100.84374682617188,-0.0809856653213501,-0.021463213488459587,0.1286274790763855
1781099337443868000,100.88386791992187,-0.023313578218221664,-0.039742887020111084,0.1439174860715866
1781099337483989000,100.92398901367187,-0.021343370899558067,-0.04031280055642128,0.05061124637722969
1781099337524109800,100.96410986328125,-0.06142900511622429,-0.021795043721795082,0.09982939064502716
1781099337564231000,101.00423095703125,-0.1298416256904602,0.1965668499469757,0.07143929600715637
1781099337604352000,101.04435205078126,-0.048878058791160583,0.3050304651260376,0.1940765380859375
1781099337644471800,101.08447192382812,-0.03797481209039688,0.22843264043331146,0.14062155783176422
1781099337684593000,101.12459301757812,-0.09075946360826492,0.1889137327671051,0.06260798871517181
1781099337724714000,101.1647138671875,0.053464025259017944,0.1820467710494995,0.3327358663082123
1781099337764834800,101.20483471679688,-0.012960539199411869,0.24237722158432007,0.15563806891441345
1781099337804956000,101.24495581054687,0.052622199058532715,0.028500616550445557,0.052500225603580475
1781099337845077000,101.28507690429687,0.039324767887592316,0.35408058762550354,0.18032211065292358
1781099337885197800,101.32519775390625,0.09135947376489639,0.264908105134964,0.1479569673538208
1781099337925318000,101.36531787109375,0.01613635942339897,0.21237218379974365,0.10786548256874084
1781099337965438700,101.40543872070313,-0.019644275307655334,0.19847074151039124,0.02906227856874466
1781099338005559800,101.44555981445312,0.023013174533843994,0.21756534278392792,0.1562521904706955
1781099338045681200,101.48568115234374,0.04704767093062401,0.3747222125530243,-0.006381466519087553
1781099338085802200,101.52580224609375,0.017774470150470734,0.02304433286190033,-0.1331639140844345
1781099338125923000,101.56592309570313,-0.0107695572078228,0.24709394574165344,0.1050686314702034
1781099338166044200,101.60604418945313,0.12038100510835648,0.39195606112480164,0.0495891235768795
1781099338206164500,101.64616455078125,-0.0000655137628200464,-0.0518469512462616,0.003070624778047204
1781099338246285300,101.68628540039063,-0.04303961247205734,0.03554494306445122,0.14356595277786255
1781099338286406400,101.72640649414062,0.17487433552742004,0.2133873850107193,0.1755039095878601
1781099338326527200,101.76652734375,0.09037251025438309,0.028775455430150032,-0.14374758303165436
1781099338366648300,101.8066484375,-0.04038817062973976,0.14316675066947937,0.016388559713959694
1781099338406769200,101.84676904296875,0.10983781516551971,0.30560439825057983,0.004247475415468216
1781099338446890200,101.88689013671875,0.06360933929681778,0.03845551237463951,0.11367197334766388
1781099338487010300,101.92701025390625,0.007493602577596903,0.0912737175822258,0.011788216419517994
1781099338527131400,101.96713134765625,0.09627912938594818,-0.03359311446547508,0.002017610939219594
1781099338567252200,102.00725219726563,0.17640326917171478,0.03492123261094093,0.1758386790752411
1781099338607373300,102.04737329101563,0.056535981595516205,0.12649428844451904,-0.19426189363002777
1781099338647494400,102.08749438476562,0.022639265283942223,-0.1339293122291565,-0.03973010182380676
1781099338687615200,102.127615234375,0.24660073220729828,0.19505338370800018,-0.028616730123758316
1781099338727736300,102.167736328125,-0.012197810225188732,0.18821598589420319,0.10816694796085358
1781099338767856400,102.2078564453125,-0.12840138375759125,-0.2960447072982788,-0.2984143793582916
1781099338807977200,102.24797729492188,0.25447648763656616,0.040223319083452225,0.20336617529392242
1781099338848098300,102.28809838867187,-0.035711657255887985,0.46811845898628235,-0.1559230238199234
1781099338888219400,102.32821948242187,0.12097835540771484,-0.3560960590839386,-0.14867310225963593
1781099338928340200,102.36834033203125,0.12177916616201401,-0.022793462499976158,0.26824504137039185
1781099338968461300,102.40846142578125,-0.17429350316524506,-0.059958409518003464,0.03418300300836563
1781099339008582400,102.44858251953124,0.106724314391613,-0.5410680174827576,-0.04879629984498024
1781099339048702700,102.48870263671876,0.12455844134092331,0.36030200123786926,-0.1881352812051773
1781099339088822500,102.52882250976562,0.03582217916846275,-0.12075837701559067,0.11988645792007446
1781099339128943600,102.56894360351562,0.030470024794340134,-0.030293190851807594,0.006411560345441103
1781099339169064700,102.60906469726562,-0.0031784826423972845,-0.18445585668087006,-0.18886525928974152
1781099339209185500,102.649185546875,0.10783485323190689,0.03653857111930847,-0.17819291353225708
1781099339249306600,102.689306640625,0.046940878033638,0.03350895643234253,0.013072658330202103
1781099339289427700,102.729427734375,0.04036420211195946,-0.05622439086437225,-0.22549037635326385
1781099339329547500,102.76954760742187,0.04711531475186348,-0.22153398394584656,-0.05060139298439026
1781099339369668600,102.80966870117187,0.11945688724517822,-0.10206751525402069,-0.1812659204006195
1781099339409789700,102.84978979492188,0.04484203830361366,-0.32962265610694885,-0.014393586665391922
1781099339449910500,102.88991064453126,0.1589081585407257,-0.12681414186954498,0.17468978464603424
1781099339490031600,102.93003149414062,0.04772784188389778,-0.285198450088501,-0.22200243175029755
1781099339530152700,102.97015258789062,0.1777566820383072,-0.33962759375572205,-0.18264251947402954
1781099339570273500,103.0102734375,0.09448975324630737,0.1210278868675232,-0.2578837275505066
1781099339610394600,103.05039453125,0.10580738633871078,-0.16061390936374664,-0.14134781062602997
1781099339650514700,103.0905146484375,-0.08948966860771179,-0.06260079890489578,0.021075457334518433
1781099339690635800,103.1306357421875,-0.08528666943311691,-0.08536123484373093,-0.08964519947767258
1781099339730756900,103.1707568359375,-0.027285417541861534,-0.012981312349438667,0.04911508038640022
1781099339770877700,103.21087768554688,-0.12363778799772263,0.15301725268363953,-0.05806223675608635
1781099339810998800,103.25099877929688,-0.0885157510638237,-0.25928908586502075,-0.24288535118103027
1781099339851119900,103.29111987304688,-0.040056340396404266,0.0516381599009037,0.13971662521362305
1781099339891240700,103.33124072265625,-0.20309239625930786,0.07178044319152832,-0.056236106902360916
1781099339931360800,103.37136083984375,0.023058447986841202,-0.1978132128715515,0.29617947340011597
1781099339971481900,103.41148193359375,-0.15365959703922272,0.05361289530992508,-0.09854335337877274
1781099340011602700,103.45160278320313,0.06362584978342056,-0.37888312339782715,-0.007555121555924416
1781099340051724800,103.49172485351562,0.034685809165239334,0.18118709325790405,-0.20394115149974823
1781099340091845600,103.531845703125,0.03279070183634758,-0.10296472907066345,-0.25369778275489807
1781099340131966500,103.57196655273438,0.006334594916552305,-0.07359352707862854,-0.15255679190158844
1781099340172086500,103.61208642578126,0.07872436940670013,-0.10966231673955917,-0.01792813464999199
1781099340212207600,103.65220751953125,-0.07716535776853561,-0.26759496331214905,-0.11699452996253967
1781099340252328700,103.69232861328125,-0.032831449061632156,-0.3414081931114197,-0.0178234726190567
1781099340292449500,103.73244946289063,0.04866873472929001,0.006422479171305895,0.07465320080518723
1781099340332570600,103.77257055664063,-0.01967756450176239,-0.1966203898191452,-0.02580736204981804
1781099340372691700,103.81269165039062,-0.1232961043715477,-0.28497767448425293,0.04596775770187378
1781099340412812500,103.8528125,-0.044076379388570786,0.018185395747423172,0.15230245888233185
1781099340452932600,103.8929326171875,-0.12514354288578033,-0.03882595896720886,-0.1023079976439476
1781099340493053700,103.9330537109375,-0.11636708676815033,-0.2406166046857834,0.0018405106384307146
1781099340533174500,103.97317456054688,-0.11050280928611755,0.3196333944797516,-0.10987536609172821
1781099340573295600,104.01329565429687,-0.030106503516435623,-0.1863669455051422,0.08241178840398788
1781099340613416700,104.05341674804687,-0.1500488817691803,0.0662221610546112,-0.10451309382915497
1781099340653537500,104.09353759765625,-0.03194115310907364,-0.1541520208120346,0.1184249147772789
1781099340693657600,104.13365771484375,-0.062074821442365646,0.07994862645864487,0.07069121301174164
1781099340733778400,104.1737783203125,-0.07254557311534882,-0.12236852198839188,0.03845764324069023
1781099340773899500,104.2138994140625,-0.051904741674661636,0.03856204077601433,-0.04573632776737213
1781099340814020600,104.2540205078125,-0.02538658306002617,0.14747653901576996,-0.23584714531898499
1781099340854141400,104.29414135742188,-0.08483286201953888,-0.09210356324911118,-0.11278460174798965
1781099340894262500,104.33426245117188,-0.03952770307660103,0.08753570914268494,-0.1389019638299942
1781099340934383600,104.37438354492187,-0.10253676027059555,-0.15080629289150238,-0.012150405906140804
1781099340974503400,104.41450341796875,-0.03566984832286835,-0.1557254195213318,0.10850703716278076
1781099341014624500,104.45462451171875,0.0003091930120717734,-0.2070610374212265,0.07392509281635284
1781099341054744800,104.49474487304687,0.008065915666520596,-0.15077219903469086,-0.0031201594974845648
1781099341094866000,104.53486596679687,0.03477449342608452,-0.04539145156741142,0.018213624134659767
1781099341134986800,104.57498681640625,0.05263711139559746,-0.2877500355243683,-0.050392333418130875
1781099341175107800,104.61510791015625,-0.07267101109027863,-0.09855719655752182,-0.14274996519088745
1781099341215228000,104.65522778320313,-0.08955518156290054,-0.06838571280241013,-0.032413333654403687
1781099341255348700,104.6953486328125,-0.13494983315467834,-0.04246729984879494,-0.04139697551727295
1781099341295469800,104.7354697265625,-0.18209071457386017,-0.11171454936265945,-0.09056638181209564
1781099341335591000,104.7755908203125,-0.1472025066614151,0.05865825340151787,0.007547664921730757
1781099341375711700,104.81571166992188,-0.12999022006988525,0.15592116117477417,0.10473253577947617
1781099341415832800,104.85583276367187,-0.05281554535031319,-0.0034527883399277925,0.16756369173526764
1781099341455954000,104.89595385742187,-0.12396269291639328,-0.06792179495096207,0.04313069209456444
1781099341496073700,104.93607373046875,0.02418523095548153,0.04867912083864212,-0.011836951598525047
1781099341536194800,104.97619482421875,-0.044263068586587906,0.11191774904727936,0.05957278236746788
1781099341576315600,105.01631567382813,-0.01594194769859314,-0.07234237343072891,0.07833635061979294
1781099341616436700,105.05643676757812,-0.07757148891687393,-0.11198592185974121,0.12354191392660141
1781099341656557800,105.09655786132812,-0.007699731271713972,-0.08668376505374908,0.03563921898603439
1781099341696678700,105.1366787109375,-0.19073453545570374,-0.07377888262271881,-0.2750571370124817
1781099341736798700,105.176798828125,-0.04464203491806984,-0.08790136128664017,0.0934753566980362
1781099341776919800,105.216919921875,-0.05161898583173752,0.42161861062049866,0.02243660017848015
1781099341817040600,105.25704052734375,-0.13518765568733215,-0.14295049011707306,0.046247389167547226
1781099341857161700,105.29716162109375,-0.11566933989524841,0.07815791666507721,0.3321041762828827
1781099341897282800,105.33728271484375,-0.02406512200832367,0.10537489503622055,0.23543035984039307
1781099341937403600,105.37740356445312,-0.07447423040866852,-0.15290406346321106,-0.23787035048007965
1781099341977523700,105.41752368164063,0.050577156245708466,-0.018458636477589607,0.1396079659461975
1781099342017644500,105.45764453125,-0.0044197821989655495,0.46859729290008545,0.013885721564292908
1781099342057766400,105.49776635742188,-0.03504533693194389,-0.25650182366371155,-0.1748061627149582
1781099342097887200,105.53788720703125,-0.15574964880943298,-0.009313606657087803,-0.08047327399253845
1781099342138008300,105.57800830078125,-0.04740320146083832,0.18922078609466553,0.05981006845831871
1781099342178129400,105.61812939453125,-0.21247151494026184,0.007559915538877249,-0.17101915180683136
1781099342218250200,105.65825024414063,-0.023539148271083832,-0.02227228321135044,0.30510053038597107
1781099342258370300,105.69837036132813,-0.07251494377851486,0.11786937713623047,0.24783563613891602
1781099342298491400,105.73849145507812,0.05965267866849899,-0.3163244128227234,0.1616498827934265
1781099342338612200,105.7786123046875,-0.15141242742538452,-0.25420963764190674,0.03328631818294525
1781099342378733300,105.8187333984375,0.022458171471953392,-0.09053362905979156,0.2532958984375
1781099342418854400,105.8588544921875,-0.08804091066122055,0.343209832906723,-0.08393138647079468
1781099342458975200,105.89897534179687,0.0008940231637097895,-0.28183913230895996,-0.10238523036241531
1781099342499095600,105.93909545898437,-0.14346767961978912,0.09760618209838867,0.020894363522529602
1781099342539216400,105.97921630859375,0.0009384979493916035,0.3224739134311676,-0.045155759900808334
1781099342579337500,106.01933740234375,-0.1271108090877533,-0.010281133465468884,-0.27298545837402344
1781099342619458600,106.05945849609375,-0.16779166460037231,-0.019774237647652626,0.26830628514289856
1781099342659579400,106.09957934570312,0.07195035368204117,0.3186227083206177,0.12763012945652008
1781099342699700500,106.13970043945312,-0.16376549005508423,-0.24283155798912048,-0.14618757367134094
1781099342739820500,106.17982055664062,0.19521476328372955,-0.263942688703537,0.15652835369110107
1781099342779941400,106.21994140625,-0.017600299790501595,0.5807709693908691,-0.11662914603948593
1781099342820062500,106.2600625,0.0022796657867729664,-0.26294800639152527,0.3217807114124298
1781099342860183600,106.30018359375,-0.04472645744681358,0.026337597519159317,-0.13909956812858582
1781099342900304400,106.34030444335937,-0.11489569395780563,-0.01780935749411583,-0.2024175524711609
1781099342940425500,106.38042553710937,0.00032384038786403835,0.16009166836738586,-0.019638415426015854
1781099342980546600,106.42054663085938,-0.10296952724456787,0.10698077827692032,-0.42794227600097656
1781099343020666400,106.46066625976563,-0.1000637486577034,-0.024282703176140785,-0.02400413528084755
1781099343060787700,106.50078759765626,-0.037996117025613785,0.325395405292511,0.05301501601934433
1781099343100908500,106.54090844726562,-0.06708449125289917,-0.0853966549038887,0.1583065539598465
1781099343141029600,106.58102954101562,-0.13377723097801208,-0.31256428360939026,0.21196924149990082
1781099343181150700,106.62115063476563,-0.02159077860414982,-0.19876369833946228,0.23241566121578217
1781099343221271600,106.661271484375,0.10211225599050522,0.12097994983196259,-0.17762964963912964
1781099343261391600,106.7013916015625,0.03647971525788307,-0.004533499013632536,-0.3237714171409607
1781099343301512400,106.74151245117187,-0.10877308249473572,0.20011311769485474,-0.012587430886924267
1781099343341633500,106.78163354492187,-0.13738395273685455,0.4494105577468872,-0.052936453372240067
1781099343381754600,106.82175463867188,-0.09091472625732422,-0.03509726747870445,-0.09741656482219696
1781099343421875500,106.86187548828126,-0.06093365699052811,-0.05513649061322212,0.10053619742393494
1781099343461996500,106.90199658203124,-0.02653973177075386,-0.06064017862081528,-0.042457710951566696
1781099343502116600,106.94211669921874,-0.07189975678920746,-0.1291193664073944,0.06549831479787827
1781099343542237400,106.98223754882812,0.13228054344654083,0.00544376764446497,-0.03815937042236328
1781099343582358500,107.02235864257813,-0.016887636855244637,0.024564199149608612,-0.03845125064253807
1781099343622479600,107.06247973632813,-0.01732253096997738,-0.07937551289796829,0.014274543151259422
1781099343662600400,107.10260034179687,-0.028664134442806244,-0.05667393282055855,0.22655564546585083
1781099343702721500,107.14272143554687,-0.0037816886324435472,-0.026679281145334244,0.42290571331977844
1781099343742842600,107.18284252929688,-0.36861106753349304,-0.5798050761222839,-0.3610183894634247
1781099343782962700,107.22296264648438,0.025624137371778488,-0.6046933531761169,0.20841658115386963
1781099343823083500,107.26308349609376,-0.12948742508888245,1.2510992288589478,-0.7083800435066223
1781099343863204400,107.30320434570312,0.11805180460214615,-0.7979751825332642,-0.13050395250320435
1781099343903325400,107.34332543945312,-0.1384604126214981,0.3879586458206177,0.3521338105201721
1781099343943446500,107.38344653320313,-0.21234022080898285,0.1708814650774002,0.46324408054351807
1781099343983567400,107.4235673828125,-0.08708377182483673,-0.4106921851634979,-0.01792893372476101
1781099344023687700,107.46368774414063,-0.06321465224027634,-0.4007048010826111,0.17371293902397156
1781099344063807700,107.50380786132813,0.027398601174354553,0.005230181850492954,0.15783198177814484
1781099344103928800,107.5439287109375,0.16594156622886658,-0.1963559240102768,0.11805872619152069
1781099344144050000,107.5840498046875,0.07653072476387024,-0.01148914359509945,-0.24983912706375122
1781099344184170800,107.62417065429688,0.014637266285717487,0.10416767746210098,-0.3861892521381378
1781099344224291800,107.66429174804688,-0.07909028977155685,0.11551380902528763,-0.1236947774887085
1781099344264412000,107.70441186523438,-0.06331292539834976,0.06268361955881119,-0.15732011198997498
1781099344304532700,107.74453271484376,-0.10902129113674164,-0.27648672461509705,0.18708227574825287
1781099344344653800,107.78465380859375,-0.4193645119667053,-0.15954358875751495,-0.12092029303312302
1781099344384775000,107.82477490234375,0.07529475539922714,-0.1978619545698166,0.3127496540546417
1781099344424895700,107.86489575195313,-0.2788875699043274,0.5185595154762268,-0.17208148539066315
1781099344465016800,107.90501684570313,0.011580223217606544,-0.31223511695861816,0.3642309606075287
1781099344505138000,107.94513793945312,-0.14160241186618805,0.3345569372177124,0.007785485126078129
1781099344545257700,107.9852578125,0.003462641965597868,-0.14519713819026947,0.02357936091721058
1781099344585378800,108.02537890625,-0.08852001279592514,-0.05380464345216751,0.13549870252609253
1781099344625499600,108.06549975585938,-0.010307231917977333,0.03497209772467613,0.17247456312179565
1781099344665620700,108.10562084960938,-0.17978441715240479,0.0010109359864145517,-0.21061715483665466
1781099344705741800,108.14574194335937,-0.16113322973251343,-0.3132982552051544,0.2774888575077057
1781099344745862700,108.18586254882813,-0.04014342650771141,0.5282744765281677,0.10425476729869843
1781099344785982700,108.22598266601562,-0.22673754394054413,-0.19691413640975952,-0.13260838389396667
1781099344826103800,108.26610375976563,-0.05507710203528404,-0.17358243465423584,0.28111156821250916
1781099344866224600,108.306224609375,-0.13024455308914185,0.3248361349105835,-0.1536468118429184
1781099344906345700,108.346345703125,0.061055365949869156,-0.08815622329711914,-0.10733763873577118
1781099344946466800,108.386466796875,0.035419777035713196,0.016949955374002457,0.16437377035617828
1781099344986587600,108.42658764648438,-0.08291459083557129,-0.05971046909689903,-0.002258626976981759
1781099345026708000,108.4667080078125,-0.052984122186899185,-0.09307029098272324,0.4058825373649597
1781099345066829600,108.50682958984375,0.0624665729701519,-0.12673237919807434,-0.03561178967356682
1781099345106950400,108.54695043945313,-0.09809593856334686,-0.23531371355056763,-0.17284448444843292
1781099345147071500,108.58707153320313,0.09867837280035019,0.10874858498573303,0.25059786438941956
1781099345187192300,108.6271923828125,-0.059543222188949585,0.296029269695282,-0.316462904214859
1781099345227313400,108.6673134765625,-0.14719371497631073,-0.45746368169784546,-0.04066380485892296
1781099345267434200,108.70743432617188,-0.09817317128181458,0.22032438218593597,0.08296146243810654
1781099345307554600,108.74755444335938,-0.19035077095031738,0.012693424709141254,-0.009643306024372578
1781099345347675600,108.78767553710938,-0.049069542437791824,-0.0851907953619957,0.11646855622529984
1781099345387796500,108.82779638671875,-0.09445326775312424,-0.10443266481161118,-0.08016300946474075
1781099345427917600,108.86791748046875,0.04489956423640251,-0.03206232935190201,0.19579613208770752
1781099345468038700,108.90803857421875,0.07296555489301682,0.1192512959241867,-0.07703805714845657
1781099345508159500,108.94815942382813,-0.12874066829681396,-0.38873815536499023,-0.18353360891342163
1781099345548279600,108.98827954101563,-0.006195311434566975,0.1602245569229126,0.10176417976617813
1781099345588400400,109.028400390625,-0.1466996967792511,0.22056646645069122,0.04054156690835953
1781099345628521500,109.068521484375,-0.07096418738365173,-0.05459160730242729,-0.048536110669374466
1781099345668642600,109.108642578125,-0.2279820293188095,-0.14359551668167114,0.08811946958303452
1781099345708763400,109.14876342773438,-0.030849259346723557,0.10023552179336548,0.03362853452563286
1781099345748884500,109.18888452148437,-0.12108221650123596,0.05130899325013161,-0.055448077619075775
1781099345789005600,109.22900561523437,-0.05110446363687515,-0.14246633648872375,0.04811772704124451
1781099345829125400,109.26912548828125,-0.110750213265419,0.1071096733212471,0.1432061642408371
1781099345869246500,109.30924658203125,-0.06006013974547386,0.018500180914998055,0.12200340628623962
1781099345909367600,109.34936743164063,-0.04854436591267586,0.06551003456115723,0.029468942433595657
1781099345949488400,109.38948828125,-0.1131792888045311,-0.0813760831952095,-0.016152605414390564
1781099345989609500,109.429609375,-0.05974162742495537,0.16149701178073883,0.10896483063697815
1781099346029730600,109.46973046875,-0.03675801306962967,0.25130733847618103,0.0647859200835228
1781099346069850000,109.50985009765625,-0.1216241717338562,-0.10390988737344742,0.14360803365707397
1781099346109971200,109.54997119140624,-0.03674842789769173,-0.023967118933796883,0.16944707930088043
1781099346150092000,109.59009204101562,-0.029466278851032257,0.06730527430772781,0.11659905314445496
1781099346190213000,109.63021313476563,-0.06256218254566193,0.09723307937383652,0.22549277544021606
1781099346230334200,109.67033422851563,0.07336955517530441,0.17306499183177948,0.11364374309778214
1781099346270455000,109.710455078125,-0.0030506509356200695,-0.04687829315662384,-0.15062865614891052
1781099346310575400,109.75057543945313,0.004896221682429314,-0.002353435382246971,0.08273828774690628
1781099346350696400,109.79069653320313,-0.013887053355574608,0.40251603722572327,0.007564709056168795
1781099346390817300,109.8308173828125,-0.06646690517663956,0.05603503808379173,0.01792147569358349
1781099346430938400,109.8709384765625,-0.0557042732834816,-0.0848909243941307,0.05481584370136261
1781099346471059200,109.91105908203124,-0.044377319514751434,0.019355587661266327,0.03464213386178017
1781099346511180300,109.95118017578125,-0.021621672436594963,0.18436051905155182,0.20271849632263184
1781099346551301000,109.99130102539063,-0.033610425889492035,0.07128430157899857,0.036919400095939636
1781099346591421200,110.03142114257813,0.06190704181790352,0.08974107354879379,0.03773938864469528
1781099346631542300,110.07154223632813,0.007742607966065407,0.07200681418180466,-0.011228419840335846
1781099346671663400,110.11166333007813,-0.03290947899222374,0.03220773860812187,0.08042533695697784
1781099346711784200,110.1517841796875,-0.07933183759450912,0.23735715448856354,0.01002200786024332
1781099346751905300,110.1919052734375,-0.029579197987914085,0.1333111822605133,0.06891968101263046
1781099346792026400,110.2320263671875,-0.017706558108329773,0.1256420761346817,-0.2667454183101654
1781099346832146200,110.27214624023438,-0.03764963895082474,0.10233329236507416,-0.31710711121559143
1781099346872267300,110.31226733398438,0.07900720089673996,0.5028548836708069,0.14818787574768066
1781099346912388400,110.35238842773437,0.08137767761945724,0.26425641775131226,0.10757625848054886
1781099346952509200,110.39250927734375,-0.24396419525146484,-0.3676595091819763,0.1837056428194046
1781099346992630300,110.43263037109375,0.06974552571773529,-0.05914401262998581,0.15291844308376312
1781099347032751400,110.47275146484375,-0.13754801452159882,0.22879882156848907,0.15462259948253632
1781099347072871400,110.51287133789063,0.06517607718706131,0.012289157137274742,0.20571480691432953
1781099347112992500,110.55299243164062,0.038786277174949646,0.17209480702877045,-0.1376715749502182
1781099347153113300,110.59311328125,0.007952732034027576,0.06671245396137238,-0.06336139887571335
1781099347193234400,110.633234375,0.11990056931972504,0.16798873245716095,-0.12406308948993683
1781099347233355500,110.67335546875,0.06288042664527893,-0.02317402884364128,-0.0072962623089551926
1781099347273476400,110.71347631835937,-0.019102055579423904,-0.06027212738990784,-0.27391862869262695
1781099347313597400,110.75359741210937,-0.014543788507580757,-0.3012562394142151,0.1407344788312912
1781099347353717500,110.79371752929687,0.07285743206739426,0.30118033289909363,0.001514273346401751
1781099347393838300,110.83383837890625,0.008200671523809433,-0.3102201819419861,0.08656392246484756
1781099347433959400,110.87395947265625,0.05164162442088127,-0.08910590410232544,0.15422365069389343
1781099347474080500,110.91408056640626,0.06549112498760223,-0.11422990262508392,0.08365494757890701
1781099347514201300,110.95420141601562,0.1014091819524765,-0.14014485478401184,-0.017342770472168922
1781099347554322400,110.99432250976562,0.13182753324508667,0.0178168136626482,0.12773771584033966
1781099347594443500,111.03444360351563,0.001008272753097117,0.047082822769880295,-0.29870572686195374
1781099347634563300,111.07456323242188,0.05487656593322754,-0.18365691602230072,-0.18209923803806305
1781099347674684400,111.11468432617187,0.021163076162338257,0.10083739459514618,-0.009582586586475372
1781099347714805200,111.15480517578125,-0.03501417487859726,0.032457008957862854,-0.04580450803041458
1781099347754926300,111.19492626953125,-0.013368535786867142,-0.1186174601316452,-0.03514333814382553
1781099347795047400,111.23504736328125,0.017602695152163506,0.03418193757534027,-0.15769855678081512
1781099347835168300,111.27516821289062,0.09298480302095413,0.014096111990511417,-0.11158085614442825
1781099347875289300,111.31528930664062,0.038594797253608704,-0.053401704877614975,0.06602322310209274
1781099347915409700,111.35540966796874,0.04192374646663666,-0.1310403048992157,0.02063443884253502
1781099347955530500,111.39553051757812,-0.03610154613852501,-0.22831332683563232,-0.02827265113592148
1781099347995651600,111.43565161132813,-0.060991980135440826,-0.159223735332489,0.07426011562347412
1781099348035772700,111.47577270507813,0.06443944573402405,-0.020797157660126686,-0.10306273400783539
1781099348075893200,111.51589331054687,-0.008257131092250347,-0.1987711489200592,-0.12312805652618408
1781099348116014300,111.55601440429687,-0.02887985110282898,-0.16719937324523926,-0.057677943259477615
1781099348156134400,111.59613452148437,-0.01685434766113758,-0.16235215961933136,-0.11097631603479385
1781099348196255200,111.63625512695313,-0.021254954859614372,-0.10891290009021759,-0.014665761962532997
1781099348236376300,111.67637622070312,0.0031494542490690947,0.2363579422235489,-0.0232310201972723
1781099348276497400,111.71649731445312,-0.10565318912267685,-0.16397269070148468,-0.05278278887271881
1781099348316618200,111.7566181640625,0.02743455395102501,-0.07876911759376526,0.08030655980110168
1781099348356739300,111.7967392578125,-0.05976586043834686,-0.10567796230316162,-0.06754308938980103
1781099348396860400,111.8368603515625,0.02184564433991909,-0.09117837995290756,0.039496541023254395
1781099348436980200,111.87698022460937,-0.01206944603472948,0.10757466405630112,0.10340308398008347
1781099348477101300,111.91710131835937,0.15604712069034576,-0.2695387899875641,0.08863825350999832
1781099348517222100,111.95722216796875,-0.011679292656481266,-0.03581845015287399,-0.11101227253675461
1781099348557343200,111.99734326171875,-0.016713466495275497,-0.00253399764187634,0.2146156281232834
1781099348597464300,112.03746435546876,0.006748982705175877,0.08754822611808777,0.007511978503316641
1781099348637585200,112.07758520507812,-0.027998611330986023,-0.20605036616325378,-0.05670296028256416
1781099348677705200,112.11770532226562,0.04187607765197754,0.024411866441369057,0.14446130394935608
1781099348717826300,112.15782641601562,0.06658142060041428,0.19678710401058197,0.0033398703671991825
1781099348757947100,112.19794702148438,-0.13245230913162231,-0.19035503268241882,-0.0901394784450531
1781099348798068200,112.23806811523437,-0.03461070731282234,0.15564818680286407,0.18075139820575714
1781099348838189300,112.27818920898437,-0.01750149577856064,0.2909471392631531,-0.09848076850175858
1781099348878310100,112.31831005859375,-0.06487780064344406,-0.15785035490989685,-0.09770099073648453
1781099348918431200,112.35843115234375,-0.027183683589100838,0.20170888304710388,0.16941379010677338
1781099348958551300,112.39855126953125,-0.08760868012905121,0.020675716921687126,0.1154823899269104
1781099348998672100,112.43867211914062,-0.05067675933241844,0.06070196256041527,0.2144896537065506
1781099349038793200,112.47879321289062,-0.06031154468655586,-0.1514206826686859,0.008237689733505249
1781099349078914000,112.5189140625,0.05432635545730591,0.14498195052146912,-0.12431156635284424
1781099349119035000,112.55903491210937,-0.017299627885222435,0.3734332323074341,-0.26513659954071045
1781099349159156000,112.59915600585937,0.09805066883563995,0.034081537276506424,-0.06529804319143295
1781099349199277000,112.63927709960937,-0.003099386813119054,0.09600775688886642,-0.02743561938405037
1781099349239397000,112.67939721679687,-0.059232696890830994,-0.04941468685865402,-0.0679154023528099
1781099349279518200,112.71951831054687,-0.01083001121878624,-0.03196112811565399,0.2795429527759552
1781099349319639000,112.75963916015625,0.09533344209194183,-0.02707768976688385,-0.0843963697552681
1781099349359760100,112.79976000976562,0.06890929490327835,-0.0971987247467041,0.08064877241849899
1781099349399881200,112.83988110351562,0.18390564620494843,-0.1378478854894638,0.0863862857222557
1781099349440002300,112.88000219726563,0.03362693637609482,-0.046247921884059906,-0.22431379556655884
1781099349480122000,112.9201220703125,-0.13416072726249695,-0.18728280067443848,0.0979798287153244
1781099349520243200,112.9602431640625,-0.08745847642421722,-0.04328488931059837,0.04478797689080238
1781099349560364000,113.00036401367187,-0.11651063710451126,0.011737615801393986,0.026096049696207047
1781099349600485000,113.04048510742187,-0.10505983978509903,-0.39991331100463867,-0.10481110215187073
1781099349640606200,113.08060620117188,-0.1370350867509842,0.15985411405563354,0.24526488780975342
1781099349680727000,113.12072705078126,0.01835397258400917,0.1925894170999527,0.08948087692260742
1781099349720848100,113.16084814453124,0.08409836888313293,-0.14214888215065002,-0.40934038162231445
1781099349760968000,113.20096801757812,0.08839590847492218,0.1697421669960022,0.10846735537052155
1781099349801089000,113.24108911132812,0.1218193769454956,0.25950294733047485,0.06674307584762573
1781099349841210000,113.28121020507812,-0.05043867230415344,-0.18696428835391998,-0.16169755160808563
1781099349881331000,113.3213310546875,0.08327411860227585,-0.13590404391288757,0.07137298583984375
1781099349921452000,113.3614521484375,0.08495190739631653,0.15832039713859558,-0.134416401386261
1781099349961573000,113.40157299804687,-0.028674522414803505,0.09038156270980835,-0.1506664752960205
1781099350001693000,113.44169287109375,0.019167302176356316,0.0541045144200325,-0.16302168369293213
1781099350041814000,113.48181396484375,0.03527809679508209,0.07950414717197418,-0.13301397860050201
1781099350081935600,113.521935546875,0.02948225848376751,-0.10753870755434036,0.10685934126377106
1781099350122056400,113.56205639648438,0.028835110366344452,0.00022184131375979632,-0.05248664319515228
1781099350162177500,113.60217749023437,0.0049825082533061504,-0.005163602996617556,0.038455780595541
1781099350202298600,113.64229858398437,0.11988965421915054,0.009313873015344143,0.2194918692111969
1781099350242419500,113.68241943359375,0.08404909819364548,-0.06265805661678314,-0.09917265921831131
1781099350282539500,113.72253955078125,-0.03020104579627514,-0.15659600496292114,-0.027962924912571907
1781099350322660600,113.76266064453125,-0.02809741534292698,-0.06102553755044937,0.06911968439817429
1781099350362781400,113.80278149414063,-0.022892266511917114,0.19456921517848969,-0.06168466806411743
1781099350402902500,113.84290258789062,-0.0201052688062191,0.07985728234052658,0.04313069209456444
1781099350443023600,113.88302368164062,0.06928160041570663,-0.06230012699961662,-0.02382277511060238
1781099350483144400,113.92314453125,0.03135978803038597,0.08692477643489838,-0.11976475268602371
1781099350523264800,113.9632646484375,-0.023013707250356674,0.06451667845249176,0.08924812078475952
1781099350563385600,114.00338549804688,0.0038637141697108746,0.08963321149349213,0.07909268885850906
1781099350603506700,114.04350659179687,-0.007893609814345837,-0.003989947959780693,-0.17923766374588013
1781099350643627500,114.08362744140625,-0.05253564566373825,0.014301707968115807,-0.13192075490951538
1781099350683748600,114.12374853515625,-0.0639992207288742,0.060382384806871414,0.013129916973412037
1781099350723869400,114.16386938476562,-0.11867018789052963,0.08694528788328171,-0.0318727120757103
1781099350763989800,114.20398974609375,-0.10010077059268951,-0.015618907287716866,0.049736395478248596
1781099350804110600,114.24411059570312,-0.125767782330513,-0.023258185014128685,-0.0661502555012703
1781099350844231700,114.28423168945312,-0.01775316521525383,0.08179739117622375,-0.10964474081993103
1781099350884352800,114.32435278320312,-0.07073994725942612,0.10620739310979843,-0.02822284959256649
1781099350924473600,114.3644736328125,-0.05549867823719978,0.019785689190030098,0.1995253562927246
1781099350964594700,114.4045947265625,0.021317273378372192,0.006478938274085522,0.05746728926897049
1781099351004715800,114.4447158203125,0.025955967605113983,-0.18981361389160156,-0.1576242446899414
1781099351044835600,114.48483569335937,0.03858787193894386,-0.13303102552890778,0.0668991357088089
1781099351084956200,114.5249560546875,0.10016122460365295,0.1757478564977646,-0.09353234618902206
1781099351125077200,114.5650771484375,0.10284542292356491,0.14332972466945648,-0.07941439747810364
1781099351165198300,114.6051982421875,0.05975307896733284,-0.11830267310142517,-0.21549074351787567
1781099351205319200,114.64531909179688,-0.022004900500178337,-0.11150895059108734,0.03868401423096657
1781099351245440300,114.68544018554688,0.018489794805645943,0.1785987764596939,0.23099859058856964
1781099351285560000,114.72556005859374,0.04644499719142914,-0.21650807559490204,-0.16915494203567505
1781099351325681200,114.76568115234375,0.014622085727751255,-0.1409296840429306,0.02095028944313526
1781099351365802200,114.80580224609375,0.10329736024141312,0.042818035930395126,0.04833237826824188
1781099351405923000,114.84592309570313,0.06804882735013962,-0.04307157173752785,-0.0057620154693722725
1781099351446044200,114.88604418945313,-0.06783177703619003,-0.08334042876958847,-0.154422327876091
1781099351486165200,114.92616528320312,0.03768505901098251,-0.1721682995557785,0.037400901317596436
1781099351526286000,114.9662861328125,-0.08208794891834259,0.2707252502441406,-0.10671339929103851
1781099351566406100,115.00640625,0.048887915909290314,-0.12369424104690552,0.04494190961122513
1781099351606527200,115.04652734375,-0.021103687584400177,0.12384897470474243,0.03682725504040718
1781099351646648000,115.08664794921874,0.010300840251147747,-0.11482671648263931,-0.08941536396741867
1781099351686769200,115.12676904296875,-0.0860118493437767,-0.05624676123261452,0.02997148036956787
1781099351726890200,115.16689013671875,-0.014997058548033237,0.09444501250982285,0.13691337406635284
1781099351767011000,115.20701098632813,-0.03569834306836128,0.03062422201037407,0.03140506148338318
1781099351807131400,115.24713134765625,0.0178756695240736,-0.11832398176193237,-0.14806057512760162
1781099351847252200,115.28725219726563,-0.02166321687400341,-0.03092755563557148,-0.08348344266414642
1781099351887373300,115.32737329101562,-0.07069840282201767,0.14281494915485382,0.10730568319559097
1781099351927494400,115.36749438476562,-0.06830102950334549,0.08961856365203857,-0.001253017340786755
1781099351967615200,115.407615234375,0.008616391569375992,-0.020928185433149338,0.04910735785961151
1781099352007736300,115.447736328125,0.08631517738103867,-0.12984375655651093,-0.11905022710561752
1781099352047857400,115.487857421875,0.07173224538564682,0.006131129339337349,0.43810224533081055
1781099352087977000,115.52797705078125,0.019705262035131454,0.013519271276891232,0.211485356092453
1781099352128097800,115.56809790039063,0.05783906579017639,-0.40558186173439026,-0.043595414608716965
1781099352168219000,115.60821899414063,0.0059654805809259415,-0.08895357698202133,-0.0998658761382103
1781099352208340000,115.64834008789063,0.19568561017513275,0.021041635423898697,0.07818348705768585
1781099352248460800,115.68846069335937,-0.05348772555589676,0.4890035092830658,-0.4126003384590149
1781099352288582000,115.72858178710938,0.18210801482200623,-0.4322608709335327,-0.4477311670780182
1781099352328701700,115.76870166015625,-0.1059192419052124,0.09517312049865723,0.09322288632392883
1781099352368822800,115.80882275390626,-0.0716419592499733,0.510689914226532,0.1271749883890152
1781099352408943900,115.84894384765624,-0.08401527255773544,-0.350609689950943,-0.12726154923439026
1781099352449064700,115.88906469726562,0.007921572774648666,0.02564224600791931,0.20515847206115723
1781099352489185800,115.92918579101563,0.07735417783260345,0.13321290910243988,0.13387417793273926
1781099352529307000,115.96930688476563,0.08356732875108719,0.013013004325330257,-0.2819374203681946
1781099352569427700,116.009427734375,-0.12785223126411438,-0.20820966362953186,0.09313500672578812
1781099352609547800,116.0495478515625,0.039805203676223755,0.09759712964296341,0.2851332128047943
1781099352649668900,116.0896689453125,-0.13220037519931793,0.3250313401222229,-0.21928441524505615
1781099352689789700,116.12978979492188,-0.06494065374135971,-0.3909509778022766,-0.13368695974349976
1781099352729910800,116.16991088867188,0.019841615110635757,0.017001885920763016,0.10377246886491776
1781099352770031900,116.21003198242188,-0.09142791479825974,0.29493576288223267,0.11004287749528885
1781099352810152700,116.25015258789062,-0.03603922575712204,-0.08635059744119644,-0.2953658699989319
1781099352850272800,116.29027270507812,-0.055089350789785385,-0.1994348168373108,-0.06173127517104149
1781099352890393900,116.33039379882813,-0.05548616126179695,0.1947343349456787,0.17807891964912415
1781099352930514700,116.3705146484375,-0.06895723193883896,0.09773082286119461,-0.06559152901172638
1781099352970635800,116.4106357421875,0.05657752603292465,-0.2774489223957062,0.25413399934768677
1781099353010756600,116.45075659179687,-0.05204615741968155,-0.09932765364646912,-0.09762109816074371
1781099353050877700,116.49087768554688,0.134041428565979,-0.053465623408555984,0.05259663239121437
1781099353090999600,116.53099951171875,0.030700920149683952,-0.12590306997299194,0.004888498689979315
1781099353131119600,116.57111962890625,0.002088717184960842,-0.009247826412320137,0.05433594435453415
1781099353171240400,116.61124047851563,0.053950849920511246,0.3258582651615143,0.047856736928224564
1781099353211361500,116.65136157226563,0.0322737842798233,-0.18739385902881622,-0.24212634563446045
1781099353251482400,116.691482421875,0.021379057317972183,-0.31021538376808167,0.10753870755434036
1781099353291603500,116.731603515625,0.03315901756286621,0.32330429553985596,0.1502709984779358
1781099353331724300,116.77172436523438,-0.0518014132976532,-0.013605557382106781,-0.13551361858844757
1781099353371844600,116.8118447265625,0.013799701817333698,-0.2287072092294693,-0.11280325055122375
1781099353411965700,116.85196557617188,0.15263774991035461,0.09378854185342789,0.024569524452090263
1781099353452086500,116.89208642578124,0.05980208143591881,0.028263861313462257,-0.25214463472366333
1781099353492207600,116.93220751953125,0.0030386666767299175,-0.13501746952533722,0.14773859083652496
1781099353532328700,116.97232861328125,0.008773251436650753,0.09060367196798325,0.13024163246154785
1781099353572449500,117.01244946289063,-0.0733698233962059,-0.13275805115699768,-0.14399471879005432
1781099353612570600,117.05257055664063,-0.04977341368794441,0.03349803760647774,0.10098600387573242
1781099353652690400,117.0926904296875,-0.030309969559311867,0.08191537111997604,-0.09814254194498062
1781099353692811500,117.1328115234375,-0.1698146015405655,-0.1579398363828659,-0.40042757987976074
1781099353732932600,117.1729326171875,-0.12342473119497299,0.07993318140506744,-0.3504893183708191
1781099353773053400,117.21305346679688,-0.060010071843862534,0.6031090617179871,-0.5673267841339111
1781099353813174500,117.25317456054688,-0.0766870528459549,0.14847815036773682,-0.2913018763065338
1781099353853295600,117.29329565429687,0.0309256911277771,0.17547674477100372,-0.33970242738723755
1781099353893415400,117.33341552734375,0.07727827876806259,0.38307681679725647,-0.24910010397434235
1781099353933536500,117.37353662109375,0.021934593096375465,-0.3392089605331421,0.06846427917480469
1781099353973657600,117.41365771484375,-0.09886692464351654,-0.08400356024503708,0.6869029998779297
1781099354013778400,117.4537783203125,0.08634980022907257,-0.06502693891525269,0.5730739235877991
1781099354053899500,117.4938994140625,0.1771622598171234,-0.20063935220241547,0.3050006628036499
1781099354094019800,117.53401977539062,0.3087751567363739,-0.5547420382499695,0.3402926027774811
1781099354134140000,117.57413989257813,0.19148021936416626,-0.26926714181900024,0.815385639667511
1781099354174260700,117.6142607421875,0.21830250322818756,0.0965971127152443,0.810536801815033
1781099354214381800,117.6543818359375,0.32297325134277344,-0.2036689668893814,0.3835527300834656
1781099354254502700,117.69450268554688,0.21410296857357025,-0.2611258625984192,0.03014218993484974
1781099354294623700,117.73462377929687,0.22788003087043762,-0.1217069923877716,0.3329870104789734
1781099354334744800,117.77474487304687,0.07849480956792831,-0.02888677641749382,0.41841429471969604
1781099354374865700,117.81486572265625,0.03886350989341736,0.08139552175998688,-0.10132049769163132
1781099354414986000,117.85498608398437,0.11808429658412933,-0.085747130215168,-0.2940201759338379
1781099354455106800,117.89510693359375,0.12458400428295135,0.4236772358417511,-0.8779571056365967
1781099354495228000,117.93522778320313,0.2676234543323517,0.06959212571382523,-0.8684086203575134
1781099354535349000,117.97534887695312,0.13818050920963287,0.1468685418367386,-0.7917471528053284
1781099354575469800,118.0154697265625,0.07477730512619019,-0.07234396785497665,-0.20251183211803436
1781099354615591000,118.0555908203125,-0.11192972958087921,0.20083297789096832,-0.21622072160243988
1781099354655711000,118.0957109375,-0.15744341909885406,-0.16629762947559357,-0.35403984785079956
1781099354695831800,118.13583178710938,0.04824742302298546,0.2897138297557831,0.031020766124129295
1781099354735953000,118.17595288085937,-0.060997575521469116,0.23413100838661194,-0.11642301827669144
1781099354776074000,118.21607397460937,-0.10485424101352692,-0.19774530827999115,0.253745973110199
1781099354816194800,118.25619482421875,-0.19076675176620483,-0.04453497752547264,0.3207146227359772
1781099354856316000,118.29631591796876,-0.1741507649421692,-0.04640638083219528,0.2382647693157196
1781099354896437000,118.33643701171874,-0.06522880494594574,-0.08585791289806366,0.07187392562627792
1781099354936556800,118.37655688476562,0.044375188648700714,0.07227366417646408,-0.04575337469577789
1781099354976678000,118.41667797851562,0.013523532077670097,0.1271614134311676,-0.1279020458459854
1781099355016798700,118.456798828125,0.04917846620082855,-0.029448170214891434,-0.08800043165683746
1781099355056920800,118.4969208984375,-0.03398140147328377,-0.04677895829081535,-0.11471566557884216
1781099355097042000,118.5370419921875,-0.10215219855308533,-0.11237820982933044,0.04031306877732277
1781099355137162800,118.57716284179688,-0.06602269411087036,0.028258269652724266,-0.04732011258602142
1781099355177282800,118.61728271484375,0.023425165563821793,0.00808935146778822,-0.1132274866104126
1781099355217403600,118.65740356445312,0.061523813754320145,0.040057405829429626,-0.09762775897979736
1781099355257524700,118.69752465820312,0.05133349448442459,-0.008304002694785595,0.050385408103466034
1781099355297645800,118.73764575195312,0.003918575122952461,0.02215270698070526,0.06971250474452972
1781099355337766700,118.7777666015625,-0.04645191878080368,-0.09645596891641617,0.029350697994232178
1781099355377887700,118.8178876953125,-0.0034738273825496435,-0.0823577269911766,0.037992123514413834
1781099355418008800,118.8580087890625,0.04313388839364052,-0.0027806065045297146,0.008950085379183292
1781099355458128600,118.89812866210937,0.021131116896867752,-0.020840566605329514,0.011314972303807735
1781099355498249700,118.93824975585937,0.03157922998070717,-0.16449519991874695,-0.0070555126294493675
1781099355538370800,118.97837084960938,-0.19223415851593018,-0.029872944578528404,-0.07470379769802094
1781099355578491600,119.01849169921876,0.10815896093845367,0.008264588192105293,0.3597520589828491
1781099355618612700,119.05861279296874,-0.10415036976337433,0.5875353813171387,-0.43579035997390747
1781099355658733800,119.09873388671875,-0.041842520236968994,-0.5677886009216309,0.07308220118284225
1781099355698853600,119.138853515625,-0.30210793018341064,0.41081923246383667,0.26271897554397583
1781099355738974700,119.178974609375,-0.20911221206188202,0.21902741491794586,0.22467705607414246
1781099355779095600,119.21909545898437,-0.18061691522598267,-0.18579304218292236,-0.034335069358348846
1781099355819216600,119.25921655273437,0.005604089703410864,0.04878218472003937,0.02118811011314392
1781099355859337700,119.29933764648437,0.10759809613227844,0.1767774373292923,-0.02527952380478382
1781099355899458600,119.33945849609376,0.046359509229660034,-0.05451783537864685,0.021947110071778297
1781099355939579000,119.37957885742188,0.05560387298464775,0.04719148203730583,-0.07108509540557861
1781099355979700000,119.41969995117188,-0.07562045753002167,-0.04602501541376114,-0.07926632463932037
1781099356019820800,119.45982080078124,-0.0019020296167582273,0.039749275892972946,0.10607264190912247
1781099356059941400,119.49994140625,-0.022048844024538994,0.04875821992754936,-0.18147684633731842
1781099356100062500,119.5400625,-0.06199998781085014,0.017671937122941017,-0.13160249590873718
1781099356140183600,119.58018359375,-0.040828920900821686,0.0712033361196518,0.012940033338963985
1781099356180304400,119.62030444335937,-0.07494694739580154,-0.018639197573065758,0.0032924660481512547
1781099356220424400,119.66042456054687,-0.0571567639708519,-0.08069724589586258,-0.04553552716970444
1781099356260545300,119.70054516601563,-0.04219752177596092,-0.01810443587601185,-0.03454466164112091
1781099356300666400,119.74066625976562,-0.015246863476932049,0.0727975070476532,-0.01889273151755333
1781099356340787500,119.78078735351562,-0.02028796076774597,0.05137130990624428,-0.0057196710258722305
1781099356380908300,119.820908203125,0.007092530373483896,0.004284227266907692,-0.0018551580142229795
1781099356421029400,119.861029296875,-0.003727360162883997,-0.01173069141805172,-0.1449316293001175
1781099356461149200,119.90114916992188,-0.0016373114194720984,0.052895437926054,-0.18092744052410126
1781099356501270300,119.94127026367188,-0.03459366410970688,0.07932012528181076,-0.11402164399623871
1781099356541391400,119.98139135742187,-0.01076662726700306,-0.16237479448318481,0.08225812017917633
1781099356581512400,120.02151245117187,0.033238913863897324,-0.25246819853782654,0.2011517584323883
1781099356621633300,120.06163330078125,0.02786891534924507,-0.14534920454025269,0.1627226024866104
1781099356661754400,120.10175439453126,0.005686914082616568,-0.14981506764888763,-0.024478711187839508
1781099356701875500,120.14187548828124,-0.021436050534248352,-0.11395000666379929,0.0625414103269577
1781099356741995300,120.18199536132812,-0.045012217015028,0.03026549331843853,0.10979840159416199
1781099356782116400,120.22211645507812,-0.1235557571053505,-0.07469900697469711,0.012942430563271046
1781099356822237200,120.2622373046875,-0.19172336161136627,-0.12806156277656555,0.028430841863155365
1781099356862358300,120.30235815429687,-0.11361604183912277,-0.035574771463871,0.15006139874458313
1781099356902479400,120.34247924804687,-0.04309287667274475,-0.036665868014097214,-0.008097074925899506
1781099356942600200,120.38260009765625,-0.06890955567359924,-0.08506429195404053,-0.17829357087612152
1781099356982720300,120.42272021484375,-0.0987236499786377,-0.16806410253047943,-0.036980386823415756
1781099357022841300,120.46284130859375,-0.06755880266427994,-0.12117942422628403,0.2178519070148468
1781099357062962700,120.50296264648438,-0.14613111317157745,0.006365221459418535,0.06516755372285843
1781099357103083800,120.54308374023438,-0.27959543466567993,0.005840045865625143,-0.2381846010684967
1781099357143204900,120.58320483398437,-0.21832753717899323,-0.2419375330209732,0.022064289078116417
1781099357183325700,120.62332568359375,-0.10308697074651718,0.06861421465873718,0.06878066062927246
1781099357223446800,120.66344677734375,-0.019266372546553612,0.11742329597473145,-0.008219047449529171
1781099357263566800,120.70356689453125,-0.013912353664636612,-0.20387989282608032,-0.09094028919935226
1781099357303688000,120.74368798828125,-0.06743070483207703,-0.10254555195569992,0.11948192119598389
1781099357343808800,120.78380883789063,-0.05993177741765976,0.06239866465330124,0.16643451154232025
1781099357383929900,120.82392993164062,-0.08298330008983612,-0.05417961627244949,0.10896988958120346
1781099357424050700,120.86405078125,-0.05289410799741745,-0.13278228044509888,0.06899158656597137
1781099357464171800,120.904171875,-0.10637810826301575,-0.0674847662448883,-0.07956220209598541
1781099357504291800,120.94429174804688,-0.0972791463136673,-0.04604818671941757,0.04838937148451805
1781099357544413000,120.98441284179688,-0.0388917401432991,-0.008796154521405697,0.0026314693968743086
1781099357584534000,121.02453393554687,-0.08743530511856079,0.006101301871240139,-0.11276330053806305
1781099357624654800,121.06465478515625,-0.09246362000703812,0.03663257881999016,-0.08815622329711914
1781099357664776000,121.10477587890625,-0.0608215406537056,0.07213810831308365,-0.18193358182907104
1781099357704897000,121.14489697265626,-0.05884493887424469,-0.03471536934375763,-0.09273713082075119
1781099357745017900,121.18501782226562,-0.0983033999800682,-0.049438390880823135,-0.06024150177836418
1781099357785138000,121.22513793945312,-0.07987964898347855,-0.12584874033927917,0.05038008466362953
1781099357825258800,121.2652587890625,-0.1174965351819992,-0.10960612446069717,-0.010793525725603104
1781099357865379800,121.3053798828125,-0.046905722469091415,-0.13191862404346466,0.10204221308231354
1781099357905501000,121.3455009765625,-0.018319617956876755,-0.14427994191646576,-0.01901124231517315
1781099357945621800,121.38562182617187,-0.07223770767450333,-0.09318587183952332,0.02689126878976822
1781099357985742800,121.42574291992187,-0.11955862492322922,-0.15849563479423523,0.07964316010475159
1781099358025863000,121.46586279296875,-0.1347580850124359,-0.18987326323986053,0.06731139868497849
1781099358065983700,121.50598364257813,-0.20621629059314728,-0.116399846971035,-0.11927313357591629
1781099358106104800,121.54610473632812,-0.18302175402641296,-0.23424285650253296,-0.012410863302648067
1781099358146226000,121.58622583007812,-0.24587474763393402,-0.11484482884407043,0.0008679241873323917
1781099358186346800,121.6263466796875,-0.28680381178855896,-0.1701890379190445,0.11943158507347107
1781099358226467800,121.6664677734375,-0.4339301288127899,-0.09623492509126663,0.14107483625411987
1781099358266587600,121.70658764648438,-0.45779818296432495,-0.18160387873649597,0.19273295998573303
1781099358306708700,121.74670874023437,-0.499227911233902,-0.1322062462568283,0.10611391812562943
1781099358346829800,121.78682983398437,-0.4191988706588745,-0.09351370483636856,0.08760308474302292
1781099358386950700,121.82695068359375,-0.4194071292877197,0.002130528911948204,0.050885818898677826
1781099358427071700,121.86707177734375,-0.3466591536998749,-0.09054002165794373,0.06852473318576813
1781099358467192800,121.90719287109376,-0.316125750541687,-0.04433231055736542,0.0753948912024498
1781099358507313700,121.94731372070312,-0.2904722988605499,-0.03580326959490776,0.04189019277691841
1781099358547433700,121.98743383789062,-0.3178490698337555,-0.022656310349702835,0.10082834213972092
1781099358587554800,122.02755493164062,-0.41502782702445984,0.029759492725133896,0.21172316372394562
1781099358627675600,122.06767553710938,-0.5053398609161377,-0.07450752705335617,0.23654942214488983
1781099358667796700,122.10779663085937,-0.4799559414386749,-0.11795992404222488,0.3257125914096832
1781099358707917800,122.14791772460937,-0.5502586364746094,-0.12759017944335938,0.24547527730464935
1781099358748038700,122.18803857421875,-0.42824429273605347,0.001121723442338407,0.18305423855781555
1781099358788159700,122.22815966796875,-0.28407591581344604,0.0009824400767683983,0.1320009082555771
1781099358828279800,122.26827978515625,-0.2158673107624054,0.028056934475898743,0.09319465607404709
1781099358868401000,122.30840087890626,-0.1515655517578125,0.07999443262815475,0.09286496043205261
1781099358908522000,122.34852197265624,-0.1820875108242035,0.04068005084991455,0.0918167382478714
1781099358948642800,122.38864282226562,-0.13913258910179138,0.1023721769452095,0.22561049461364746
1781099358988764000,122.42876391601563,-0.1376529335975647,0.027216972783207893,0.10932862013578415
1781099359028885000,122.46888500976563,-0.15048564970493317,0.07606787234544754,0.14866989850997925
1781099359069003800,122.50900366210938,-0.21050423383712769,0.1186496838927269,0.17827999591827393
1781099359109124600,122.54912451171874,-0.2703598439693451,0.06289214640855789,0.15594592690467834
1781099359149245700,122.58924560546875,-0.2520783245563507,0.04646417126059532,0.21902954578399658
1781099359189366800,122.62936669921875,-0.1413603276014328,0.0008306399104185402,0.03467408940196037
1781099359229487600,122.66948754882813,-0.030646858736872673,-0.001981391804292798,0.017409883439540863
1781099359269608700,122.70960864257812,0.048102013766765594,0.15013889968395233,0.06316618621349335
1781099359309729800,122.74972973632812,0.0062491074204444885,0.05151219293475151,0.1105227842926979
1781099359349849600,122.789849609375,0.011272361502051353,0.05215374752879143,0.22285598516464233
1781099359389970700,122.829970703125,0.031210117042064667,0.060274526476860046,0.17589139938354492
1781099359430091800,122.870091796875,-0.017890317365527153,0.1838523894548416,0.09440932422876358
1781099359470212600,122.91021264648438,-0.038837675005197525,0.2040386199951172,0.053712498396635056
1781099359510333700,122.95033374023437,-0.1064915582537651,0.17476195096969604,0.15227076411247253
1781099359550454800,122.99045483398437,-0.1467984914779663,0.17693109810352325,0.1707637459039688
1781099359590575600,123.03057568359375,-0.10523081570863724,0.19179260730743408,0.1830371916294098
1781099359630696000,123.07069604492187,-0.06969332695007324,0.28061622381210327,0.015419969335198402
1781099359670816800,123.11081665039063,-0.010105897672474384,0.31559017300605774,-0.06705360114574432
1781099359710937900,123.15093774414062,0.06841634213924408,0.44416892528533936,-0.047559261322021484
1781099359751059000,123.19105883789062,0.13301371037960052,0.4509509205818176,0.01218689139932394
1781099359791179800,123.2311796875,0.02015267312526703,0.2867896854877472,0.184441477060318
1781099359831300600,123.27130053710937,0.046249788254499435,0.012732040137052536,0.23368918895721436
1781099359871421700,123.31142163085937,0.16250662505626678,-0.06934259086847305,0.11208952218294144
1781099359911541800,123.35154174804687,0.2983344793319702,0.2641637325286865,0.1302347034215927
1781099359951662800,123.39166284179687,0.47478702664375305,0.440420001745224,-0.11665897071361542
1781099359991784000,123.43178393554687,0.45026251673698425,0.48409876227378845,-0.3521684408187866
1781099360031904800,123.47190478515626,0.46165019273757935,0.39490124583244324,-0.330064982175827
1781099360072026000,123.51202612304688,0.3991931974887848,0.16599562764167786,-0.3213527202606201
1781099360112147200,123.55214721679687,0.37728577852249146,0.32734110951423645,-0.18752115964889526
1781099360152268300,123.59226831054687,0.34889939427375793,0.4198681116104126,-0.28700754046440125
1781099360192389000,123.63238916015625,0.4402117431163788,0.3601358234882355,-0.32660260796546936
1781099360232509200,123.67250927734375,0.40466466546058655,0.20679472386837006,-0.26220420002937317
1781099360272630000,123.71263012695313,0.436049222946167,0.19527707993984222,-0.31509724259376526
1781099360312751000,123.75275122070312,0.3853335678577423,0.3028815686702728,-0.20812922716140747
1781099360352872200,123.7928720703125,0.40632328391075134,0.3500722646713257,-0.21781888604164124
1781099360392993000,123.83299291992188,0.2941807508468628,0.2259037047624588,-0.22704699635505676
1781099360433114000,123.87311401367188,0.35176920890808105,0.19653809070587158,-0.2457360029220581
1781099360473235200,123.91323510742187,0.39933568239212036,0.15547454357147217,-0.21570086479187012
1781099360513355000,123.95335498046875,0.3991820216178894,0.044740039855241776,-0.3150583505630493
1781099360553476000,123.99347607421875,0.3800344169139862,0.046131011098623276,-0.3907136917114258
1781099360593597200,124.03359716796875,0.36231374740600586,0.0742633119225502,-0.38356390595436096
1781099360633718000,124.07371801757813,0.3438628315925598,0.0645102858543396,-0.2910805642604828
1781099360673839000,124.11383911132812,0.34642425179481506,-0.001139300293289125,-0.36566054821014404
1781099360713960200,124.15396020507812,0.31333795189857483,0.1053791493177414,-0.3828839957714081
1781099360754081000,124.1940810546875,0.29067444801330566,0.044549357146024704,-0.35422492027282715
1781099360794201000,124.234201171875,0.3270074129104614,-0.04779175668954849,-0.39460882544517517
1781099360834322000,124.27432202148438,0.254111647605896,-0.05371809005737305,-0.3619377017021179
1781099360874443000,124.31444311523437,0.22254972159862518,-0.0963723435997963,-0.3733019530773163
1781099360914564000,124.35456420898437,0.22949683666229248,-0.1862255334854126,-0.31328120827674866
1781099360954685000,124.39468481445313,0.21957390010356903,-0.18216021358966827,-0.37245771288871765
1781099360994806000,124.43480590820313,0.17658782005310059,-0.128587007522583,-0.37757524847984314
1781099361034927000,124.47492700195312,0.13902845978736877,-0.21554453670978546,-0.28423359990119934
1781099361075047400,124.51504736328125,0.10827294737100601,-0.270851731300354,-0.2710895538330078
1781099361115168500,124.55516845703124,0.07939335703849792,-0.2103460431098938,-0.21132636070251465
1781099361155289600,124.59528955078125,0.00210629403591156,-0.2138686180114746,-0.1174003928899765
1781099361195410400,124.63541040039063,0.04941495507955551,-0.2211579531431198,-0.1815602034330368
1781099361235531500,124.67553149414063,-0.023983895778656006,-0.29426705837249756,-0.12366201728582382
1781099361275652600,124.71565258789063,-0.0842730700969696,-0.3573794364929199,-0.054128214716911316
1781099361315773400,124.7557734375,-0.12172537297010422,-0.32790064811706543,-0.09289052337408066
1781099361355893500,124.7958935546875,-0.1434498429298401,-0.28546956181526184,-0.053289055824279785
1781099361396014600,124.8360146484375,-0.21653737127780914,-0.2151155024766922,-0.02646542899310589
1781099361436135400,124.87613549804688,-0.18179430067539215,-0.14802275598049164,-0.0025899240281432867
1781099361476256500,124.91625659179688,-0.1938653439283371,-0.18176686763763428,0.02280278317630291
1781099361516377600,124.95637768554687,-0.19265121221542358,-0.12300288677215576,0.01943921111524105
1781099361556498400,124.99649853515625,-0.24339480698108673,-0.2567196786403656,0.04909217730164528
1781099361596619500,125.03661962890625,-0.27469414472579956,-0.013420733623206615,0.18300311267375946
1781099361636739600,125.07673950195313,-0.29635655879974365,-0.13994964957237244,0.1269608736038208
1781099361676860700,125.11686059570313,-0.3094918131828308,-0.05663798004388809,0.16621613502502441
1781099361716981800,125.15698168945312,-0.24445980787277222,-0.03419232368469238,0.18779493868350983
1781099361757102600,125.1971025390625,-0.18125180900096893,-0.011811652220785618,0.12425324320793152
1781099361797223700,125.2372236328125,-0.13206136226654053,0.08211830258369446,0.16367441415786743
1781099361837344800,125.2773447265625,-0.1240612268447876,0.043964263051748276,0.15825141966342926
1781099361877465600,125.31746557617187,-0.0876355767250061,-0.025555960834026337,0.16689631342887878
1781099361917585700,125.35758569335937,-0.007652859669178724,0.000055926382628967986,0.11319579929113388
1781099361957706800,125.39770678710937,-0.09577179700136185,0.02660391293466091,0.15885649621486664
1781099361997827600,125.43782763671875,-0.0812583714723587,0.013715012930333614,0.14058667421340942
1781099362037948700,125.47794873046875,-0.11633939296007156,0.026971962302923203,0.1601550430059433
1781099362078069800,125.51806982421876,-0.04932094365358353,0.09294219315052032,0.02190290205180645
1781099362118190600,125.55819067382812,-0.09231661260128021,0.07952571660280228,-0.033257290720939636
1781099362158311700,125.59831176757812,-0.051838431507349014,0.24257588386535645,-0.008296545594930649
1781099362198431500,125.63843139648438,-0.04799788445234299,0.27347972989082336,-0.00842917151749134
1781099362238552600,125.67855249023438,-0.13619805872440338,0.25177550315856934,0.12322579324245453
1781099362278673700,125.71867358398437,-0.09070486575365067,0.22962307929992676,-0.00980309583246708
1781099362318794500,125.75879443359375,-0.10517595708370209,0.17939665913581848,0.21115244925022125
1781099362358915600,125.79891552734375,-0.07814300805330276,0.33158352971076965,0.2530703544616699
1781099362399036700,125.83903662109375,0.028740568086504936,0.30903854966163635,0.06021673604846001
1781099362439157500,125.87915747070312,0.015237010084092617,0.06761553138494492,0.2096640169620514
1781099362479277600,125.91927758789062,0.07758080959320068,0.21904392540454865,0.20803895592689514
1781099362519398700,125.95939868164062,0.011505921371281147,0.1427779197692871,0.18816004693508148
1781099362559519500,125.99951953125,0.03981665521860123,0.08984626829624176,0.25076964497566223
1781099362599640600,126.039640625,0.07791396975517273,0.07030132412910461,0.28999772667884827
1781099362639761700,126.07976171875,0.147547647356987,0.14870665967464447,0.1462179273366928
1781099362679882500,126.11988256835937,0.22379794716835022,0.2526223957538605,0.014140053652226925
1781099362720003600,126.16000366210938,0.22845980525016785,-0.026088058948516846,-0.11095927655696869
1781099362760123400,126.20012329101563,0.2519896328449249,0.1305857002735138,-0.08088339865207672
1781099362800244500,126.24024438476563,0.23333658277988434,0.19544939696788788,-0.14742061495780945
1781099362840365600,126.28036547851562,0.21403159201145172,0.14027348160743713,-0.27059128880500793
1781099362880486400,126.320486328125,0.1719704270362854,0.056702692061662674,-0.005450691562145948
1781099362920607500,126.360607421875,0.12265720963478088,0.21485450863838196,0.017645306885242462
1781099362960728600,126.400728515625,0.08617829531431198,0.08759456127882004,-0.1619737297296524
1781099363000849400,126.44084936523437,0.13928519189357758,0.043357592076063156,-0.038300249725580215
1781099363040969700,126.4809697265625,0.1075429692864418,0.11825606971979141,-0.11708933860063553
1781099363081090300,126.52109033203125,0.199774369597435,0.045531533658504486,0.0051870387978851795
1781099363121211100,126.56121118164063,0.2668423354625702,0.04839549586176872,-0.10824977606534958
1781099363161332200,126.60133227539062,0.20401278138160706,-0.08056195080280304,-0.0161209125071764
1781099363201453300,126.64145336914062,0.028621258214116096,-0.13416419923305511,-0.22629332542419434
1781099363241574100,126.68157421875,0.23238876461982727,-0.13154524564743042,0.05675835534930229
1781099363281695200,126.7216953125,0.14496225118637085,0.3274140954017639,0.06603041291236877
1781099363321816300,126.76181640625,0.12638190388679504,0.1696135252714157,-0.45532169938087463
1781099363361936100,126.80193603515625,0.15457093715667725,-0.005364139098674059,-0.2619522511959076
1781099363402057200,126.84205712890625,0.026671824976801872,0.10096815973520279,-0.010385262779891491
1781099363442178000,126.88217797851563,0.12013279646635056,-0.0924372524023056,0.08330900222063065
1781099363482299100,126.92229907226563,-0.017186976969242096,0.04078391566872597,-0.2031579166650772
1781099363522420200,126.96242016601562,0.03819825127720833,-0.10660739988088608,-0.24165204167366028
1781099363562541000,127.002541015625,0.019812854006886482,-0.11649518460035324,0.0073021212592720985
1781099363602662100,127.042662109375,0.19654127955436707,-0.08374123275279999,-0.18319885432720184
1781099363642782200,127.0827822265625,0.2422291487455368,-0.039505332708358765,-0.3290066421031952
1781099363682903000,127.12290307617188,0.2298710197210312,-0.11691410094499588,-0.39235180616378784
1781099363723024100,127.16302416992187,0.1706676185131073,-0.1968720555305481,-0.2840580940246582
1781099363763145200,127.20314526367187,0.15843650698661804,-0.19191297888755798,-0.3410246968269348
1781099363803266000,127.24326611328125,0.13697436451911926,-0.17399922013282776,-0.3519223630428314
1781099363843387100,127.28338720703125,0.090110182762146,-0.26552674174308777,-0.1926666498184204
1781099363883508200,127.32350830078126,0.030885212123394012,-0.2047307789325714,-0.18180468678474426
1781099363923628000,127.3636279296875,-0.039145272225141525,-0.3771834969520569,-0.14006735384464264
1781099363963749000,127.4037490234375,-0.05692240595817566,-0.3970741331577301,-0.16503769159317017
1781099364003870000,127.44386987304688,-0.17073552310466766,-0.13477273285388947,0.01731960102915764
1781099364043991000,127.48399096679688,-0.15101082623004913,-0.12089419364929199,0.016092151403427124
1781099364084112000,127.52411181640625,-0.11081413179636002,-0.22211109101772308,-0.04802664741873741
1781099364124233000,127.56423291015625,-0.19992695748806,-0.11831439286470413,-0.1021689772605896
1781099364164353800,127.60435375976563,-0.20746983587741852,-0.16011057794094086,0.0365726575255394
1781099364204473900,127.64447387695313,-0.15186703205108643,-0.08057979494333267,0.14259949326515198
1781099364244595000,127.68459497070313,-0.10023046284914017,-0.03886430710554123,0.04388410225510597
1781099364284715800,127.7247158203125,-0.1801772266626358,-0.27750006318092346,-0.038365766406059265
1781099364324836900,127.7648369140625,-0.12553368508815765,-0.11902438849210739,-0.1079067587852478
1781099364364958000,127.8049580078125,-0.1812552809715271,-0.05618683993816376,0.03560113534331322
1781099364405078800,127.84507885742188,-0.11802969872951508,0.2470441460609436,-0.08474045246839523
1781099364445200000,127.88519995117187,-0.0340607650578022,-0.07821278274059296,-0.13536128401756287
1781099364485320000,127.92531982421875,-0.09856465458869934,-0.1287688910961151,-0.0985364243388176
1781099364525441000,127.96544091796875,-0.09676223248243332,-0.22730958461761475,0.06849809736013412
1781099364565562000,128.00556201171875,-0.10405422747135162,-0.012783173471689224,0.12220527231693268
1781099364605683000,128.04568286132812,-0.09496832638978958,-0.16284270584583282,0.05253830924630165
1781099364645804000,128.08580395507812,-0.047676973044872284,-0.26947808265686035,-0.0025475798174738884
1781099364685925000,128.12592504882812,-0.14603044092655182,-0.3479052484035492,0.003621100215241313
1781099364726046000,128.1660458984375,-0.016030631959438324,-0.11617320775985718,-0.15254586935043335
1781099364766166000,128.206166015625,-0.11478250473737717,-0.2301248162984848,-0.09769167006015778
1781099364806287000,128.246287109375,-0.18904928863048553,-0.15810255706310272,-0.19963295757770538
1781099364846408000,128.28640795898437,-0.16948649287223816,-0.07512351125478745,-0.12358532100915909
1781099364886529000,128.32652905273437,-0.2149980515241623,-0.15618188679218292,-0.06363996118307114
1781099364926650000,128.36665014648437,-0.21932995319366455,-0.1345929652452469,-0.13122539222240448
1781099364966771000,128.40677099609374,-0.2804367244243622,-0.31255099177360535,0.07005658000707626
1781099365006892000,128.44689208984374,-0.2518487572669983,-0.11275264620780945,0.01991378702223301
1781099365047013000,128.48701318359375,-0.24962900578975677,-0.10863486677408218,0.1486603170633316
1781099365087133700,128.5271337890625,-0.34795132279396057,-0.2705971300601959,0.07354319095611572
1781099365127254500,128.56725463867187,-0.31395313143730164,-0.17673535645008087,-0.04970470443367958
1781099365167375600,128.60737573242187,-0.3164953887462616,-0.06449802964925766,0.06148466467857361
1781099365207496700,128.64749658203124,-0.2449580878019333,0.22520914673805237,0.13170263171195984
1781099365247617500,128.68761743164063,-0.2941565215587616,-0.0699191614985466,-0.044433243572711945
1781099365287738600,128.72773852539063,-0.25245967507362366,-0.1810518056154251,-0.047146473079919815
1781099365327859700,128.76785961914064,-0.19999301433563232,-0.021760689094662666,0.2495669573545456
1781099365367979500,128.8079794921875,-0.24084404110908508,0.07745910435914993,0.12343645095825195
1781099365408100600,128.8481005859375,-0.2149493247270584,-0.12049312144517899,-0.006485596299171448
1781099365448221700,128.8882216796875,-0.25122955441474915,0.023686420172452927,0.12236106395721436
1781099365488342500,128.92834252929688,-0.19343045353889465,0.09100367873907089,0.044253215193748474
1781099365528463600,128.9684636230469,-0.23364657163619995,-0.002037051832303405,-0.033128127455711365
1781099365568584700,129.00858471679686,-0.2789086103439331,-0.03431855887174606,0.09506073594093323
1781099365608705500,129.04870556640626,-0.19221018254756927,0.13996882736682892,-0.01064971461892128
1781099365648826600,129.08882666015626,-0.21025656163692474,0.1306336373090744,-0.059305399656295776
1781099365688946400,129.12894653320313,-0.1955346167087555,0.059066783636808395,-0.0567929744720459
1781099365729067500,129.16906762695314,-0.20949463546276093,0.04890549182891846,0.19680067896842957
1781099365769188600,129.20918872070314,-0.16658525168895721,0.0906662568449974,0.10803192853927612
1781099365809309400,129.24930932617187,-0.17808105051517487,-0.15008963644504547,0.15074370801448822
1781099365849430500,129.28943041992187,-0.1470877230167389,-0.016623185947537422,0.16267865896224976
1781099365889551600,129.32955151367187,-0.18855153024196625,0.2497941255569458,0.1387794464826584
1781099365929672400,129.36967236328124,-0.19704169034957886,0.24318628013134003,0.3189244568347931
1781099365969793500,129.40979345703124,-0.1462554782629013,0.13083790242671967,0.04319700598716736
1781099366009913600,129.44991357421875,-0.23282605409622192,-0.12690654397010803,0.24146029353141785
1781099366050034400,129.49003442382812,-0.0954170674085617,0.1657591462135315,0.047087881714105606
1781099366090155300,129.5301552734375,-0.19334788620471954,0.14152143895626068,0.11839189380407333
1781099366130276000,129.57027612304688,-0.20163750648498535,0.02743455395102501,0.039693884551525116
1781099366170397200,129.61039721679688,-0.13267548382282257,0.09795292466878891,0.21549047529697418
1781099366210518300,129.6505183105469,-0.11473377048969269,0.2976985275745392,0.10141370445489883
1781099366250639000,129.69063916015625,-0.14430391788482666,0.1636887937784195,0.22337263822555542
1781099366290759400,129.73075952148437,0.0038804919458925724,0.39836814999580383,0.29887884855270386
1781099366330880300,129.77088037109374,-0.06321784853935242,0.14303705096244812,0.11874955147504807
1781099366371001300,129.81100146484374,-0.07383906841278076,0.030523553490638733,0.30421262979507446
1781099366411122400,129.85112231445314,0.04764235392212868,0.4325612783432007,0.29173997044563293
1781099366451243300,129.8912431640625,-0.02780366875231266,0.428171306848526,0.12587884068489075
1781099366491364400,129.9313642578125,0.007804127410054207,-0.014179201796650887,0.03965819627046585
1781099366531485400,129.9714853515625,-0.08311379700899124,0.20228706300258636,0.2287524789571762
1781099366571606300,130.01160620117187,0.10399990528821945,0.412104994058609,-0.03520406037569046
1781099366611726300,130.05172631835939,-0.011115501634776592,0.16360411047935486,0.08817540109157562
1781099366651847400,130.0918474121094,0.09488390386104584,0.3064587414264679,0.31903576850891113
1781099366691968300,130.13196826171875,0.12473926693201065,0.26142680644989014,0.05758420005440712
1781099366732089300,130.17208935546876,-0.038895733654499054,-0.08930803835391998,-0.021954834461212158
1781099366772210400,130.21221044921876,0.07971400022506714,0.1738831102848053,0.05585500970482826
1781099366812331300,130.25233129882812,0.06870129704475403,0.4210553467273712,0.13487125933170319
1781099366852452400,130.29245239257813,0.11615217477083206,0.3345537483692169,-0.014002900570631027
1781099366892573400,130.33257348632813,0.07003661245107651,0.18225368857383728,0.15496055781841278
1781099366932693200,130.372693359375,0.09398028999567032,0.2551894187927246,0.1750764697790146
1781099366972814300,130.412814453125,0.0949893593788147,0.2104877233505249,0.1320997178554535
1781099367012935200,130.45293505859374,-0.009790578857064247,0.23983576893806458,0.14168602228164673
1781099367053056300,130.49305615234374,-0.05782574787735939,0.26299887895584106,0.2548786401748657
1781099367093176600,130.53317651367186,0.011916314251720905,0.1560593694448471,0.19740335643291473
1781099367133297700,130.57329760742186,0.0021816615480929613,0.20320051908493042,-0.0704299584031105
1781099367173418800,130.61341870117187,-0.040225185453891754,0.08855996280908585,-0.00905528012663126
1781099367213539600,130.65353955078126,-0.044308874756097794,0.23562663793563843,0.20233792066574097
1781099367253659600,130.69365966796875,0.14029985666275024,0.35667556524276733,-0.06977082788944244
1781099367293780700,130.73378076171875,0.08381154388189316,0.019689548760652542,-0.1335791051387787
1781099367333901600,130.7739016113281,0.2299538403749466,0.07639357447624207,-0.04904504120349884
1781099367374022700,130.81402270507812,0.17806240916252136,0.28804776072502136,0.022433670237660408
1781099367414143700,130.85414379882812,0.20818595588207245,0.20298346877098083,0.04514297842979431
1781099367454264600,130.8942646484375,0.15560610592365265,-0.0703764259815216,-0.2855960726737976
1781099367494385700,130.9343857421875,0.1116570234298706,-0.09112245589494705,-0.08822812885046005
1781099367534506800,130.9745068359375,0.22997194528579712,0.16189835965633392,0.05535859614610672
1781099367574626600,131.01462646484376,0.12917396426200867,-0.03134008124470711,-0.2657906711101532
1781099367614747600,131.05474755859376,0.08097900450229645,-0.12936198711395264,-0.24637195467948914
1781099367654868500,131.09486840820313,0.06196429952979088,0.07716535776853561,-0.0744611844420433
1781099367694989600,131.13498950195313,0.20136693120002747,0.17725440859794617,-0.21462121605873108
1781099367735110700,131.17511059570313,0.10424384474754333,-0.011159710586071014,-0.26150432229042053
1781099367775231500,131.2152314453125,0.040954891592264175,-0.14104820787906647,-0.04235837608575821
1781099367815352600,131.2553525390625,0.13317403197288513,0.05537191405892372,0.11699825525283813
1781099367855473700,131.2954736328125,0.10609900206327438,-0.039074432104825974,-0.13751338422298431
1781099367895593700,131.33559375,0.04868125170469284,-0.26049256324768066,-0.16517724096775055
1781099367935714800,131.37571484375,0.05885932222008705,0.06138639524579048,0.24877199530601501
1781099367975836000,131.4158359375,0.2626851499080658,0.08356120437383652,-0.12949833273887634
1781099368015956700,131.4559567871094,-0.019394204020500183,-0.356213241815567,-0.4629434049129486
1781099368056077800,131.4960778808594,0.0670621246099472,-0.23140685260295868,-0.017317472025752068
1781099368096199200,131.53619921875,0.2300715446472168,0.33817005157470703,-0.1539783775806427
1781099368136320300,131.5763203125,0.07295410335063934,-0.07501032948493958,-0.17849278450012207
1781099368176441300,131.61644140625,0.028087027370929718,-0.16518282890319824,-0.14080052077770233
1781099368216561400,131.6565615234375,0.010966364294290543,-0.11986355483531952,0.02588086575269699
1781099368256682500,131.6966826171875,0.15882320702075958,0.0651869922876358,-0.25227779150009155
1781099368296803600,131.73680346679689,0.05072815716266632,-0.2902640402317047,-0.11140615493059158
1781099368336924400,131.77692431640625,0.11450953781604767,0.03466876596212387,-0.00020825919636990875
1781099368377045500,131.81704541015625,0.07561726123094559,-0.21981652081012726,-0.1099691092967987
1781099368417166600,131.85716650390626,0.07392162829637527,-0.3553357422351837,-0.11920735239982605
1781099368457287400,131.89728735351562,0.0007701861904934049,-0.26645299792289734,-0.2370261251926422
1781099368497408500,131.93740844726562,-0.08457879722118378,-0.0287014190107584,0.03539074584841728
1781099368537528300,131.9775283203125,-0.0072983927093446255,0.13246190547943115,-0.08778072148561478
1781099368577649400,132.0176494140625,-0.11246795207262039,-0.11205463111400604,-0.22175103425979614
1781099368617770500,132.0577705078125,-0.03599688410758972,-0.19084692001342773,-0.08221231400966644
1781099368657891300,132.09789135742187,-0.040535975247621536,-0.06625732034444809,0.07415518909692764
1781099368698012400,132.13801245117187,-0.030946729704737663,-0.1739017516374588,0.13477645814418793
1781099368738133500,132.17813354492188,0.08650000393390656,-0.36814606189727783,0.04374135658144951
1781099368778254300,132.21825439453124,-0.034147318452596664,-0.508007824420929,-0.03169028460979462
1781099368818375400,132.25837548828125,0.0571754053235054,-0.20601707696914673,0.1432437151670456
1781099368858495500,132.29849560546876,-0.034516699612140656,0.0747421458363533,-0.29545828700065613
1781099368898616300,132.3386162109375,0.17138826847076416,-0.3274250030517578,-0.26736459136009216
1781099368938737400,132.3787373046875,0.025623338297009468,0.1707102209329605,-0.16722068190574646
1781099368978858500,132.4188583984375,0.0840163379907608,-0.20768022537231445,0.0461946576833725
1781099369018979300,132.4589792480469,-0.1747204065322876,-0.1969575434923172,-0.13775919377803802
1781099369059099400,132.49909936523437,-0.009575395844876766,-0.13807956874370575,0.08733943104743958
1781099369099220000,132.53921997070313,-0.15720506012439728,0.2744651138782501,-0.09886959195137024
1781099369139341000,132.57934106445313,-0.06245725229382515,-0.2992873787879944,0.07708253711462021
1781099369179462100,132.61946215820313,0.05507390573620796,0.010149306617677212,-0.08929765224456787
1781099369219583000,132.6595830078125,-0.1028965562582016,-0.08255985379219055,-0.156851664185524
1781099369259704000,132.6997041015625,-0.0021052288357168436,-0.181191086769104,-0.0344913974404335
1781099369299825200,132.7398251953125,-0.09649670869112015,-0.047447144985198975,-0.11842571198940277
1781099369339946000,132.77994604492187,0.06270226091146469,-0.1709485799074173,-0.035057052969932556
1781099369380067000,132.82006713867187,-0.049184057861566544,0.0033068470656871796,-0.16338706016540527
1781099369420188200,132.86018823242188,-0.13225683569908142,-0.2540722191333771,0.09537099301815033
1781099369460308000,132.90030786132812,0.053333528339862823,0.05264110863208771,0.006073871627449989
1781099369500429000,132.94042895507812,-0.14442801475524902,-0.16321715712547302,-0.006486927624791861
1781099369540550000,132.9805498046875,-0.11154250800609589,-0.1094849482178688,0.15902507305145264
1781099369580671000,133.0206708984375,0.0182943195104599,0.274323970079422,-0.10568435490131378
1781099369620792000,133.0607919921875,-0.18965408205986023,0.0506003275513649,-0.08589626848697662
1781099369660913000,133.10091284179688,-0.16538630425930023,-0.18435919284820557,0.17677104473114014
1781099369701034000,133.1410339355469,-0.13317722082138062,0.038835279643535614,0.10854645073413849
1781099369741155000,133.1811550292969,-0.23556086421012878,0.19363097846508026,0.0882965698838234
1781099369781276000,133.22127587890625,0.002656769473105669,0.20910288393497467,0.06311239302158356
1781099369821397000,133.26139697265626,-0.024294154718518257,0.01375469472259283,-0.03575693070888519
1781099369861518000,133.30151806640626,0.011155448853969574,0.046490270644426346,0.004294081125408411
1781099369901638100,133.34163818359374,-0.012151204980909824,0.005298891570419073,-0.08703796565532684
1781099369941759200,133.38175927734375,-0.05055611953139305,0.14005883038043976,0.11900468170642853
1781099369981880000,133.4218801269531,0.06046094745397568,0.044318728148937225,0.12302286177873611
1781099370022001200,133.46200122070312,-0.027173830196261406,-0.11028522998094559,0.07282280921936035
1781099370062122000,133.5021220703125,-0.03428367152810097,-0.08870164304971695,-0.031504131853580475
1781099370102243000,133.5422431640625,-0.04355093836784363,0.152892604470253,0.11285491287708282
1781099370142364000,133.58236401367188,0.006016613449901342,0.13192927837371826,0.12565432488918304
1781099370182485000,133.62248510742188,-0.06463731825351715,0.025467542931437492,-0.07244836539030075
1781099370222605800,133.66260571289064,-0.09842696785926819,-0.10253755748271942,0.043180759996175766
1781099370262726700,133.7027265625,-0.04068591073155403,0.25878095626831055,0.1661413013935089
1781099370302847700,133.74284765625,-0.05321235582232475,0.06250812113285065,0.005323925521224737
1781099370342968800,133.78296875,-0.06323330104351044,-0.10288270562887192,0.008584166876971722
1781099370383089000,133.8230888671875,-0.007164169568568468,-0.03754737600684166,0.040333040058612823
1781099370423210000,133.8632099609375,0.056180715560913086,0.08186530321836472,-0.029097964987158775
1781099370463330800,133.90333081054686,0.021275993436574936,0.034757714718580246,-0.189949169754982
1781099370503452000,133.94345190429686,-0.017400560900568962,-0.0395231731235981,0.04057405889034271
1781099370543573000,133.98357299804687,0.17210625112056732,0.25661182403564453,-0.050573959946632385
1781099370583693800,134.02369384765626,-0.11191534996032715,-0.3824158012866974,-0.20986294746398926
1781099370623815000,134.06381494140626,0.03104260377585888,-0.19472607970237732,0.24042725563049316
1781099370663936000,134.10393603515624,0.057428937405347824,0.17810554802417755,-0.06276591122150421
1781099370704056800,134.14405688476563,-0.074118971824646,-0.3956248164176941,-0.2957499027252197
1781099370744178000,134.18417797851563,-0.015717709437012672,-0.09563997387886047,-0.035103924572467804
1781099370784299000,134.22429907226564,-0.0428534559905529,0.1879374086856842,0.04977314919233322
1781099370824418800,134.26441870117188,0.010447314940392971,0.026317358016967773,-0.13789688050746918
1781099370864540000,134.30453979492188,-0.05826383829116821,-0.46352824568748474,-0.09263432770967484
1781099370904661000,134.34466088867188,-0.0073628416284918785,-0.03960972651839256,0.031004255637526512
1781099370944781800,134.38478173828125,-0.02550429478287697,0.2388482689857483,0.09269877523183823
1781099370984903000,134.42490283203125,-0.03622058779001236,-0.2745588421821594,0.06593560427427292
1781099371025024000,134.46502392578125,-0.1277041733264923,-0.09702907502651215,-0.028631111606955528
1781099371065144800,134.50514477539062,-0.0880180075764656,0.01859392412006855,-0.003992344718426466
1781099371105266700,134.5452666015625,-0.154069721698761,0.07395172119140625,0.062423162162303925
1781099371145387800,134.5853876953125,-0.009516539983451366,0.10368777811527252,-0.0343417264521122
1781099371185508600,134.62550854492187,-0.10138814151287079,-0.16775092482566833,-0.026639066636562347
1781099371225629700,134.66562963867187,0.047519050538539886,-0.17163114249706268,0.08214759826660156
1781099371265749800,134.7057497558594,-0.0041340249590575695,0.035296205431222916,0.049545448273420334
1781099371305870600,134.74587060546875,-0.03713245317339897,-0.03970932960510254,0.007771370466798544
1781099371345991700,134.78599169921876,-0.06693429499864578,-0.0855386033654213,0.02130821719765663
1781099371386112800,134.82611279296876,-0.0110457269474864,0.018875153735280037,-0.04222441837191582
1781099371426233600,134.86623364257812,-0.07834620028734207,0.10394051671028137,-0.05290769040584564
1781099371466354700,134.90635473632813,-0.07932198792695999,0.04404602199792862,0.020730579271912575
1781099371506475800,134.94647583007813,-0.11580755561590195,-0.07662393897771835,-0.04763969033956528
1781099371546596600,134.9865966796875,-0.05531146004796028,-0.03003459796309471,0.030486803501844406
1781099371586717700,135.0267177734375,-0.07799200713634491,0.07730996608734131,0.13856826722621918
1781099371626838800,135.0668388671875,-0.01040603592991829,-0.07375970482826233,0.06339707970619202
1781099371666959600,135.10695971679687,-0.08495137840509415,-0.1902298629283905,0.024892300367355347
1781099371707080700,135.14708081054687,0.06600085645914078,0.023153789341449738,-0.010282465256750584
1781099371747200500,135.18720043945314,-0.12387879937887192,0.1236143484711647,0.06860622763633728
1781099371787321600,135.22732153320314,-0.011188206262886524,-0.031924378126859665,-0.012263057753443718
1781099371827442700,135.2674426269531,-0.11863423883914948,-0.16387654840946198,-0.056841444224119186
1781099371867563500,135.3075634765625,-0.0487385094165802,0.10059797763824463,0.15949192643165588
1781099371907684600,135.3476845703125,0.011387144215404987,0.16039526462554932,0.04470169171690941
1781099371947805700,135.3878056640625,-0.10913340747356415,-0.22083570063114166,0.0703710988163948
1781099371987926500,135.42792651367188,0.08903773128986359,-0.09349266439676285,0.029266009107232094
1781099372028047600,135.46804760742188,-0.07857363671064377,-0.09264764189720154,-0.05127304047346115
1781099372068168700,135.50816870117188,0.05956559255719185,0.0430220365524292,-0.0208863727748394
1781099372108288800,135.54828881835937,-0.01823732629418373,0.12291181087493896,0.019751867279410362
1781099372148409900,135.58840991210937,0.024923192337155342,-0.020549483597278595,-0.06414037197828293
1781099372188530700,135.62853076171876,-0.0864882841706276,-0.09378508478403091,0.0712941512465477
1781099372228650800,135.6686506347656,-0.03413586691021919,-0.06244926154613495,0.09738168120384216
1781099372268771600,135.708771484375,-0.06701924651861191,0.020650682970881462,0.06445595622062683
1781099372308892700,135.748892578125,0.00980336219072342,-0.02509017288684845,0.06932368129491806
1781099372349013800,135.789013671875,-0.01637418009340763,0.10191411525011063,-0.08288050442934036
1781099372389134600,135.82913452148438,-0.032102011144161224,0.03936897590756416,-0.03591538965702057
1781099372429255700,135.86925561523438,-0.05294949933886528,0.1505996286869049,-0.05946598947048187
1781099372469376800,135.90937670898438,-0.05492503568530083,0.05294151231646538,0.008378837257623672
1781099372509497600,135.94949755859375,-0.09708820283412933,-0.057439591735601425,-0.020490361377596855
1781099372549618700,135.98961865234375,-0.05131751671433449,0.032408539205789566,0.15033677220344543
1781099372589739800,136.02973974609375,-0.0269493255764246,0.07863409072160721,0.11828669905662537
1781099372629860600,136.06986059570312,-0.03573429584503174,0.04945303499698639,0.03352866694331169
1781099372669981700,136.10998168945312,0.08790295571088791,0.10092022269964218,0.2445056140422821
1781099372710102800,136.15010278320312,-0.05440199002623558,0.14773432910442352,-0.06810395419597626
1781099372750223600,136.1902236328125,-0.02082831598818302,-0.05654556676745415,0.06959185749292374
1781099372790344700,136.2303447265625,-0.07373467087745667,0.2689049541950226,0.0604710653424263
1781099372830464800,136.27046484375,-0.08070922642946243,-0.024211596697568893,-0.0571833960711956
1781099372870585600,136.31058569335937,-0.050765976309776306,-0.03933382406830788,0.149454727768898
1781099372910706700,136.35070678710937,-0.039620913565158844,0.04423350840806961,0.036549221724271774
1781099372950827800,136.39082788085938,0.04596962034702301,-0.043651074171066284,0.1748999059200287
1781099372990948600,136.43094848632813,-0.02894030511379242,-0.01642877422273159,-0.06667010486125946
1781099373031069700,136.47106958007814,0.059661198407411575,-0.012776781804859638,0.24901194870471954
1781099373071190800,136.51119067382814,0.08060616254806519,0.20358268916606903,0.05519534647464752
1781099373111312400,136.5513125,0.0051865060813724995,-0.2079441398382187,-0.16177184879779816
1781099373151433500,136.59143359375,0.01840457320213318,0.10533920675516129,0.009051552042365074
1781099373191554600,136.63155444335936,0.011071559973061085,0.11847258359193802,-0.1398439258337021
1781099373231675400,136.67167529296876,-0.04137913137674332,-0.2372402399778366,-0.28572097420692444
1781099373271796500,136.71179638671876,-0.07317914068698883,0.06917987018823624,-0.17474544048309326
1781099373311917600,136.75191748046876,-0.12086942791938782,-0.0692720115184784,-0.002834668615832925
1781099373352038400,136.79203833007813,-0.15555870532989502,-0.38656023144721985,0.17171131074428558
1781099373392159500,136.83215942382813,-0.2185986489057541,-0.35485368967056274,0.38123655319213867
1781099373432280600,136.87228051757813,0.02833523415029049,-0.008070177398622036,0.12492888420820236
1781099373472401700,136.91240161132814,0.16043893992900848,-0.03412334993481636,-0.06209799274802208
1781099373512522500,136.9525224609375,0.21446223556995392,-0.016274310648441315,-0.034754250198602676
1781099373552642600,136.992642578125,0.07267101109027863,0.16124162077903748,-0.1551208794116974
1781099373592763400,137.03276342773438,-0.07874647527933121,-0.11054861545562744,-0.10561776906251907
1781099373632884500,137.07288452148438,-0.17195364832878113,0.036483973264694214,0.08054304867982864
1781099373673005600,137.11300561523439,-0.037574805319309235,0.19414177536964417,0.08873119950294495
1781099373713126400,137.15312646484375,-0.02851659618318081,-0.12464738637208939,0.011096592992544174
1781099373753247500,137.19324755859375,0.033493246883153915,-0.02924603596329689,0.026203375309705734
1781099373793368600,137.23336865234376,-0.024144483730196953,0.031751539558172226,-0.08685234189033508
1781099373833489400,137.27348950195312,-0.03683790937066078,0.07999656349420547,0.03579048812389374
1781099373873610500,137.31361059570312,-0.01998675800859928,0.1469641476869583,-0.009125321172177792
1781099373913731600,137.35373168945313,0.005272259935736656,-0.07876192033290863,0.04080362245440483
1781099373953852400,137.39385229492189,0.01173495315015316,0.04730572924017906,0.12616965174674988
1781099373993973500,137.4339733886719,0.05937464162707329,0.054419565945863724,0.03458034619688988
1781099374034094600,137.47409448242186,0.041677139699459076,-0.1123233437538147,-0.04224305972456932
1781099374074215400,137.51421533203126,0.06642642617225647,0.026442259550094604,-0.09447111189365387
1781099374114337500,137.55433764648438,0.03864166885614395,0.010656905360519886,-0.1729304939508438
1781099374154458400,137.5944582519531,0.0807236060500145,0.024454742670059204,0.17419816553592682
1781099374194579500,137.63457934570312,0.032656479626894,0.08646564930677414,-0.016745157539844513
1781099374234700500,137.67470043945312,-0.17133259773254395,-0.49669286608695984,-0.18826711177825928
1781099374274820400,137.7148203125,0.052920207381248474,0.09502477943897247,0.23709191381931305
1781099374314941400,137.75494140625,0.005662945564836264,0.5629416704177856,-0.22760120034217834
1781099374355062300,137.79506225585936,0.07626760751008987,-0.6304229497909546,-0.09376057982444763
1781099374395183400,137.83518334960937,0.10460470616817474,-0.049980342388153076,0.08980472385883331
1781099374435304400,137.87530444335937,-0.07725963741540909,0.16878315806388855,-0.10483427345752716
1781099374475425300,137.91542529296876,-0.1396242082118988,-0.2361890971660614,0.03839452564716339
1781099374515546400,137.95554638671874,0.06269640475511551,0.13015666604042053,0.1398622989654541
1781099374555667500,137.99566748046874,0.0008069378091022372,-0.06382717937231064,-0.07189522683620453
1781099374595788300,138.03578833007813,0.0585583858191967,-0.04687882587313652,0.17806826531887054
1781099374635909400,138.07590942382814,0.0741778239607811,0.02238093875348568,0.07367794960737228
1781099374676030500,138.11603051757814,-0.020055467262864113,0.17980597913265228,-0.18717175722122192
1781099374716151300,138.1561513671875,-0.06018317863345146,-0.23430678248405457,0.2044506072998047
1781099374756272400,138.1962724609375,-0.03033127449452877,0.31726399064064026,-0.11553139239549637
1781099374796393500,138.2363935546875,-0.039928775280714035,0.16031616926193237,-0.02941780909895897
1781099374836514300,138.27651440429688,-0.029075859114527702,-0.07379192858934402,-0.01164706889539957
1781099374876635400,138.31663549804688,0.09050299972295761,0.1443268209695816,-0.017099890857934952
1781099374916756500,138.35675659179688,-0.08355721086263657,-0.16131591796875,-0.22771145403385162
1781099374956877300,138.39687719726564,0.07448115944862366,0.0520046129822731,0.23238663375377655
1781099374996997400,138.43699731445312,0.009591374546289444,0.3883410692214966,-0.04793743044137955
1781099375037118500,138.47711840820313,0.032935578376054764,-0.28338003158569336,-0.18250855803489685
1781099375077238000,138.51723803710937,-0.07377169281244278,-0.0368347130715847,0.15638267993927002
1781099375117359000,138.55735913085937,0.03628796711564064,0.30307304859161377,0.17676997184753418
1781099375157480000,138.59747998046876,-0.019225891679525375,-0.20732495188713074,-0.13436846435070038
1781099375197601000,138.63760107421874,-0.00612260727211833,-0.07919441908597946,-0.039629701524972916
1781099375237722000,138.67772216796874,0.04707270488142967,0.13979119062423706,0.13015134632587433
1781099375277843000,138.71784301757813,0.07379326224327087,0.18411950767040253,-0.009003348648548126
1781099375317964000,138.75796411132814,0.06568686664104462,-0.1924125850200653,-0.13323475420475006
1781099375358085000,138.79808520507814,-0.03633510321378708,-0.03411908820271492,-0.046604786068201065
1781099375398206000,138.8382060546875,-0.00040666470886208117,0.16639909148216248,0.1609518676996231
1781099375438327000,138.8783271484375,0.0021965752821415663,-0.05205893889069557,-0.1281590312719345
1781099375478448000,138.9184482421875,-0.021021129563450813,-0.08820336312055588,-0.14878176152706146
1781099375518569000,138.95856884765624,0.003382480936124921,0.10231385380029678,-0.03766748309135437
1781099375558690000,138.99868994140624,-0.036624059081077576,0.06358829885721207,-0.014813567511737347
1781099375598811100,139.03881103515624,0.06679687649011612,0.06136216223239899,0.07502657175064087
1781099375638932000,139.07893188476564,-0.0070517840795218945,-0.18655017018318176,-0.1434708833694458
1781099375679053000,139.1190529785156,0.1103278398513794,0.08361313492059708,0.29460927844047546
1781099375719173000,139.15917309570312,0.023369770497083664,0.13954591751098633,-0.03966299071907997
1781099375759294000,139.1992939453125,-0.09042789787054062,-0.30377134680747986,-0.015395734459161758
1781099375799415000,139.2394150390625,0.17541682720184326,0.09128917008638382,0.11691650003194809
1781099375839536000,139.2795361328125,-0.08529146015644073,0.6818168759346008,-0.22618919610977173
1781099375879657000,139.31965698242186,0.1267603486776352,-0.74337238073349,-0.020384101197123528
1781099375919778000,139.35977807617186,-0.015282816253602505,0.31850847601890564,-0.21041475236415863
1781099375959899100,139.39989916992187,-0.0442444272339344,0.09014160931110382,0.3334493339061737
1781099376000020000,139.44002001953126,0.0054698665626347065,-0.03780277073383331,0.07403694093227386
1781099376040141000,139.48014111328126,0.0019595539197325706,-0.15356239676475525,-0.17943499982357025
1781099376080262100,139.52026220703124,0.039563387632369995,-0.09933004528284073,0.08583847433328629
1781099376120383000,139.56038305664063,0.04121800884604454,0.15387079119682312,0.03753698989748955
1781099376160504000,139.60050415039063,0.03987790644168854,0.07612645626068115,0.011566640809178352
1781099376200625200,139.64062524414064,-0.05661667510867119,-0.20320264995098114,-0.19615060091018677
1781099376240746000,139.68074609375,-0.034024011343717575,0.07898296415805817,0.08544379472732544
1781099376280867000,139.7208671875,0.010012419894337654,0.11648666858673096,0.005110339727252722
1781099376320988200,139.76098828125,-0.018066352233290672,-0.12385137379169464,-0.15407584607601166
1781099376361109000,139.80110888671874,0.04530676081776619,0.02412158064544201,0.04602741450071335
1781099376401229000,139.84122900390625,-0.004653075244277716,0.03238297253847122,0.0890105664730072
1781099376441350100,139.88135009765625,0.034572891891002655,0.0051833102479577065,0.06784269958734512
1781099376481471000,139.92147094726562,-0.049848251044750214,-0.09928105026483536,-0.03241866081953049
1781099376521592000,139.96159204101562,-0.04481806978583336,0.023308252915740013,-0.06624267250299454
1781099376561713200,140.00171313476562,-0.03845418244600296,0.09372169524431229,-0.08170285075902939
1781099376601834000,140.041833984375,-0.03196405991911888,0.22606748342514038,0.04435308277606964
1781099376641955000,140.081955078125,-0.0032173648942261934,-0.0025278725661337376,-0.07111838459968567
1781099376682076200,140.122076171875,0.020259998738765717,0.03123168833553791,-0.1205410584807396
1781099376722197000,140.1621970214844,-0.005394499283283949,-0.028536835685372353,0.2190130352973938
1781099376762318000,140.20231811523436,-0.02214578166604042,0.0019262643763795495,-0.030044184997677803
1781099376802439200,140.24243920898436,-0.0012301141396164894,-0.056298159062862396,0.00860334187746048
1781099376842560000,140.28256005859376,0.06196243688464165,0.024992167949676514,-0.026741866022348404
1781099376882681000,140.32268115234376,0.10030050575733185,-0.04974784702062607,0.019345201551914215
1781099376922802200,140.36280224609374,0.08938660472631454,0.0355534665286541,-0.02665424719452858
1781099376962923000,140.40292309570313,0.03634895384311676,-0.2270275503396988,-0.08247197419404984
1781099377003044000,140.44304418945313,0.000636495475191623,-0.011686483398079872,-0.13740579783916473
1781099377043165200,140.48316528320314,-0.026100309565663338,0.03251293674111366,-0.10366754233837128
1781099377083285500,140.52328540039062,-0.0102539686486125,0.20174537599086761,-0.0015994944842532277
1781099377123406600,140.56340649414062,0.0000018642127770363004,-0.12585540115833282,-0.18329152464866638
1781099377163527700,140.60352758789062,0.003612311789765954,-0.027086744084954262,0.000627707049716264
1781099377203648500,140.6436484375,-0.012883041985332966,-0.051662128418684006,0.09473103284835815
1781099377243769600,140.68376953125,-0.009324259124696255,-0.0241378266364336,0.15185052156448364
1781099377283890700,140.723890625,-0.04073038697242737,-0.11897245794534683,-0.10155538469552994
1781099377324011500,140.76401147460936,0.03658038005232811,-0.049604836851358414,0.18987806141376495
1781099377364132600,140.80413256835936,0.041973549872636795,0.018926287069916725,-0.09297281503677368
1781099377404253700,140.84425366210937,-0.01655340939760208,-0.1176651120185852,-0.040101345628499985
1781099377444374500,140.88437451171876,-0.04547134414315224,0.19188128411769867,0.03171958029270172
1781099377484495600,140.92449560546876,-0.05650961399078369,-0.24506941437721252,-0.04849829524755478
1781099377524616700,140.96461669921874,-0.05804705619812012,0.21512961387634277,0.07603298127651215
1781099377564737500,141.00473754882813,-0.04213760048151016,-0.10123607516288757,-0.14928536117076874
1781099377604858600,141.04485864257813,-0.12921763956546783,0.0843934416770935,0.15919631719589233
1781099377644979700,141.08497973632814,0.10865191370248795,0.12007208168506622,0.07238844782114029
1781099377685100500,141.1251005859375,-0.05301128700375557,-0.16430717706680298,-0.04645884409546852
1781099377725221600,141.1652216796875,0.012675847858190536,0.06311558932065964,0.1092362105846405
1781099377765342700,141.2053427734375,0.0013307816116139293,-0.11473163962364197,0.07376503199338913
1781099377805463600,141.24546362304687,-0.012831109575927258,0.15476694703102112,0.1241789385676384
1781099377845583600,141.28558349609375,-0.03725016489624977,0.12442661076784134,-0.3298591375350952
1781099377885704400,141.32570434570312,-0.06338376551866531,-0.10832487791776657,-0.11514177173376083
1781099377925825500,141.36582543945312,-0.01793212816119194,0.43627238273620605,-0.14734497666358948
1781099377965946600,141.40594653320312,-0.10664761811494827,0.05638417974114418,-0.026074210181832314
1781099378006067500,141.4460673828125,-0.06233767792582512,0.04854809492826462,-0.017008811235427856
1781099378046188500,141.4861884765625,-0.011807125061750412,-0.011462777853012085,-0.11057844012975693
1781099378086308900,141.52630883789064,-0.0320785753428936,-0.02623053826391697,0.060918476432561874
1781099378126430000,141.5664299316406,0.0380840040743351,0.10723324865102768,0.25276222825050354
1781099378166550800,141.60655078125,0.04328542202711105,0.023905599489808083,-0.07610222697257996
1781099378206672000,141.646671875,0.06400321424007416,-0.04025794193148613,0.04223879799246788
1781099378246793000,141.68679296875,0.014250574633479118,-0.03621339797973633,-0.024750886484980583
1781099378286913800,141.72691381835938,-0.06245166063308716,0.004101534374058247,0.03215127810835838
1781099378327035000,141.76703491210938,-0.058758389204740524,0.2063438445329666,0.09713879972696304
1781099378367156000,141.80715600585938,0.01506923045963049,-0.09376457333564758,-0.050751861184835434
1781099378407276800,141.84727685546875,0.0012668657582253218,-0.05565101280808449,-0.06233980879187584
1781099378447398000,141.88739794921875,0.10411068797111511,0.14665202796459198,0.05317746847867966
1781099378487519000,141.92751904296875,0.0639832466840744,0.01678483933210373,-0.022578014060854912
1781099378527639800,141.96763989257812,0.02701031230390072,-0.049369413405656815,0.1304570734500885
1781099378557730000,141.99772998046876,0.03478248044848442,0.044744037091732025,0.06878145784139633
1781099378597851100,142.03785107421874,0.08321446180343628,-0.1559286117553711,0.06562108546495438
1781099378637972000,142.07797192382813,0.14698146283626556,-0.10155511647462845,0.05638577789068222
1781099378678093000,142.11809301757813,0.10142036527395248,0.14076244831085205,-0.06750154495239258
1781099378718214100,142.15821411132814,0.013173858635127544,0.18106912076473236,-0.07073409110307693
1781099378758335000,142.1983349609375,-0.00950855016708374,0.021266672760248184,-0.017482321709394455
1781099378798456000,142.2384560546875,0.009681656025350094,0.055150069296360016,-0.08610372245311737
1781099378838577200,142.2785771484375,0.002829608740285039,0.03701074793934822,-0.11864515393972397
1781099378878698000,142.31869799804687,0.07222439348697662,0.09795080125331879,-0.017189905047416687
1781099378918819000,142.35881909179687,0.006959106307476759,0.07378500699996948,-0.07374080270528793
1781099378958940000,142.39893994140624,0.0878523588180542,-0.04372697323560715,0.07013274729251862
1781099378999060000,142.43906005859375,0.03629196062684059,0.06644773483276367,-0.14538195729255676
1781099379039181000,142.47918115234376,0.014070545323193073,-0.06928080320358276,0.001038366463035345
1781099379079302100,142.51930224609376,0.010069944895803928,0.22328928112983704,0.0012921657180413604
1781099379119423200,142.55942333984376,0.00797430332750082,0.13323688507080078,-0.07458129525184631
1781099379159544300,142.59954443359376,0.07712594419717789,0.2600422203540802,-0.15410088002681732
1781099379199665200,142.6396650390625,-0.11927792429924011,0.11964943259954453,-0.05613517388701439
1781099379239786200,142.6797861328125,-0.0630764365196228,-0.12037195265293121,0.1836603730916977
1781099379279907300,142.7199072265625,-0.022891733795404434,0.02286323718726635,0.22719107568264008
1781099379320028200,142.76002807617186,-0.02666197158396244,-0.006561229936778545,-0.117362841963768
1781099379360149200,142.80014916992187,0.13636663556098938,0.00487358495593071,-0.13350079953670502
1781099379400270300,142.84027026367187,0.1689261645078659,0.11501073837280273,0.008943160995841026
1781099379440391200,142.88039111328126,0.1890639364719391,0.08550345152616501,0.09373101592063904
1781099379480512300,142.92051220703124,0.1620008796453476,-0.15437519550323486,-0.23241353034973145
1781099379520633300,142.96063330078124,0.06274913251399994,-0.1655665934085846,-0.2204572707414627
1781099379560754200,143.00075415039063,0.014459366910159588,0.07047762721776962,-0.061837002635002136
1781099379600875300,143.04087524414064,-0.012725116685032845,0.05977118760347366,0.019626164808869362
1781099379640996000,143.08099609375,0.13012151420116425,0.10807640105485916,-0.11788109689950943
1781099379681117200,143.1211171875,0.0670059323310852,-0.20738327503204346,-0.4068431258201599
1781099379721238000,143.16123803710937,0.06687330454587936,-0.07898962497711182,-0.0026996464002877474
1781099379761358000,143.20135815429688,-0.10916989296674728,0.04308994486927986,0.022294653579592705
1781099379801479200,143.2414792480469,-0.0010301107540726662,-0.055078696459531784,0.08398571610450745
1781099379841600300,143.2816003417969,-0.0806913822889328,-0.09177013486623764,-0.07771450281143188
1781099379881721000,143.32172119140625,0.01739710010588169,-0.1764213740825653,0.014946192502975464
1781099379921842200,143.36184228515626,-0.07099401205778122,0.14248257875442505,0.0007728493656031787
1781099379961963300,143.40196337890626,-0.031150195747613907,-0.08134812116622925,0.09106146544218063
1781099380002084000,143.442083984375,-0.01366334781050682,-0.04274293780326843,0.013861753046512604
1781099380042205200,143.482205078125,-0.14540566504001617,-0.12059672176837921,-0.0035478631034493446
1781099380082326000,143.52232592773439,-0.05103202536702156,0.11305411905050278,-0.008436894044280052
1781099380122447000,143.5624470214844,-0.015621569938957691,0.03965713083744049,0.021677065640687943
1781099380162568000,143.60256787109375,0.026339728385210037,0.0398201160132885,-0.0358477458357811
1781099380202689000,143.64268896484376,-0.016169115900993347,0.04177913814783096,0.000993891735561192
1781099380242810000,143.68281005859376,-0.0477219820022583,0.013222861103713512,0.09901366382837296
1781099380282931000,143.72293090820312,-0.06403783708810806,-0.0742766261100769,-0.0750042051076889
1781099380323052000,143.76305200195313,-0.06909864395856857,0.03257552161812782,0.07062117010354996
1781099380363173000,143.80317309570313,0.0052352421917021275,0.14598490297794342,0.06595238298177719
1781099380403294000,143.8432939453125,0.05176625773310661,-0.12882669270038605,-0.0818655714392662
1781099380443414000,143.8834140625,0.050091128796339035,-0.014547783881425858,0.04647322744131088
1781099380483535000,143.92353515625,0.058875299990177155,0.04586416110396385,-0.09035918861627579
1781099380523656000,143.96365600585938,-0.002541188383474946,-0.20302662253379822,-0.06306418776512146
1781099380563777000,144.00377709960938,0.08867793530225754,0.08205092698335648,-0.11066499352455139
1781099380603898000,144.04389819335938,0.01643197052180767,-0.09850473701953888,-0.30523449182510376
1781099380644019000,144.08401904296875,0.0821116492152214,-0.17315314710140228,-0.019214173778891563
1781099380684140000,144.12414013671875,0.05315722897648811,0.01606765016913414,-0.1937846541404724
1781099380724261000,144.16426123046875,-0.0005193164106458426,-0.20285378396511078,-0.10540711879730225
1781099380764382000,144.2043818359375,-0.03665415197610855,-0.06265352666378021,-0.05603690445423126
1781099380804503000,144.2445029296875,0.023004651069641113,-0.2251255214214325,-0.07354745268821716
1781099380844624100,144.2846240234375,-0.015018364414572716,-0.20545248687267303,-0.11868616938591003
1781099380884745000,144.32474487304688,0.004845088813453913,-0.1993463933467865,-0.06478671729564667
1781099380924866000,144.36486596679688,-0.012249208986759186,-0.20712707936763763,0.024399615824222565
1781099380964987100,144.4049870605469,-0.00845846626907587,-0.1518411934375763,0.073147714138031
1781099381005108000,144.44510791015625,-0.007185208611190319,-0.21074126660823822,-0.1000102236866951
1781099381045229000,144.48522900390626,-0.06921768933534622,-0.20702482759952545,-0.0764889121055603
1781099381085349000,144.52534912109374,-0.17279042303562164,-0.13252608478069305,0.041297636926174164
1781099381125470000,144.56546997070313,-0.19661691784858704,-0.19070976972579956,-0.12898753583431244
1781099381165591000,144.60559106445314,-0.20904989540576935,-0.21260201930999756,-0.08749496191740036
1781099381205712100,144.64571215820314,-0.2113734930753708,0.006922354456037283,-0.1818331778049469
1781099381245833000,144.6858330078125,-0.1449236273765564,-0.09901420027017593,-0.0741133764386177
1781099381285954000,144.7259541015625,-0.1690625250339508,-0.049738794565200806,-0.08575192093849182
1781099381326075100,144.7660751953125,-0.10989667475223541,-0.18121692538261414,0.02624412067234516
1781099381366196000,144.80619604492188,-0.10777653008699417,-0.0839681401848793,0.04081400856375694
1781099381406317000,144.84631713867188,-0.03320988640189171,-0.1189306452870369,0.06690526753664017
1781099381446438100,144.88643823242188,-0.047564323991537094,-0.11275557428598404,0.039269641041755676
1781099381486559000,144.92655908203125,-0.05475858598947525,-0.18349552154541016,0.04535416513681412
1781099381526680000,144.96668017578125,-0.15576456487178802,-0.17747971415519714,0.05614263191819191
1781099381566801200,145.00680126953125,-0.18052583932876587,-0.115016870200634,0.07264650613069534
1781099381606922000,145.046921875,-0.18597252666950226,-0.13121260702610016,-0.03245195001363754
1781099381647043000,145.08704296875,-0.2485155314207077,-0.10948361456394196,-0.03249828889966011
1781099381687164200,145.1271640625,-0.19925345480442047,-0.018991267308592796,0.044806353747844696
1781099381727285000,145.16728491210938,-0.1750282645225525,-0.06126255914568901,-0.09187266230583191
1781099381767405000,145.20740502929686,-0.1654566079378128,-0.1371418833732605,0.0693548396229744
1781099381807526100,145.24752612304687,-0.11385200172662735,-0.02166827768087387,0.06159864738583565
1781099381847647000,145.28764697265626,-0.12799765169620514,-0.13671976327896118,-0.07550673931837082
1781099381887768000,145.32776806640624,-0.13359694182872772,-0.07073089480400085,-0.11456573009490967
1781099381927889200,145.36788916015624,-0.13977041840553284,0.020658673718571663,-0.012798619456589222
1781099381968010000,145.40801000976563,-0.17734070122241974,0.061897456645965576,-0.06999799609184265
1781099382008131000,145.44813110351564,-0.08571676909923553,-0.09317494928836823,-0.17129957675933838
1781099382048252200,145.48825219726564,-0.16447895765304565,-0.27958664298057556,-0.02943085879087448
1781099382088373500,145.52837353515625,-0.2053920328617096,-0.1601710319519043,-0.0415722094476223
1781099382128494600,145.56849462890625,-0.14438380300998688,-0.16091963648796082,0.18597865104675293
1781099382168615400,145.60861547851562,-0.19181017577648163,-0.13559244573116302,-0.0659763514995575
1781099382208736500,145.64873657226562,-0.20470760762691498,-0.37091681361198425,-0.16919249296188354
1781099382248857600,145.68885766601562,-0.17226018011569977,-0.0936679020524025,0.044857751578092575
1781099382288978700,145.72897875976562,-0.14817695319652557,0.0723506286740303,0.01955319568514824
1781099382329099500,145.769099609375,-0.2625301480293274,-0.23421649634838104,-0.14667785167694092
1781099382369219600,145.80921948242187,-0.29445773363113403,-0.21618875861167908,-0.06453531980514526
1781099382409340400,145.84934033203126,-0.3647393584251404,-0.004102333448827267,0.15463991463184357
1781099382449461500,145.88946142578126,-0.2738368809223175,-0.014697186648845673,0.10092581808567047
1781099382489582600,145.92958251953124,-0.3192533552646637,-0.21178628504276276,-0.05639083683490753
1781099382529703400,145.96970336914063,-0.40472882986068726,-0.18575681746006012,-0.006942328065633774
1781099382569824500,146.00982446289063,-0.14476171135902405,0.2061329334974289,0.0984855592250824
1781099382609945600,146.04994555664064,-0.39125165343284607,0.17799663543701172,0.031745944172143936
1781099382650066400,146.09006640625,-0.3041290044784546,-0.26812198758125305,-0.216793030500412
1781099382690187500,146.1301875,-0.291917085647583,-0.14073342084884644,0.1552894562482834
1781099382730308600,146.17030859375,-0.3492259085178375,0.24101340770721436,0.17956016957759857
1781099382770429400,146.21042944335937,-0.24392664432525635,0.05022455379366875,0.06138453260064125
1781099382810550500,146.25055053710938,-0.29717734456062317,-0.11240989714860916,0.028191424906253815
1781099382850671600,146.29067163085938,-0.13279026746749878,0.055217448621988297,0.16813254356384277
1781099382890792400,146.33079248046874,-0.13540229201316833,0.08820176124572754,0.11967207491397858
1781099382930913500,146.37091357421875,-0.23118607699871063,-0.134603351354599,0.15645885467529297
1781099382971034600,146.41103466796875,-0.13068583607673645,-0.06204446405172348,0.10650327056646347
1781099383011154400,146.45115454101563,-0.27273884415626526,-0.2107335329055786,-0.01894279755651951
1781099383051275500,146.49127563476563,-0.2359643280506134,0.054245393723249435,-0.01810337044298649
1781099383091396600,146.53139672851563,-0.20386391878128052,0.2677813768386841,0.059004463255405426
1781099383131517700,146.571517578125,-0.21163155138492584,0.13687582314014435,0.16248585283756256
1781099383171638500,146.61163842773436,-0.18772755563259125,-0.06886827945709229,-0.01500851009041071
1781099383211759600,146.65175952148437,-0.34167876839637756,-0.43981918692588806,0.18300524353981018
1781099383251880700,146.69188061523437,-0.15516161918640137,0.11586907505989075,0.13921275734901428
1781099383292001500,146.73200146484376,-0.21071383357048035,0.2065260112285614,0.03289616480469704
1781099383332122600,146.77212255859374,-0.23430757224559784,-0.10768997669219971,-0.0021382521372288465
1781099383372243700,146.81224365234374,-0.061640460044145584,0.12121697515249252,0.03868907317519188
1781099383412364500,146.85236450195313,-0.16530586779117584,0.16094601154327393,0.038835279643535614
1781099383452485600,146.89248559570314,-0.1242055743932724,0.00891120359301567,-0.060741111636161804
1781099383492606700,146.93260668945314,-0.2978804111480713,-0.22607387602329254,0.05971259996294975
1781099383532727600,146.9727275390625,-0.23097462952136993,0.16249330341815948,0.20593345165252686
1781099383572848600,147.0128486328125,-0.21837282180786133,0.13040514290332794,0.028238030150532722
1781099383612968700,147.05296875,-0.2705595791339874,-0.3118220865726471,-0.15067899227142334
1781099383653089500,147.09308959960939,-0.1101672500371933,-0.032348353415727615,-0.0034815503749996424
1781099383693210600,147.1332106933594,-0.09588311612606049,-0.04405880346894264,-0.01774863712489605
1781099383733331700,147.17333178710936,-0.1502973586320877,-0.36516839265823364,-0.1719941347837448
1781099383773452500,147.21345263671876,-0.1828867346048355,-0.2719196677207947,-0.0556480810046196
1781099383813573600,147.25357373046876,-0.16945773363113403,0.014646853320300579,0.1092870756983757
1781099383853694700,147.29369482421876,-0.14745523035526276,0.005055745132267475,-0.0628490000963211
1781099383893815600,147.33381567382813,-0.15258873999118805,-0.4188331961631775,-0.09193338453769684
1781099383933936600,147.3739365234375,-0.1618562787771225,-0.2139570266008377,-0.1420716494321823
1781099383974057700,147.4140576171875,-0.30060136318206787,-0.09200555831193924,0.00774633651599288
1781099384014178600,147.45417846679686,-0.36078640818595886,-0.017658622935414314,-0.040294427424669266
1781099384054299600,147.49429956054686,-0.31963178515434265,-0.11551008373498917,0.017400827258825302
1781099384094421500,147.53442138671875,-0.294161319732666,-0.24761272966861725,0.11979990452528
1781099384134542600,147.57454248046875,-0.35272476077079773,-0.14831143617630005,-0.0003581951605156064
1781099384174663400,147.61466333007812,-0.32458287477493286,-0.16459080576896667,0.05763666331768036
1781099384214784300,147.6547841796875,-0.3327332139015198,0.039138346910476685,0.10403798520565033
1781099384254905300,147.6949052734375,-0.21938587725162506,0.04830308258533478,0.03009478561580181
1781099384295025400,147.735025390625,-0.2593735158443451,-0.08102454245090485,0.1676955223083496
1781099384335146500,147.775146484375,-0.17692098021507263,-0.005563609767705202,0.03295315429568291
1781099384375267300,147.81526733398437,-0.31092458963394165,-0.04458051919937134,0.04007258638739586
1781099384415388400,147.85538842773437,-0.26588839292526245,0.0387580469250679,0.20051898062229156
1781099384455509500,147.89550952148437,-0.25062236189842224,0.0810604989528656,-0.058758921921253204
1781099384495630300,147.93563037109374,-0.3011308014392853,-0.04626363515853882,-0.08616737276315689
1781099384535751400,147.97575146484374,-0.2642313838005066,0.10533227771520615,0.06897347420454025
1781099384575872500,148.01587255859374,-0.2392762303352356,0.15445081889629364,0.09324818849563599
1781099384615993300,148.05599340820314,-0.243936225771904,-0.27358493208885193,-0.07866578549146652
1781099384656114400,148.09611450195314,-0.1864130198955536,-0.06626157462596893,0.1964065283536911
1781099384696235500,148.1362355957031,-0.2064567655324936,0.2153272181749344,0.2081361562013626
1781099384736356400,148.1763564453125,-0.19098113477230072,-0.058695804327726364,0.003025883575901389
1781099384776477400,148.2164775390625,-0.27218279242515564,-0.10742845386266708,0.03654176741838455
1781099384816598500,148.2565986328125,-0.08381819725036621,0.24462918937206268,-0.013364274986088276
1781099384856719600,148.2967197265625,-0.37157541513442993,0.057918958365917206,0.0588393472135067
1781099384896840400,148.33684033203124,-0.22679506242275238,0.22615110874176025,0.09461412578821182
1781099384936961500,148.37696142578125,-0.36517876386642456,-0.0856882706284523,0.06184738874435425
1781099384977081300,148.41708129882812,-0.10073326528072357,-0.031029820442199707,0.21432694792747498
1781099385017202400,148.45720239257813,-0.2906097173690796,0.10126537084579468,0.11379820108413696
1781099385057323500,148.49732348632813,-0.2627594470977783,-0.07191254198551178,0.08064717799425125
1781099385097443600,148.5374436035156,-0.08671624958515167,0.2939879596233368,0.04554617777466774
1781099385137564700,148.57756469726561,-0.14392654597759247,0.25408339500427246,0.1206079050898552
1781099385177685500,148.617685546875,-0.08446534723043442,0.14564907550811768,-0.02424035780131817
1781099385217806600,148.657806640625,-0.1353764683008194,0.07369552552700043,0.21049891412258148
1781099385257927700,148.697927734375,-0.23768019676208496,0.2587237060070038,0.06234566494822502
1781099385298048500,148.73804858398438,-0.12845145165920258,0.1482054442167282,0.2561745345592499
1781099385338169600,148.77816967773438,-0.25814685225486755,0.2413998395204544,0.33009108901023865
1781099385378290700,148.81829077148439,-0.16847902536392212,0.16182512044906616,0.2602853775024414
1781099385418411500,148.85841162109375,-0.23653237521648407,-0.007135407533496618,0.12863335013389587
1781099385458532600,148.89853271484375,-0.06011393666267395,0.25723791122436523,0.12931564450263977
1781099385498653700,148.93865380859376,-0.11182107031345367,0.4360066056251526,-0.0037417414132505655
1781099385538774500,148.9787744140625,-0.15468305349349976,0.057683270424604416,0.2139839231967926
1781099385578895600,149.0188955078125,0.007962585426867008,0.4067896008491516,0.18725617229938507
1781099385619016700,149.0590166015625,-0.022534869611263275,0.13684652745723724,0.3253687620162964
1781099385659137500,149.09913745117188,-0.025110945105552673,-0.14276167750358582,0.023028619587421417
1781099385699258600,149.1392585449219,-0.06593027710914612,-0.00392683083191514,0.3384414315223694
1781099385739378700,149.17937866210937,0.10786627978086472,0.26924237608909607,-0.07148963212966919
1781099385779499500,149.21949951171874,-0.09489215910434723,-0.12224548310041428,-0.008044078014791012
1781099385819620600,149.25962060546874,0.026036394760012627,-0.09883257001638412,-0.11889496445655823
1781099385859741700,149.29974169921874,-0.01823466457426548,0.1622496247291565,-0.12998835742473602
1781099385899862500,149.33986254882814,-0.08659800887107849,-0.06633082032203674,-0.06562375277280807
1781099385939983600,149.3799836425781,-0.013573865406215191,-0.1459827721118927,-0.02581428736448288
1781099385980104700,149.4201047363281,-0.06159971281886101,-0.14041437208652496,-0.057316817343235016
1781099386020225500,149.4602255859375,0.007831291295588017,-0.17320586740970612,0.13877280056476593
1781099386060346600,149.5003466796875,-0.03007933869957924,-0.08695939928293228,-0.03882090002298355
1781099386100467200,149.54046728515624,-0.09808049350976944,-0.20851032435894012,-0.14912982285022736
1781099386140588300,149.58058837890624,-0.11035553365945816,-0.1339668482542038,-0.06913326680660248
1781099386180709000,149.62070922851564,-0.14332333207130432,0.09965815395116806,-0.036379843950271606
1781099386220830200,149.66083032226564,-0.24111248552799225,-0.055563926696777344,-0.11564697325229645
1781099386260951300,149.7009514160156,-0.14304237067699432,-0.15216504037380219,-0.018322814255952835
1781099386301072100,149.74107202148437,-0.13194870948791504,0.04451553523540497,0.050463173538446426
1781099386341193200,149.78119311523437,-0.09875933080911636,-0.05037049576640129,0.021642178297042847
1781099386381314300,149.82131420898438,-0.16673225164413452,-0.16353726387023926,0.23075225949287415
1781099386421435100,149.86143505859374,-0.04536641761660576,-0.12628470361232758,0.03828853368759155
1781099386461556200,149.90155615234374,-0.10803885012865067,-0.149845153093338,0.1665351837873459
1781099386501676300,149.94167626953126,0.041067276149988174,0.25198909640312195,0.09468522667884827
1781099386541797000,149.98179711914062,-0.18908549845218658,0.016578443348407745,-0.06806933134794235
1781099386581918200,150.02191821289063,-0.08087753504514694,-0.3522978723049164,0.0688035637140274
1781099386622039300,150.06203930664063,-0.10078573226928711,0.23633530735969543,-0.02189784124493599
1781099386662160100,150.10216015625,-0.12723784148693085,0.014422881416976452,0.02377057634294033
1781099386702281200,150.14228125,-0.1292184442281723,-0.013411412946879864,-0.07400684803724289
1781099386742402300,150.18240234375,-0.09689698368310928,0.10174980014562607,-0.0026413232553750277
1781099386782523100,150.22252319335936,-0.044798895716667175,0.07689664512872696,0.07921945303678513
1781099386822644200,150.26264428710937,-0.08854158222675323,-0.12292139232158661,0.22548745572566986
1781099386862765300,150.30276538085937,-0.0639912337064743,-0.14909014105796814,0.04405534267425537
1781099386902886100,150.34288623046876,-0.13126081228256226,-0.14478328824043274,0.0902438759803772
1781099386943007200,150.38300732421874,0.02100834622979164,0.11372949182987213,0.1113443672657013
1781099386983128300,150.42312841796874,-0.09056052565574646,0.17949359118938446,-0.1347583532333374
1781099387023249200,150.46324926757814,-0.10978695005178452,-0.004679706413298845,-0.03153715282678604
1781099387063370200,150.50337036132814,-0.02563132718205452,0.31110674142837524,0.08823905140161514
1781099387103491000,150.54349096679687,-0.11198805272579193,0.194972425699234,0.06357231736183167
1781099387143612000,150.58361181640626,-0.027356524020433426,0.010662497952580452,0.2680937647819519
1781099387183732000,150.62373193359375,-0.219202920794487,0.17272010445594788,0.05831417441368103
1781099387223853000,150.66385302734375,-0.002258360618725419,-0.011839615181088448,0.19662916660308838
1781099387263974000,150.7039738769531,-0.1469433754682541,0.30967023968696594,0.24129225313663483
1781099387304095000,150.74409497070312,-0.07756989449262619,0.16324831545352936,0.11964251101016998
1781099387344216000,150.78421606445312,-0.07369312644004822,0.021976672112941742,0.08606217801570892
1781099387384337000,150.8243369140625,-0.02641376480460167,0.34483566880226135,0.08831921219825745
1781099387424458000,150.8644580078125,0.06922940164804459,0.46977123618125916,0.2016359120607376
1781099387464579000,150.9045791015625,-0.023449134081602097,0.13006772100925446,0.21184274554252625
1781099387504700000,150.94469995117188,-0.015400527976453304,0.11615084111690521,0.04068777337670326
1781099387544821000,150.9848210449219,0.06762564927339554,0.3871048390865326,0.26938194036483765
1781099387584942000,151.02494213867186,0.04987168684601784,0.36560994386672974,-0.04327823221683502
1781099387625063000,151.06506298828126,0.03585680201649666,0.17977428436279297,0.04649639502167702
1781099387665184000,151.10518408203126,0.10157988965511322,0.39478540420532227,0.09833961725234985
1781099387705305000,151.14530517578126,0.034030936658382416,0.2665350139141083,-0.046120624989271164
1781099387745426000,151.18542602539063,0.15593314170837402,0.14447729289531708,0.28336378931999207
1781099387785547000,151.22554711914063,-0.02972806803882122,0.3692600727081299,-0.03941771388053894
1781099387825668000,151.26566821289063,0.058933358639478683,0.010815363377332687,-0.04751984775066376
1781099387865788000,151.30578784179687,0.05355031043291092,0.3374219834804535,0.18894168734550476
1781099387905909000,151.34590893554687,0.16586565971374512,0.29244890809059143,0.0341758131980896
1781099387946029800,151.38602978515624,-0.048110805451869965,-0.0784418135881424,-0.0530024990439415
1781099387986151000,151.42615087890624,0.08911629021167755,-0.07688359916210175,-0.007802529260516167
1781099388026272000,151.46627197265624,0.07335144281387329,0.47810664772987366,0.12109845876693726
1781099388066392800,151.50639282226564,0.025860626250505447,0.02636316418647766,-0.05480466037988663
1781099388106514000,151.5465139160156,0.00942199770361185,0.054312508553266525,0.03329350799322128
1781099388146634800,151.586634765625,0.13310904800891876,0.15114717185497284,0.07247979193925858
1781099388186755800,151.626755859375,0.15298901498317719,-0.0495598278939724,-0.1760043203830719
1781099388226877000,151.666876953125,0.14827708899974823,-0.06788690388202667,0.14602938294410706
1781099388266997800,151.70699780273438,0.29516640305519104,0.14531777799129486,-0.09912604838609695
1781099388307118800,151.74711889648438,0.040953293442726135,-0.18368381261825562,-0.1776735931634903
1781099388347240000,151.78723999023438,0.21862022578716278,-0.1524294912815094,0.13922446966171265
1781099388387360800,151.82736083984375,0.10454345494508743,0.49017637968063354,-0.16486112773418427
1781099388427481900,151.86748193359375,-0.21343185007572174,-0.42407459020614624,-0.5565420985221863
1781099388467603000,151.90760302734375,-0.1924184411764145,-0.05711308866739273,-0.18065765500068665
1781099388507723800,151.94772387695312,-0.078406922519207,0.7729910016059875,-0.10204141587018967
1781099388547843800,151.98784375,-0.28151875734329224,-0.027032149955630302,0.1449452042579651
1781099388587964700,152.02796459960936,-0.08683476597070694,-0.14769385755062103,0.4005149304866791
1781099388628085800,152.06808569335936,0.23117223381996155,0.041013479232788086,0.02189784124493599
1781099388668206800,152.10820678710937,0.2499709576368332,-0.2531670033931732,0.24539963901042938
1781099388708327700,152.14832763671876,0.11608133465051651,-0.2549942135810852,0.17558567225933075
1781099388748448800,152.18844873046876,-0.009904828853905201,0.10581164807081223,0.4496883153915405
1781099388788569900,152.22856982421874,0.02058783359825611,0.24152207374572754,0.06257230043411255
1781099388828690700,152.26869067382813,-0.0586734339594841,-0.2661280930042267,-0.19760975241661072
1781099388868811800,152.30881176757813,-0.007337274961173534,0.008153799921274185,-0.3023555874824524
1781099388908932900,152.34893286132814,-0.06065642461180687,0.3407786190509796,-0.30465683341026306
1781099388949053700,152.3890537109375,0.100018210709095,-0.267904669046402,-0.08016780763864517
1781099388989174800,152.4291748046875,-0.03178615868091583,-0.11025167256593704,-0.17547647655010223
1781099389029295900,152.4692958984375,0.13087013363838196,-0.2866126000881195,-0.09400425851345062
1781099389069416700,152.50941674804687,0.039868053048849106,-0.2589106559753418,-0.2067505121231079
1781099389109538600,152.54953857421876,0.11380326747894287,-0.3264327049255371,0.018975289538502693
1781099389149659400,152.58965942382812,0.10546597093343735,-0.06222209706902504,-0.09573931246995926
1781099389189780500,152.62978051757813,0.1718527227640152,-0.29498156905174255,-0.1477854698896408
1781099389229900300,152.669900390625,0.07974622398614883,-0.2067776769399643,-0.19691012799739838
1781099389270021400,152.710021484375,0.11137073487043381,-0.23512756824493408,-0.2217118889093399
1781099389310142500,152.750142578125,-0.05988197401165962,-0.0710344985127449,-0.17770954966545105
1781099389350263300,152.79026318359374,-0.10871023684740067,-0.2686588764190674,-0.14774684607982635
1781099389390384400,152.83038427734374,-0.07293865829706192,-0.25023701786994934,-0.11194464564323425
1781099389430505500,152.87050537109374,-0.08114438503980637,-0.24863271415233612,-0.12221645563840866
1781099389470626300,152.91062622070314,-0.13610856235027313,-0.2554730474948883,-0.03863341361284256
1781099389510747400,152.95074731445314,-0.061524081975221634,-0.3036765158176422,0.010010289959609509
1781099389550868500,152.9908684082031,-0.05207225680351257,-0.29632726311683655,-0.04411846026778221
1781099389590989300,153.0309892578125,0.052676260471343994,-0.17584958672523499,0.01715288870036602
1781099389631110400,153.0711103515625,-0.024827850982546806,-0.09763734042644501,-0.08302910625934601
1781099389671231500,153.1112314453125,-0.053403038531541824,-0.2795826494693756,-0.14895325899124146
1781099389711352300,153.15135229492188,-0.0414142869412899,-0.17303995788097382,0.006811034400016069
1781099389751473400,153.19147338867188,-0.04627721756696701,0.027877703309059143,-0.11615004390478134
1781099389791594500,153.23159448242188,-0.09800219535827637,-0.24782711267471313,-0.1897512972354889
1781099389831714300,153.27171435546876,-0.08385628461837769,-0.17148520052433014,0.039566852152347565
1781099389871835400,153.31183544921876,-0.08467147499322891,0.15240950882434845,-0.05023760348558426
1781099389911956500,153.35195654296874,-0.045831937342882156,-0.1652134507894516,-0.07444680482149124
1781099389952077300,153.39207739257813,-0.12869273126125336,-0.14940014481544495,-0.006687197368592024
1781099389992198400,153.43219848632813,-0.03557663783431053,-0.09003321826457977,0.039506398141384125
1781099390032319500,153.47231958007814,-0.1768626570701599,-0.1156240701675415,0.07517837733030319
1781099390072440300,153.5124404296875,-0.1296650469303131,-0.15781599283218384,0.15757738053798676
1781099390112561200,153.55256103515626,-0.18339139223098755,-0.13443903625011444,-0.04445268586277962
1781099390152682200,153.59268212890626,-0.11647415161132812,-0.22889097034931183,0.1871107667684555
1781099390192803000,153.63280297851563,-0.09724319726228714,0.1031562089920044,0.03821716085076332
1781099390232924200,153.67292407226563,-0.1698628067970276,-0.09245296567678452,-0.05512956529855728
1781099390273045200,153.71304516601563,-0.12328758090734482,0.08307038247585297,0.11205676198005676
1781099390313166000,153.753166015625,-0.06857453286647797,0.1791423261165619,0.1481170356273651
1781099390353287200,153.793287109375,-0.09759073704481125,-0.05653970688581467,0.053699981421232224
1781099390393408300,153.833408203125,-0.16632959246635437,-0.13926388323307037,0.12227797508239746
1781099390433529000,153.87352905273437,-0.054065633565187454,0.14787708222866058,0.16925400495529175
1781099390473649200,153.91364916992188,-0.12158875167369843,0.05062376335263252,0.003931092098355293
1781099390513770000,153.95377001953125,-0.07316982001066208,-0.09158584475517273,0.17566104233264923
1781099390553891000,153.99389111328125,-0.06484317779541016,0.3131650984287262,0.006601177155971527
1781099390594012200,154.03401220703125,-0.09626554697751999,0.12738725543022156,0.109254851937294
1781099390634133000,154.07413305664062,-0.08586616814136505,0.3729810416698456,0.1640951931476593
1781099390674254000,154.11425415039062,-0.11733834445476532,0.17866988480091095,0.29730623960494995
1781099390714375200,154.15437524414062,-0.171775221824646,0.031186414882540703,0.07420019805431366
1781099390754496000,154.19449609375,-0.1413712352514267,0.0825958102941513,0.32152611017227173
1781099390794617000,154.2346171875,0.005311142187565565,0.4363600015640259,0.1462261825799942
1781099390834738200,154.27473828125,-0.0922340527176857,-0.041505366563797,0.06543146818876266
1781099390874859000,154.31485888671875,0.023017434403300285,0.23376961052417755,0.23625434935092926
1781099390914980000,154.35497998046876,-0.02937386743724346,0.5416904091835022,0.11478916555643082
1781099390955101200,154.39510107421876,0.07177139073610306,0.13798050582408905,0.30078408122062683
1781099390995222000,154.43522192382812,-0.14573030173778534,0.276197224855423,0.06940916925668716
1781099391035343000,154.47534301757813,0.09208864718675613,0.12687192857265472,0.23433606326580048
1781099391075464200,154.51546411132813,0.028295554220676422,0.486483097076416,-0.020288759842514992
1781099391115584300,154.5555842285156,0.08598867803812027,0.012688364833593369,0.07776696979999542
1781099391155705000,154.595705078125,0.08681825548410416,0.3951670229434967,0.1523948609828949
1781099391195826200,154.635826171875,0.1738913655281067,0.35048505663871765,0.20359653234481812
1781099391235947000,154.67594702148438,0.16771337389945984,0.14377234876155853,0.022526880726218224
1781099391276068000,154.71606811523438,0.05793653801083565,0.06473691761493683,-0.01073866430670023
1781099391316189000,154.75618896484374,0.13901513814926147,0.2635434865951538,0.048465002328157425
1781099391356310000,154.79631005859375,0.17056109011173248,0.3014852702617645,-0.18066884577274323
1781099391396430800,154.8364309082031,0.15358583629131317,0.14919960498809814,-0.02864309586584568
1781099391436552000,154.87655200195312,0.19263815879821777,0.26186516880989075,0.029109949246048927
1781099391476673000,154.91667309570312,0.10289549082517624,0.045345377177000046,-0.19129300117492676
1781099391516793900,154.9567939453125,0.08419477194547653,-0.04459729418158531,0.11473111063241959
1781099391556915000,154.9969150390625,0.012802081182599068,0.2379704862833023,-0.15766365826129913
1781099391597036000,155.0370361328125,0.013712616637349129,-0.23399890959262848,-0.1615430861711502
1781099391637157000,155.0771572265625,0.08448132872581482,0.06527034938335419,0.02582680433988571
1781099391677278000,155.11727783203125,0.21361081302165985,-0.01913134939968586,-0.060918744653463364
1781099391717399000,155.15739892578125,0.18419034779071808,-0.2335994392633438,-0.3548092246055603
1781099391757520100,155.19752001953125,0.15470755100250244,-0.2512093186378479,-0.20919902622699738
1781099391797640200,155.23764013671874,0.27121472358703613,0.09220848977565765,-0.1690577268600464
1781099391837761300,155.27776123046874,0.16023626923561096,-0.1841336190700531,-0.3854464888572693
1781099391877882000,155.31788208007814,0.09709485620260239,-0.45684343576431274,-0.3735924959182739
1781099391918003200,155.35800317382814,0.09223458915948868,-0.19975492358207703,-0.24673601984977722
1781099391958124300,155.3981242675781,0.11275211721658707,-0.24699833989143372,-0.1706439107656479
1781099391998245000,155.4382451171875,-0.03712446615099907,-0.3462604880332947,-0.20257706940174103
1781099392038366000,155.47836596679687,-0.1091880053281784,-0.37345534563064575,-0.05812189355492592
1781099392078487000,155.51848706054687,-0.12098874151706696,-0.21579115092754364,0.11826325953006744
1781099392118608400,155.5586083984375,-0.0674983486533165,-0.2631099224090576,-0.03002873808145523
1781099392158729500,155.5987294921875,-0.3460506200790405,-0.40441325306892395,-0.17672976851463318
1781099392198850300,155.63885034179688,-0.09434673935174942,-0.2826479375362396,-0.057194314897060394
1781099392238971400,155.67897143554688,-0.18682101368904114,0.042766373604536057,-0.023991351947188377
1781099392279092500,155.7190925292969,-0.10803379118442535,-0.2506234347820282,-0.11003915220499039
1781099392319213300,155.75921337890625,-0.07738586515188217,-0.032465796917676926,-0.00036911413189955056
1781099392359334400,155.79933447265626,0.03442827984690666,0.07946206629276276,0.11396545171737671
1781099392399455500,155.83945556640626,-0.06054803356528282,-0.15271417796611786,-0.1956520527601242
1781099392439576300,155.87957641601562,-0.06588660180568695,-0.3293861448764801,0.10273676365613937
1781099392479697400,155.91969750976563,-0.10140492022037506,0.13144271075725555,-0.03599075600504875
1781099392519818500,155.95981860351563,-0.10765641927719116,-0.18221400678157806,-0.043599940836429596
1781099392559939300,155.9999392089844,-0.12005183845758438,0.18293945491313934,-0.0382070392370224
1781099392600060400,156.0400603027344,-0.11127912253141403,0.11011851578950882,0.08801161497831345
1781099392640181500,156.08018139648436,-0.07991480827331543,-0.06328655779361725,-0.07538849860429764
1781099392680302300,156.12030224609376,-0.15037672221660614,-0.22500728070735931,-0.1938999593257904
1781099392720423400,156.16042333984376,-0.08943188190460205,0.03868268057703972,0.1263725906610489
1781099392760544500,156.20054443359376,-0.049901511520147324,0.23973216116428375,0.09742189198732376
1781099392800664300,156.24066430664064,-0.03459446132183075,-0.175399512052536,0.0400848351418972
1781099392840785400,156.2807854003906,-0.024942101910710335,-0.05609495937824249,0.06430468708276749
1781099392880906200,156.32090625,-0.00896526500582695,0.00006072007090551779,0.04862479493021965
1781099392921027300,156.36102734375,-0.07560501247644424,-0.02365685999393463,-0.01429158728569746
1781099392961148400,156.4011484375,-0.00011717908637365326,0.09571560472249985,0.07649210840463638
1781099393001269200,156.44126928710938,-0.05738925561308861,0.09722401946783066,-0.08888646215200424
1781099393041390300,156.48139038085938,-0.007708253338932991,0.06876149028539658,0.11371724307537079
1781099393081511400,156.52151147460938,-0.1459904909133911,0.09946347028017044,-0.03513535112142563
1781099393121632000,156.5616320800781,-0.15110749006271362,-0.024460602551698685,0.1183018758893013
1781099393161753000,156.60175317382811,-0.08007379621267319,0.33384668827056885,0.1207735538482666
1781099393201874000,156.6418740234375,-0.09911007434129715,0.0903482735157013,-0.006412891671061516
1781099393241995000,156.6819951171875,-0.08071455359458923,0.04595737159252167,0.2826700508594513
1781099393282116000,156.7221162109375,-0.06208254396915436,0.21213142573833466,0.10053752362728119
1781099393322237000,156.76223681640624,-0.006327670533210039,0.14501577615737915,0.14043061435222626
1781099393362358000,156.80235791015625,0.0056799896992743015,0.43271681666374207,0.2744528651237488
1781099393402479000,156.84247900390625,0.04021399840712547,0.20288494229316711,0.06999160349369049
1781099393442600000,156.88259985351561,-0.014986406080424786,-0.06681258231401443,-0.0003051982494071126
1781099393482721000,156.92272094726562,0.026767965406179428,0.315382182598114,0.10934805870056152
1781099393522842000,156.96284204101562,0.05639936029911041,0.4305793344974518,0.2025243490934372
1781099393562963000,157.002962890625,-0.01720109023153782,0.1488099843263626,-0.01004810631275177
1781099393603084000,157.043083984375,0.09708447009325027,0.008506402373313904,0.1485721617937088
1781099393643205000,157.083205078125,0.04954012110829353,0.16554369032382965,-0.0328034870326519
1781099393683326000,157.12332592773438,0.07569689303636551,0.1600314825773239,0.2716408371925354
1781099393723447000,157.1634470214844,0.09959796071052551,0.22092466056346893,-0.06120423600077629
1781099393763568000,157.20356811523436,-0.03832608461380005,-0.12305481731891632,-0.118473120033741
1781099393803689000,157.24368896484376,0.12996253371238708,0.3514280617237091,0.14358459413051605
1781099393843810000,157.28381005859376,0.1099640503525734,0.4017684757709503,0.005398493725806475
1781099393883931100,157.32393115234376,0.04730067029595375,-0.06258348375558853,0.015417572110891342
1781099393924052000,157.36405200195313,0.04867006838321686,0.18458449840545654,0.007845406420528889
1781099393964173000,157.40417309570313,0.11432657390832901,0.26833584904670715,0.1457263082265854
1781099394004294100,157.44429418945313,0.15864263474941254,0.23635074496269226,-0.05282992497086525
1781099394044415000,157.4844150390625,0.04826420173048973,-0.05359691381454468,0.00019920444174204022
1781099394084536000,157.5245361328125,0.2071009874343872,0.14221200346946716,0.05661480873823166
1781099394124657000,157.56465698242187,0.14511537551879883,0.12254109233617783,-0.17030489444732666
1781099394164778000,157.60477807617187,0.09576727449893951,0.011382084339857101,-0.03730715811252594
1781099394204899000,157.64489916992187,0.21847108006477356,0.20873376727104187,-0.036140426993370056
1781099394245020000,157.68502001953124,0.16514182090759277,0.028792764991521835,-0.22801080346107483
1781099394285141000,157.72514111328124,0.21528035402297974,-0.058454789221286774,-0.14266766607761383
1781099394325262000,157.76526196289063,0.20475207269191742,0.011961054988205433,0.005125786177814007
1781099394365383000,157.8053828125,0.2248711884021759,0.023021429777145386,-0.26610732078552246
1781099394405504000,157.84550390625,0.0931272804737091,-0.06837373226881027,-0.16067276895046234
1781099394445625000,157.885625,0.11144396662712097,-0.10587982833385468,-0.07271761447191238
1781099394485746000,157.92574584960937,0.07552725076675415,-0.044794633984565735,0.009068596176803112
1781099394525867000,157.96586694335937,0.05128422752022743,-0.06331798434257507,-0.22269725799560547
1781099394565988000,158.00598803710938,-0.06968001276254654,-0.21953102946281433,-0.021211279556155205
1781099394606109000,158.04610888671874,0.0883016362786293,-0.05897490307688713,-0.035834964364767075
1781099394646230000,158.08622998046874,-0.004381965380162001,-0.1654835045337677,-0.2327727973461151
1781099394686351000,158.12635107421875,-0.004734834190458059,-0.25425252318382263,-0.2684876620769501
1781099394726472000,158.1664719238281,-0.038493331521749496,-0.08790295571088791,-0.07169415801763535
1781099394766593000,158.20659301757811,0.05893069505691528,-0.044135503470897675,-0.15571236610412598
1781099394806714000,158.24671411132812,-0.04537094384431839,-0.35167041420936584,-0.1650661826133728
1781099394846835000,158.2868349609375,0.02401132695376873,-0.3658296465873718,-0.10405263304710388
1781099394886956000,158.3269560546875,0.06691858172416687,-0.10293223708868027,-0.18285317718982697
1781099394927077000,158.3670771484375,-0.010044111870229244,-0.28609034419059753,-0.26948046684265137
1781099394967197000,158.40719702148436,-0.023021163418889046,-0.2276318222284317,-0.16718366742134094
1781099395007318000,158.44731811523437,0.0952381044626236,-0.10112475603818893,-0.1315590888261795
1781099395047439000,158.48743920898437,-0.05018274113535881,-0.3843897581100464,-0.2443133294582367
1781099395087560000,158.52755981445313,-0.08736792951822281,-0.3379540741443634,-0.0938950702548027
1781099395127681500,158.567681640625,-0.15037032961845398,0.01968262530863285,0.10827107727527618
1781099395167802600,158.607802734375,-0.0506189689040184,-0.15615151822566986,0.07554163038730621
1781099395207923700,158.647923828125,-0.18158896267414093,-0.2847108244895935,-0.13961169123649597
1781099395248044500,158.68804443359375,-0.09866532683372498,-0.2731977105140686,0.06715001165866852
1781099395288165600,158.72816552734375,-0.12037914246320724,0.07407768815755844,0.04116048663854599
1781099395328286700,158.76828662109375,-0.09395179152488708,-0.07589902728796005,-0.06858891248703003
1781099395368407600,158.80840747070312,-0.19091908633708954,-0.19769443571567535,-0.16363286972045898
1781099395408528600,158.84852856445312,-0.047806404531002045,-0.03987817466259003,0.019628562033176422
1781099395448649700,158.88864965820312,-0.09056851267814636,0.09612999111413956,-0.041431061923503876
1781099395488770600,158.9287705078125,-0.061529405415058136,-0.1697072833776474,0.05600334703922272
1781099395528891600,158.9688916015625,-0.05715170130133629,-0.03737932816147804,-0.19887422025203705
1781099395569012700,159.0090126953125,-0.07469633966684341,-0.14154088497161865,0.19402539730072021
1781099395609133600,159.0491335449219,-0.01375229749828577,0.15151016414165497,0.06711139529943466
1781099395649254700,159.0892546386719,-0.13619911670684814,-0.16511598229408264,-0.06640112400054932
1781099395689375700,159.12937573242186,-0.12647245824337006,-0.2170199304819107,0.15971402823925018
1781099395729496600,159.16949658203126,-0.03765097260475159,0.22099390625953674,0.13739833235740662
1781099395769617700,159.20961767578126,-0.12785835564136505,-0.057971689850091934,-0.17499259114265442
1781099395809738800,159.24973876953126,-0.08104424923658371,-0.12467535585165024,0.1252439320087433
1781099395849859600,159.28985961914063,-0.010339722968637943,0.26713263988494873,0.010468619875609875
1781099395889980700,159.32998071289063,-0.07953689992427826,-0.22908644378185272,-0.02135349251329899
1781099395930101800,159.37010180664063,-0.06042233109474182,0.029392777010798454,0.17799769341945648
1781099395970222600,159.41022265625,-0.03507596254348755,0.10063526779413223,-0.00376064982265234
1781099396010343400,159.45034350585937,-0.11583765596151352,-0.06640218943357468,-0.020415792241692543
1781099396050464500,159.49046459960937,-0.011606588959693909,0.1708894520998001,0.21287445724010468
1781099396090585300,159.53058544921876,0.0054938350804150105,-0.044497959315776825,-0.055027566850185394
1781099396130706400,159.57070654296874,0.006470149848610163,-0.08081655204296112,0.058872904628515244
1781099396170827300,159.6108271484375,-0.017531055957078934,0.04573659598827362,0.10739942640066147
1781099396210948400,159.6509482421875,-0.025198563933372498,0.08581610769033432,-0.04811879247426987
1781099396251069400,159.6910693359375,-0.12853454053401947,0.008872587233781815,0.051785167306661606
1781099396291190300,159.73119018554686,0.015974706038832664,0.1397903859615326,0.18049681186676025
1781099396331311400,159.77131127929687,-0.06686744838953018,0.11200349777936935,0.025305356830358505
1781099396371432400,159.81143237304687,-0.08422379940748215,-0.09308866411447525,0.11979244649410248
1781099396411553300,159.85155322265626,-0.09363940358161926,0.19896982610225677,0.030484139919281006
1781099396451674400,159.89167431640624,-0.055687498301267624,0.09953217953443527,0.2153535932302475
1781099396491795500,159.93179541015624,-0.02467471919953823,0.22083890438079834,-0.000862864195369184
1781099396531916300,159.97191625976564,-0.07202678918838501,-0.006967095658183098,0.09900540858507156
1781099396572037400,160.01203735351564,0.024750620126724243,0.2799088954925537,0.24245685338974
1781099396612158500,160.0521584472656,-0.04957740753889084,0.16148103773593903,0.0538102351129055
1781099396652279300,160.092279296875,-0.12421169877052307,-0.051413923501968384,0.07444307208061218
1781099396692400400,160.132400390625,0.04422072321176529,0.3659327030181885,0.1347612738609314
1781099396732520400,160.1725205078125,-0.03713405132293701,0.05735969543457031,-0.11808829009532928
1781099396772641500,160.2126416015625,0.08009190857410431,0.17731672525405884,0.22408130764961243
1781099396812762600,160.2527626953125,0.02375859208405018,0.2568453848361969,-0.05501691251993179
1781099396852883500,160.29288354492186,0.04601356387138367,-0.06808557361364365,0.038170021027326584
1781099396893004500,160.33300463867187,-0.0010913633741438389,0.12021908909082413,0.18937233090400696
1781099396933125400,160.37312548828126,-0.04188646376132965,0.2369859218597412,0.16814346611499786
1781099396973246500,160.41324658203126,0.011925102211534977,0.015906261280179024,0.07384493201971054
1781099397013367300,160.4533671875,0.03407061845064163,0.07372748106718063,0.06252356618642807
1781099397053488400,160.49348828125,0.04682423174381256,0.09880993515253067,0.09518270939588547
1781099397093609500,160.533609375,0.11679399758577347,0.12211738526821136,-0.23446497321128845
1781099397133730600,160.57373046875,-0.031090274453163147,0.029978405684232712,-0.03399844840168953
1781099397173851600,160.6138515625,0.11232494562864304,0.4526827931404114,0.04964478313922882
1781099397213972700,160.65397265625,0.02419188804924488,0.03159867227077484,-0.24843618273735046
1781099397254093600,160.69409350585937,0.04573366791009903,0.0011342403013259172,0.13120914995670319
1781099397294214700,160.73421459960937,0.1089421957731247,0.18095754086971283,0.014876684173941612
1781099397334335700,160.77433569335938,0.0083071980625391,0.05840818211436272,0.10529659688472748
1781099397374456600,160.81445654296874,0.04897766187787056,-0.07937072217464447,0.015488944947719574
1781099397414577700,160.85457763671874,0.02562573552131653,0.04011918976902962,-0.10495677590370178
1781099397454698800,160.89469873046875,0.10893899947404861,0.10975978523492813,0.14009878039360046
1781099397494819600,160.9348195800781,0.12561199069023132,0.07175540924072266,-0.14314863085746765
1781099397534940700,160.97494067382812,0.019391540437936783,-0.1073693335056305,-0.11754394322633743
1781099397575061800,161.01506176757812,0.08031241595745087,0.27115774154663086,0.1934962272644043
1781099397615182600,161.0551826171875,0.0948767140507698,0.10656452924013138,-0.20328068733215332
1781099397655303700,161.0953037109375,-0.011897139251232147,-0.26271870732307434,-0.12799178063869476
1781099397695424800,161.1354248046875,0.1524936705827713,0.22511780261993408,-0.1381181925535202
1781099397735545600,161.17554565429688,0.08877035230398178,0.03642432019114494,-0.15766339004039764
1781099397775666700,161.21566674804689,0.15465642511844635,0.0282159261405468,0.037931401282548904
1781099397815787800,161.2557878417969,0.039015840739011765,-0.1093512549996376,-0.11500488221645355
1781099397855908600,161.29590869140625,0.02196122519671917,-0.12974654138088226,0.1413496732711792
1781099397896029700,161.33602978515626,0.0029345371294766665,0.064443439245224,0.09364207088947296
1781099397936150800,161.37615087890626,-0.06819450110197067,-0.1811990886926651,-0.047503069043159485
1781099397976271600,161.41627172851562,-0.0015211976133286953,-0.013333914801478386,-0.048600826412439346
1781099398016392700,161.45639282226563,0.08035396039485931,-0.0019342538435012102,-0.014935273677110672
1781099398056513800,161.496513671875,0.09935321658849716,0.13846786320209503,-0.11576788127422333
1781099398096633600,161.53663354492187,0.13004934787750244,0.03803260251879692,-0.07808787375688553
1781099398136754400,161.57675439453126,0.09953431040048599,-0.08821534365415573,-0.10515331476926804
1781099398176875300,161.61687524414063,0.06428258121013641,-0.025486184284090996,0.0628008022904396
1781099398216996400,161.65699633789063,0.11532685905694962,0.07634110748767853,0.09409693628549576
1781099398257117400,161.69711743164063,0.10126004368066788,-0.09683679789304733,-0.1130376085639
1781099398297238300,161.73723828125,0.04111521318554878,-0.11538438498973846,-0.055926647037267685
1781099398337359400,161.777359375,0.08738923072814941,0.02304566465318203,0.09090913087129593
1781099398377480400,161.81748046875,0.12386521697044373,0.08854824304580688,0.032883379608392715
1781099398417601300,161.85760131835937,0.059730175882577896,-0.08883373439311981,-0.12746261060237885
1781099398457722400,161.89772241210937,0.0008793757879175246,-0.012573315761983395,-0.027763454243540764
1781099398497843500,161.93784350585938,0.08773224800825119,0.15713422000408173,-0.10096576064825058
1781099398537964300,161.97796435546874,-0.0026581010315567255,0.10343664139509201,-0.0680815801024437
1781099398578085400,162.01808544921874,0.10536743700504303,0.027094734832644463,-0.007784686051309109
1781099398618206500,162.05820654296875,0.03797108307480812,-0.19657936692237854,-0.2719934284687042
1781099398658327300,162.0983273925781,0.04478131979703903,-0.07049760222434998,0.080825075507164
1781099398698448400,162.13844848632812,-0.02954244613647461,0.10821808129549026,-0.0046751792542636395
1781099398738569500,162.17856958007812,0.04405667260289192,-0.20699472725391388,-0.08193827420473099
1781099398778690600,162.21869067382812,0.11225730180740356,-0.05775757133960724,0.12355149537324905
1781099398818811400,162.25881127929688,0.05495805665850639,-0.05416363477706909,-0.11536760628223419
1781099398858932500,162.29893237304688,0.07721436023712158,-0.037641383707523346,-0.17571882903575897
1781099398899053600,162.33905346679688,0.03483148291707039,0.13293993473052979,-0.04778509959578514
1781099398939174400,162.37917431640625,-0.10078280419111252,0.06594732403755188,0.07031384110450745
1781099398979295500,162.41929541015625,-0.24381479620933533,-0.10078013688325882,0.08025968819856644
1781099399019416600,162.45941650390625,-0.3162953853607178,-0.15789055824279785,0.1683514565229416
1781099399059537400,162.49953735351562,0.012826049700379372,0.16281741857528687,0.11331963539123535
1781099399099658500,162.53965844726562,0.2093132734298706,0.042935747653245926,-0.23463700711727142
1781099399139779800,162.57977978515626,0.1769111305475235,0.026146115735173225,-0.21237164735794067
1781099399179900700,162.61990063476563,0.16816610097885132,0.13597993552684784,-0.030829817056655884
1781099399220021800,162.66002172851563,0.15824902057647705,0.027520041912794113,-0.09406498074531555
1781099399260142800,162.70014282226563,0.17387086153030396,-0.051036287099123,-0.16652080416679382
1781099399300263700,162.740263671875,0.15436746180057526,-0.02154577150940895,-0.0010863033821806312
1781099399340384800,162.780384765625,0.16384460031986237,0.17766399681568146,-0.015455921180546284
1781099399380504800,162.8205048828125,0.12989887595176697,0.055445414036512375,-0.24740180373191833
1781099399420625700,162.86062573242188,0.04452938586473465,-0.125040203332901,-0.016164056956768036
1781099399460746800,162.90074682617188,-0.019760122522711754,0.04514031484723091,0.07495493441820145
1781099399500867800,162.94086791992189,-0.030163228511810303,0.0016769925132393837,-0.0026045716367661953
1781099399540988700,162.98098876953125,-0.02376019023358822,-0.027784492820501328,0.0810069665312767
1781099399581109800,163.02110986328125,0.023526631295681,0.21912223100662231,-0.03431563079357147
1781099399621230800,163.06123095703126,0.04361538961529732,0.19459131360054016,-0.02767983078956604
1781099399661351700,163.1013515625,0.03736281767487526,0.13194924592971802,-0.10883833467960358
1781099399701472800,163.14147265625,0.008522648364305496,-0.006172674708068371,0.09188118577003479
1781099399741593900,163.18159375,-0.0031212246976792812,0.03345303237438202,0.0945531353354454
1781099399781714700,163.22171459960938,-0.02520548738539219,-0.1489095836877823,-0.02570056915283203
1781099399821835800,163.2618356933594,0.09081858396530151,0.19267171621322632,0.07487370818853378
1781099399861956900,163.30195678710936,0.16237133741378784,0.2815408706665039,-0.22826805710792542
1781099399902077700,163.34207763671876,0.20853190124034882,0.2129250466823578,-0.23027154803276062
1781099399942198800,163.38219873046876,0.20472517609596252,0.10371414572000504,-0.05427549034357071
1781099399982319900,163.42231982421876,0.12866689264774323,-0.06245538964867592,-0.13184671103954315
1781099400022440700,163.46244067382813,0.04567907005548477,0.03531298413872719,0.016944894567131996
1781099400062561800,163.50256176757813,0.0024136228021234274,-0.10793711990118027,0.16313032805919647
1781099400102683000,163.54268286132813,-0.014222878031432629,0.006820355542004108,-0.015516108833253384
1781099400142803200,163.58280322265625,-0.017294036224484444,0.05607818439602852,0.034088995307683945
1781099400182924300,163.62292431640626,0.021527396515011787,0.15259167551994324,-0.08780229091644287
1781099400223045000,163.66304516601562,0.07961972802877426,0.15654033422470093,-0.13778983056545258
1781099400263166200,163.70316625976562,0.1013612449169159,0.26876595616340637,-0.08320806920528412
1781099400303287300,163.74328735351563,0.0854874700307846,0.17098559439182281,-0.015152054838836193
1781099400343408000,163.783408203125,0.14747121930122375,0.1308954358100891,-0.11083490401506424
1781099400383529200,163.823529296875,0.09656435251235962,-0.03999295458197594,0.009314405731856823
1781099400423650300,163.863650390625,0.12291526794433594,-0.09118929505348206,-0.09681122750043869
1781099400463771100,163.90377124023436,0.10464651882648468,-0.05513622239232063,0.04008643329143524
1781099400503892200,163.94389233398437,0.16855758428573608,-0.0065561700612306595,-0.04682449623942375
1781099400544013300,163.98401342773437,0.06521948426961899,-0.10648516565561295,-0.22304506599903107
1781099400584134100,164.02413403320313,0.06358696520328522,-0.006640592124313116,-0.008990032598376274
1781099400624255200,164.06425512695313,0.11616095900535583,0.13958266377449036,-0.04369368404150009
1781099400664376300,164.10437622070313,0.06986163556575775,0.027895547449588776,-0.14013101160526276
1781099400704497200,164.1444970703125,0.06724108755588531,-0.028660140931606293,-0.033304959535598755
1781099400744618200,164.1846181640625,0.09342075884342194,-0.04585537314414978,-0.1313827931880951
1781099400784739300,164.2247392578125,0.07590515166521072,0.05300356447696686,0.06446047872304916
1781099400824860200,164.26486010742187,0.07808388024568558,-0.020185429602861404,-0.18506306409835815
1781099400864981200,164.30498120117187,0.06737344712018967,-0.07381563633680344,-0.12323831021785736
1781099400905101300,164.34510131835938,0.17101089656352997,0.17139731347560883,-0.19719669222831726
1781099400945222100,164.38522216796875,0.08484218269586563,-0.015849536284804344,-0.1184411570429802
1781099400985343200,164.42534326171875,0.18588438630104065,0.06258241832256317,-0.08203894644975662
1781099401025464300,164.46546435546875,0.057802047580480576,-0.042332012206315994,0.015589346177875996
1781099401065585200,164.50558520507812,0.1092764213681221,-0.022782543674111366,-0.13334980607032776
1781099401105706200,164.54570629882812,0.12108274549245834,0.13736265897750854,-0.12697473168373108
1781099401145827300,164.58582739257812,0.17701685428619385,0.22242134809494019,-0.2288057506084442
1781099401185948200,164.6259482421875,0.20012909173965454,0.19735248386859894,-0.1400172859430313
1781099401226069200,164.6660693359375,0.2727771997451782,-0.00896633043885231,-0.14953117072582245
1781099401266190300,164.7061904296875,0.26106008887290955,-0.0887831300497055,-0.1779249906539917
1781099401306311400,164.7463115234375,0.24745267629623413,-0.05053241550922394,-0.012324044480919838
1781099401346432300,164.78643237304686,0.09526500105857849,0.09513663500547409,-0.002258094260469079
1781099401386553300,164.82655322265626,0.04601889103651047,0.06521735340356827,-0.13825614750385284
1781099401426674400,164.86667431640626,-0.1301255077123642,-0.0906209796667099,0.1365562528371811
1781099401466795300,164.90679516601563,0.057614028453826904,0.010941331274807453,-0.030399717390537262
1781099401506916400,164.94691625976563,-0.11619850993156433,-0.08579080551862717,0.0005888249143026769
1781099401547037400,164.98703735351563,-0.2215244024991989,-0.21474772691726685,-0.010691792704164982
1781099401587158300,165.027158203125,-0.026377545669674873,-0.07233890891075134,-0.1947585642337799
1781099401627279400,165.067279296875,-0.0637052059173584,-0.03110705316066742,-0.012950153090059757
1781099401667400400,165.107400390625,0.08224773406982422,0.029217006638646126,-0.27883055806159973
1781099401707521300,165.14752124023437,0.02460387907922268,-0.18497517704963684,-0.3215271532535553
1781099401747642400,165.18764233398437,0.10110317915678024,0.0869751125574112,-0.057487260550260544
1781099401787763500,165.22776342773437,0.11402617394924164,-0.1594964563846588,0.027238013222813606
1781099401827884300,165.26788427734374,0.1056760922074318,-0.2988988161087036,-0.14413560926914215
1781099401868005400,165.30800537109374,-0.0870845690369606,-0.35997894406318665,0.03877509385347366
1781099401908126500,165.34812646484374,0.0018037590198218822,-0.17620804905891418,0.10276765376329422
1781099401948247300,165.38824731445314,-0.009438242763280869,-0.09020126610994339,-0.03966139256954193
1781099401988368400,165.4283684082031,-0.004244545940309763,-0.19886596500873566,0.04273015260696411
1781099402028489500,165.46848950195312,0.01588841900229454,-0.1710314005613327,-0.11982600390911102
1781099402068610300,165.5086103515625,-0.0831870287656784,-0.1251206398010254,-0.1150679960846901
1781099402108731400,165.5487314453125,-0.11476732790470123,-0.06572095304727554,0.028620192781090736
1781099402148852200,165.58885229492188,-0.15732383728027344,-0.01321274135261774,-0.04837978258728981
1781099402188973300,165.62897338867188,-0.1285656988620758,0.01750921830534935,0.011049188673496246
1781099402229093600,165.66909375,-0.07054926455020905,-0.14740197360515594,-0.07080785930156708
1781099402269214500,165.70921435546876,-0.014056696556508541,-0.173642098903656,0.13390187919139862
1781099402309335600,165.74933544921876,0.024175643920898438,-0.11495721340179443,0.1944453865289688
1781099402349456600,165.78945654296874,-0.034929756075143814,-0.24349121749401093,0.009922672063112259
1781099402389577500,165.82957739257813,-0.032699357718229294,-0.18820878863334656,0.018574217334389687
1781099402429698600,165.86969848632813,0.006982275750488043,-0.07993771135807037,0.009603625163435936
1781099402469819600,165.90981958007814,-0.024702416732907295,0.04486653953790665,-0.059900350868701935
1781099402509940500,165.9499404296875,-0.03947390615940094,0.05227252468466759,0.016116652637720108
1781099402550061600,165.9900615234375,-0.07817576080560684,0.00361683894880116,-0.15571902692317963
1781099402590182700,166.0301826171875,-0.06914684921503067,0.051063451915979385,-0.028116323053836823
1781099402630303500,166.07030346679687,-0.045101165771484375,0.04946848377585411,0.003710316028445959
1781099402670424600,166.11042456054687,-0.036015525460243225,0.018580874428153038,0.08207117021083832
1781099402710545700,166.15054565429688,-0.04482286423444748,-0.06708049774169922,0.07370351254940033
1781099402750666500,166.19066650390624,-0.013162939809262753,-0.05163949355483055,0.15185637772083282
1781099402790787600,166.23078759765625,-0.024111727252602577,0.06838145107030869,0.05890725925564766
1781099402830908400,166.2709084472656,-0.05273591727018356,0.057208430022001266,0.05017395317554474
1781099402871029500,166.3110295410156,-0.03490498661994934,0.16328638792037964,0.08273402601480484
1781099402911150300,166.351150390625,-0.07514162361621857,0.18482071161270142,0.019155317917466164
1781099402951271400,166.391271484375,-0.11771411448717117,0.08861588686704636,0.0735117644071579
1781099402991392300,166.43139233398438,-0.11656682938337326,0.05154814571142197,0.111946240067482
1781099403031513300,166.47151342773438,-0.1635788083076477,0.09805679321289062,0.1609760969877243
1781099403071634400,166.51163452148438,-0.11058110743761063,0.05513089522719383,0.0724949762225151
1781099403111755800,166.551755859375,0.0060240705497562885,0.04018843173980713,0.0602383054792881
1781099403151876900,166.591876953125,0.10664016008377075,0.17292997241020203,-0.1210438683629036
1781099403191997700,166.63199780273436,0.1800728291273117,0.13325951993465424,-0.007790012285113335
1781099403232118800,166.67211889648436,0.13748595118522644,0.07336875796318054,-0.005655488930642605
1781099403272239900,166.71223999023437,0.07718533277511597,-0.09416724741458893,-0.13014814257621765
1781099403312360700,166.75236059570312,0.042458776384592056,-0.08151642978191376,-0.05462170019745827
1781099403352481800,166.79248168945313,-0.01732226461172104,-0.018033862113952637,0.023865384981036186
1781099403392603000,166.83260278320313,-0.008359928615391254,0.10916589945554733,-0.026194585487246513
1781099403432722700,166.87272265625,0.019595805555582047,-0.06736306101083755,-0.22091799974441528
1781099403472843800,166.91284375,0.017438111826777458,-0.02696530520915985,-0.006566023454070091
1781099403512964600,166.95296459960937,0.06519258767366409,0.05137690529227257,0.07015299052000046
1781099403553085700,166.99308569335938,0.042460110038518906,-0.08707631379365921,-0.13174258172512054
1781099403593206800,167.03320678710938,-0.023856863379478455,-0.025135179981589317,0.07576959580183029
1781099403633327600,167.07332763671874,0.07411736994981766,0.08017686009407043,0.09166733920574188
1781099403673448700,167.11344873046875,0.020320450887084007,0.03195074200630188,-0.014881744049489498
1781099403713569800,167.15356982421875,0.02382810041308403,-0.11657268553972244,-0.053645651787519455
1781099403753690600,167.19369067382812,0.04364015534520149,-0.0836445614695549,0.0003374225052539259
1781099403793811700,167.23381176757812,-0.02640923671424389,-0.002927612978965044,0.12246306240558624
1781099403833932800,167.27393286132812,-0.012169580906629562,-0.011050786823034286,-0.04597175121307373
1781099403874053600,167.3140537109375,-0.04049336537718773,0.20415659248828888,-0.08197875320911407
1781099403914174700,167.3541748046875,0.025435585528612137,0.09814228117465973,-0.1120610237121582
1781099403954295800,167.3942958984375,0.0014410364674404263,0.05469919741153717,0.06709355115890503
1781099403994417000,167.4344169921875,-0.027482490986585617,-0.08147222548723221,0.09378667920827866
1781099404034537700,167.4745378417969,-0.019461048766970634,-0.1382225900888443,0.03477182984352112
1781099404074658800,167.51465893554686,-0.04794169217348099,0.0820607841014862,0.09930075705051422
1781099404114780000,167.55477978515626,0.021194234490394592,-0.013821273110806942,0.03767707198858261
1781099404154900700,167.59490063476562,0.1083507090806961,0.06039516627788544,0.07701408863067627
1781099404195021800,167.63502172851562,0.03507383167743683,0.01715714856982231,-0.05278332158923149
1781099404235143000,167.67514282226563,0.03134593740105629,-0.01561145018786192,0.05816956236958504
1781099404275263700,167.715263671875,-0.02009621262550354,0.0360991470515728,-0.1197114884853363
1781099404315384800,167.755384765625,0.014553642831742764,0.056243300437927246,0.017800036817789078
1781099404355506000,167.795505859375,0.0228738896548748,0.15430648624897003,-0.13875921070575714
1781099404395626800,167.83562670898436,0.07122650742530823,-0.014566958881914616,-0.2660977244377136
1781099404435747800,167.87574780273437,0.06337710469961166,0.24963726103305817,0.1997719705104828
1781099404475869000,167.91586889648437,0.09638459235429764,0.24293407797813416,0.016804812476038933
1781099404515988700,167.95598876953125,0.06981264054775238,-0.06943633407354355,0.07187765091657639
1781099404556109800,167.99610986328125,0.03519846871495247,-0.05022934824228287,0.1197543665766716
1781099404596231000,168.03623095703125,-0.05307893082499504,-0.25675269961357117,0.08084478229284286
1781099404636351700,168.07635180664062,-0.0021752698812633753,-0.06296911090612411,0.29022303223609924
1781099404676472800,168.11647290039062,-0.0038629150949418545,0.19244082272052765,-0.138356015086174
1781099404716594000,168.15659399414062,0.07768706977367401,-0.22585096955299377,-0.2213188111782074
1781099404756714800,168.19671484375,0.13087865710258484,0.18306969106197357,-0.038956720381975174
1781099404796835800,168.2368359375,0.12488627433776855,0.21897734701633453,-0.2263609617948532
1781099404836957000,168.27695703125,0.03898867964744568,-0.007955394685268402,-0.05548775941133499
1781099404877077800,168.3170778808594,0.04565750062465668,0.12114852666854858,0.06113738939166069
1781099404917198800,168.35719873046875,0.023742614313960075,-0.02046586014330387,-0.18207579851150513
1781099404957320000,168.39731982421876,-0.024633441120386124,-0.028736306354403496,0.00749147217720747
1781099404997440800,168.43744067382812,0.035046134144067764,0.07214636355638504,0.012374910525977612
1781099405037561900,168.47756176757812,0.030308371409773827,-0.02539111115038395,0.01446842122823
1781099405077683000,168.51768286132813,0.048767272382974625,0.08121948689222336,0.013071860186755657
1781099405117803500,168.55780346679688,0.05288558453321457,-0.0611906535923481,0.05577857792377472
1781099405157924600,168.5979245605469,0.11833889037370682,-0.19014011323451996,-0.08472500741481781
1781099405198045700,168.6380456542969,0.06101115420460701,-0.07217033207416534,0.04301031678915024
1781099405238166500,168.67816650390625,0.028063857927918434,0.1280522346496582,-0.14561977982521057
1781099405278287600,168.71828759765626,0.08063385635614395,-0.15199272334575653,0.02286829799413681
1781099405318408700,168.75840869140626,0.06516329199075699,0.049669284373521805,-0.01950286142528057
1781099405358529500,168.79852954101563,0.06214752793312073,0.009190035983920097,-0.21394264698028564
1781099405398650600,168.83865063476563,0.09283752739429474,-0.026453178375959396,-0.11491566896438599
1781099405438771700,168.87877172851563,0.05842522531747818,0.1941487044095993,-0.017422666773200035
1781099405478891500,168.9188916015625,0.029576268047094345,0.051386758685112,-0.1467851847410202
1781099405519012600,168.9590126953125,0.02532453089952469,0.05095905438065529,0.016116918995976448
1781099405559133400,168.99913354492188,0.10797680169343948,-0.025618543848395348,-0.18487237393856049
1781099405599254500,169.03925463867188,0.03019731678068638,-0.09447138011455536,-0.0875338464975357
1781099405639375600,169.07937573242188,0.10414690524339676,0.05476710945367813,0.08452553302049637
1781099405679496400,169.11949633789064,0.1199442446231842,-0.00854288786649704,-0.036432843655347824
1781099405719617500,169.1596174316406,0.12359517812728882,-0.13214924931526184,-0.07620502263307571
1781099405759738600,169.19973852539061,0.038065891712903976,-0.01290408056229353,0.008183361031115055
1781099405799859500,169.239859375,0.1058497354388237,0.053827546536922455,0.08079417794942856
1781099405839980500,169.27998046875,0.06012618914246559,-0.14048387110233307,-0.0962865874171257
1781099405880101600,169.3201015625,0.027570374310016632,-0.04418210685253143,-0.017051154747605324
1781099405920222500,169.36022241210938,0.04466573894023895,-0.0009467537747696042,-0.06178320571780205
1781099405960343600,169.40034350585938,0.036248818039894104,-0.03924620524048805,-0.030845530331134796
1781099406000464600,169.44046459960938,-0.032164327800273895,-0.07400738447904587,-0.0263005793094635
1781099406040585500,169.48058544921875,-0.05901484936475754,-0.01805143803358078,0.007631287910044193
1781099406080706600,169.52070654296875,-0.06591776013374329,0.030532076954841614,-0.11415133625268936
1781099406120827000,169.56082690429687,-0.07931479811668396,-0.06668742001056671,-0.033121999353170395
1781099406160947700,169.60094775390624,0.032707344740629196,0.07600342482328415,-0.007095193490386009
1781099406201068800,169.64106884765624,0.014603976160287857,-0.05492876097559929,-0.12131497263908386
1781099406241190000,169.68118994140625,0.013497699052095413,-0.032102808356285095,0.024081900715827942
1781099406281310700,169.7213107910156,0.017704695463180542,0.10633682459592819,-0.01836489327251911
1781099406321431800,169.7614318847656,0.007982026785612106,0.03154008463025093,-0.03905925154685974
1781099406361553000,169.80155297851562,0.01702398993074894,-0.08644621074199677,-0.02827557921409607
1781099406401673700,169.841673828125,0.03622458502650261,0.001969407545402646,0.020793695002794266
1781099406441794800,169.881794921875,0.06239200383424759,-0.005712214391678572,-0.03105032816529274
1781099406481916000,169.921916015625,0.01623542793095112,-0.0016495619202032685,-0.07578077912330627
1781099406522036700,169.96203662109374,0.08975917845964432,-0.03326607868075371,0.0716017484664917
1781099406562157800,170.00215771484375,0.095002681016922,0.02731950581073761,-0.06337950378656387
1781099406602278000,170.04227783203126,0.05974828451871872,-0.09413448721170425,-0.05530666559934616
1781099406642398700,170.08239868164063,0.0745282992720604,-0.011994611471891403,0.01281539723277092
1781099406682519800,170.12251977539063,0.04055009037256241,-0.0495062991976738,-0.001874066423624754
1781099406722641000,170.16264086914063,0.03752899914979935,-0.0333973728120327,0.004194212146103382
1781099406762761700,170.20276171875,0.04649639502167702,-0.04631343483924866,-0.00929336715489626
1781099406802882800,170.2428828125,0.01534619927406311,-0.057133328169584274,-0.018372349441051483
1781099406843004000,170.28300390625,-0.00032730249222368,-0.011521100997924805,0.01962243765592575
1781099406883124700,170.32312475585937,-0.055153001099824905,0.05745743215084076,0.006484264507889748
1781099406923245800,170.36324584960937,-0.06286817789077759,-0.03233210742473602,0.02111993171274662
1781099406963367000,170.40336694335937,-0.02743854932487011,0.12585806846618652,0.05324484407901764
1781099407003487700,170.44348779296874,-0.039267510175704956,0.017196297645568848,-0.0035691685043275356
1781099407043608800,170.48360888671874,-0.02671336941421032,0.08092627674341202,0.10075350850820541
1781099407083730000,170.52372998046874,0.005961486138403416,0.08672291040420532,0.06633082032203674
1781099407123851500,170.5638515625,0.02333914488554001,-0.05415298417210579,-0.026095516979694366
1781099407163972400,170.60397241210939,0.025549568235874176,-0.050940413028001785,0.026159431785345078
1781099407204093400,170.6440935058594,0.07012449204921722,0.008255000226199627,0.038175880908966064
1781099407244214500,170.68421459960936,0.10662604868412018,-0.05655302479863167,-0.014877749606966972
1781099407284335400,170.72433544921876,0.11252468079328537,-0.0991865023970604,-0.16464699804782867
1781099407324456400,170.76445654296876,0.07263452559709549,-0.0037404096219688654,-0.0948583334684372
1781099407364577500,170.80457763671876,0.09966214746236801,0.1001545637845993,0.0034533210564404726
1781099407404698400,170.84469848632813,0.04514617100358009,0.018548384308815002,-0.09024573862552643
1781099407444819500,170.8848193359375,-0.005152950529009104,-0.07868975400924683,-0.0041342913173139095
1781099407484940500,170.9249404296875,0.00433056615293026,0.02797730639576912,-0.0372307263314724
1781099407525061400,170.96506127929686,0.03724510595202446,0.010188189335167408,-0.049423474818468094
1781099407565182500,171.00518237304686,0.1141582652926445,0.07800345867872238,-0.022994264960289
1781099407605303600,171.04530346679687,0.14385543763637543,0.043245475739240646,-0.09790658950805664
1781099407645423400,171.08542333984374,0.14295955002307892,0.03861423581838608,-0.04886820539832115
1781099407685544400,171.12554443359375,0.16119448840618134,-0.004801679402589798,-0.09327535331249237
1781099407725665500,171.16566552734375,0.19087354838848114,0.12140685319900513,0.002829342382028699
1781099407765786400,171.2057863769531,0.2668202519416809,0.026564499363303185,-0.08538467437028885
1781099407805907500,171.24590747070312,0.27851712703704834,-0.06504610925912857,-0.09145455062389374
1781099407846028500,171.28602856445312,0.16768060624599457,-0.01936730556190014,-0.05095798894762993
1781099407886149400,171.3261494140625,0.06119251623749733,-0.039852872490882874,0.021988656371831894
1781099407926270500,171.3662705078125,0.014034326188266277,-0.02773415856063366,0.12258823215961456
1781099407966391600,171.4063916015625,0.06672363728284836,0.0267152339220047,0.07229337096214294
1781099408006512400,171.44651245117188,0.022974824532866478,0.09107185155153275,-0.19358864426612854
1781099408046633500,171.4866335449219,0.012540559284389019,0.014198376797139645,-0.18669956922531128
1781099408086754600,171.5267546386719,-0.10458100587129593,-0.10036148875951767,0.14948002994060516
1781099408126875000,171.566875,-0.15059083700180054,-0.4732820689678192,0.9077355265617371
1781099408166996000,171.60699584960938,-0.06744135916233063,-0.38469067215919495,1.3517597913742065
1781099408207116800,171.64711669921874,0.8000447154045105,-0.6405541300773621,1.515623927116394
1781099408247238000,171.68723779296874,1.5017924308776855,-0.1370534598827362,1.2107758522033691
1781099408287359000,171.72735888671875,2.1794064044952393,0.489027202129364,0.9783300757408142
1781099408327480000,171.76747998046875,2.3142008781433105,0.6122490167617798,1.436071753501892
1781099408367601000,171.80760083007812,2.487600326538086,-0.06659287214279175,1.4263973236083984
1781099408407722000,171.84772192382812,2.148272752761841,0.5100176930427551,1.518861174583435
1781099408447843000,171.88784301757812,-1.652586817741394,-0.28385302424430847,-1.6347441673278809
1781099408487964000,171.9279638671875,0.21252983808517456,-1.0763988494873047,0.7509565353393555
1781099408528085000,171.9680849609375,1.5120352506637573,-0.7921943068504333,0.7747484445571899
1781099408568206000,172.0082060546875,-0.587345540523529,0.3195449709892273,-0.1781740039587021
1781099408608326000,172.04832592773437,0.5412733554840088,-0.16201713681221008,0.39852553606033325
1781099408648447000,172.08844702148437,0.6746578216552734,0.28032565116882324,0.21189174056053162
1781099408688567800,172.12856787109374,0.44394761323928833,0.47459661960601807,0.25389939546585083
1781099408728689000,172.16868896484374,0.1667168140411377,-0.0033843449782580137,-0.025657160207629204
1781099408768810000,172.20881005859374,0.08843772113323212,-0.10936084389686584,-0.004031226970255375
1781099408808930800,172.24893090820314,0.03573056682944298,-0.28928694128990173,-0.057316817343235016
1781099408849052000,172.28905200195314,-0.021823540329933167,0.1318110227584839,-0.07002728432416916
1781099408889173000,172.3291730957031,-0.20815852284431458,-0.16328346729278564,0.09477844089269638
1781099408929293800,172.3692939453125,-0.32720503211021423,-0.2851632833480835,0.22758762538433075
1781099408969415000,172.40941479492187,-0.2717532217502594,-0.14073234796524048,0.15359275043010712
1781099409009536000,172.44953588867187,-0.1925545334815979,0.13200969994068146,0.08661984652280807
1781099409049656800,172.48965673828124,-0.500982403755188,-0.975804328918457,-0.4388545751571655
1781099409089778000,172.52977783203124,-0.3160274624824524,0.7956483960151672,-1.172470211982727
1781099409129899300,172.56989916992188,-0.09738487750291824,-0.11222773790359497,0.035825375467538834
1781099409170020400,172.61002026367188,-0.07855739444494247,0.23751188814640045,-0.4121132493019104
1781099409210141200,172.65014111328125,-0.09001324325799942,0.029557624831795692,-0.3704550266265869
1781099409250262300,172.69026220703125,-0.16596180200576782,0.230745330452919,-0.05710696056485176
1781099409290383400,172.73038330078126,-0.4015897810459137,-0.0674181878566742,-0.37466949224472046
1781099409330504200,172.77050415039062,-0.4012097418308258,-0.06374409049749374,-0.1736050844192505
1781099409370625300,172.81062524414062,-0.07392509281635284,0.178722083568573,-0.11733967810869217
1781099409410746400,172.85074633789063,0.010224142111837864,0.15857791900634766,-0.18206514418125153
1781099409450867200,172.8908671875,0.0370834544301033,0.047088414430618286,0.1465364396572113
1781099409490987300,172.9309873046875,0.14156486093997955,-0.045994922518730164,-0.02099023573100567
1781099409531108000,172.97110815429687,0.1815096139907837,-0.026283269748091698,-0.12709936499595642
1781099409571229200,173.01122924804687,0.08178727328777313,0.18348674476146698,-0.2753889560699463
1781099409611350300,173.05135034179688,-0.07118336856365204,0.017973940819501877,0.09039727598428726
1781099409651471000,173.09147119140624,-0.09986241161823273,0.01512941811233759,0.1008342057466507
1781099409691592200,173.13159228515624,-0.0718880370259285,0.023509319871664047,0.1406407356262207
1781099409731713300,173.17171337890625,-0.240346297621727,-0.08035582304000854,0.11502885073423386
1781099409771834000,173.2118342285156,-0.15137913823127747,-0.16520041227340698,0.10291333496570587
1781099409811955200,173.251955078125,0.04422764852643013,0.0019126823171973228,0.14166605472564697
1781099409852076300,173.292076171875,-0.1785050332546234,-0.04831693321466446,0.047443680465221405
1781099409892197000,173.33219702148438,-0.23900192975997925,-0.18166619539260864,0.040163930505514145
1781099409932318200,173.37231811523438,-0.19704516232013702,0.07899574935436249,0.018267953768372536
1781099409972439300,173.41243920898438,-0.3347651958465576,-0.07216287404298782,-0.18137964606285095
1781099410012560400,173.45256030273438,-0.12519599497318268,0.023327693343162537,-0.13048291206359863
1781099410052681200,173.49268115234375,0.14479446411132812,0.048580318689346313,-0.17333237826824188
1781099410092802300,173.53280224609375,0.1678750216960907,-0.09985921531915665,-0.22079682350158691
1781099410132923100,173.57292309570312,0.6233432292938232,-0.17360161244869232,-0.05855811759829521
1781099410173044000,173.6130439453125,-0.2504436671733856,-0.39147189259529114,0.7004497051239014
1781099410213165000,173.6531650390625,0.43584176898002625,0.16887503862380981,-0.07697707414627075
1781099410253286100,173.6932861328125,0.4723166823387146,0.12972284853458405,0.2477962225675583
1781099410293407200,173.7334072265625,0.8074381947517395,0.18257087469100952,-0.30951976776123047
1781099410333528000,173.77352807617189,-0.22251082956790924,-0.1400867998600006,0.40515628457069397
1781099410373648100,173.81364819335937,-0.5806604623794556,0.26663488149642944,1.1473294496536255
1781099410413769000,173.85376904296874,-1.867327094078064,-0.35248002409935,0.5947094559669495
1781099410453890000,173.89389013671874,-2.1759963035583496,-0.3191082179546356,1.2058899402618408
1781099410494011100,173.93401123046874,-1.8126925230026245,2.1555426120758057,2.4788143634796143
1781099410534132000,173.97413208007814,-1.0173296928405762,1.641906499862671,2.591001272201538
1781099410574253000,174.01425317382814,0.7025565505027771,0.5410784482955933,4.97833251953125
1781099410614374100,174.0543740234375,3.2992072105407715,3.924065113067627,4.848339080810547
1781099410654495000,174.09449487304687,5.842043399810791,9.373024940490723,4.204808712005615
1781099410694616000,174.13461596679687,3.009742498397827,1.9016282558441162,6.491957187652588
1781099410734737200,174.17473706054687,-0.3430471122264862,1.9587936401367188,8.87094497680664
1781099410774858000,174.21485791015624,-2.6751303672790527,0.5616303086280823,11.442418098449707
1781099410814979000,174.25497900390624,-6.248802661895752,-3.2660269737243652,8.729753494262695
1781099410855100200,174.29510009765625,-10.330404281616211,-2.943796396255493,5.168949604034424
1781099410895221000,174.3352209472656,-12.573714256286621,3.0474088191986084,-0.8254249095916748
1781099410935342000,174.3753420410156,-9.534134864807129,7.4879631996154785,-0.8776207566261292
1781099410975463200,174.41546313476562,-7.222987651824951,2.2267229557037354,-1.6313432455062866
1781099411015584000,174.455583984375,-1.8585846424102783,0.11318487673997879,0.7714666128158569
1781099411055705000,174.495705078125,2.688687801361084,1.6960698366165161,0.012556271627545357
1781099411095826200,174.535826171875,1.2051904201507568,-6.104630947113037,1.0265463590621948
1781099411135947000,174.57594702148438,1.4177037477493286,-2.8399264812469482,3.7388391494750977
1781099411176067000,174.61606713867187,0.8687012791633606,-1.3526922464370728,2.130373954772949
1781099411216188200,174.65618823242187,0.08226584643125534,-1.6456737518310547,0.82197105884552
1781099411256309000,174.69630908203126,0.2029922604560852,-1.4051085710525513,0.8504687547683716
1781099411296430000,174.73643017578124,0.6535277366638184,0.9998590350151062,0.32391655445098877
1781099411336551200,174.77655126953124,0.5949174165725708,0.35890889167785645,0.3533189296722412
1781099411376672000,174.81667211914063,-0.44915756583213806,-1.0931626558303833,1.4422111511230469
1781099411416793000,174.85679296875,-0.19642570614814758,0.22436092793941498,0.894437849521637
1781099411456913000,174.89691284179688,-0.12898993492126465,-0.3524334132671356,0.874936580657959
1781099411497034000,174.93703393554688,-0.10095510631799698,0.0041699777357280254,1.1100276708602905
1781099411537155000,174.97715502929688,-0.17634519934654236,-0.6156812906265259,0.9558172821998596
1781099411577276000,175.01727587890625,-0.24405448138713837,0.20983871817588806,0.1905803382396698
1781099411617397000,175.05739697265625,-0.3620634078979492,-0.48142123222351074,0.017583787441253662
1781099411657518000,175.09751806640625,-0.86993008852005,-0.1330816149711609,0.45417362451553345
1781099411697639000,175.13763891601562,-0.4840995669364929,-0.6454679369926453,0.7619079947471619
1781099411737760000,175.17776000976562,-0.4125913083553314,-0.5830064415931702,1.0138415098190308
1781099411777881000,175.21788110351562,0.2759524881839752,-0.00935328844934702,1.1866145133972168
1781099411818002000,175.258001953125,0.575850248336792,0.07214929163455963,1.0500737428665161
1781099411858123000,175.298123046875,0.03614788502454758,-0.25870347023010254,0.7493887543678284
1781099411898244000,175.338244140625,0.10169094055891037,0.28680700063705444,0.2691265344619751
1781099411938365000,175.3783649902344,0.03117416426539421,-0.0003043993201572448,0.05508003011345863
1781099411978486000,175.41848608398436,-0.136357843875885,0.026552248746156693,0.26497119665145874
1781099412018607000,175.45860717773436,-0.27515992522239685,0.07093808799982071,0.8662794232368469
1781099412058728000,175.49872802734376,-0.3216182589530945,0.00942306313663721,0.7006486654281616
1781099412098849000,175.53884912109376,-0.37852147221565247,-0.3091200292110443,0.27652454376220703
1781099412138969900,175.57896997070313,-0.3323896527290344,-0.00797377061098814,-0.00577932596206665
1781099412179091000,175.61909106445313,-0.2598097324371338,0.1479918658733368,-0.23067449033260345
1781099412219211800,175.6592116699219,-0.033195238560438156,0.05066690593957901,-0.13670645654201508
1781099412259332900,175.69933276367186,0.12873508036136627,0.10655227303504944,0.006976949516683817
1781099412299454000,175.73945385742186,0.4130275249481201,0.731257975101471,0.04044835641980171
1781099412339575800,175.77957592773438,0.2906875014305115,1.062017560005188,-0.14752501249313354
1781099412379697000,175.81969677734375,0.10788864642381668,0.1621106117963791,-0.0012679309584200382
1781099412419818000,175.85981787109375,0.46372559666633606,-0.12171844393014908,-0.17277230322360992
1781099412459938800,175.89993872070312,0.6142131090164185,-0.16238917410373688,-0.6059519648551941
1781099412500060000,175.94005981445312,-0.22567546367645264,-0.348857045173645,-0.318036288022995
1781099412547704000,175.9877041015625,-0.2623448073863983,0.12086144089698792,-0.06791140884160995
1781099412572779800,176.01277978515625,-0.275554358959198,0.031506527215242386,-0.2774750292301178
1781099412597855700,176.03785571289063,-0.16262540221214294,0.004310858901590109,-0.3995399475097656
1781099412622932000,176.06293188476562,-0.00535508431494236,-0.09598405659198761,-0.3388262689113617
1781099412648008000,176.08800805664063,0.05002535134553909,-0.15715447068214417,-0.15298688411712646
1781099412673083000,176.11308276367188,-0.014932610094547272,-0.2646436393260956,0.04165903106331825
1781099412698159000,176.1381591796875,-0.09884215891361237,-0.3096025884151459,0.07572725415229797
1781099412723234800,176.16323486328125,0.013258813880383968,-0.32684868574142456,-0.07841145247220993
1781099412748310800,176.18831079101562,0.02251249924302101,-0.11266050487756729,-0.14258404076099396
1781099412773387000,176.21338696289064,-0.19844545423984528,-0.23309050500392914,-0.2069436013698578
1781099412798463000,176.238462890625,-0.2925865948200226,-0.19217662513256073,-0.2565838396549225
1781099412823538000,176.26353784179688,-0.20717741549015045,-0.2624864876270294,-0.45290303230285645
1781099412848614000,176.28861376953125,-0.12293444573879242,-0.13515356183052063,-0.6014067530632019
1781099412873689900,176.31368994140624,-0.10372799634933472,0.02612055093050003,-0.5638119578361511
1781099412898765800,176.33876586914062,-0.09825412929058075,0.0007989483419805765,-0.48219379782676697
1781099412923842000,176.36384204101563,-0.0847814679145813,0.09493903070688248,-0.4968867301940918
1781099412948917800,176.38891772460937,0.03640061989426613,0.10060996562242508,-0.6013870239257812
1781099412973993700,176.41399365234375,0.2686152160167694,0.16632746160030365,-0.666994571685791
1781099412999069000,176.43906884765624,0.39317232370376587,0.2239779680967331,-0.4268471896648407
1781099413024145000,176.46414477539062,0.5241135358810425,0.007648332044482231,-0.24940477311611176
1781099413049220900,176.48922094726564,0.5066080689430237,0.15696245431900024,-0.4554910957813263
1781099413074296800,176.514296875,0.4273500144481659,0.5889045596122742,-0.2929253578186035
1781099413099372800,176.53937280273436,0.1578119993209839,0.32013460993766785,-0.033065807074308395
1781099413124449500,176.56444946289062,-0.1703757345676422,-0.10781221836805344,0.04121135175228119
1781099413149525500,176.589525390625,0.001817873795516789,-0.04460901394486427,-0.1326451301574707
1781099413174601500,176.6146015625,0.15369795262813568,0.22405627369880676,-0.3205793499946594
1781099413199677400,176.63967749023436,0.16877862811088562,0.16151246428489685,-0.4069230258464813
1781099413224753400,176.66475341796874,0.18258605897426605,0.1323162317276001,-0.34365591406822205
1781099413249829600,176.68982958984375,-0.050157178193330765,-0.09106998890638351,-0.19102241098880768
1781099413274905300,176.7149052734375,-0.3420098125934601,-0.42991727590560913,-0.02551574632525444
1781099413299980300,176.73998022460938,-0.2902800440788269,-0.2388189733028412,0.07829587161540985
1781099413325056500,176.76505639648437,-0.08674687892198563,0.2265753448009491,0.2172660082578659
1781099413350132500,176.79013256835938,0.09790046513080597,0.22355718910694122,0.31584396958351135
1781099413375208400,176.81520849609376,0.15162786841392517,-0.035407524555921555,0.4137393832206726
1781099413400284400,176.84028442382814,0.17966510355472565,-0.19049911201000214,0.41267040371894836
1781099413425360400,176.8653603515625,0.2299698144197464,-0.15723063051700592,0.3322932720184326
1781099413450436400,176.89043627929686,0.20849356055259705,0.2247641384601593,0.17410628497600555
1781099413475512600,176.9155126953125,0.1397770792245865,0.392898827791214,0.1060638502240181
1781099413500588500,176.94058862304686,0.22840094566345215,0.40147820115089417,0.06344794481992722
1781099413525664500,176.96566455078124,0.23641546070575714,0.5153924822807312,-0.15004809200763702
1781099413550740500,176.99074047851562,0.024098144844174385,0.5454825162887573,-0.3341790437698364
1781099413575816400,177.01581640625,-0.04578639566898346,0.34988823533058167,-0.3374299705028534
1781099413600892400,177.04089233398437,-0.3281959891319275,-0.1901819258928299,0.12220793217420578
1781099413625968400,177.0659685058594,-0.4608597457408905,-0.6477587819099426,0.0037923413328826427
1781099413651044400,177.09104443359374,-0.1955742985010147,0.10082461684942245,-0.2657073140144348
1781099413676120600,177.11612060546875,-0.1745196133852005,0.5506365299224854,-0.3356347382068634
1781099413701196500,177.14119653320313,-0.05188503488898277,-0.10743724554777145,-0.5589154958724976
1781099413726272300,177.16627221679687,-0.09260822832584381,-0.49409013986587524,-0.5433863401412964
1781099413751348500,177.19134838867188,-0.30442115664482117,-0.28816574811935425,-0.2992982864379883
1781099413776424400,177.21642456054687,-0.2567364573478699,-0.19272683560848236,-0.09165401756763458
1781099413801500700,177.24150073242188,-0.04796060174703598,-0.0421953909099102,0.155243381857872
1781099413826576400,177.26657641601562,0.08931496739387512,-0.14619103074073792,0.17446181178092957
1781099413851651300,177.2916513671875,0.17612922191619873,-0.19970405101776123,0.11675484478473663
1781099413876727300,177.31672729492186,0.1852249801158905,-0.09276775270700455,0.18536213040351868
1781099413901803500,177.34180346679688,0.11235876381397247,-0.04561489075422287,0.18767668306827545
1781099413926879500,177.36687939453125,0.11865367740392685,-0.0366474948823452,0.09695584326982498
1781099413951955500,177.39195556640624,0.2080802321434021,-0.15511421859264374,-0.12286200374364853
1781099413977031400,177.41703149414062,0.23064465820789337,-0.10426488518714905,-0.22567759454250336
1781099414002107400,177.442107421875,0.16268691420555115,0.058230284601449966,-0.18856671452522278
1781099414027183600,177.46718359375,0.10536663979291916,0.18296875059604645,-0.16085253655910492
1781099414052259300,177.49225927734375,0.09042949974536896,0.12870950996875763,-0.11782197654247284
1781099414077335300,177.51733520507813,-0.04793583229184151,-0.09515474736690521,-0.09754093736410141
1781099414102411500,177.54241162109375,-0.22426213324069977,-0.35765162110328674,-0.10125737637281418
1781099414127487700,177.56748779296876,-0.15846660733222961,-0.2682439684867859,-0.06664906442165375
1781099414152563500,177.5925634765625,0.06283967941999435,0.06977108865976334,-0.08451994508504868
1781099414177639400,177.61763940429688,0.1781921088695526,0.2046426236629486,-0.1554258018732071
1781099414202715600,177.64271557617187,0.021383052691817284,0.0959254652261734,-0.17153233289718628
1781099414227791600,177.66779150390624,-0.11085621267557144,-0.04995051398873329,-0.17181169986724854
1781099414252866600,177.69286645507813,-0.11139656603336334,-0.11706776916980743,-0.13437804579734802
1781099414292988400,177.73298852539062,0.030111029744148254,-0.04758163541555405,-0.005344697739928961
1781099414333109500,177.77310961914063,-0.001395230065099895,-0.02461533062160015,0.04350246861577034
1781099414373231600,177.81323168945312,-0.05528083071112633,-0.10709449648857117,0.08176490664482117
1781099414413352400,177.8533525390625,-0.02279692515730858,0.08859431743621826,-0.013042032718658447
1781099414453474600,177.893474609375,-0.01942669413983822,0.01227530837059021,-0.04974837973713875
1781099414493595600,177.933595703125,-0.06416700035333633,-0.11510368436574936,0.003254382871091366
1781099414533716700,177.973716796875,0.012136291712522507,-0.03900998458266258,-0.009161007590591908
1781099414573838600,178.01383862304687,-0.06957534700632095,0.007035272661596537,-0.06410601735115051
1781099414613959400,178.05395947265626,-0.014650315046310425,0.08069910854101181,-0.09218798577785492
1781099414654081500,178.09408154296875,-0.0032953955233097076,0.032823193818330765,-0.07313839346170425
1781099414694202600,178.13420263671875,-0.019472766667604446,-0.04092426225543022,0.0005819007055833936
1781099414734323500,178.17432348632812,0.032935578376054764,0.033896446228027344,0.022540463134646416
1781099414774445600,178.2144455566406,0.036558810621500015,0.06601177155971527,-0.046242862939834595
1781099414814566700,178.25456665039061,-0.008637430146336555,-0.03137177228927612,-0.005608084611594677
1781099414854687700,178.29468774414062,0.04061054438352585,-0.018004832789301872,-0.007242732681334019
1781099414894809600,178.3348095703125,0.027897678315639496,0.09051285684108734,-0.07839254289865494
1781099414934930700,178.3749306640625,0.023676566779613495,0.15452300012111664,-0.08749256283044815
1781099414975051500,178.41505151367187,0.045044973492622375,-0.17034883797168732,0.054965246468782425
