time,seconds_elapsed,z,y,x
1781099236632472600,0.07247265625,-172.93319702148438,125.57489013671875,-101.88273620605469
1781099236673649700,0.113649658203125,-173.31619262695312,125.84333801269531,-102.16899108886719
1781099236714825700,0.15482568359375,-173.49061584472656,125.78712463378906,-102.1302490234375
1781099236756002600,0.19600244140625,-173.54891967773438,125.78950500488281,-102.25944519042969
1781099236797179600,0.2371796875,-173.52981567382812,125.80488586425781,-102.40220642089844
1781099236838355500,0.27835546875,-173.55271911621094,125.71604919433594,-102.69212341308594
1781099236879531500,0.319531494140625,-173.40106201171875,125.45411682128906,-102.82162475585938
1781099236920707600,0.36070751953125,-173.220703125,125.9818115234375,-102.27037048339844
1781099236961880000,0.401880126953125,-173.2296600341797,125.50889587402344,-102.37435913085938
1781099237003053800,0.4430537109375,-173.2548370361328,125.85008239746094,-102.25566101074219
1781099237044230000,0.48422998046875,-173.2625732421875,125.66123962402344,-102.19943237304688
1781099237085404000,0.52540380859375,-173.29661560058594,125.49763488769531,-102.39976501464844
1781099237126578700,0.56657861328125,-172.96534729003906,125.93888854980469,-101.67599487304688
1781099237167758000,0.607758056640625,-173.3353271484375,125.69039916992188,-101.86447143554688
1781099237208934700,0.6489345703125,-173.0487060546875,125.79911804199219,-101.55055236816406
1781099237250111700,0.69011181640625,-173.32489013671875,125.52496337890625,-102.08712768554688
1781099237291291000,0.731290771484375,-173.04937744140625,125.51564025878906,-102.319580078125
1781099237332467700,0.7724677734375,-173.0259552001953,125.84017944335938,-102.59226989746094
1781099237373644800,0.813644775390625,-173.0463409423828,126.16127014160156,-102.08059692382812
1781099237414820900,0.85482080078125,-173.30043029785156,125.95697021484375,-102.22073364257812
1781099237455996000,0.895995849609375,-173.2725372314453,125.977783203125,-102.23429870605469
1781099237497172000,0.937171875,-172.9452362060547,126.06205749511719,-101.80833435058594
1781099237538345000,0.978344970703125,-173.24095153808594,126.0196533203125,-102.44651794433594
1781099237579518000,1.01951806640625,-172.8892822265625,126.16275024414062,-102.58831787109375
1781099237620690000,1.06068994140625,-173.43447875976562,126.29986572265625,-102.42918395996094
1781099237661866000,1.101865966796875,-173.17999267578125,126.23579406738281,-102.7115478515625
1781099237703039000,1.1430390625,-172.9413604736328,125.70133972167969,-103.31309509277344
1781099237744211000,1.1842109375,-173.14862060546875,125.67822265625,-103.44802856445312
1781099237785384000,1.225384033203125,-173.09326171875,126.19093322753906,-103.52610778808594
1781099237826558000,1.266557861328125,-172.89295959472656,126.14634704589844,-103.32585144042969
1781099237867734800,1.30773486328125,-172.95960998535156,126.20404052734375,-103.83377075195312
1781099237908911000,1.3489111328125,-172.89068603515625,126.63916015625,-103.6383056640625
1781099237950088200,1.390088134765625,-172.9781036376953,126.71426391601562,-103.92391967773438
1781099237991265300,1.431265380859375,-172.66305541992188,127.26084899902344,-103.71244812011719
1781099238032438300,1.472438232421875,-172.92869567871094,127.33786010742188,-103.80886840820312
1781099238073612300,1.5136123046875,-172.79718017578125,127.39938354492188,-103.69534301757812
1781099238114785300,1.554785400390625,-172.4940185546875,127.54212951660156,-103.53033447265625
1781099238155959000,1.595958984375,-172.61642456054688,127.5723876953125,-103.70500183105469
1781099238197133300,1.63713330078125,-172.90765380859375,127.43399047851562,-103.50440979003906
1781099238238308000,1.67830810546875,-172.61170959472656,127.81010437011719,-103.02810668945312
1781099238279483400,1.7194833984375,-172.31890869140625,127.76161193847656,-103.28369140625
1781099238320657200,1.7606572265625,-172.3987579345703,127.85792541503906,-103.4022216796875
1781099238361833200,1.801833251953125,-172.1091766357422,127.94651794433594,-103.29496765136719
1781099238403009300,1.84300927734375,-172.3878173828125,128.15736389160156,-103.69102478027344
1781099238444183000,1.88418310546875,-172.08938598632812,128.8279266357422,-103.60427856445312
1781099238485360000,1.925360107421875,-172.07208251953125,129.2896270751953,-103.60714721679688
1781099238526535200,1.96653515625,-171.3616485595703,129.28317260742188,-104.05288696289062
1781099238567708200,2.007708251953125,-171.4095458984375,128.91619873046875,-105.06723022460938
1781099238608883200,2.04888330078125,-171.62115478515625,128.59014892578125,-105.44229125976562
1781099238650058200,2.090058349609375,-171.20999145507812,128.910400390625,-105.35250854492188
1781099238691232300,2.131232177734375,-171.31951904296875,128.1305389404297,-105.62309265136719
1781099238732408300,2.172408203125,-171.4073944091797,128.518310546875,-105.7960205078125
1781099238773583000,2.2135830078125,-171.2481231689453,128.49720764160156,-105.20938110351562
1781099238814756000,2.254756103515625,-171.51210021972656,128.74716186523438,-105.34089660644531
1781099238855929000,2.29592919921875,-171.4111785888672,128.604736328125,-106.09243774414062
1781099238897104400,2.3371044921875,-171.1430206298828,128.6210479736328,-106.25006103515625
1781099238938279200,2.378279052734375,-171.32626342773438,128.97314453125,-106.19258117675781
1781099238979453700,2.41945361328125,-171.39349365234375,128.8605194091797,-106.51148986816406
1781099239020625000,2.460625,-171.24615478515625,128.25027465820312,-107.47482299804688
1781099239061799000,2.501798828125,-171.12744140625,127.833740234375,-107.726318359375
1781099239102972000,2.542971923828125,-171.15187072753906,127.82339477539062,-107.77714538574219
1781099239144145700,2.584145751953125,-170.85594177246094,127.74398803710938,-107.6693115234375
1781099239185320000,2.62531982421875,-171.0857696533203,127.82565307617188,-107.13523864746094
1781099239226494000,2.666493896484375,-171.38343811035156,128.11660766601562,-106.71852111816406
1781099239267667000,2.7076669921875,-171.3926544189453,127.72470092773438,-106.79460144042969
1781099239308839700,2.748839599609375,-171.3797607421875,127.22665405273438,-107.15301513671875
1781099239350012700,2.7900126953125,-171.61911010742188,126.66011047363281,-107.06855773925781
1781099239391182800,2.831182861328125,-171.4527587890625,127.18122863769531,-106.80795288085938
1781099239432353800,2.872353759765625,-171.13832092285156,128.04164123535156,-106.72819519042969
1781099239473524700,2.913524658203125,-171.30239868164062,127.75874328613281,-106.19155883789062
1781099239514698800,2.95469873046875,-171.76756286621094,126.7200927734375,-106.83518981933594
1781099239555871700,2.995871826171875,-171.06935119628906,125.5133056640625,-109.18484497070312
1781099239597047800,3.0370478515625,-170.77589416503906,124.29441833496094,-111.30715942382812
1781099239638221800,3.078221923828125,-170.39857482910156,123.92366027832031,-112.04107666015625
1781099239679398700,3.119398681640625,-169.97999572753906,123.34133911132812,-112.97169494628906
1781099239720574000,3.160573974609375,-168.82139587402344,122.42176818847656,-115.03488159179688
1781099239761749800,3.201749755859375,-168.39088439941406,121.06719970703125,-116.57534790039062
1781099239802926800,3.2429267578125,-167.7985382080078,120.32664489746094,-118.08033752441406
1781099239844103000,3.28410302734375,-167.2272491455078,119.23725891113281,-119.760986328125
1781099239885279000,3.325279052734375,-166.52532958984375,118.47085571289062,-120.80682373046875
1781099239926453800,3.366453857421875,-166.50450134277344,118.74600219726562,-120.86991882324219
1781099239967629800,3.4076298828125,-166.24339294433594,118.51225280761719,-121.70864868164062
1781099240008802800,3.448802734375,-164.88914489746094,117.87590026855469,-123.02357482910156
1781099240049975800,3.489975830078125,-164.47122192382812,117.72372436523438,-123.55410766601562
1781099240091152000,3.53115185546875,-164.54998779296875,117.87017822265625,-123.56643676757812
1781099240132329000,3.572328857421875,-165.32974243164062,118.07127380371094,-123.31689453125
1781099240173505800,3.613505859375,-165.07139587402344,118.63021850585938,-123.21151733398438
1781099240214681900,3.654681884765625,-166.6756134033203,119.4661865234375,-121.4913330078125
1781099240255859000,3.69585888671875,-168.5639190673828,119.96875,-118.29911804199219
1781099240297033000,3.737032958984375,-169.8663787841797,118.93592834472656,-116.78988647460938
1781099240338209800,3.778209716796875,-169.75811767578125,117.41630554199219,-116.88380432128906
1781099240379383800,3.8193837890625,-169.59446716308594,113.59367370605469,-117.31227111816406
1781099240420558000,3.86055810546875,-167.6360321044922,110.11045837402344,-121.22914123535156
1781099240461732900,3.90173291015625,-164.14352416992188,106.49404907226562,-125.08589172363281
1781099240502911000,3.942910888671875,-163.7172393798828,105.54573059082031,-125.71867370605469
1781099240544087800,3.984087890625,-164.29794311523438,106.68424987792969,-125.32313537597656
1781099240585261800,4.02526171875,-164.09046936035156,107.03335571289062,-125.81497192382812
1781099240626435800,4.066435791015625,-162.57888793945312,105.59315490722656,-127.67588806152344
1781099240667609000,4.107609130859375,-160.29714965820312,104.69425964355469,-130.0967559814453
1781099240708782800,4.148782958984375,-157.69976806640625,103.000244140625,-131.94500732421875
1781099240749954800,4.189954833984375,-157.7019805908203,101.81849670410156,-131.9990234375
1781099240791127000,4.231126953125,-155.61544799804688,102.24967956542969,-134.13731384277344
1781099240832300000,4.272300048828125,-148.9992218017578,103.17298889160156,-139.29576110839844
1781099240873473800,4.313473876953125,-139.55223083496094,104.93385314941406,-143.85923767089844
1781099240914648800,4.35464892578125,-131.27708435058594,109.47445678710938,-147.05018615722656
1781099240955821300,4.3958212890625,-125.09346008300781,117.95504760742188,-148.0784454345703
1781099240996993300,4.4369931640625,-124.67987060546875,126.68171691894531,-147.90602111816406
1781099241038167300,4.478167236328125,-123.2816162109375,131.67068481445312,-146.94215393066406
1781099241079339300,4.51933935546875,-117.050537109375,137.84414672851562,-144.8214874267578
1781099241120511200,4.56051123046875,-112.23202514648438,143.06533813476562,-142.17630004882812
1781099241161686500,4.6016865234375,-106.19107055664062,146.9581298828125,-138.8248291015625
1781099241202864400,4.642864501953125,-99.74830627441406,150.75538635253906,-134.18280029296875
1781099241244042500,4.68404248046875,-95.73501586914062,156.789794921875,-127.68910217285156
1781099241285216300,4.72521630859375,-92.09568786621094,161.87782287597656,-119.80220031738281
1781099241326390300,4.766390380859375,-85.50390625,160.37075805664062,-116.58055114746094
1781099241367561200,4.807561279296875,-83.52230834960938,160.56028747558594,-113.28482055664062
1781099241408732400,4.848732421875,-80.34210205078125,160.87525939941406,-107.94099426269531
1781099241449904400,4.889904296875,-78.91059875488281,162.1304168701172,-102.11842346191406
1781099241491078400,4.931078369140625,-77.56166076660156,161.60740661621094,-99.53277587890625
1781099241532248300,4.972248291015625,-78.73867797851562,164.60427856445312,-93.29421997070312
1781099241573420300,5.013420166015625,-79.10304260253906,165.45416259765625,-87.03524780273438
1781099241614591500,5.054591552734375,-80.50106811523438,165.68893432617188,-84.82289123535156
1781099241655762400,5.095762451171875,-80.41867065429688,165.8547821044922,-83.63743591308594
1781099241696936400,5.1369365234375,-81.03756713867188,166.2259521484375,-82.59318542480469
1781099241738111200,5.178111328125,-81.5045166015625,166.38426208496094,-82.36090087890625
1781099241779287300,5.219287353515625,-80.59745788574219,165.86358642578125,-81.05613708496094
1781099241820462300,5.26046240234375,-80.94937133789062,164.7978515625,-74.79728698730469
1781099241861636400,5.30163623046875,-81.75398254394531,162.11184692382812,-65.34776306152344
1781099241902807300,5.342807373046875,-80.30140686035156,155.25587463378906,-55.70750427246094
1781099241943977700,5.383977783203125,-79.65126037597656,148.75173950195312,-50.07279968261719
1781099241985150700,5.425150634765625,-77.37509155273438,140.97222900390625,-46.05867004394531
1781099242026324700,5.46632470703125,-75.11518859863281,137.4508819580078,-45.18199157714844
1781099242067501800,5.507501708984375,-76.42909240722656,138.5986785888672,-44.62809753417969
1781099242108674800,5.5486748046875,-75.48884582519531,138.22628784179688,-45.70790100097656
1781099242149848800,5.589848876953125,-75.04345703125,138.6625213623047,-46.29878234863281
1781099242191021800,5.631021728515625,-75.67961120605469,138.7418975830078,-46.235992431640625
1781099242232192800,5.67219287109375,-75.52276611328125,138.64833068847656,-46.34638977050781
1781099242273367000,5.713366943359375,-75.57461547851562,138.6534881591797,-46.410858154296875
1781099242314540000,5.7545400390625,-75.50151062011719,138.87774658203125,-46.39735412597656
1781099242355712000,5.7957119140625,-75.86233520507812,139.10240173339844,-46.423553466796875
1781099242396885800,5.8368857421875,-75.64115905761719,139.61322021484375,-46.48066711425781
1781099242438060800,5.878060791015625,-75.63926696777344,139.93360900878906,-46.79364013671875
1781099242479234800,5.91923486328125,-75.91871643066406,140.14651489257812,-46.926971435546875
1781099242520411000,5.960410888671875,-75.86814880371094,140.6300506591797,-47.16706848144531
1781099242561586000,6.0015859375,-76.20265197753906,140.7337188720703,-46.89884948730469
1781099242602763000,6.042762939453125,-75.95018005371094,140.2122039794922,-46.80146789550781
1781099242643937800,6.083937744140625,-76.15911865234375,140.123291015625,-46.54402160644531
1781099242685113900,6.12511376953125,-75.98538208007812,139.49034118652344,-46.12060546875
1781099242726288000,6.166287841796875,-76.2706298828125,138.94166564941406,-45.77326965332031
1781099242767464000,6.2074638671875,-76.2781982421875,138.70541381835938,-45.52381896972656
1781099242808638000,6.248637939453125,-76.23521423339844,138.63409423828125,-45.327728271484375
1781099242849816800,6.28981689453125,-76.83001708984375,138.8279571533203,-45.071014404296875
1781099242890995700,6.33099560546875,-77.43522644042969,139.07040405273438,-45.208740234375
1781099242932171800,6.372171875,-77.49993896484375,139.34657287597656,-45.34521484375
1781099242973348600,6.4133486328125,-77.91188049316406,139.72384643554688,-45.313995361328125
1781099243014521600,6.454521484375,-78.01588439941406,139.87191772460938,-45.139892578125
1781099243055692800,6.49569287109375,-78.44795227050781,139.99591064453125,-45.05101013183594
1781099243096866600,6.536866455078125,-78.78038024902344,140.1855926513672,-45.17584228515625
1781099243138039600,6.57803955078125,-78.43363952636719,140.11273193359375,-45.40849304199219
1781099243179215600,6.619215576171875,-78.40951538085938,140.2078399658203,-45.150787353515625
1781099243220390700,6.660390625,-78.48701477050781,140.364501953125,-44.94383239746094
1781099243261564400,6.701564453125,-78.31767272949219,140.2623291015625,-45.06663513183594
1781099243302739700,6.74273974609375,-78.35252380371094,140.253662109375,-44.878143310546875
1781099243343914500,6.78391455078125,-78.77027893066406,140.1186981201172,-44.71598815917969
1781099243385089500,6.825089599609375,-78.5264892578125,140.32566833496094,-44.42341613769531
1781099243426265600,6.866265625,-78.58366394042969,140.04092407226562,-44.41253662109375
1781099243467441700,6.907441650390625,-78.80288696289062,140.55859375,-44.14079284667969
1781099243508616700,6.94861669921875,-79.03779602050781,140.73480224609375,-44.31559753417969
1781099243549790700,6.989790771484375,-79.09400939941406,141.0864715576172,-44.471038818359375
1781099243590963700,7.030963623046875,-79.01478576660156,141.03273010253906,-44.52484130859375
1781099243632135700,7.0721357421875,-83.65521240234375,138.4327392578125,-51.30877685546875
1781099243673308700,7.11330859375,-80.99215698242188,139.940673828125,-47.1734619140625
1781099243714479600,7.154479736328125,-79.53956604003906,140.9281005859375,-44.89350891113281
1781099243755652600,7.195652587890625,-79.67710876464844,140.62677001953125,-45.919525146484375
1781099243796825600,7.23682568359375,-79.22189331054688,140.99159240722656,-45.76832580566406
1781099243837997600,7.27799755859375,-78.54031372070312,141.16433715820312,-44.36735534667969
1781099243879168500,7.31916845703125,-78.40342712402344,140.99497985839844,-44.2547607421875
1781099243920340500,7.360340576171875,-78.51654052734375,141.45248413085938,-43.8250732421875
1781099243961514500,7.401514404296875,-78.63249206542969,141.76043701171875,-44.098785400390625
1781099244002688500,7.4426884765625,-79.08102416992188,141.81405639648438,-43.54667663574219
1781099244043864600,7.483864501953125,-79.42648315429688,141.67819213867188,-44.1708984375
1781099244085039400,7.525039306640625,-79.11289978027344,141.91358947753906,-44.26564025878906
1781099244126215400,7.56621533203125,-79.13739013671875,142.0247802734375,-44.357208251953125
1781099244167386600,7.60738671875,-78.65769958496094,142.10919189453125,-44.122711181640625
1781099244208561400,7.6485615234375,-78.43775939941406,142.10055541992188,-44.0162353515625
1781099244249732600,7.689732666015625,-78.94711303710938,141.91070556640625,-44.43614196777344
1781099244290902300,7.73090234375,-78.5892333984375,141.53591918945312,-44.3289794921875
1781099244332073500,7.772073486328125,-78.72383117675781,141.73776245117188,-45.01605224609375
1781099244373246500,7.81324658203125,-78.49281311035156,142.3135986328125,-45.20979309082031
1781099244414415400,7.854415283203125,-78.08149719238281,142.79541015625,-46.48069763183594
1781099244455590400,7.89559033203125,-77.81385803222656,142.85629272460938,-46.27748107910156
1781099244496765400,7.936765380859375,-77.63525390625,142.85601806640625,-46.722076416015625
1781099244537938400,7.9779384765625,-78.12326049804688,142.91151428222656,-47.26750183105469
1781099244579108400,8.0191083984375,-78.31143188476562,142.88795471191406,-46.88401794433594
1781099244620279600,8.060279541015625,-77.92562866210938,143.11122131347656,-47.072906494140625
1781099244661453600,8.10145361328125,-78.17549133300781,143.03372192382812,-47.10563659667969
1781099244702626600,8.14262646484375,-77.81173706054688,143.2270050048828,-46.77796936035156
1781099244743801300,8.18380126953125,-77.83055114746094,142.3940887451172,-47.068359375
1781099244784977400,8.224977294921874,-77.5693359375,141.94583129882812,-46.82403564453125
1781099244826152400,8.26615234375,-77.31803894042969,141.56723022460938,-47.317779541015625
1781099244867325400,8.307325439453125,-76.76091003417969,141.8048553466797,-46.898834228515625
1781099244908499500,8.34849951171875,-76.81303405761719,141.9194793701172,-46.826812744140625
1781099244949675500,8.389675537109374,-76.76092529296875,141.7852020263672,-47.543914794921875
1781099244990850600,8.4308505859375,-76.5015869140625,142.15646362304688,-47.222015380859375
1781099245032025600,8.472025634765625,-77.05851745605469,141.88131713867188,-47.67420959472656
1781099245073202700,8.51320263671875,-77.10530090332031,141.96246337890625,-47.78736877441406
1781099245114379500,8.554379638671875,-76.9017333984375,141.97967529296875,-47.89947509765625
1781099245155553500,8.595553466796876,-76.53839111328125,142.21109008789062,-48.010955810546875
1781099245196727600,8.6367275390625,-76.490478515625,142.15274047851562,-47.94544982910156
1781099245237902600,8.677902587890625,-76.62091064453125,142.00411987304688,-48.0635986328125
1781099245279076600,8.71907666015625,-76.61648559570312,142.07093811035156,-47.4534912109375
1781099245320247600,8.76024755859375,-76.618896484375,142.13519287109375,-47.45249938964844
1781099245361419800,8.801419677734375,-76.31584167480469,142.1424102783203,-47.94017028808594
1781099245402594600,8.842594482421875,-76.22709655761719,142.01051330566406,-48.28021240234375
1781099245443768800,8.883768798828125,-76.36476135253906,142.0925750732422,-48.636138916015625
1781099245484941800,8.92494189453125,-76.15711975097656,142.13092041015625,-48.65983581542969
1781099245526115600,8.966115478515626,-76.51365661621094,142.07662963867188,-48.15205383300781
1781099245567289600,9.00728955078125,-76.47297668457031,141.7169647216797,-48.05491638183594
1781099245608465700,9.048465576171875,-76.75559997558594,141.5518341064453,-47.871429443359375
1781099245649644500,9.08964453125,-76.29103088378906,141.67486572265625,-47.31695556640625
1781099245690820600,9.130820556640625,-76.27934265136719,141.52188110351562,-47.50177001953125
1781099245731997700,9.171997802734374,-76.50759887695312,141.23094177246094,-47.37705993652344
1781099245773174500,9.213174560546875,-76.916015625,141.24014282226562,-47.73625183105469
1781099245814348800,9.254348876953125,-76.36184692382812,141.466552734375,-47.64674377441406
1781099245855521800,9.295521728515626,-76.5682373046875,141.9040985107422,-47.7381591796875
1781099245896695600,9.336695556640626,-77.123779296875,142.5518035888672,-48.077789306640625
1781099245937868500,9.37786865234375,-76.72648620605469,142.7425079345703,-47.80731201171875
1781099245979045600,9.419045654296875,-76.69015502929688,143.1720428466797,-48.09523010253906
1781099246020222700,9.46022265625,-76.5267333984375,143.16009521484375,-48.19496154785156
1781099246061398800,9.501398681640625,-76.70013427734375,143.32965087890625,-48.445709228515625
1781099246102574800,9.542574951171876,-76.94657897949219,143.50502014160156,-49.13603210449219
1781099246143751700,9.583751708984375,-76.32717895507812,143.10418701171875,-48.31440734863281
1781099246184927700,9.624927734375,-76.27265930175781,142.75192260742188,-48.73731994628906
1781099246226105600,9.666105712890625,-75.78105163574219,142.58322143554688,-48.61016845703125
1781099246267281700,9.70728173828125,-75.71273803710938,142.57717895507812,-49.108978271484375
1781099246308459800,9.748459716796875,-75.60493469238281,142.50453186035156,-49.14982604980469
1781099246349636900,9.789636962890626,-75.256591796875,142.79356384277344,-49.3900146484375
1781099246390814000,9.83081396484375,-75.32807922363281,142.70877075195312,-50.07708740234375
1781099246431988700,9.87198876953125,-74.784912109375,143.12547302246094,-50.32923889160156
1781099246473162800,9.913162841796876,-74.60673522949219,143.24395751953125,-50.73667907714844
1781099246514334700,9.954334716796875,-74.14303588867188,143.1782989501953,-51.155975341796875
1781099246555509800,9.995509765625,-73.78240966796875,143.2030792236328,-51.57868957519531
1781099246596679700,10.0366796875,-73.29489135742188,142.8334197998047,-52.43385314941406
1781099246637853700,10.077853759765626,-72.75456237792969,142.6747283935547,-53.23565673828125
1781099246679029800,10.11902978515625,-72.3275146484375,142.723876953125,-53.627166748046875
1781099246720203500,10.16020361328125,-71.74568176269531,142.78465270996094,-54.88279724121094
1781099246761377800,10.201377685546875,-70.82852172851562,142.77536010742188,-55.50630187988281
1781099246802552600,10.242552490234376,-69.93621826171875,142.62876892089844,-56.36555480957031
1781099246843725600,10.2837255859375,-69.32131958007812,142.19293212890625,-57.74798583984375
1781099246884902000,10.32490185546875,-68.35789489746094,141.67282104492188,-58.87919616699219
1781099246926077700,10.36607763671875,-66.85552978515625,140.6501922607422,-60.45013427734375
1781099246967256000,10.407256103515625,-64.77996826171875,139.036376953125,-62.117950439453125
1781099247008430800,10.448430908203125,-63.00248718261719,136.4416046142578,-64.34690856933594
1781099247049606000,10.48960595703125,-61.67234802246094,133.35226440429688,-65.38380432128906
1781099247090780000,10.53077978515625,-60.96092224121094,130.31997680664062,-65.61740112304688
1781099247131954000,10.571953857421875,-60.038360595703125,127.37933349609375,-66.11885070800781
1781099247173129000,10.61312890625,-59.77604675292969,125.24417114257812,-67.13604736328125
1781099247214305000,10.654304931640626,-59.57215881347656,124.35357666015625,-68.11126708984375
1781099247255481000,10.695481201171875,-59.550323486328125,124.2269287109375,-68.70135498046875
1781099247296656000,10.73665576171875,-59.586761474609375,124.89212036132812,-68.87690734863281
1781099247337831000,10.777830810546876,-59.318328857421875,125.69972229003906,-68.78732299804688
1781099247379008000,10.819008056640625,-59.39125061035156,126.60646057128906,-69.3345947265625
1781099247420183800,10.860183837890625,-59.76408386230469,126.64801025390625,-69.47781372070312
1781099247461361000,10.90136083984375,-60.17018127441406,126.42042541503906,-69.16290283203125
1781099247502537000,10.942536865234375,-60.534393310546875,127.14932250976562,-69.2052001953125
1781099247543714000,10.983714111328124,-61.142608642578125,127.34257507324219,-69.22703552246094
1781099247584892200,11.02489208984375,-61.588348388671875,127.74209594726562,-69.16827392578125
1781099247626068000,11.06606787109375,-62.891326904296875,127.63011169433594,-69.03372192382812
1781099247667247000,11.1072470703125,-63.64276123046875,127.89857482910156,-69.03179931640625
1781099247708426000,11.148426025390625,-64.60591125488281,127.846923828125,-68.90277099609375
1781099247749599000,11.189598876953125,-65.0400390625,128.47264099121094,-68.67898559570312
1781099247790773800,11.230773681640626,-66.3126220703125,128.95472717285156,-68.45466613769531
1781099247831949800,11.27194970703125,-67.12037658691406,130.13156127929688,-67.57257080078125
1781099247873123800,11.313123779296875,-67.87088012695312,130.72323608398438,-66.83859252929688
1781099247914300000,11.3542998046875,-68.52493286132812,131.19448852539062,-66.38775634765625
1781099247955476700,11.395476806640625,-67.84432983398438,131.23516845703125,-65.99525451660156
1781099247996657000,11.436656982421875,-68.25907897949219,131.1814727783203,-66.19889831542969
1781099248037835800,11.477835693359374,-67.13778686523438,131.10389709472656,-66.67878723144531
1781099248079009800,11.519009765625,-66.38334655761719,130.9588623046875,-66.70881652832031
1781099248120185900,11.560185791015625,-65.64849853515625,131.0330047607422,-66.36538696289062
1781099248161360600,11.601360595703126,-65.87452697753906,130.74720764160156,-66.53079223632812
1781099248202535000,11.642534912109374,-65.47108459472656,130.2490997314453,-66.18165588378906
1781099248243709000,11.683708984375,-65.14865112304688,129.81295776367188,-65.87272644042969
1781099248284885000,11.724885009765625,-64.485595703125,129.42811584472656,-65.43598937988281
1781099248326061800,11.766061767578124,-64.02693176269531,127.78903198242188,-66.04725646972656
1781099248367238000,11.80723779296875,-63.89317321777344,125.80068969726562,-66.76307678222656
1781099248408413000,11.848412841796875,-63.46110534667969,124.6202392578125,-67.35009765625
1781099248449587000,11.8895869140625,-63.721221923828125,124.09297180175781,-67.58868408203125
1781099248490761700,11.93076171875,-64.13482666015625,124.79656982421875,-67.11262512207031
1781099248531937800,11.971937744140625,-65.27726745605469,124.783447265625,-66.24830627441406
1781099248573113900,12.01311376953125,-66.05427551269531,124.78031921386719,-66.04627990722656
1781099248614289700,12.05428955078125,-66.26922607421875,125.2452392578125,-65.6204833984375
1781099248655465000,12.09546484375,-67.15351867675781,125.43685913085938,-65.03193664550781
1781099248696642000,12.13664208984375,-67.06517028808594,125.47723388671875,-64.81927490234375
1781099248737820000,12.17781982421875,-66.94766235351562,125.02214050292969,-64.68882751464844
1781099248778998800,12.218998779296875,-66.85139465332031,125.15455627441406,-64.21949768066406
1781099248820178000,12.260177978515625,-67.06173706054688,124.80439758300781,-64.24964904785156
1781099248861355800,12.301355712890626,-66.83322143554688,124.72865295410156,-64.34413146972656
1781099248902536000,12.342535888671875,-66.5516357421875,124.41651916503906,-64.32363891601562
1781099248943713000,12.383713134765625,-66.58737182617188,124.43061828613281,-64.32804870605469
1781099248984890000,12.42489013671875,-67.29061889648438,124.0989990234375,-64.37136840820312
1781099249026068000,12.46606787109375,-68.19485473632812,123.23887634277344,-64.701416015625
1781099249067250000,12.50725,-68.93626403808594,123.11782836914062,-64.58226013183594
1781099249108428000,12.548427978515624,-70.32026672363281,122.93002319335938,-64.34880065917969
1781099249149605000,12.589605224609375,-70.93408203125,122.88668823242188,-64.48118591308594
1781099249190782000,12.630781982421874,-71.35359191894531,123.06045532226562,-64.34173583984375
1781099249231960000,12.6719599609375,-72.3477783203125,123.2183837890625,-64.36737060546875
1781099249273138000,12.713137939453125,-72.62953186035156,123.87933349609375,-64.23361206054688
1781099249314315000,12.75431494140625,-73.31948852539062,124.33013916015625,-64.49794006347656
1781099249355493000,12.7954931640625,-73.73136901855469,124.91929626464844,-64.73036193847656
1781099249396671000,12.8366708984375,-73.99153137207031,125.55801391601562,-65.12837219238281
1781099249437848000,12.87784814453125,-74.48313903808594,125.43190002441406,-65.66712951660156
1781099249479028000,12.919028076171875,-74.793701171875,125.84904479980469,-66.37835693359375
1781099249520205000,12.960205078125,-75.55122375488281,125.59956359863281,-67.0582275390625
1781099249561381000,13.001381103515625,-75.97076416015625,125.84451293945312,-67.47250366210938
1781099249602561000,13.04256103515625,-77.81791687011719,125.23466491699219,-68.05209350585938
1781099249643741200,13.0837412109375,-79.23744201660156,125.75868225097656,-68.339599609375
1781099249684917000,13.1249169921875,-81.27899169921875,126.14337158203125,-69.04275512695312
1781099249726094000,13.166093994140626,-82.71028137207031,127.00343322753906,-69.66752624511719
1781099249767269000,13.20726904296875,-84.59410095214844,127.52235412597656,-70.5982666015625
1781099249808445000,13.24844482421875,-86.21469116210938,128.5715789794922,-71.20687866210938
1781099249849621000,13.28962109375,-87.79580688476562,129.56053161621094,-71.62739562988281
1781099249890795000,13.330794921875,-89.71015930175781,130.69998168945312,-71.80427551269531
1781099249931970000,13.371969970703125,-91.002197265625,132.21278381347656,-72.08363342285156
1781099249973145600,13.4131455078125,-91.90028381347656,133.78895568847656,-72.41868591308594
1781099250014320600,13.454320556640624,-92.205078125,135.1142120361328,-72.25103759765625
1781099250055495400,13.495495361328125,-92.54496765136719,136.01119995117188,-72.28019714355469
1781099250096670500,13.53667041015625,-92.01829528808594,136.9991912841797,-71.83403015136719
1781099250137842400,13.577842529296875,-91.89581298828125,137.4676055908203,-71.517578125
1781099250179017500,13.619017578125,-91.15550231933594,138.06097412109375,-71.2171630859375
1781099250220192500,13.660192626953124,-90.34298706054688,138.54029846191406,-70.82647705078125
1781099250261367600,13.701367431640625,-89.46188354492188,138.5850067138672,-70.20724487304688
1781099250302540500,13.74254052734375,-88.60377502441406,137.8045196533203,-70.28105163574219
1781099250343713500,13.783713623046875,-87.10694885253906,136.87510681152344,-69.76022338867188
1781099250384885500,13.824885498046875,-86.45709228515625,135.29368591308594,-69.13021850585938
1781099250426058500,13.86605859375,-85.74140930175781,133.76046752929688,-68.7640380859375
1781099250467228400,13.907228515625,-85.37847900390625,132.68174743652344,-67.73471069335938
1781099250508401400,13.9484013671875,-84.91717529296875,132.37844848632812,-67.26016235351562
1781099250549576400,13.989576416015625,-85.14906311035156,132.048583984375,-66.87907409667969
1781099250590752500,14.03075244140625,-84.69636535644531,131.9118194580078,-65.76301574707031
1781099250631927600,14.071927490234375,-84.099609375,131.9654083251953,-65.08103942871094
1781099250673103600,14.113103515625,-83.77487182617188,131.48135375976562,-64.67829895019531
1781099250714279400,14.154279541015624,-83.33663940429688,131.71002197265625,-63.609283447265625
1781099250755456500,14.19545654296875,-83.13359069824219,132.00218200683594,-62.79435729980469
1781099250796633600,14.236633544921874,-82.57472229003906,132.0364990234375,-62.44001770019531
1781099250837813500,14.2778134765625,-81.55923461914062,131.613525390625,-62.552337646484375
1781099250878989600,14.318989501953125,-80.80534362792969,131.59373474121094,-61.807220458984375
1781099250920164600,14.36016455078125,-80.07243347167969,132.38955688476562,-60.76704406738281
1781099250961339400,14.40133935546875,-79.82835388183594,132.5587615966797,-60.19718933105469
1781099251002512400,14.442512451171876,-78.86399841308594,132.54844665527344,-59.67411804199219
1781099251043683600,14.48368359375,-77.8797607421875,132.57672119140625,-58.578704833984375
1781099251084856600,14.524856689453125,-77.60719299316406,132.3608856201172,-57.728851318359375
1781099251126029600,14.566029541015626,-76.50836181640625,131.88697814941406,-57.3843994140625
1781099251167201500,14.607201416015625,-75.45307922363281,131.856201171875,-56.73643493652344
1781099251208374500,14.64837451171875,-73.83790588378906,131.70181274414062,-56.112457275390625
1781099251249551600,14.689551513671875,-73.33198547363281,131.2589111328125,-55.678436279296875
1781099251290727400,14.7307275390625,-72.74122619628906,131.43270874023438,-55.534515380859375
1781099251331903500,14.771903564453124,-71.63331604003906,131.58880615234375,-55.47886657714844
1781099251373077500,14.813077392578125,-71.35478210449219,131.72950744628906,-55.334808349609375
1781099251414250500,14.85425048828125,-71.00944519042969,131.9044647216797,-55.81471252441406
1781099251455424500,14.895424560546875,-69.68473815917969,131.72879028320312,-56.28065490722656
1781099251496599600,14.936599609375,-68.77574157714844,132.1709747314453,-56.57902526855469
1781099251537773300,14.977773193359376,-68.58976745605469,132.65760803222656,-57.4361572265625
1781099251578948600,15.018948486328124,-68.30044555664062,132.60833740234375,-58.51666259765625
1781099251620120600,15.06012060546875,-67.93626403808594,132.58384704589844,-60.00486755371094
1781099251661294300,15.10129443359375,-68.73202514648438,132.88600158691406,-61.53814697265625
1781099251702467300,15.14246728515625,-68.79484558105469,132.5465545654297,-63.60618591308594
1781099251743637500,15.183637451171874,-68.91860961914062,132.93128967285156,-65.37043762207031
1781099251784809500,15.2248095703125,-70.50979614257812,132.7371826171875,-66.95748901367188
1781099251825981400,15.2659814453125,-70.51559448242188,132.63925170898438,-68.44171142578125
1781099251867154400,15.307154541015626,-70.63124084472656,132.12893676757812,-70.19235229492188
1781099251908327400,15.348327392578126,-70.89991760253906,131.2406005859375,-71.59921264648438
1781099251949500700,15.389500732421874,-71.46009826660156,130.1657257080078,-73.07319641113281
1781099251990675700,15.43067578125,-72.33877563476562,129.12844848632812,-74.01119995117188
1781099252031849700,15.471849609375,-74.36392211914062,127.26614379882812,-74.607666015625
1781099252073026600,15.513026611328126,-75.38815307617188,125.93547058105469,-74.11825561523438
1781099252114201600,15.55420166015625,-76.92410278320312,125.32823181152344,-73.66136169433594
1781099252155375600,15.595375732421875,-77.93023681640625,124.98171997070312,-72.6746826171875
1781099252196548600,15.636548583984375,-78.16847229003906,125.36445617675781,-71.79728698730469
1781099252237723600,15.6777236328125,-78.83160400390625,125.76632690429688,-70.88720703125
1781099252278900700,15.718900634765625,-79.01634216308594,126.18919372558594,-70.28335571289062
1781099252320078600,15.76007861328125,-79.14717102050781,126.72052001953125,-69.97511291503906
1781099252361256700,15.801256591796875,-78.71415710449219,127.28883361816406,-69.32383728027344
1781099252402431700,15.842431640625,-78.24703979492188,127.39627075195312,-69.21214294433594
1781099252443607600,15.883607666015624,-77.40544128417969,127.45439147949219,-69.18574523925781
1781099252484783600,15.92478369140625,-77.352783203125,125.55941772460938,-69.24726867675781
1781099252525961700,15.965961669921874,-76.76974487304688,124.04244995117188,-68.37773132324219
1781099252567140600,16.007140625,-76.23199462890625,122.16151428222656,-66.99302673339844
1781099252608317700,16.048317626953125,-75.7388916015625,121.24711608886719,-65.75199890136719
1781099252649494500,16.08949462890625,-76.04496765136719,119.928466796875,-64.53660583496094
1781099252690671600,16.130671630859375,-76.04690551757812,118.98764038085938,-63.54656982421875
1781099252731845600,16.171845703125,-76.45399475097656,117.83720397949219,-62.36833190917969
1781099252773019600,16.21301953125,-76.75424194335938,117.4052734375,-61.554901123046875
1781099252814191600,16.254191650390624,-76.98141479492188,117.46241760253906,-60.49186706542969
1781099252855365600,16.29536572265625,-77.21432495117188,117.934814453125,-59.509979248046875
1781099252896538600,16.33653857421875,-77.48512268066406,117.81805419921875,-58.72119140625
1781099252937709600,16.37770947265625,-77.48725891113281,117.79182434082031,-58.44197082519531
1781099252978879200,16.418879150390627,-77.37413024902344,118.1922607421875,-57.94056701660156
1781099253020052200,16.46005224609375,-77.82069396972656,118.3011474609375,-57.41200256347656
1781099253061225200,16.50122509765625,-78.90704345703125,119.08258056640625,-56.59623718261719
1781099253102398200,16.542398193359375,-80.12960815429688,120.34971618652344,-55.92503356933594
1781099253143570200,16.583570068359375,-81.07792663574219,122.97430419921875,-55.39790344238281
1781099253184743200,16.6247431640625,-80.84161376953125,125.18647766113281,-55.985504150390625
1781099253225915100,16.6659150390625,-80.88943481445312,128.12667846679688,-56.56755065917969
1781099253267087000,16.707087158203127,-80.18302917480469,129.39173889160156,-57.7486572265625
1781099253308261000,16.74826123046875,-78.80023193359375,130.989990234375,-58.40266418457031
1781099253349434000,16.78943408203125,-77.86489868164062,131.64865112304688,-59.66792297363281
1781099253390604300,16.830604248046875,-77.72340393066406,132.16000366210938,-60.86503601074219
1781099253431777300,16.87177734375,-77.10511779785156,132.34323120117188,-62.17535400390625
1781099253472950300,16.9129501953125,-76.2647705078125,132.23155212402344,-63.02119445800781
1781099253514124000,16.9541240234375,-75.52914428710938,131.55569458007812,-63.37605285644531
1781099253555300400,16.99530029296875,-74.94491577148438,131.41677856445312,-63.915191650390625
1781099253596476400,17.036476318359377,-74.85774230957031,131.29205322265625,-64.5408935546875
1781099253637649400,17.0776494140625,-74.5848388671875,130.90403747558594,-64.85479736328125
1781099253678824200,17.11882421875,-74.30339050292969,130.14414978027344,-64.86164855957031
1781099253719996200,17.15999609375,-74.05020141601562,129.76185607910156,-64.44525146484375
1781099253761171200,17.201171142578126,-74.37702941894531,129.73733520507812,-63.62025451660156
1781099253802347300,17.24234716796875,-74.90560913085938,129.68539428710938,-62.70635986328125
1781099253843524000,17.283524169921876,-74.53250122070312,130.0400848388672,-62.11857604980469
1781099253884699100,17.32469921875,-73.91934204101562,130.29762268066406,-61.973297119140625
1781099253925872400,17.365872314453124,-72.72306823730469,130.64376831054688,-61.65437316894531
1781099253967046000,17.4070458984375,-72.39588928222656,130.18630981445312,-62.84526062011719
1781099254008221000,17.448220947265625,-71.61549377441406,129.36627197265625,-63.69691467285156
1781099254049395700,17.489395751953126,-71.68858337402344,128.633544921875,-64.45997619628906
1781099254090571800,17.53057177734375,-71.66595458984375,128.18470764160156,-65.2548828125
1781099254131745800,17.571745849609375,-71.70606994628906,127.59800720214844,-65.48002624511719
1781099254172918800,17.612918701171875,-72.414306640625,127.133056640625,-65.93925476074219
1781099254214091800,17.654091796875,-72.33973693847656,127.03190612792969,-66.14558410644531
1781099254255263700,17.695263671875,-71.60342407226562,126.6226806640625,-66.55381774902344
1781099254296435700,17.736435791015627,-71.86642456054688,126.19580078125,-66.93484497070312
1781099254337608700,17.777608642578127,-72.21743774414062,126.49221801757812,-67.20588684082031
1781099254378783000,17.818782958984375,-72.28884887695312,125.86521911621094,-67.74993896484375
1781099254419957800,17.859957763671876,-72.21417236328125,125.57862854003906,-68.15548706054688
1781099254461134000,17.901134033203125,-71.61912536621094,125.02252197265625,-68.96406555175781
1781099254502310000,17.942309814453125,-71.39566040039062,123.88812255859375,-70.46168518066406
1781099254543486700,17.98348681640625,-72.34709167480469,123.18000793457031,-71.17597961425781
1781099254584662000,18.024662109375,-72.92822265625,122.92269897460938,-71.87089538574219
1781099254625835800,18.065835693359375,-73.70115661621094,122.92462158203125,-72.036865234375
1781099254667009800,18.107009765625,-74.39875793457031,122.45646667480469,-71.75616455078125
1781099254708184800,18.148184814453124,-75.25469970703125,122.8797607421875,-71.1737060546875
1781099254749358800,18.18935888671875,-75.03619384765625,122.25962829589844,-70.67095947265625
1781099254790532900,18.230532958984377,-75.00843811035156,121.65458679199219,-69.876220703125
1781099254831709000,18.271708984375,-74.855712890625,121.44931030273438,-69.37602233886719
1781099254872883000,18.312883056640626,-75.28717041015625,121.73760986328125,-68.6446533203125
1781099254914059800,18.354059814453127,-75.95758056640625,122.14486694335938,-68.39263916015625
1781099254955233800,18.39523388671875,-76.00166320800781,122.50169372558594,-68.17378234863281
1781099254996406000,18.436406005859375,-75.62522888183594,123.05784606933594,-68.58811950683594
1781099255037576200,18.477576171875,-75.23661804199219,123.17890930175781,-68.93374633789062
1781099255078748000,18.518747802734374,-75.7861328125,123.71519470214844,-69.37274169921875
1781099255119921000,18.5599208984375,-75.73176574707031,123.66111755371094,-69.71672058105469
1781099255161093000,18.601093017578126,-75.78213500976562,123.55776977539062,-69.93206787109375
1781099255202265000,18.64226513671875,-75.79393005371094,123.08958435058594,-70.03129577636719
1781099255243435300,18.683435302734374,-75.27256774902344,123.17828369140625,-69.86943054199219
1781099255284608000,18.72460791015625,-74.68959045410156,123.20040893554688,-69.56123352050781
1781099255325780200,18.7657802734375,-74.49363708496094,122.464599609375,-69.2967529296875
1781099255366951000,18.806950927734373,-73.21098327636719,121.80076599121094,-69.18544006347656
1781099255408123100,18.848123046875,-72.51628112792969,121.46234130859375,-69.13397216796875
1781099255449297200,18.889297119140625,-72.45741271972656,120.66578674316406,-69.17526245117188
1781099255490471200,18.93047119140625,-72.79434204101562,119.79345703125,-68.99751281738281
1781099255531647000,18.97164697265625,-73.09294128417969,118.62852478027344,-69.18072509765625
1781099255572822000,19.012822021484375,-73.17268371582031,118.47412109375,-69.25160217285156
1781099255613998000,19.053998046875,-74.32551574707031,117.95654296875,-69.09114074707031
1781099255655175000,19.0951748046875,-74.63896179199219,117.90621948242188,-68.23356628417969
1781099255696354000,19.13635400390625,-74.78590393066406,118.07243347167969,-67.65789794921875
1781099255737530000,19.177530029296875,-73.74723815917969,118.28814697265625,-67.6160888671875
1781099255778702800,19.218702880859375,-73.36061096191406,118.52568054199219,-67.23484802246094
1781099255819875000,19.259875,-72.55665588378906,118.81748962402344,-67.29849243164062
1781099255861048000,19.301048095703123,-71.78706359863281,118.75868225097656,-68.04518127441406
1781099255902221300,19.34222119140625,-71.05558776855469,118.08830261230469,-68.26258850097656
1781099255943391000,19.383390869140626,-71.02944946289062,117.13444519042969,-68.70796203613281
1781099255984562200,19.424562255859374,-71.10847473144531,116.62460327148438,-68.64118957519531
1781099256025733000,19.465733154296874,-71.48977661132812,116.10960388183594,-68.46043395996094
1781099256066905000,19.506905029296874,-71.44772338867188,115.76559448242188,-68.19093322753906
1781099256108078000,19.548078125,-71.23208618164062,115.93565368652344,-67.91645812988281
1781099256149250000,19.58925,-71.54228210449219,115.80506896972656,-67.74176025390625
1781099256190422000,19.630422119140626,-71.0994873046875,115.80621337890625,-67.43865966796875
1781099256231593200,19.67159326171875,-70.89276123046875,115.66377258300781,-67.47856140136719
1781099256272765200,19.71276513671875,-70.05612182617188,115.27200317382812,-67.7197265625
1781099256313936000,19.753935791015625,-69.76856994628906,114.601806640625,-68.58586120605469
1781099256355108000,19.795108154296877,-69.53106689453125,113.492919921875,-68.77839660644531
1781099256396280000,19.836280029296876,-70.7415771484375,111.51295471191406,-68.45294189453125
1781099256437454000,19.8774541015625,-71.72402954101562,110.7403564453125,-67.22503662109375
1781099256478626000,19.9186259765625,-72.01283264160156,111.46449279785156,-66.13140869140625
1781099256519798000,19.959798095703125,-71.47259521484375,111.8013916015625,-66.07450866699219
1781099256560970000,20.000969970703125,-70.82585144042969,112.05194091796875,-65.67408752441406
1781099256602138000,20.04213818359375,-70.97543334960938,111.85467529296875,-65.52790832519531
1781099256643307000,20.08330712890625,-70.44573974609375,112.14358520507812,-65.4312744140625
1781099256684477200,20.124477294921874,-70.72673034667969,112.21061706542969,-65.39833068847656
1781099256725646800,20.165646728515625,-69.72122192382812,112.61260986328125,-65.91888427734375
1781099256766815200,20.206815185546876,-68.98928833007812,113.0128173828125,-66.43717956542969
1781099256807985200,20.247985107421876,-68.88020324707031,112.6138916015625,-66.82984924316406
1781099256849154000,20.289154052734375,-69.05154418945312,112.93612670898438,-67.21894836425781
1781099256890325000,20.330324951171875,-68.68287658691406,113.05923461914062,-67.58717346191406
1781099256931497200,20.371497314453126,-68.60595703125,112.71307373046875,-68.437744140625
1781099256972668400,20.41266845703125,-67.64469909667969,113.52865600585938,-68.9287109375
1781099257013840400,20.45384033203125,-68.53642272949219,113.42591857910156,-69.8572998046875
1781099257055015400,20.495015380859375,-68.27639770507812,113.27792358398438,-70.30288696289062
1781099257096189200,20.536189208984375,-67.97140502929688,113.00325012207031,-70.95109558105469
1781099257137361400,20.577361328125,-67.3717041015625,112.79862976074219,-72.02334594726562
1781099257178535200,20.61853515625,-67.13601684570312,112.25653076171875,-72.55563354492188
1781099257219710500,20.65971044921875,-66.35617065429688,111.57743835449219,-73.34236145019531
1781099257260887300,20.70088720703125,-65.93820190429688,110.37838745117188,-73.87713623046875
1781099257302062300,20.742062255859373,-65.45111083984375,109.19306945800781,-73.86036682128906
1781099257343236400,20.783236328125,-66.90925598144531,107.97589111328125,-73.86689758300781
1781099257384409300,20.824409423828126,-67.97647094726562,107.12461853027344,-73.27064514160156
1781099257425584400,20.86558447265625,-69.15284729003906,107.12054443359375,-72.20491027832031
1781099257466760400,20.906760498046875,-69.45469665527344,107.01573181152344,-71.46217346191406
1781099257507937500,20.9479375,-68.85971069335938,107.31071472167969,-71.86940002441406
1781099257549110500,20.989110595703124,-68.10820007324219,107.16996765136719,-72.73214721679688
1781099257590280200,21.0302802734375,-68.11199951171875,106.27969360351562,-73.28448486328125
1781099257631454200,21.0714541015625,-68.55642700195312,105.08914184570312,-73.76704406738281
1781099257672630300,21.11263037109375,-69.01031494140625,104.59429931640625,-73.73335266113281
1781099257713804300,21.15380419921875,-69.89520263671875,103.83761596679688,-73.72642517089844
1781099257754978300,21.194978271484374,-70.90518188476562,103.05465698242188,-73.75439453125
1781099257796155400,21.2361552734375,-71.19776916503906,102.52873229980469,-73.9423828125
1781099257837330400,21.277330322265627,-72.01521301269531,101.74229431152344,-74.06442260742188
1781099257878501400,21.31850146484375,-73.47367858886719,101.47056579589844,-73.7926025390625
1781099257919672300,21.35967236328125,-74.26838684082031,101.54379272460938,-73.21026611328125
1781099257960847000,21.40084716796875,-74.69194030761719,101.5899658203125,-72.82275390625
1781099258002021400,21.442021484375,-74.41696166992188,101.97236633300781,-72.27537536621094
1781099258043196200,21.483196044921876,-74.59689331054688,102.28839111328125,-72.0826416015625
1781099258084372200,21.524372314453124,-74.85017395019531,102.17720031738281,-71.96348571777344
1781099258125549300,21.56554931640625,-74.92924499511719,102.27981567382812,-72.06523132324219
1781099258166723300,21.606723388671874,-74.27749633789062,102.93159484863281,-71.99977111816406
1781099258207898000,21.647898193359374,-74.36372375488281,103.29360961914062,-71.77651977539062
1781099258249072400,21.689072265625,-74.82304382324219,103.6588134765625,-71.68096923828125
1781099258290248200,21.730248291015624,-74.42411804199219,103.57063293457031,-71.54525756835938
1781099258331419100,21.771419189453123,-74.29318237304688,103.41313171386719,-71.22865295410156
1781099258372591400,21.81259130859375,-73.90525817871094,103.33604431152344,-71.17536926269531
1781099258413766100,21.85376611328125,-74.06541442871094,103.35467529296875,-71.12161254882812
1781099258454941200,21.894941162109376,-73.81275939941406,102.96234130859375,-71.17243957519531
1781099258496113400,21.936113525390624,-73.59419250488281,103.32373046875,-70.98844909667969
1781099258537286400,21.977286376953124,-72.81297302246094,102.87896728515625,-70.6702880859375
1781099258578462200,22.018462158203125,-72.55502319335938,103.08308410644531,-70.49368286132812
1781099258619638300,22.05963818359375,-73.08689880371094,103.22056579589844,-70.55352783203125
1781099258660815400,22.1008154296875,-73.13813781738281,103.02824401855469,-70.79339599609375
1781099258701991400,22.141991455078124,-73.12667846679688,103.69639587402344,-70.66287231445312
1781099258743165200,22.183165283203124,-72.36564636230469,103.95326232910156,-71.02935791015625
1781099258784341000,22.224341064453125,-72.53775024414062,104.26171875,-71.50688171386719
1781099258825515300,22.265515380859377,-72.71934509277344,104.72882080078125,-71.35833740234375
1781099258866689300,22.306689208984373,-72.44169616699219,104.74613952636719,-71.79562377929688
1781099258907863000,22.347863037109374,-72.05679321289062,105.16105651855469,-71.68431091308594
1781099258949038300,22.389038330078126,-71.70280456542969,105.4271240234375,-72.17137145996094
1781099258990216700,22.430216796875,-72.24943542480469,106.04890441894531,-72.27044677734375
1781099259031392800,22.471392822265624,-72.34765625,105.95945739746094,-72.52891540527344
1781099259072571000,22.51257080078125,-72.23468017578125,106.26191711425781,-72.74092102050781
1781099259113749800,22.553749755859375,-72.06398010253906,106.41940307617188,-72.8564453125
1781099259154926800,22.5949267578125,-70.94781494140625,106.51824951171875,-72.53706359863281
1781099259196101600,22.6361015625,-71.3743896484375,106.1334228515625,-72.26356506347656
1781099259237279700,22.67727978515625,-70.89334106445312,106.30653381347656,-72.05027770996094
1781099259278455800,22.718455810546875,-70.62773132324219,105.87966918945312,-71.77168273925781
1781099259319630600,22.759630615234375,-70.35118103027344,105.78082275390625,-71.91888427734375
1781099259360808700,22.80080859375,-69.92214965820312,106.43867492675781,-71.99345397949219
1781099259401983700,22.841983642578125,-69.7933349609375,105.89457702636719,-72.89140319824219
1781099259443159800,22.883159912109374,-70.1292724609375,105.44346618652344,-73.17665100097656
1781099259484333800,22.924333740234374,-69.761962890625,104.7255859375,-73.19390869140625
1781099259525506800,22.9655068359375,-69.55892944335938,104.77188110351562,-73.39305114746094
1781099259566681600,23.006681640625,-69.35888671875,104.86581420898438,-73.46298217773438
1781099259607857700,23.047857666015624,-68.95697021484375,104.52742004394531,-74.08805847167969
1781099259649031700,23.08903173828125,-69.095458984375,104.29989624023438,-74.27685546875
1781099259690210800,23.1302109375,-69.04888916015625,104.15589904785156,-74.29861450195312
1781099259731389000,23.171388916015626,-69.22616577148438,104.05006408691406,-74.62245178222656
1781099259772561700,23.212561767578126,-69.26815795898438,104.42071533203125,-74.97450256347656
1781099259813735700,23.253735595703127,-69.12504577636719,105.04826354980469,-74.74693298339844
1781099259854907600,23.29490771484375,-68.4278564453125,105.80075073242188,-75.32017517089844
1781099259896082700,23.336082763671875,-67.32154846191406,106.64056396484375,-75.90545654296875
1781099259937257700,23.3772578125,-66.82431030273438,106.79667663574219,-77.11247253417969
1781099259978432000,23.418431884765624,-66.27967834472656,105.95625305175781,-77.92765808105469
1781099260019606800,23.459606689453125,-65.85221862792969,104.3939208984375,-78.64543151855469
1781099260060779800,23.50077978515625,-66.34024047851562,103.03414916992188,-79.14834594726562
1781099260101954800,23.541954833984374,-66.3931884765625,102.11940002441406,-78.97172546386719
1781099260143127800,23.5831279296875,-67.20480346679688,102.20999145507812,-78.49832153320312
1781099260184301800,23.6243017578125,-67.02694702148438,101.41496276855469,-77.92497253417969
1781099260225473800,23.665473876953126,-67.50462341308594,100.63038635253906,-77.35029602050781
1781099260266646800,23.706646728515626,-67.62059020996094,99.2099609375,-76.52690124511719
1781099260307822000,23.747822021484374,-68.48826599121094,98.74758911132812,-75.78045654296875
1781099260348995800,23.788995849609375,-68.77719116210938,98.66709899902344,-74.73590087890625
1781099260390171000,23.8301708984375,-68.70664978027344,98.73004150390625,-74.05390930175781
1781099260431346000,23.871345947265624,-69.14129638671875,98.10638427734375,-73.51499938964844
1781099260472521700,23.912521728515625,-69.12553405761719,97.87583923339844,-73.06660461425781
1781099260513697000,23.953697021484373,-69.14982604980469,98.06132507324219,-73.24797058105469
1781099260554870000,23.9948701171875,-69.68829345703125,98.19000244140625,-72.66120910644531
1781099260596046000,24.036046142578126,-69.21070861816406,97.95506286621094,-71.98345947265625
1781099260637220900,24.077220947265626,-69.25437927246094,98.04011535644531,-71.52621459960938
1781099260678397000,24.11839697265625,-68.45867919921875,98.21218872070312,-71.22059631347656
1781099260719575000,24.159574951171876,-69.12301635742188,97.55439758300781,-70.81291198730469
1781099260760748000,24.200748046875,-70.60177612304688,97.16108703613281,-69.86140441894531
1781099260801919000,24.2419189453125,-69.98048400878906,96.87484741210938,-69.78633117675781
1781099260843090700,24.283090576171876,-69.97343444824219,96.222412109375,-70.13197326660156
1781099260884263000,24.324262939453124,-71.55482482910156,95.97489929199219,-68.91511535644531
1781099260925433900,24.365433837890624,-71.3040771484375,97.03213500976562,-67.98391723632812
1781099260966609200,24.406609130859376,-71.41604614257812,98.05715942382812,-67.78172302246094
1781099261007782100,24.4477822265625,-71.31155395507812,98.76124572753906,-66.94482421875
1781099261048956200,24.4889560546875,-70.66325378417969,100.05296325683594,-66.3780517578125
1781099261090129200,24.530129150390625,-68.97935485839844,101.16639709472656,-67.76152038574219
1781099261131303400,24.571303466796873,-68.03965759277344,100.86360168457031,-68.81858825683594
1781099261172475100,24.61247509765625,-68.00968933105469,100.23164367675781,-69.43936157226562
1781099261213648400,24.6536484375,-67.82943725585938,100.1668701171875,-70.42692565917969
1781099261254822100,24.694822265625,-68.25297546386719,100.16729736328125,-71.06529235839844
1781099261295997200,24.7359970703125,-68.58827209472656,100.76824951171875,-71.31355285644531
1781099261337170200,24.777170166015626,-67.72052001953125,101.57731628417969,-71.94625854492188
1781099261378348000,24.81834814453125,-67.31451416015625,101.99565124511719,-73.02876281738281
1781099261419522300,24.859522216796876,-67.00387573242188,102.22470092773438,-73.86888122558594
1781099261460696300,24.9006962890625,-68.30433654785156,101.73684692382812,-74.502197265625
1781099261501869300,24.941869384765624,-68.74897766113281,102.55422973632812,-74.46347045898438
1781099261543045400,24.98304541015625,-68.87614440917969,103.25721740722656,-74.57516479492188
1781099261584219100,25.02421923828125,-68.25212097167969,104.59977722167969,-74.26107788085938
1781099261625392000,25.06539208984375,-67.72340393066406,105.497802734375,-74.59870910644531
1781099261666562300,25.106562255859377,-66.49537658691406,105.81259155273438,-75.29391479492188
1781099261707736300,25.147736328125,-65.96702575683594,105.0906982421875,-75.5721435546875
1781099261748907300,25.1889072265625,-65.8184814453125,104.48594665527344,-75.49151611328125
1781099261790080300,25.230080322265625,-65.510009765625,105.26654052734375,-75.11282348632812
1781099261831255300,25.27125537109375,-65.11697387695312,105.36968994140625,-75.87852478027344
1781099261872430300,25.312430419921874,-64.274169921875,105.12940979003906,-76.66783142089844
1781099261913606100,25.353606201171875,-64.199951171875,103.84304809570312,-76.97952270507812
1781099261954783200,25.394783203125,-64.68258666992188,103.77323913574219,-76.73532104492188
1781099261995958300,25.435958251953124,-65.05583190917969,103.35408020019531,-77.01171875
1781099262037132300,25.47713232421875,-65.05293273925781,102.47413635253906,-77.88703918457031
1781099262078305500,25.518305419921877,-65.08377075195312,101.65010070800781,-78.04986572265625
1781099262119478500,25.559478515625,-66.287109375,101.34788513183594,-77.87391662597656
1781099262160654300,25.600654296875,-67.13653564453125,101.78329467773438,-77.27590942382812
1781099262201830400,25.641830322265626,-67.23297119140625,102.05824279785156,-76.698486328125
1781099262243008300,25.68300830078125,-67.15077209472656,102.49598693847656,-75.97598266601562
1781099262284185300,25.724185302734377,-66.9473876953125,101.98941040039062,-75.16877746582031
1781099262325358300,25.7653583984375,-67.13395690917969,102.55882263183594,-74.47508239746094
1781099262366531300,25.80653125,-67.38041687011719,103.25822448730469,-75.39564514160156
1781099262407704300,25.847704345703125,-66.92791748046875,103.35740661621094,-77.00698852539062
1781099262448878300,25.88887841796875,-66.58428955078125,102.96087646484375,-77.99052429199219
1781099262490054400,25.930054443359374,-66.53660583496094,102.77925109863281,-78.42579650878906
1781099262531227400,25.971227294921874,-66.07388305664062,102.93696594238281,-78.59336853027344
1781099262572401400,26.0124013671875,-66.31159973144531,103.15351867675781,-79.02708435058594
1781099262613574100,26.05357421875,-65.70751953125,103.17732238769531,-79.7030029296875
1781099262654747400,26.094747314453127,-65.33920288085938,103.52824401855469,-81.09341430664062
1781099262695921400,26.13592138671875,-64.784423828125,103.05448913574219,-83.449462890625
1781099262737097200,26.17709716796875,-65.50379943847656,102.8199462890625,-83.12809753417969
1781099262778272500,26.2182724609375,-65.9566650390625,102.60433959960938,-82.07955932617188
1781099262819448600,26.259448486328125,-65.69229125976562,100.8145751953125,-81.60256958007812
1781099262860620300,26.300620361328125,-65.84295654296875,99.20054626464844,-83.58456420898438
1781099262901793500,26.34179345703125,-65.86088562011719,98.52328491210938,-84.27894592285156
1781099262942966500,26.382966552734374,-66.18800354003906,98.11659240722656,-84.57685852050781
1781099262984141800,26.424141845703126,-67.00759887695312,97.88375854492188,-83.23185729980469
1781099263025315800,26.46531591796875,-68.22236633300781,98.00216674804688,-80.78924560546875
1781099263066492700,26.50649267578125,-68.75703430175781,98.426513671875,-79.65959167480469
1781099263107669500,26.54766943359375,-68.13186645507812,99.05982971191406,-79.91537475585938
1781099263148844800,26.5888447265625,-67.2733154296875,98.609619140625,-80.96150207519531
1781099263190020900,26.630020751953126,-67.1534423828125,98.58255004882812,-81.94932556152344
1781099263231196700,26.67119677734375,-67.40461730957031,97.09095764160156,-83.138671875
1781099263272372700,26.712372802734375,-67.50729370117188,95.92835998535156,-83.83937072753906
1781099263313549800,26.7535498046875,-67.75726318359375,94.87190246582031,-83.73368835449219
1781099263354727700,26.794727783203125,-68.82847595214844,94.54269409179688,-82.74713134765625
1781099263395901700,26.835901611328126,-69.93243408203125,94.71575927734375,-81.17964172363281
1781099263437075700,26.87707568359375,-70.67399597167969,95.57363891601562,-80.01971435546875
1781099263478252500,26.91825244140625,-70.12193298339844,96.1671142578125,-79.25285339355469
1781099263519430700,26.9594306640625,-69.96533203125,96.89079284667969,-79.06646728515625
1781099263560609800,27.00060986328125,-69.83351135253906,97.4771728515625,-78.54425048828125
1781099263601783800,27.04178369140625,-68.95701599121094,97.56758117675781,-79.08026123046875
1781099263642961000,27.0829609375,-68.42910766601562,97.50534057617188,-80.18199157714844
1781099263684136700,27.12413671875,-67.74073791503906,96.66960144042969,-80.27059936523438
1781099263725309700,27.165309814453124,-67.73388671875,96.69430541992188,-80.68336486816406
1781099263766486500,27.206486572265625,-67.81480407714844,96.32345581054688,-81.23915100097656
1781099263807660800,27.247660888671874,-67.98597717285156,96.37811279296875,-81.949462890625
1781099263848834800,27.288834716796874,-67.7384033203125,96.07351684570312,-83.152099609375
1781099263890008600,27.330008544921874,-68.70407104492188,96.07080078125,-83.54096984863281
1781099263931183900,27.371183837890626,-68.7777099609375,95.27589416503906,-84.35350036621094
1781099263972357400,27.412357421875,-69.77400207519531,94.36007690429688,-84.64242553710938
1781099264013529300,27.453529296875,-70.34555053710938,93.60536193847656,-84.2420654296875
1781099264054701300,27.494701416015626,-71.25767517089844,92.24456787109375,-83.95869445800781
1781099264095875300,27.535875244140627,-72.99855041503906,90.94613647460938,-83.33541870117188
1781099264137046300,27.57704638671875,-74.00633239746094,89.72698974609375,-82.67340087890625
1781099264178216200,27.61821630859375,-75.22541809082031,88.8646240234375,-81.00823974609375
1781099264219388200,27.65938818359375,-76.46127319335938,88.44288635253906,-79.69029235839844
1781099264260562200,27.700562255859374,-77.2630615234375,89.12925720214844,-78.33265686035156
1781099264301738200,27.74173828125,-77.19598388671875,89.87461853027344,-77.7467041015625
1781099264342910200,27.78291015625,-76.94155883789062,90.14846801757812,-77.41250610351562
1781099264384084200,27.824084228515623,-76.32437133789062,90.02096557617188,-77.09687805175781
1781099264425257200,27.86525732421875,-77.02853393554688,89.81863403320312,-76.63652038574219
1781099264466431200,27.90643115234375,-77.41595458984375,90.16213989257812,-75.46266174316406
1781099264507605200,27.947605224609376,-77.41178894042969,91.14576721191406,-74.90266418457031
1781099264548777200,27.988777099609376,-76.49258422851562,92.08688354492188,-75.06629943847656
1781099264589952300,28.0299521484375,-75.80145263671875,92.70860290527344,-74.88551330566406
1781099264631127300,28.071127197265625,-75.02662658691406,93.00215148925781,-75.40998840332031
1781099264672306200,28.11230615234375,-74.64817810058594,93.50143432617188,-75.96070861816406
1781099264713483300,28.153483154296875,-73.81538391113281,93.68247985839844,-76.01200866699219
1781099264754659000,28.1946591796875,-73.49249267578125,93.75143432617188,-76.46432495117188
1781099264795834400,28.23583447265625,-72.82603454589844,93.47712707519531,-77.36494445800781
1781099264837009200,28.277009033203125,-72.64309692382812,92.40048217773438,-78.15568542480469
1781099264878183400,28.318183349609374,-73.44264221191406,90.85932922363281,-77.99728393554688
1781099264919358200,28.359358154296874,-74.55865478515625,90.7022705078125,-77.37930297851562
1781099264960533200,28.400533203125,-76.82373046875,90.5447998046875,-77.35763549804688
1781099265001705200,28.441705322265626,-77.324951171875,90.95294189453125,-76.33174133300781
1781099265042878200,28.482878173828126,-77.79849243164062,91.57734680175781,-75.52304077148438
1781099265084051200,28.52405126953125,-77.40731811523438,92.63040161132812,-74.2894287109375
1781099265125226000,28.56522607421875,-77.308837890625,93.43783569335938,-73.14666748046875
1781099265166403000,28.606403076171876,-77.05657958984375,93.6416015625,-72.72433471679688
1781099265207578000,28.647578125,-76.43084716796875,94.38204956054688,-71.53096008300781
1781099265248754000,28.68875390625,-75.73292541503906,94.84953308105469,-71.65048217773438
1781099265289929200,28.72992919921875,-75.08186340332031,95.32553100585938,-71.99769592285156
1781099265331105000,28.77110498046875,-74.10395812988281,95.21810913085938,-72.19145202636719
1781099265372283000,28.812282958984376,-73.66522216796875,95.32838439941406,-71.99174499511719
1781099265413459000,28.853458984375,-72.95309448242188,95.06275939941406,-72.23377990722656
1781099265454635300,28.89463525390625,-74.16337585449219,94.7197265625,-72.228271484375
1781099265495811000,28.93581103515625,-75.00788879394531,94.4261474609375,-71.9461669921875
1781099265536986000,28.976986083984375,-76.08740234375,94.350830078125,-71.96122741699219
1781099265578159000,29.0181591796875,-77.11296081542969,94.19941711425781,-71.76774597167969
1781099265619334000,29.059333984375,-78.91073608398438,93.39413452148438,-71.0252685546875
1781099265660509200,29.10050927734375,-80.03408813476562,93.23416137695312,-70.17361450195312
1781099265701683000,29.141682861328125,-80.348388671875,93.89521789550781,-69.3323974609375
1781099265742858200,29.182858154296873,-80.12800598144531,93.99232482910156,-68.18380737304688
1781099265784033000,29.224032958984374,-80.2628173828125,94.92025756835938,-67.09381103515625
1781099265825207000,29.26520703125,-79.42240905761719,95.07936096191406,-66.41018676757812
1781099265866380000,29.306380126953126,-78.82260131835938,95.26518249511719,-65.7884521484375
1781099265907555000,29.34755517578125,-78.91044616699219,95.42672729492188,-65.28860473632812
1781099265948728000,29.38872802734375,-79.06892395019531,95.37832641601562,-64.83786010742188
1781099265989899800,29.429899658203126,-79.55184936523438,94.87648010253906,-64.13844299316406
1781099266031071000,29.471071044921874,-80.44612121582031,94.89199829101562,-63.10939025878906
1781099266072244000,29.512243896484375,-80.73544311523438,95.18659973144531,-62.04771423339844
1781099266113415700,29.553415771484374,-80.94204711914062,96.02732849121094,-60.86384582519531
1781099266154590000,29.59458984375,-81.85198974609375,96.3656005859375,-60.00132751464844
1781099266195764700,29.6357646484375,-82.16142272949219,96.96234130859375,-59.034332275390625
1781099266236936000,29.67693603515625,-81.94464111328125,97.05233764648438,-58.40931701660156
1781099266278107000,29.71810693359375,-81.30287170410156,98.34126281738281,-57.28456115722656
1781099266319278600,29.759278564453126,-80.88212585449219,99.01826477050781,-56.96673583984375
1781099266360452900,29.800452880859375,-79.68968200683594,99.26400756835938,-56.88819885253906
1781099266401627000,29.841626953125,-79.04878234863281,99.04226684570312,-56.7298583984375
1781099266442799900,29.8827998046875,-78.32154846191406,99.16575622558594,-56.829681396484375
1781099266483971800,29.923971923828127,-78.72407531738281,99.67109680175781,-57.06512451171875
1781099266525143800,29.965143798828127,-78.2125244140625,99.81227111816406,-57.42205810546875
1781099266566317800,30.00631787109375,-78.00894165039062,99.44705200195312,-58.21598815917969
1781099266607490800,30.04749072265625,-78.15237426757812,99.25375366210938,-58.8409423828125
1781099266648668000,30.08866796875,-78.6019287109375,99.49955749511719,-59.51353454589844
1781099266689841700,30.129841552734376,-79.54902648925781,99.354736328125,-59.87495422363281
1781099266731016000,30.171015869140625,-80.66813659667969,99.35142517089844,-60.04913330078125
1781099266772190700,30.212190673828125,-81.28369140625,100.08891296386719,-60.15472412109375
1781099266813363700,30.25336376953125,-82.48110961914062,100.47354125976562,-59.1629638671875
1781099266854539800,30.294539794921874,-83.06245422363281,101.63383483886719,-58.11741638183594
1781099266895714800,30.33571484375,-83.06938171386719,101.91989135742188,-58.11686706542969
1781099266936889900,30.376889892578124,-82.65715026855469,102.32635498046875,-57.68727111816406
1781099266978067700,30.418067626953125,-82.19532775878906,102.64285278320312,-57.631195068359375
1781099267019241500,30.459241455078125,-81.51324462890625,103.86798095703125,-57.86851501464844
1781099267060415700,30.500415771484374,-81.86601257324219,104.07331848144531,-57.46290588378906
1781099267101591600,30.541591552734374,-82.41905212402344,104.47447204589844,-56.72508239746094
1781099267142765600,30.582765625,-82.00450134277344,105.04335021972656,-57.18971252441406
1781099267183941600,30.623941650390623,-81.13325500488281,105.04901123046875,-57.31669616699219
1781099267225118700,30.66511865234375,-82.3900146484375,104.86601257324219,-57.294281005859375
1781099267266293500,30.70629345703125,-82.13087463378906,105.36251831054688,-56.60638427734375
1781099267307470600,30.747470703125,-81.84295654296875,105.99168395996094,-56.83210754394531
1781099267348646700,30.788646728515626,-81.64511108398438,106.37344360351562,-56.586639404296875
1781099267389823700,30.82982373046875,-82.18655395507812,107.17959594726562,-56.53260803222656
1781099267430999600,30.87099951171875,-82.17547607421875,107.76686096191406,-56.667510986328125
1781099267472178700,30.9121787109375,-81.71768188476562,108.06758117675781,-56.669158935546875
1781099267513354500,30.9533544921875,-81.80416870117188,108.14984130859375,-56.51411437988281
1781099267554530600,30.994530517578124,-81.64813232421875,108.66224670410156,-55.74519348144531
1781099267595708700,31.035708740234377,-82.10787963867188,109.48638916015625,-55.49053955078125
1781099267636884700,31.076884765625,-82.28660583496094,109.4793701171875,-55.18037414550781
1781099267678059500,31.1180595703125,-81.76251220703125,109.94288635253906,-54.8631591796875
1781099267719234800,31.15923486328125,-81.89613342285156,110.46604919433594,-54.409027099609375
1781099267760410600,31.20041064453125,-81.77500915527344,110.86505126953125,-53.9354248046875
1781099267801583600,31.24158349609375,-81.55427551269531,111.11766052246094,-53.78678894042969
1781099267842759700,31.282759765625,-81.46517944335938,111.354736328125,-53.62004089355469
1781099267883936800,31.323936767578125,-81.37893676757812,111.7802734375,-53.05381774902344
1781099267925110500,31.365110595703126,-80.85821533203125,112.18382263183594,-52.8848876953125
1781099267966282500,31.406282470703125,-81.29804992675781,112.82557678222656,-52.631744384765625
1781099268007456000,31.4474560546875,-81.24296569824219,113.41168212890625,-51.76715087890625
1781099268048630000,31.488630126953126,-80.73133850097656,114.13546752929688,-51.62031555175781
1781099268089804800,31.5298046875,-80.45506286621094,114.71009826660156,-51.23310852050781
1781099268130983200,31.570983154296876,-78.80802917480469,115.16395568847656,-51.90501403808594
1781099268172163000,31.6121630859375,-77.67747497558594,115.65447998046875,-52.63563537597656
1781099268213339100,31.653339111328126,-77.87168884277344,115.77113342285156,-53.21492004394531
1781099268254515000,31.694514892578123,-78.64590454101562,116.40179443359375,-53.19439697265625
1781099268295690000,31.73568994140625,-78.53305053710938,116.79876708984375,-53.724761962890625
1781099268336865800,31.77686572265625,-78.97319030761719,118.05902099609375,-54.262176513671875
1781099268378041000,31.818041015625,-79.1826171875,119.03857421875,-54.49681091308594
1781099268419217200,31.859217041015626,-78.63037109375,119.92237854003906,-54.806243896484375
1781099268460391200,31.90039111328125,-78.65447998046875,120.01870727539062,-55.63017272949219
1781099268501567000,31.94156689453125,-77.58921813964844,121.19863891601562,-55.9500732421875
1781099268542741000,31.982740966796875,-77.97444152832031,122.19090270996094,-56.76188659667969
1781099268583915000,32.0239150390625,-78.12232971191406,122.94210815429688,-57.052825927734375
1781099268625086000,32.0650859375,-77.82182312011719,123.70062255859375,-57.84855651855469
1781099268666259000,32.10625903320312,-77.02561950683594,124.54765319824219,-58.256744384765625
1781099268707434000,32.14743408203125,-77.15837097167969,125.39349365234375,-58.423309326171875
1781099268748610000,32.18861010742187,-76.43807983398438,126.05683898925781,-58.99269104003906
1781099268789784800,32.22978491210937,-75.53044128417969,126.55462646484375,-59.52983093261719
1781099268830960000,32.270960205078126,-74.89862060546875,126.40530395507812,-59.761688232421875
1781099268872135000,32.312135009765626,-73.93862915039062,126.79917907714844,-60.143280029296875
1781099268913306000,32.35330615234375,-73.51979064941406,126.35281372070312,-60.70257568359375
1781099268954475000,32.39447509765625,-72.81967163085938,125.8458251953125,-61.49261474609375
1781099268995648000,32.43564794921875,-72.70048522949219,126.15434265136719,-62.8031005859375
1781099269036821000,32.47682104492188,-72.90902709960938,126.18840026855469,-63.71330261230469
1781099269077996000,32.51799609375,-74.46160888671875,126.43724060058594,-63.343505859375
1781099269119169000,32.5591689453125,-75.95497131347656,126.35366821289062,-62.50401306152344
1781099269160345000,32.60034497070313,-74.86589050292969,125.65850830078125,-64.0545654296875
1781099269201521000,32.64152099609375,-75.541259765625,125.09657287597656,-63.986358642578125
1781099269242695200,32.68269506835937,-76.01248168945312,126.26303100585938,-63.75685119628906
1781099269283870000,32.72386987304687,-76.12159729003906,127.05056762695312,-64.85667419433594
1781099269325038000,32.7650380859375,-75.88508605957031,127.162841796875,-64.35919189453125
1781099269366207000,32.80620703125,-75.44729614257812,127.7987060546875,-64.02549743652344
1781099269407378000,32.8473779296875,-74.44036865234375,128.06861877441406,-64.73915100097656
1781099269448551000,32.888551025390626,-74.50531005859375,127.94281005859375,-64.65020751953125
1781099269489725200,32.92972509765625,-74.47532653808594,127.20965576171875,-64.80433654785156
1781099269530896000,32.97089575195312,-74.57203674316406,127.15800476074219,-65.0703125
1781099269572072000,33.01207202148437,-75.05319213867188,127.06719970703125,-64.97640991210938
1781099269613245000,33.05324487304687,-76.51438903808594,126.83880615234375,-64.66352844238281
1781099269654418000,33.09441796875,-77.57696533203125,127.02079772949219,-64.586181640625
1781099269695591000,33.1355908203125,-77.30644226074219,127.4852294921875,-64.16192626953125
1781099269736762000,33.17676220703125,-77.44998168945312,128.1679229736328,-63.63941955566406
1781099269777934000,33.21793408203125,-76.45458984375,128.85841369628906,-63.57551574707031
1781099269819108000,33.259108154296875,-76.35954284667969,129.4044189453125,-64.00108337402344
1781099269860283000,33.300282958984376,-75.91609191894531,129.62686157226562,-64.80055236816406
1781099269901456100,33.3414560546875,-75.966064453125,129.77049255371094,-65.37599182128906
1781099269942630100,33.382630126953124,-76.22581481933594,129.31700134277344,-65.84272766113281
1781099269983801900,33.4238017578125,-77.85029602050781,128.46417236328125,-66.40757751464844
1781099270024973800,33.464973876953124,-79.56930541992188,128.3136749267578,-65.99882507324219
1781099270066148000,33.50614819335937,-80.45584106445312,128.44427490234375,-65.48373413085938
1781099270107321900,33.54732177734375,-80.44677734375,128.96609497070312,-65.25210571289062
1781099270148496000,33.58849584960937,-79.88789367675781,129.4755401611328,-64.81655883789062
1781099270189673000,33.6296728515625,-80.17173767089844,129.31980895996094,-64.42198181152344
1781099270230846000,33.670845947265626,-80.39520263671875,129.5353546142578,-64.15167236328125
1781099270272021000,33.71202099609375,-80.80642700195312,129.8403778076172,-63.799163818359375
1781099270313193000,33.75319287109375,-80.93544006347656,130.57708740234375,-63.31398010253906
1781099270354367000,33.79436694335938,-80.82968139648438,130.9025421142578,-62.99931335449219
1781099270395541000,33.835541015625,-81.15303039550781,131.2710418701172,-63.12117004394531
1781099270436713000,33.876712890625,-81.00320434570312,131.5186004638672,-62.98258972167969
1781099270477887000,33.91788696289063,-80.68006896972656,132.42581176757812,-63.07359313964844
1781099270519058000,33.95905786132813,-80.98652648925781,133.31912231445312,-63.5343017578125
1781099270560234000,34.00023388671875,-80.83541870117188,133.6978302001953,-64.43966674804688
1781099270601409000,34.041408935546876,-80.58316040039062,133.82115173339844,-64.83335876464844
1781099270642586000,34.08258618164062,-80.29743957519531,134.1831512451172,-65.30125427246094
1781099270683761000,34.12376098632812,-80.45074462890625,134.7428741455078,-66.12991333007812
1781099270724934000,34.16493383789062,-80.567138671875,134.649658203125,-66.87278747558594
1781099270766105900,34.20610595703125,-80.97422790527344,134.8355712890625,-67.29933166503906
1781099270807280000,34.247280029296874,-81.12461853027344,135.80038452148438,-67.84762573242188
1781099270848455000,34.288454833984375,-82.91566467285156,135.72975158691406,-68.77201843261719
1781099270889629000,34.32962890625,-83.70907592773438,136.5764923095703,-69.70199584960938
1781099270930803000,34.37080297851563,-83.77581787109375,136.8470458984375,-70.74716186523438
1781099270971972000,34.41197216796875,-83.75210571289062,136.8417510986328,-71.31431579589844
1781099271013145600,34.4531455078125,-84.41592407226562,136.00094604492188,-71.31864929199219
1781099271054318600,34.49431860351562,-84.32705688476562,135.86183166503906,-70.55685424804688
1781099271095494000,34.535493896484375,-83.63648986816406,135.1107177734375,-69.506591796875
1781099271136668700,34.576668701171876,-83.32957458496094,134.66885375976562,-68.1934814453125
1781099271177844700,34.6178447265625,-83.85041809082031,134.6796112060547,-66.91719055175781
1781099271219018800,34.65901879882812,-82.82888793945312,135.06166076660156,-66.09991455078125
1781099271260189700,34.70018969726563,-81.51652526855469,134.71408081054688,-65.72625732421875
1781099271301362000,34.74136181640625,-80.83711242675781,135.1611328125,-65.08062744140625
1781099271342535700,34.78253564453125,-80.74250793457031,135.56761169433594,-65.03977966308594
1781099271383712800,34.823712646484374,-80.20172119140625,135.66395568847656,-65.43885803222656
1781099271424887600,34.864887451171874,-79.26203918457031,135.682373046875,-65.48979187011719
1781099271466060500,34.906060546875,-78.81858825683594,135.9087371826172,-65.76963806152344
1781099271507231700,34.947231689453126,-79.10641479492188,135.90272521972656,-66.22969055175781
1781099271548404700,34.98840478515625,-78.490234375,135.8763885498047,-66.64637756347656
1781099271589575700,35.02957568359375,-78.51972961425781,135.4054412841797,-66.67137145996094
1781099271630749700,35.070749755859374,-78.82858276367188,135.5543975830078,-66.74200439453125
1781099271671923700,35.111923828125,-78.85569763183594,135.8519287109375,-66.85354614257812
1781099271713097700,35.15309765625,-79.63761901855469,136.0089111328125,-66.74131774902344
1781099271754271700,35.19427172851562,-79.55648803710938,135.76734924316406,-66.43215942382812
1781099271795444700,35.23544482421875,-79.07760620117188,136.4275665283203,-66.37181091308594
1781099271836618800,35.27661865234375,-78.92951965332031,136.17994689941406,-67.15007019042969
1781099271877793800,35.31779370117187,-79.02214050292969,135.79058837890625,-67.87037658691406
1781099271918966800,35.358966796875,-79.08067321777344,135.96157836914062,-68.4478759765625
1781099271960139800,35.400139892578125,-78.7471923828125,136.0516815185547,-68.59648132324219
1781099272001314000,35.44131396484375,-79.34942626953125,136.14566040039062,-69.52157592773438
1781099272042486800,35.48248681640625,-79.95780944824219,135.97463989257812,-70.12666320800781
1781099272083660800,35.52366088867188,-80.40399169921875,136.150146484375,-70.79177856445312
1781099272124832800,35.56483276367187,-80.56867980957031,136.601318359375,-71.07159423828125
1781099272166006800,35.6060068359375,-79.87588500976562,136.53465270996094,-71.80490112304688
1781099272207181000,35.64718115234375,-79.19676208496094,135.73019409179688,-72.42369079589844
1781099272248352800,35.68835278320312,-78.93504333496094,134.36546325683594,-72.23838806152344
1781099272289524700,35.729524658203125,-79.45637512207031,133.85409545898438,-71.45431518554688
1781099272330697700,35.77069775390625,-79.63031005859375,133.3667755126953,-70.88523864746094
1781099272371871000,35.81187109375,-79.49250793457031,133.2015838623047,-70.66163635253906
1781099272413042700,35.853042724609374,-78.97267150878906,132.09962463378906,-70.43513488769531
1781099272454214000,35.8942138671875,-78.4395751953125,131.61773681640625,-69.55523681640625
1781099272495382800,35.9353828125,-78.4267578125,131.06101989746094,-68.59344482421875
1781099272536554000,35.976553955078124,-79.18585205078125,130.55970764160156,-67.83860778808594
1781099272577724000,36.01772387695313,-79.44535827636719,130.61691284179688,-66.54753112792969
1781099272618892800,36.058892822265626,-79.63296508789062,131.4834442138672,-65.87030029296875
1781099272660062000,36.10006201171875,-80.056884765625,131.6244354248047,-65.56317138671875
1781099272701229800,36.14122973632813,-79.27876281738281,131.68385314941406,-65.72308349609375
1781099272742400000,36.18239990234375,-78.61724853515625,131.49510192871094,-65.98503112792969
1781099272783570700,36.22357080078125,-78.89817810058594,130.7711639404297,-66.03616333007812
1781099272824744000,36.264743896484376,-79.15383911132812,130.4627227783203,-66.29071044921875
1781099272865915000,36.305914794921875,-79.42962646484375,129.61581420898438,-66.07911682128906
1781099272907086800,36.3470869140625,-79.6661376953125,128.62716674804688,-65.39205932617188
1781099272948258800,36.3882587890625,-80.53800964355469,128.05352783203125,-64.32374572753906
1781099272989431000,36.42943115234375,-81.33428955078125,128.22613525390625,-63.116363525390625
1781099273030601000,36.47060107421875,-82.4224853515625,128.71180725097656,-62.250457763671875
1781099273071774000,36.51177392578125,-82.09011840820312,129.5788116455078,-61.39373779296875
1781099273112946000,36.55294580078125,-81.37190246582031,130.60411071777344,-60.89759826660156
1781099273154121200,36.59412133789063,-80.45085144042969,131.4566192626953,-61.04261779785156
1781099273195296000,36.6352958984375,-79.37484741210938,131.8233184814453,-61.23652648925781
1781099273236470000,36.676469970703124,-78.01921081542969,131.9505157470703,-62.23358154296875
1781099273277641000,36.717640869140624,-77.33135986328125,132.26979064941406,-62.9736328125
1781099273318813200,36.75881323242187,-77.40876770019531,132.18124389648438,-64.4429931640625
1781099273359986200,36.79998608398437,-77.25373840332031,131.9331817626953,-65.32894897460938
1781099273401160000,36.841159912109376,-77.93081665039062,131.4343719482422,-66.16998291015625
1781099273442330000,36.882330078125,-78.59664916992188,130.7173309326172,-66.8255615234375
1781099273483501300,36.92350122070312,-79.36154174804688,130.31382751464844,-66.82513427734375
1781099273524671000,36.9646708984375,-79.73066711425781,129.94326782226562,-66.70997619628906
1781099273565841200,37.00584106445312,-80.64387512207031,129.8114776611328,-66.38710021972656
1781099273607011000,37.047010986328125,-80.14225769042969,130.02975463867188,-66.26597595214844
1781099273648182300,37.08818237304688,-79.34281921386719,130.33384704589844,-66.34197998046875
1781099273689356000,37.12935595703125,-79.32083129882812,130.21681213378906,-66.51727294921875
1781099273730529000,37.17052905273437,-79.08370971679688,130.0315704345703,-66.65940856933594
1781099273771701000,37.21170092773438,-79.51225280761719,129.73033142089844,-66.32574462890625
1781099273812874000,37.2528740234375,-79.523193359375,129.58187866210938,-66.36811828613281
1781099273854045200,37.29404516601563,-79.69389343261719,129.4852752685547,-65.88241577148438
1781099273895218200,37.33521826171875,-79.94363403320312,129.72567749023438,-65.92263793945312
1781099273936391200,37.37639111328125,-79.4283447265625,129.26609802246094,-65.63594055175781
1781099273977565000,37.41756494140625,-78.998046875,128.9402313232422,-65.56697082519531
1781099274018736600,37.45873657226562,-79.22802734375,129.41806030273438,-64.88523864746094
1781099274059910000,37.49990991210937,-78.95730590820312,129.56871032714844,-64.79833984375
1781099274101083000,37.541082763671874,-79.40788269042969,129.83154296875,-64.2880859375
1781099274142256600,37.58225659179688,-78.62396240234375,130.27340698242188,-63.94313049316406
1781099274183430700,37.6234306640625,-78.14866638183594,130.56610107421875,-63.43553161621094
1781099274224600800,37.66460083007812,-77.97377014160156,131.2865447998047,-63.23323059082031
1781099274265771500,37.705771484375,-77.23545837402344,130.57659912109375,-63.3026123046875
1781099274306944500,37.74694458007812,-77.5963134765625,129.98513793945312,-63.13494873046875
1781099274348117800,37.78811767578125,-77.19267272949219,129.3635711669922,-62.42268371582031
1781099274389289700,37.82928979492188,-76.64306640625,129.13778686523438,-61.648193359375
1781099274430463700,37.870463623046874,-76.38800048828125,129.50856018066406,-61.09812927246094
1781099274471636700,37.91163671875,-75.68087768554688,129.62168884277344,-61.145904541015625
1781099274512810800,37.95281079101562,-74.82255554199219,129.89251708984375,-60.93632507324219
1781099274553985500,37.99398559570312,-74.30934143066406,129.83827209472656,-61.13818359375
1781099274595159800,38.03515991210938,-73.77799987792969,129.76348876953125,-61.05226135253906
1781099274636331800,38.076331787109375,-73.88311767578125,130.1107177734375,-61.17301940917969
1781099274677506600,38.117506591796875,-73.95967102050781,129.84445190429688,-61.36053466796875
1781099274718680600,38.1586806640625,-73.12889099121094,129.30152893066406,-61.283905029296875
1781099274759853600,38.199853515625,-73.28468322753906,129.0404510498047,-61.450531005859375
1781099274801025500,38.24102563476563,-72.73931884765625,128.23239135742188,-62.03582763671875
1781099274842199800,38.28219970703125,-72.32673645019531,128.2028350830078,-62.21539306640625
1781099274883374600,38.32337451171875,-72.28569030761719,128.36459350585938,-62.82844543457031
1781099274924546800,38.364546875,-71.78384399414062,127.65715026855469,-63.24833679199219
1781099274965720600,38.405720458984376,-71.24871826171875,127.24220275878906,-63.627197265625
1781099275006895900,38.44689575195312,-71.15336608886719,127.05369567871094,-64.20808410644531
1781099275048072000,38.48807202148438,-70.83370971679688,126.99748229980469,-64.89436340332031
1781099275089245000,38.52924487304688,-70.6004638671875,126.158203125,-65.70181274414062
1781099275130421800,38.570421875,-71.15797424316406,125.65158081054688,-66.388427734375
1781099275171595800,38.611595703125,-71.12896728515625,124.76809692382812,-67.14192199707031
1781099275212770800,38.65277075195313,-71.4530029296875,123.72073364257812,-67.56582641601562
1781099275253942800,38.69394287109375,-71.644287109375,123.31370544433594,-67.39865112304688
1781099275295113700,38.73511376953125,-72.76531982421875,122.87452697753906,-66.91244506835938
1781099275336284700,38.77628466796875,-72.84133911132812,122.63938903808594,-66.61790466308594
1781099275377458700,38.81745874023437,-73.43055725097656,122.13694763183594,-66.73420715332031
1781099275418632700,38.8586328125,-73.64419555664062,122.38056945800781,-67.06498718261719
1781099275459804000,38.89980395507813,-72.791259765625,122.07650756835938,-67.11236572265625
1781099275500974600,38.940974609375,-73.31869506835938,121.7781982421875,-67.85269165039062
1781099275542148900,38.98214892578125,-74.441650390625,121.67034912109375,-68.29714965820312
1781099275583323600,39.02332373046875,-74.62567138671875,121.42970275878906,-68.47200012207031
1781099275624496600,39.06449658203125,-75.06196594238281,121.36073303222656,-68.44943237304688
1781099275665669600,39.105669677734376,-75.47134399414062,121.05712890625,-68.20845031738281
1781099275706844000,39.146843994140625,-76.06965637207031,121.42523193359375,-68.4464111328125
1781099275748017700,39.188017578125,-76.60009765625,122.10308837890625,-68.18412780761719
1781099275789191700,39.229191650390625,-77.65618896484375,122.10877990722656,-68.37416076660156
1781099275830364700,39.27036474609375,-77.80653381347656,122.13880920410156,-68.78236389160156
1781099275871540700,39.311540771484374,-78.77146911621094,122.1319580078125,-68.85148620605469
1781099275912713700,39.352713623046874,-79.2557373046875,121.89630126953125,-68.8756103515625
1781099275953885700,39.3938857421875,-79.57466125488281,121.98600769042969,-68.46710205078125
1781099275995058200,39.43505810546875,-80.1390380859375,121.79566955566406,-68.19342041015625
1781099276036230100,39.476230224609374,-80.57756042480469,121.83187866210938,-68.08914184570312
1781099276077405200,39.5174052734375,-80.970703125,122.02047729492188,-67.70297241210938
1781099276118580200,39.55858032226563,-81.3128662109375,122.55029296875,-67.51568603515625
1781099276159753000,39.5997529296875,-81.15554809570312,123.27072143554688,-67.86195373535156
1781099276200928300,39.64092822265625,-80.60202026367188,123.63832092285156,-67.96255493164062
1781099276242104000,39.68210400390625,-80.91799926757812,123.59428405761719,-68.27531433105469
1781099276283278300,39.7232783203125,-80.73204040527344,123.18150329589844,-68.80386352539062
1781099276324452000,39.7644521484375,-80.77940368652344,122.92083740234375,-69.05551147460938
1781099276365625000,39.805625,-81.43730163574219,122.73434448242188,-69.27061462402344
1781099276406798000,39.84679809570312,-81.78245544433594,122.34681701660156,-69.18495178222656
1781099276447969300,39.88796923828125,-82.15263366699219,122.60000610351562,-68.76321411132812
1781099276489142300,39.92914233398437,-83.42507934570312,122.43681335449219,-68.76921081542969
1781099276530316000,39.97031591796875,-83.49853515625,121.9185791015625,-68.19171142578125
1781099276571489000,40.01148901367188,-84.69342041015625,121.89503479003906,-68.33309936523438
1781099276612660200,40.05266015625,-85.30294799804688,121.93377685546875,-67.65737915039062
1781099276653831200,40.0938310546875,-85.4603271484375,121.67079162597656,-67.79360961914062
1781099276695005200,40.135005126953125,-85.7264404296875,122.08110046386719,-67.38725280761719
1781099276736181000,40.17618090820312,-85.71432495117188,122.72012329101562,-67.35691833496094
1781099276777355300,40.21735522460938,-85.60598754882812,123.03070068359375,-67.33229064941406
1781099276818529000,40.258529052734374,-85.31306457519531,124.29823303222656,-66.82246398925781
1781099276859701200,40.299701171875,-85.04412841796875,125.35888671875,-65.94361877441406
1781099276900874200,40.34087426757812,-83.61822509765625,126.17352294921875,-65.25141906738281
1781099276942047200,40.38204711914062,-82.38027954101562,126.65797424316406,-64.82501220703125
1781099276983221200,40.42322119140625,-82.096435546875,126.76351928710938,-64.03933715820312
1781099277024396300,40.46439624023437,-80.81874084472656,126.83615112304688,-63.85322570800781
1781099277065573000,40.50557299804687,-80.17721557617188,126.48699951171875,-63.53923034667969
1781099277106749200,40.54674926757812,-79.18098449707031,125.92472839355469,-63.42474365234375
1781099277147926300,40.58792626953125,-79.16375732421875,125.87986755371094,-63.344207763671875
1781099277189104400,40.6291044921875,-78.95065307617188,126.31060791015625,-62.936279296875
1781099277230281500,40.670281494140625,-78.91049194335938,127.02273559570312,-62.58186340332031
1781099277271460400,40.71146044921875,-78.1888427734375,127.10136413574219,-62.22552490234375
1781099277312638200,40.75263818359375,-77.23919677734375,127.65325927734375,-61.88465881347656
1781099277353813200,40.793813232421876,-76.58250427246094,127.91441345214844,-61.44224548339844
1781099277394991000,40.8349912109375,-75.28424072265625,128.3609619140625,-61.327972412109375
1781099277436166400,40.87616650390625,-74.31556701660156,128.46633911132812,-61.23344421386719
1781099277477342500,40.917342529296874,-73.19558715820312,128.30975341796875,-60.87260437011719
1781099277518516200,40.95851611328125,-71.62367248535156,128.18516540527344,-60.78492736816406
1781099277559691300,40.99969116210937,-70.38520812988281,127.7635498046875,-60.333648681640625
1781099277600866300,41.0408662109375,-69.36143493652344,127.13726806640625,-60.0836181640625
1781099277642040300,41.08204028320313,-68.33396911621094,126.72074890136719,-60.04316711425781
1781099277683214000,41.123214111328124,-67.65426635742188,126.66815185546875,-60.28321838378906
1781099277724387000,41.164386962890624,-67.32406616210938,126.03669738769531,-60.083892822265625
1781099277765560000,41.20556005859375,-66.54261779785156,125.65235900878906,-60.25701904296875
1781099277806733300,41.2467333984375,-65.49375915527344,125.59732055664062,-60.40327453613281
1781099277847904300,41.287904296875,-64.71000671386719,125.02415466308594,-60.57557678222656
1781099277889077200,41.3290771484375,-64.69435119628906,124.97897338867188,-60.43711853027344
1781099277930252300,41.37025219726563,-63.8802490234375,124.69667053222656,-60.260284423828125
1781099277971428000,41.411427978515626,-63.40338134765625,125.03231811523438,-60.40240478515625
1781099278012603000,41.452602783203126,-62.412750244140625,124.86630249023438,-60.44483947753906
1781099278053780000,41.49378002929687,-61.963592529296875,124.75588989257812,-61.110565185546875
1781099278094953700,41.53495361328125,-61.4031982421875,125.430419921875,-61.65934753417969
1781099278136129000,41.57612890625,-60.63261413574219,125.39390563964844,-63.08428955078125
1781099278177303800,41.6173037109375,-60.26026916503906,125.69236755371094,-65.27409362792969
1781099278218478000,41.65847802734375,-60.32820129394531,125.189208984375,-67.52580261230469
1781099278259654700,41.699654541015626,-60.592559814453125,124.59919738769531,-69.61476135253906
1781099278300829000,41.740828857421874,-61.538665771484375,123.64530944824219,-71.46957397460938
1781099278342003700,41.782003662109375,-63.363494873046875,122.22270202636719,-72.78462219238281
1781099278383180800,41.82318090820313,-64.92823791503906,121.09742736816406,-73.57148742675781
1781099278424358000,41.86435791015625,-66.88020324707031,119.90260314941406,-73.87324523925781
1781099278465535000,41.905534912109374,-68.03134155273438,119.32423400878906,-73.59190368652344
1781099278506708000,41.9467080078125,-69.69082641601562,118.75077819824219,-73.31617736816406
1781099278547882800,41.9878828125,-71.22642517089844,118.27732849121094,-73.09368896484375
1781099278589058000,42.02905810546875,-71.65037536621094,117.58236694335938,-72.58645629882812
1781099278630235000,42.07023486328125,-71.93313598632812,117.14970397949219,-72.104248046875
1781099278671412000,42.11141186523437,-72.66067504882812,116.96702575683594,-71.72914123535156
1781099278712586000,42.1525859375,-73.41450500488281,116.68486022949219,-71.47714233398438
1781099278753760800,42.1937607421875,-74.20697021484375,115.93508911132812,-71.940185546875
1781099278794936000,42.23493603515625,-75.33494567871094,115.12203979492188,-72.12178039550781
1781099278836112000,42.27611181640625,-77.10543823242188,114.64944458007812,-71.60015869140625
1781099278877286000,42.317285888671876,-78.57441711425781,114.41264343261719,-70.64718627929688
1781099278918460000,42.3584599609375,-79.50361633300781,115.07672119140625,-69.37957763671875
1781099278959634700,42.399634765625,-80.294189453125,115.05084228515625,-68.41343688964844
1781099279000808400,42.44080834960938,-80.47517395019531,114.77156066894531,-68.02922058105469
1781099279041981400,42.4819814453125,-80.83226013183594,114.1279296875,-67.34111022949219
1781099279083153400,42.5231533203125,-80.96609497070312,113.6402587890625,-66.81001281738281
1781099279124328400,42.564328369140625,-81.78536987304688,113.33714294433594,-66.26176452636719
1781099279165498400,42.60549829101563,-82.22982788085938,112.8262939453125,-65.79820251464844
1781099279206670300,42.64667041015625,-83.51431274414062,112.4521484375,-65.69114685058594
1781099279247840500,42.68784057617187,-84.86872863769531,112.43338012695312,-65.37065124511719
1781099279289012500,42.729012451171876,-86.09028625488281,112.56680297851562,-64.25480651855469
1781099279330186200,42.77018627929687,-87.79335021972656,113.47280883789062,-63.19963073730469
1781099279371362600,42.81136254882812,-88.27671813964844,114.50848388671875,-62.092559814453125
1781099279412534500,42.852534423828125,-88.9727783203125,115.82046508789062,-60.73028564453125
1781099279453711400,42.89371142578125,-88.77091979980469,117.5343017578125,-59.22996520996094
1781099279494886400,42.93488647460938,-87.47520446777344,119.07501220703125,-57.82524108886719
1781099279536060400,42.976060302734375,-86.56658935546875,120.39009094238281,-57.09281921386719
1781099279577235500,43.0172353515625,-84.75581359863281,121.42332458496094,-56.792694091796875
1781099279618412500,43.05841259765625,-82.61825561523438,122.16659545898438,-56.897674560546875
1781099279659590400,43.09959033203125,-82.23391723632812,122.40235900878906,-57.129638671875
1781099279700765400,43.14076538085938,-81.49040222167969,122.8204345703125,-57.7110595703125
1781099279741937400,43.1819375,-81.43653869628906,122.58415222167969,-58.24421691894531
1781099279783114500,43.22311450195313,-80.4930419921875,121.82664489746094,-59.21241760253906
1781099279824287500,43.26428759765625,-80.49667358398438,121.64869689941406,-60.644866943359375
1781099279865462300,43.30546215820313,-80.81684875488281,121.57069396972656,-61.654327392578125
1781099279906635300,43.34663525390625,-81.94595336914062,122.23989868164062,-62.10432434082031
1781099279947809500,43.3878095703125,-82.6121826171875,122.3349609375,-62.813720703125
1781099279988985300,43.4289853515625,-83.40834045410156,122.82086181640625,-63.36070251464844
1781099280030163200,43.4701630859375,-83.93998718261719,122.92141723632812,-63.67658996582031
1781099280071341300,43.51134130859375,-84.14695739746094,122.57203674316406,-64.52450561523438
1781099280112520200,43.55252026367187,-84.57151794433594,123.02598571777344,-64.9798583984375
1781099280153697300,43.593697265625,-85.13525390625,123.34298706054688,-65.5126953125
1781099280194876400,43.63487646484375,-86.33349609375,122.88774108886719,-65.87936401367188
1781099280236054500,43.67605444335938,-87.12069702148438,122.86708068847656,-65.63633728027344
1781099280277232400,43.717232421875,-88.32902526855469,123.07467651367188,-65.23973083496094
1781099280318409500,43.75840942382813,-89.39714050292969,124.14404296875,-64.25291442871094
1781099280359584300,43.79958422851563,-89.91667175292969,125.08164978027344,-63.09553527832031
1781099280400757200,43.84075732421875,-89.51509094238281,125.8707275390625,-61.48930358886719
1781099280441929200,43.88192919921875,-89.27554321289062,126.30511474609375,-60.57145690917969
1781099280483102200,43.923102294921875,-88.29255676269531,126.68891906738281,-59.31578063964844
1781099280524274400,43.9642744140625,-87.6904296875,127.06884765625,-58.579071044921875
1781099280565447400,44.005447509765624,-87.45613098144531,127.18905639648438,-57.71038818359375
1781099280606618400,44.04661840820312,-87.0220947265625,127.11703491210938,-57.11090087890625
1781099280647789300,44.08778930664062,-86.40989685058594,127.16227722167969,-56.295928955078125
1781099280688963300,44.12896337890625,-85.018798828125,127.25349426269531,-55.47718811035156
1781099280730136300,44.17013623046875,-83.83070373535156,127.38455200195312,-54.46861267089844
1781099280771308500,44.21130859375,-82.90484619140625,127.41293334960938,-53.916473388671875
1781099280812481300,44.252481201171875,-81.59573364257812,127.41130065917969,-53.74676513671875
1781099280853653500,44.29365356445312,-80.03659057617188,126.90223693847656,-53.83998107910156
1781099280894827300,44.3348271484375,-78.6046142578125,126.05157470703125,-54.2374267578125
1781099280936000300,44.37600024414063,-78.15476989746094,125.837890625,-55.25907897949219
1781099280977173200,44.41717333984375,-77.97621154785156,125.9000244140625,-56.02482604980469
1781099281018348000,44.45834814453125,-78.18487548828125,125.91738891601562,-57.10588073730469
1781099281059521000,44.49952099609375,-78.82035827636719,125.94419860839844,-58.48210144042969
1781099281100694000,44.54069409179687,-79.81243896484375,126.33865356445312,-59.551605224609375
1781099281141865000,44.58186499023437,-80.201416015625,127.19866943359375,-60.73506164550781
1781099281183037000,44.623036865234376,-81.07260131835938,127.57630920410156,-61.53094482421875
1781099281224206800,44.66420678710937,-82.34823608398438,128.0968475341797,-62.66473388671875
1781099281265375000,44.705375,-82.98956298828125,128.631591796875,-63.47138977050781
1781099281306547000,44.746546875,-83.82464599609375,129.09117126464844,-63.60240173339844
1781099281347719000,44.787718994140626,-83.94367980957031,129.48812866210938,-63.57295227050781
1781099281388892000,44.828891845703126,-84.27503967285156,130.24606323242188,-63.4732666015625
1781099281430068000,44.87006787109375,-84.81793212890625,130.38473510742188,-63.05418395996094
1781099281471241000,44.911240966796875,-84.28947448730469,130.35081481933594,-62.56036376953125
1781099281512415000,44.9524150390625,-84.08509826660156,130.65139770507812,-61.822265625
1781099281553588000,44.993587890625,-83.53182983398438,130.8752899169922,-60.66276550292969
1781099281594761000,45.03476098632812,-83.35546875,131.40939331054688,-59.556121826171875
1781099281635934000,45.075933837890624,-82.68275451660156,131.77749633789062,-58.84248352050781
1781099281677106000,45.11710595703125,-81.25848388671875,131.82278442382812,-58.608856201171875
1781099281718278000,45.15827783203125,-80.44429016113281,131.2903594970703,-58.67073059082031
1781099281759451000,45.199450927734375,-80.0531005859375,131.55654907226562,-58.980438232421875
1781099281800622000,45.2406220703125,-79.96347045898438,131.7095489501953,-59.41978454589844
1781099281841794000,45.2817939453125,-79.8995361328125,131.9037628173828,-60.28565979003906
1781099281882968800,45.32296875,-80.49322509765625,131.50572204589844,-61.15788269042969
1781099281924140000,45.36414013671875,-81.24021911621094,131.77626037597656,-62.0819091796875
1781099281965312000,45.40531201171875,-82.13951110839844,131.7734832763672,-62.977813720703125
1781099282006485200,45.4464853515625,-83.40827941894531,132.0595245361328,-63.497100830078125
1781099282047657000,45.487656982421875,-84.46615600585938,133.0200958251953,-64.04554748535156
1781099282088825300,45.52882543945312,-84.94279479980469,134.02215576171875,-64.44989013671875
1781099282129997000,45.5699970703125,-84.10523986816406,135.16256713867188,-65.13247680664062
1781099282171168000,45.61116796875,-82.217529296875,136.67327880859375,-65.55445861816406
1781099282212338200,45.65233813476563,-80.71052551269531,136.16940307617188,-66.91780090332031
1781099282253510100,45.69351025390625,-79.82171630859375,135.0059814453125,-68.48385620117188
1781099282294681000,45.73468115234375,-79.73466491699219,133.48300170898438,-69.08978271484375
1781099282335854000,45.77585400390625,-80.74165344238281,131.98780822753906,-69.43772888183594
1781099282377027000,45.817027099609376,-81.64166259765625,132.0781707763672,-69.01470947265625
1781099282418200000,45.858199951171876,-82.939453125,131.841552734375,-68.74420166015625
1781099282459370200,45.899370361328124,-83.91304016113281,132.31275939941406,-68.51150512695312
1781099282500543200,45.940543212890624,-84.31619262695312,133.1811981201172,-68.010009765625
1781099282541715200,45.98171508789063,-84.61056518554688,133.66494750976562,-68.02391052246094
1781099282582887200,46.02288720703125,-84.88377380371094,134.00611877441406,-67.6939697265625
1781099282624058000,46.06405810546875,-84.977783203125,133.75494384765625,-67.914306640625
1781099282665231000,46.105231201171875,-85.6842041015625,133.82162475585938,-67.05880737304688
1781099282706404000,46.146404052734376,-85.50508117675781,134.1119384765625,-66.1278076171875
1781099282747579100,46.1875791015625,-85.87861633300781,134.59288024902344,-66.06523132324219
1781099282788752100,46.22875219726563,-86.41007995605469,135.13165283203125,-65.61643981933594
1781099282829921000,46.26992114257813,-86.552001953125,135.54237365722656,-65.82685852050781
1781099282871095300,46.31109521484375,-87.00022888183594,135.9517059326172,-65.90138244628906
1781099282912270000,46.35227001953125,-86.54812622070312,136.5430450439453,-65.76600646972656
1781099282953444400,46.3934443359375,-86.61270141601562,136.67062377929688,-66.36323547363281
1781099282994617300,46.434617431640625,-86.67643737792969,135.91819763183594,-66.21321105957031
1781099283035787000,46.475787109375,-86.92242431640625,135.10394287109375,-65.84272766113281
1781099283076962300,46.51696240234375,-87.02426147460938,134.90237426757812,-64.92977905273438
1781099283118135300,46.55813525390625,-86.26527404785156,135.37091064453125,-63.77409362792969
1781099283159307300,46.59930737304688,-85.37037658691406,136.29978942871094,-62.91358947753906
1781099283200479200,46.64047924804687,-83.9095458984375,137.1822967529297,-62.83941650390625
1781099283241653200,46.6816533203125,-81.97311401367188,137.2317657470703,-62.791290283203125
1781099283282825200,46.7228251953125,-80.905517578125,137.267822265625,-63.49519348144531
1781099283323998200,46.763998291015625,-80.93168640136719,137.04672241210938,-63.98020935058594
1781099283365171200,46.805171142578125,-81.88906860351562,136.70814514160156,-64.31037902832031
1781099283406345200,46.84634521484375,-82.05691528320312,136.40603637695312,-64.70071411132812
1781099283447522000,46.88752197265625,-82.31024169921875,136.15261840820312,-64.73863220214844
1781099283488697300,46.928697265625,-82.52218627929688,137.27520751953125,-64.54412841796875
1781099283529870300,46.96987036132813,-82.94786071777344,137.3282012939453,-64.27339172363281
1781099283571044000,47.01104418945312,-83.53388977050781,138.23072814941406,-64.19969177246094
1781099283612220200,47.05222021484375,-83.7998046875,139.4417266845703,-64.16867065429688
1781099283653393200,47.09339306640625,-82.16461181640625,140.81605529785156,-64.81515502929688
1781099283694566100,47.13456616210937,-82.39610290527344,142.42379760742188,-65.90330505371094
1781099283735739100,47.1757392578125,-80.68478393554688,142.560302734375,-66.94337463378906
1781099283776914200,47.2169140625,-79.02337646484375,142.31207275390625,-68.75090026855469
1781099283818090200,47.25809033203125,-77.90586853027344,141.50572204589844,-69.68861389160156
1781099283859266300,47.29926635742188,-77.35531616210938,140.24234008789062,-70.30227661132812
1781099283900442000,47.340442138671875,-77.47116088867188,138.3885498046875,-71.13743591308594
1781099283941619200,47.381619140625,-77.99583435058594,136.74761962890625,-70.79122924804688
1781099283982798000,47.42279809570312,-79.13945007324219,135.91722106933594,-70.23556518554688
1781099284023978500,47.463978515625,-80.18424987792969,135.88282775878906,-69.2015380859375
1781099284065156400,47.50515625,-82.14115905761719,136.12696838378906,-68.46357727050781
1781099284106335500,47.54633544921875,-82.83877563476562,137.7880096435547,-67.58950805664062
1781099284147513300,47.58751342773437,-82.16346740722656,138.9595489501953,-67.26069641113281
1781099284188689400,47.628689453125,-81.19461059570312,140.131103515625,-66.78865051269531
1781099284229863400,47.669863525390625,-79.7496337890625,140.70045471191406,-66.12265014648438
1781099284271040500,47.71104052734375,-78.43449401855469,140.9762420654297,-66.58326721191406
1781099284312213500,47.75221362304688,-76.66796875,141.4207763671875,-66.9041748046875
1781099284353387300,47.79338720703125,-75.10134887695312,141.90208435058594,-67.36747741699219
1781099284394559500,47.8345595703125,-74.64619445800781,141.42013549804688,-68.39576721191406
1781099284435731500,47.8757314453125,-73.787353515625,141.56361389160156,-69.03880310058594
1781099284476905500,47.91690551757812,-73.31733703613281,141.70352172851562,-69.23994445800781
1781099284518078500,47.95807836914062,-72.516845703125,141.3155517578125,-69.99234008789062
1781099284559253500,47.99925341796875,-72.56939697265625,141.13424682617188,-70.33210754394531
1781099284600429600,48.0404296875,-72.42466735839844,140.45851135253906,-71.09988403320312
1781099284641607400,48.081607421875,-72.18051147460938,140.2327117919922,-71.80024719238281
1781099284682781400,48.122781494140625,-72.16543579101562,140.51092529296875,-72.47247314453125
1781099284723955500,48.16395556640625,-72.27581787109375,140.73379516601562,-73.51237487792969
1781099284765127400,48.20512744140625,-72.89044189453125,140.5610809326172,-74.63912963867188
1781099284806301400,48.246301513671874,-73.24325561523438,140.39024353027344,-75.42936706542969
1781099284847472400,48.28747241210937,-73.51611328125,139.81698608398438,-76.43894958496094
1781099284888642600,48.328642578125,-74.17181396484375,139.77565002441406,-76.56552124023438
1781099284929811500,48.3698115234375,-74.54386901855469,138.59567260742188,-77.33853149414062
1781099284970984400,48.410984375,-75.95295715332031,137.36045837402344,-77.32707214355469
1781099285012157200,48.4521572265625,-77.41554260253906,136.23306274414062,-77.09681701660156
1781099285053330200,48.493330078125,-79.83326721191406,135.3814697265625,-76.32852172851562
1781099285094506200,48.53450634765625,-82.28486633300781,134.13739013671875,-75.59844970703125
1781099285135682000,48.57568212890625,-84.86756896972656,134.43467712402344,-74.25929260253906
1781099285176854000,48.61685400390625,-86.15606689453125,135.99400329589844,-72.67384338378906
1781099285218027000,48.65802709960938,-86.45594787597656,138.01829528808594,-71.33363342285156
1781099285259200000,48.69919995117188,-86.46598815917969,139.1739501953125,-70.79008483886719
1781099285300373200,48.74037329101562,-86.61738586425781,140.4656219482422,-70.72906494140625
1781099285341543200,48.781543212890625,-85.5133056640625,142.07888793945312,-70.21072387695312
1781099285382716200,48.822716064453125,-84.24531555175781,143.95472717285156,-70.13856506347656
1781099285423890200,48.86389013671875,-81.38917541503906,145.16371154785156,-70.86111450195312
1781099285465062100,48.90506225585938,-79.61135864257812,145.33726501464844,-72.07357788085938
1781099285506234000,48.946234130859374,-78.15705871582031,145.7072296142578,-73.13496398925781
1781099285547405300,48.9874052734375,-77.11616516113281,145.89614868164062,-74.15135192871094
1781099285588576300,49.028576171875,-76.01542663574219,144.7849884033203,-76.00169372558594
1781099285629747200,49.069747314453124,-75.50518798828125,143.40858459472656,-76.88540649414062
1781099285670915000,49.1109150390625,-76.83625793457031,142.2593994140625,-76.67523193359375
1781099285712086300,49.15208618164063,-77.14302062988281,142.3273162841797,-75.43714904785156
1781099285753258200,49.19325830078125,-76.89727783203125,142.19143676757812,-74.73867797851562
1781099285794433000,49.23443310546875,-76.53486633300781,141.51332092285156,-74.85466003417969
1781099285835607300,49.27560717773437,-76.3204345703125,140.9487762451172,-75.1597900390625
1781099285876782000,49.31678198242187,-77.26918029785156,140.46713256835938,-75.3544921875
1781099285917956000,49.3579560546875,-78.67024230957031,139.58706665039062,-75.72370910644531
1781099285959132200,49.399132080078125,-79.8253173828125,139.55267333984375,-76.06559753417969
1781099286000306200,49.44030615234375,-80.97325134277344,140.2752685546875,-75.67536926269531
1781099286041478100,49.48147802734375,-81.91281127929688,140.65513610839844,-75.13267517089844
1781099286082652200,49.522652099609374,-82.56307983398438,140.58058166503906,-74.98500061035156
1781099286123826000,49.56382592773438,-83.84194946289062,140.53053283691406,-74.25433349609375
1781099286165001200,49.60500122070312,-84.48655700683594,140.65524291992188,-73.55767822265625
1781099286206173200,49.646173095703126,-85.07501220703125,140.9880828857422,-73.38316345214844
1781099286247345000,49.68734497070312,-84.10733032226562,141.48550415039062,-73.19418334960938
1781099286288516000,49.72851611328125,-83.06471252441406,141.36773681640625,-73.30035400390625
1781099286329688000,49.76968798828125,-82.11473083496094,141.55697631835938,-73.80709838867188
1781099286370861000,49.81086108398438,-82.44839477539062,140.8298797607422,-74.55410766601562
1781099286412036000,49.8520361328125,-82.97447204589844,140.6031036376953,-75.07463073730469
1781099286453212000,49.8932119140625,-83.58918762207031,140.3871612548828,-74.71388244628906
1781099286494384000,49.93438403320312,-83.19851684570312,139.82225036621094,-73.76950073242188
1781099286535559200,49.97555908203125,-84.06765747070312,140.21722412109375,-72.68161010742188
1781099286576735000,50.01673486328125,-83.69975280761719,140.88397216796875,-72.07821655273438
1781099286617910300,50.05791015625,-83.21202087402344,141.47921752929688,-72.05744934082031
1781099286659088100,50.09908813476562,-82.46144104003906,142.67276000976562,-71.46621704101562
1781099286700264000,50.14026391601563,-81.43649291992188,144.54510498046875,-71.54489135742188
1781099286741439200,50.18143920898437,-79.59577941894531,145.3358917236328,-72.01109313964844
1781099286782613000,50.222613037109376,-78.17710876464844,144.69375610351562,-73.56765747070312
1781099286823787000,50.263787109375,-77.53860473632812,143.5104522705078,-74.88844299316406
1781099286864960300,50.304960205078125,-77.5926513671875,142.4593505859375,-75.91108703613281
1781099286906138000,50.34613818359375,-78.86154174804688,141.09597778320312,-76.88327026367188
1781099286947313200,50.387313232421874,-80.06654357910156,139.87060546875,-77.35067749023438
1781099286988486100,50.428486083984374,-81.808837890625,138.3612060546875,-76.89268493652344
1781099287029661400,50.46966137695313,-83.2210693359375,137.62350463867188,-75.99470520019531
1781099287070835500,50.51083544921875,-84.57241821289062,138.02633666992188,-74.57818603515625
1781099287112008400,50.552008544921875,-85.15782165527344,138.8200225830078,-73.69552612304688
1781099287153181400,50.593181396484376,-84.07687377929688,140.22727966308594,-73.40509033203125
1781099287194355500,50.63435546875,-82.65921020507812,140.84158325195312,-74.1737060546875
1781099287235530500,50.675530517578125,-80.67884826660156,140.68577575683594,-75.62828063964844
1781099287276700400,50.71670043945313,-80.3782958984375,139.65243530273438,-76.55029296875
1781099287317868500,50.75786865234375,-79.90802001953125,138.32179260253906,-77.35539245605469
1781099287359039500,50.79903955078125,-80.5904541015625,136.3346710205078,-77.3411865234375
1781099287400209400,50.84020947265625,-81.06452941894531,135.3572540283203,-76.09251403808594
1781099287441378300,50.88137841796875,-82.06390380859375,135.2808837890625,-74.37013244628906
1781099287482550300,50.92255029296875,-82.39390563964844,135.7989044189453,-73.26983642578125
1781099287523724500,50.963724609375,-82.53054809570312,137.0325927734375,-72.88449096679688
1781099287564894500,51.00489453125,-82.26506042480469,137.26425170898438,-72.95246887207031
1781099287606066400,51.04606640625,-82.00726318359375,138.0006866455078,-73.59132385253906
1781099287647237600,51.08723754882813,-82.95614624023438,138.716796875,-73.41607666015625
1781099287688409600,51.12840966796875,-82.67221069335938,139.68019104003906,-74.37309265136719
1781099287729582600,51.16958251953125,-82.70115661621094,140.36224365234375,-75.20077514648438
1781099287770752500,51.21075244140625,-82.42033386230469,140.8677215576172,-76.84490966796875
1781099287811924500,51.251924560546875,-81.97279357910156,140.79864501953125,-78.73411560058594
1781099287853095400,51.293095458984375,-82.26528930664062,140.05799865722656,-79.24693298339844
1781099287894262500,51.334262451171874,-82.40718078613281,138.9235076904297,-80.14851379394531
1781099287935429600,51.3754296875,-83.5269775390625,137.75848388671875,-79.45036315917969
1781099287976602600,51.4166025390625,-84.073486328125,136.8584747314453,-77.86909484863281
1781099288017773300,51.45777319335937,-83.64640808105469,136.7292022705078,-76.26260375976562
1781099288058946300,51.4989462890625,-83.79367065429688,136.9435577392578,-75.83407592773438
1781099288100117500,51.540117431640624,-81.81732177734375,135.7537841796875,-76.54457092285156
1781099288141290500,51.58129052734375,-81.63247680664062,134.43316650390625,-75.84291076660156
1781099288182459400,51.62245947265625,-82.39093017578125,134.93817138671875,-74.59945678710938
1781099288223627300,51.663627197265626,-81.83663940429688,135.14682006835938,-73.84658813476562
1781099288264799200,51.70479931640625,-81.47610473632812,135.0000457763672,-73.58795166015625
1781099288305970400,51.745970458984374,-80.97727966308594,135.12124633789062,-72.28411865234375
1781099288347140400,51.78714038085938,-79.75196838378906,134.79104614257812,-72.375244140625
1781099288388306400,51.82830639648437,-78.09854125976562,134.2115936279297,-72.88648986816406
1781099288429475300,51.86947534179688,-77.32760620117188,133.93914794921875,-72.50593566894531
1781099288470646300,51.91064624023438,-77.57621765136719,133.18919372558594,-72.79217529296875
1781099288511819300,51.9518193359375,-77.41928100585938,133.0478973388672,-73.35456848144531
1781099288552993300,51.9929931640625,-76.87258911132812,132.59730529785156,-73.89883422851562
1781099288594164500,52.03416455078125,-76.83695983886719,131.9025115966797,-74.30902099609375
1781099288635335400,52.07533544921875,-77.28915405273438,131.3645782470703,-74.5054931640625
1781099288676504300,52.11650439453125,-78.13334655761719,130.25975036621094,-74.58090209960938
1781099288717676300,52.15767626953125,-79.02693176269531,129.34564208984375,-74.356689453125
1781099288758844400,52.198844482421876,-79.95574951171875,128.3760528564453,-73.59381103515625
1781099288800014300,52.24001440429687,-80.30685424804688,128.45021057128906,-72.83476257324219
1781099288841185300,52.28118530273437,-80.44392395019531,128.60488891601562,-72.66378784179688
1781099288882355500,52.32235546875,-80.147216796875,129.24546813964844,-72.6783447265625
1781099288923523300,52.3635234375,-79.9476318359375,129.13046264648438,-72.95278930664062
1781099288964694300,52.4046943359375,-78.80363464355469,129.17698669433594,-73.03277587890625
1781099289005865000,52.44586499023438,-78.813720703125,129.477783203125,-73.47518920898438
1781099289047037000,52.48703686523437,-78.76449584960938,129.5132293701172,-74.20040893554688
1781099289088209000,52.528208984375,-78.720703125,129.122802734375,-75.09303283691406
1781099289129380900,52.569380859375,-78.51881408691406,128.5693359375,-75.63700866699219
1781099289170549800,52.6105498046875,-78.80860900878906,127.79815673828125,-75.65789794921875
1781099289211719700,52.6517197265625,-79.40982055664062,127.13211059570312,-75.5953369140625
1781099289252892700,52.692892578125,-79.07952880859375,126.62554931640625,-75.76025390625
1781099289294063900,52.73406396484375,-78.93507385253906,126.119384765625,-75.52864074707031
1781099289335234000,52.775234130859374,-78.95442199707031,125.05842590332031,-75.05638122558594
1781099289376402000,52.81640185546875,-79.49615478515625,124.01536560058594,-74.67417907714844
1781099289417570800,52.85757080078125,-79.64314270019531,123.38052368164062,-73.66659545898438
1781099289458742800,52.89874267578125,-80.6719970703125,123.34210205078125,-72.56158447265625
1781099289499914000,52.9399140625,-80.1297607421875,123.68035888671875,-72.10133361816406
1781099289541087000,52.9810869140625,-79.94291687011719,123.68824768066406,-71.30538940429688
1781099289582257000,53.0222568359375,-80.264404296875,123.48916625976562,-70.81851196289062
1781099289623426800,53.0634267578125,-80.20327758789062,123.74214172363281,-70.2509765625
1781099289664597800,53.10459765625,-80.06864929199219,124.00192260742188,-69.80012512207031
1781099289705768000,53.145767822265626,-79.75621032714844,124.30055236816406,-69.51362609863281
1781099289746937900,53.18693774414062,-79.46693420410156,124.44718933105469,-68.70343017578125
1781099289788105700,53.228105712890624,-78.66175842285156,124.61225891113281,-68.08261108398438
1781099289829276000,53.26927587890625,-78.11585998535156,124.22122192382812,-67.53701782226562
1781099289870445800,53.31044580078125,-77.47172546386719,123.74717712402344,-66.18223571777344
1781099289911615000,53.351614990234374,-77.03831481933594,123.68975830078125,-64.7421875
1781099289952785000,53.39278491210938,-76.93852233886719,123.80128479003906,-63.309844970703125
1781099289993954800,53.43395483398437,-75.8448486328125,124.80410766601562,-62.04393005371094
1781099290035125800,53.47512573242187,-74.25021362304688,125.31037902832031,-61.876953125
1781099290076295000,53.516294921875,-72.92633056640625,125.51141357421875,-61.853851318359375
1781099290117462000,53.5574619140625,-72.64924621582031,124.64993286132812,-61.7913818359375
1781099290158627800,53.5986279296875,-71.61042785644531,123.75349426269531,-62.00877380371094
1781099290199795700,53.639795654296876,-71.16813659667969,122.23106384277344,-61.77607727050781
1781099290240962800,53.680962890625,-70.80850219726562,121.96687316894531,-61.39784240722656
1781099290282130700,53.72213061523438,-70.56719970703125,121.89881896972656,-60.74609375
1781099290323295700,53.763295654296876,-69.827880859375,121.56387329101562,-61.025726318359375
1781099290364461800,53.8044619140625,-69.22979736328125,121.77110290527344,-61.46015930175781
1781099290405625900,53.8456259765625,-68.39462280273438,121.14637756347656,-62.15605163574219
1781099290446793000,53.88679296875,-68.37388610839844,121.1077880859375,-62.38275146484375
1781099290487960800,53.9279609375,-68.01423645019531,119.94537353515625,-62.99220275878906
1781099290529129700,53.96912963867187,-68.30323791503906,118.56227111816406,-63.44383239746094
1781099290570297600,54.010297607421876,-68.33688354492188,117.34524536132812,-62.89642333984375
1781099290611467000,54.05146704101563,-68.80462646484375,116.89836120605469,-62.41827392578125
1781099290652637700,54.0926376953125,-69.31475830078125,116.27960205078125,-62.036285400390625
1781099290693807900,54.13380786132812,-69.46209716796875,115.90040588378906,-61.235198974609375
1781099290734979800,54.174979736328126,-68.98243713378906,116.14640808105469,-60.9102783203125
1781099290776151800,54.21615185546875,-69.18934631347656,116.38151550292969,-61.316253662109375
1781099290817322800,54.25732275390625,-69.6934814453125,116.38096618652344,-62.02561950683594
1781099290858493000,54.29849291992188,-69.31694030761719,116.01898193359375,-62.62193298339844
1781099290899662800,54.33966284179687,-70.43478393554688,115.03762817382812,-63.345947265625
1781099290940833800,54.38083374023437,-71.13926696777344,115.06950378417969,-63.51084899902344
1781099290982006800,54.4220068359375,-72.60200500488281,114.59938049316406,-62.952423095703125
1781099291023178800,54.4631787109375,-73.73912048339844,114.85488891601562,-62.48963928222656
1781099291064349700,54.504349609375,-73.77603149414062,115.49269104003906,-62.40013122558594
1781099291105518800,54.54551879882813,-73.89059448242188,116.28306579589844,-62.77595520019531
1781099291146686700,54.58668676757812,-74.06430053710938,117.03483581542969,-62.993133544921875
1781099291187857700,54.62785766601562,-74.30099487304688,117.28462219238281,-63.573638916015625
1781099291229028600,54.66902856445312,-73.81217956542969,117.00990295410156,-64.13865661621094
1781099291270198800,54.71019873046875,-74.83004760742188,116.91236877441406,-63.96113586425781
1781099291311368700,54.75136865234375,-76.036376953125,116.88458251953125,-63.38264465332031
1781099291352540700,54.792540771484376,-76.5740966796875,118.16921997070312,-62.710235595703125
1781099291393708800,54.83370874023438,-75.8375244140625,119.42500305175781,-62.26118469238281
1781099291434877700,54.87487768554688,-75.46365356445312,120.39671325683594,-62.530609130859375
1781099291476049700,54.916049560546874,-76.03248596191406,119.75431823730469,-63.02984619140625
1781099291517220600,54.957220703125,-75.65890502929688,119.33406066894531,-64.06135559082031
1781099291558395600,54.998395751953126,-76.39039611816406,118.56312561035156,-64.01148986816406
1781099291599566600,55.039566650390626,-76.21730041503906,119.355224609375,-64.0322265625
1781099291640738800,55.08073876953125,-75.75736999511719,119.42196655273438,-63.518768310546875
1781099291681911800,55.121911865234374,-75.75259399414062,119.16580200195312,-63.8282470703125
1781099291723083800,55.16308374023438,-75.91268920898438,119.11103820800781,-64.48272705078125
1781099291764256800,55.2042568359375,-75.68966674804688,118.82005310058594,-64.84286499023438
1781099291805427700,55.245427734375,-76.52769470214844,117.81005859375,-65.32763671875
1781099291846601700,55.286601806640626,-77.28996276855469,117.04046630859375,-65.57301330566406
1781099291887773700,55.32777368164062,-77.58489990234375,116.66304016113281,-65.19343566894531
1781099291928942600,55.36894262695313,-78.58006286621094,116.71427917480469,-64.18345642089844
1781099291970114800,55.41011474609375,-78.75318908691406,115.97212219238281,-63.42779541015625
1781099292011286000,55.4512861328125,-79.02958679199219,115.47189331054688,-62.42474365234375
1781099292052458000,55.4924580078125,-78.40168762207031,115.19439697265625,-61.42732238769531
1781099292093627000,55.533626953125,-78.99758911132812,115.44699096679688,-60.61268615722656
1781099292134798000,55.57479809570312,-79.58335876464844,116.11589050292969,-60.01365661621094
1781099292175969000,55.61596899414062,-79.71694946289062,116.85140991210938,-59.3814697265625
1781099292217141200,55.65714135742188,-79.0098876953125,117.91264343261719,-59.65083312988281
1781099292258314200,55.69831420898438,-78.56010437011719,118.49845886230469,-59.81077575683594
1781099292299487200,55.7394873046875,-77.56556701660156,118.6002197265625,-59.928619384765625
1781099292340657000,55.780656982421874,-77.25346374511719,118.02638244628906,-60.283294677734375
1781099292381825000,55.82182495117188,-77.70440673828125,118.2376708984375,-60.68266296386719
1781099292422994200,55.862994140625,-78.35662841796875,119.05052185058594,-60.85588073730469
1781099292464166100,55.904166259765624,-78.072265625,119.61970520019531,-61.526153564453125
1781099292505335000,55.9453349609375,-77.92945861816406,119.64863586425781,-61.84037780761719
1781099292546503200,55.986503173828126,-78.549072265625,119.69058227539062,-62.10906982421875
1781099292587674000,56.027674072265626,-79.0623779296875,119.01922607421875,-62.5709228515625
1781099292628844000,56.06884399414062,-79.31329345703125,118.41709899902344,-62.044403076171875
1781099292670015000,56.11001489257813,-80.33052062988281,118.68496704101562,-60.97129821777344
1781099292711187200,56.15118725585938,-81.10357666015625,119.56419372558594,-59.98492431640625
1781099292752357000,56.19235717773437,-81.00605773925781,120.32925415039062,-59.85783386230469
1781099292793524000,56.23352392578125,-80.16355895996094,121.70845031738281,-59.97026062011719
1781099292834693000,56.27469311523438,-79.35708618164062,123.26118469238281,-60.227386474609375
1781099292875861200,56.315861328125,-78.30168151855469,124.1995849609375,-61.4312744140625
1781099292917032000,56.35703198242187,-77.71183776855469,124.27314758300781,-62.66375732421875
1781099292958204000,56.398203857421876,-76.73458862304688,124.00753784179688,-63.97581481933594
1781099292999373000,56.439373046875,-77.47462463378906,123.58946228027344,-64.71357727050781
1781099293040542000,56.4805419921875,-77.52886962890625,122.69403076171875,-65.72796630859375
1781099293081710800,56.5217109375,-78.51132202148438,122.06449890136719,-65.84970092773438
1781099293122880000,56.5628798828125,-78.99897766113281,121.56782531738281,-65.60458374023438
1781099293164048000,56.6040478515625,-79.59738159179688,121.01356506347656,-65.0528564453125
1781099293205216800,56.645216796875,-80.01089477539062,120.21270751953125,-64.28778076171875
1781099293246386700,56.68638671875,-80.56321716308594,119.71902465820312,-62.905242919921875
1781099293287558000,56.72755786132812,-80.79399108886719,119.10218811035156,-61.57835388183594
1781099293328731000,56.76873095703125,-81.27578735351562,119.15022277832031,-60.68865966796875
1781099293369901800,56.80990185546875,-81.401123046875,119.14268493652344,-59.70411682128906
1781099293411075800,56.85107592773438,-80.98123168945312,120.21000671386719,-59.113006591796875
1781099293452247800,56.892247802734374,-80.99270629882812,121.17779541015625,-58.842742919921875
1781099293493418000,56.93341796875,-80.25225830078125,121.7596435546875,-58.86431884765625
1781099293534589700,56.974589599609374,-79.75808715820312,122.01373291015625,-58.722137451171875
1781099293575762000,57.01576196289062,-79.2259521484375,122.18928527832031,-58.487548828125
1781099293616934700,57.0569345703125,-79.79788208007812,121.582275390625,-58.734222412109375
1781099293658107600,57.09810766601562,-79.98625183105469,121.38690185546875,-58.283416748046875
1781099293699280000,57.13927978515625,-79.96095275878906,121.5052490234375,-58.13995361328125
1781099293740454000,57.180453857421874,-80.92012023925781,121.96662902832031,-57.674896240234375
1781099293781627000,57.221626953125,-81.24073791503906,122.45170593261719,-57.87956237792969
1781099293822804000,57.26280395507813,-80.41191101074219,122.75750732421875,-57.78501892089844
1781099293863977000,57.30397705078125,-80.09211730957031,122.87562561035156,-57.70709228515625
1781099293905150000,57.34514990234375,-79.78021240234375,122.88119506835938,-58.08265686035156
1781099293946321000,57.38632080078125,-78.83018493652344,122.60601806640625,-58.6732177734375
1781099293987496000,57.42749584960937,-78.56246948242188,122.39375305175781,-59.32481384277344
1781099294028670700,57.46867065429687,-78.670166015625,122.52157592773438,-59.22431945800781
1781099294069846800,57.5098466796875,-79.46292114257812,122.95286560058594,-58.33320617675781
1781099294111019000,57.55101904296875,-79.30583190917969,123.51512145996094,-58.03045654296875
1781099294152192000,57.59219189453125,-78.70550537109375,123.72917175292969,-58.14385986328125
1781099294193364700,57.63336474609375,-79.5330810546875,123.556396484375,-57.56248474121094
1781099294234535000,57.67453491210937,-79.08442687988281,123.95286560058594,-57.41221618652344
1781099294275705900,57.71570581054687,-79.02256774902344,124.62223815917969,-57.543182373046875
1781099294316876000,57.7568759765625,-79.22842407226562,125.31016540527344,-58.195892333984375
1781099294358048000,57.79804809570312,-79.30653381347656,126.15740966796875,-58.87528991699219
1781099294399220000,57.83921997070313,-78.55624389648438,125.95034790039062,-59.99256896972656
1781099294440393000,57.88039306640625,-78.2275390625,125.55563354492188,-60.345794677734375
1781099294481567700,57.92156762695313,-77.44305419921875,125.18643188476562,-60.5462646484375
1781099294522740700,57.96274072265625,-78.21977233886719,124.45892333984375,-60.41461181640625
1781099294563914800,58.003914794921876,-77.67054748535156,123.58880615234375,-60.855316162109375
1781099294605087700,58.045087646484376,-77.7052001953125,123.19285583496094,-60.419403076171875
1781099294646259000,58.08625903320313,-78.49687194824219,123.02450561523438,-60.34226989746094
1781099294687432700,58.1274326171875,-78.83992004394531,123.78179931640625,-60.68951416015625
1781099294728608000,58.16860791015625,-78.29306030273438,123.86839294433594,-61.232086181640625
1781099294769781000,58.20978100585938,-78.42303466796875,123.92933654785156,-62.01747131347656
1781099294810953700,58.25095361328125,-78.66978454589844,123.81947326660156,-62.76594543457031
1781099294852126700,58.29212670898438,-79.49147033691406,123.47747802734375,-63.220001220703125
1781099294893300700,58.33330078125,-80.39024353027344,123.32937622070312,-63.364532470703125
1781099294934476800,58.37447680664062,-81.14253234863281,122.96978759765625,-63.007568359375
1781099294975652900,58.41565283203125,-81.46147155761719,123.566162109375,-62.96119689941406
1781099295016827000,58.456826904296875,-81.77117919921875,123.54730224609375,-63.08563232421875
1781099295058003000,58.4980029296875,-82.09626770019531,123.518310546875,-63.28660583496094
1781099295099179000,58.53917895507813,-81.66450500488281,123.42311096191406,-62.9017333984375
1781099295140353800,58.58035375976562,-81.68235778808594,124.10252380371094,-63.34431457519531
1781099295181530000,58.62153002929688,-81.30470275878906,123.87411499023438,-63.577789306640625
1781099295222706000,58.662705810546875,-81.29216003417969,123.71476745605469,-63.88067626953125
1781099295263880000,58.7038798828125,-81.18772888183594,123.40931701660156,-63.93218994140625
1781099295305055700,58.7450556640625,-81.98745727539062,123.22659301757812,-63.96504211425781
1781099295346232000,58.78623217773438,-82.79913330078125,123.43785095214844,-63.670745849609375
1781099295387407000,58.82740698242188,-82.92446899414062,123.91047668457031,-63.65873718261719
1781099295428581000,58.8685810546875,-82.802490234375,123.97367858886719,-63.68904113769531
1781099295469753900,58.90975390625,-82.497802734375,124.38839721679688,-64.39945983886719
1781099295510925000,58.950925048828125,-83.7076416015625,124.93815612792969,-65.03739929199219
1781099295552099000,58.99209912109375,-83.75607299804688,125.61323547363281,-65.33578491210938
1781099295593273900,59.03327392578125,-84.1981201171875,126.3087158203125,-65.74560546875
1781099295634448100,59.0744482421875,-83.85868835449219,127.28421020507812,-65.76805114746094
1781099295675623000,59.11562280273437,-84.60086059570312,127.98811340332031,-65.87400817871094
1781099295716801800,59.1568017578125,-83.96697998046875,128.8478546142578,-66.38153076171875
1781099295757977900,59.19797778320312,-84.2879638671875,129.53652954101562,-66.990966796875
1781099295799156000,59.23915600585938,-83.55082702636719,129.4150848388672,-67.46852111816406
1781099295840333800,59.280333740234376,-83.9815673828125,129.86773681640625,-67.72866821289062
1781099295881512000,59.321511962890625,-83.95872497558594,130.451904296875,-68.28511047363281
1781099295922688000,59.36268798828125,-84.09524536132812,130.6293487548828,-67.98448181152344
1781099295963863800,59.40386376953125,-83.38328552246094,130.75135803222656,-68.00154113769531
1781099296005041000,59.445041015625,-83.50457763671875,130.29347229003906,-68.11399841308594
1781099296046218800,59.48621875,-83.86637878417969,129.53628540039062,-67.85466003417969
1781099296087395800,59.52739575195312,-83.96940612792969,129.14404296875,-67.25613403320312
1781099296128574000,59.56857397460937,-84.11114501953125,128.6669921875,-66.7928466796875
1781099296169753000,59.609753173828125,-83.80694580078125,128.3654327392578,-65.84428405761719
1781099296210930000,59.650929931640626,-84.35862731933594,127.96237182617188,-64.83297729492188
1781099296252105000,59.69210498046875,-84.51663208007812,127.98384094238281,-64.08047485351562
1781099296293283000,59.733282958984375,-84.51814270019531,128.25634765625,-63.27714538574219
1781099296334459100,59.774459228515624,-84.32865905761719,128.16168212890625,-63.2093505859375
1781099296375635000,59.81563500976562,-84.35279846191406,128.49278259277344,-63.302520751953125
1781099296416811000,59.85681103515625,-84.18919372558594,128.2046661376953,-63.178466796875
1781099296457985000,59.897985107421874,-84.0928955078125,128.17694091796875,-62.9886474609375
1781099296499158000,59.939157958984374,-84.37060546875,128.41896057128906,-62.67820739746094
1781099296540331800,59.98033178710938,-84.05021667480469,128.31039428710938,-62.06092834472656
1781099296581506000,60.02150610351563,-84.43168640136719,129.20684814453125,-61.336029052734375
1781099296622683100,60.06268310546875,-83.98136901855469,129.64903259277344,-60.39418029785156
1781099296663858000,60.10385791015625,-83.70930480957031,130.3277587890625,-59.880218505859375
1781099296705033000,60.14503295898437,-82.5462646484375,131.68701171875,-59.669769287109375
1781099296746211000,60.18621118164062,-80.706298828125,131.7259521484375,-60.0474853515625
1781099296787388000,60.22738793945312,-80.67652893066406,132.0117645263672,-60.45494079589844
1781099296828566000,60.26856591796875,-79.72645568847656,132.03688049316406,-60.83528137207031
1781099296869742800,60.309742919921874,-78.84078979492188,131.92782592773438,-61.69390869140625
1781099296910920000,60.350919921875,-78.01467895507812,131.84666442871094,-61.56266784667969
1781099296952096000,60.392095947265624,-77.186279296875,131.61451721191406,-61.84452819824219
1781099296993273000,60.433273193359376,-77.15423583984375,130.9660186767578,-62.310394287109375
1781099297034449700,60.47444970703125,-77.09100341796875,130.6642303466797,-63.19270324707031
1781099297075623400,60.51562353515625,-77.03337097167969,130.7936248779297,-64.09564208984375
1781099297116801500,60.55680151367188,-77.04301452636719,131.248779296875,-64.87809753417969
1781099297157977300,60.597977294921876,-77.44331359863281,132.2042999267578,-65.56129455566406
1781099297199150600,60.63915063476563,-77.43595886230469,132.6712646484375,-66.59529113769531
1781099297240327400,60.68032739257813,-76.54742431640625,132.86244201660156,-67.25627136230469
1781099297281502500,60.72150244140625,-76.97895812988281,132.48797607421875,-67.40167236328125
1781099297322676500,60.76267651367188,-76.2369384765625,132.44227600097656,-67.50352478027344
1781099297363850200,60.803850341796874,-75.46699523925781,132.27346801757812,-68.1495361328125
1781099297405026600,60.84502661132812,-75.53274536132812,131.60585021972656,-68.662841796875
1781099297446205400,60.886205322265624,-76.30029296875,130.9210205078125,-69.35969543457031
1781099297487379500,60.92737939453125,-77.22117614746094,130.4906005859375,-69.19610595703125
1781099297528550400,60.96855029296875,-78.23844909667969,130.47019958496094,-68.93617248535156
1781099297569719600,61.00971948242187,-78.44021606445312,130.8882598876953,-68.11021423339844
1781099297610890500,61.05089038085937,-78.4073486328125,130.59591674804688,-67.55110168457031
1781099297652062500,61.0920625,-77.8580322265625,130.65423583984375,-67.34127807617188
1781099297693233400,61.1332333984375,-77.51771545410156,129.90066528320312,-66.85615539550781
1781099297734407400,61.17440747070312,-76.92379760742188,128.9685821533203,-66.71417236328125
1781099297775581400,61.21558154296875,-77.08744812011719,128.91928100585938,-66.96136474609375
1781099297816756500,61.25675659179687,-76.45257568359375,128.3638153076172,-67.56736755371094
1781099297857927700,61.297927734375,-77.26914978027344,127.87110900878906,-67.65126037597656
1781099297899101400,61.339101318359376,-77.39622497558594,128.0487518310547,-67.29562377929688
1781099297940275500,61.380275390625,-78.00186157226562,128.11412048339844,-67.07127380371094
1781099297981451500,61.42145141601563,-78.55413818359375,128.1751708984375,-66.60194396972656
1781099298022627600,61.46262768554688,-79.47509765625,128.1599578857422,-65.75973510742188
1781099298063804700,61.5038046875,-79.69363403320312,127.72044372558594,-65.30220031738281
1781099298104977700,61.54497778320312,-79.81895446777344,127.37567138671875,-64.7967529296875
1781099298146149600,61.58614965820313,-79.89404296875,127.40811157226562,-64.27940368652344
1781099298187321600,61.62732153320312,-79.29719543457031,128.3374481201172,-63.49821472167969
1781099298228494600,61.66849462890625,-79.87637329101562,129.46087646484375,-63.285980224609375
1781099298269668600,61.70966870117188,-79.43405151367188,130.2360076904297,-63.67057800292969
1781099298310840600,61.750840576171875,-78.3077392578125,130.5001220703125,-64.28152465820312
1781099298352013600,61.792013671875,-77.71826171875,130.5103302001953,-64.88822937011719
1781099298393186600,61.8331865234375,-77.01429748535156,131.36349487304688,-64.89926147460938
1781099298434358500,61.87435864257812,-77.23942565917969,131.65380859375,-65.18852233886719
1781099298475532500,61.91553247070313,-76.87702941894531,131.70046997070312,-65.7359619140625
1781099298516706600,61.95670654296875,-76.81500244140625,131.82424926757812,-66.5604248046875
1781099298557882600,61.99788256835937,-76.40452575683594,131.6513214111328,-67.15821838378906
1781099298599054600,62.0390546875,-76.22169494628906,131.57022094726562,-67.50035095214844
1781099298640227600,62.0802275390625,-76.26240539550781,132.1378631591797,-68.10223388671875
1781099298681398500,62.1213984375,-76.62460327148438,132.07586669921875,-68.60881042480469
1781099298722571500,62.16257153320313,-76.35189819335938,131.93862915039062,-68.94635009765625
1781099298763742700,62.20374267578125,-76.00131225585938,131.3577880859375,-69.14848327636719
1781099298804912600,62.24491259765625,-76.21418762207031,130.67901611328125,-69.15650939941406
1781099298846083600,62.28608349609375,-76.85458374023438,130.62472534179688,-68.43450927734375
1781099298887256600,62.327256591796875,-77.25575256347656,130.00082397460938,-67.81979370117188
1781099298928428500,62.36842846679688,-77.4344482421875,130.24456787109375,-67.09336853027344
1781099298969601500,62.4096015625,-77.23086547851562,130.52548217773438,-67.01666259765625
1781099299010773500,62.4507734375,-76.4915771484375,131.07452392578125,-66.67140197753906
1781099299051944400,62.4919443359375,-76.61045837402344,131.40113830566406,-67.08624267578125
1781099299093117400,62.533117431640626,-76.68235778808594,131.45819091796875,-67.70681762695312
1781099299134290400,62.57429052734375,-76.7327880859375,131.3563995361328,-67.74253845214844
1781099299175459300,62.615459228515626,-77.23171997070312,131.39939880371094,-67.99520874023438
1781099299216632300,62.65663232421875,-76.63174438476562,131.75978088378906,-68.1207275390625
1781099299257806600,62.697806640625,-77.29374694824219,132.72882080078125,-68.60986328125
1781099299298980400,62.73898046875,-77.04754638671875,132.9838104248047,-68.83010864257812
1781099299340153300,62.7801533203125,-76.88168334960938,133.382568359375,-69.0753173828125
1781099299381326300,62.82132641601562,-76.05731201171875,133.39927673339844,-69.56021118164062
1781099299422498600,62.86249853515625,-75.5242919921875,133.56553649902344,-70.08113098144531
1781099299463671600,62.90367163085938,-75.59834289550781,132.77455139160156,-71.04574584960938
1781099299504844500,62.94484448242188,-75.71234130859375,131.6867218017578,-71.35981750488281
1781099299546017500,62.986017578125,-75.72080993652344,130.84034729003906,-71.18844604492188
1781099299587188500,63.0271884765625,-75.42129516601562,129.85226440429688,-71.19183349609375
1781099299628363300,63.06836328125,-75.70912170410156,129.66513061523438,-70.74043273925781
1781099299669537500,63.10953759765625,-76.26858520507812,129.74351501464844,-70.3720703125
1781099299710712300,63.15071240234375,-76.721923828125,128.98843383789062,-70.2366943359375
1781099299751886300,63.19188623046875,-77.18476867675781,128.70419311523438,-70.02653503417969
1781099299793061400,63.23306127929688,-77.44908142089844,129.47378540039062,-69.32780456542969
1781099299834236400,63.274236328125,-77.117919921875,129.3904571533203,-68.91647338867188
1781099299875407400,63.31540747070313,-76.94473266601562,129.6990509033203,-68.76374816894531
1781099299916581400,63.356581298828125,-76.08969116210938,129.47581481933594,-68.89065551757812
1781099299957750500,63.39775048828125,-74.93344116210938,128.55323791503906,-69.159423828125
1781099299998922200,63.43892211914063,-74.97372436523438,127.95559692382812,-69.10015869140625
1781099300040093000,63.48009301757813,-75.02474975585938,127.70701599121094,-68.20317077636719
1781099300081263000,63.52126318359375,-74.51185607910156,126.81236267089844,-67.611572265625
1781099300122433000,63.56243310546875,-74.83624267578125,126.0791015625,-67.18574523925781
1781099300163603000,63.60360302734375,-75.05522155761719,125.50296020507812,-67.17698669433594
1781099300204772000,63.64477221679687,-75.95365905761719,125.59803771972656,-67.1832275390625
1781099300245941800,63.685941650390625,-77.488525390625,125.25921630859375,-66.72268676757812
1781099300287114800,63.72711474609375,-78.20967102050781,125.5018310546875,-66.61515808105469
1781099300328289000,63.7682890625,-78.77056884765625,126.27615356445312,-67.02122497558594
1781099300369457000,63.809456787109376,-78.34158325195312,126.18911743164062,-66.96136474609375
1781099300410626800,63.85062670898437,-79.13642883300781,126.90678405761719,-67.13923645019531
1781099300451797000,63.891796875,-79.34687805175781,126.81103515625,-66.92555236816406
1781099300492970000,63.93296997070313,-79.16209411621094,126.74240112304688,-66.75662231445312
1781099300534143000,63.97414306640625,-78.85565185546875,126.85493469238281,-66.11509704589844
1781099300575317000,64.01531689453125,-78.32585144042969,126.94114685058594,-66.002685546875
1781099300616490800,64.05649072265625,-78.38453674316406,126.73973083496094,-65.74632263183594
1781099300657664000,64.0976640625,-78.5008544921875,125.72683715820312,-65.74330139160156
1781099300698836000,64.1388359375,-78.69203186035156,125.36408996582031,-65.52386474609375
1781099300740008000,64.18000805664063,-78.87808227539062,124.93252563476562,-64.42424011230469
1781099300781181000,64.22118090820312,-78.96348571777344,124.90469360351562,-63.93017578125
1781099300822355000,64.26235498046876,-79.1431884765625,125.01588439941406,-63.05924987792969
1781099300863526000,64.30352587890626,-78.80500793457031,125.47087097167969,-62.444610595703125
1781099300904697900,64.34469775390625,-78.71987915039062,125.78082275390625,-61.92572021484375
1781099300945869000,64.385869140625,-78.15341186523438,125.61244201660156,-61.41593933105469
1781099300987040000,64.4270400390625,-77.61532592773438,126.34919738769531,-61.17103576660156
1781099301028211500,64.46821142578125,-76.82633972167969,126.43197631835938,-60.95841979980469
1781099301069386500,64.50938647460937,-76.61720275878906,126.34686279296875,-60.892120361328125
1781099301110557400,64.55055737304687,-76.37980651855469,126.88847351074219,-60.84600830078125
1781099301151728400,64.59172827148437,-75.22627258300781,126.88230895996094,-60.9998779296875
1781099301192901400,64.6329013671875,-75.81462097167969,126.38597106933594,-60.98823547363281
1781099301234072300,64.674072265625,-76.1796875,126.34210205078125,-60.71281433105469
1781099301275244500,64.71524462890625,-76.31742858886719,126.31120300292969,-60.212615966796875
1781099301316416300,64.75641625976563,-75.86228942871094,126.41976928710938,-59.787445068359375
1781099301357586400,64.79758642578125,-74.63821411132812,127.13812255859375,-59.57752990722656
1781099301398758400,64.83875830078125,-73.92462158203125,127.6285400390625,-60.238983154296875
1781099301439929600,64.8799296875,-72.90422058105469,127.67074584960938,-59.96272277832031
1781099301481102600,64.9211025390625,-71.80947875976562,127.17083740234375,-60.42481994628906
1781099301522274600,64.96227465820313,-70.83979797363281,126.45204162597656,-60.81523132324219
1781099301563445200,65.0034453125,-70.36677551269531,126.17298889160156,-60.75959777832031
1781099301604619300,65.04461938476562,-70.47726440429688,126.04249572753906,-60.30665588378906
1781099301645791200,65.08579125976563,-70.01414489746094,126.38560485839844,-59.816986083984375
1781099301686962400,65.12696240234375,-69.13182067871094,126.4266357421875,-59.3511962890625
1781099301728133400,65.16813330078125,-67.36834716796875,125.94720458984375,-59.744232177734375
1781099301769303300,65.20930322265625,-67.00863647460938,125.18064880371094,-60.20747375488281
1781099301810474500,65.250474609375,-66.73249816894531,124.41207885742188,-60.54669189453125
1781099301851643400,65.29164331054687,-67.00428771972656,123.39663696289062,-60.41693115234375
1781099301892811300,65.33281127929688,-67.72496032714844,123.14166259765625,-60.4417724609375
1781099301933980400,65.37398046875,-68.0399169921875,123.05647277832031,-60.64410400390625
1781099301975149300,65.4151494140625,-68.72225952148438,123.21270751953125,-60.445831298828125
1781099302016318200,65.45631811523438,-69.079345703125,123.88198852539062,-60.51905822753906
1781099302057491000,65.49749096679687,-68.74888610839844,123.68571472167969,-60.89122009277344
1781099302098661000,65.5386611328125,-67.98162841796875,123.80819702148438,-61.580810546875
1781099302139834000,65.57983422851562,-67.66372680664062,123.08830261230469,-62.67262268066406
1781099302181005300,65.62100537109374,-67.5228271484375,122.832275390625,-63.769683837890625
1781099302222177000,65.66217700195313,-68.41203308105469,122.46559143066406,-64.42648315429688
1781099302263347200,65.70334716796874,-68.67617797851562,122.90437316894531,-64.00180053710938
1781099302304516000,65.74451611328125,-68.8970947265625,123.11424255371094,-63.88984680175781
1781099302345688000,65.78568798828125,-68.987548828125,123.58305358886719,-64.86553955078125
1781099302386858200,65.82685815429687,-68.95268249511719,124.18367004394531,-65.26669311523438
1781099302428028200,65.86802807617188,-68.68904113769531,123.85935974121094,-65.69198608398438
1781099302469202000,65.90920190429688,-68.57228088378906,123.69361877441406,-65.5018310546875
1781099302510373000,65.950373046875,-67.52774047851562,123.76588439941406,-65.38800048828125
1781099302551548200,65.99154809570312,-67.17108154296875,123.74452209472656,-65.31309509277344
1781099302592721200,66.03272119140625,-66.91583251953125,124.01536560058594,-65.30455017089844
1781099302633898000,66.07389794921875,-65.81668090820312,123.5732421875,-65.45684814453125
1781099302675071200,66.1150712890625,-65.21049499511719,122.7481689453125,-65.853759765625
1781099302716245200,66.15624536132813,-64.49229431152344,121.8126220703125,-65.80262756347656
1781099302757419000,66.1974189453125,-64.38383483886719,120.35273742675781,-65.88682556152344
1781099302798591200,66.23859130859375,-65.57281494140625,119.46583557128906,-65.14501953125
1781099302839765000,66.27976489257813,-66.25778198242188,118.347412109375,-64.27166748046875
1781099302880936200,66.32093627929687,-66.58555603027344,117.84515380859375,-63.29658508300781
1781099302922105000,66.36210498046874,-66.77545166015625,117.49032592773438,-62.21617126464844
1781099302963277000,66.40327709960937,-67.12399291992188,118.10342407226562,-61.44500732421875
1781099303004448300,66.4444482421875,-67.65104675292969,119.22836303710938,-60.52854919433594
1781099303045618400,66.48561840820312,-67.49322509765625,120.04193115234375,-60.084930419921875
1781099303086789600,66.52678955078125,-66.93692016601562,121.52632141113281,-59.60334777832031
1781099303127961300,66.56796142578125,-65.14071655273438,122.34187316894531,-59.41465759277344
1781099303169132500,66.60913256835937,-63.316497802734375,123.09735107421875,-59.792388916015625
1781099303210304500,66.65030444335937,-60.890472412109375,123.21713256835938,-60.798309326171875
1781099303251476500,66.6914765625,-58.280120849609375,121.95005798339844,-61.686309814453125
1781099303292647700,66.73264770507812,-56.31964111328125,119.24385070800781,-62.66578674316406
1781099303333819400,66.7738193359375,-55.71185302734375,116.5511474609375,-63.793792724609375
1781099303374990300,66.814990234375,-57.10832214355469,113.88067626953125,-64.50730895996094
1781099303416158500,66.85615844726563,-59.566162109375,112.70269775390625,-64.51202392578125
1781099303457329400,66.89732934570313,-61.05274963378906,112.04949951171875,-64.35792541503906
1781099303498499300,66.93849926757812,-62.14710998535156,112.36817932128906,-64.28843688964844
1781099303539669500,66.97966943359376,-63.00825500488281,112.96792602539062,-64.94380187988281
1781099303580840700,67.0208408203125,-62.98695373535156,112.87850952148438,-66.09091186523438
1781099303622008600,67.06200854492188,-64.8699951171875,112.11085510253906,-67.06796264648438
1781099303663175700,67.10317578125,-65.39297485351562,112.03779602050781,-68.0784912109375
1781099303704344600,67.14434448242187,-66.92800903320312,112.15376281738281,-68.94473266601562
1781099303745513500,67.18551342773438,-69.08335876464844,111.79034423828125,-70.01394653320312
1781099303786679600,67.22667944335937,-70.95248413085938,112.19871520996094,-70.4150390625
1781099303827845600,67.267845703125,-72.70671081542969,112.09213256835938,-70.70147705078125
1781099303869014500,67.3090146484375,-74.87600708007812,113.15850830078125,-70.54849243164062
1781099303910182400,67.35018237304688,-77.03855895996094,114.28623962402344,-70.46601867675781
1781099303951353600,67.391353515625,-78.125,115.68717956542969,-70.32679748535156
1781099303992520400,67.4325205078125,-79.01222229003906,116.67323303222656,-70.970703125
1781099304033688800,67.47368872070312,-79.27235412597656,117.79817199707031,-71.64698791503906
1781099304074855700,67.51485571289062,-79.92385864257812,119.18705749511719,-72.33657836914062
1781099304116022800,67.55602270507812,-80.3861083984375,120.0048828125,-73.36463928222656
1781099304157188900,67.59718896484375,-80.30776977539062,120.30744934082031,-74.12228393554688
1781099304198357000,67.63835693359376,-80.31239318847656,120.62594604492188,-74.39285278320312
1781099304239524900,67.67952490234374,-80.92607116699219,120.76383972167969,-74.70240783691406
1781099304280696800,67.72069677734375,-82.01878356933594,120.42156982421875,-74.34327697753906
1781099304321868000,67.76186791992187,-82.736083984375,120.85733032226562,-73.375
1781099304363039700,67.80303979492187,-82.393310546875,121.70722961425781,-72.07350158691406
1781099304404206800,67.84420678710937,-81.57572937011719,123.25752258300781,-71.26704406738281
1781099304445376000,67.8853759765625,-79.72062683105469,123.40074157714844,-71.18930053710938
1781099304486546000,67.9265458984375,-78.34487915039062,123.36288452148438,-71.15141296386719
1781099304527713800,67.9677138671875,-77.73345947265625,123.73828125,-71.0916748046875
1781099304568884000,68.00888403320313,-76.66067504882812,124.17901611328125,-71.207275390625
1781099304610052900,68.05005297851562,-76.91783142089844,124.15550231933594,-71.49363708496094
1781099304651219000,68.09121899414062,-76.64302062988281,124.64558410644531,-71.64273071289062
1781099304692383700,68.1323837890625,-76.10389709472656,124.65469360351562,-71.91397094726562
1781099304733550800,68.17355078125,-75.39093017578125,125.16189575195312,-71.92158508300781
1781099304774717000,68.21471704101563,-75.18435668945312,125.55059814453125,-71.82820129394531
1781099304815885800,68.2558857421875,-74.17941284179688,126.1455078125,-72.28729248046875
1781099304857053700,68.2970537109375,-73.53523254394531,126.47126770019531,-73.12336730957031
1781099304898221800,68.33822192382813,-72.91360473632812,126.94850158691406,-73.67143249511719
1781099304939388000,68.37938793945312,-72.05305480957031,127.51438903808594,-75.27108764648438
1781099304980554000,68.42055395507812,-70.39335632324219,127.37039184570312,-77.25643920898438
1781099305021721600,68.4617216796875,-69.38870239257812,125.861572265625,-79.35238647460938
1781099305062893600,68.5028935546875,-69.68821716308594,124.10237121582031,-80.44866943359375
1781099305104064800,68.54406469726563,-71.32225036621094,121.92344665527344,-80.78059387207031
1781099305145236700,68.58523681640625,-72.56089782714844,120.47186279296875,-80.57872009277344
1781099305186406700,68.62640673828125,-72.94927978515625,119.25103759765625,-79.17329406738281
1781099305227577600,68.66757763671875,-73.35577392578125,118.47154235839844,-77.79971313476562
1781099305268749800,68.70874975585937,-74.03292846679688,117.33818054199219,-76.88758850097656
1781099305309918700,68.74991870117188,-73.80322265625,116.42694091796875,-76.31024169921875
1781099305351088600,68.79108862304687,-73.98466491699219,115.10348510742188,-75.61711120605469
1781099305392262700,68.8322626953125,-74.20396423339844,114.32241821289062,-75.01124572753906
1781099305433435600,68.873435546875,-74.23519897460938,112.85733032226562,-74.72752380371094
1781099305474606600,68.91460668945312,-74.60151672363281,111.41487121582031,-74.35249328613281
1781099305515776500,68.95577661132812,-75.30880737304688,109.96586608886719,-73.11140441894531
1781099305556946400,68.99694653320313,-76.12509155273438,109.41670227050781,-71.80929565429688
1781099305598116600,69.03811669921875,-76.58930969238281,108.62936401367188,-70.59577941894531
1781099305639286500,69.07928662109374,-76.93019104003906,107.96743774414062,-69.32307434082031
1781099305680458500,69.12045849609375,-77.72392272949219,108.05552673339844,-68.39691162109375
1781099305721627600,69.16162768554688,-78.80435180664062,107.85916137695312,-67.98291015625
1781099305762798600,69.20279858398438,-79.79605102539062,107.37840270996094,-68.16485595703125
1781099305803966500,69.24396655273438,-80.90550231933594,106.50440979003906,-68.11367797851562
1781099305845136600,69.28513671875,-83.64785766601562,105.95913696289062,-67.84309387207031
1781099305886308600,69.32630859375,-86.96881103515625,105.44338989257812,-67.32334899902344
1781099305927480600,69.36748046875,-90.0982666015625,105.90493774414062,-66.02328491210938
1781099305968652800,69.40865283203125,-94.10684204101562,108.02423095703125,-64.07379150390625
1781099306009823500,69.44982348632813,-96.116455078125,111.36782836914062,-61.860137939453125
1781099306050993200,69.4909931640625,-95.3714599609375,115.57917785644531,-60.09834289550781
1781099306092164400,69.53216430664062,-91.40614318847656,118.91378784179688,-59.55412292480469
1781099306133333200,69.57333325195313,-87.43447875976562,119.96603393554688,-60.282806396484375
1781099306174500400,69.61450024414063,-84.98193359375,120.43455505371094,-61.13932800292969
1781099306215668200,69.65566821289063,-82.69815063476562,119.92582702636719,-62.06983947753906
1781099306256838400,69.69683837890625,-80.20367431640625,119.40069580078125,-62.646087646484375
1781099306298007300,69.73800732421876,-78.50584411621094,118.13360595703125,-62.811767578125
1781099306339179300,69.77917919921875,-76.95829772949219,116.57742309570312,-62.70452880859375
1781099306380351200,69.82035131835937,-76.30726623535156,114.77555847167969,-62.56298828125
1781099306421525200,69.86152514648437,-75.73698425292969,113.66716003417969,-61.86289978027344
1781099306462696200,69.9026962890625,-76.1968994140625,112.52865600585938,-60.87126159667969
1781099306503866000,69.9438662109375,-76.25759887695312,111.86268615722656,-59.704376220703125
1781099306545033200,69.985033203125,-75.74903869628906,111.3863525390625,-59.064453125
1781099306586201000,70.026201171875,-75.27752685546875,110.70683288574219,-59.0692138671875
1781099306627372300,70.06737231445312,-75.79336547851562,109.098388671875,-58.61991882324219
1781099306668543000,70.10854296875,-76.36026000976562,108.03387451171875,-58.07804870605469
1781099306709714200,70.14971411132812,-76.66184997558594,107.64022827148438,-57.34211730957031
1781099306750889200,70.19088916015625,-77.51091003417969,107.161865234375,-55.91206359863281
1781099306792059100,70.23205908203126,-78.03575134277344,107.22689819335938,-54.60772705078125
1781099306833230300,70.27323022460938,-78.947998046875,105.96360778808594,-54.197052001953125
1781099306874402300,70.31440234375,-79.50262451171875,105.85240173339844,-53.532073974609375
1781099306915573200,70.3555732421875,-81.77438354492188,107.58425903320312,-51.007293701171875
1781099306956745200,70.3967451171875,-83.91973876953125,109.31814575195312,-48.09123229980469
1781099306997919200,70.43791918945313,-81.65426635742188,109.75924682617188,-48.09736633300781
1781099307039091500,70.47909155273437,-81.73213195800781,110.31298828125,-48.98857116699219
1781099307080265200,70.52026513671875,-82.88510131835938,112.65452575683594,-48.10633850097656
1781099307121439200,70.56143920898438,-79.35711669921875,113.9114990234375,-50.52525329589844
1781099307162614300,70.6026142578125,-78.544189453125,113.52272033691406,-50.77104187011719
1781099307203785200,70.64378515625,-79.53858947753906,113.54595947265625,-49.12249755859375
1781099307244957200,70.68495727539063,-78.11546325683594,115.07688903808594,-49.58940124511719
1781099307286131200,70.72613110351563,-77.27122497558594,116.25285339355469,-50.26934814453125
1781099307327303200,70.76730322265625,-77.89576721191406,117.06640625,-49.33818054199219
1781099307368476200,70.80847607421875,-76.21049499511719,118.22488403320312,-50.076568603515625
1781099307409648000,70.84964819335937,-76.58999633789062,119.01487731933594,-50.44377136230469
1781099307450818300,70.890818359375,-76.35084533691406,121.44267272949219,-50.487091064453125
1781099307491991300,70.9319912109375,-74.71844482421875,123.43299865722656,-51.76312255859375
1781099307533164300,70.97316430664063,-72.95518493652344,124.80702209472656,-53.15104675292969
1781099307574336300,71.01433618164063,-71.12994384765625,125.53054809570312,-54.43011474609375
1781099307615510300,71.05551025390625,-70.25637817382812,126.68099975585938,-55.15852355957031
1781099307656684300,71.09668432617187,-68.48870849609375,127.05085754394531,-55.56890869140625
1781099307697857000,71.13785693359375,-66.12654113769531,128.3799285888672,-56.0828857421875
1781099307739032300,71.1790322265625,-62.02122497558594,129.2991485595703,-56.78863525390625
1781099307780206000,71.2202060546875,-56.652587890625,128.94305419921875,-59.127471923828125
1781099307821380000,71.26138012695313,-52.91656494140625,124.30966186523438,-63.656097412109375
1781099307862551300,71.30255126953125,-53.549346923828125,118.61518859863281,-67.33949279785156
1781099307903723300,71.34372314453125,-58.52738952636719,114.57786560058594,-68.89451599121094
1781099307944895200,71.38489526367188,-62.45875549316406,113.09022521972656,-68.82997131347656
1781099307986067200,71.42606713867187,-66.03599548339844,112.00083923339844,-68.23786926269531
1781099308027241500,71.46724145507812,-68.51359558105469,111.56327819824219,-67.16233825683594
1781099308068414500,71.50841455078125,-70.56069946289062,110.61080932617188,-67.4482421875
1781099308109588500,71.54958837890625,-73.2042236328125,109.89735412597656,-67.30451965332031
1781099308150760400,71.59076049804688,-75.37661743164062,111.03605651855469,-67.07109069824219
1781099308191933400,71.63193334960937,-76.81192016601562,112.52937316894531,-66.43161010742188
1781099308233108500,71.6731083984375,-76.92491149902344,112.27699279785156,-66.0751953125
1781099308274283500,71.71428344726563,-77.05364990234375,111.23651123046875,-66.35124206542969
1781099308315456500,71.75545654296874,-78.41732788085938,110.11485290527344,-67.09880065917969
1781099308356629500,71.79662939453125,-80.30119323730469,109.2628173828125,-66.335205078125
1781099308397801500,71.83780151367188,-82.45147705078125,108.85353088378906,-65.1116943359375
1781099308438974700,71.878974609375,-84.81234741210938,109.10786437988281,-62.85906982421875
1781099308480145400,71.9201455078125,-86.31744384765625,109.98136901855469,-61.575042724609375
1781099308521324300,71.96132421875,-88.30442810058594,110.62680053710938,-59.524871826171875
1781099308562502400,72.00250244140625,-89.83540344238281,112.02577209472656,-58.03443908691406
1781099308603675600,72.04367553710938,-91.63130187988281,114.75099182128906,-56.41197204589844
1781099308644849700,72.084849609375,-92.82948303222656,117.99288940429688,-55.16572570800781
1781099308686023400,72.1260234375,-92.67890930175781,122.67758178710938,-54.09222412109375
1781099308727196400,72.16719653320312,-90.43759155273438,128.05030822753906,-53.87602233886719
1781099308768370400,72.20837036132812,-86.51365661621094,131.2389373779297,-55.275787353515625
1781099308809544400,72.24954443359375,-83.07075500488281,132.1536865234375,-57.48748779296875
1781099308850715400,72.29071533203125,-80.46322631835938,131.91294860839844,-59.50909423828125
1781099308891887400,72.33188745117188,-79.88739013671875,131.58670043945312,-61.02891540527344
1781099308933059300,72.37305932617187,-78.76321411132812,130.54098510742188,-62.70420837402344
1781099308974232300,72.414232421875,-78.56976318359375,129.4345703125,-63.68269348144531
1781099309015403500,72.45540356445312,-78.96591186523438,129.6031951904297,-63.90739440917969
1781099309056570600,72.49657055664062,-78.90974426269531,129.22494506835938,-64.72402954101562
1781099309097738500,72.53773852539062,-79.47650146484375,129.44143676757812,-64.82115173339844
1781099309138907600,72.57890771484375,-78.97700500488281,129.11428833007812,-65.25804138183594
1781099309180076500,72.62007666015624,-78.71701049804688,129.18618774414062,-65.5816650390625
1781099309221248500,72.66124853515625,-78.78982543945312,129.23699951171875,-66.00288391113281
1781099309262418400,72.70241845703126,-78.57632446289062,128.91795349121094,-66.72084045410156
1781099309303589600,72.74358959960938,-79.37942504882812,128.31698608398438,-66.83633422851562
1781099309344757500,72.78475756835938,-80.26405334472656,127.9827880859375,-67.03297424316406
1781099309385928700,72.8259287109375,-80.4820556640625,127.71353149414062,-66.60588073730469
1781099309427097600,72.86709765625,-80.8582763671875,127.01695251464844,-66.53245544433594
1781099309468269600,72.90826953125,-81.63916015625,126.85345458984375,-66.51141357421875
1781099309509439500,72.949439453125,-82.75091552734375,126.90238952636719,-66.03945922851562
1781099309550609700,72.99060961914063,-82.41145324707031,127.64015197753906,-65.90412902832031
1781099309591777500,73.03177758789063,-83.42750549316406,128.17205810546875,-65.93705749511719
1781099309632946400,73.07294653320312,-82.87432861328125,129.16456604003906,-65.49317932128906
1781099309674116600,73.11411669921876,-82.00540161132812,129.77110290527344,-65.46170043945312
1781099309715286500,73.15528662109375,-79.91110229492188,129.77120971679688,-65.41276550292969
1781099309756459500,73.19645947265624,-78.3065185546875,129.1848602294922,-65.45945739746094
1781099309797633500,73.23763354492188,-77.56941223144531,128.31251525878906,-65.71479797363281
1781099309838807600,73.2788076171875,-77.99000549316406,126.82087707519531,-65.8026123046875
1781099309879979500,73.3199794921875,-78.34140014648438,125.82766723632812,-65.53767395019531
1781099309921153500,73.36115356445312,-78.30073547363281,126.0948486328125,-64.63592529296875
1781099309962330600,73.40233056640625,-79.22227478027344,126.09329223632812,-63.86930847167969
1781099310003507700,73.4435078125,-78.90737915039062,126.20222473144531,-63.81950378417969
1781099310044680700,73.4846806640625,-78.9825439453125,126.45590209960938,-63.96751403808594
1781099310085854500,73.5258544921875,-78.55702209472656,126.42340087890625,-64.33192443847656
1781099310127030500,73.56703051757812,-78.95672607421875,126.52424621582031,-64.20291137695312
1781099310168206600,73.60820654296874,-78.31344604492188,126.30067443847656,-64.83326721191406
1781099310209384700,73.649384765625,-78.49737548828125,125.9493408203125,-65.2127685546875
1781099310250561800,73.69056176757813,-78.73141479492188,125.2926025390625,-65.48199462890625
1781099310291739600,73.73173974609375,-79.30435180664062,125.07933044433594,-65.51629638671875
1781099310332916700,73.77291674804688,-79.78179931640625,125.25236511230469,-65.69132995605469
1781099310374094800,73.8140947265625,-79.93069458007812,125.46900939941406,-65.20755004882812
1781099310415272700,73.85527270507812,-80.54264831542969,125.89520263671875,-64.861572265625
1781099310456450800,73.89645092773438,-81.37278747558594,126.19650268554688,-64.83567810058594
1781099310497629700,73.93762963867188,-80.86134338378906,126.26242065429688,-64.49485778808594
1781099310538805800,73.9788056640625,-81.21707153320312,126.00762939453125,-64.154541015625
1781099310579982600,74.01998266601562,-81.18629455566406,126.75337219238281,-63.72679138183594
1781099310621157600,74.06115771484374,-81.16355895996094,127.091796875,-63.437164306640625
1781099310662330600,74.10233056640625,-81.48663330078125,127.58583068847656,-62.81915283203125
1781099310703503600,74.14350366210938,-80.63299560546875,128.24212646484375,-62.79823303222656
1781099310744679700,74.1846796875,-80.04676818847656,128.11134338378906,-62.95965576171875
1781099310785852700,74.22585278320312,-80.35043334960938,127.28837585449219,-62.48304748535156
1781099310827027500,74.26702734375,-80.68087768554688,127.49470520019531,-62.13740539550781
1781099310868200400,74.30820043945313,-80.31201171875,127.29902648925781,-62.05000305175781
1781099310909373400,74.34937353515625,-80.19944763183594,127.47587585449219,-61.63136291503906
1781099310950546700,74.39054663085938,-80.03750610351562,127.59652709960938,-61.58082580566406
1781099310991718700,74.43171875,-79.73313903808594,127.47215270996094,-61.78153991699219
1781099311032890400,74.47289038085937,-79.8543701171875,127.25010681152344,-61.22027587890625
1781099311074064100,74.51406420898438,-79.37661743164062,127.58723449707031,-60.560211181640625
1781099311115239200,74.5552392578125,-79.25900268554688,127.60194396972656,-60.10261535644531
1781099311156412200,74.596412109375,-79.12754821777344,127.56991577148438,-60.10606384277344
1781099311197585200,74.63758520507812,-78.7845458984375,127.60098266601562,-60.477264404296875
1781099311238756000,74.67875610351562,-79.17214965820312,127.25772094726562,-60.41722106933594
1781099311279930000,74.71993017578124,-79.3912353515625,128.012451171875,-60.71073913574219
1781099311321103000,74.76110302734375,-79.61062622070312,128.5316925048828,-61.47398376464844
1781099311362275000,74.80227514648438,-79.32386779785156,129.43418884277344,-62.209228515625
1781099311403449300,74.84344946289062,-78.92802429199219,129.35397338867188,-62.88423156738281
1781099311444620000,74.8846201171875,-78.72369384765625,129.1076202392578,-63.024658203125
1781099311485794300,74.92579418945313,-78.85775756835938,129.3358612060547,-63.46339416503906
1781099311526964200,74.96696411132812,-79.10426330566406,129.589599609375,-63.92132568359375
1781099311568136200,75.00813623046875,-79.13520812988281,129.21322631835938,-64.2073974609375
1781099311609310200,75.04931030273437,-79.07569885253906,129.0152587890625,-63.881591796875
1781099311650484200,75.09048413085938,-79.77732849121094,129.48350524902344,-63.3629150390625
1781099311691656200,75.13165625,-79.32977294921875,129.3289794921875,-62.88446044921875
1781099311732831200,75.17283129882813,-79.05946350097656,129.2550811767578,-62.325714111328125
1781099311774009300,75.21400927734375,-78.41853332519531,129.36483764648438,-61.739471435546875
1781099311815186200,75.25518627929688,-77.09576416015625,129.7485809326172,-61.430023193359375
1781099311856361200,75.296361328125,-76.30523681640625,129.52218627929688,-61.05909729003906
1781099311897536300,75.33753637695312,-75.1397705078125,129.0757293701172,-61.325714111328125
1781099311938711000,75.3787109375,-75.07917785644531,128.40354919433594,-61.39302062988281
1781099311979885000,75.41988500976562,-74.81199645996094,127.99656677246094,-61.73298645019531
1781099312021061400,75.46106127929687,-74.69139099121094,127.94114685058594,-61.91661071777344
1781099312062236400,75.502236328125,-75.16946411132812,127.37692260742188,-62.132568359375
1781099312103412500,75.54341259765626,-75.58187866210938,127.2867431640625,-62.91864013671875
1781099312144587300,75.58458715820312,-75.83123779296875,126.73199462890625,-63.32972717285156
1781099312185760300,75.62576025390625,-75.80046081542969,126.38581848144531,-63.39337158203125
1781099312226933200,75.66693334960938,-76.73281860351562,126.36949157714844,-63.21376037597656
1781099312268105200,75.70810522460937,-77.08879089355469,126.52142333984375,-63.430419921875
1781099312309277200,75.74927709960937,-77.50022888183594,126.42121887207031,-63.51214599609375
1781099312350450200,75.7904501953125,-77.67518615722656,125.95404052734375,-63.066986083984375
1781099312391622400,75.83162231445313,-78.09092712402344,126.40829467773438,-63.00254821777344
1781099312432795400,75.87279541015624,-78.16383361816406,126.09945678710938,-62.7357177734375
1781099312473968400,75.91396850585937,-77.81793212890625,126.63664245605469,-62.27500915527344
1781099312515143400,75.95514331054687,-77.45184326171875,126.59300231933594,-61.95387268066406
1781099312556316400,75.99631640625,-77.60136413574219,126.50141906738281,-61.842864990234375
1781099312597488400,76.03748828125,-77.95225524902344,126.42149353027344,-62.012176513671875
1781099312638663200,76.0786630859375,-78.30723571777344,126.30290222167969,-62.28913879394531
1781099312679836200,76.11983618164062,-78.74467468261719,126.46395874023438,-62.58799743652344
1781099312721008400,76.16100830078125,-79.76786804199219,126.78852844238281,-63.15191650390625
1781099312762181400,76.20218139648438,-79.71916198730469,127.4429931640625,-63.409210205078125
1781099312803352300,76.24335229492188,-80.327880859375,127.91110229492188,-62.95890808105469
1781099312844523500,76.2845234375,-80.34056091308594,128.471435546875,-62.86692810058594
1781099312885697300,76.325697265625,-79.6229248046875,128.8900909423828,-62.69245910644531
1781099312926869500,76.36686938476562,-78.80947875976562,129.27188110351562,-62.54890441894531
1781099312968040200,76.40804028320312,-78.25811767578125,129.67733764648438,-62.50445556640625
1781099313009210400,76.44921044921875,-78.49087524414062,130.13241577148438,-62.38374328613281
1781099313050379800,76.4903798828125,-77.57240295410156,130.37576293945312,-62.70556640625
1781099313091550700,76.53155078125,-76.83029174804688,130.41030883789062,-63.13627624511719
1781099313132723700,76.5727236328125,-76.54443359375,130.19781494140625,-63.80387878417969
1781099313173896700,76.61389672851563,-76.26913452148438,130.17967224121094,-64.19587707519531
1781099313215071700,76.65507177734375,-76.88899230957031,130.269287109375,-64.87228393554688
1781099313256245500,76.69624560546875,-76.82948303222656,129.66639709472656,-65.677734375
1781099313297419800,76.73741967773438,-76.81732177734375,129.2445068359375,-65.58006286621094
1781099313338594600,76.77859448242188,-76.85211181640625,129.41250610351562,-65.9442138671875
1781099313379767600,76.819767578125,-76.56304931640625,129.1699676513672,-66.31320190429688
1781099313420939800,76.86093969726562,-76.66606140136719,128.9761505126953,-66.53926086425781
1781099313462110700,76.90211083984374,-76.92098999023438,128.45919799804688,-67.1234130859375
1781099313503280600,76.94328076171875,-77.05926513671875,128.2998504638672,-67.13847351074219
1781099313544452600,76.98445263671876,-77.00511169433594,128.2053985595703,-67.12759399414062
1781099313585624600,77.02562451171875,-77.67483520507812,128.2333526611328,-67.07350158691406
1781099313626801000,77.06680078125,-78.39411926269531,128.58348083496094,-66.69992065429688
1781099313667974700,77.107974609375,-78.20115661621094,128.07606506347656,-66.45704650878906
1781099313709148700,77.14914868164063,-78.28434753417969,128.148681640625,-66.23483276367188
1781099313750323000,77.19032299804688,-78.24996948242188,127.85220336914062,-66.27084350585938
1781099313791497700,77.23149780273438,-78.48806762695312,127.81105041503906,-66.05894470214844
1781099313832670700,77.27267065429687,-79.15614318847656,127.26702880859375,-65.69926452636719
1781099313873846800,77.3138466796875,-78.77682495117188,127.30831909179688,-65.74789428710938
1781099313915018800,77.35501879882813,-79.30233764648438,126.90061950683594,-65.45401000976562
1781099313956193800,77.39619384765625,-79.55477905273438,126.86740112304688,-65.470703125
1781099313997368800,77.43736889648437,-80.05181884765625,127.10813903808594,-65.00566101074219
1781099314038544000,77.4785439453125,-80.27850341796875,127.40885925292969,-64.91116333007812
1781099314079715800,77.5197158203125,-80.20317077636719,127.48858642578125,-64.87481689453125
1781099314120889900,77.56088989257813,-80.62278747558594,128.11264038085938,-64.71693420410156
1781099314162067000,77.60206689453125,-80.02217102050781,128.49044799804688,-64.25273132324219
1781099314203242800,77.64324267578125,-79.70867919921875,128.9192352294922,-64.33056640625
1781099314244417000,77.6844169921875,-79.58847045898438,129.04425048828125,-64.98384094238281
1781099314285590000,77.72559008789062,-79.35670471191406,129.1063232421875,-64.94879150390625
1781099314326760700,77.7667607421875,-79.727783203125,128.96514892578125,-64.99137878417969
1781099314367935000,77.80793505859376,-79.67530822753906,129.21624755859375,-65.13458251953125
1781099314409108000,77.84910791015625,-79.64405822753906,129.54713439941406,-64.75308227539062
1781099314450283800,77.89028369140625,-80.08578491210938,129.7113037109375,-64.89144897460938
1781099314491455700,77.93145581054688,-79.30873107910156,129.79148864746094,-64.80683898925781
1781099314532627000,77.972626953125,-78.67774963378906,129.80531311035156,-64.78431701660156
1781099314573795800,78.0137958984375,-78.39108276367188,129.58868408203125,-64.62974548339844
1781099314614967800,78.0549677734375,-78.65293884277344,129.43821716308594,-64.72499084472656
1781099314656139800,78.09613989257812,-78.56906127929688,129.3709259033203,-64.95989990234375
1781099314697311000,78.13731103515624,-78.62530517578125,128.85057067871094,-64.92338562011719
1781099314738483000,78.17848291015625,-78.84231567382812,128.76470947265625,-65.23033142089844
1781099314779654000,78.21965380859375,-78.58291625976562,128.54393005371094,-65.28524780273438
1781099314820823800,78.26082373046874,-79.04397583007812,128.62820434570312,-65.33589172363281
1781099314861996000,78.30199609375,-78.94425964355469,128.44342041015625,-65.53117370605469
1781099314903164000,78.34316381835937,-79.05874633789062,128.54592895507812,-65.77780151367188
1781099314944333800,78.38433374023438,-78.23982238769531,128.1498565673828,-65.86653137207031
1781099314985504800,78.4255048828125,-78.39485168457031,127.85076904296875,-65.89653015136719
1781099315026675000,78.46667504882812,-79.43922424316406,127.94728088378906,-66.37429809570312
1781099315067849200,78.50784912109376,-79.18980407714844,127.41952514648438,-66.45089721679688
1781099315109019100,78.54901904296875,-79.47724914550781,127.27041625976562,-66.56449890136719
1781099315150191000,78.59019116210938,-79.66119384765625,127.33389282226562,-66.31602478027344
1781099315191364000,78.63136401367187,-79.65403747558594,126.9696044921875,-66.14523315429688
1781099315232538000,78.6725380859375,-80.0452880859375,127.41830444335938,-66.09596252441406
1781099315273716000,78.71371606445312,-80.7386474609375,127.50570678710938,-65.85638427734375
1781099315314892000,78.75489208984375,-80.93035888671875,127.64179992675781,-65.80984497070312
1781099315356070100,78.79607006835937,-80.79415893554688,127.98408508300781,-65.08955383300781
1781099315397245200,78.8372451171875,-80.720703125,128.09384155273438,-65.04385375976562
1781099315438420000,78.878419921875,-80.41691589355469,128.1693115234375,-64.74403381347656
1781099315479593000,78.91959301757812,-80.72660827636719,128.471435546875,-64.14533996582031
1781099315520765200,78.96076513671875,-80.77056884765625,128.56210327148438,-64.03329467773438
1781099315561938000,79.00193798828126,-81.04981994628906,128.8028106689453,-63.505126953125
1781099315603110100,79.04311010742188,-81.12557983398438,129.3356170654297,-63.52717590332031
1781099315644282000,79.0842822265625,-80.82107543945312,129.72491455078125,-63.60697937011719
1781099315685453000,79.125453125,-80.93106079101562,130.13653564453125,-63.68611145019531
1781099315726621200,79.16662109375,-80.92001342773438,130.19680786132812,-63.97431945800781
1781099315767789000,79.2077890625,-80.59376525878906,130.51600646972656,-64.16604614257812
1781099315808959000,79.248958984375,-80.7738037109375,130.57521057128906,-63.99528503417969
1781099315850128100,79.29012817382812,-80.84214782714844,130.8813934326172,-63.95196533203125
1781099315891298000,79.33129809570312,-81.23313903808594,131.32470703125,-63.86247253417969
1781099315932469200,79.37246923828125,-80.90245056152344,131.14097595214844,-63.55718994140625
1781099315973643000,79.41364306640625,-80.36358642578125,131.4558563232422,-63.01493835449219
1781099316014815000,79.45481494140626,-79.77006530761719,131.48167419433594,-62.797332763671875
1781099316055987700,79.49598779296875,-79.15065002441406,131.6245880126953,-62.138916015625
1781099316097160000,79.53715991210937,-78.93997192382812,132.08309936523438,-61.782928466796875
1781099316138331600,79.57833154296875,-78.51345825195312,132.25936889648438,-61.631072998046875
1781099316179506000,79.619505859375,-77.835205078125,132.2437744140625,-61.94340515136719
1781099316220679700,79.6606796875,-77.64939880371094,132.68630981445312,-62.02020263671875
1781099316261851000,79.70185083007813,-76.85841369628906,132.91665649414062,-62.37782287597656
1781099316303021600,79.743021484375,-76.92352294921875,133.1907958984375,-62.62152099609375
1781099316344193800,79.78419384765625,-77.21711730957031,133.74856567382812,-63.32633972167969
1781099316385364700,79.82536474609375,-76.85748291015625,133.64877319335938,-63.90422058105469
1781099316426534700,79.86653466796875,-76.73245239257812,133.7579345703125,-64.53410339355469
1781099316467706600,79.90770654296875,-76.30325317382812,134.07054138183594,-64.9520263671875
1781099316508877800,79.9488779296875,-75.89653015136719,134.2211456298828,-65.08453369140625
1781099316550049800,79.9900498046875,-75.21453857421875,134.40643310546875,-65.55593872070312
1781099316591221800,80.0312216796875,-74.91946411132812,134.01974487304688,-65.89503479003906
1781099316632392700,80.07239282226563,-74.60963439941406,132.86839294433594,-66.7073974609375
1781099316673566000,80.11356591796876,-74.11189270019531,131.85488891601562,-67.10678100585938
1781099316714736600,80.15473657226562,-73.89353942871094,131.0540771484375,-67.50865173339844
1781099316755907800,80.19590795898438,-74.5050048828125,130.4618377685547,-67.79591369628906
1781099316797077800,80.23707788085937,-75.21229553222656,129.71218872070312,-67.83747863769531
1781099316838249700,80.27824975585938,-75.53207397460938,129.57730102539062,-68.32417297363281
1781099316879420000,80.319419921875,-76.91423034667969,129.51748657226562,-68.27957153320312
1781099316920587800,80.360587890625,-76.95059204101562,129.6052703857422,-68.18778991699219
1781099316961757700,80.4017578125,-78.06031799316406,129.35296630859375,-68.08561706542969
1781099317002929700,80.4429296875,-79.01499938964844,129.53359985351562,-68.20639038085938
1781099317044100000,80.48410009765625,-79.34033203125,129.63511657714844,-68.13360595703125
1781099317085273000,80.52527319335937,-79.55789184570312,129.9752197265625,-68.04710388183594
1781099317126444000,80.56644409179688,-79.86668395996094,130.34765625,-68.23208618164062
1781099317167615000,80.60761499023438,-80.25462341308594,130.81124877929688,-68.08950805664062
1781099317208786000,80.64878588867188,-80.71913146972656,131.50575256347656,-67.66598510742188
1781099317249959000,80.689958984375,-80.2388916015625,131.90464782714844,-68.00027465820312
1781099317291132000,80.7311318359375,-79.50090026855469,132.1645050048828,-67.76092529296875
1781099317332307200,80.77230712890625,-79.41500854492188,131.69529724121094,-68.2049560546875
1781099317373479000,80.81347900390625,-79.23190307617188,131.573974609375,-68.09210205078125
1781099317414648000,80.85464794921874,-78.38156127929688,131.9914093017578,-68.25663757324219
1781099317455820000,80.89582006835937,-78.41612243652344,131.85220336914062,-68.25411987304688
1781099317496994000,80.936994140625,-78.79916381835938,131.41403198242188,-68.20338439941406
1781099317538167000,80.9781669921875,-79.19178771972656,130.9818115234375,-68.6898193359375
1781099317579341000,81.01934106445313,-78.90045166015625,130.7054901123047,-68.24745178222656
1781099317620515000,81.06051513671875,-79.0137939453125,130.1664581298828,-67.93472290039062
1781099317661686000,81.10168603515625,-79.55572509765625,130.5459442138672,-67.64646911621094
1781099317702857000,81.14285693359375,-79.62715148925781,130.6587371826172,-67.51950073242188
1781099317744028200,81.18402807617187,-79.6318359375,130.5946807861328,-67.268798828125
1781099317785198800,81.22519873046875,-79.71336364746094,129.8693389892578,-67.60523986816406
1781099317826371800,81.26637182617188,-79.55323791503906,129.30943298339844,-66.89749145507812
1781099317867543000,81.30754296875,-79.37272644042969,129.6044158935547,-66.89860534667969
1781099317908715000,81.34871508789062,-79.4986572265625,129.4136962890625,-66.41421508789062
1781099317949889000,81.38988891601562,-79.92909240722656,129.2032470703125,-65.9248046875
1781099317991062000,81.43106201171875,-80.6409912109375,128.76405334472656,-65.92984008789062
1781099318032235300,81.4722353515625,-80.65254211425781,128.60018920898438,-65.08546447753906
1781099318073407200,81.5134072265625,-81.22264099121094,128.71624755859375,-64.72206115722656
1781099318114579200,81.5545791015625,-82.05029296875,129.1675262451172,-63.85392761230469
1781099318155751200,81.59575122070312,-82.13150024414062,129.44601440429688,-63.37159729003906
1781099318196924200,81.63692407226563,-82.43223571777344,130.02684020996094,-63.238189697265625
1781099318238095400,81.67809545898437,-82.03746032714844,130.48117065429688,-63.18202209472656
1781099318279267300,81.71926733398438,-82.2955322265625,130.53616333007812,-63.36119079589844
1781099318320438300,81.76043823242188,-82.10311889648438,130.59703063964844,-63.1673583984375
1781099318361611300,81.801611328125,-81.8018798828125,131.0218505859375,-63.21626281738281
1781099318402782200,81.8427822265625,-82.12388610839844,131.00155639648438,-63.119476318359375
1781099318443955200,81.883955078125,-81.33370971679688,130.8051300048828,-63.18974304199219
1781099318485128200,81.92512817382813,-81.32962036132812,131.11459350585938,-63.487548828125
1781099318526300200,81.96630004882813,-80.73710632324219,130.79335021972656,-64.04905700683594
1781099318567475200,82.00747509765625,-80.81462097167969,130.50674438476562,-64.33122253417969
1781099318608647400,82.0486474609375,-80.981689453125,130.30702209472656,-64.81883239746094
1781099318649819100,82.08981909179687,-81.19815063476562,130.87734985351562,-65.48226928710938
1781099318690994200,82.130994140625,-80.94830322265625,131.0670166015625,-65.6134033203125
1781099318732166400,82.17216650390625,-81.23487854003906,131.34352111816406,-65.69828796386719
1781099318773341200,82.21334106445312,-81.58842468261719,131.53504943847656,-66.2733154296875
1781099318814516200,82.25451611328126,-81.42312622070312,131.84266662597656,-66.29287719726562
1781099318855689200,82.29568920898437,-81.54901123046875,132.07684326171875,-66.45724487304688
1781099318896863200,82.33686328125,-82.22216796875,132.3753204345703,-67.05770874023438
1781099318938037200,82.37803735351562,-82.12370300292969,132.4281768798828,-67.27616882324219
1781099318979210200,82.41921020507813,-81.988037109375,132.96946716308594,-67.39620971679688
1781099319020385300,82.46038525390625,-81.42837524414062,132.8802490234375,-67.69425964355469
1781099319061558000,82.50155810546875,-81.7786865234375,132.5379180908203,-68.17041015625
1781099319102729000,82.54272900390625,-81.51954650878906,132.37142944335938,-68.37545776367188
1781099319143902000,82.58390185546875,-81.93112182617188,132.3230438232422,-68.53770446777344
1781099319185071900,82.62507177734375,-82.30328369140625,132.08856201171875,-68.25981140136719
1781099319226244000,82.666244140625,-82.17283630371094,131.8649139404297,-68.44674682617188
1781099319267416000,82.707416015625,-81.68769836425781,131.65884399414062,-68.228515625
1781099319308588000,82.74858813476563,-81.18486022949219,131.46339416503906,-67.98696899414062
1781099319349757000,82.7897568359375,-80.94863891601562,131.36940002441406,-67.75621032714844
1781099319390930000,82.83092993164063,-80.87794494628906,131.3206329345703,-67.41499328613281
1781099319432103000,82.87210302734375,-80.76724243164062,130.89727783203125,-67.82438659667969
1781099319473273000,82.91327319335937,-80.56101989746094,130.4555206298828,-67.999267578125
1781099319514443800,82.95444384765625,-80.67727661132812,130.15411376953125,-68.20744323730469
1781099319555616800,82.99561669921874,-80.64678955078125,129.61727905273438,-68.28147888183594
1781099319596789000,83.0367890625,-81.59114074707031,129.2486572265625,-67.8975830078125
1781099319637962000,83.0779619140625,-81.93276977539062,129.28964233398438,-67.96308898925781
1781099319679134700,83.119134765625,-82.6573486328125,129.347412109375,-67.76483154296875
1781099319720309000,83.16030908203125,-83.34346008300781,129.4664306640625,-67.68881225585938
1781099319761478000,83.20147778320313,-83.61965942382812,129.23602294921875,-67.10475158691406
1781099319802648000,83.24264794921875,-83.31645202636719,130.03855895996094,-66.75509643554688
1781099319843822000,83.28382202148437,-83.30087280273438,130.17166137695312,-66.72233581542969
1781099319884994000,83.324994140625,-83.14698791503906,130.02005004882812,-66.60049438476562
1781099319926165000,83.3661650390625,-82.88360595703125,129.993896484375,-66.14167785644531
1781099319967336000,83.4073359375,-83.33033752441406,129.7571258544922,-66.40116882324219
1781099320008506000,83.44850610351563,-83.26133728027344,129.5575408935547,-65.82244873046875
1781099320049675000,83.48967504882812,-83.5543212890625,129.78216552734375,-65.24574279785156
1781099320090845200,83.53084521484375,-83.73410034179688,129.50698852539062,-65.06239318847656
1781099320132015000,83.57201513671875,-83.93132019042969,129.4329376220703,-64.61659240722656
1781099320173184300,83.61318432617188,-84.08363342285156,129.940673828125,-64.31706237792969
1781099320214355000,83.65435498046875,-84.32505798339844,130.31985473632812,-64.23826599121094
1781099320255525000,83.69552514648437,-84.96653747558594,130.80894470214844,-64.08279418945312
1781099320296698000,83.73669799804688,-84.7926025390625,131.60247802734375,-63.925140380859375
1781099320337870000,83.7778701171875,-84.52178955078125,131.98361206054688,-63.75111389160156
1781099320379042000,83.8190419921875,-84.21662902832031,132.3773956298828,-64.30143737792969
1781099320420214300,83.86021435546876,-83.01950073242188,132.69644165039062,-64.51434326171875
1781099320461385000,83.90138500976562,-82.6844482421875,132.96983337402344,-64.69479370117188
1781099320502557000,83.94255688476562,-82.87208557128906,133.0900421142578,-64.73139953613281
1781099320543728000,83.98372802734374,-82.99148559570312,133.13865661621094,-64.95936584472656
1781099320584899000,84.02489916992188,-82.84800720214844,132.95767211914062,-65.28053283691406
1781099320626074000,84.06607421875,-82.47908020019531,132.83261108398438,-65.85824584960938
1781099320667248000,84.107248046875,-82.36079406738281,132.54730224609375,-66.02122497558594
1781099320708420900,84.1484208984375,-82.66600036621094,132.62623596191406,-66.28131103515625
1781099320749593900,84.18959375,-82.88938903808594,132.65283203125,-66.31358337402344
1781099320790765000,84.23076513671874,-83.0677490234375,132.583984375,-66.55404663085938
1781099320831935200,84.27193530273438,-82.97650146484375,132.43658447265625,-66.32034301757812
1781099320873107200,84.31310717773438,-82.99177551269531,132.14300537109375,-66.74163818359375
1781099320914277000,84.35427709960938,-83.19285583496094,131.8672637939453,-66.94281005859375
1781099320955452000,84.39545190429688,-82.68487548828125,131.3365936279297,-67.27481079101562
1781099320996627200,84.43662719726562,-83.120361328125,130.54052734375,-67.46510314941406
1781099321037798400,84.47779833984374,-83.30616760253906,130.32460021972656,-67.71516418457031
1781099321078968600,84.51896850585938,-84.01348876953125,130.10546875,-68.19967651367188
1781099321120139300,84.56013916015625,-84.98713684082031,129.69552612304688,-68.02435302734375
1781099321161310500,84.601310546875,-85.32986450195312,129.4530029296875,-67.48611450195312
1781099321202483500,84.6424833984375,-85.74362182617188,129.74497985839844,-67.57305908203125
1781099321243655400,84.68365551757813,-86.283447265625,129.57742309570312,-66.95501708984375
1781099321284826600,84.72482666015625,-86.08448791503906,130.13833618164062,-66.67559814453125
1781099321325996300,84.76599633789063,-86.53030395507812,130.76455688476562,-66.18576049804688
1781099321367164400,84.80716430664063,-86.03797912597656,131.44821166992188,-65.64161682128906
1781099321408334600,84.84833447265625,-85.58299255371094,131.96336364746094,-65.65385437011719
1781099321449508400,84.88950830078124,-84.52084350585938,132.30783081054688,-65.48722839355469
1781099321490681300,84.93068139648437,-83.56105041503906,132.51968383789062,-65.5460205078125
1781099321531852500,84.9718525390625,-82.45753479003906,132.63197326660156,-65.50547790527344
1781099321573022500,85.0130224609375,-81.53398132324219,132.22882080078125,-65.71640014648438
1781099321614190600,85.05419067382813,-80.46694946289062,131.81488037109375,-66.28907775878906
1781099321655359500,85.095359375,-80.43533325195312,131.1620330810547,-66.54241943359375
1781099321696529400,85.136529296875,-80.55911254882812,130.62782287597656,-67.20794677734375
1781099321737696500,85.17769653320312,-81.13348388671875,130.19052124023438,-67.69244384765625
1781099321778866400,85.21886645507813,-82.0777587890625,130.05218505859375,-67.1373291015625
1781099321820036400,85.26003637695312,-82.50193786621094,130.226318359375,-66.82493591308594
1781099321861208300,85.30120825195313,-82.11669921875,130.8341827392578,-66.48095703125
1781099321902379500,85.34237963867187,-81.77658081054688,130.6458282470703,-66.19354248046875
1781099321943549400,85.38354956054687,-81.14788818359375,130.54257202148438,-65.94593811035156
1781099321984718600,85.42471850585937,-80.92935180664062,129.9624481201172,-66.32435607910156
1781099322025890600,85.465890625,-81.18058776855469,129.7152557373047,-66.06324768066406
1781099322067062500,85.5070625,-81.86906433105469,129.66763305664062,-66.36543273925781
1781099322108233700,85.54823364257813,-81.96150207519531,129.9931182861328,-66.55862426757812
1781099322149404400,85.589404296875,-82.44453430175781,130.40049743652344,-66.42036437988281
1781099322190574600,85.63057470703124,-83.02200317382812,130.8152618408203,-66.37831115722656
1781099322231747600,85.67174755859375,-82.49700927734375,131.13491821289062,-66.11834716796875
1781099322272921600,85.71292163085937,-81.48464965820312,131.3662872314453,-66.18159484863281
1781099322314094600,85.75409448242188,-81.37197875976562,131.22239685058594,-66.47355651855469
1781099322355265500,85.795265625,-80.82392883300781,130.73236083984375,-66.70741271972656
1781099322396437800,85.83643774414062,-80.90367126464844,130.8671112060547,-66.87052917480469
1781099322437611500,85.87761157226562,-80.92404174804688,130.7456512451172,-67.06948852539062
1781099322478780400,85.91878051757813,-81.25498962402344,130.82028198242188,-66.85682678222656
1781099322519950600,85.95995068359375,-80.56365966796875,130.38916015625,-67.04389953613281
1781099322561120500,86.00112060546876,-80.68443298339844,130.39776611328125,-67.20692443847656
1781099322602292500,86.04229248046875,-80.73486328125,130.24127197265625,-67.09388732910156
1781099322643462700,86.08346264648438,-81.13856506347656,130.34686279296875,-67.26296997070312
1781099322684635600,86.1246357421875,-81.54739379882812,130.55831909179688,-67.83343505859375
1781099322725807600,86.1658076171875,-82.08503723144531,130.53411865234375,-68.75198364257812
1781099322766978800,86.20697875976562,-82.66325378417969,130.6478729248047,-69.14512634277344
1781099322808149500,86.2481494140625,-83.5484619140625,130.81692504882812,-69.43458557128906
1781099322849322500,86.28932250976563,-84.25733947753906,131.52456665039062,-69.85575866699219
1781099322890496800,86.33049682617188,-83.98318481445312,132.1382598876953,-69.74691772460938
1781099322931668500,86.37166845703125,-84.26539611816406,132.88124084472656,-69.75273132324219
1781099322972839700,86.41283959960937,-83.79476928710938,133.1284942626953,-69.52487182617188
1781099323014012700,86.4540126953125,-83.31396484375,133.35011291503906,-69.51762390136719
1781099323055182300,86.49518237304687,-82.04751586914062,133.88014221191406,-69.08786010742188
1781099323096352300,86.53635229492187,-81.06182861328125,133.96656799316406,-68.86709594726562
1781099323137524500,86.5775244140625,-80.09037780761719,133.75221252441406,-68.38128662109375
1781099323178696400,86.61869653320312,-78.95379638671875,133.5675506591797,-68.28701782226562
1781099323219868400,86.65986840820312,-78.11418151855469,133.1958465576172,-68.48997497558594
1781099323261036300,86.70103637695313,-77.68966674804688,132.73223876953125,-68.60733032226562
1781099323302204400,86.74220434570313,-76.65467834472656,132.4342041015625,-68.49967956542969
1781099323343373300,86.78337329101562,-76.84423828125,131.80856323242188,-68.4720458984375
1781099323384542200,86.82454223632813,-77.1796875,131.59312438964844,-68.2750244140625
1781099323425711400,86.86571142578126,-77.70565795898438,131.2018585205078,-68.55795288085938
1781099323466879500,86.90687939453124,-78.53923034667969,131.2765350341797,-68.49507141113281
1781099323508048400,86.94804833984375,-78.80827331542969,131.2836151123047,-68.32368469238281
1781099323549220400,86.98922045898438,-78.70684814453125,131.44407653808594,-67.99810791015625
1781099323590393300,87.03039331054687,-78.30781555175781,131.62686157226562,-67.6981201171875
1781099323631564300,87.07156420898437,-78.07481384277344,131.944580078125,-67.32234191894531
1781099323672732400,87.112732421875,-77.74305725097656,131.54527282714844,-67.3193359375
1781099323713900300,87.153900390625,-77.73200988769531,131.263427734375,-67.26887512207031
1781099323755071500,87.19507153320312,-77.71394348144531,130.81715393066406,-67.04586791992188
1781099323796241400,87.23624145507813,-77.63264465332031,131.37173461914062,-66.46383666992188
1781099323837410600,87.27741064453124,-77.59579467773438,131.68988037109375,-66.556640625
1781099323878578400,87.31857836914062,-76.949462890625,131.74745178222656,-66.8602294921875
1781099323919746300,87.35974633789063,-76.75248718261719,131.26649475097656,-66.87828063964844
1781099323960913400,87.40091333007813,-76.44151306152344,130.78668212890625,-67.03155517578125
1781099324002085400,87.44208544921875,-76.33894348144531,130.5909881591797,-67.36109924316406
1781099324043258000,87.48325805664062,-76.61674499511719,130.44769287109375,-67.43101501464844
1781099324084430300,87.52443041992187,-77.10781860351562,130.37454223632812,-67.88186645507812
1781099324125601300,87.56560131835937,-77.36380004882812,130.14895629882812,-67.84693908691406
1781099324166774300,87.60677416992188,-77.28578186035156,130.07073974609375,-67.87396240234375
1781099324207948300,87.6479482421875,-76.99688720703125,129.76425170898438,-67.94975280761719
1781099324249119200,87.689119140625,-77.21586608886719,129.5127410888672,-67.63668823242188
1781099324290290200,87.73029028320312,-77.38670349121094,129.53378295898438,-67.48204040527344
1781099324331462100,87.77146215820312,-77.35836791992188,129.5714569091797,-67.31350708007812
1781099324372632300,87.81263232421875,-76.418212890625,129.1508331298828,-67.25688171386719
1781099324413804300,87.85380419921874,-76.07209777832031,128.62310791015625,-67.38862609863281
1781099324454976300,87.89497631835937,-75.87803649902344,128.35438537597656,-67.54487609863281
1781099324496147200,87.93614721679687,-75.64483642578125,127.36700439453125,-67.95465087890625
1781099324537317400,87.9773173828125,-75.77694702148438,126.36314392089844,-68.29888916015625
1781099324578488000,88.01848803710938,-76.47389221191406,125.86674499511719,-68.38142395019531
1781099324619660000,88.05965991210938,-76.97723388671875,124.92204284667969,-68.14187622070312
1781099324660828200,88.100828125,-77.64488220214844,124.1412353515625,-67.72280883789062
1781099324702000000,88.14200024414062,-78.42019653320312,124.23222351074219,-67.20982360839844
1781099324743173000,88.18317309570313,-78.385009765625,124.31784057617188,-66.63186645507812
1781099324784345000,88.22434497070313,-78.62849426269531,124.02606201171875,-66.0596923828125
1781099324825515300,88.26551538085937,-78.44676208496094,124.6229248046875,-65.7164306640625
1781099324866685200,88.30668530273438,-78.885009765625,124.90794372558594,-65.74740600585938
1781099324907854300,88.34785424804687,-79.40782165527344,125.31867980957031,-66.05625915527344
1781099324949024300,88.38902416992188,-78.8453369140625,125.84689331054688,-65.79708862304688
1781099324990196200,88.4301962890625,-79.13525390625,125.71694946289062,-65.77665710449219
1781099325031364400,88.4713642578125,-79.25404357910156,126.22196960449219,-65.83522033691406
1781099325072536600,88.51253662109374,-79.98612976074219,126.20951843261719,-65.9364013671875
1781099325113712400,88.55371240234375,-80.77861022949219,126.39558410644531,-66.2510986328125
1781099325154885400,88.59488549804688,-81.00828552246094,126.39860534667969,-65.69026184082031
1781099325196057300,88.63605737304688,-80.66691589355469,127.15777587890625,-65.04153442382812
1781099325237228300,88.67722827148438,-80.86859130859375,127.95399475097656,-64.983154296875
1781099325278400500,88.718400390625,-80.22608947753906,128.21702575683594,-65.76765441894531
1781099325319572500,88.75957250976562,-79.49507141113281,128.66807556152344,-66.26730346679688
1781099325360744400,88.80074438476562,-79.11190795898438,129.13668823242188,-66.48101806640625
1781099325401914400,88.84191430664063,-78.39549255371094,129.6878662109375,-66.32463073730469
1781099325443084500,88.88308447265625,-78.11785888671875,129.746826171875,-66.03565979003906
1781099325484252400,88.92425244140625,-77.15835571289062,129.79759216308594,-66.04661560058594
1781099325525423400,88.96542333984375,-76.31782531738281,128.93040466308594,-66.91145324707031
1781099325566595300,89.00659521484376,-75.92845153808594,127.81001281738281,-66.72819519042969
1781099325607767300,89.04776733398438,-76.51664733886719,127.30900573730469,-66.5162353515625
1781099325648941300,89.08894140625,-76.75357055664062,126.61903381347656,-66.37837219238281
1781099325690115300,89.130115234375,-77.1673583984375,126.37290954589844,-66.21022033691406
1781099325731290400,89.17129028320312,-77.49282836914062,126.36956787109375,-65.76469421386719
1781099325772463400,89.21246337890625,-77.71542358398438,126.31846618652344,-65.72273254394531
1781099325813635300,89.25363525390625,-78.13978576660156,127.042724609375,-65.53817749023438
1781099325854806500,89.294806640625,-78.24076843261719,127.40998840332031,-65.95645141601562
1781099325895981300,89.33598120117188,-77.9739990234375,127.83090209960938,-66.51483154296875
1781099325937156400,89.37715625,-77.87246704101562,128.12896728515625,-67.22781372070312
1781099325978326300,89.418326171875,-78.04293823242188,128.0563507080078,-67.62925720214844
1781099326019497500,89.45949755859375,-78.79597473144531,127.60443115234375,-67.86619567871094
1781099326060668700,89.50066870117188,-79.24224853515625,127.44172668457031,-67.95013427734375
1781099326101841700,89.54184155273437,-79.10057067871094,127.27751159667969,-67.352783203125
1781099326143013600,89.583013671875,-79.79629516601562,127.77120971679688,-66.242919921875
1781099326184186600,89.6241865234375,-79.42367553710938,127.85017395019531,-65.83103942871094
1781099326225356800,89.66535668945312,-78.8712158203125,128.2963104248047,-65.4761962890625
1781099326266528500,89.70652856445312,-78.29637145996094,127.92832946777344,-64.91140747070312
1781099326307701800,89.74770166015625,-77.65988159179688,127.81234741210938,-64.34800720214844
1781099326348871700,89.78887158203125,-77.73114013671875,127.61367797851562,-64.08157348632812
1781099326390041900,89.83004174804688,-77.12590026855469,127.0062255859375,-64.52458190917969
1781099326431212500,89.87121264648438,-77.34112548828125,125.99020385742188,-65.2222900390625
1781099326472386600,89.91238647460938,-77.86647033691406,125.61412048339844,-65.27833557128906
1781099326513559800,89.95355981445313,-79.12850952148438,124.96000671386719,-66.03065490722656
1781099326554735600,89.99473559570312,-80.29515075683594,124.92381286621094,-66.42204284667969
1781099326595909600,90.03590966796875,-81.40347290039062,125.22404479980469,-66.42768859863281
1781099326637083600,90.07708374023437,-82.31483459472656,126.23539733886719,-66.63352966308594
1781099326678258700,90.1182587890625,-82.41598510742188,127.79158020019531,-67.27273559570312
1781099326719433700,90.15943383789063,-82.01820373535156,128.0874786376953,-67.88804626464844
1781099326760604700,90.20060473632813,-82.721923828125,129.02444458007812,-68.19482421875
1781099326801774800,90.24177490234375,-82.52195739746094,129.66171264648438,-68.23721313476562
1781099326842943700,90.28294384765626,-82.30348205566406,131.20115661621094,-68.23075866699219
1781099326884113700,90.32411376953125,-81.27464294433594,131.12437438964844,-68.54205322265625
1781099326925284600,90.36528466796875,-79.946044921875,130.8483428955078,-68.83305358886719
1781099326966456600,90.40645654296875,-79.78117370605469,130.52932739257812,-68.7425537109375
1781099327007628800,90.44762890625,-79.51176452636719,130.3223419189453,-69.050537109375
1781099327048800300,90.48880029296875,-80.30712890625,129.71139526367188,-68.6961669921875
1781099327089968400,90.52996850585937,-80.29672241210938,129.05813598632812,-68.30354309082031
1781099327131138300,90.57113818359375,-81.01045227050781,129.25120544433594,-67.25344848632812
1781099327172311300,90.61231127929688,-81.14683532714844,129.5625457763672,-67.26005554199219
1781099327213482500,90.653482421875,-80.82418823242188,129.65394592285156,-67.43658447265625
1781099327254653200,90.69465307617187,-80.24205017089844,129.7960205078125,-67.25436401367188
1781099327295825200,90.7358251953125,-80.73712158203125,130.1746368408203,-66.97760009765625
1781099327336996400,90.77699633789062,-82.03990173339844,130.96202087402344,-66.25480651855469
1781099327378166500,90.81816650390626,-81.60993957519531,131.7215576171875,-65.60482788085938
1781099327419338200,90.85933813476562,-81.02772521972656,131.97035217285156,-65.84616088867188
1781099327460514300,90.90051440429687,-80.28260803222656,132.2623748779297,-66.53919982910156
1781099327501687300,90.94168725585938,-79.28219604492188,132.59548950195312,-67.46841430664062
1781099327542858200,90.98285815429688,-78.36764526367188,131.9080047607422,-68.52693176269531
1781099327584029400,91.02402954101562,-78.83665466308594,130.9749298095703,-68.94438171386719
1781099327625199400,91.06519946289062,-79.08882141113281,130.24005126953125,-69.01910400390625
1781099327666370300,91.10637036132813,-79.78509521484375,129.9528045654297,-68.63960266113281
1781099327707542500,91.14754248046874,-80.52485656738281,129.93177795410156,-67.93202209472656
1781099327748715500,91.18871557617187,-80.07958984375,129.89463806152344,-67.35470581054688
1781099327789887500,91.22988745117188,-79.523193359375,130.0810546875,-66.82681274414062
1781099327831057400,91.27105737304687,-79.13320922851562,130.10218811035156,-66.29864501953125
1781099327872226300,91.31222631835938,-78.70779418945312,129.82057189941406,-66.12031555175781
1781099327913399300,91.3533994140625,-78.71534729003906,129.50448608398438,-65.98686218261719
1781099327954569200,91.3945693359375,-78.67918395996094,129.09716796875,-65.80838012695312
1781099327995740400,91.43574047851563,-78.99774169921875,128.67022705078125,-65.62356567382812
1781099328036911000,91.4769111328125,-79.31427001953125,128.6953582763672,-65.08311462402344
1781099328078082000,91.51808203125,-79.50808715820312,128.5517120361328,-64.94979858398438
1781099328119254000,91.55925390625,-79.82711791992188,128.7779541015625,-64.60769653320312
1781099328160423200,91.60042309570312,-79.60250854492188,129.1155548095703,-64.09620666503906
1781099328201596000,91.64159594726563,-78.67633056640625,130.21775817871094,-63.64935302734375
1781099328242771000,91.68277099609375,-77.51943969726562,130.34939575195312,-63.76972961425781
1781099328283946000,91.72394604492187,-76.86265563964844,130.20269775390625,-63.6993408203125
1781099328325119000,91.76511889648438,-75.82330322265625,130.3560791015625,-63.84883117675781
1781099328366288000,91.80628784179687,-75.38737487792969,130.94921875,-64.13900756835938
1781099328407460000,91.84746020507812,-74.68824768066406,131.34384155273438,-64.21403503417969
1781099328448631000,91.88863110351562,-73.42807006835938,132.43862915039062,-64.82382202148438
1781099328489805000,91.92980517578125,-71.46778869628906,132.4175567626953,-66.3216552734375
1781099328530981000,91.97098120117188,-69.81217956542969,131.7283477783203,-68.41897583007812
1781099328572157000,92.01215698242187,-70.51255798339844,129.89527893066406,-69.74452209472656
1781099328613330000,92.05332983398438,-71.74885559082031,127.17904663085938,-70.45443725585938
1781099328654504000,92.09450390625,-73.33650207519531,125.88969421386719,-70.43162536621094
1781099328695679000,92.13567895507812,-75.35795593261719,125.07931518554688,-70.52351379394531
1781099328736852000,92.17685205078125,-76.49029541015625,125.33779907226562,-70.54733276367188
1781099328778025000,92.21802490234376,-77.8050537109375,126.2655029296875,-70.41683959960938
1781099328819199000,92.25919897460938,-78.69979858398438,126.56568908691406,-70.18975830078125
1781099328860373000,92.300373046875,-78.85499572753906,127.10237121582031,-70.50035095214844
1781099328901545000,92.341544921875,-79.16815185546875,126.91123962402344,-70.86599731445312
1781099328942722000,92.38272216796875,-78.95368957519531,127.3289794921875,-70.52874755859375
1781099328983897000,92.42389697265625,-79.27458190917969,126.18080139160156,-71.16424560546875
1781099329025072000,92.46507202148437,-78.8778076171875,125.2747802734375,-71.46652221679688
1781099329066247200,92.5062470703125,-78.88055419921875,124.08627319335938,-71.59278869628906
1781099329107418400,92.54741845703126,-79.84431457519531,122.885986328125,-71.4166259765625
1781099329148588300,92.58858837890625,-81.48336791992188,122.19831848144531,-70.90484619140625
1781099329189762000,92.62976196289063,-82.07151794433594,121.60687255859375,-70.49371337890625
1781099329230937300,92.67093725585937,-81.73970031738281,121.32044982910156,-69.41084289550781
1781099329272112000,92.71211206054687,-82.28628540039062,121.15232849121094,-68.16343688964844
1781099329313286400,92.75328637695313,-82.29924011230469,122.3404541015625,-67.17958068847656
1781099329354458000,92.7944580078125,-81.43254089355469,122.43426513671875,-67.29733276367188
1781099329395630000,92.83563012695312,-80.00569152832031,122.75372314453125,-67.45394897460938
1781099329436802000,92.87680200195312,-79.2525634765625,122.39981079101562,-67.92605590820312
1781099329477975000,92.91797509765625,-78.91427612304688,122.48800659179688,-68.62152099609375
1781099329519146200,92.95914624023438,-79.74362182617188,122.34805297851562,-69.2962646484375
1781099329560319200,93.0003193359375,-81.3289794921875,121.96974182128906,-69.33708190917969
1781099329601491200,93.0414912109375,-83.91581726074219,121.85458374023438,-68.86170959472656
1781099329642663200,93.0826630859375,-86.31796264648438,122.480712890625,-67.86167907714844
1781099329683836200,93.12383618164063,-88.74627685546875,124.72964477539062,-66.65757751464844
1781099329725008100,93.16500805664063,-89.43846130371094,126.87361145019531,-66.11729431152344
1781099329766181000,93.20618115234375,-88.7825927734375,129.8791046142578,-66.25698852539062
1781099329807355100,93.24735522460938,-87.28829956054688,132.36817932128906,-67.26786804199219
1781099329848526300,93.2885263671875,-84.85804748535156,134.332763671875,-68.28457641601562
1781099329889701000,93.329701171875,-83.45552062988281,135.63328552246094,-68.95208740234375
1781099329930876200,93.37087622070312,-81.70344543457031,136.84783935546875,-70.79254150390625
1781099329972050200,93.41205029296874,-80.10833740234375,137.72120666503906,-72.33541870117188
1781099330013223200,93.45322314453125,-79.58375549316406,138.1684112548828,-73.66642761230469
1781099330054398700,93.49439868164062,-78.92990112304688,138.68406677246094,-74.55789184570312
1781099330095571700,93.53557177734375,-77.30416870117188,138.92681884765625,-75.79875183105469
1781099330136743700,93.57674365234375,-75.29971313476562,138.68655395507812,-77.18423461914062
1781099330177916000,93.617916015625,-72.6142578125,137.98788452148438,-79.15078735351562
1781099330219086800,93.6590869140625,-70.3009033203125,136.38829040527344,-81.04556274414062
1781099330260257800,93.7002578125,-69.31227111816406,131.94876098632812,-82.85469055175781
1781099330301429800,93.7414296875,-69.79522705078125,127.37617492675781,-82.21589660644531
1781099330342601700,93.78260180664063,-72.31491088867188,123.3018798828125,-79.92391967773438
1781099330383774700,93.82377465820312,-74.89637756347656,122.12435913085938,-76.7894287109375
1781099330424949800,93.86494970703124,-76.60275268554688,122.68072509765625,-73.58711242675781
1781099330466122000,93.9061220703125,-76.46945190429688,124.80082702636719,-71.96026611328125
1781099330507292700,93.94729272460937,-76.18721008300781,127.83641052246094,-70.82565307617188
1781099330548465000,93.98846484375,-74.98393249511719,131.86761474609375,-72.06965637207031
1781099330589636900,94.02963696289062,-73.76119995117188,134.9579620361328,-74.99398803710938
1781099330630810600,94.070810546875,-72.27125549316406,136.45411682128906,-79.07591247558594
1781099330671985000,94.11198486328125,-72.02836608886719,135.693359375,-82.97039794921875
1781099330713159000,94.15315893554687,-71.58734130859375,133.46359252929688,-87.00068664550781
1781099330754332000,94.19433178710938,-72.724365234375,130.68211364746094,-89.182373046875
1781099330795505000,94.2355048828125,-74.36122131347656,127.611083984375,-91.20262145996094
1781099330836676900,94.2766767578125,-75.95304870605469,124.60232543945312,-91.79731750488281
1781099330877849900,94.31784985351563,-79.13787841796875,121.66786193847656,-91.28720092773438
1781099330919021800,94.35902172851563,-82.24786376953125,120.67874145507812,-89.78140258789062
1781099330960194800,94.40019482421874,-83.54766845703125,120.27865600585938,-88.04978942871094
1781099331001367800,94.44136791992187,-84.716796875,120.50613403320312,-85.97642517089844
1781099331042537200,94.482537109375,-84.09553527832031,121.31076049804688,-83.83671569824219
1781099331083708200,94.52370825195312,-81.98475646972656,122.42556762695312,-82.98497009277344
1781099331124880100,94.56488012695313,-80.37687683105469,122.27420043945312,-82.43701171875
1781099331166052000,94.60605200195313,-78.46783447265625,121.14460754394531,-81.83705139160156
1781099331207223300,94.64722338867188,-76.61921691894531,119.91798400878906,-80.52705383300781
1781099331248394000,94.68839404296875,-75.718505859375,118.70982360839844,-79.15960693359375
1781099331289563100,94.72956323242188,-75.41897583007812,117.89735412597656,-77.05340576171875
1781099331330733000,94.77073315429688,-74.67961120605469,118.55586242675781,-74.71954345703125
1781099331371903200,94.8119033203125,-74.45912170410156,119.4420166015625,-73.72291564941406
1781099331413075200,94.8530751953125,-73.32344055175781,121.02128601074219,-73.79351806640625
1781099331454244000,94.894244140625,-72.71714782714844,122.27778625488281,-74.30984497070312
1781099331495414000,94.9354140625,-71.90376281738281,122.95289611816406,-75.55471801757812
1781099331536582100,94.97658203125,-71.06752014160156,122.44287109375,-76.33668518066406
1781099331577752000,95.017751953125,-69.79875183105469,121.95526123046875,-76.251220703125
1781099331618921000,95.0589208984375,-69.69648742675781,121.42506408691406,-76.81526184082031
1781099331660091100,95.10009106445312,-69.45692443847656,121.35133361816406,-78.41911315917969
1781099331701261000,95.14126098632812,-69.54412841796875,121.54415893554688,-79.59043884277344
1781099331742432000,95.18243188476562,-69.55831909179688,120.40275573730469,-81.80488586425781
1781099331783601200,95.22360107421875,-69.91371154785156,118.61695861816406,-82.80258178710938
1781099331824770300,95.26477026367188,-71.44792175292969,116.90296936035156,-82.66609191894531
1781099331865940000,95.30593994140625,-72.69902038574219,115.63798522949219,-82.11338806152344
1781099331907110100,95.34711010742187,-74.74702453613281,115.48187255859375,-81.23768615722656
1781099331948278300,95.3882783203125,-76.94857788085938,116.218017578125,-80.36344909667969
1781099331989449000,95.42944897460937,-77.8297119140625,118.33969116210938,-79.81889343261719
1781099332030621000,95.47062084960938,-76.93937683105469,120.7442626953125,-79.181640625
1781099332071789800,95.51178979492188,-74.79335021972656,121.72003173828125,-79.00830078125
1781099332112959700,95.55295971679688,-71.943115234375,120.58421325683594,-79.236572265625
1781099332154131700,95.59413159179688,-70.197998046875,117.50741577148438,-79.2274169921875
1781099332195301600,95.63530151367188,-69.79460144042969,114.05180358886719,-77.73721313476562
1781099332236475600,95.6764755859375,-71.42861938476562,112.65876770019531,-74.07005310058594
1781099332277648600,95.71764868164063,-72.54290771484375,113.17536926269531,-71.11856079101562
1781099332318820600,95.75882055664063,-73.41226196289062,115.71788024902344,-69.0606689453125
1781099332359990500,95.79999047851562,-72.77369689941406,119.60621643066406,-68.46005249023438
1781099332401162800,95.84116284179687,-72.36537170410156,122.94078063964844,-68.90827941894531
1781099332442338800,95.8823388671875,-72.18020629882812,125.78448486328125,-70.43438720703125
1781099332483514600,95.9235146484375,-70.91085815429688,129.46649169921875,-71.94696044921875
1781099332524691500,95.96469140625,-68.91488647460938,132.74961853027344,-74.06556701660156
1781099332565866800,96.00586669921876,-65.8338623046875,135.7795867919922,-76.16865539550781
1781099332607036700,96.04703662109375,-62.76203918457031,138.25686645507812,-79.41557312011719
1781099332648204500,96.08820458984376,-59.390472412109375,140.2714080810547,-83.17958068847656
1781099332689374700,96.12937475585937,-55.2867431640625,141.31431579589844,-87.98088073730469
1781099332730545400,96.17054541015625,-51.54649353027344,140.32225036621094,-92.51376342773438
1781099332771718700,96.21171875,-47.82806396484375,136.2650604248047,-97.49203491210938
1781099332812890600,96.252890625,-44.49864196777344,130.8559112548828,-101.30905151367188
1781099332854067500,96.2940673828125,-43.37638854980469,123.3240966796875,-104.59811401367188
1781099332895235600,96.33523559570312,-45.7371826171875,114.4798583984375,-105.79579162597656
1781099332936403500,96.37640356445313,-50.44956970214844,105.86735534667969,-104.11460876464844
1781099332977572600,96.41757250976562,-56.521392822265625,100.57121276855469,-99.29861450195312
1781099333018743600,96.45874365234376,-61.589080810546875,99.25872802734375,-93.54885864257812
1781099333059915300,96.49991528320312,-65.53303527832031,100.61936950683594,-89.05183410644531
1781099333101084200,96.54108422851563,-68.94110107421875,102.3548583984375,-86.82919311523438
1781099333142255400,96.58225537109375,-71.75706481933594,104.52871704101562,-86.0545654296875
1781099333183426300,96.62342626953125,-74.20521545410156,106.28129577636719,-86.18344116210938
1781099333224599300,96.66459936523438,-75.60357666015625,108.35093688964844,-86.40969848632812
1781099333265769200,96.70576928710938,-75.69232177734375,110.384765625,-87.43736267089844
1781099333306942200,96.74694213867187,-74.76210021972656,109.95286560058594,-89.58187866210938
1781099333348112400,96.7881123046875,-75.87344360351562,107.82455444335938,-91.706298828125
1781099333389281300,96.82928125,-78.1900634765625,103.75607299804688,-93.13240051269531
1781099333430452200,96.8704521484375,-81.87538146972656,100.03108215332031,-92.46586608886719
1781099333471623400,96.91162353515625,-83.25349426269531,97.76931762695312,-88.92094421386719
1781099333512793300,96.95279345703125,-84.09321594238281,96.28195190429688,-84.744873046875
1781099333553962200,96.99396215820312,-83.63832092285156,94.88156127929688,-81.39656066894531
1781099333595133200,97.03513330078125,-83.54399108886719,93.00131225585938,-77.90467834472656
1781099333636300300,97.07630029296875,-85.31791687011719,92.09938049316406,-74.08102416992188
1781099333677469200,97.11746923828125,-87.91561889648438,92.39129638671875,-69.96868896484375
1781099333718641400,97.15864135742187,-90.93267822265625,94.44183349609375,-65.31770324707031
1781099333759811300,97.19981127929688,-90.94129943847656,100.12657165527344,-60.94453430175781
1781099333800983600,97.24098364257813,-87.1639404296875,107.29682922363281,-59.64097595214844
1781099333842154200,97.282154296875,-80.91455078125,112.27839660644531,-62.03791809082031
1781099333883325400,97.32332543945313,-75.80374145507812,114.43856811523438,-66.89581298828125
1781099333924495000,97.3644951171875,-71.72544860839844,115.06640625,-71.73773193359375
1781099333965665300,97.40566528320312,-69.20199584960938,112.41615295410156,-76.71708679199219
1781099334006840300,97.44684033203124,-68.55134582519531,108.047119140625,-78.07876586914062
1781099334048010500,97.48801049804688,-68.29319763183594,105.1832275390625,-76.62155151367188
1781099334089179400,97.52917944335937,-67.22860717773438,104.01162719726562,-74.40992736816406
1781099334130348500,97.5703486328125,-65.40364074707031,103.08651733398438,-73.13377380371094
1781099334171517700,97.611517578125,-62.68074035644531,101.77798461914062,-74.38717651367188
1781099334212684300,97.65268432617188,-61.74900817871094,98.38902282714844,-75.6021728515625
1781099334253852700,97.69385278320313,-64.96315002441406,95.19062805175781,-73.8851318359375
1781099334295021600,97.735021484375,-66.45547485351562,94.34515380859375,-70.47244262695312
1781099334336189400,97.776189453125,-67.22879028320312,94.193115234375,-68.37144470214844
1781099334377360600,97.81736059570312,-68.56451416015625,94.86204528808594,-67.00068664550781
1781099334418533600,97.85853369140625,-69.62733459472656,95.50079345703125,-65.97930908203125
1781099334459703600,97.89970361328125,-69.5328369140625,96.32075500488281,-65.83226013183594
1781099334500872700,97.94087280273438,-68.97976684570312,97.37921142578125,-65.54798889160156
1781099334542043400,97.98204345703125,-69.33753967285156,98.75119018554688,-65.57183837890625
1781099334583213600,98.02321362304687,-68.9569091796875,99.10990905761719,-65.85221862792969
1781099334624384500,98.06438452148437,-68.43032836914062,99.82553100585938,-65.93081665039062
1781099334665555500,98.10555541992187,-68.45751953125,99.96995544433594,-65.89505004882812
1781099334706727400,98.1467275390625,-68.31449890136719,99.97334289550781,-66.72994995117188
1781099334747900400,98.187900390625,-67.92059326171875,99.98654174804688,-67.11860656738281
1781099334789071600,98.22907153320313,-67.7508544921875,99.92999267578125,-67.691650390625
1781099334830240500,98.27024047851563,-67.84330749511719,99.80023193359375,-67.88020324707031
1781099334871412500,98.31141259765624,-67.11613464355469,99.72816467285156,-68.43154907226562
1781099334912584400,98.35258447265625,-66.49348449707031,99.8720703125,-68.78944396972656
1781099334953757400,98.39375732421875,-65.71665954589844,99.655029296875,-69.08468627929688
1781099334994929700,98.4349296875,-65.03689575195312,99.072998046875,-69.19059753417969
1781099335036101600,98.4761015625,-63.85791015625,98.63288879394531,-69.44593811035156
1781099335077273900,98.51727392578125,-63.3173828125,98.08438110351562,-69.06587219238281
1781099335118444800,98.55844482421875,-63.885955810546875,97.98677062988281,-68.96563720703125
1781099335159614000,98.59961401367187,-63.95619201660156,97.9056396484375,-69.494140625
1781099335200783600,98.64078369140626,-63.66033935546875,97.39959716796875,-70.02157592773438
1781099335241953000,98.681953125,-64.32058715820312,97.41688537597656,-70.85282897949219
1781099335283119900,98.72311987304687,-64.08087158203125,96.30455017089844,-72.72166442871094
1781099335324287000,98.76428686523437,-64.5091552734375,94.58760070800781,-73.38142395019531
1781099335365457000,98.80545678710938,-65.01258850097656,92.70779418945312,-72.82679748535156
1781099335406627800,98.8466279296875,-66.30360412597656,91.77828979492188,-71.73628234863281
1781099335447801900,98.8878017578125,-67.048095703125,91.44540405273438,-70.14389038085938
1781099335488972800,98.92897290039062,-67.33541870117188,91.7406005859375,-69.13092041015625
1781099335530143700,98.97014379882812,-68.88536071777344,92.00914001464844,-68.47784423828125
1781099335571318000,99.01131811523437,-69.45013427734375,92.35929870605469,-69.2415771484375
1781099335612490000,99.05248999023438,-70.37628173828125,92.79029846191406,-69.48477172851562
1781099335653661700,99.09366162109374,-71.68521118164062,93.92921447753906,-69.97625732421875
1781099335694835000,99.1348349609375,-73.59378051757812,94.91534423828125,-70.98812866210938
1781099335736006700,99.17600659179688,-74.58676147460938,96.02926635742188,-71.93888854980469
1781099335777182000,99.21718188476562,-75.623291015625,96.91072082519531,-72.87791442871094
1781099335818356700,99.25835668945312,-76.26748657226562,97.8995361328125,-73.35157775878906
1781099335859528700,99.29952880859375,-76.19200134277344,98.92039489746094,-73.60276794433594
1781099335900699000,99.34069897460938,-75.96549987792969,100.45524597167969,-74.3271484375
1781099335941869800,99.38186987304688,-75.3707275390625,102.02285766601562,-74.80734252929688
1781099335983039000,99.4230390625,-74.58364868164062,102.8260498046875,-76.32803344726562
1781099336024209000,99.464208984375,-73.17543029785156,102.47761535644531,-78.55564880371094
1781099336065379800,99.5053798828125,-73.17828369140625,101.32408142089844,-79.70773315429688
1781099336106552800,99.546552734375,-74.15339660644531,101.376708984375,-79.40896606445312
1781099336147724000,99.58772412109376,-74.42677307128906,102.75729370117188,-79.20500183105469
1781099336188896000,99.62889599609375,-73.92118835449219,104.68411254882812,-79.65092468261719
1781099336230069800,99.67006982421876,-73.55361938476562,106.24507141113281,-80.45695495605469
1781099336271239700,99.71123974609375,-72.58517456054688,107.03338623046875,-81.943359375
1781099336312412000,99.75241186523438,-72.42486572265625,107.654296875,-83.63481140136719
1781099336353581800,99.79358178710937,-71.55441284179688,108.31709289550781,-84.08502197265625
1781099336394753000,99.8347529296875,-71.12950134277344,108.3216552734375,-84.73228454589844
1781099336435923700,99.875923828125,-70.47483825683594,108.85115051269531,-84.86294555664062
1781099336477090800,99.9170908203125,-69.70722961425781,108.66941833496094,-85.04753112792969
1781099336518261000,99.95826098632813,-69.92448425292969,108.723388671875,-85.75178527832031
1781099336559431700,99.999431640625,-68.89892578125,108.22015380859375,-86.12986755371094
1781099336600600800,100.04060083007812,-69.36093139648438,107.33995056152344,-86.37556457519531
1781099336641770800,100.08177075195313,-69.63609313964844,106.51286315917969,-85.48602294921875
1781099336682941000,100.12294091796875,-69.8095703125,105.32565307617188,-84.60923767089844
1781099336724109800,100.16410986328125,-69.94496154785156,104.67999267578125,-83.28329467773438
1781099336765281000,100.20528100585938,-70.31484985351562,104.45614624023438,-81.48017883300781
1781099336806451000,100.24645092773437,-70.12411499023438,104.26359558105469,-80.20207214355469
1781099336847623000,100.28762280273438,-68.96896362304688,104.7767333984375,-79.3824462890625
1781099336888795000,100.328794921875,-68.48812866210938,105.1800537109375,-78.41146850585938
1781099336929967900,100.3699677734375,-67.60879516601562,105.36909484863281,-78.75190734863281
1781099336971142000,100.41114184570313,-66.77384948730469,105.21614074707031,-79.03067016601562
1781099337012315000,100.45231494140624,-65.92658996582031,105.23431396484375,-79.46417236328125
1781099337053488000,100.49348803710937,-65.86941528320312,104.46766662597656,-80.05624389648438
1781099337094660000,100.53466015625,-65.91085815429688,104.16255187988281,-80.73896789550781
1781099337135832000,100.57583203125,-65.82411193847656,103.38526916503906,-81.04969787597656
1781099337177003800,100.61700366210937,-66.72709655761719,102.91038513183594,-81.12785339355469
1781099337218178000,100.65817797851562,-67.1961669921875,102.3309326171875,-80.698486328125
1781099337259352000,100.69935205078124,-67.76908874511719,101.55726623535156,-80.06607055664062
1781099337300521000,100.74052099609375,-68.50334167480469,101.54620361328125,-79.46705627441406
1781099337341692000,100.78169189453125,-68.79440307617188,100.96871948242188,-79.74298095703125
1781099337382863000,100.82286303710937,-69.40493774414062,100.60969543457031,-79.27180480957031
1781099337424033000,100.86403295898438,-70.28704833984375,101.14494323730469,-78.61799621582031
1781099337465203000,100.90520288085938,-70.25163269042969,101.35015869140625,-78.29109191894531
1781099337506374000,100.94637377929688,-70.76089477539062,101.22727966308594,-78.0443115234375
1781099337547541000,100.987541015625,-71.15328979492188,101.41510009765625,-77.23141479492188
1781099337588710100,101.02871020507813,-71.80574035644531,101.76719665527344,-77.43696594238281
1781099337629880000,101.06988012695312,-72.0484619140625,102.265625,-77.99603271484375
1781099337671048000,101.1110478515625,-71.82041931152344,102.64378356933594,-78.27493286132812
1781099337712218000,101.15221801757812,-72.248779296875,102.72590637207031,-78.65663146972656
1781099337753387000,101.19338696289063,-71.67030334472656,103.12081909179688,-78.97102355957031
1781099337794560000,101.23456005859374,-71.5390625,102.33332824707031,-79.07817077636719
1781099337835731000,101.27573095703124,-71.96150207519531,101.97225952148438,-78.17117309570312
1781099337876900900,101.31690087890625,-72.48597717285156,101.03607177734375,-77.75439453125
1781099337918073900,101.35807397460937,-72.44482421875,100.82424926757812,-76.98538208007812
1781099337959246800,101.39924682617188,-72.7647705078125,100.85990905761719,-75.690185546875
1781099338000419800,101.440419921875,-72.91561889648438,101.0980224609375,-75.04127502441406
1781099338041589200,101.48158935546876,-73.17959594726562,101.78724670410156,-74.37503051757812
1781099338082759200,101.52275927734375,-73.83741760253906,102.88771057128906,-74.25401306152344
1781099338123928300,101.56392822265624,-74.56491088867188,103.8177490234375,-74.42724609375
1781099338165096200,101.60509619140625,-74.26858520507812,104.82643127441406,-74.90925598144531
1781099338206265000,101.64626513671875,-74.12709045410156,105.64260864257812,-75.415771484375
1781099338247435300,101.68743530273437,-73.85061645507812,106.65048217773438,-75.70501708984375
1781099338288606200,101.72860620117187,-73.60723876953125,107.25115966796875,-76.3353271484375
1781099338329774000,101.76977416992187,-73.66775512695312,107.68984985351562,-76.23252868652344
1781099338370945300,101.8109453125,-73.54722595214844,107.88087463378906,-76.610107421875
1781099338412113200,101.85211303710938,-73.37734985351562,108.0693359375,-77.237060546875
1781099338453284400,101.89328442382812,-73.71376037597656,108.25627136230469,-78.2884521484375
1781099338494455300,101.93445532226562,-74.32916259765625,108.50875854492188,-78.58245849609375
1781099338535628300,101.97562817382813,-74.5162353515625,108.42739868164062,-79.06655883789062
1781099338576798200,102.01679809570312,-74.83009338378906,109.00950622558594,-79.61616516113281
1781099338617970200,102.05797021484375,-74.70144653320312,109.046142578125,-80.36129760742188
1781099338659141400,102.09914135742187,-74.37385559082031,108.61024475097656,-80.82505798339844
1781099338700311300,102.14031127929688,-74.25898742675781,107.75146484375,-81.67713928222656
1781099338741482200,102.18148217773438,-73.68287658691406,107.62791442871094,-81.64639282226562
1781099338782650000,102.22265014648437,-73.21421813964844,106.66232299804688,-81.15898132324219
1781099338823821300,102.2638212890625,-72.61669921875,106.06974792480469,-80.61680603027344
1781099338864993300,102.3049931640625,-71.92112731933594,105.67257690429688,-80.69834899902344
1781099338906160400,102.34616040039063,-71.53106689453125,104.94575500488281,-80.04489135742188
1781099338947331000,102.3873310546875,-70.51087951660156,105.27587890625,-79.11854553222656
1781099338988499200,102.42849926757812,-69.72325134277344,105.2755126953125,-78.52806091308594
1781099339029666300,102.46966625976563,-69.67185974121094,104.71174621582031,-77.45956420898438
1781099339070832600,102.51083251953125,-69.30107116699219,103.88113403320312,-77.869384765625
1781099339112001500,102.55200146484376,-69.50277709960938,103.79704284667969,-77.65890502929688
1781099339153168600,102.59316870117188,-69.59660339355469,103.44625854492188,-77.43571472167969
1781099339194335700,102.63433569335938,-69.66419982910156,102.2652587890625,-76.90504455566406
1781099339235503600,102.67550366210938,-70.02601623535156,101.55958557128906,-76.25247192382812
1781099339276675600,102.71667553710938,-70.48503112792969,101.05691528320312,-75.42227172851562
1781099339317848600,102.7578486328125,-71.00105285644531,100.51931762695312,-74.974853515625
1781099339359018800,102.79901879882813,-70.3824462890625,100.15458679199219,-74.10453796386719
1781099339400184600,102.8401845703125,-71.474853515625,100.14530944824219,-73.36863708496094
1781099339441351700,102.8813515625,-70.79106140136719,100.294189453125,-72.37034606933594
1781099339482520800,102.92252075195313,-70.81257629394531,100.57090759277344,-71.62174987792969
1781099339523688700,102.96368872070312,-70.40933227539062,100.21434020996094,-70.51737976074219
1781099339564859600,103.00485961914063,-70.13449096679688,99.95701599121094,-69.79963684082031
1781099339606029800,103.04602978515625,-69.94465637207031,99.302001953125,-69.93431091308594
1781099339647198700,103.08719873046876,-70.05764770507812,99.26348876953125,-69.31935119628906
1781099339688365800,103.12836572265626,-69.59590148925781,99.47625732421875,-69.35072326660156
1781099339729534700,103.16953466796875,-69.20036315917969,99.81407165527344,-69.58486938476562
1781099339770701600,103.21070166015625,-69.21759033203125,100.07426452636719,-69.32337951660156
1781099339811871700,103.25187182617188,-69.154296875,99.8883056640625,-69.99365234375
1781099339853040600,103.29304052734375,-69.65467834472656,100.49769592285156,-70.58036804199219
1781099339894211800,103.3342119140625,-69.531494140625,100.50340270996094,-71.08857727050781
1781099339935381800,103.3753818359375,-69.58087158203125,101.27688598632812,-71.55447387695312
1781099339976549600,103.41654956054687,-69.93914794921875,101.35414123535156,-72.32803344726562
1781099340017720600,103.45772045898437,-71.16780090332031,101.14900207519531,-72.94853210449219
1781099340058892500,103.498892578125,-71.64413452148438,101.37986755371094,-73.55450439453125
1781099340100062700,103.54006274414063,-72.26081848144531,100.84793090820312,-74.29566955566406
1781099340141233700,103.58123364257813,-72.72663879394531,100.6419677734375,-74.97407531738281
1781099340182400800,103.62240087890625,-72.80996704101562,100.39436340332031,-75.82601928710938
1781099340223568600,103.66356860351563,-73.7099609375,101.0172119140625,-75.99711608886719
1781099340264734500,103.704734375,-73.71885681152344,101.58505249023438,-75.65660095214844
1781099340305902600,103.74590258789063,-73.88693237304688,101.69914245605469,-75.6480712890625
1781099340347073500,103.78707348632813,-73.802001953125,102.04948425292969,-75.46705627441406
1781099340388243700,103.82824365234374,-74.39399719238281,101.77888488769531,-75.4583740234375
1781099340429415700,103.86941577148437,-74.22221374511719,102.06864929199219,-76.14335632324219
1781099340470587400,103.91058740234375,-74.3216552734375,102.41685485839844,-76.10807800292969
1781099340511759600,103.95175952148438,-75.297119140625,102.79518127441406,-75.83193969726562
1781099340552929500,103.99292944335937,-75.05703735351562,103.07659912109375,-75.95787048339844
1781099340594101800,104.03410180664062,-74.78193664550781,103.22430419921875,-75.72369384765625
1781099340635274800,104.07527465820313,-75.03958129882812,103.12196350097656,-75.862060546875
1781099340676448500,104.11644848632812,-75.42732238769531,102.97064208984375,-76.09481811523438
1781099340717622500,104.15762255859374,-75.80973815917969,102.93769836425781,-76.09822082519531
1781099340758792700,104.19879272460938,-76.51895141601562,103.45637512207031,-75.77008056640625
1781099340799962600,104.23996264648437,-76.93791198730469,103.63714599609375,-75.66314697265625
1781099340841133600,104.28113354492187,-77.00312805175781,103.81065368652344,-75.89097595214844
1781099340882304800,104.3223046875,-77.0555419921875,103.82554626464844,-76.13973999023438
1781099340923475500,104.36347534179687,-77.3638916015625,103.88581848144531,-76.30937194824219
1781099340964649700,104.40464965820313,-77.23356628417969,104.34074401855469,-76.44660949707031
1781099341005822700,104.44582275390626,-76.73114013671875,104.43190002441406,-76.24880981445312
1781099341046993700,104.48699365234376,-76.63029479980469,105.15867614746094,-75.6298828125
1781099341088167700,104.52816772460938,-76.07247924804688,105.24095153808594,-75.2381591796875
1781099341129340700,104.56934057617187,-75.14814758300781,105.17610168457031,-74.71383666992188
1781099341170509800,104.610509765625,-73.8934326171875,105.12225341796875,-74.091552734375
1781099341211681800,104.65168188476562,-72.9830322265625,104.29104614257812,-74.34062194824219
1781099341252850700,104.6928505859375,-72.24211120605469,103.58549499511719,-74.3565673828125
1781099341294020600,104.7340205078125,-72.18348693847656,102.9090576171875,-74.56741333007812
1781099341335189800,104.77518969726563,-71.81880187988281,102.69633483886719,-74.23960876464844
1781099341376358700,104.81635864257812,-71.19639587402344,102.61453247070312,-74.49859619140625
1781099341417525800,104.85752587890624,-71.27487182617188,102.10064697265625,-74.74812316894531
1781099341458697700,104.89869775390625,-71.59312438964844,101.99139404296875,-74.07696533203125
1781099341499869700,104.93986962890625,-72.61021423339844,101.89076232910156,-73.6932373046875
1781099341541040600,104.98104052734375,-72.93968200683594,102.28614807128906,-73.77197265625
1781099341582211800,105.0222119140625,-72.33615112304688,102.92124938964844,-73.10690307617188
1781099341623381800,105.0633818359375,-73.04632568359375,103.46961975097656,-73.37513732910156
1781099341664551700,105.1045517578125,-72.57034301757812,103.03791809082031,-73.67874145507812
1781099341705721900,105.14572192382812,-73.17964172363281,102.33782958984375,-73.89569091796875
1781099341746892800,105.18689282226562,-73.38714599609375,102.29676818847656,-74.32511901855469
1781099341788063700,105.22806372070312,-74.06890869140625,102.00225830078125,-74.96670532226562
1781099341829235700,105.26923559570312,-74.73666381835938,101.82453918457031,-74.906494140625
1781099341870408700,105.31040869140625,-74.99238586425781,102.32551574707031,-75.18696594238281
1781099341911581700,105.35158178710938,-75.35647583007812,102.92793273925781,-74.58918762207031
1781099341952756700,105.3927568359375,-76.21586608886719,102.4022216796875,-74.36817932128906
1781099341993931800,105.43393188476563,-76.26925659179688,102.66644287109375,-74.35125732421875
1781099342035104800,105.47510473632812,-75.81048583984375,103.19647216796875,-74.62242126464844
1781099342076277500,105.51627758789063,-76.95832824707031,102.53326416015625,-74.7723388671875
1781099342117450500,105.55745043945312,-77.24394226074219,102.59524536132812,-74.56575012207031
1781099342158621200,105.59862109375,-77.08920288085938,102.85696411132812,-74.55767822265625
1781099342199791400,105.63979125976563,-77.78923034667969,102.97750854492188,-74.23396301269531
1781099342240963600,105.68096362304688,-77.88697814941406,104.05299377441406,-74.1182861328125
1781099342282138400,105.72213842773438,-77.77433776855469,104.4039306640625,-73.87617492675781
1781099342323310300,105.76331030273437,-77.56437683105469,105.45773315429688,-73.16537475585938
1781099342364482300,105.804482421875,-77.6375732421875,106.47846984863281,-72.45526123046875
1781099342405648400,105.8456484375,-76.97355651855469,107.0548095703125,-72.32162475585938
1781099342446817300,105.8868173828125,-76.70124816894531,107.45933532714844,-72.37507629394531
1781099342487986400,105.927986328125,-76.26046752929688,108.22412109375,-71.85057067871094
1781099342529155600,105.96915551757813,-75.64582824707031,108.203857421875,-71.98716735839844
1781099342570328600,106.01032861328125,-74.20875549316406,107.82249450683594,-72.57734680175781
1781099342611498200,106.05149829101562,-74.83583068847656,107.71141052246094,-72.35255432128906
1781099342652669400,106.09266943359376,-74.64491271972656,107.89593505859375,-72.91737365722656
1781099342693842400,106.13384252929687,-75.07949829101562,107.66357421875,-73.46697998046875
1781099342735014400,106.17501440429687,-74.51103210449219,108.05265808105469,-73.21212768554688
1781099342776186400,106.21618627929688,-75.00543212890625,107.53756713867188,-73.36445617675781
1781099342817356300,106.25735620117187,-75.16883850097656,106.95735168457031,-73.47073364257812
1781099342858524400,106.2985244140625,-74.5401611328125,106.91874694824219,-73.13728332519531
1781099342899697400,106.33969750976563,-74.30210876464844,106.35311889648438,-72.83848571777344
1781099342940869400,106.38086938476563,-74.46238708496094,106.24314880371094,-72.57528686523438
1781099342982038300,106.42203833007812,-73.50387573242188,105.38568115234375,-72.46524047851562
1781099343023208400,106.46320849609376,-74.06285095214844,104.80422973632812,-72.01199340820312
1781099343064379600,106.50437963867188,-73.60874938964844,105.28134155273438,-72.44903564453125
1781099343105548500,106.54554858398437,-73.39118957519531,105.13348388671875,-73.26487731933594
1781099343146720800,106.586720703125,-73.19471740722656,105.17643737792969,-72.85319519042969
1781099343187892700,106.62789282226562,-73.63027954101562,105.14695739746094,-72.44515991210938
1781099343229061600,106.6690615234375,-74.40443420410156,105.04161071777344,-71.95851135253906
1781099343270232600,106.71023266601563,-75.1534423828125,103.75953674316406,-71.5267333984375
1781099343311404500,106.75140454101563,-75.49336242675781,103.16513061523438,-71.18778991699219
1781099343352575500,106.79257543945313,-75.69363403320312,103.7154541015625,-70.81167602539062
1781099343393742600,106.83374267578125,-76.16249084472656,104.08108520507812,-70.16494750976562
1781099343434909700,106.87490966796875,-75.28250122070312,104.68182373046875,-69.40455627441406
1781099343476077600,106.91607763671875,-74.14434814453125,105.3663330078125,-68.7039794921875
1781099343517247700,106.95724780273437,-73.30252075195312,105.51373291015625,-68.46101379394531
1781099343558415600,106.99841552734375,-72.26031494140625,104.46514892578125,-68.62689208984375
1781099343599581400,107.03958154296875,-72.07929992675781,103.30474853515625,-68.40736389160156
1781099343640749600,107.08074951171875,-71.40420532226562,102.68278503417969,-66.87677001953125
1781099343681917700,107.12191772460938,-70.60598754882812,102.32402038574219,-64.74943542480469
1781099343723088400,107.16308837890625,-68.32087707519531,102.17109680175781,-61.81556701660156
1781099343764259600,107.20425952148437,-66.35871887207031,100.79702758789062,-58.9678955078125
1781099343805430500,107.24543041992187,-65.92558288574219,99.65708923339844,-56.28724670410156
1781099343846602800,107.28660278320312,-64.85003662109375,97.51800537109375,-57.86439514160156
1781099343887773400,107.3277734375,-65.632568359375,97.05807495117188,-57.09788513183594
1781099343928944600,107.36894458007812,-64.62504577636719,97.29960632324219,-58.44366455078125
1781099343970113500,107.41011352539063,-64.67764282226562,96.63168334960938,-58.95426940917969
1781099344011287800,107.45128784179687,-66.65525817871094,94.35238647460938,-58.41864013671875
1781099344052456000,107.4924560546875,-69.49325561523438,91.88775634765625,-57.20722961425781
1781099344093623800,107.53362377929687,-73.07608032226562,90.67890930175781,-56.139434814453125
1781099344134795000,107.574794921875,-78.18107604980469,91.44747924804688,-54.17594909667969
1781099344175965000,107.61596484375,-82.0224609375,94.42024230957031,-53.1075439453125
1781099344217135900,107.65713598632813,-82.58158874511719,99.61808776855469,-53.021453857421875
1781099344258310000,107.69830981445313,-81.76164245605469,104.88145446777344,-54.72251892089844
1781099344299479800,107.73947973632812,-80.83984375,108.51176452636719,-57.44151306152344
1781099344340649700,107.78064965820313,-79.05426025390625,110.95831298828125,-60.347381591796875
1781099344381819000,107.82181884765625,-77.77626037597656,112.33456420898438,-62.96290588378906
1781099344422990800,107.86299096679687,-77.20280456542969,112.75515747070312,-65.46131896972656
1781099344464161000,107.9041611328125,-77.34956359863281,112.47030639648438,-66.08854675292969
1781099344505334800,107.94533471679688,-77.71772766113281,113.36444091796875,-65.76571655273438
1781099344546512000,107.98651196289063,-77.41664123535156,115.79202270507812,-65.53878784179688
1781099344587682800,108.02768286132813,-75.56814575195312,118.36732482910156,-66.04058837890625
1781099344628854800,108.06885473632812,-73.63754272460938,119.426025390625,-67.37522888183594
1781099344670025700,108.11002563476562,-71.6964111328125,119.69549560546875,-69.55935668945312
1781099344711198700,108.15119873046875,-70.97581481933594,119.72442626953125,-71.60299682617188
1781099344752374000,108.1923740234375,-69.63385009765625,118.19683837890625,-73.16200256347656
1781099344793548800,108.233548828125,-70.013916015625,115.72032165527344,-73.60867309570312
1781099344834724900,108.27472485351562,-71.24853515625,113.00407409667969,-72.23147583007812
1781099344875900000,108.31589990234374,-72.504638671875,111.14892578125,-70.99797058105469
1781099344917073000,108.35707299804687,-73.59060668945312,108.80947875976562,-68.51681518554688
1781099344958245600,108.39824560546874,-74.89193725585938,108.17138671875,-65.98448181152344
1781099344999417900,108.43941796875,-75.14208984375,108.17637634277344,-63.15299987792969
1781099345040590800,108.4805908203125,-75.46842956542969,109.8853759765625,-60.37940979003906
1781099345081765400,108.52176538085938,-75.28025817871094,110.6514892578125,-58.852935791015625
1781099345122937300,108.56293725585938,-74.15626525878906,111.10957336425781,-58.221038818359375
1781099345164110300,108.6041103515625,-73.00932312011719,111.03961181640625,-58.11521911621094
1781099345205282600,108.64528247070312,-72.78184509277344,109.5804443359375,-58.259490966796875
1781099345246456300,108.68645629882812,-72.84074401855469,108.94486999511719,-56.961669921875
1781099345287631600,108.72763159179688,-72.33782958984375,108.2828369140625,-56.70521545410156
1781099345328806400,108.76880639648438,-72.28079223632812,108.53623962402344,-55.863128662109375
1781099345369980700,108.80998071289062,-72.28001403808594,108.908935546875,-54.098236083984375
1781099345411155500,108.85115551757812,-71.79238891601562,110.49655151367188,-53.13572692871094
1781099345452327400,108.89232739257812,-69.36109924316406,112.20982360839844,-53.54734802246094
1781099345493498600,108.93349853515625,-66.93446350097656,113.21034240722656,-55.10881042480469
1781099345534671600,108.97467163085938,-66.05598449707031,113.98016357421875,-57.34690856933594
1781099345575842300,109.01584228515625,-64.89985656738281,114.210205078125,-60.70375061035156
1781099345617013500,109.05701342773438,-64.28706359863281,114.19932556152344,-63.15306091308594
1781099345658183700,109.09818359375,-64.48184204101562,113.71388244628906,-65.44969177246094
1781099345699357400,109.139357421875,-65.68110656738281,113.5574951171875,-67.55087280273438
1781099345740531500,109.18053149414062,-67.99382019042969,114.20547485351562,-69.615966796875
1781099345781706500,109.22170654296875,-70.81167602539062,116.26358032226562,-70.8505859375
1781099345822879500,109.26287939453125,-71.36770629882812,119.56222534179688,-72.91719055175781
1781099345864051500,109.30405151367188,-70.853271484375,122.17439270019531,-76.13153076171875
1781099345905223400,109.34522338867187,-69.38198852539062,122.50564575195312,-79.10983276367188
1781099345946394400,109.38639428710937,-68.65483093261719,121.34219360351562,-81.11235046386719
1781099345987568400,109.427568359375,-69.8699951171875,120.30668640136719,-82.90110778808594
1781099346028742700,109.46874267578124,-71.43730163574219,119.81462097167969,-83.75732421875
1781099346069917200,109.50991723632812,-72.122314453125,120.27116394042969,-83.31454467773438
1781099346111091200,109.55109130859375,-71.74430847167969,120.65982055664062,-82.51957702636719
1781099346152265200,109.59226513671875,-70.25959777832031,121.36585998535156,-81.722900390625
1781099346193441300,109.63344116210938,-68.90406799316406,122.3173828125,-80.84001159667969
1781099346234617300,109.67461743164063,-66.27252197265625,123.47776794433594,-80.83551025390625
1781099346275789300,109.71578930664063,-63.280181884765625,122.67790222167969,-82.01435852050781
1781099346316962300,109.75696240234375,-62.4730224609375,121.04130554199219,-83.38697814941406
1781099346358133200,109.79813330078125,-63.70460510253906,119.32560729980469,-84.73567199707031
1781099346399305200,109.83930517578125,-66.70198059082031,117.49111938476562,-84.48481750488281
1781099346440477200,109.88047729492187,-67.46308898925781,118.34367370605469,-83.56546020507812
1781099346481649200,109.92164916992188,-66.85372924804688,119.3416748046875,-82.73234558105469
1781099346522820400,109.9628203125,-65.78897094726562,119.629150390625,-82.395751953125
1781099346563990000,110.00398999023437,-64.12263488769531,119.20655822753906,-82.21421813964844
1781099346605159200,110.0451591796875,-62.931060791015625,117.7501220703125,-82.82878112792969
1781099346646328300,110.08632836914063,-63.449920654296875,114.96501159667969,-83.06954956054688
1781099346687498000,110.127498046875,-66.30116271972656,112.70039367675781,-81.86653137207031
1781099346728672300,110.16867236328125,-68.9981689453125,111.4852294921875,-79.32174682617188
1781099346769848000,110.20984814453125,-69.82757568359375,112.05709838867188,-76.26461791992188
1781099346811021300,110.25102124023438,-69.14088439941406,113.47630310058594,-74.30174255371094
1781099346852193000,110.29219311523437,-67.84394836425781,113.43890380859375,-74.66902160644531
1781099346893367300,110.3333671875,-66.67172241210938,113.01937866210938,-75.76231384277344
1781099346934545200,110.37454516601562,-66.66682434082031,110.94163513183594,-76.30848693847656
1781099346975721200,110.41572119140625,-67.31407165527344,110.18392944335938,-74.61204528808594
1781099347016896300,110.45689624023437,-68.46266174316406,108.50529479980469,-73.12611389160156
1781099347058071300,110.4980712890625,-69.45913696289062,107.16525268554688,-71.4940185546875
1781099347099247400,110.53924731445312,-70.10783386230469,106.40310668945312,-69.44679260253906
1781099347140424400,110.58042456054687,-70.90864562988281,105.40292358398438,-67.390869140625
1781099347181598500,110.62159838867187,-72.19145202636719,105.05186462402344,-65.64093017578125
1781099347222770400,110.6627705078125,-72.14677429199219,105.24055480957031,-64.30580139160156
1781099347263945200,110.7039453125,-71.80532836914062,105.60650634765625,-63.477813720703125
1781099347305118500,110.74511840820313,-71.87336730957031,105.83175659179688,-63.05360412597656
1781099347346289400,110.78628930664063,-72.31904602050781,106.06272888183594,-62.51716613769531
1781099347387462400,110.82746240234376,-71.8209228515625,106.25430297851562,-62.27983093261719
1781099347428638500,110.86863842773438,-72.15579223632812,107.04220581054688,-61.302581787109375
1781099347469813200,110.90981323242187,-71.62599182128906,108.08018493652344,-61.070220947265625
1781099347510987500,110.95098754882812,-71.68006896972656,109.00312805175781,-61.227020263671875
1781099347552162300,110.99216235351562,-71.81462097167969,109.13023376464844,-61.475616455078125
1781099347593337600,111.03333764648437,-71.53598022460938,109.44981384277344,-62.18377685546875
1781099347634511400,111.07451147460938,-71.69635009765625,109.19969177246094,-63.191650390625
1781099347675685400,111.11568530273438,-72.08261108398438,108.94172668457031,-64.05448913574219
1781099347716861400,111.156861328125,-73.22792053222656,108.81251525878906,-64.93087768554688
1781099347758034400,111.19803442382812,-74.21412658691406,109.489013671875,-65.49383544921875
1781099347799209500,111.23920947265626,-74.67344665527344,110.33352661132812,-66.41456604003906
1781099347840382500,111.28038256835937,-75.43484497070312,111.36700439453125,-67.50776672363281
1781099347881554400,111.32155444335937,-75.92350769042969,112.5135498046875,-68.95231628417969
1781099347922728400,111.362728515625,-76.25703430175781,113.67543029785156,-70.33885192871094
1781099347963900700,111.40390063476562,-76.27110290527344,114.507080078125,-72.11082458496094
1781099348005072400,111.445072265625,-76.23507690429688,115.20269775390625,-73.39666748046875
1781099348046243300,111.48624340820312,-76.45706176757812,114.9329833984375,-75.25456237792969
1781099348087417300,111.52741723632812,-76.80574035644531,113.57740783691406,-76.09593200683594
1781099348128590300,111.56859033203125,-77.11534118652344,112.44700622558594,-76.27601623535156
1781099348169762000,111.60976196289063,-78.5009765625,111.64085388183594,-76.45510864257812
1781099348210929200,111.65092919921875,-79.64462280273438,110.32925415039062,-75.88310241699219
1781099348252097300,111.69209716796875,-79.75697326660156,109.53762817382812,-75.22779846191406
1781099348293270300,111.73327026367187,-80.66644287109375,109.16497802734375,-73.92210388183594
1781099348334441200,111.77444116210937,-80.56660461425781,109.53106689453125,-72.82583618164062
1781099348375615200,111.815615234375,-81.0399169921875,109.6575927734375,-72.07626342773438
1781099348416788200,111.85678833007813,-81.53875732421875,109.76313781738281,-71.72540283203125
1781099348457963300,111.89796337890625,-81.18159484863281,110.05355834960938,-71.50663757324219
1781099348499136300,111.93913623046875,-80.912109375,110.69438171386719,-71.69973754882812
1781099348540307200,111.98030712890625,-80.87117004394531,111.07356262207031,-71.53823852539062
1781099348581482200,112.02148217773437,-80.48089599609375,111.23944091796875,-71.7904052734375
1781099348622657300,112.0626572265625,-79.71023559570312,110.61868286132812,-72.09671020507812
1781099348663829200,112.10382934570312,-78.45570373535156,110.08871459960938,-71.74905395507812
1781099348705003300,112.14500317382813,-78.61929321289062,109.35989379882812,-71.44625854492188
1781099348746177300,112.18617724609375,-78.314208984375,108.34188842773438,-71.17068481445312
1781099348787351300,112.22735131835938,-78.05337524414062,107.48548889160156,-70.75410461425781
1781099348828522200,112.26852221679688,-78.2427978515625,107.20806884765625,-70.76852416992188
1781099348869692400,112.3096923828125,-78.74458312988281,106.90797424316406,-71.5302734375
1781099348910865400,112.35086547851563,-79.77883911132812,106.97268676757812,-71.66944885253906
1781099348952037400,112.39203735351562,-80.89479064941406,107.43772888183594,-72.51811218261719
1781099348993211400,112.43321142578125,-82.42402648925781,107.84347534179688,-72.99732971191406
1781099349034385200,112.47438525390625,-84.17173767089844,108.22637939453125,-73.00991821289062
1781099349075556000,112.51555615234375,-85.04678344726562,108.78019714355469,-73.2750244140625
1781099349116728000,112.55672802734375,-86.42340087890625,109.35888671875,-73.04032897949219
1781099349157899300,112.59789916992187,-87.25102233886719,109.936279296875,-73.29104614257812
1781099349199069000,112.63906884765625,-87.24482727050781,110.75883483886719,-72.74562072753906
1781099349240243200,112.6802431640625,-86.56088256835938,111.32945251464844,-72.62078857421875
1781099349281416200,112.72141625976562,-86.60751342773438,112.78285217285156,-72.15576171875
1781099349322588000,112.762587890625,-86.26092529296875,113.46217346191406,-72.23307800292969
1781099349363759900,112.803759765625,-85.63406372070312,113.76097106933594,-71.81144714355469
1781099349404931000,112.84493115234375,-84.96868896484375,114.34283447265625,-71.70535278320312
1781099349446104000,112.88610400390625,-83.80561828613281,113.77212524414062,-71.25233459472656
1781099349487277000,112.92727709960937,-83.1695556640625,113.67042541503906,-70.46360778808594
1781099349528449000,112.96844897460937,-82.62112426757812,113.10676574707031,-69.77291870117188
1781099349569621000,113.00962109375,-81.55885314941406,112.91143798828125,-68.30897521972656
1781099349610796000,113.05079614257812,-81.07565307617188,112.5072021484375,-66.43527221679688
1781099349651969300,113.09196923828125,-79.97120666503906,112.85191345214844,-64.9637451171875
1781099349693139200,113.13313916015625,-78.3321533203125,113.44664001464844,-63.58695983886719
1781099349734308000,113.17430810546875,-77.35430908203125,112.94978332519531,-61.93658447265625
1781099349775480000,113.21547998046876,-75.57533264160156,113.07118225097656,-61.42079162597656
1781099349816652000,113.25665209960937,-73.94683837890625,113.17692565917969,-61.42939758300781
1781099349857824000,113.29782397460937,-72.04847717285156,112.72055053710938,-60.69459533691406
1781099349898998000,113.338998046875,-71.61851501464844,112.3353271484375,-60.24555969238281
1781099349940172300,113.38017236328125,-70.88151550292969,111.74166870117188,-60.148681640625
1781099349981346000,113.42134594726562,-70.55624389648438,110.90638732910156,-60.173980712890625
1781099350022518300,113.46251831054687,-69.61288452148438,110.14448547363281,-59.64453125
1781099350063693600,113.50369360351563,-68.80332946777344,109.46165466308594,-59.48094177246094
1781099350104867600,113.54486767578125,-68.01519775390625,109.19160461425781,-59.15019226074219
1781099350146040600,113.58604052734376,-67.14178466796875,108.89065551757812,-58.984710693359375
1781099350187213600,113.62721362304687,-67.41334533691406,108.48167419433594,-59.469635009765625
1781099350228387600,113.6683876953125,-67.07119750976562,107.612548828125,-60.07832336425781
1781099350269560600,113.709560546875,-68.26708984375,106.50566101074219,-60.381622314453125
1781099350310734600,113.75073461914063,-68.97422790527344,105.78717041015625,-60.70916748046875
1781099350351906600,113.79190649414062,-70.5531005859375,105.68830871582031,-61.16304016113281
1781099350393077500,113.83307739257812,-72.44192504882812,105.180908203125,-61.66717529296875
1781099350434250500,113.87425048828125,-74.08285522460938,105.05055236816406,-61.49964904785156
1781099350475425500,113.91542553710937,-75.46644592285156,105.20228576660156,-61.013092041015625
1781099350516600600,113.9566005859375,-76.37356567382812,105.99897766113281,-60.71954345703125
1781099350557775600,113.99777563476563,-75.7547607421875,107.31611633300781,-60.37593078613281
1781099350598952400,114.03895239257812,-76.02401733398438,108.23968505859375,-59.790069580078125
1781099350640125400,114.08012548828125,-75.254150390625,108.77642822265625,-59.584808349609375
1781099350681295600,114.12129565429687,-74.67713928222656,109.60844421386719,-59.8812255859375
1781099350722467600,114.16246752929688,-74.16255187988281,110.156005859375,-60.30601501464844
1781099350763641600,114.2036416015625,-73.41630554199219,110.20564270019531,-60.4642333984375
1781099350804814600,114.24481469726562,-72.75167846679688,111.03944396972656,-60.52632141113281
1781099350845988600,114.28598852539062,-72.62493896484375,111.511962890625,-60.71513366699219
1781099350887162600,114.32716259765625,-71.23658752441406,111.46762084960938,-61.07177734375
1781099350928336600,114.36833666992187,-70.48416137695312,111.99061584472656,-61.20356750488281
1781099350969510700,114.4095107421875,-69.74917602539062,111.94822692871094,-61.504791259765625
1781099351010685700,114.45068579101563,-69.13163757324219,111.44808959960938,-61.66508483886719
1781099351051857400,114.491857421875,-69.15960693359375,111.67361450195312,-61.66566467285156
1781099351093032200,114.5330322265625,-68.9031982421875,111.42994689941406,-62.239959716796875
1781099351134209300,114.57420922851563,-68.78341674804688,110.08793640136719,-62.78358459472656
1781099351175386000,114.61538623046874,-69.11616516113281,108.78852844238281,-62.97328186035156
1781099351216561400,114.6565615234375,-69.20729064941406,108.0438232421875,-62.800384521484375
1781099351257734400,114.697734375,-68.85328674316406,107.50067138671875,-63.07518005371094
1781099351298908200,114.738908203125,-69.59793090820312,106.11454772949219,-62.60551452636719
1781099351340077000,114.7800771484375,-71.12637329101562,105.25868225097656,-62.26629638671875
1781099351381247200,114.82124731445313,-72.02102661132812,103.72694396972656,-61.825469970703125
1781099351422415400,114.86241528320312,-73.46588134765625,102.36589050292969,-61.32704162597656
1781099351463586000,114.9035859375,-75.83360290527344,101.11370849609375,-60.59803771972656
1781099351504759300,114.94475927734375,-78.93342590332031,100.45674133300781,-59.831390380859375
1781099351545931000,114.98593090820313,-82.11801147460938,101.07418823242188,-58.75236511230469
1781099351587102200,115.02710229492187,-85.643310546875,102.3475341796875,-57.36228942871094
1781099351628273200,115.06827319335937,-87.74562072753906,105.14859008789062,-55.9930419921875
1781099351669447200,115.109447265625,-88.45181274414062,108.94284057617188,-55.214080810546875
1781099351710620200,115.1506201171875,-87.74214172363281,112.83503723144531,-55.16481018066406
1781099351751791400,115.19179125976562,-85.70130920410156,115.99136352539062,-55.85243225097656
1781099351792961000,115.2329609375,-83.85345458984375,118.16120910644531,-57.07891845703125
1781099351834133200,115.27413330078124,-82.60700988769531,119.46432495117188,-58.57701110839844
1781099351875307300,115.31530737304688,-81.13308715820312,120.34274291992188,-60.83476257324219
1781099351916480300,115.35648022460937,-80.19125366210938,121.18951416015625,-62.99873352050781
1781099351957655300,115.3976552734375,-79.65524291992188,121.99554443359375,-64.79682922363281
1781099351998830300,115.43883032226563,-78.71257019042969,122.47933959960938,-66.36094665527344
1781099352040003300,115.48000341796875,-77.96380615234375,122.68472290039062,-67.8770751953125
1781099352081174800,115.5211748046875,-77.78144836425781,123.57640075683594,-69.41072082519531
1781099352122348800,115.56234887695312,-77.32667541503906,123.32710266113281,-70.76905822753906
1781099352163522800,115.60352270507812,-77.00033569335938,123.24687194824219,-71.66421508789062
1781099352204697900,115.64469775390624,-76.47956848144531,122.85035705566406,-72.93885803222656
1781099352245875000,115.685875,-75.21452331542969,121.93295288085938,-73.89205932617188
1781099352287048700,115.72704858398437,-73.65255737304688,119.5323486328125,-75.53414916992188
1781099352328225000,115.76822509765626,-73.89894104003906,118.24307250976562,-75.57637023925781
1781099352369400800,115.80940087890625,-73.89093017578125,117.05535888671875,-76.04693603515625
1781099352410576000,115.85057592773437,-74.48326110839844,115.77960205078125,-76.06465148925781
1781099352451750000,115.89175,-75.18447875976562,115.45494079589844,-75.25880432128906
1781099352492923000,115.9329228515625,-74.75473022460938,115.36390686035156,-74.13420104980469
1781099352534094800,115.9740947265625,-74.43778991699219,114.82862854003906,-73.8734130859375
1781099352575270000,116.01526977539062,-74.58853149414062,114.94120788574219,-72.79086303710938
1781099352616446700,116.05644677734375,-74.16175842285156,115.47697448730469,-72.2735595703125
1781099352657621800,116.09762182617187,-73.5709228515625,114.91838073730469,-72.14610290527344
1781099352698797800,116.1387978515625,-73.94926452636719,114.45114135742188,-70.91508483886719
1781099352739971800,116.17997192382812,-74.11880493164062,114.87847900390625,-70.11328125
1781099352781147000,116.22114697265626,-73.44337463378906,115.39991760253906,-69.27590942382812
1781099352822321000,116.26232080078125,-72.68280029296875,115.93528747558594,-68.67494201660156
1781099352863494000,116.30349389648437,-72.16166687011719,116.47946166992188,-67.42230224609375
1781099352904669700,116.34466967773437,-69.87091064453125,117.49171447753906,-67.75758361816406
1781099352945845800,116.385845703125,-68.30657958984375,117.76052856445312,-68.32760620117188
1781099352987022800,116.42702294921875,-67.34715270996094,117.69413757324219,-68.31153869628906
1781099353028198700,116.46819873046876,-65.88623046875,117.10487365722656,-68.70600891113281
1781099353069378600,116.50937866210937,-65.50830078125,115.94413757324219,-69.24359130859375
1781099353110555400,116.55055541992188,-65.34471130371094,115.09538269042969,-69.65216064453125
1781099353151731500,116.5917314453125,-65.59056091308594,114.14460754394531,-70.23150634765625
1781099353192908500,116.63290844726562,-65.81512451171875,112.818603515625,-71.06840515136719
1781099353234086400,116.67408642578125,-67.31439208984375,111.64080810546875,-71.04841613769531
1781099353275264500,116.71526440429687,-68.46707153320312,111.09356689453125,-70.61456298828125
1781099353316441600,116.75644165039063,-69.64071655273438,111.32347106933594,-71.0272216796875
1781099353357619500,116.79761938476562,-71.07258605957031,111.0162353515625,-70.46809387207031
1781099353398798600,116.83879858398437,-71.69549560546875,111.31303405761719,-69.64288330078125
1781099353439975400,116.87997534179688,-71.73617553710938,111.68443298339844,-69.54922485351562
1781099353481153500,116.92115356445312,-71.87677001953125,111.53826904296875,-69.30760192871094
1781099353522329600,116.96232958984375,-71.9814453125,112.08396911621094,-68.89834594726562
1781099353563504400,117.00350439453125,-72.0733642578125,111.74298095703125,-68.67643737792969
1781099353604681500,117.04468139648438,-71.89645385742188,111.59872436523438,-68.27604675292969
1781099353645859600,117.08585961914062,-71.63438415527344,111.24003601074219,-68.20335388183594
1781099353687035600,117.12703564453125,-71.7506103515625,110.4678955078125,-67.82060241699219
1781099353728213500,117.16821362304688,-72.18659973144531,109.82913208007812,-67.49105834960938
1781099353769391600,117.2093916015625,-71.98590087890625,108.28807067871094,-68.16810607910156
1781099353810566400,117.25056640625,-72.18824768066406,107.5244140625,-68.80540466308594
1781099353851745500,117.29174560546875,-73.04025268554688,106.37428283691406,-68.71900939941406
1781099353892923600,117.33292358398438,-73.37347412109375,105.5029296875,-69.29365539550781
1781099353934100500,117.3741005859375,-74.17475891113281,104.85787963867188,-69.48390197753906
1781099353975277300,117.41527734375,-75.33198547363281,105.95994567871094,-68.67185974121094
1781099354016455400,117.45645532226563,-75.46664428710938,106.90644836425781,-68.39665222167969
1781099354057629700,117.49762963867188,-76.07768249511719,107.49639892578125,-67.3919677734375
1781099354098806000,117.53880590820313,-76.74748229980469,107.97647094726562,-66.30546569824219
1781099354139982800,117.57998291015625,-77.40756225585938,109.43562316894531,-65.18391418457031
1781099354181158700,117.62115869140625,-77.42649841308594,111.12480163574219,-64.75914001464844
1781099354222336800,117.66233666992187,-77.81451416015625,111.77137756347656,-64.06155395507812
1781099354263509800,117.703509765625,-77.52655029296875,111.8211669921875,-62.81584167480469
1781099354304681700,117.744681640625,-77.71052551269531,111.92677307128906,-62.1590576171875
1781099354345853700,117.78585375976563,-77.49925231933594,113.05592346191406,-61.97404479980469
1781099354387024000,117.82702392578125,-76.9873046875,113.42428588867188,-61.84326171875
1781099354428196900,117.86819677734375,-76.1798095703125,113.23324584960938,-61.14686584472656
1781099354469368800,117.90936889648438,-75.299072265625,111.9288330078125,-61.57318115234375
1781099354510542800,117.95054296875,-74.69151306152344,110.05534362792969,-61.5428466796875
1781099354551716900,117.991716796875,-74.03221130371094,108.93070983886719,-61.82893371582031
1781099354592893000,118.03289282226562,-74.02011108398438,108.64352416992188,-62.15838623046875
1781099354634066000,118.07406591796875,-73.75503540039062,108.15635681152344,-62.674072265625
1781099354675239700,118.11523974609375,-74.08644104003906,107.82247924804688,-62.49517822265625
1781099354716415000,118.1564150390625,-74.42561340332031,107.43844604492188,-63.32940673828125
1781099354757585700,118.19758569335937,-74.20938110351562,107.54656982421875,-64.19857788085938
1781099354798758000,118.2387578125,-74.97419738769531,107.88674926757812,-63.95472717285156
1781099354839929900,118.27992993164062,-75.06629943847656,108.86709594726562,-64.32664489746094
1781099354881100800,118.32110083007812,-75.56367492675781,109.56735229492188,-64.47203063964844
1781099354922273800,118.36227368164063,-75.87629699707031,110.008544921875,-64.42498779296875
1781099354963446000,118.40344604492188,-75.95648193359375,110.26531982421875,-64.61221313476562
1781099355004620800,118.44462084960938,-76.75108337402344,110.58952331542969,-64.65992736816406
1781099355045792800,118.48579272460937,-76.95751953125,110.58134460449219,-64.78451538085938
1781099355086963700,118.52696362304688,-77.37477111816406,111.27444458007812,-64.75326538085938
1781099355128135700,118.5681357421875,-77.27668762207031,112.05726623535156,-64.88397216796875
1781099355169310000,118.60931005859375,-77.4298095703125,112.10540771484375,-65.00384521484375
1781099355210481700,118.65048168945313,-77.52166748046875,112.29264831542969,-65.30938720703125
1781099355251649800,118.69164990234376,-77.25129699707031,112.55729675292969,-65.64311218261719
1781099355292821800,118.73282177734374,-77.07040405273438,112.70706176757812,-65.98777770996094
1781099355333996800,118.77399682617188,-76.82931518554688,113.09635925292969,-65.97233581542969
1781099355375171600,118.81517163085938,-76.95024108886719,113.12800598144531,-65.97589111328125
1781099355416344600,118.85634448242187,-76.3492431640625,113.50888061523438,-65.97323608398438
1781099355457515800,118.89751586914062,-76.73371887207031,113.87467956542969,-65.75077819824219
1781099355498686700,118.93868676757812,-77.10702514648438,113.68084716796875,-65.91542053222656
1781099355539858000,118.97985791015626,-77.05223083496094,113.59513854980469,-65.70391845703125
1781099355581027800,119.02102783203125,-77.3203125,114.42173767089844,-65.57554626464844
1781099355622196700,119.06219677734374,-76.54103088378906,113.71939086914062,-66.88856506347656
1781099355663363600,119.10336352539062,-77.14004516601562,113.55673217773438,-65.87969970703125
1781099355704533800,119.14453369140625,-76.94949340820312,114.20130920410156,-66.29905700683594
1781099355745702000,119.18570190429688,-76.68418884277344,115.05227661132812,-66.67446899414062
1781099355786868700,119.22686865234375,-76.38137817382812,115.04383850097656,-66.61041259765625
1781099355828036900,119.26803686523438,-76.72911071777344,115.15293884277344,-66.57516479492188
1781099355869205800,119.30920581054687,-76.15414428710938,114.93075561523438,-66.50025939941406
1781099355910376000,119.3503759765625,-76.35076904296875,114.83470153808594,-66.42628479003906
1781099355951542800,119.39154272460938,-76.41697692871094,114.88752746582031,-66.41845703125
1781099355992711000,119.4327109375,-76.51156616210938,114.61810302734375,-66.35472106933594
1781099356033878800,119.47387866210937,-76.20033264160156,114.68663024902344,-66.33395385742188
1781099356075048400,119.51504833984374,-76.09794616699219,114.07048034667969,-66.23521423339844
1781099356116218400,119.55621826171875,-75.60150146484375,114.15553283691406,-65.92538452148438
1781099356157391400,119.59739135742187,-75.62222290039062,114.01083374023438,-65.80741882324219
1781099356198562300,119.63856225585937,-75.26785278320312,114.09986877441406,-65.8524169921875
1781099356239730400,119.67973046875,-75.27906799316406,114.312255859375,-65.38815307617188
1781099356280901400,119.7209013671875,-74.99075317382812,114.34382629394531,-65.23231506347656
1781099356322072300,119.762072265625,-74.67514038085938,114.69029235839844,-65.27323913574219
1781099356363244300,119.80324438476562,-74.77694702148438,114.82456970214844,-65.42123413085938
1781099356404415500,119.84441552734376,-74.16311645507812,115.19595336914062,-65.25828552246094
1781099356445588200,119.88558813476563,-74.14833068847656,114.90403747558594,-65.27479553222656
1781099356486761200,119.92676123046876,-73.79380798339844,114.4627685546875,-66.12396240234375
1781099356527934200,119.96793432617187,-73.8115234375,114.41259765625,-66.36428833007812
1781099356569106400,120.0091064453125,-73.82670593261719,114.56666564941406,-66.29423522949219
1781099356610280200,120.0502802734375,-73.52200317382812,114.86009216308594,-65.93411254882812
1781099356651455500,120.09145556640625,-74.01632690429688,114.91439819335938,-65.70880126953125
1781099356692628500,120.13262841796875,-74.21005249023438,114.56927490234375,-65.48045349121094
1781099356733804300,120.17380419921875,-74.16221618652344,114.75431823730469,-65.65167236328125
1781099356774976300,120.21497631835938,-74.60153198242188,114.82852172851562,-65.77015686035156
1781099356816149200,120.25614916992187,-74.15309143066406,115.6856689453125,-65.50468444824219
1781099356857323500,120.29732348632812,-74.71066284179688,116.14332580566406,-65.89483642578125
1781099356898496500,120.33849658203125,-75.50569152832031,116.59939575195312,-66.03237915039062
1781099356939665400,120.37966552734375,-75.62623596191406,116.82559204101562,-66.08457946777344
1781099356980836400,120.42083642578125,-75.78836059570312,116.74211120605469,-66.34100341796875
1781099357022007300,120.46200732421875,-75.95425415039062,117.33688354492188,-66.41535949707031
1781099357063180800,120.50318090820312,-75.91035461425781,118.10748291015625,-66.46153259277344
1781099357104354800,120.54435473632813,-75.23989868164062,118.17681884765625,-66.97639465332031
1781099357145527800,120.58552783203125,-75.72048950195312,118.37602233886719,-66.80706787109375
1781099357186702800,120.62670288085937,-75.424072265625,118.8192138671875,-67.1749267578125
1781099357227874800,120.66787475585937,-74.82498168945312,119.03118896484375,-67.61180114746094
1781099357269046800,120.709046875,-74.57295227050781,118.83505249023438,-67.66896057128906
1781099357310218800,120.75021875,-74.7216796875,118.96432495117188,-67.96942138671875
1781099357351394000,120.79139404296875,-74.54782104492188,119.67982482910156,-68.36988830566406
1781099357392567800,120.83256787109374,-73.91889953613281,120.06845092773438,-68.56166076660156
1781099357433739000,120.87373901367188,-74.36747741699219,120.00650024414062,-68.75376892089844
1781099357474912800,120.91491284179688,-74.01997375488281,119.76637268066406,-68.83476257324219
1781099357516085000,120.9560849609375,-74.1854248046875,119.44570922851562,-69.16575622558594
1781099357557258800,120.9972587890625,-73.89653015136719,119.54078674316406,-69.70756530761719
1781099357598428700,121.0384287109375,-73.5269775390625,118.96908569335938,-69.91769409179688
1781099357639600600,121.0796005859375,-73.98091125488281,118.47607421875,-70.45841979980469
1781099357680775000,121.12077490234375,-73.67788696289062,117.79583740234375,-70.76597595214844
1781099357721949000,121.16194897460937,-73.48159790039062,117.62405395507812,-70.87742614746094
1781099357763122000,121.20312182617188,-73.3404541015625,117.33721923828125,-70.89195251464844
1781099357804295000,121.244294921875,-73.81864929199219,117.25199890136719,-71.12240600585938
1781099357845464800,121.28546484375,-73.35751342773438,117.01809692382812,-71.06124877929688
1781099357886635800,121.3266357421875,-74.00747680664062,116.96780395507812,-71.12623596191406
1781099357927809800,121.36780981445312,-73.80424499511719,116.89128112792969,-70.75692749023438
1781099357968979000,121.40897900390625,-74.36155700683594,116.77308654785156,-70.79945373535156
1781099358010151000,121.45015087890626,-74.39002990722656,116.90815734863281,-70.2750244140625
1781099358051320800,121.49132080078125,-74.28436279296875,116.856201171875,-69.98825073242188
1781099358092489700,121.53248974609374,-74.56263732910156,116.39117431640625,-70.13827514648438
1781099358133661700,121.57366162109375,-74.50982666015625,116.21955871582031,-69.78083801269531
1781099358174833700,121.61483374023437,-75.12879943847656,116.31065368652344,-69.56524658203125
1781099358216008000,121.65600805664063,-75.28132629394531,116.38722229003906,-69.31964111328125
1781099358257179000,121.69717895507813,-75.48257446289062,116.77049255371094,-69.30055236816406
1781099358298348800,121.73834887695313,-75.55918884277344,117.1893310546875,-68.95466613769531
1781099358339518000,121.77951806640625,-75.55461120605469,117.47882080078125,-68.93238830566406
1781099358380689000,121.82068896484375,-75.89425659179688,117.62165832519531,-68.74797058105469
1781099358421859800,121.86185986328125,-75.9674072265625,118.05227661132812,-68.59255981445312
1781099358463027700,121.90302783203126,-75.61949157714844,118.40153503417969,-68.48622131347656
1781099358504195800,121.94419580078124,-75.75430297851562,118.79794311523438,-68.26809692382812
1781099358545365800,121.98536572265625,-75.74617004394531,119.04942321777344,-68.2894287109375
1781099358586536000,122.02653588867187,-75.82466125488281,119.68077087402344,-68.00924682617188
1781099358627707000,122.06770678710937,-75.95332336425781,120.52229309082031,-68.15023803710938
1781099358668877800,122.1088779296875,-76.10728454589844,121.30673217773438,-68.55862426757812
1781099358710049000,122.15004907226563,-76.16766357421875,121.98030090332031,-68.07792663574219
1781099358751219700,122.1912197265625,-75.91757202148438,122.46290588378906,-68.25502014160156
1781099358792391700,122.2323916015625,-75.80621337890625,123.06929016113281,-68.47230529785156
1781099358833559800,122.27355981445312,-75.46751403808594,123.428955078125,-68.60459899902344
1781099358874729000,122.31472900390625,-75.17527770996094,123.3975830078125,-68.763427734375
1781099358915899000,122.35589892578125,-74.90812683105469,123.51321411132812,-69.00202941894531
1781099358957066800,122.39706665039063,-75.03900146484375,123.75361633300781,-69.29934692382812
1781099358998237000,122.43823681640625,-74.64089965820312,123.84091186523438,-69.50909423828125
1781099359039407600,122.47940771484375,-74.51034545898438,123.552734375,-69.61851501464844
1781099359080577800,122.52057788085938,-74.73280334472656,123.795654296875,-70.28067016601562
1781099359121748700,122.56174877929688,-74.88508605957031,123.88812255859375,-70.6676025390625
1781099359162919700,122.60291967773438,-75.18270874023438,124.67094421386719,-70.62284851074219
1781099359204092700,122.6440927734375,-75.49488830566406,124.721923828125,-70.914306640625
1781099359245262800,122.68526293945312,-75.34388732910156,124.62936401367188,-70.82403564453125
1781099359286433800,122.72643383789062,-75.59623718261719,124.49957275390625,-70.85984802246094
1781099359327607600,122.76760766601562,-75.8387451171875,124.594970703125,-70.56109619140625
1781099359368779800,122.80877978515625,-76.02165222167969,124.98509216308594,-71.06941223144531
1781099359409951700,122.84995166015625,-76.74139404296875,125.28712463378906,-70.71652221679688
1781099359451123700,122.89112377929688,-76.49826049804688,125.57035827636719,-70.64643859863281
1781099359492296700,122.93229663085937,-76.60841369628906,125.52694702148438,-70.9075927734375
1781099359533468700,122.97346875,-76.1783447265625,126.20106506347656,-71.25372314453125
1781099359574638800,123.01463891601563,-75.89949035644531,126.72660827636719,-71.56474304199219
1781099359615810600,123.055810546875,-75.33506774902344,127.46212768554688,-71.82206726074219
1781099359656982800,123.09698266601562,-74.87055969238281,127.51606750488281,-71.928466796875
1781099359698153700,123.13815380859376,-74.26531982421875,127.74993896484375,-72.44473266601562
1781099359739325700,123.17932568359375,-72.7579345703125,127.82920837402344,-73.04985046386719
1781099359780499700,123.22049975585938,-71.77926635742188,128.06729125976562,-73.85714721679688
1781099359821674000,123.26167407226562,-70.31990051269531,127.97216796875,-74.05967712402344
1781099359862847700,123.30284765625,-69.65431213378906,127.97726440429688,-73.65058898925781
1781099359904024800,123.34402490234375,-68.72978210449219,127.19351196289062,-72.73185729980469
1781099359945198800,123.38519873046874,-67.38676452636719,126.04852294921875,-72.49018859863281
1781099359986369800,123.42636987304688,-66.19883728027344,124.07923889160156,-72.27552795410156
1781099360027539700,123.46753979492188,-65.92109680175781,121.40217590332031,-72.05137634277344
1781099360068713200,123.50871313476563,-65.71902465820312,119.396728515625,-71.37361145019531
1781099360109885000,123.54988500976563,-66.16294860839844,117.60166931152344,-70.54164123535156
1781099360151059200,123.59105908203125,-67.00900268554688,116.64517211914062,-69.87577819824219
1781099360192232200,123.63223217773438,-68.36964416503906,115.72100830078125,-69.41548156738281
1781099360233403000,123.67340283203124,-69.03802490234375,115.36708068847656,-68.63523864746094
1781099360274575000,123.7145751953125,-70.18038940429688,115.74156188964844,-68.0374755859375
1781099360315747000,123.7557470703125,-70.43995666503906,116.24392700195312,-67.69483947753906
1781099360356919000,123.7969189453125,-71.12969970703125,116.4765625,-67.75639343261719
1781099360398089200,123.83808911132813,-71.97235107421875,117.17323303222656,-67.99005126953125
1781099360439260000,123.87926000976563,-71.88255310058594,117.07991027832031,-68.5130615234375
1781099360480431000,123.92043115234375,-71.75703430175781,117.07542419433594,-68.95005798339844
1781099360521604000,123.96160400390625,-72.03111267089844,117.10183715820312,-69.14939880371094
1781099360562775000,124.00277514648438,-71.41351318359375,116.81619262695312,-68.8619384765625
1781099360603944000,124.04394384765625,-71.36601257324219,116.73616027832031,-69.12466430664062
1781099360645114000,124.08511401367187,-70.445556640625,116.55262756347656,-69.18412780761719
1781099360686283000,124.12628295898438,-69.87310791015625,116.66650390625,-68.74722290039062
1781099360727453000,124.16745288085937,-68.81401062011719,116.17071533203125,-68.92507934570312
1781099360768623000,124.208623046875,-67.63447570800781,116.06266784667969,-68.8609619140625
1781099360809794300,124.24979418945313,-67.32431030273438,115.037841796875,-69.15475463867188
1781099360850963200,124.29096313476562,-66.78421020507812,113.94448852539062,-69.62504577636719
1781099360892134100,124.33213403320312,-66.302978515625,112.61491394042969,-69.73670959472656
1781099360933305900,124.37330590820312,-66.2236328125,111.46836853027344,-69.77163696289062
1781099360974479000,124.41447900390625,-66.40765380859375,110.02523803710938,-69.72698974609375
1781099361015651000,124.45565112304688,-66.67404174804688,108.826416015625,-69.41337585449219
1781099361056823000,124.49682299804688,-67.36416625976562,108.19432067871094,-69.09136962890625
1781099361097993700,124.53799365234374,-67.992431640625,107.31866455078125,-68.65731811523438
1781099361139163400,124.57916333007813,-68.8258056640625,107.25776672363281,-67.83619689941406
1781099361180334600,124.62033447265625,-69.68844604492188,107.01107788085938,-67.48666381835938
1781099361221504800,124.6615048828125,-70.83982849121094,107.02548217773438,-66.89118957519531
1781099361262674700,124.7026748046875,-70.96784973144531,107.14457702636719,-66.13505554199219
1781099361303842600,124.74384252929687,-71.90609741210938,107.50064086914062,-65.43594360351562
1781099361345010400,124.78501049804687,-71.84349060058594,107.843994140625,-64.60086059570312
1781099361386182700,124.8261826171875,-72.07191467285156,108.02230834960938,-64.2996826171875
1781099361427351600,124.8673515625,-72.03797912597656,109.01954650878906,-63.57060241699219
1781099361468520700,124.90852075195312,-72.246826171875,109.41627502441406,-63.2108154296875
1781099361509688600,124.9496884765625,-72.21430969238281,110.435302734375,-62.70951843261719
1781099361550857500,124.990857421875,-72.05323791503906,111.00627136230469,-62.906005859375
1781099361592029700,125.03202978515625,-71.73179626464844,111.78944396972656,-62.875885009765625
1781099361633203500,125.07320336914063,-70.93936157226562,112.89816284179688,-62.738677978515625
1781099361674377700,125.11437768554687,-70.87208557128906,113.90205383300781,-62.64555358886719
1781099361715551500,125.15555151367188,-70.16603088378906,115.16792297363281,-62.694793701171875
1781099361756724500,125.19672436523437,-69.45787048339844,116.28594970703125,-62.843048095703125
1781099361797895700,125.23789575195312,-68.72444152832031,117.32804870605469,-62.32847595214844
1781099361839065600,125.27906567382813,-67.62411499023438,118.72976684570312,-62.76362609863281
1781099361880238600,125.32023852539062,-65.48870849609375,119.19190979003906,-63.11900329589844
1781099361921411600,125.36141162109375,-63.450042724609375,119.93006896972656,-63.29060363769531
1781099361962587600,125.40258764648438,-61.8267822265625,119.57693481445312,-64.42012023925781
1781099362003761400,125.44376147460937,-60.17747497558594,119.15885925292969,-65.60636901855469
1781099362044933600,125.48493359375,-59.42425537109375,118.91612243652344,-67.02801513671875
1781099362086107400,125.526107421875,-59.359283447265625,118.23725891113281,-68.68986511230469
1781099362127277600,125.56727758789063,-59.231689453125,117.30397033691406,-70.40615844726562
1781099362168448800,125.60844873046875,-59.51506042480469,116.80192565917969,-72.17001342773438
1781099362209616600,125.64961669921875,-59.892791748046875,115.63450622558594,-74.16047668457031
1781099362250787600,125.69078759765625,-60.6766357421875,114.55821228027344,-75.66824340820312
1781099362291959600,125.73195947265626,-61.66471862792969,113.34672546386719,-77.07412719726562
1781099362333132500,125.77313256835937,-62.71575927734375,112.52236938476562,-77.77520751953125
1781099362374305500,125.81430541992188,-65.21104431152344,111.37059020996094,-78.39866638183594
1781099362415477500,125.8554775390625,-67.05752563476562,110.512939453125,-78.03450012207031
1781099362456648700,125.89664868164063,-68.9798583984375,110.21897888183594,-77.18418884277344
1781099362497819600,125.93781958007813,-70.31488037109375,110.18190002441406,-76.60005187988281
1781099362538994400,125.97899438476563,-71.36387634277344,110.66015625,-75.42892456054688
1781099362580167400,126.02016748046876,-72.39306640625,111.25314331054688,-75.01136779785156
1781099362621340400,126.06134033203125,-73.80502319335938,111.94264221191406,-74.15748596191406
1781099362662511600,126.10251171875,-74.76449584960938,111.87374877929688,-73.52143859863281
1781099362703679500,126.14367944335937,-75.1995849609375,112.40666198730469,-72.90132141113281
1781099362744853500,126.184853515625,-75.59123229980469,112.10267639160156,-72.19863891601562
1781099362786027800,126.22602783203125,-75.55838012695312,112.18304443359375,-71.82711791992188
1781099362827200800,126.26720068359376,-75.86105346679688,111.62359619140625,-71.67587280273438
1781099362868372700,126.30837280273437,-77.02252197265625,111.20687866210938,-71.66265869140625
1781099362909542700,126.34954272460938,-77.71530151367188,111.11961364746094,-71.79621887207031
1781099362950713600,126.39071362304688,-78.75782775878906,111.09577941894531,-71.74244689941406
1781099362991884500,126.43188452148438,-79.78364562988281,111.13705444335938,-71.28005981445312
1781099363033056500,126.47305639648438,-80.40144348144531,111.37318420410156,-71.0562744140625
1781099363074228000,126.51422802734375,-81.20909118652344,112.08351135253906,-70.72476196289062
1781099363115405000,126.55540502929688,-81.9356689453125,112.73289489746094,-70.21598815917969
1781099363156578000,126.596578125,-82.22080993652344,113.51710510253906,-69.72084045410156
1781099363197750000,126.63775,-81.99623107910156,113.97221374511719,-69.0947265625
1781099363238923000,126.67892309570313,-82.14183044433594,114.6097412109375,-68.80160522460938
1781099363280097000,126.72009692382812,-81.50941467285156,115.46363830566406,-67.95146179199219
1781099363321268000,126.76126806640625,-80.30644226074219,115.51750183105469,-68.23788452148438
1781099363362440200,126.80244018554687,-79.11376953125,116.09384155273438,-68.1881103515625
1781099363403614000,126.84361401367188,-78.24871826171875,116.73379516601562,-68.32135009765625
1781099363444785200,126.88478515625,-76.20404052734375,117.16127014160156,-68.52534484863281
1781099363485955300,126.92595532226562,-74.79202270507812,117.41514587402344,-68.23368835449219
1781099363527125200,126.96712524414062,-73.67500305175781,116.59414672851562,-68.602783203125
1781099363568295200,127.00829516601563,-71.92469787597656,116.21575927734375,-68.78338623046875
1781099363609469200,127.04946923828125,-70.79997253417969,115.4703369140625,-69.12174987792969
1781099363650644000,127.09064404296875,-69.32339477539062,114.20962524414062,-69.18171691894531
1781099363691815200,127.13181518554687,-68.45431518554688,112.35191345214844,-69.53736877441406
1781099363732986000,127.17298608398437,-68.42732238769531,110.26600646972656,-69.40997314453125
1781099363774159000,127.2141591796875,-68.07345581054688,108.46076965332031,-69.23719787597656
1781099363815331300,127.25533129882812,-67.33668518066406,106.65168762207031,-68.81866455078125
1781099363856502000,127.296501953125,-67.76057434082031,105.43968200683594,-68.28425598144531
1781099363897675000,127.33767504882813,-68.99070739746094,104.41654968261719,-67.5587158203125
1781099363938848000,127.37884790039062,-69.69064331054688,103.61454772949219,-66.811279296875
1781099363980023000,127.42002294921875,-70.3377685546875,103.10079956054688,-65.81510925292969
1781099364021195300,127.4611953125,-70.76785278320312,102.8670654296875,-65.02880859375
1781099364062367200,127.5023671875,-70.45281982421875,103.15460205078125,-64.22673034667969
1781099364103538000,127.54353784179688,-70.84915161132812,103.24150085449219,-63.30555725097656
1781099364144711000,127.5847109375,-70.74359130859375,103.3916015625,-62.455047607421875
1781099364185883100,127.62588305664063,-71.02253723144531,103.52720642089844,-61.960479736328125
1781099364227052800,127.667052734375,-70.9320068359375,103.62159729003906,-61.656402587890625
1781099364268221000,127.70822094726563,-70.40013122558594,103.65005493164062,-61.28291320800781
1781099364309391000,127.74939111328125,-70.5540771484375,104.07699584960938,-60.90666198730469
1781099364350561000,127.79056103515624,-70.83935546875,103.9754638671875,-61.211883544921875
1781099364391732000,127.83173193359374,-72.01347351074219,104.14328002929688,-61.558990478515625
1781099364432899800,127.87289990234375,-72.21122741699219,103.89546203613281,-62.00837707519531
1781099364474069000,127.91406909179688,-72.52662658691406,103.81306457519531,-61.95574951171875
1781099364515239000,127.95523901367187,-73.28912353515625,104.02825927734375,-61.562347412109375
1781099364556408800,127.99640893554688,-73.46450805664062,104.65638732910156,-61.48406982421875
1781099364597580800,128.03758081054687,-74.15171813964844,105.164794921875,-61.2410888671875
1781099364638750000,128.07875,-74.15365600585938,104.78684997558594,-61.02656555175781
1781099364679916000,128.119916015625,-74.65745544433594,104.76609802246094,-60.33831787109375
1781099364721084000,128.161083984375,-75.32440185546875,104.81283569335938,-60.06858825683594
1781099364762254800,128.2022548828125,-75.70594787597656,104.83811950683594,-59.790679931640625
1781099364803423000,128.24342309570312,-76.33352661132812,104.97801208496094,-59.19377136230469
1781099364844594000,128.28459399414064,-76.61630249023438,104.56781005859375,-59.1622314453125
1781099364885765000,128.32576513671876,-77.24801635742188,104.66717529296875,-58.6212158203125
1781099364926935800,128.36693579101564,-77.93089294433594,104.56057739257812,-58.13462829589844
1781099364968108800,128.40810888671874,-78.62303161621094,105.13275146484375,-57.29937744140625
1781099365009280000,128.4492800292969,-79.69827270507812,106.056640625,-56.55064392089844
1781099365050451000,128.49045092773437,-80.43069458007812,106.79054260253906,-55.80058288574219
1781099365091623400,128.53162353515626,-80.98098754882812,108.44474792480469,-55.0706787109375
1781099365132797400,128.57279736328124,-81.04853820800781,109.40010070800781,-54.57989501953125
1781099365173973500,128.61397338867187,-80.68344116210938,110.61984252929688,-54.237518310546875
1781099365215146500,128.655146484375,-79.94317626953125,111.75411987304688,-54.37495422363281
1781099365256319500,128.69631958007812,-79.18516540527344,112.74055480957031,-54.484130859375
1781099365297490700,128.73749072265625,-79.23466491699219,114.17720031738281,-54.666900634765625
1781099365338664400,128.77866455078126,-79.02198791503906,115.41487121582031,-54.979400634765625
1781099365379836700,128.81983666992187,-77.536865234375,116.37437438964844,-56.28031921386719
1781099365421011700,128.86101171875,-76.60124206542969,117.01058959960938,-56.90345764160156
1781099365462186500,128.9021865234375,-76.31546020507812,117.46832275390625,-58.31388854980469
1781099365503361800,128.94336181640625,-75.59956359863281,117.35122680664062,-59.614654541015625
1781099365544535600,128.98453564453126,-75.04556274414062,116.72061157226562,-60.97206115722656
1781099365585707800,129.02570776367187,-74.62399291992188,116.66749572753906,-62.12078857421875
1781099365626878500,129.06687841796875,-75.06025695800781,116.12705993652344,-62.690948486328125
1781099365668051500,129.10805151367188,-75.60772705078125,115.67416381835938,-63.262359619140625
1781099365709227500,129.1492275390625,-75.41578674316406,115.10888671875,-63.35072326660156
1781099365750400500,129.190400390625,-75.13972473144531,114.95211791992188,-63.33915710449219
1781099365791576600,129.23157666015624,-74.71400451660156,114.68980407714844,-63.0306396484375
1781099365832749600,129.27274951171876,-74.64714050292969,114.67372131347656,-62.365570068359375
1781099365873925600,129.31392553710938,-75.28541564941406,114.5338134765625,-61.94024658203125
1781099365915098600,129.3550986328125,-75.14016723632812,114.50732421875,-61.81211853027344
1781099365956269600,129.39626953125,-74.65509033203125,114.94801330566406,-61.18994140625
1781099365997442600,129.43744262695313,-74.68234252929688,114.85026550292969,-61.21617126464844
1781099366038615800,129.47861572265626,-74.65362548828125,115.49658203125,-60.82063293457031
1781099366079789000,129.5197890625,-74.27021789550781,115.11470031738281,-61.25408935546875
1781099366120961300,129.56096118164064,-74.72457885742188,115.19580078125,-61.56968688964844
1781099366162135300,129.60213525390625,-74.63107299804688,115.41841125488281,-61.45344543457031
1781099366203309300,129.64330932617187,-74.21897888183594,116.15217590332031,-61.27622985839844
1781099366244481300,129.68448120117188,-73.69975280761719,116.70132446289062,-61.29624938964844
1781099366285654300,129.725654296875,-73.49929809570312,117.22335815429688,-60.97224426269531
1781099366326830000,129.766830078125,-73.30088806152344,117.39193725585938,-61.26017761230469
1781099366368005400,129.80800537109374,-72.93331909179688,117.88642883300781,-61.226898193359375
1781099366409180200,129.84918017578124,-72.98747253417969,118.33160400390625,-61.43962097167969
1781099366450353200,129.89035327148437,-73.24476623535156,118.37991333007812,-62.05690002441406
1781099366491528200,129.93152807617187,-73.95576477050781,118.53359985351562,-61.98619079589844
1781099366532703200,129.972703125,-73.63285827636719,119.29249572753906,-61.953125
1781099366573877200,130.01387719726563,-72.93133544921875,120.03848266601562,-61.860809326171875
1781099366615052300,130.05505224609374,-71.77830505371094,120.28216552734375,-61.97853088378906
1781099366656225300,130.09622534179687,-70.67547607421875,120.33573913574219,-62.46452331542969
1781099366697399000,130.13739892578124,-69.96351623535156,120.27210998535156,-63.46818542480469
1781099366738572300,130.178572265625,-69.48635864257812,119.91462707519531,-63.50639343261719
1781099366779745300,130.21974536132814,-69.93745422363281,119.71395874023438,-64.01499938964844
1781099366820917200,130.2609172363281,-69.99314880371094,119.62966918945312,-64.79408264160156
1781099366862090200,130.30209033203124,-70.55867004394531,119.50575256347656,-65.24423217773438
1781099366903264300,130.34326416015625,-71.00288391113281,119.564453125,-65.55712890625
1781099366944438300,130.38443823242187,-71.05453491210938,119.98042297363281,-65.63832092285156
1781099366985612000,130.42561206054688,-71.19363403320312,120.86514282226562,-65.72291564941406
1781099367026787300,130.46678735351563,-71.16264343261719,121.50563049316406,-66.27076721191406
1781099367067963400,130.50796337890625,-70.43083190917969,122.2025146484375,-66.51614379882812
1781099367109135600,130.54913549804687,-70.03134155273438,122.64558410644531,-66.63742065429688
1781099367150306800,130.59030688476562,-68.78968811035156,122.72929382324219,-67.08683776855469
1781099367191480600,130.63148046875,-68.58714294433594,123.13778686523438,-67.24508666992188
1781099367232652500,130.67265258789064,-67.96926879882812,122.89337158203125,-68.20927429199219
1781099367273825500,130.71382543945313,-67.71693420410156,121.80723571777344,-68.88858032226562
1781099367314999800,130.7549997558594,-68.129150390625,121.19706726074219,-69.00614929199219
1781099367356173800,130.796173828125,-68.73321533203125,121.24867248535156,-69.02035522460938
1781099367397345800,130.837345703125,-68.94560241699219,120.97714233398438,-69.31692504882812
1781099367438519800,130.87851977539063,-69.63166809082031,120.79238891601562,-68.82180786132812
1781099367479690800,130.91969067382811,-69.79454040527344,120.55560302734375,-68.46504211425781
1781099367520865800,130.96086572265625,-69.43418884277344,121.27188110351562,-68.07221984863281
1781099367562037800,131.00203784179686,-68.79779052734375,121.14952087402344,-68.16923522949219
1781099367603209700,131.04320971679687,-68.85044860839844,120.57925415039062,-68.38182067871094
1781099367644381700,131.08438159179687,-68.75224304199219,120.18141174316406,-68.54652404785156
1781099367685554700,131.1255546875,-68.84349060058594,120.25263977050781,-69.07829284667969
1781099367726727700,131.16672778320313,-69.36863708496094,119.79191589355469,-69.85470581054688
1781099367767899000,131.20789892578125,-70.00115966796875,119.36158752441406,-70.23698425292969
1781099367809070800,131.24907080078125,-70.23088073730469,119.063720703125,-70.505126953125
1781099367850241500,131.29024145507813,-70.32695007324219,118.39010620117188,-70.72946166992188
1781099367891417900,131.33141796875,-71.10531616210938,118.11167907714844,-70.067138671875
1781099367932590800,131.3725908203125,-71.86408996582031,118.5682373046875,-69.63560485839844
1781099367973765600,131.413765625,-71.57925415039062,118.47489929199219,-69.62208557128906
1781099368014937600,131.4549375,-71.478759765625,118.00080871582031,-69.41813659667969
1781099368056107800,131.49610766601563,-72.33889770507812,118.13533020019531,-68.78662109375
1781099368097278500,131.53727856445312,-71.77677917480469,117.93099975585938,-69.105224609375
1781099368138452200,131.5784521484375,-71.61245727539062,117.70314025878906,-69.62576293945312
1781099368179623400,131.61962353515625,-71.59716796875,117.33692932128906,-69.220947265625
1781099368220794400,131.66079443359374,-71.78443908691406,117.67306518554688,-69.3521728515625
1781099368261964300,131.70196435546876,-71.78848266601562,117.16690063476562,-69.91468811035156
1781099368303135500,131.74313549804688,-72.3182373046875,116.73036193847656,-70.10032653808594
1781099368344305200,131.78430517578124,-72.97857666015625,116.13291931152344,-70.16351318359375
1781099368385474600,131.825474609375,-73.35939025878906,115.44505310058594,-70.03924560546875
1781099368426645200,131.86664526367187,-74.10983276367188,115.39671325683594,-68.45780944824219
1781099368467817200,131.90781713867187,-74.87281799316406,115.37835693359375,-67.08612060546875
1781099368508990200,131.948990234375,-74.31977844238281,116.18852233886719,-66.01318359375
1781099368550165500,131.99016552734375,-72.82698059082031,116.39260864257812,-65.4990234375
1781099368591337500,132.03133740234375,-72.60850524902344,116.49555969238281,-65.08802795410156
1781099368632507400,132.07250732421875,-73.11326599121094,117.50636291503906,-64.13690185546875
1781099368673678300,132.11367822265626,-72.91848754882812,118.58616638183594,-64.43171691894531
1781099368714850300,132.15485034179687,-71.89918518066406,119.45365905761719,-64.89474487304688
1781099368756022500,132.1960224609375,-71.01904296875,119.53439331054688,-65.28770446777344
1781099368797193200,132.23719311523436,-71.36332702636719,119.36257934570312,-65.42071533203125
1781099368838365400,132.27836547851564,-72.24342346191406,117.76104736328125,-66.37596130371094
1781099368879536400,132.31953637695312,-73.26434326171875,116.2415771484375,-66.81779479980469
1781099368920707600,132.36070751953125,-75.20416259765625,115.52064514160156,-66.56422424316406
1781099368961879600,132.4018796386719,-75.79032897949219,116.24929809570312,-66.59046936035156
1781099369003049500,132.44304956054688,-76.33042907714844,116.67356872558594,-66.6693115234375
1781099369044218400,132.48421826171875,-75.7847900390625,117.5352783203125,-67.08460998535156
1781099369085389000,132.52538916015624,-75.44461059570312,117.72366333007812,-67.91888427734375
1781099369126561300,132.56656127929688,-75.15960693359375,117.74501037597656,-69.10708618164062
1781099369167734300,132.607734375,-75.88169860839844,118.31156921386719,-69.00267028808594
1781099369208907000,132.64890698242186,-75.65869140625,118.58103942871094,-69.01614379882812
1781099369250078200,132.690078125,-75.78419494628906,119.84297180175781,-68.99948120117188
1781099369291250000,132.73125,-75.5638427734375,121.04072570800781,-69.63482666015625
1781099369332422100,132.77242211914063,-75.30134582519531,122.57412719726562,-70.79203796386719
1781099369373596200,132.81359619140625,-74.72769165039062,123.15681457519531,-72.43255615234375
1781099369414767900,132.85476782226561,-74.03117370605469,122.96453857421875,-74.106689453125
1781099369455943200,132.8959431152344,-73.47640991210938,122.37675476074219,-75.38970947265625
1781099369497114000,132.93711401367187,-73.25314331054688,121.04229736328125,-75.87384033203125
1781099369538283000,132.97828295898438,-73.6976318359375,120.37699890136719,-75.51712036132812
1781099369579454200,133.0194541015625,-73.74671936035156,119.54444885253906,-75.73692321777344
1781099369620625000,133.060625,-73.26695251464844,117.98179626464844,-75.9818115234375
1781099369661792000,133.1017919921875,-73.78266906738281,116.32150268554688,-75.7310791015625
1781099369702963200,133.14296313476564,-74.89454650878906,114.85284423828125,-74.28651428222656
1781099369744132000,133.18413208007811,-75.68954467773438,113.95228576660156,-72.37313842773438
1781099369785302300,133.22530224609375,-77.27096557617188,113.73245239257812,-70.68063354492188
1781099369826475300,133.26647534179688,-77.71551513671875,114.47346496582031,-68.57952880859375
1781099369867646000,133.30764599609375,-78.66273498535156,117.11921691894531,-67.63427734375
1781099369908816100,133.3488161621094,-78.19692993164062,119.26837158203125,-68.17898559570312
1781099369949988000,133.38998803710936,-77.64183044433594,121.49528503417969,-70.00877380371094
1781099369991161000,133.4311611328125,-77.03184509277344,122.81144714355469,-73.06184387207031
1781099370032334000,133.472333984375,-76.72671508789062,122.68864440917969,-75.77351379394531
1781099370073506800,133.5135068359375,-77.19049072265625,121.04678344726562,-77.70962524414062
1781099370114677000,133.55467700195314,-78.38325500488281,119.37385559082031,-78.58982849121094
1781099370155848700,133.5958486328125,-80.46186828613281,117.50514221191406,-77.96186828613281
1781099370197019000,133.63701879882814,-82.39399719238281,117.37184143066406,-76.26513671875
1781099370238193000,133.67819287109376,-84.42784118652344,119.16036987304688,-74.96267700195312
1781099370279366700,133.71936669921874,-84.44961547851562,122.13299560546875,-75.54707336425781
1781099370320542000,133.7605419921875,-84.37954711914062,123.89802551269531,-77.78533935546875
1781099370361715000,133.80171484375,-83.41728210449219,123.94798278808594,-80.39237976074219
1781099370402886000,133.84288598632813,-84.93356323242188,123.16963195800781,-81.90309143066406
1781099370444057900,133.88405786132813,-86.27267456054688,122.54718017578125,-81.06913757324219
1781099370485229800,133.92522973632813,-87.28594970703125,123.2991943359375,-80.0635986328125
1781099370526400800,133.96640087890626,-87.2413330078125,125.6351318359375,-79.30191040039062
1781099370567572000,134.00757202148438,-86.55191040039062,128.3080596923828,-80.43667602539062
1781099370608742000,134.04874194335937,-84.79541015625,129.3055877685547,-82.97431945800781
1781099370649912800,134.0899128417969,-84.41236877441406,128.4228973388672,-84.9434814453125
1781099370691084000,134.131083984375,-84.4949951171875,127.73664855957031,-85.15730285644531
1781099370732257800,134.1722578125,-84.62127685546875,128.56707763671875,-84.71208190917969
1781099370773431800,134.2134318847656,-84.34054565429688,129.44338989257812,-85.83425903320312
1781099370814605800,134.25460571289062,-84.75534057617188,129.91075134277344,-87.2325439453125
1781099370855777800,134.29577783203126,-84.01200866699219,130.13478088378906,-87.80564880371094
1781099370896950800,134.33695068359376,-84.00747680664062,130.47933959960938,-88.79692077636719
1781099370938125800,134.37812573242186,-85.32467651367188,129.247802734375,-89.46647644042969
1781099370979298800,134.419298828125,-86.00494384765625,129.12994384765625,-88.87519836425781
1781099371020471800,134.46047192382812,-86.56562805175781,129.62074279785156,-87.671875
1781099371061646800,134.50164672851562,-86.13304138183594,130.99960327148438,-87.17587280273438
1781099371102820600,134.54282055664063,-84.2132568359375,132.05270385742188,-87.66560363769531
1781099371143993600,134.58399365234374,-82.40524291992188,131.4188995361328,-89.41673278808594
1781099371185168400,134.62516845703124,-81.88093566894531,129.10809326171875,-89.52943420410156
1781099371226341400,134.66634130859376,-82.39515686035156,127.74732971191406,-87.47430419921875
1781099371267512600,134.7075126953125,-82.23703002929688,127.46717834472656,-85.63006591796875
1781099371308683500,134.74868359375,-81.00936889648438,127.931640625,-84.108154296875
1781099371349852700,134.78985278320312,-79.6083984375,127.68746948242188,-83.53143310546875
1781099371391019500,134.83101953125,-78.18650817871094,127.33209228515625,-83.61817932128906
1781099371432190700,134.87219067382813,-76.85211181640625,125.51519775390625,-83.47608947753906
1781099371473362700,134.91336279296874,-75.97361755371094,123.47996520996094,-83.17195129394531
1781099371514536700,134.95453662109375,-75.90928649902344,121.05136108398438,-82.28227233886719
1781099371555709700,134.99570971679688,-76.69784545898438,118.96931457519531,-80.75262451171875
1781099371596880600,135.03688061523437,-77.95704650878906,116.80522155761719,-78.44146728515625
1781099371638048800,135.078048828125,-78.995361328125,115.56610107421875,-74.31559753417969
1781099371679218400,135.11921850585938,-79.51325988769531,116.30165100097656,-70.70368957519531
1781099371720388600,135.160388671875,-78.94134521484375,117.24220275878906,-69.09544372558594
1781099371761561600,135.2015615234375,-78.84933471679688,116.9906005859375,-67.87855529785156
1781099371802734600,135.24273461914063,-79.4781494140625,116.34060668945312,-66.41171264648438
1781099371843907600,135.28390747070313,-79.5787353515625,116.16133117675781,-64.923095703125
1781099371885081600,135.32508154296875,-80.03102111816406,116.65800476074219,-64.09356689453125
1781099371926254600,135.36625463867188,-80.30563354492188,116.087646484375,-63.6796875
1781099371967429600,135.4074296875,-81.25851440429688,115.40141296386719,-62.51673889160156
1781099372008602600,135.4486025390625,-82.12025451660156,115.61920166015625,-61.14360046386719
1781099372049776600,135.48977661132812,-82.99679565429688,116.79054260253906,-61.00321960449219
1781099372090947800,135.53094775390625,-83.08827209472656,117.97792053222656,-61.81129455566406
1781099372132119600,135.57211962890625,-83.55429077148438,118.67953491210938,-62.8377685546875
1781099372173290800,135.61329077148437,-83.59918212890625,119.57377624511719,-63.92243957519531
1781099372214464800,135.65446484375,-84.19071960449219,120.08676147460938,-64.49221801757812
1781099372255636700,135.69563671875,-83.82270812988281,120.23750305175781,-64.29966735839844
1781099372296808700,135.73680859375,-83.77879333496094,121.07646179199219,-64.24363708496094
1781099372337982700,135.77798266601562,-83.32139587402344,121.962890625,-64.43112182617188
1781099372379153700,135.81915356445313,-82.73951721191406,121.72569274902344,-65.39010620117188
1781099372420329700,135.86032983398437,-82.50041198730469,120.28163146972656,-66.08834838867188
1781099372461503700,135.90150366210938,-82.70146179199219,119.19670104980469,-65.87257385253906
1781099372502676700,135.9426767578125,-83.69679260253906,118.4525146484375,-64.82771301269531
1781099372543848700,135.9838486328125,-85.00784301757812,118.49322509765625,-63.547271728515625
1781099372585018600,136.0250185546875,-85.31449890136719,119.55058288574219,-62.538055419921875
1781099372626190600,136.06619067382812,-85.34849548339844,120.6185302734375,-61.80821228027344
1781099372667363600,136.10736352539064,-85.37275695800781,122.598876953125,-61.62751770019531
1781099372708539000,136.14853881835938,-84.91067504882812,124.31591796875,-62.14715576171875
1781099372749713700,136.18971362304688,-84.33720397949219,125.89724731445312,-63.48211669921875
1781099372790889700,136.2308896484375,-83.28797912597656,128.1431884765625,-64.81367492675781
1781099372832062700,136.2720627441406,-82.267333984375,129.64193725585938,-66.56697082519531
1781099372873239800,136.31323974609376,-80.75125122070312,131.04078674316406,-68.41154479980469
1781099372914413600,136.35441357421874,-79.49684143066406,130.98135375976562,-70.67396545410156
1781099372955590000,136.39558984375,-78.63642883300781,130.8892364501953,-72.052978515625
1781099372996766000,136.43676586914063,-78.46687316894531,130.0014190673828,-73.12396240234375
1781099373037942500,136.47794262695314,-78.50544738769531,129.5110626220703,-73.641845703125
1781099373079119400,136.51911938476562,-78.26968383789062,129.19183349609375,-73.51243591308594
1781099373120292400,136.56029223632814,-78.91348266601562,128.3926544189453,-73.24000549316406
1781099373161467600,136.60146752929688,-78.29084777832031,127.75907897949219,-72.81327819824219
1781099373202643500,136.6426435546875,-78.04934692382812,126.45028686523438,-73.26112365722656
1781099373243817500,136.6838173828125,-78.02850341796875,125.06663513183594,-73.24551391601562
1781099373284990500,136.72499047851562,-78.93147277832031,124.43901062011719,-73.56578063964844
1781099373326163500,136.76616357421875,-79.42147827148438,124.15724182128906,-73.44595336914062
1781099373367336400,136.80733642578124,-81.36250305175781,124.48860168457031,-72.86058044433594
1781099373408510500,136.84851049804686,-82.07099914550781,125.43608093261719,-71.50665283203125
1781099373449685500,136.889685546875,-81.22645568847656,125.54335021972656,-70.69515991210938
1781099373490859500,136.93085961914062,-80.82582092285156,124.82109069824219,-69.68879699707031
1781099373532032500,136.9720324707031,-79.3634033203125,123.94981384277344,-68.19175720214844
1781099373573206500,137.01320654296876,-78.64973449707031,122.44497680664062,-67.35711669921875
1781099373614379500,137.05437963867186,-77.92718505859375,121.01708984375,-66.29644775390625
1781099373655554600,137.09555444335936,-77.57211303710938,119.92332458496094,-65.47421264648438
1781099373696727600,137.1367275390625,-76.88780212402344,119.22348022460938,-64.66067504882812
1781099373737899500,137.1778994140625,-77.5640869140625,118.845458984375,-64.18049621582031
1781099373779073500,137.2190734863281,-77.72006225585938,118.29005432128906,-64.14208984375
1781099373820246500,137.26024658203124,-77.91978454589844,118.09625244140625,-64.59869384765625
1781099373861417500,137.30141748046876,-77.67277526855469,117.59892272949219,-65.38436889648438
1781099373902591500,137.34259155273438,-78.87405395507812,116.85209655761719,-66.32418823242188
1781099373943762400,137.38376245117186,-80.94450378417969,116.30038452148438,-66.85647583007812
1781099373984936400,137.4249365234375,-83.03958129882812,116.19004821777344,-67.37675476074219
1781099374026111500,137.46611157226562,-85.53797912597656,116.69401550292969,-67.37567138671875
1781099374067285500,137.50728540039063,-88.17619323730469,118.34736633300781,-67.25961303710938
1781099374108459300,137.5484592285156,-88.87211608886719,119.79971313476562,-66.66239929199219
1781099374149633300,137.58963330078126,-87.83340454101562,121.96556091308594,-66.07542419433594
1781099374190808300,137.63080834960937,-85.82209777832031,123.49761962890625,-65.65748596191406
1781099374231980300,137.67198022460937,-84.88322448730469,123.62193298339844,-64.78515625
1781099374273154300,137.713154296875,-83.59663391113281,124.015869140625,-63.8917236328125
1781099374314326300,137.754326171875,-82.4212646484375,123.95838928222656,-63.563751220703125
1781099374355502300,137.79550244140626,-81.25,123.48680114746094,-61.9913330078125
1781099374396680400,137.83668041992186,-80.49153137207031,124.513427734375,-60.82020568847656
1781099374437857300,137.87785717773437,-78.76519775390625,124.36529541015625,-60.274261474609375
1781099374479033300,137.91903344726563,-77.86552429199219,123.95330810546875,-59.89894104003906
1781099374520208400,137.96020849609374,-77.53663635253906,123.75416564941406,-59.69404602050781
1781099374561384400,138.00138452148437,-77.87196350097656,123.77424621582031,-59.41302490234375
1781099374602557400,138.04255737304686,-77.69363403320312,124.39724731445312,-59.00762939453125
1781099374643731500,138.0837314453125,-76.14352416992188,124.41773986816406,-58.067169189453125
1781099374684905200,138.1249052734375,-74.3499755859375,124.01368713378906,-58.23051452636719
1781099374726077400,138.16607739257813,-73.09611511230469,123.60833740234375,-57.8984375
1781099374767251200,138.2072512207031,-72.24746704101562,122.09735107421875,-59.05665588378906
1781099374808423200,138.24842309570312,-72.54478454589844,120.70425415039062,-60.1328125
1781099374849600300,138.28960034179687,-74.13473510742188,119.90875244140625,-60.43064880371094
1781099374890774300,138.33077416992188,-75.23101806640625,119.73361206054688,-60.25456237792969
1781099374931949300,138.37194921875,-76.22923278808594,119.94097900390625,-60.04789733886719
1781099374973122300,138.41312231445312,-75.78431701660156,120.16934204101562,-60.324951171875
1781099375014295300,138.45429541015625,-75.21647644042969,119.61503601074219,-60.967071533203125
1781099375055470300,138.49547021484375,-75.87435913085938,118.90596008300781,-61.5067138671875
1781099375096641000,138.53664111328126,-76.92005920410156,119.26202392578125,-61.98260498046875
1781099375137813000,138.57781298828124,-77.13450622558594,119.55068969726562,-62.672698974609375
1781099375178986000,138.61898608398437,-77.7572021484375,119.28971862792969,-62.459716796875
1781099375220161300,138.6601613769531,-77.91526794433594,119.29908752441406,-62.256805419921875
1781099375261339100,138.70133911132814,-77.80679321289062,119.38116455078125,-62.09527587890625
1781099375302514200,138.74251416015625,-77.35467529296875,119.53120422363281,-61.618804931640625
1781099375343689000,138.78368896484375,-76.53103637695312,119.13835144042969,-60.88238525390625
1781099375384863200,138.82486328125,-75.17704772949219,118.37007141113281,-60.733001708984375
1781099375426037000,138.866037109375,-74.67735290527344,117.33773803710938,-61.05412292480469
1781099375467209200,138.90720922851563,-74.50205993652344,115.43785095214844,-60.64936828613281
1781099375508384000,138.94838403320313,-76.1357421875,114.26043701171875,-60.373260498046875
1781099375549557000,138.98955688476562,-77.12728881835938,113.41537475585938,-60.28474426269531
1781099375590732000,139.03073193359376,-78.408935546875,113.88749694824219,-60.09759521484375
1781099375631908000,139.071908203125,-79.65707397460938,113.84513854980469,-60.65386962890625
1781099375673084000,139.113083984375,-80.39578247070312,113.90176391601562,-61.25762939453125
1781099375714264000,139.15426416015626,-81.56851196289062,113.86700439453125,-62.1793212890625
1781099375755442200,139.19544213867186,-83.48167419433594,114.11671447753906,-62.95783996582031
1781099375796617000,139.23661694335937,-85.25895690917969,114.81935119628906,-64.02450561523438
1781099375837792300,139.27779223632814,-86.81452941894531,115.44525146484375,-64.28292846679688
1781099375878966000,139.31896606445312,-87.432373046875,115.678955078125,-64.71913146972656
1781099375920141000,139.36014111328126,-88.1180419921875,116.68174743652344,-64.83088684082031
1781099375961315000,139.40131518554688,-88.87408447265625,117.99775695800781,-65.12744140625
1781099376002491000,139.44249096679687,-88.95919799804688,119.21697998046875,-65.23489379882812
1781099376043667200,139.48366723632813,-88.0633544921875,119.14813232421875,-65.43363952636719
1781099376084844000,139.52484399414064,-88.17794799804688,118.89799499511719,-65.86029052734375
1781099376126022100,139.56602221679688,-88.35408020019531,118.88336181640625,-66.18936157226562
1781099376167199200,139.60719921875,-89.01712036132812,118.84892272949219,-65.84902954101562
1781099376208377000,139.64837719726563,-89.78085327148438,118.78439331054688,-65.53042602539062
1781099376249553200,139.68955322265626,-90.58865356445312,119.11477661132812,-64.95365905761719
1781099376290728200,139.73072827148437,-90.68690490722656,119.55007934570312,-64.54940795898438
1781099376331901200,139.7719011230469,-90.55718994140625,119.91993713378906,-63.95491027832031
1781099376373074200,139.81307421875,-90.95344543457031,120.85287475585938,-63.462493896484375
1781099376414244000,139.854244140625,-91.07391357421875,121.83836364746094,-63.15315246582031
1781099376455417000,139.8954169921875,-90.51239013671875,123.04878234863281,-62.632415771484375
1781099376496593200,139.93659326171874,-89.78131103515625,124.23443603515625,-62.60923767089844
1781099376537770000,139.97777001953125,-88.54766845703125,124.66197204589844,-62.569671630859375
1781099376578946000,140.01894604492188,-87.07341003417969,125.60160827636719,-62.85791015625
1781099376620119000,140.060119140625,-85.78144836425781,125.78375244140625,-63.1630859375
1781099376661294300,140.10129443359375,-84.67793273925781,126.24708557128906,-62.99382019042969
1781099376702467300,140.14246728515624,-83.4715576171875,126.51882934570312,-62.46864318847656
1781099376743643100,140.18364306640626,-82.5267333984375,127.44252014160156,-62.06938171386719
1781099376784817200,140.22481713867188,-80.27958679199219,128.00843811035156,-61.49870300292969
1781099376825992200,140.2659921875,-78.35791015625,128.8147735595703,-61.19111633300781
1781099376867165200,140.30716528320312,-76.79864501953125,128.62030029296875,-61.449249267578125
1781099376908338200,140.3483381347656,-75.275390625,128.5570831298828,-61.508941650390625
1781099376949512200,140.38951220703126,-74.36184692382812,128.08816528320312,-61.625457763671875
1781099376990686200,140.43068627929688,-73.81719970703125,127.83651733398438,-60.96180725097656
1781099377031860200,140.47186010742186,-72.67129516601562,127.45793151855469,-60.67872619628906
1781099377073036300,140.51303637695312,-72.40071105957031,127.68051147460938,-59.85011291503906
1781099377114212600,140.5542126464844,-71.58393859863281,127.97052001953125,-59.02793884277344
1781099377155385900,140.5953857421875,-70.63096618652344,128.28765869140625,-58.01075744628906
1781099377196560600,140.636560546875,-68.64666748046875,128.95596313476562,-57.00791931152344
1781099377237738500,140.67773852539062,-66.86697387695312,129.41419982910156,-55.8994140625
1781099377278914800,140.7189147949219,-64.87767028808594,129.70042419433594,-55.270599365234375
1781099377320092700,140.7600927734375,-63.4306640625,129.4280548095703,-54.64886474609375
1781099377361270800,140.80127075195313,-61.67851257324219,129.21368408203125,-54.674041748046875
1781099377402449700,140.84244970703125,-60.45796203613281,128.35108947753906,-54.72615051269531
1781099377443626800,140.88362670898437,-59.09931945800781,127.91316223144531,-55.63555908203125
1781099377484801500,140.92480151367187,-58.671112060546875,127.46434020996094,-55.967987060546875
1781099377525976600,140.9659765625,-58.037200927734375,127.51670837402344,-56.630218505859375
1781099377567149600,141.00714965820313,-57.355682373046875,127.08714294433594,-57.43711853027344
1781099377608322600,141.04832250976563,-57.2667236328125,126.92854309082031,-58.3055419921875
1781099377649495600,141.08949560546876,-56.48344421386719,126.45236206054688,-59.54322814941406
1781099377690668500,141.13066845703125,-56.703216552734375,125.79443359375,-59.714080810546875
1781099377731840500,141.1718405761719,-57.04353332519531,125.02751159667969,-59.90411376953125
1781099377773011700,141.21301171875,-57.82929992675781,124.76924133300781,-60.194122314453125
1781099377814182400,141.2541823730469,-57.497772216796875,124.87223815917969,-60.456451416015625
1781099377855353600,141.295353515625,-58.48832702636719,123.96150207519531,-61.34175109863281
1781099377896527600,141.33652758789063,-59.34423828125,123.251708984375,-61.620574951171875
1781099377937701600,141.37770166015625,-59.86663818359375,122.56764221191406,-63.130157470703125
1781099377978872600,141.41887255859376,-60.313690185546875,122.93612670898438,-63.62065124511719
1781099378020047600,141.46004760742187,-60.98948669433594,122.97639465332031,-63.81306457519531
1781099378061222700,141.50122265625,-61.48286437988281,122.71839904785156,-64.32136535644531
1781099378102392000,141.54239208984376,-62.20722961425781,123.04377746582031,-64.72280883789062
1781099378143564000,141.58356396484376,-63.324188232421875,123.46981811523438,-64.97648620605469
1781099378184735000,141.62473486328125,-64.49774169921875,123.34854125976562,-64.84510803222656
1781099378225909000,141.66590893554687,-65.48846435546875,123.7357177734375,-64.55221557617188
1781099378267086000,141.70708618164062,-65.64483642578125,124.236328125,-64.45030212402344
1781099378308262000,141.74826196289064,-65.47042846679688,124.97982788085938,-64.52201843261719
1781099378349437000,141.78943701171875,-65.2332763671875,125.77120971679688,-65.373291015625
1781099378390610000,141.83060986328124,-64.71910095214844,125.8516845703125,-65.20726013183594
1781099378431786000,141.87178588867187,-63.899383544921875,126.03761291503906,-65.76583862304688
1781099378472959000,141.912958984375,-63.213165283203125,125.71441650390625,-66.76396179199219
1781099378514131000,141.954130859375,-62.57991027832031,125.19047546386719,-67.67332458496094
1781099378555304000,141.99530395507813,-61.91844177246094,124.98812866210938,-68.17784118652344
1781099378596478000,142.03647802734375,-61.79078674316406,123.77407836914062,-68.78851318359375
1781099378637656800,142.07765673828126,-62.567138671875,122.6591796875,-68.796875
1781099378678829800,142.11882983398436,-62.93482971191406,121.536865234375,-69.18955993652344
1781099378720006000,142.160005859375,-63.29417419433594,120.48562622070312,-69.51739501953125
1781099378761181000,142.20118090820313,-64.0645751953125,120.14765930175781,-69.79278564453125
1781099378802354000,142.24235400390626,-65.20878601074219,119.44709777832031,-70.11363220214844
1781099378843524000,142.28352416992186,-66.1090087890625,118.60575866699219,-70.7874755859375
1781099378884697000,142.32469702148438,-66.87001037597656,118.62466430664062,-70.96604919433594
1781099378925869800,142.36586987304688,-67.54022216796875,118.1759033203125,-71.28268432617188
1781099378967042800,142.40704272460937,-68.02410888671875,117.930908203125,-71.21258544921875
1781099379008218000,142.4482180175781,-68.99113464355469,117.52018737792969,-70.97918701171875
1781099379049391000,142.48939111328124,-69.62617492675781,117.43081665039062,-70.32728576660156
1781099379090564000,142.53056420898437,-71.04067993164062,117.17047119140625,-70.21382141113281
1781099379131737300,142.5717373046875,-71.51025390625,117.47784423828125,-69.39443969726562
1781099379172910300,142.61291040039063,-71.4508056640625,117.15919494628906,-69.29240417480469
1781099379214082300,142.65408227539064,-71.54237365722656,117.26400756835938,-69.1424560546875
1781099379255251200,142.6952512207031,-71.64334106445312,118.09526062011719,-68.22639465332031
1781099379296424200,142.73642407226563,-71.32679748535156,118.50442504882812,-67.57746887207031
1781099379337597200,142.77759716796874,-71.58897399902344,118.58023071289062,-67.34342956542969
1781099379378770200,142.81877026367187,-71.35038757324219,118.27894592285156,-67.05813598632812
1781099379419942100,142.85994213867187,-71.7452392578125,117.88307189941406,-67.13661193847656
1781099379461111000,142.90111108398438,-71.60675048828125,117.88200378417969,-66.96934509277344
1781099379502281200,142.94228125,-72.06364440917969,117.23521423339844,-66.62037658691406
1781099379543456000,142.9834560546875,-72.69853210449219,116.48980712890625,-66.06446838378906
1781099379584627200,143.02462719726563,-72.98530578613281,116.71427917480469,-65.98463439941406
1781099379625798100,143.06579809570312,-73.79261779785156,117.29331970214844,-65.90374755859375
1781099379666969000,143.10696899414063,-73.64863586425781,117.28598022460938,-65.66184997558594
1781099379708139300,143.14813916015626,-74.01602172851562,117.52861022949219,-65.44757080078125
1781099379749314000,143.18931396484376,-73.9127197265625,118.44654846191406,-65.99705505371094
1781099379790487000,143.23048706054686,-73.45512390136719,119.12223815917969,-66.42642211914062
1781099379831660000,143.27165991210939,-73.55142211914062,119.45062255859375,-67.17295837402344
1781099379872834300,143.3128342285156,-73.10275268554688,119.11135864257812,-67.43641662597656
1781099379914009000,143.3540090332031,-73.48814392089844,119.26863098144531,-67.8017578125
1781099379955183000,143.39518310546876,-73.76690673828125,118.88658142089844,-67.68252563476562
1781099379996356000,143.43635620117186,-74.5140380859375,118.93418884277344,-66.82051086425781
1781099380037530000,143.47753002929687,-74.44523620605469,118.88668823242188,-66.32490539550781
1781099380078706000,143.51870581054686,-74.61737060546875,119.50390625,-65.24896240234375
1781099380119881000,143.559880859375,-74.57342529296875,120.16334533691406,-65.15399169921875
1781099380161058000,143.60105810546875,-73.84866333007812,120.93482971191406,-64.77284240722656
1781099380202235000,143.64223486328126,-73.49850463867188,121.2020263671875,-64.94801330566406
1781099380243408000,143.68340795898436,-72.30615234375,121.32136535644531,-65.08534240722656
1781099380284585000,143.7245849609375,-72.03573608398438,120.95513916015625,-65.60350036621094
1781099380325760800,143.7657607421875,-71.5318603515625,120.52963256835938,-65.888916015625
1781099380366936000,143.80693603515624,-71.27874755859375,119.8857421875,-65.61676025390625
1781099380408109000,143.84810913085937,-71.91954040527344,119.24772644042969,-65.3914794921875
1781099380449281000,143.88928100585937,-72.22116088867188,119.11225891113281,-64.5120849609375
1781099380490455800,143.93045581054687,-72.53068542480469,118.45718383789062,-64.62800598144531
1781099380531631900,143.9716318359375,-73.00434875488281,118.08151245117188,-64.31785583496094
1781099380572804900,144.01280493164063,-72.80513000488281,117.84931945800781,-64.36087036132812
1781099380613973800,144.05397387695314,-73.2830810546875,116.95564270019531,-64.32460021972656
1781099380655144000,144.09514404296874,-73.4892578125,116.93318176269531,-64.15303039550781
1781099380696315100,144.13631518554686,-74.24043273925781,116.79949951171875,-64.35110473632812
1781099380737485000,144.1774851074219,-74.63392639160156,116.47117614746094,-64.23085021972656
1781099380778658800,144.21865893554687,-75.15684509277344,116.46359252929688,-64.45124816894531
1781099380819833000,144.2598330078125,-75.19598388671875,116.20747375488281,-64.33795166015625
1781099380861008000,144.3010078125,-75.99386596679688,115.59156799316406,-63.885162353515625
1781099380902182000,144.34218188476564,-76.39552307128906,115.19766235351562,-63.09407043457031
1781099380943355000,144.38335498046874,-76.89118957519531,115.18978881835938,-62.13661193847656
1781099380984528100,144.42452807617187,-77.5235595703125,114.96778869628906,-61.37986755371094
1781099381025698800,144.46569873046874,-77.63670349121094,115.00552368164062,-60.66835021972656
1781099381066871000,144.50687109375,-78.57853698730469,114.92207336425781,-60.22297668457031
1781099381108042000,144.5480419921875,-78.52882385253906,115.02241516113281,-59.42576599121094
1781099381149215000,144.58921508789064,-78.099609375,115.30137634277344,-59.004150390625
1781099381190387000,144.6303869628906,-78.4832763671875,115.84870910644531,-58.05731201171875
1781099381231562000,144.67156201171875,-78.023681640625,116.262939453125,-57.73396301269531
1781099381272732000,144.71273193359374,-77.69593811035156,116.40495300292969,-57.343658447265625
1781099381313901000,144.7539011230469,-76.51214599609375,116.73715209960938,-56.80451965332031
1781099381355071000,144.79507104492188,-75.92529296875,116.83244323730469,-56.3681640625
1781099381396243200,144.8362431640625,-74.87521362304688,117.04283142089844,-56.19804382324219
1781099381437414000,144.87741381835937,-74.90156555175781,117.12838745117188,-56.20353698730469
1781099381478585000,144.91858520507813,-74.20513916015625,117.01368713378906,-56.25328063964844
1781099381519755000,144.95975512695313,-74.25927734375,116.57713317871094,-56.24627685546875
1781099381560925000,145.00092504882812,-74.32664489746094,116.49569702148438,-56.45997619628906
1781099381602098000,145.04209790039062,-74.36769104003906,116.300048828125,-56.75523376464844
1781099381643270000,145.08326977539062,-75.08049011230469,116.42474365234375,-56.95317077636719
1781099381684439800,145.12443969726561,-76.29167175292969,116.67819213867188,-56.7470703125
1781099381725610000,145.16560986328125,-76.67826843261719,116.72764587402344,-56.872344970703125
1781099381766781200,145.20678125,-76.88906860351562,117.23092651367188,-57.2020263671875
1781099381807956000,145.2479560546875,-78.01435852050781,117.70967102050781,-57.4041748046875
1781099381849129000,145.28912890625,-77.959228515625,118.14851379394531,-57.34181213378906
1781099381890302000,145.33030200195313,-78.52093505859375,118.78564453125,-56.67933654785156
1781099381931477000,145.37147705078124,-78.68931579589844,119.15449523925781,-56.2066650390625
1781099381972652800,145.41265283203126,-77.9808349609375,119.92425537109375,-55.439727783203125
1781099382013828000,145.453828125,-77.44404602050781,119.8441162109375,-54.27693176269531
1781099382054999000,145.4949990234375,-76.53256225585938,120.4151611328125,-53.24897766113281
1781099382096171300,145.53617114257813,-75.93023681640625,120.92127990722656,-52.47935485839844
1781099382137346600,145.5773466796875,-75.01896667480469,121.83009338378906,-52.19392395019531
1781099382178518500,145.6185185546875,-73.79972839355469,122.101318359375,-52.54206848144531
1781099382219691500,145.65969140625,-73.0311279296875,122.15821838378906,-52.75798034667969
1781099382260867300,145.70086743164063,-72.81651306152344,122.14561462402344,-54.37889099121094
1781099382302041600,145.74204150390625,-72.61643981933594,122.43470764160156,-56.216552734375
1781099382343217400,145.78321752929688,-73.11799621582031,122.42686462402344,-57.40415954589844
1781099382384391400,145.8243913574219,-73.87367248535156,122.59664916992188,-58.425140380859375
1781099382425562400,145.86556225585937,-74.77430725097656,122.77638244628906,-59.524688720703125
1781099382466734300,145.906734375,-74.87303161621094,122.91494750976562,-59.17036437988281
1781099382507903500,145.94790356445313,-75.79296875,122.79263305664062,-58.82887268066406
1781099382549072400,145.989072265625,-76.42901611328125,123.50723266601562,-58.166473388671875
1781099382590242300,146.0302421875,-76.54925537109375,123.67501831054688,-58.124114990234375
1781099382631412500,146.07141259765626,-76.20736694335938,124.26068115234375,-58.264251708984375
1781099382672584400,146.11258447265624,-76.56671142578125,124.4912109375,-57.882965087890625
1781099382713754400,146.15375439453126,-75.91448974609375,125.12484741210938,-58.14903259277344
1781099382754925600,146.19492553710938,-75.60725402832031,125.64329528808594,-58.93548583984375
1781099382796097500,146.23609765625,-75.70964050292969,125.76435852050781,-59.36936950683594
1781099382837267500,146.27726733398438,-76.31497192382812,126.02963256835938,-59.81434631347656
1781099382878437600,146.31843774414062,-75.49287414550781,126.59281921386719,-60.40794372558594
1781099382919606500,146.3596064453125,-75.98098754882812,126.63226318359375,-61.21369934082031
1781099382960774400,146.4007744140625,-75.75502014160156,126.91914367675781,-61.92503356933594
1781099383001944600,146.44194458007811,-76.88664245605469,126.27706909179688,-61.96623229980469
1781099383043114500,146.48311450195314,-78.14579772949219,125.75840759277344,-62.11659240722656
1781099383084282400,146.52428247070313,-78.53802490234375,126.07795715332031,-61.878509521484375
1781099383125451500,146.56545141601563,-79.22419738769531,126.63740539550781,-61.72064208984375
1781099383166624500,146.60662451171876,-78.86186218261719,127.54965209960938,-61.449462890625
1781099383207796500,146.64779638671874,-78.43281555175781,128.41818237304688,-60.91575622558594
1781099383248967700,146.6889677734375,-78.29914855957031,129.1879425048828,-60.98797607421875
1781099383290138400,146.73013842773437,-77.30195617675781,128.9872283935547,-61.44575500488281
1781099383331306800,146.771306640625,-76.97781372070312,128.26353454589844,-61.553741455078125
1781099383372474600,146.812474609375,-77.07975769042969,127.54510498046875,-61.7747802734375
1781099383413643500,146.8536435546875,-77.4761962890625,126.75064086914062,-61.562774658203125
1781099383454812400,146.8948125,-78.11488342285156,125.75758361816406,-61.45463562011719
1781099383495983600,146.93598364257812,-79.00079345703125,125.58903503417969,-60.536956787109375
1781099383537153500,146.97715356445312,-80.4730224609375,125.30598449707031,-59.88908386230469
1781099383578327600,147.01832763671874,-81.07807922363281,126.01850891113281,-59.23382568359375
1781099383619499800,147.05949975585938,-81.82110595703125,126.75862121582031,-58.43623352050781
1781099383660671500,147.10067138671874,-81.15605163574219,127.72810363769531,-58.30793762207031
1781099383701843500,147.14184350585938,-79.86515808105469,128.1644287109375,-59.01756286621094
1781099383743013600,147.183013671875,-79.32174682617188,128.585693359375,-59.74104309082031
1781099383784182500,147.2241826171875,-79.51678466796875,128.2968292236328,-60.6956787109375
1781099383825354500,147.2653544921875,-79.56581115722656,128.0225830078125,-62.03712463378906
1781099383866525700,147.30652563476562,-80.12962341308594,127.11375427246094,-63.23388671875
1781099383907696400,147.3476962890625,-81.97801208496094,126.62091064453125,-63.183746337890625
1781099383948864800,147.38886474609376,-84.42752075195312,126.96234130859375,-62.75202941894531
1781099383990035500,147.43003540039064,-85.61474609375,128.31002807617188,-62.264312744140625
1781099384031205600,147.47120556640624,-85.37075805664062,129.3782196044922,-61.644866943359375
1781099384072375600,147.51237548828124,-84.44551086425781,130.057373046875,-61.36509704589844
1781099384113545500,147.55354541015626,-84.17922973632812,131.1260223388672,-60.87782287597656
1781099384154715400,147.59471533203126,-84.17030334472656,131.8366241455078,-61.13780212402344
1781099384195886300,147.63588623046874,-83.65287780761719,132.31326293945312,-61.00035095214844
1781099384237055200,147.67705517578125,-83.17814636230469,132.7423858642578,-61.17234802246094
1781099384278224400,147.71822436523436,-82.91819763183594,132.83872985839844,-61.095367431640625
1781099384319395300,147.75939526367188,-82.63522338867188,133.8557586669922,-60.864410400390625
1781099384360565500,147.8005654296875,-81.6697998046875,133.36602783203125,-60.88581848144531
1781099384401736200,147.8417360839844,-81.10606384277344,132.54705810546875,-61.3050537109375
1781099384442906400,147.88290625,-81.13279724121094,131.94906616210938,-62.21992492675781
1781099384484077600,147.92407763671875,-82.45726013183594,131.18048095703125,-62.68255615234375
1781099384525249500,147.96524951171875,-83.99726867675781,131.2321319580078,-62.81797790527344
1781099384566420200,148.00642016601563,-84.848388671875,132.15164184570312,-62.12763977050781
1781099384607592400,148.04759252929688,-84.44451904296875,133.0413055419922,-61.56816101074219
1781099384648763400,148.08876342773436,-84.01094055175781,133.99363708496094,-60.69805908203125
1781099384689934600,148.1299345703125,-83.04893493652344,134.44601440429688,-60.80438232421875
1781099384731105300,148.17110522460936,-82.87083435058594,133.97732543945312,-61.32579040527344
1781099384772278300,148.2122783203125,-83.45802307128906,134.29798889160156,-61.2061767578125
1781099384813451300,148.253451171875,-84.01878356933594,135.5968780517578,-61.288848876953125
1781099384854623200,148.29462329101563,-82.90126037597656,136.87892150878906,-61.3299560546875
1781099384895797500,148.33579760742188,-82.07820129394531,138.44293212890625,-61.15289306640625
1781099384936970500,148.37697045898437,-80.96290588378906,138.79116821289062,-61.83964538574219
1781099384978142200,148.41814208984374,-79.75102233886719,139.02210998535156,-62.31452941894531
1781099385019317500,148.4593173828125,-79.73727416992188,138.93148803710938,-62.81413269042969
1781099385060489500,148.50048950195313,-79.99960327148438,138.23873901367188,-63.28611755371094
1781099385101663500,148.54166357421875,-80.16549682617188,138.0059051513672,-63.90150451660156
1781099385142838500,148.58283862304688,-80.38113403320312,138.0925750732422,-64.1385498046875
1781099385184010500,148.62401049804689,-81.48736572265625,138.478271484375,-64.491455078125
1781099385225181700,148.665181640625,-81.77177429199219,139.26402282714844,-64.47976684570312
1781099385266353700,148.70635375976562,-81.30078125,140.00718688964844,-65.11711120605469
1781099385307523600,148.74752368164062,-81.28060913085938,141.1129913330078,-65.87196350097656
1781099385348694500,148.78869458007813,-81.48326110839844,142.32769775390625,-67.41072082519531
1781099385389868500,148.82986865234375,-81.16847229003906,142.55484008789062,-68.28494262695312
1781099385431041500,148.87104150390624,-80.75772094726562,142.73202514648438,-68.82186889648438
1781099385472214800,148.91221484375,-79.96864318847656,142.3324432373047,-68.89321899414062
1781099385513388500,148.95338842773438,-79.44622802734375,142.34368896484375,-69.24873352050781
1781099385554564400,148.994564453125,-79.33062744140625,142.66188049316406,-69.70414733886719
1781099385595739600,149.03573974609375,-78.99729919433594,143.11886596679688,-70.20625305175781
1781099385636913700,149.07691357421874,-78.81571960449219,143.5606689453125,-70.67095947265625
1781099385678087400,149.11808740234375,-78.61799621582031,143.62806701660156,-71.0977783203125
1781099385719261700,149.15926171875,-79.06072998046875,143.4601287841797,-71.22998046875
1781099385760434700,149.2004345703125,-78.23185729980469,142.76678466796875,-71.93952941894531
1781099385801607700,149.24160766601562,-78.45307922363281,141.93130493164062,-72.30911254882812
1781099385842780700,149.28278076171875,-78.20767211914062,141.74024963378906,-72.2349853515625
1781099385883955500,149.32395556640626,-78.50216674804688,140.96792602539062,-72.30213928222656
1781099385925130500,149.36513061523436,-78.61439514160156,141.37973022460938,-72.95155334472656
1781099385966304500,149.40630444335937,-78.71662902832031,141.26622009277344,-73.09483337402344
1781099386007475700,149.44747583007813,-79.16854858398438,142.34339904785156,-73.6466064453125
1781099386048645400,149.48864526367188,-79.03892517089844,142.51390075683594,-74.11854553222656
1781099386089817600,149.52981762695313,-79.41374206542969,141.9197235107422,-74.67172241210938
1781099386130990300,149.570990234375,-79.47978210449219,140.88890075683594,-74.98823547363281
1781099386172164000,149.6121640625,-80.82743835449219,139.76361083984375,-74.7315673828125
1781099386213336300,149.65333642578125,-82.35784912109375,138.6256561279297,-74.09747314453125
1781099386254511000,149.6945109863281,-84.24462890625,138.30113220214844,-72.97076416015625
1781099386295687200,149.73568725585938,-84.80160522460938,139.5482940673828,-71.42709350585938
1781099386336860200,149.77686010742187,-85.51325988769531,140.80828857421875,-71.08132934570312
1781099386378033200,149.818033203125,-85.20828247070312,141.48458862304688,-71.49806213378906
1781099386419206100,149.8592060546875,-84.96038818359375,141.3420867919922,-71.58352661132812
1781099386460379100,149.90037915039062,-85.26792907714844,141.673095703125,-71.12387084960938
1781099386501552000,149.94155224609375,-85.78260803222656,141.6734161376953,-70.33181762695312
1781099386542725400,149.98272534179688,-86.26744079589844,141.8643798828125,-70.501708984375
1781099386583898400,150.0238984375,-86.05384826660156,142.12640380859375,-70.17242431640625
1781099386625072000,150.06507202148438,-86.385009765625,142.73477172851562,-70.16838073730469
1781099386666245000,150.1062451171875,-86.62434387207031,143.62496948242188,-70.62770080566406
1781099386707418000,150.1474182128906,-86.98828125,144.17398071289062,-71.20771789550781
1781099386748588300,150.18858837890625,-86.33877563476562,144.68699645996094,-71.49221801757812
1781099386789760000,150.2297600097656,-85.36651611328125,145.9564971923828,-72.12519836425781
1781099386830933000,150.27093310546874,-83.24369812011719,146.7988739013672,-72.61920166015625
1781099386872103200,150.31210327148438,-80.8338623046875,146.89315795898438,-73.96266174316406
1781099386913272000,150.35327197265624,-78.90293884277344,145.5609588623047,-75.9989013671875
1781099386954444300,150.3944443359375,-79.263427734375,143.72804260253906,-76.93876647949219
1781099386995618000,150.4356181640625,-80.2647705078125,141.86056518554688,-77.03485107421875
1781099387036790000,150.4767900390625,-80.99591064453125,140.9535369873047,-76.70878601074219
1781099387077963000,150.517962890625,-81.1558837890625,140.89488220214844,-76.34243774414062
1781099387119135000,150.5591350097656,-81.61367797851562,141.11390686035156,-76.52749633789062
1781099387160305000,150.60030493164064,-80.74252319335938,141.2791290283203,-76.24064636230469
1781099387201476000,150.64147607421876,-79.3814697265625,140.58251953125,-76.88905334472656
1781099387242647000,150.68264697265624,-79.39265441894531,140.38211059570312,-76.6529541015625
1781099387283822000,150.72382202148438,-79.63510131835938,139.8944091796875,-77.12503051757812
1781099387324994000,150.764994140625,-78.99723815917969,139.19039916992188,-77.79566955566406
1781099387366166000,150.806166015625,-78.80354309082031,137.38746643066406,-77.87065124511719
1781099387407336000,150.8473359375,-80.43711853027344,135.97206115722656,-77.85501098632812
1781099387448506000,150.88850610351562,-82.23716735839844,134.86309814453125,-76.55610656738281
1781099387489675000,150.92967504882813,-84.93563842773438,135.09512329101562,-74.08816528320312
1781099387530845000,150.97084497070313,-85.97190856933594,136.778564453125,-72.48568725585938
1781099387572015000,151.01201513671876,-85.68350219726562,138.5312957763672,-71.76272583007812
1781099387613185000,151.05318505859375,-85.26908874511719,139.12295532226562,-71.74266052246094
1781099387654357000,151.09435693359376,-84.34066772460938,140.38137817382812,-71.5997314453125
1781099387695531000,151.13553100585938,-83.64720153808594,141.3361358642578,-72.15983581542969
1781099387736703000,151.17670288085938,-83.3973388671875,141.3811798095703,-72.81185913085938
1781099387777879000,151.21787915039062,-83.22479248046875,140.79052734375,-72.77604675292969
1781099387819052000,151.25905200195314,-82.35200500488281,140.332763671875,-72.5693359375
1781099387860223000,151.30022290039062,-83.59443664550781,139.77467346191406,-71.78486633300781
1781099387901398000,151.34139794921876,-84.05537414550781,139.68508911132812,-70.44493103027344
1781099387942573000,151.38257299804687,-84.47662353515625,141.01979064941406,-68.35708618164062
1781099387983748900,151.4237487792969,-84.00247192382812,143.61895751953125,-67.39498901367188
1781099388024921900,151.464921875,-82.38333129882812,145.612548828125,-68.35304260253906
1781099388066095000,151.50609521484375,-80.04151916503906,146.0770263671875,-70.2867431640625
1781099388107266000,151.54726611328124,-78.9263916015625,145.2223663330078,-71.66790771484375
1781099388148439000,151.58843896484376,-77.80615234375,144.53395080566406,-71.51728820800781
1781099388189611000,151.62961108398437,-77.42758178710938,143.48651123046875,-70.86407470703125
1781099388230784800,151.67078466796875,-75.78854370117188,143.83856201171875,-69.90936279296875
1781099388271954700,151.71195458984374,-74.76924133300781,143.80844116210938,-70.07028198242188
1781099388313123800,151.75312377929689,-72.6883544921875,142.5298614501953,-70.15509033203125
1781099388354294800,151.79429467773437,-71.618408203125,140.84710693359375,-69.51644897460938
1781099388395466800,151.835466796875,-70.88943481445312,137.67779541015625,-68.99998474121094
1781099388436641000,151.87664111328124,-71.14053344726562,135.5969696044922,-66.66081237792969
1781099388477815000,151.91781494140625,-70.98736572265625,134.69378662109375,-63.75318908691406
1781099388518987000,151.9589870605469,-69.47708129882812,134.36544799804688,-63.45414733886719
1781099388560160800,152.00016088867187,-70.06919860839844,135.1212921142578,-63.03742980957031
1781099388601333800,152.04133374023436,-70.9940185546875,136.4762420654297,-62.13423156738281
1781099388642504000,152.08250390625,-71.60882568359375,138.14468383789062,-61.553985595703125
1781099388683673900,152.123673828125,-72.70147705078125,139.5357208251953,-62.31327819824219
1781099388724845800,152.164845703125,-73.84169006347656,139.83506774902344,-63.37916564941406
1781099388766019800,152.20601977539062,-75.24003601074219,139.74961853027344,-63.82783508300781
1781099388807190800,152.24719067382813,-75.93397521972656,138.8740692138672,-63.90830993652344
1781099388848363800,152.28836376953126,-76.52433776855469,138.89260864257812,-62.995697021484375
1781099388889538800,152.32953881835937,-76.19906616210938,138.08168029785156,-63.58482360839844
1781099388930712000,152.37071215820313,-76.23451232910156,136.61492919921875,-64.8070068359375
1781099388971883800,152.4118837890625,-77.45869445800781,136.02671813964844,-64.51200866699219
1781099389013055700,152.4530556640625,-78.66847229003906,136.25144958496094,-65.08497619628906
1781099389054228700,152.49422875976563,-80.70413208007812,135.85531616210938,-65.56983947753906
1781099389095401500,152.5354013671875,-82.09552001953125,135.59310913085938,-66.11239624023438
1781099389136574500,152.57657446289062,-83.77235412597656,135.7464599609375,-66.23497009277344
1781099389177746400,152.61774633789062,-84.95527648925781,135.1853790283203,-66.2391357421875
1781099389218918700,152.65891870117187,-86.77259826660156,135.3499298095703,-65.30093383789062
1781099389260089300,152.70008935546875,-88.4114990234375,137.03887939453125,-64.16860961914062
1781099389301259500,152.74125952148438,-87.72901916503906,140.5439910888672,-64.03131103515625
1781099389342429400,152.78242944335938,-85.13482666015625,143.67820739746094,-65.95710754394531
1781099389383599600,152.823599609375,-82.03271484375,144.30885314941406,-68.46728515625
1781099389424770300,152.8647702636719,-80.22267150878906,144.60877990722656,-70.26309204101562
1781099389465944600,152.9059445800781,-79.355712890625,144.00413513183594,-71.45663452148438
1781099389507118300,152.94711840820312,-79.00015258789062,144.31695556640625,-72.43672180175781
1781099389548291300,152.98829125976562,-77.80857849121094,144.2869415283203,-74.3125
1781099389589463600,153.02946362304687,-78.05070495605469,142.72459411621094,-76.43702697753906
1781099389630636500,153.0706364746094,-79.49575805664062,140.40858459472656,-77.47053527832031
1781099389671810300,153.11181030273437,-81.69871520996094,138.8720703125,-77.96720886230469
1781099389712980500,153.15298046875,-84.74627685546875,138.75491333007812,-77.24258422851562
1781099389754152400,153.19415234375,-86.62881469726562,139.4084014892578,-76.2437744140625
1781099389795325400,153.23532543945313,-86.85098266601562,141.0598907470703,-75.36503601074219
1781099389836496400,153.27649633789062,-87.24787902832031,142.30551147460938,-74.38563537597656
1781099389877668400,153.31766845703126,-86.92083740234375,142.80015563964844,-74.60862731933594
1781099389918840300,153.35884033203126,-87.00416564941406,143.34373474121094,-74.11764526367188
1781099389960009500,153.40000952148438,-86.79739379882812,143.62005615234375,-73.9586181640625
1781099390001179400,153.44117944335937,-86.54261779785156,143.5249481201172,-73.56440734863281
1781099390042354400,153.4823544921875,-85.91403198242188,143.22097778320312,-73.56034851074219
1781099390083526400,153.5235263671875,-86.46525573730469,142.62322998046875,-73.29803466796875
1781099390124697000,153.56469702148436,-86.51383972167969,141.8937225341797,-73.28640747070312
1781099390165870000,153.6058701171875,-86.95376586914062,141.6683349609375,-72.80747985839844
1781099390207040300,153.64704028320313,-87.68093872070312,141.2272491455078,-72.47433471679688
1781099390248211200,153.6882111816406,-87.63960266113281,141.26080322265625,-72.36271667480469
1781099390289380400,153.72938037109375,-88.15628051757812,141.4910125732422,-72.70632934570312
1781099390330552000,153.77055200195312,-88.13853454589844,141.29458618164062,-72.81245422363281
1781099390371723300,153.81172314453124,-88.71847534179688,141.16273498535156,-72.89553833007812
1781099390412894200,153.85289428710936,-89.39704895019531,142.18670654296875,-72.49760437011719
1781099390454061300,153.89406127929686,-89.65472412109375,142.8328094482422,-73.066162109375
1781099390495232000,153.93523193359374,-89.82518005371094,143.6670379638672,-73.31410217285156
1781099390536404200,153.976404296875,-89.30955505371094,144.15663146972656,-73.95075988769531
1781099390577574100,154.01757421875,-89.29032897949219,144.40985107421875,-74.64485168457031
1781099390618746400,154.05874633789062,-89.12503051757812,144.47354125976562,-74.88441467285156
1781099390659917000,154.0999169921875,-89.28654479980469,144.7050323486328,-75.08523559570312
1781099390701088300,154.14108813476562,-88.9732666015625,145.04629516601562,-75.00798034667969
1781099390742260200,154.18226025390624,-89.27481079101562,145.8044891357422,-75.02313232421875
1781099390783431200,154.22343115234375,-88.65757751464844,146.43218994140625,-75.22048950195312
1781099390824603400,154.26460327148436,-87.49911499023438,146.020263671875,-75.99554443359375
1781099390865778200,154.30577807617186,-86.90034484863281,145.53663635253906,-76.22286987304688
1781099390906950100,154.3469501953125,-86.96737670898438,144.4119415283203,-76.92530822753906
1781099390948121300,154.38812133789062,-87.16851806640625,143.93321228027344,-77.4921875
1781099390989291300,154.42929125976562,-87.37142944335938,143.76046752929688,-77.74685668945312
1781099391030462200,154.47046215820313,-87.74655151367188,143.77777099609375,-78.06248474121094
1781099391071637200,154.51163720703124,-88.13125610351562,143.2281036376953,-78.52838134765625
1781099391112810200,154.55281030273437,-88.48869323730469,142.72018432617188,-78.85040283203125
1781099391153985000,154.59398510742187,-89.31239318847656,142.6442108154297,-78.39894104003906
1781099391195156200,154.63515625,-90.77395629882812,142.66876220703125,-78.14881896972656
1781099391236329000,154.67632885742188,-90.93959045410156,142.86073303222656,-77.30111694335938
1781099391277501200,154.71750122070313,-90.68962097167969,143.25888061523438,-76.68582153320312
1781099391318671000,154.75867114257812,-90.32771301269531,143.98043823242188,-76.03361511230469
1781099391359841000,154.79984106445312,-89.89059448242188,143.93685913085938,-75.58924865722656
1781099391401011000,154.84101098632811,-88.30323791503906,144.343505859375,-74.745849609375
1781099391442180000,154.88218017578126,-85.3057861328125,144.4891357421875,-73.9019775390625
1781099391483355100,154.92335522460937,-82.33775329589844,143.47021484375,-74.01483154296875
1781099391524527000,154.96452709960937,-79.33332824707031,140.9216766357422,-75.05943298339844
1781099391565698000,155.00569799804688,-77.56900024414062,137.28207397460938,-76.00691223144531
1781099391606869000,155.04686889648437,-78.01895141601562,133.37339782714844,-75.91082763671875
1781099391648043300,155.08804321289062,-79.13102722167969,129.1099090576172,-74.93304443359375
1781099391689217000,155.12921704101564,-80.77342224121094,124.99871826171875,-72.96783447265625
1781099391730390000,155.17039013671874,-82.59675598144531,121.48823547363281,-69.65965270996094
1781099391771561200,155.2115612792969,-85.81828308105469,119.53695678710938,-65.79177856445312
1781099391812736000,155.2527360839844,-89.1204833984375,118.36785888671875,-62.36241149902344
1781099391853912000,155.293912109375,-93.08999633789062,118.38658142089844,-58.298828125
1781099391895085000,155.3350849609375,-95.45440673828125,121.84904479980469,-53.22911071777344
1781099391936258000,155.37625805664064,-94.88136291503906,127.53457641601562,-50.12858581542969
1781099391977431000,155.41743115234374,-91.25083923339844,131.3754119873047,-49.92877197265625
1781099392018607000,155.45860717773436,-88.31784057617188,132.69509887695312,-51.099273681640625
1781099392059783000,155.49978295898438,-85.79443359375,133.29405212402344,-51.82710266113281
1781099392100958500,155.54095849609374,-85.57637023925781,132.77354431152344,-52.29234313964844
1781099392142135300,155.58213525390624,-85.00326538085938,132.40643310546875,-51.327880859375
1781099392183311400,155.62331127929687,-84.78001403808594,132.19598388671875,-50.407135009765625
1781099392224487400,155.6644873046875,-84.02629089355469,132.37734985351562,-49.01104736328125
1781099392265661400,155.70566137695312,-83.19190979003906,132.79368591308594,-49.00294494628906
1781099392306834400,155.74683447265625,-81.35980224609375,133.65545654296875,-49.128814697265625
1781099392348006400,155.78800634765625,-80.43089294433594,134.10687255859375,-49.61308288574219
1781099392389181400,155.8291813964844,-79.17936706542969,134.54608154296875,-50.4510498046875
1781099392430354400,155.8703544921875,-77.77488708496094,133.56747436523438,-51.242919921875
1781099392471528400,155.91152856445314,-76.64263916015625,132.31031799316406,-52.16651916503906
1781099392512704300,155.95270434570313,-75.61540222167969,130.38775634765625,-53.60328674316406
1781099392553879600,155.99387963867187,-76.60838317871094,128.17776489257812,-54.11528015136719
1781099392595053300,156.03505322265624,-78.16145324707031,126.34603881835938,-55.481048583984375
1781099392636227300,156.07622729492186,-80.63575744628906,124.570068359375,-56.408447265625
1781099392677404400,156.117404296875,-83.09123229980469,123.03500366210938,-57.02496337890625
1781099392718580500,156.15858056640624,-87.4212646484375,122.08395385742188,-57.744476318359375
1781099392759752400,156.19975244140625,-92.46267700195312,121.39889526367188,-58.46514892578125
1781099392800925400,156.24092553710938,-98.75935363769531,123.16053771972656,-57.752685546875
1781099392842097400,156.28209741210938,-104.07365417480469,127.98248291015625,-55.93116760253906
1781099392883268400,156.32326831054687,-105.4874267578125,134.23635864257812,-54.935211181640625
1781099392924438500,156.3644384765625,-104.38381958007812,140.12924194335938,-55.04692077636719
1781099392965610500,156.40561059570314,-102.6163330078125,144.2415008544922,-57.35316467285156
1781099393006784500,156.44678442382812,-99.92970275878906,147.45013427734375,-60.49357604980469
1781099393047959600,156.48795947265626,-98.51072692871094,149.2782440185547,-64.55030822753906
1781099393089133600,156.52913354492188,-97.12236022949219,149.555419921875,-67.89878845214844
1781099393130304000,156.57030395507812,-96.83592224121094,149.64048767089844,-70.37025451660156
1781099393171477000,156.61147705078125,-96.81967163085938,150.9951629638672,-72.1903076171875
1781099393212649200,156.6526491699219,-95.72903442382812,152.01699829101562,-73.76651000976562
1781099393253824000,156.6938239746094,-95.23712158203125,151.70977783203125,-75.82272338867188
1781099393294998300,156.73499829101561,-94.77824401855469,151.5081787109375,-77.22636413574219
1781099393336170200,156.77617016601562,-95.0538330078125,151.49801635742188,-78.13920593261719
1781099393377343200,156.81734326171875,-94.91104125976562,151.9703369140625,-79.15728759765625
1781099393418518000,156.85851806640625,-94.27180480957031,152.2964630126953,-79.63394165039062
1781099393459693300,156.899693359375,-92.20855712890625,152.7738037109375,-79.57150268554688
1781099393500870000,156.94086987304686,-91.19580078125,152.2117462158203,-79.80882263183594
1781099393542045200,156.98204516601564,-89.06300354003906,151.1758270263672,-80.23220825195312
1781099393583220000,157.02321997070314,-86.64796447753906,148.825439453125,-80.35031127929688
1781099393624393000,157.06439306640624,-85.0682373046875,146.39283752441406,-80.24302673339844
1781099393665568000,157.10556811523438,-85.00859069824219,142.79318237304688,-80.45355224609375
1781099393706739200,157.1467392578125,-86.32279968261719,139.31829833984375,-79.38665771484375
1781099393747914000,157.1879140625,-88.16650390625,135.9145050048828,-77.28507995605469
1781099393789084200,157.22908422851563,-90.86192321777344,134.61219787597656,-73.92686462402344
1781099393830255000,157.27025512695312,-93.05558776855469,135.2747039794922,-70.59347534179688
1781099393871425000,157.3114250488281,-93.38983154296875,137.055419921875,-67.68292236328125
1781099393912596000,157.35259594726563,-92.39126586914062,138.01913452148438,-65.36653137207031
1781099393953768000,157.39376782226563,-90.84757995605469,139.11712646484375,-63.2540283203125
1781099393994939100,157.4349392089844,-89.48782348632812,139.5197296142578,-61.04127502441406
1781099394036113000,157.47611279296876,-86.52645874023438,139.81419372558594,-58.622894287109375
1781099394077286000,157.51728588867186,-84.42523193359375,140.32180786132812,-56.9423828125
1781099394118458000,157.5584580078125,-82.28981018066406,141.4058837890625,-55.116119384765625
1781099394159631000,157.59963110351563,-80.02606201171875,142.51280212402344,-54.42243957519531
1781099394200804000,157.64080419921876,-77.98306274414062,143.73519897460938,-54.904937744140625
1781099394241974000,157.68197412109376,-76.09980773925781,143.98863220214844,-56.36567687988281
1781099394283144000,157.72314404296876,-75.74131774902344,145.17218017578125,-57.180816650390625
1781099394324315100,157.76431518554688,-75.35514831542969,145.71961975097656,-58.55503845214844
1781099394365485000,157.80548510742187,-74.49606323242188,146.1409454345703,-59.6064453125
1781099394406658000,157.84665795898437,-72.64820861816406,145.90863037109375,-59.83821105957031
1781099394447829000,157.8878291015625,-71.1083984375,145.72601318359375,-60.132171630859375
1781099394488998000,157.9289978027344,-69.848388671875,145.17356872558594,-60.2281494140625
1781099394530169000,157.97016918945312,-68.46092224121094,144.227783203125,-60.45973205566406
1781099394571338000,158.011337890625,-67.79771423339844,143.63375854492188,-60.72328186035156
1781099394612504000,158.05250415039063,-67.7987060546875,143.80970764160156,-60.94944763183594
1781099394653671000,158.0936708984375,-66.85688781738281,144.12701416015625,-61.622314453125
1781099394694839000,158.13483911132812,-66.05996704101562,143.9046173095703,-62.418914794921875
1781099394736012000,158.1760119628906,-65.06611633300781,143.0682373046875,-63.816162109375
1781099394777185000,158.21718505859374,-64.28834533691406,142.45704650878906,-64.27674865722656
1781099394818355200,158.25835522460937,-63.89300537109375,140.7164306640625,-64.62844848632812
1781099394859530000,158.29953002929688,-64.06338500976562,139.60464477539062,-64.29484558105469
1781099394900702000,158.34070190429688,-64.40864562988281,138.8472137451172,-64.33186340332031
1781099394941876000,158.3818759765625,-64.92575073242188,138.05735778808594,-63.900604248046875
1781099394983051000,158.42305102539063,-65.11663818359375,137.14468383789062,-63.22898864746094
1781099395024226800,158.46422680664062,-64.157470703125,136.40843200683594,-63.033416748046875
1781099395065403000,158.50540283203125,-63.62800598144531,134.91412353515625,-63.263885498046875
1781099395106577700,158.54657763671875,-64.96974182128906,133.76560974121094,-63.95332336425781
1781099395147750700,158.58775073242188,-66.13201904296875,132.6019744873047,-65.63365173339844
1781099395188923600,158.62892358398437,-68.81199645996094,131.0315704345703,-66.84123229980469
1781099395230094600,158.6700944824219,-71.53507995605469,129.78761291503906,-67.05976867675781
1781099395271266800,158.71126684570314,-74.62722778320312,129.6436004638672,-66.45208740234375
1781099395312439800,158.75243969726563,-76.51837158203125,130.17311096191406,-65.92195129394531
1781099395353613600,158.7936135253906,-77.58946228027344,130.98516845703125,-65.44979858398438
1781099395394786600,158.83478662109374,-78.71356201171875,131.0631103515625,-65.24871826171875
1781099395435957800,158.87595776367186,-79.75360107421875,131.1851348876953,-65.50129699707031
1781099395477129700,158.91712963867187,-81.32278442382812,131.00990295410156,-65.29159545898438
1781099395518301400,158.95830151367187,-83.23849487304688,131.40191650390625,-64.36708068847656
1781099395559476700,158.99947680664062,-83.33847045898438,132.21798706054688,-63.59181213378906
1781099395600651500,159.04065161132812,-83.34803771972656,133.3686981201172,-62.54307556152344
1781099395641824500,159.08182446289064,-82.65556335449219,133.75059509277344,-62.98240661621094
1781099395682997800,159.12299780273437,-82.78094482421875,133.81370544433594,-62.90876770019531
1781099395724172500,159.16417260742188,-83.16839599609375,134.06150817871094,-63.43782043457031
1781099395765347600,159.20534765625,-83.20265197753906,134.77700805664062,-63.92462158203125
1781099395806520600,159.2465205078125,-85.23300170898438,135.6802978515625,-64.58967590332031
1781099395847695600,159.2876955566406,-86.29679870605469,137.14657592773438,-65.12260437011719
1781099395888867600,159.32886767578125,-86.88616943359375,139.38145446777344,-65.56959533691406
1781099395930042600,159.37004272460936,-86.73788452148438,142.0774688720703,-66.50706481933594
1781099395971214600,159.41121459960937,-86.62924194335938,143.76211547851562,-68.58798217773438
1781099396012386600,159.45238647460937,-85.62565612792969,144.92535400390625,-70.56201171875
1781099396053561600,159.4935615234375,-84.89276123046875,145.46630859375,-72.20603942871094
1781099396094736600,159.53473657226561,-83.86639404296875,146.02581787109375,-73.89306640625
1781099396135910400,159.57591040039063,-83.86701965332031,146.02989196777344,-75.30575561523438
1781099396177083400,159.61708349609376,-83.76132202148438,145.36036682128906,-76.67657470703125
1781099396218254600,159.65825463867188,-84.30528259277344,144.49693298339844,-77.81217956542969
1781099396259424500,159.69942456054687,-85.10173034667969,143.6283721923828,-77.96131896972656
1781099396300596500,159.74059643554688,-86.62033081054688,144.03065490722656,-77.05642700195312
1781099396341770500,159.7817705078125,-86.67225646972656,144.65618896484375,-75.92378234863281
1781099396382943500,159.82294360351563,-86.47688293457031,146.07748413085938,-75.04959106445312
1781099396424118500,159.86411840820313,-85.02265930175781,147.29229736328125,-74.71026611328125
1781099396465293300,159.90529321289063,-83.44657897949219,148.093505859375,-75.43116760253906
1781099396506463500,159.94646337890626,-81.978759765625,147.37286376953125,-76.31666564941406
1781099396547637500,159.98763745117188,-81.56800842285156,146.25144958496094,-77.25897216796875
1781099396588810500,160.028810546875,-81.30854797363281,144.80960083007812,-77.84056091308594
1781099396629982500,160.069982421875,-81.06439208984375,144.0611114501953,-77.4432373046875
1781099396671154400,160.11115454101562,-81.33560180664062,142.91476440429688,-76.91854858398438
1781099396712329500,160.15232958984376,-80.94856262207031,141.85667419433594,-76.38552856445312
1781099396753505500,160.1935056152344,-80.96212768554688,140.56642150878906,-75.83103942871094
1781099396794678500,160.23467846679688,-81.46701049804688,140.12765502929688,-74.43168640136719
1781099396835852300,160.27585229492186,-81.5345458984375,140.63336181640625,-72.97386169433594
1781099396877029400,160.317029296875,-82.44512939453125,140.99996948242188,-72.25233459472656
1781099396918203400,160.35820336914063,-82.85188293457031,142.19180297851562,-71.75039672851562
1781099396959376600,160.39937670898436,-83.24020385742188,143.90939331054688,-72.04440307617188
1781099397000549600,160.44054956054688,-84.34910583496094,145.69140625,-72.49484252929688
1781099397041721300,160.4817214355469,-83.97402954101562,147.94046020507812,-73.37515258789062
1781099397082896400,160.522896484375,-84.60659790039062,148.44476318359375,-74.73478698730469
1781099397124073700,160.56407373046875,-83.45158386230469,149.1558380126953,-74.792724609375
1781099397165246700,160.60524682617188,-82.68287658691406,150.72557067871094,-75.06393432617188
1781099397206420700,160.64642065429686,-81.71310424804688,151.6535186767578,-75.33476257324219
1781099397247595800,160.687595703125,-79.2596435546875,152.6641845703125,-75.75729370117188
1781099397288766700,160.7287666015625,-76.46134948730469,153.12144470214844,-75.98373413085938
1781099397329937700,160.76993774414063,-73.28321838378906,152.29115295410156,-75.96351623535156
1781099397371109600,160.81110961914064,-70.51213073730469,150.7604217529297,-74.54586791992188
1781099397412283600,160.85228369140626,-67.20913696289062,148.23817443847656,-73.09136962890625
1781099397453456600,160.89345654296875,-65.00715637207031,144.7442626953125,-71.42483520507812
1781099397494631000,160.934630859375,-63.275543212890625,141.51560974121094,-69.43231201171875
1781099397535804000,160.97580395507813,-63.316131591796875,139.20008850097656,-66.85519409179688
1781099397576977700,161.01697778320312,-64.17440795898438,138.3590545654297,-64.90205383300781
1781099397618153700,161.05815380859374,-64.06637573242188,138.40133666992188,-63.054840087890625
1781099397659329500,161.09932958984376,-63.601806640625,139.2963104248047,-61.22853088378906
1781099397700504800,161.1405048828125,-62.470245361328125,140.46255493164062,-60.90238952636719
1781099397741679600,161.1816796875,-60.88459777832031,140.50096130371094,-62.4849853515625
1781099397782851600,161.2228515625,-61.135833740234375,139.59121704101562,-64.56050109863281
1781099397824028700,161.26402856445313,-62.74644470214844,138.98794555664062,-66.90522766113281
1781099397865203700,161.30520361328124,-65.828369140625,139.35643005371094,-68.56863403320312
1781099397906376700,161.34637670898437,-69.58879089355469,140.2321014404297,-69.64080810546875
1781099397947550700,161.38755078125,-72.07223510742188,140.87326049804688,-70.59889221191406
1781099397988726500,161.4287265625,-73.83624267578125,141.5927276611328,-71.88093566894531
1781099398029898800,161.46989868164061,-75.26162719726562,142.77474975585938,-73.0400390625
1781099398071069700,161.51106958007813,-76.50508117675781,144.03443908691406,-75.08892822265625
1781099398112240600,161.55224072265625,-78.20771789550781,144.8465576171875,-77.64157104492188
1781099398153411300,161.59341137695313,-79.31591796875,145.25181579589844,-79.82830810546875
1781099398194583300,161.63458325195313,-80.66166687011719,144.62986755371094,-81.71516418457031
1781099398235758600,161.67575854492188,-82.10978698730469,144.09963989257812,-82.0872802734375
1781099398276933400,161.71693334960938,-83.3768310546875,143.45481872558594,-82.11532592773438
1781099398318108700,161.75810864257812,-84.47610473632812,142.87237548828125,-81.55302429199219
1781099398359282400,161.79928247070313,-85.12274169921875,142.79544067382812,-81.36460876464844
1781099398400456400,161.84045654296875,-86.24162292480469,142.7655487060547,-80.96066284179688
1781099398441629400,161.88162939453125,-86.77313232421875,143.4454345703125,-80.46298217773438
1781099398482804500,161.92280444335938,-87.15203857421875,143.04978942871094,-80.45994567871094
1781099398523979500,161.9639794921875,-87.115478515625,142.64816284179688,-80.98640441894531
1781099398565151500,162.0051513671875,-87.06370544433594,141.6704864501953,-81.72256469726562
1781099398606320400,162.0463203125,-88.66505432128906,140.21292114257812,-82.56369018554688
1781099398647492400,162.0874924316406,-90.93049621582031,138.7487030029297,-83.1956787109375
1781099398688666400,162.12866625976562,-93.88368225097656,138.00128173828125,-83.990478515625
1781099398729841400,162.16984130859376,-96.50868225097656,137.7777557373047,-84.74005126953125
1781099398771015400,162.21101538085938,-99.36798095703125,138.13140869140625,-85.15382385253906
1781099398812189400,162.252189453125,-101.69662475585938,138.31544494628906,-85.78424072265625
1781099398853363500,162.29336352539062,-104.33712768554688,138.01626586914062,-86.38198852539062
1781099398894535400,162.33453540039062,-106.98677062988281,138.1820068359375,-86.83750915527344
1781099398935712500,162.37571240234374,-108.90347290039062,138.3347930908203,-86.95668029785156
1781099398976889300,162.41688940429688,-110.73612976074219,138.2935028076172,-86.93266296386719
1781099399018062300,162.45806225585937,-113.0050048828125,138.583984375,-86.52708435058594
1781099399059236600,162.49923657226563,-115.63005065917969,139.0386962890625,-85.34333801269531
1781099399100412400,162.54041235351562,-117.14012145996094,140.2376708984375,-83.33193969726562
1781099399141588700,162.58158862304688,-116.54225158691406,141.8607940673828,-81.43112182617188
1781099399182760700,162.6227607421875,-115.09580993652344,143.16445922851562,-79.92779541015625
1781099399223933700,162.66393359375,-112.90765380859375,144.22805786132812,-79.16847229003906
1781099399265107700,162.70510766601564,-111.15071105957031,143.70504760742188,-79.08338928222656
1781099399306282800,162.74628271484374,-110.55751037597656,142.91905212402344,-79.86805725097656
1781099399347455700,162.78745581054687,-110.96295166015625,142.22544860839844,-80.62216186523438
1781099399388628700,162.82862866210937,-111.29664611816406,141.6944122314453,-80.92333984375
1781099399429803800,162.8698037109375,-111.85935974121094,141.539794921875,-81.15093994140625
1781099399470980600,162.91098071289062,-112.62968444824219,141.807861328125,-81.02362060546875
1781099399512153900,162.95215380859375,-114.33419799804688,142.0384521484375,-80.40170288085938
1781099399553328600,162.99332861328125,-114.88291931152344,142.94764709472656,-79.0740966796875
1781099399594500900,163.0345009765625,-114.89794921875,144.65963745117188,-77.13687133789062
1781099399635677000,163.07567700195312,-113.97500610351562,146.75413513183594,-75.18830871582031
1781099399676850000,163.11684985351562,-112.0816650390625,148.57293701171875,-72.51783752441406
1781099399718022000,163.15802197265626,-108.68161010742188,151.24374389648438,-70.42884826660156
1781099399759196700,163.19919677734376,-103.95236206054688,153.2316436767578,-68.48643493652344
1781099399800372700,163.24037280273438,-97.65669250488281,154.083740234375,-67.00930786132812
1781099399841546800,163.28154663085937,-92.0909423828125,153.65475463867188,-66.49838256835938
1781099399882722800,163.32272290039063,-87.31660461425781,150.9578399658203,-66.38862609863281
1781099399923899600,163.36389965820314,-85.34928894042969,148.0294952392578,-66.1336669921875
1781099399965070800,163.40507080078126,-84.23028564453125,146.83935546875,-65.09745788574219
1781099400006244600,163.44624462890624,-83.82362365722656,146.3675537109375,-64.90306091308594
1781099400047416600,163.48741650390625,-82.76449584960938,146.5334930419922,-65.13008117675781
1781099400088587800,163.528587890625,-82.55258178710938,146.75064086914062,-65.68630981445312
1781099400129760300,163.56976025390625,-81.76258850097656,146.86746215820312,-65.84654235839844
1781099400170935000,163.61093505859375,-81.00045776367188,147.84698486328125,-65.59217834472656
1781099400212109300,163.652109375,-79.28543090820312,148.87022399902344,-64.74131774902344
1781099400253282300,163.6932822265625,-77.32327270507812,149.92161560058594,-64.13246154785156
1781099400294457000,163.73445703125,-74.77047729492188,150.46917724609375,-64.11068725585938
1781099400335631000,163.77563110351562,-72.30738830566406,151.0264434814453,-64.19424438476562
1781099400376808200,163.81680810546874,-69.5245361328125,151.66725158691406,-65.05224609375
1781099400417983200,163.85798315429687,-67.46409606933594,151.91098022460938,-66.67726135253906
1781099400459156200,163.89915625,-65.86825561523438,151.76312255859375,-68.91647338867188
1781099400500327200,163.9403271484375,-65.55613708496094,151.25616455078125,-71.05708312988281
1781099400541502200,163.98150219726563,-65.36882019042969,150.08253479003906,-72.56443786621094
1781099400582675200,164.02267529296876,-65.07772827148438,149.2568817138672,-74.21871948242188
1781099400623849200,164.06384912109374,-65.05946350097656,148.72401428222656,-75.14515686035156
1781099400665020200,164.10502026367186,-65.10261535644531,147.2681884765625,-76.58949279785156
1781099400706191400,164.14619140625,-66.60125732421875,146.6912841796875,-77.00115966796875
1781099400747363000,164.18736303710938,-67.21408081054688,146.02996826171875,-77.4974365234375
1781099400788538000,164.2285380859375,-67.30880737304688,146.27162170410156,-77.80137634277344
1781099400829712100,164.26971215820313,-66.84101867675781,145.970947265625,-78.03408813476562
1781099400870888200,164.31088818359376,-66.17430114746094,145.11814880371094,-79.11892700195312
1781099400912065300,164.35206518554688,-66.57510375976562,143.1127166748047,-80.46238708496094
1781099400953240000,164.39323999023438,-67.90867614746094,140.64996337890625,-81.66590881347656
1781099400994413000,164.4344130859375,-70.1131591796875,138.33132934570312,-82.79217529296875
1781099401035586000,164.4755859375,-73.95933532714844,136.3285369873047,-83.57789611816406
1781099401076762000,164.51676220703126,-77.7235107421875,136.11582946777344,-83.13198852539062
1781099401117936000,164.55793603515625,-81.77308654785156,136.8969268798828,-82.01339721679688
1781099401159109400,164.599109375,-83.78697204589844,138.2571258544922,-81.01457214355469
1781099401200283400,164.64028344726563,-83.84609985351562,139.50408935546875,-79.258544921875
1781099401241455400,164.68145532226563,-81.97994995117188,139.59124755859375,-77.65547180175781
1781099401282625300,164.72262524414063,-80.73207092285156,139.0029296875,-75.90461730957031
1781099401323797200,164.76379736328124,-79.55589294433594,137.8433380126953,-74.32234191894531
1781099401364973300,164.80497338867187,-79.62960815429688,136.83511352539062,-73.81893920898438
1781099401406148000,164.84614819335937,-79.55897521972656,135.47607421875,-73.16986083984375
1781099401447320300,164.8873203125,-81.40428161621094,135.03451538085938,-72.94451904296875
1781099401488493300,164.92849340820314,-83.30520629882812,135.02191162109375,-72.24508666992188
1781099401529668400,164.96966845703125,-85.67694091796875,136.62924194335938,-71.83064270019531
1781099401570842400,165.01084228515626,-88.16844177246094,139.14710998535156,-70.77493286132812
1781099401612017200,165.05201708984376,-88.07089233398438,142.56338500976562,-69.91999816894531
1781099401653195300,165.0931953125,-86.17298889160156,146.09742736816406,-68.93778991699219
1781099401694374400,165.13437451171876,-81.93673706054688,148.69189453125,-68.66973876953125
1781099401735550200,165.17555029296875,-77.40655517578125,150.07957458496094,-68.27737426757812
1781099401776726300,165.21672631835938,-72.88325500488281,150.40826416015625,-67.8843994140625
1781099401817902300,165.25790234375,-68.586181640625,149.2415771484375,-67.21311950683594
1781099401859078100,165.299078125,-64.73887634277344,147.4592742919922,-65.99195861816406
1781099401900254200,165.34025415039062,-61.99787902832031,146.33163452148438,-64.94938659667969
1781099401941431300,165.38143139648437,-59.59649658203125,144.80088806152344,-64.2593994140625
1781099401982605300,165.42260522460938,-58.16748046875,143.79530334472656,-63.77874755859375
1781099402023778300,165.4637783203125,-56.54461669921875,142.39341735839844,-63.67494201660156
1781099402064953300,165.50495336914062,-55.881561279296875,140.56991577148438,-63.783905029296875
1781099402106126300,165.54612622070312,-54.7958984375,138.57933044433594,-63.65338134765625
1781099402147301400,165.58730126953125,-55.25874328613281,136.83721923828125,-63.93226623535156
1781099402188473300,165.62847338867186,-56.51847839355469,135.84259033203125,-64.50729370117188
1781099402229643300,165.6696433105469,-58.41215515136719,134.7132110595703,-65.69790649414062
1781099402270816500,165.71081640625,-60.80320739746094,133.75564575195312,-66.78456115722656
1781099402311992300,165.75199243164062,-63.93397521972656,134.06161499023438,-67.34666442871094
1781099402353167600,165.79316772460936,-66.82156372070312,134.7798309326172,-67.0592041015625
1781099402394339600,165.83433959960936,-69.38323974609375,135.88800048828125,-66.22740173339844
1781099402435515400,165.87551538085938,-70.77467346191406,137.82460021972656,-65.73016357421875
1781099402476690400,165.9166904296875,-71.12229919433594,139.70126342773438,-66.23228454589844
1781099402517862700,165.95786254882813,-70.85227966308594,141.13035583496094,-67.25785827636719
1781099402559038500,165.99903857421876,-70.324951171875,142.04544067382812,-68.23585510253906
1781099402600216300,166.04021630859376,-69.49851989746094,143.28671264648438,-68.904541015625
1781099402641389300,166.08138940429689,-68.4925537109375,145.2465057373047,-69.90718078613281
1781099402682560500,166.122560546875,-67.12820434570312,146.1646728515625,-71.58734130859375
1781099402723733500,166.1637333984375,-65.47386169433594,146.25392150878906,-73.29185485839844
1781099402764908500,166.20490844726564,-64.35130310058594,145.0724334716797,-74.76132202148438
1781099402806080300,166.2460803222656,-63.761566162109375,143.162841796875,-75.59735107421875
1781099402847254500,166.28725463867187,-64.36488342285156,141.51597595214844,-76.38351440429688
1781099402888428500,166.32842846679688,-64.29255676269531,140.6435546875,-76.31399536132812
1781099402929601500,166.3696015625,-65.59878540039062,139.99757385253906,-77.08135986328125
1781099402970774500,166.4107744140625,-66.45169067382812,139.3400115966797,-78.15859985351562
1781099403011947500,166.45194750976563,-67.6717529296875,138.55728149414062,-79.00062561035156
1781099403053119500,166.49311938476563,-69.3526611328125,138.11460876464844,-80.09835815429688
1781099403094292500,166.53429248046876,-71.62242126464844,137.25328063964844,-80.524169921875
1781099403135465000,166.57546484375,-73.72038269042969,137.0221405029297,-80.42079162597656
1781099403176637000,166.61663696289062,-75.92831420898438,136.86441040039062,-80.1881103515625
1781099403217806800,166.65780688476562,-77.468994140625,137.3184051513672,-79.86915588378906
1781099403258977000,166.69897705078125,-77.73326110839844,137.10951232910156,-79.43470764160156
1781099403300146000,166.74014599609376,-78.227294921875,136.4610595703125,-78.93548583984375
1781099403341319700,166.78131958007813,-78.95489501953125,135.8253631591797,-77.73844909667969
1781099403382492700,166.82249267578126,-80.25860595703125,134.8977508544922,-76.70730590820312
1781099403423666700,166.86366674804688,-82.27665710449219,134.2035675048828,-75.3563232421875
1781099403464840000,166.90483984375,-83.28092956542969,134.12376403808594,-73.30340576171875
1781099403506013000,166.9460129394531,-84.44638061523438,134.92843627929688,-71.46968078613281
1781099403547187000,166.98718701171876,-85.18739318847656,136.2331085205078,-70.03878784179688
1781099403588358000,167.02835791015625,-85.07170104980469,137.4672088623047,-68.77001953125
1781099403629533000,167.06953295898438,-84.90721130371094,139.47918701171875,-67.82890319824219
1781099403670706700,167.11070678710936,-84.06065368652344,141.37625122070312,-66.84815979003906
1781099403711878700,167.15187866210937,-82.69488525390625,143.0643310546875,-66.81965637207031
1781099403753053000,167.19305297851562,-80.87490844726562,144.49658203125,-67.45130920410156
1781099403794227000,167.23422705078124,-78.6832275390625,145.16265869140625,-68.54695129394531
1781099403835396900,167.27539697265624,-77.50991821289062,144.45616149902344,-69.81962585449219
1781099403876567800,167.31656787109375,-76.22335815429688,143.14920043945312,-70.79304504394531
1781099403917739000,167.35773901367187,-76.32969665527344,141.7248077392578,-71.03788757324219
1781099403958909700,167.39890966796875,-76.47886657714844,140.671630859375,-70.49526977539062
1781099404000077800,167.44007788085938,-77.42001342773438,140.0244903564453,-69.59573364257812
1781099404041249800,167.48124975585938,-77.82551574707031,139.40194702148438,-68.77960205078125
1781099404082420700,167.52242065429687,-78.13204956054688,139.36972045898438,-68.15028381347656
1781099404123593000,167.5635930175781,-78.32926940917969,139.29519653320312,-67.55357360839844
1781099404164768000,167.60476806640625,-78.72261047363281,139.2885284423828,-67.07171630859375
1781099404205939000,167.64593896484374,-78.69070434570312,139.3914337158203,-66.64581298828125
1781099404247108900,167.68710888671876,-79.1751708984375,139.6895294189453,-65.74125671386719
1781099404288279800,167.72827978515625,-78.62080383300781,139.8713836669922,-65.27937316894531
1781099404329453000,167.769453125,-78.40101623535156,140.3230438232422,-65.08102416992188
1781099404370626800,167.8106267089844,-77.84864807128906,139.85548400878906,-65.27734375
1781099404411801900,167.8518017578125,-76.98439025878906,139.8289031982422,-65.42524719238281
1781099404452977000,167.89297680664063,-76.6551513671875,140.29904174804688,-65.80514526367188
1781099404494152000,167.93415185546874,-76.63134765625,140.58412170410156,-66.2579345703125
1781099404535327000,167.97532690429688,-77.02044677734375,140.5328826904297,-66.348388671875
1781099404576500000,168.0165,-76.47502136230469,140.91925048828125,-66.42617797851562
1781099404617674000,168.05767407226563,-76.9287109375,141.4068145751953,-66.49200439453125
1781099404658850000,168.09885009765625,-76.47869873046875,142.0341796875,-66.71507263183594
1781099404700023000,168.14002294921875,-75.74319458007812,141.714111328125,-67.04554748535156
1781099404741196000,168.18119604492188,-75.04539489746094,141.23971557617188,-67.24090576171875
1781099404782369000,168.222369140625,-74.414794921875,140.71929931640625,-67.88310241699219
1781099404823541000,168.263541015625,-73.72477722167969,139.9296875,-68.34556579589844
1781099404864713000,168.304712890625,-73.84190368652344,139.42962646484375,-68.716552734375
1781099404905883000,168.3458828125,-73.7423095703125,139.14907836914062,-69.31369018554688
1781099404947053000,168.3870529785156,-73.91653442382812,138.7289276123047,-69.75270080566406
1781099404988225000,168.42822509765625,-74.50263977050781,139.00987243652344,-70.38493347167969
1781099405029396700,168.46939672851562,-74.65882873535156,139.3072509765625,-70.80368041992188
1781099405070570000,168.51057006835939,-75.40621948242188,139.63763427734375,-71.60533142089844
1781099405111741400,168.55174145507812,-75.75968933105469,139.98191833496094,-71.89787292480469
1781099405152912600,168.59291259765624,-76.66860961914062,140.09820556640625,-71.95059204101562
1781099405194083600,168.63408349609375,-77.06907653808594,140.7072296142578,-72.09408569335938
1781099405235252700,168.67525268554687,-77.19778442382812,141.33096313476562,-72.40687561035156
1781099405276418600,168.71641845703124,-77.10517883300781,141.84169006347656,-72.64089965820312
1781099405317588500,168.75758837890626,-76.47178649902344,142.26284790039062,-72.79652404785156
1781099405358758700,168.79875854492187,-75.46394348144531,142.5446014404297,-73.07881164550781
1781099405399930600,168.8399306640625,-74.46209716796875,142.07835388183594,-73.91767883300781
1781099405441099500,168.881099609375,-74.17955017089844,141.57766723632812,-73.92970275878906
1781099405482268700,168.9222685546875,-73.85379028320312,140.61903381347656,-73.55915832519531
1781099405523436500,168.9634365234375,-73.33757019042969,139.92922973632812,-73.02005004882812
1781099405564606700,169.0046066894531,-72.92555236816406,139.27781677246094,-72.33683776855469
1781099405605777700,169.04577758789063,-72.451904296875,138.99082946777344,-71.68455505371094
1781099405646949600,169.08694970703124,-71.61332702636719,139.07546997070312,-71.27867126464844
1781099405688123600,169.12812353515625,-71.576416015625,138.6454620361328,-71.059814453125
1781099405729293600,169.16929345703124,-70.93836975097656,138.2301788330078,-70.64878845214844
1781099405770464800,169.21046484375,-70.75727844238281,138.120849609375,-70.8017578125
1781099405811638500,169.25163842773438,-71.08969116210938,137.91793823242188,-70.67082214355469
1781099405852809700,169.29280981445314,-71.152587890625,137.22325134277344,-70.73271179199219
1781099405893980700,169.33398071289062,-71.92340087890625,136.58956909179688,-70.66336059570312
1781099405935150600,169.37515063476562,-72.17121887207031,136.3807373046875,-70.6781005859375
1781099405976321800,169.41632177734374,-72.5980224609375,136.0113067626953,-70.69151306152344
1781099406017491500,169.45749145507813,-73.1494140625,136.1348876953125,-70.18646240234375
1781099406058660600,169.49866064453124,-73.3516845703125,136.26995849609375,-70.23159790039062
1781099406099829800,169.53982983398438,-73.442626953125,136.56610107421875,-70.14845275878906
1781099406140996900,169.58099682617188,-73.14767456054688,136.9016571044922,-70.46699523925781
1781099406182166800,169.62216674804688,-72.94490051269531,136.72158813476562,-70.53228759765625
1781099406223336000,169.6633359375,-72.48681640625,136.2643585205078,-70.75814819335938
1781099406264504800,169.7045048828125,-72.69952392578125,135.7474365234375,-71.13389587402344
1781099406305676000,169.74567602539062,-72.52212524414062,134.8338623046875,-71.19070434570312
1781099406346849000,169.78684912109375,-73.57746887207031,134.27691650390625,-71.5880126953125
1781099406388021000,169.82802099609376,-73.96101379394531,133.79849243164062,-71.70440673828125
1781099406429192000,169.86919189453124,-74.775146484375,133.70074462890625,-71.48431396484375
1781099406470364000,169.91036401367188,-75.97587585449219,133.10671997070312,-71.59574890136719
1781099406511531800,169.95153173828126,-76.50956726074219,132.94337463378906,-71.94735717773438
1781099406552703000,169.99270288085938,-77.578369140625,133.22865295410156,-72.23953247070312
1781099406593874000,170.0338740234375,-78.71710205078125,133.2343292236328,-72.5511474609375
1781099406635042800,170.07504272460938,-80.1527099609375,133.33058166503906,-73.02079772949219
1781099406676211700,170.11621166992188,-80.71310424804688,133.48304748535156,-73.55264282226562
1781099406717379800,170.1573798828125,-81.5521240234375,133.49546813964844,-74.12776184082031
1781099406758547700,170.1985476074219,-82.44566345214844,133.4952392578125,-75.02719116210938
1781099406799718000,170.2397177734375,-83.26969909667969,133.28280639648438,-75.21067810058594
1781099406840891000,170.28089086914062,-84.25782775878906,133.13046264648438,-75.97831726074219
1781099406882065000,170.32206494140624,-85.11415100097656,133.1834716796875,-76.48103332519531
1781099406923236900,170.36323681640624,-86.07969665527344,132.97128295898438,-77.00445556640625
1781099406964409900,170.40440991210937,-87.42990112304688,132.97067260742188,-77.81349182128906
1781099407005581800,170.44558178710938,-88.15545654296875,132.8412322998047,-77.84715270996094
1781099407046754800,170.4867548828125,-89.17579650878906,132.82565307617188,-78.01789855957031
1781099407087928800,170.5279287109375,-90.34712219238281,132.8913116455078,-78.17453002929688
1781099407129101600,170.5691015625,-91.10711669921875,133.14967346191406,-78.14138793945312
1781099407170273500,170.6102734375,-92.8433837890625,133.32208251953125,-78.04252624511719
1781099407211447600,170.65144750976563,-94.41224670410156,133.39418029785156,-77.38818359375
1781099407252619500,170.69261962890624,-94.97756958007812,133.59413146972656,-77.39131164550781
1781099407293791500,170.73379150390625,-95.66911315917969,133.68089294433594,-76.75967407226562
1781099407334962400,170.77496240234376,-96.40156555175781,134.1953125,-76.31422424316406
1781099407376135400,170.81613549804686,-96.81065368652344,134.53817749023438,-76.09941101074219
1781099407417307400,170.85730737304686,-97.28538513183594,135.03346252441406,-75.762451171875
1781099407458480400,170.89848046875,-97.29206848144531,135.89295959472656,-75.32545471191406
1781099407499653600,170.93965356445312,-97.57821655273438,136.2481231689453,-75.20925903320312
1781099407540826600,170.98082666015625,-97.74264526367188,136.9247589111328,-74.76338195800781
1781099407582002400,171.02200244140624,-97.43170166015625,137.48672485351562,-74.48831176757812
1781099407623177500,171.06317749023438,-97.37014770507812,138.00411987304688,-74.20527648925781
1781099407664349400,171.10434936523438,-96.767578125,138.46258544921875,-73.95668029785156
1781099407705521400,171.145521484375,-96.62742614746094,138.92787170410156,-73.66900634765625
1781099407746692400,171.1866923828125,-96.23771667480469,138.97262573242188,-73.47727966308594
1781099407787865300,171.227865234375,-95.61134338378906,139.2926025390625,-73.1097412109375
1781099407829035500,171.26903540039064,-95.33816528320312,139.5151824951172,-72.86781311035156
1781099407870206500,171.31020654296876,-94.83877563476562,139.69900512695312,-72.76162719726562
1781099407911376400,171.35137646484375,-94.65470886230469,140.24903869628906,-72.51425170898438
1781099407952543500,171.39254345703125,-94.63536071777344,140.41676330566406,-72.55752563476562
1781099407993714700,171.43371459960937,-94.34721374511719,140.75067138671875,-72.5076904296875
1781099408034888400,171.47488842773438,-93.51657104492188,140.93923950195312,-72.54498291015625
1781099408076062500,171.5160625,-93.33013916015625,141.14822387695312,-72.89236450195312
1781099408117236000,171.55723608398438,-93.3455810546875,141.7928924560547,-72.89389038085938
1781099408158407000,171.59840698242186,-94.43840026855469,143.19338989257812,-72.39970397949219
1781099408199580000,171.63957983398439,-96.14535522460938,144.57479858398438,-71.25804138183594
1781099408240748800,171.68074877929686,-97.64764404296875,144.8008270263672,-68.85762023925781
1781099408281918000,171.72191796875,-99.39738464355469,143.80267333984375,-65.91732788085938
1781099408323088000,171.763087890625,-100.20970153808594,142.04434204101562,-63.149993896484375
1781099408364258000,171.80425805664063,-101.90298461914062,140.1998291015625,-59.97044372558594
1781099408405429000,171.84542895507812,-103.652099609375,137.84815979003906,-56.79176330566406
1781099408446599000,171.88659887695312,-104.25917053222656,137.27792358398438,-56.54461669921875
1781099408487769900,171.92776977539063,-103.1881103515625,139.15037536621094,-57.501007080078125
1781099408528939000,171.96893896484374,-106.27442932128906,136.84571838378906,-54.571807861328125
1781099408570111000,172.01011108398438,-105.32633972167969,137.5392608642578,-54.72752380371094
1781099408611285000,172.05128491210937,-105.76361083984375,137.4700469970703,-54.40242004394531
1781099408652458000,172.0924580078125,-105.64637756347656,136.86505126953125,-53.752166748046875
1781099408693628200,172.13362817382813,-105.34507751464844,136.48202514648438,-53.6380615234375
1781099408734798800,172.174798828125,-105.66964721679688,136.29254150390625,-53.59675598144531
1781099408775969000,172.21596899414064,-105.21487426757812,136.34449768066406,-53.53656005859375
1781099408817140000,172.25713989257812,-105.28715515136719,136.30850219726562,-53.340057373046875
1781099408858310000,172.29830981445312,-105.22611999511719,136.25405883789062,-53.17951965332031
1781099408899481000,172.33948120117188,-105.23968505859375,136.31053161621094,-53.14350891113281
1781099408940651000,172.38065112304687,-105.85098266601562,136.58602905273438,-53.28504943847656
1781099408981822000,172.4218220214844,-105.77714538574219,137.10153198242188,-53.585968017578125
1781099409022994000,172.46299389648436,-106.04054260253906,137.57901000976562,-53.72406005859375
1781099409064164900,172.50416479492188,-105.49104309082031,137.71441650390625,-53.906585693359375
1781099409105336000,172.54533618164064,-103.89724731445312,137.75357055664062,-54.589324951171875
1781099409146507300,172.58650732421876,-104.0194091796875,137.92884826660156,-54.523834228515625
1781099409187681300,172.62768139648438,-102.83975219726562,137.746826171875,-54.93278503417969
1781099409228856300,172.66885620117188,-102.61685180664062,137.7138671875,-54.878204345703125
1781099409270029300,172.710029296875,-102.8065185546875,137.6284637451172,-55.434112548828125
1781099409311203300,172.75120336914063,-101.9989013671875,137.98159790039062,-55.79359436035156
1781099409352375300,172.79237524414063,-102.03463745117188,138.46453857421875,-56.11085510253906
1781099409393547300,172.83354736328124,-101.07548522949219,138.60874938964844,-56.355010986328125
1781099409434720300,172.87472021484376,-101.04057312011719,138.23780822753906,-56.69535827636719
1781099409475893200,172.91589331054686,-101.62677001953125,138.38131713867188,-56.6126708984375
1781099409517067300,172.9570673828125,-101.44442749023438,137.92135620117188,-56.755615234375
1781099409558243300,172.99824340820314,-100.67155456542969,138.002685546875,-56.435516357421875
1781099409599417000,173.0394169921875,-100.08302307128906,137.9432373046875,-56.43354797363281
1781099409640588300,173.08058837890624,-100.70149230957031,138.1056365966797,-56.47074890136719
1781099409681759200,173.12175927734376,-100.46095275878906,138.37939453125,-56.5037841796875
1781099409722929200,173.16292919921875,-100.69424438476562,138.3597869873047,-56.70494079589844
1781099409764100400,173.20410034179687,-100.589111328125,138.69117736816406,-56.97578430175781
1781099409805275100,173.24527514648437,-100.89689636230469,138.79893493652344,-57.01066589355469
1781099409846448000,173.2864482421875,-101.01542663574219,138.9039764404297,-56.89897155761719
1781099409887617300,173.3276171875,-101.16995239257812,139.63494873046875,-57.14849853515625
1781099409928789200,173.36878930664062,-100.831298828125,140.07565307617188,-57.18452453613281
1781099409969960200,173.40996020507814,-101.33253479003906,140.1641387939453,-57.59507751464844
1781099410011131400,173.45113134765626,-101.15576171875,140.38987731933594,-57.5164794921875
1781099410052305200,173.49230517578124,-100.68533325195312,140.27476501464844,-57.68504333496094
1781099410093478100,173.53347802734376,-100.44827270507812,139.69248962402344,-57.35350036621094
1781099410134651100,173.57465112304686,-100.390380859375,138.91159057617188,-56.388275146484375
1781099410175825200,173.6158251953125,-100.98745727539062,138.877197265625,-56.018310546875
1781099410216998100,173.656998046875,-101.71891784667969,138.68936157226562,-55.7647705078125
1781099410258168000,173.69816796875,-101.68606567382812,138.07615661621094,-55.25679016113281
1781099410299340000,173.73934008789064,-100.89872741699219,137.64146423339844,-54.39155578613281
1781099410340514300,173.78051440429687,-101.01490783691406,137.76890563964844,-54.43206787109375
1781099410381690000,173.82169018554688,-102.24130249023438,139.91696166992188,-54.67877197265625
1781099410422866200,173.8628662109375,-103.054443359375,143.5352325439453,-57.358001708984375
1781099410464041000,173.904041015625,-104.83639526367188,148.4324493408203,-61.191680908203125
1781099410505215200,173.94521533203124,-107.94146728515625,152.70318603515625,-66.14311218261719
1781099410546390000,173.98639013671874,-113.325439453125,155.7063446044922,-70.00944519042969
1781099410587564000,174.02756396484375,-120.20111083984375,155.73245239257812,-69.18161010742188
1781099410628741000,174.0687412109375,-126.71376037597656,151.66380310058594,-62.989898681640625
1781099410669915100,174.1099150390625,-123.28071594238281,142.21524047851562,-52.88856506347656
1781099410711090200,174.15109008789062,-124.95103454589844,135.60714721679688,-49.083038330078125
1781099410752266200,174.1922663574219,-130.66888427734375,132.61558532714844,-49.270416259765625
1781099410793441000,174.23344091796875,-139.04945373535156,130.41455078125,-52.490875244140625
1781099410834620000,174.27461987304687,-149.3136444091797,129.8592071533203,-61.482879638671875
1781099410875796000,174.3157958984375,-154.97364807128906,131.9059600830078,-73.29267883300781
1781099410916972300,174.35697216796876,-152.6832275390625,137.32765197753906,-81.62103271484375
1781099410958146000,174.39814599609375,-150.13780212402344,140.93167114257812,-83.26228332519531
1781099410999320000,174.43932006835936,-148.3087158203125,143.03378295898438,-89.59437561035156
1781099411040494000,174.480494140625,-149.3612518310547,141.92625427246094,-88.92864990234375
1781099411081671000,174.5216708984375,-149.11782836914062,141.33999633789062,-85.55921936035156
1781099411122841000,174.56284106445312,-150.9619598388672,138.78355407714844,-89.72499084472656
1781099411164015000,174.60401513671874,-153.92669677734375,133.99803161621094,-91.45449829101562
1781099411205188000,174.64518798828124,-155.15313720703125,131.5865478515625,-92.24411010742188
1781099411246361000,174.68636108398437,-154.75762939453125,130.22679138183594,-94.45541381835938
1781099411287533000,174.72753295898437,-154.6500701904297,129.42616271972656,-94.99601745605469
1781099411328708000,174.7687080078125,-154.9489288330078,129.25221252441406,-93.68342590332031
1781099411369883100,174.80988305664061,-155.27735900878906,128.0598602294922,-94.20451354980469
1781099411411056000,174.85105615234374,-155.84141540527344,126.26994323730469,-95.67112731933594
1781099411452230000,174.89222998046876,-156.45742797851562,125.07798767089844,-95.99298095703125
1781099411493403100,174.93340307617189,-156.28662109375,124.30192565917969,-96.42066955566406
1781099411534577200,174.9745771484375,-156.76513671875,122.39610290527344,-97.43418884277344
1781099411575750100,175.01575024414063,-157.08058166503906,121.30833435058594,-97.56365966796875
1781099411616924200,175.05692407226562,-156.9766082763672,121.54124450683594,-98.18861389160156
1781099411658101000,175.09810107421876,-157.25462341308594,120.85374450683594,-98.7772216796875
1781099411699277000,175.1392770996094,-157.265380859375,119.3896484375,-99.85115051269531
1781099411740451000,175.180451171875,-157.30453491210938,117.9290771484375,-101.13825988769531
1781099411781626000,175.22162622070311,-157.386474609375,116.12864685058594,-101.50233459472656
1781099411822801200,175.26280126953125,-157.84881591796875,114.86573791503906,-100.93406677246094
1781099411863977200,175.30397729492188,-157.64634704589844,114.06411743164062,-101.57127380371094
1781099411905151200,175.34515112304686,-157.6266632080078,113.59521484375,-100.67912292480469
1781099411946324200,175.38632421875,-157.8545379638672,113.23320007324219,-101.43379211425781
1781099411987498000,175.427498046875,-157.81829833984375,112.9559326171875,-101.380859375
1781099412028671000,175.4686708984375,-158.4616241455078,111.83189392089844,-101.20230102539062
1781099412069844000,175.50984399414062,-158.1015625,110.465087890625,-101.24609375
1781099412111019000,175.55101904296876,-158.1558380126953,109.88690185546875,-101.53694152832031
1781099412152195000,175.5921950683594,-157.73553466796875,109.72911071777344,-101.36756896972656
1781099412193371000,175.63337084960938,-157.96405029296875,109.795166015625,-101.51608276367188
1781099412234545000,175.674544921875,-158.0164031982422,109.91764831542969,-101.24559020996094
1781099412275718000,175.7157177734375,-158.2534942626953,109.955078125,-101.56314086914062
1781099412316892000,175.75689184570314,-158.29054260253906,110.16465759277344,-100.53096008300781
1781099412358068000,175.79806787109376,-158.62588500976562,110.83424377441406,-98.92875671386719
1781099412399244800,175.83924487304688,-158.83177185058594,110.73829650878906,-98.82740783691406
1781099412440419000,175.88041918945314,-158.830810546875,111.53181457519531,-98.60899353027344
1781099412481593900,175.92159375,-158.8784942626953,112.6849365234375,-98.98138427734375
1781099412522765800,175.9627658691406,-158.72119140625,112.76824951171875,-99.09776306152344
1781099412563937800,176.00393774414061,-158.8416748046875,112.88076782226562,-99.3902587890625
1781099412605109000,176.04510888671874,-158.82310485839844,113.46144104003906,-99.33221435546875
1781099412646280700,176.08628076171874,-159.1642303466797,113.73976135253906,-99.59786987304688
1781099412687452700,176.12745263671874,-158.83505249023438,113.94406127929688,-99.82199096679688
1781099412728625700,176.16862573242187,-158.46556091308594,113.72381591796875,-99.98109436035156
1781099412769796900,176.209796875,-158.30799865722656,113.84754943847656,-100.45068359375
1781099412810973000,176.25097290039062,-158.66294860839844,113.9775390625,-100.88108825683594
1781099412852147700,176.29214770507812,-158.00279235839844,114.58087158203125,-101.37750244140625
1781099412893323000,176.33332299804687,-157.88803100585938,115.41810607910156,-101.22463989257812
1781099412934495000,176.37449487304687,-157.9961395263672,115.90821838378906,-101.2198486328125
1781099412975668000,176.41566796875,-157.5530548095703,117.20169067382812,-100.90892028808594
1781099413016841000,176.45684106445313,-157.49330139160156,117.86384582519531,-100.37687683105469
1781099413058014000,176.49801391601562,-157.63027954101562,118.69181823730469,-100.29837036132812
1781099413099186000,176.53918603515626,-158.2628173828125,119.06132507324219,-99.2662353515625
1781099413140360400,176.5803603515625,-157.93492126464844,119.03091430664062,-99.56047058105469
1781099413181537300,176.62153735351563,-158.023193359375,119.45858764648438,-99.23184204101562
1781099413222713300,176.66271337890626,-158.0494384765625,119.98211669921875,-99.0196533203125
1781099413263890400,176.70389038085938,-157.85595703125,120.33735656738281,-98.74638366699219
1781099413305067500,176.74506762695313,-157.94866943359375,120.31234741210938,-99.44998168945312
1781099413346240500,176.78624047851562,-157.8372039794922,119.88591003417969,-99.00593566894531
1781099413387412500,176.82741259765626,-158.0302734375,119.30805969238281,-99.04728698730469
1781099413428584400,176.86858447265624,-157.77532958984375,118.83073425292969,-99.34274291992188
1781099413469757400,176.90975732421876,-158.24224853515625,118.51258850097656,-98.95832824707031
1781099413510929400,176.95092944335937,-158.3049774169922,118.71231079101562,-98.33859252929688
1781099413552101400,176.99210131835937,-158.43617248535156,118.9010009765625,-97.27166748046875
1781099413593275600,177.03327563476563,-158.59860229492188,119.28146362304688,-96.78189086914062
1781099413634448600,177.07444873046876,-158.50582885742188,118.98588562011719,-97.76756286621094
1781099413675619300,177.11561938476564,-158.47071838378906,118.99099731445312,-97.64712524414062
1781099413716791300,177.1567912597656,-158.13116455078125,119.90975952148438,-97.55625915527344
1781099413757964300,177.19796435546874,-157.5286102294922,120.36759948730469,-98.17463684082031
1781099413799138600,177.239138671875,-157.579833984375,120.19842529296875,-98.64186096191406
1781099413840312600,177.2803125,-157.78811645507812,120.2083740234375,-98.78288269042969
1781099413881486300,177.321486328125,-157.697998046875,119.587158203125,-99.05747985839844
1781099413922658600,177.36265844726563,-157.75607299804688,119.60826110839844,-98.90565490722656
1781099413963830500,177.40383056640624,-157.757568359375,119.72547912597656,-98.81951904296875
1781099414005003500,177.44500341796876,-157.7003631591797,120.06838989257812,-98.94955444335938
1781099414046176500,177.48617651367186,-157.57046508789062,120.22734069824219,-98.58723449707031
1781099414087348500,177.52734838867187,-157.49244689941406,120.57546997070312,-98.21438598632812
1781099414128518700,177.5685185546875,-157.2660675048828,120.65516662597656,-99.01542663574219
1781099414169691600,177.60969165039063,-157.22740173339844,120.68817138671875,-98.79426574707031
1781099414210862600,177.65086254882812,-157.52835083007812,121.08273315429688,-98.58438110351562
1781099414252032500,177.6920324707031,-157.22018432617188,121.333740234375,-98.8739013671875
1781099414293203700,177.73320361328126,-157.21470642089844,121.31777954101562,-99.30348205566406
1781099414334376400,177.77437646484375,-157.2983856201172,121.19305419921875,-99.29345703125
1781099414375550500,177.81555053710937,-156.88710021972656,121.10154724121094,-99.12548828125
1781099414416725800,177.85672583007812,-157.3935089111328,121.05885314941406,-99.36990356445312
1781099414457898500,177.8978984375,-156.7938232421875,121.14610290527344,-98.66865539550781
1781099414499073500,177.9390734863281,-157.5443572998047,121.22470092773438,-99.36335754394531
1781099414540249600,177.98024951171874,-157.74496459960938,121.09358215332031,-99.57159423828125
1781099414581425700,178.02142578125,-157.5509796142578,121.24479675292969,-99.39715576171875
1781099414622598700,178.0625986328125,-157.2673797607422,121.39166259765625,-99.20779418945312
1781099414663770600,178.1037705078125,-156.97193908691406,121.56001281738281,-99.27650451660156
1781099414704943600,178.14494360351563,-157.1649932861328,121.68910217285156,-99.26304626464844
1781099414746117600,178.18611767578125,-156.919677734375,121.55459594726562,-99.06694030761719
1781099414787294700,178.22729467773436,-157.07272338867188,121.53302001953125,-98.92420959472656
1781099414828471600,178.26847143554687,-156.75515747070312,121.63801574707031,-99.14958190917969
1781099414869649700,178.3096496582031,-157.26416015625,121.62837219238281,-99.197509765625
1781099414910824400,178.3508244628906,-156.6344757080078,121.62516784667969,-98.94413757324219
1781099414951998500,178.39199853515626,-156.49920654296875,121.74604797363281,-98.80133056640625
1781099414993172700,178.4331728515625,-156.71827697753906,121.6319580078125,-99.00447082519531
