time,seconds_elapsed,z,y,x
1781099236662109700,0.102109619140625,-52.065765380859375,16.433395385742188,-12.7554931640625
1781099236687184600,0.1271845703125,-52.34593200683594,16.46784210205078,-13.15228271484375
1781099236712259600,0.152259521484375,-52.36524963378906,16.624969482421875,-13.253196716308594
1781099236737334500,0.17733447265625,-52.53254699707031,16.55127716064453,-13.1883544921875
1781099236762409700,0.20240966796875,-52.58494567871094,16.556106567382812,-13.16180419921875
1781099236787484700,0.227484619140625,-52.64143371582031,16.634071350097656,-13.23956298828125
1781099236812559600,0.2525595703125,-52.70306396484375,16.622337341308594,-13.201217651367188
1781099236837634600,0.277634521484375,-52.49452209472656,16.373199462890625,-13.499435424804688
1781099236862709500,0.30270947265625,-52.427001953125,16.199661254882812,-13.580947875976562
1781099236887784400,0.327784423828125,-52.40074157714844,16.22113037109375,-13.686180114746094
1781099236912859600,0.352859619140625,-52.59181213378906,16.506797790527344,-13.153617858886719
1781099236937934600,0.3779345703125,-52.41687774658203,16.57129669189453,-13.064735412597656
1781099236963008800,0.4030087890625,-52.23778533935547,16.322532653808594,-13.346382141113281
1781099236988083700,0.428083740234375,-52.26386260986328,16.518142700195312,-13.316871643066406
1781099237013159000,0.453158935546875,-52.276527404785156,16.530540466308594,-13.242134094238281
1781099237038233900,0.47823388671875,-52.217979431152344,16.512237548828125,-13.113601684570312
1781099237063309800,0.503309814453125,-52.10541534423828,16.411941528320312,-13.130729675292969
1781099237088384800,0.528384765625,-52.24689483642578,16.30292510986328,-13.262893676757812
1781099237113459700,0.553459716796875,-52.10436248779297,16.45709228515625,-13.095794677734375
1781099237138535000,0.578534912109375,-52.30200958251953,16.420745849609375,-12.930992126464844
1781099237163609900,0.60360986328125,-52.271751403808594,16.42530059814453,-12.970466613769531
1781099237188685000,0.62868505859375,-52.140480041503906,16.35565185546875,-12.73760986328125
1781099237213760000,0.653760009765625,-52.06188201904297,16.49554443359375,-12.480010986328125
1781099237238835000,0.6788349609375,-52.22228240966797,16.658721923828125,-12.486053466796875
1781099237263910000,0.703909912109375,-52.32085418701172,16.339805603027344,-13.017601013183594
1781099237288984800,0.72898486328125,-52.38353729248047,16.2105712890625,-13.303009033203125
1781099237314060000,0.75406005859375,-52.105369567871094,16.236923217773438,-13.566673278808594
1781099237339135000,0.779135009765625,-51.99921417236328,16.51544189453125,-13.519386291503906
1781099237364211000,0.8042109375,-52.17028045654297,16.815719604492188,-13.239997863769531
1781099237389286000,0.829285888671875,-52.24932098388672,16.870986938476562,-13.092803955078125
1781099237414360800,0.85436083984375,-52.44036102294922,16.743309020996094,-13.098190307617188
1781099237439436000,0.87943603515625,-52.425941467285156,16.66363525390625,-13.087272644042969
1781099237464511000,0.904510986328125,-52.310386657714844,16.715187072753906,-13.136856079101562
1781099237489586000,0.9295859375,-52.37682342529297,16.922119140625,-12.992713928222656
1781099237514660900,0.954660888671875,-52.16185760498047,16.94403076171875,-12.861656188964844
1781099237539737000,0.979737060546875,-52.244468688964844,16.780357360839844,-13.2529296875
1781099237564812000,1.00481201171875,-52.411827087402344,16.809295654296875,-13.498970031738281
1781099237589887000,1.029886962890625,-52.053123474121094,16.90594482421875,-13.511871337890625
1781099237614962000,1.0549619140625,-51.989768981933594,16.96135711669922,-13.306449890136719
1781099237640036900,1.080036865234375,-52.097816467285156,17.0889892578125,-13.367286682128906
1781099237665111800,1.10511181640625,-52.234764099121094,16.9932861328125,-13.597702026367188
1781099237690188000,1.13018798828125,-52.232383728027344,16.653770446777344,-13.741325378417969
1781099237715263000,1.155262939453125,-52.10248565673828,16.43840789794922,-14.3284912109375
1781099237740338000,1.180337890625,-51.932823181152344,16.499473571777344,-14.338233947753906
1781099237765412900,1.205412841796875,-52.14568328857422,16.61450958251953,-14.343360900878906
1781099237790488800,1.23048876953125,-52.05382537841797,16.893203735351562,-14.4202880859375
1781099237815564000,1.25556396484375,-51.964195251464844,17.020118713378906,-14.141273498535156
1781099237840639000,1.280638916015625,-51.867652893066406,16.77989959716797,-14.638641357421875
1781099237865714000,1.3057138671875,-51.762168884277344,16.802383422851562,-14.8095703125
1781099237890790000,1.330789794921875,-51.87329864501953,16.983665466308594,-14.853775024414062
1781099237915864800,1.35586474609375,-51.886375427246094,17.323287963867188,-14.607780456542969
1781099237940940000,1.38093994140625,-51.907569885253906,17.334701538085938,-14.747726440429688
1781099237966015000,1.406014892578125,-51.82563018798828,17.51983642578125,-14.760406494140625
1781099237991091200,1.43109130859375,-51.736793518066406,17.942298889160156,-14.633895874023438
1781099238016166100,1.456166259765625,-51.833290100097656,17.93250274658203,-14.74493408203125
1781099238041241000,1.481240966796875,-51.878196716308594,18.06817626953125,-14.724525451660156
1781099238066317300,1.5063173828125,-51.933868408203125,18.161727905273438,-14.604011535644531
1781099238091392300,1.531392333984375,-51.785369873046875,18.180084228515625,-14.484947204589844
1781099238116467200,1.55646728515625,-51.62882995605469,18.273521423339844,-14.429763793945312
1781099238141543200,1.581543212890625,-51.558074951171875,18.226234436035156,-14.203330993652344
1781099238166618000,1.6066181640625,-51.46397399902344,18.323928833007812,-14.536201477050781
1781099238191693300,1.631693359375,-51.42515563964844,18.391334533691406,-14.262413024902344
1781099238216769300,1.656769287109375,-51.742462158203125,18.382911682128906,-14.289031982421875
1781099238241844200,1.68184423828125,-51.64112854003906,18.55431365966797,-13.957534790039062
1781099238266919200,1.706919189453125,-51.72540283203125,18.526145935058594,-14.103614807128906
1781099238291995400,1.731995361328125,-51.688812255859375,18.52080535888672,-14.224784851074219
1781099238317070300,1.7570703125,-51.53147888183594,18.565345764160156,-14.173851013183594
1781099238342145300,1.782145263671875,-51.58076477050781,18.636764526367188,-14.220405578613281
1781099238367221000,1.807220947265625,-51.248870849609375,18.678245544433594,-14.215690612792969
1781099238392296200,1.832296142578125,-51.27873229980469,18.8406982421875,-14.396598815917969
1781099238417371400,1.857371337890625,-51.298065185546875,18.999542236328125,-14.584297180175781
1781099238442447000,1.882447021484375,-51.159332275390625,19.167953491210938,-14.743316650390625
1781099238467522000,1.90752197265625,-50.734130859375,19.852340698242188,-14.57257080078125
1781099238492597000,1.932596923828125,-51.03138732910156,20.016891479492188,-14.514732360839844
1781099238517673200,1.957673095703125,-50.75059509277344,20.2120361328125,-14.731475830078125
1781099238542748200,1.982748046875,-50.56303405761719,20.008041381835938,-15.306083679199219
1781099238567824100,2.00782421875,-50.77018737792969,19.668182373046875,-15.876350402832031
1781099238592899300,2.0328994140625,-50.44269561767578,19.621238708496094,-16.378631591796875
1781099238617974300,2.057974365234375,-50.623695373535156,19.382301330566406,-16.35334014892578
1781099238643050200,2.08305029296875,-50.432106018066406,19.58300018310547,-16.173248291015625
1781099238668125200,2.108125244140625,-50.41985321044922,19.48839569091797,-16.422752380371094
1781099238693200100,2.1332001953125,-50.43621063232422,18.97838592529297,-16.5194091796875
1781099238718276400,2.1582763671875,-50.314979553222656,18.991981506347656,-16.669654846191406
1781099238743351300,2.183351318359375,-50.513404846191406,19.260459899902344,-16.560028076171875
1781099238768426200,2.20842626953125,-50.53467559814453,19.27100372314453,-16.274765014648438
1781099238793502200,2.233502197265625,-50.415077209472656,19.325233459472656,-16.067893981933594
1781099238818577400,2.258577392578125,-50.49793243408203,19.472511291503906,-16.243804931640625
1781099238843653000,2.283653076171875,-50.39299774169922,19.37989044189453,-16.63225555419922
1781099238868728000,2.30872802734375,-50.24402618408203,19.31175994873047,-16.812637329101562
1781099238893803000,2.333802978515625,-50.40764617919922,19.50463104248047,-16.825271606445312
1781099238918879200,2.358879150390625,-50.26245880126953,19.58179473876953,-16.99683380126953
1781099238943955000,2.383954833984375,-50.241477966308594,19.724464416503906,-17.04449462890625
1781099238969030000,2.40902978515625,-50.34893035888672,19.695030212402344,-17.146530151367188
1781099238994105900,2.43410595703125,-50.557655334472656,19.522689819335938,-17.46092987060547
1781099239019180800,2.459180908203125,-50.24944305419922,19.3143310546875,-17.761550903320312
1781099239044255700,2.484255859375,-50.256614685058594,18.822662353515625,-18.446533203125
1781099239069332000,2.50933203125,-50.14295196533203,18.650611877441406,-18.55072784423828
1781099239094407000,2.534406982421875,-50.19811248779297,18.491004943847656,-18.66497039794922
1781099239119481900,2.55948193359375,-50.162681579589844,18.4613037109375,-18.731407165527344
1781099239144558000,2.58455810546875,-50.013572692871094,18.48297119140625,-18.58434295654297
1781099239169633000,2.609633056640625,-50.067115783691406,18.36743927001953,-18.26580047607422
1781099239194708000,2.6347080078125,-50.16698455810547,18.56487274169922,-18.099502563476562
1781099239219783700,2.65978369140625,-50.483619689941406,18.661659240722656,-17.841346740722656
1781099239244858600,2.684858642578125,-50.13410186767578,18.89385986328125,-17.503936767578125
1781099239269933800,2.709933837890625,-50.418495178222656,18.549911499023438,-17.645347595214844
1781099239295009800,2.735009765625,-50.279090881347656,18.419921875,-17.843353271484375
1781099239320084700,2.760084716796875,-50.55364227294922,17.755943298339844,-18.11054229736328
1781099239345159700,2.78515966796875,-50.80945587158203,17.68329620361328,-18.137466430664062
1781099239370236000,2.81023583984375,-50.76683807373047,17.453880310058594,-18.01886749267578
1781099239395310800,2.835310791015625,-50.517112731933594,17.872970581054688,-17.696266174316406
1781099239420385800,2.8603857421875,-50.45862579345703,18.15515899658203,-17.57513427734375
1781099239445461800,2.885461669921875,-50.23143768310547,18.860069274902344,-17.490440368652344
1781099239470537000,2.910536865234375,-50.42607116699219,18.783218383789062,-17.137039184570312
1781099239495612000,2.93561181640625,-50.647003173828125,18.180328369140625,-17.10595703125
1781099239520687900,2.96068798828125,-50.729469299316406,17.633102416992188,-17.544151306152344
1781099239545762800,2.9857626953125,-50.292030334472656,16.720596313476562,-19.06573486328125
1781099239570837800,3.010837646484375,-50.050682067871094,16.01165771484375,-20.267013549804688
1781099239595914000,3.0359140625,-49.899559020996094,15.531455993652344,-21.264060974121094
1781099239620989000,3.060989013671875,-49.472007751464844,15.031051635742188,-22.66363525390625
1781099239646063900,3.08606396484375,-49.46873474121094,14.814178466796875,-22.881820678710938
1781099239671139800,3.111139892578125,-48.83380126953125,14.487258911132812,-23.41986846923828
1781099239696215000,3.136215087890625,-48.79736328125,14.035530090332031,-24.03162384033203
1781099239721290000,3.1612900390625,-48.03008270263672,13.422721862792969,-25.645111083984375
1781099239746365000,3.186364990234375,-47.63774108886719,12.602890014648438,-26.592689514160156
1781099239771440600,3.211440673828125,-47.51487731933594,12.068130493164062,-27.33325958251953
1781099239796515800,3.236515869140625,-46.97077941894531,11.553306579589844,-28.408912658691406
1781099239821590800,3.2615908203125,-46.57849884033203,10.736854553222656,-29.252662658691406
1781099239846666800,3.286666748046875,-46.26563262939453,10.153633117675781,-30.407142639160156
1781099239871741700,3.31174169921875,-45.66575622558594,9.576576232910156,-31.027755737304688
1781099239896816600,3.336816650390625,-45.43992614746094,9.381866455078125,-31.647964477539062
1781099239921266700,3.3612666015625,-45.385292053222656,9.461982727050781,-31.78754425048828
1781099239946342000,3.386341796875,-45.40758514404297,9.489334106445312,-32.134033203125
1781099239971417900,3.41141796875,-45.272193908691406,9.459037780761719,-32.44108581542969
1781099239996492800,3.436492919921875,-44.255027770996094,9.079559326171875,-33.41661071777344
1781099240021567700,3.461567626953125,-44.024253845214844,8.630485534667969,-34.09577178955078
1781099240046644000,3.48664404296875,-43.70655059814453,8.571876525878906,-34.36687469482422
1781099240071719000,3.511718994140625,-43.735267639160156,8.639114379882812,-34.536888122558594
1781099240096793900,3.5367939453125,-43.690956115722656,8.801994323730469,-34.42461395263672
1781099240121869800,3.561869873046875,-44.077308654785156,9.0379638671875,-33.90802001953125
1781099240146944800,3.58694482421875,-44.499305725097656,9.104667663574219,-33.978607177734375
1781099240172020000,3.61202001953125,-44.192848205566406,9.478355407714844,-34.03863525390625
1781099240197095000,3.637094970703125,-44.983741760253906,9.847206115722656,-33.68016815185547
1781099240222171000,3.6621708984375,-46.08917999267578,10.54302978515625,-31.76068115234375
1781099240247245800,3.687245849609375,-47.205467224121094,10.779838562011719,-30.11566162109375
1781099240272321000,3.712321044921875,-48.057289123535156,10.952735900878906,-28.81140899658203
1781099240297397000,3.73739697265625,-48.80841827392578,10.09832763671875,-27.698196411132812
1781099240322472000,3.762471923828125,-48.79759979248047,9.577323913574219,-27.589996337890625
1781099240347547000,3.787546875,-48.798988342285156,7.846305847167969,-27.57093048095703
1781099240372621800,3.812621826171875,-48.88587188720703,5.966911315917969,-27.808448791503906
1781099240397698000,3.837697998046875,-48.02587890625,3.1968994140625,-29.50518035888672
1781099240422773000,3.86277294921875,-46.97752380371094,1.272186279296875,-31.6641845703125
1781099240447848000,3.887847900390625,-45.326446533203125,-0.676910400390625,-33.849639892578125
1781099240472924000,3.912923828125,-43.084388732910156,-3.0006561279296875,-36.32317352294922
1781099240497998800,3.937998779296875,-42.867881774902344,-3.7110519409179688,-36.642616271972656
1781099240523073800,3.96307373046875,-43.324073791503906,-3.3683700561523438,-36.484619140625
1781099240548149800,3.988149658203125,-43.44294738769531,-2.6680679321289062,-36.19549560546875
1781099240573224700,4.013224609375,-43.51006317138672,-2.091339111328125,-36.621665954589844
1781099240598300000,4.0382998046875,-43.206321716308594,-2.5001983642578125,-36.90819549560547
1781099240623374800,4.063374755859375,-41.80693817138672,-3.471343994140625,-38.369354248046875
1781099240648450800,4.088450927734375,-40.64128112792969,-3.9958267211914062,-39.50452423095703
1781099240673525800,4.11352587890625,-39.708274841308594,-4.383079528808594,-40.749122619628906
1781099240698600700,4.1386005859375,-37.70305633544922,-5.39892578125,-42.38532257080078
1781099240723677000,4.163677001953125,-36.976417541503906,-6.581428527832031,-42.961875915527344
1781099240748752000,4.188751953125,-36.88050079345703,-7.3369140625,-42.96434783935547
1781099240773826800,4.213826904296875,-36.613746643066406,-7.259063720703125,-43.56665802001953
1781099240798901800,4.23890185546875,-34.08269500732422,-6.60821533203125,-45.81365966796875
1781099240823978000,4.26397802734375,-30.89488983154297,-6.336845397949219,-48.31999969482422
1781099240849053000,4.289052978515625,-26.902206420898438,-5.742866516113281,-50.98094940185547
1781099240874128000,4.3141279296875,-19.846229553222656,-4.484123229980469,-54.424949645996094
1781099240899203800,4.339203857421875,-15.484939575195312,-2.9900054931640625,-56.31208038330078
1781099240924279000,4.364279052734375,-9.725502014160156,1.096893310546875,-58.269317626953125
1781099240949353200,4.389353271484375,-6.082679748535156,5.385459899902344,-58.9385986328125
1781099240974429400,4.414429443359375,-4.156494140625,12.518966674804688,-59.21668243408203
1781099240999504400,4.43950439453125,-4.242340087890625,16.307510375976562,-58.878822326660156
1781099241024579300,4.464579345703125,-4.100669860839844,20.227867126464844,-58.24729919433594
1781099241049654300,4.489654296875,-2.1937789916992188,22.75738525390625,-57.55006408691406
1781099241074730500,4.51473046875,0.98944091796875,25.798606872558594,-56.767364501953125
1781099241099805400,4.539805419921875,5.6013641357421875,30.584815979003906,-54.697418212890625
1781099241124880400,4.56488037109375,7.5616302490234375,32.88176727294922,-53.4288330078125
1781099241149956400,4.589956298828125,11.808319091796875,35.64013671875,-51.061256408691406
1781099241175031300,4.61503125,14.919609069824219,37.50578308105469,-49.4722900390625
1781099241200106500,4.6401064453125,19.889007568359375,40.477333068847656,-45.76097869873047
1781099241225182200,4.66518212890625,22.423690795898438,43.12092590332031,-42.66889953613281
1781099241250257200,4.690257080078125,23.92572021484375,46.18829345703125,-39.479644775390625
1781099241275332400,4.715332275390625,25.601272583007812,50.89408874511719,-33.989418029785156
1781099241300408300,4.740408203125,29.322021484375,51.46990966796875,-30.534011840820312
1781099241325483300,4.765483154296875,33.73973083496094,50.35747528076172,-28.19800567626953
1781099241350558200,4.79055810546875,34.54588317871094,50.61622619628906,-26.861366271972656
1781099241375634400,4.815634521484375,36.88202667236328,50.356483459472656,-23.899620056152344
1781099241400709400,4.84070947265625,38.37383270263672,50.32701873779297,-21.614898681640625
1781099241425784300,4.865784423828125,39.297576904296875,51.274322509765625,-18.321807861328125
1781099241450860300,4.8908603515625,40.49678039550781,52.211509704589844,-13.834304809570312
1781099241475935200,4.915935302734375,41.43598937988281,51.82274627685547,-12.487815856933594
1781099241501010400,4.941010498046875,42.03663635253906,52.03034210205078,-10.061836242675781
1781099241526086400,4.96608642578125,41.250511169433594,53.413185119628906,-7.09783935546875
1781099241551161300,4.991161376953125,40.435516357421875,55.201698303222656,-1.6421966552734375
1781099241576237600,5.016237548828125,40.48893737792969,55.42321014404297,1.0650711059570312
1781099241601312500,5.0413125,39.593223571777344,55.66627502441406,3.214019775390625
1781099241626387500,5.066387451171875,39.203147888183594,55.87078857421875,3.990814208984375
1781099241651463200,5.091463134765625,39.191078186035156,55.860992431640625,4.434684753417969
1781099241676538000,5.1165380859375,38.87859344482422,55.972381591796875,5.5336456298828125
1781099241701613300,5.14161328125,38.70140075683594,56.18836975097656,5.9049224853515625
1781099241726689300,5.166689208984375,38.34632873535156,56.362518310546875,6.229530334472656
1781099241751764200,5.19176416015625,38.316627502441406,56.27294921875,6.253578186035156
1781099241776840400,5.21684033203125,38.96666717529297,55.954681396484375,7.260955810546875
1781099241801915400,5.241915283203125,39.03038024902344,55.23255920410156,9.499641418457031
1781099241826990300,5.266990234375,38.83562469482422,55.018516540527344,13.016937255859375
1781099241852066300,5.29206640625,38.03679656982422,53.74292755126953,19.834999084472656
1781099241877141200,5.317141357421875,38.432373046875,51.39551544189453,24.490028381347656
1781099241902217500,5.342217529296875,39.378021240234375,46.295875549316406,31.978206634521484
1781099241927292400,5.36729248046875,40.227386474609375,42.805320739746094,35.625545501708984
1781099241952367900,5.392367919921875,40.403968811035156,38.312744140625,39.605899810791016
1781099241977442800,5.41744287109375,41.53553009033203,34.010643005371094,42.16976547241211
1781099242002518000,5.44251806640625,44.15509796142578,29.550369262695312,43.02004623413086
1781099242027593700,5.46759375,44.58159637451172,28.13123321533203,43.62609100341797
1781099242052669000,5.4926689453125,43.643829345703125,27.869735717773438,44.568607330322266
1781099242077744600,5.51774462890625,43.22221374511719,29.154312133789062,44.12624740600586
1781099242102819800,5.54281982421875,43.81195068359375,29.02330780029297,43.512733459472656
1781099242127894800,5.567894775390625,44.115081787109375,28.88842010498047,43.03203582763672
1781099242152970800,5.592970703125,44.554771423339844,29.103736877441406,42.704750061035156
1781099242178045700,5.618045654296875,44.251708984375,29.37499237060547,42.74250793457031
1781099242203122000,5.643121826171875,44.02649688720703,29.09375762939453,42.70942687988281
1781099242228196900,5.66819677734375,43.93865203857422,29.055091857910156,42.597896575927734
1781099242253272800,5.69327294921875,44.18358612060547,29.096717834472656,42.74558639526367
1781099242278347800,5.71834765625,44.12384796142578,29.11719512939453,42.61530685424805
1781099242303423000,5.743423095703125,43.88587188720703,29.342811584472656,42.472328186035156
1781099242328499000,5.7684990234375,43.87579345703125,29.39759063720703,42.60529327392578
1781099242353574000,5.793573974609375,43.82916259765625,29.56175994873047,42.566165924072266
1781099242378649900,5.81864990234375,43.760765075683594,29.61119842529297,42.51597595214844
1781099242403724800,5.843724853515625,43.979469299316406,30.009742736816406,42.50015640258789
1781099242428800800,5.86880078125,43.81779479980469,30.01496124267578,41.99961853027344
1781099242453875700,5.893875732421875,44.31010437011719,30.308982849121094,42.26955032348633
1781099242478950700,5.91895068359375,43.779747009277344,30.59893035888672,42.052371978759766
1781099242504027000,5.94402685546875,43.868919372558594,30.81090545654297,42.00074768066406
1781099242529101800,5.969101806640625,43.766319274902344,30.955711364746094,41.92631530761719
1781099242554177800,5.994177734375,43.844451904296875,31.055931091308594,41.81169891357422
1781099242579252700,6.019252685546875,43.859840393066406,30.926902770996094,42.00240707397461
1781099242604329000,6.044328857421875,43.785247802734375,30.72632598876953,42.15922164916992
1781099242629404000,6.06940380859375,43.623008728027344,30.76398468017578,42.27133560180664
1781099242654478800,6.094478759765625,43.550697326660156,30.323387145996094,42.49435043334961
1781099242679554800,6.119554931640625,43.73725891113281,30.00371551513672,42.61846923828125
1781099242704630000,6.144630126953125,43.491111755371094,29.601890563964844,42.89668655395508
1781099242729705700,6.169705810546875,43.40594482421875,29.421302795410156,43.12168884277344
1781099242754780700,6.19478076171875,43.411712646484375,29.26525115966797,43.5042724609375
1781099242779857000,6.21985693359375,43.30048370361328,29.210472106933594,43.55382537841797
1781099242804931800,6.244931884765625,43.18737030029297,28.99431610107422,43.581729888916016
1781099242830006800,6.2700068359375,43.13177490234375,29.024070739746094,43.64378356933594
1781099242855082800,6.295082763671875,42.86024475097656,29.21698760986328,43.86835861206055
1781099242880158000,6.320157958984375,42.52399444580078,29.45832061767578,43.7922477722168
1781099242905234000,6.34523388671875,42.49937438964844,29.57532501220703,43.83988952636719
1781099242930308900,6.370308837890625,42.122703552246094,29.791404724121094,43.67329406738281
1781099242955384600,6.395384521484375,42.141685485839844,29.960655212402344,43.678070068359375
1781099242980460500,6.42046044921875,41.73396301269531,30.18872833251953,43.67465591430664
1781099243005535500,6.445535400390625,41.67420196533203,30.261924743652344,43.54281234741211
1781099243030611500,6.470611572265625,41.499549865722656,30.457176208496094,43.71640396118164
1781099243055686400,6.495686279296875,41.20832824707031,30.40619659423828,43.905540466308594
1781099243080762600,6.5207626953125,41.06195068359375,30.607566833496094,43.71033477783203
1781099243105837600,6.545837646484375,40.9620361328125,30.62677764892578,43.76424026489258
1781099243130912500,6.57091259765625,41.20330810546875,30.66362762451172,43.73017120361328
1781099243155988700,6.59598876953125,41.06195068359375,30.53423309326172,43.75510025024414
1781099243181063700,6.621063720703125,41.234642028808594,30.58586883544922,43.84720993041992
1781099243206139600,6.6461396484375,41.28050231933594,30.755226135253906,43.759429931640625
1781099243231214600,6.671214599609375,41.017425537109375,30.821678161621094,43.92326736450195
1781099243256289500,6.69628955078125,41.217926025390625,30.68238067626953,43.99382019042969
1781099243281365800,6.72136572265625,41.29735565185547,30.67528533935547,43.944549560546875
1781099243306440700,6.746440673828125,41.234283447265625,30.685585021972656,44.103206634521484
1781099243331516400,6.771516357421875,41.000022888183594,30.545265197753906,44.26435852050781
1781099243356591600,6.796591552734375,40.990020751953125,30.690345764160156,44.188255310058594
1781099243381666600,6.82166650390625,40.931732177734375,30.773094177246094,44.4495964050293
1781099243406742500,6.846742431640625,40.915061950683594,30.76178741455078,44.59218978881836
1781099243431817500,6.8718173828125,41.03041076660156,30.58684539794922,44.59370803833008
1781099243456893700,6.896893798828125,40.713401794433594,30.800384521484375,44.64396286010742
1781099243481968600,6.92196875,40.792686462402344,31.014846801757812,44.67582321166992
1781099243507043600,6.947043701171875,40.68004608154297,31.171554565429688,44.673011779785156
1781099243532119600,6.97211962890625,40.72932434082031,31.352310180664062,44.54133605957031
1781099243557194500,6.997194580078125,40.19080352783203,31.505523681640625,44.378196716308594
1781099243582270700,7.022270751953125,40.542572021484375,31.77337646484375,44.39580535888672
1781099243607345700,7.047345703125,40.385345458984375,31.595718383789062,44.37254333496094
1781099243632420600,7.072420654296875,36.14881896972656,29.040054321289062,37.81512451171875
1781099243657496600,7.09749658203125,37.45024108886719,29.708099365234375,39.90164566040039
1781099243682571800,7.12257177734375,38.99897003173828,30.705795288085938,42.45610809326172
1781099243707647500,7.1476474609375,39.68424987792969,31.179214477539062,43.32887649536133
1781099243732722400,7.172722412109375,40.51836395263672,31.416412353515625,44.071895599365234
1781099243757797400,7.19779736328125,40.025848388671875,31.112030029296875,43.26813888549805
1781099243782873600,7.22287353515625,39.29022979736328,30.45751953125,42.25627517700195
1781099243807948500,7.247948486328125,40.43677520751953,31.295623779296875,43.59297180175781
1781099243833024500,7.2730244140625,40.856353759765625,31.484909057617188,44.25504684448242
1781099243858099700,7.298099609375,41.123390197753906,31.90655517578125,44.6026725769043
1781099243883174700,7.323174560546875,41.131202697753906,31.533737182617188,44.71547317504883
1781099243908250600,7.348250732421875,41.70257568359375,31.885360717773438,44.86510467529297
1781099243933325600,7.37332568359375,41.109642028808594,31.923568725585938,45.03489303588867
1781099243958400500,7.398400390625,41.06749725341797,32.1632080078125,45.01563262939453
1781099243983476500,7.4234765625,40.963218688964844,32.02772521972656,45.064083099365234
1781099244008551400,7.448551513671875,40.60731506347656,32.15617370605469,45.37837219238281
1781099244033627400,7.47362744140625,40.31139373779297,32.10795593261719,45.00355911254883
1781099244058702600,7.49870263671875,40.31651306152344,32.20573425292969,45.19042205810547
1781099244083777500,7.523777587890625,40.5037841796875,32.28912353515625,44.850059509277344
1781099244108853200,7.548853271484375,40.47093200683594,32.22093200683594,44.81145095825195
1781099244133928400,7.573928466796875,40.708984375,32.34068298339844,44.85869598388672
1781099244159004400,7.59900439453125,40.553924560546875,32.50132751464844,44.54902267456055
1781099244184079400,7.624079345703125,40.512725830078125,32.583709716796875,44.3342170715332
1781099244209154300,7.649154296875,41.04205322265625,32.57115173339844,44.87242889404297
1781099244234230500,7.67423046875,40.982460021972656,32.56575012207031,44.93501281738281
1781099244259305500,7.699305419921875,40.742454528808594,32.30316162109375,44.67576217651367
1781099244284381400,7.72438134765625,41.101722717285156,32.24695587158203,44.61960220336914
1781099244309456400,7.749456298828125,41.10527038574219,32.175926208496094,44.3604736328125
1781099244334531600,7.774531494140625,41.00444030761719,32.210533142089844,44.124332427978516
1781099244359607600,7.799607666015625,41.06695556640625,32.52667999267578,43.87711715698242
1781099244384682500,7.8246826171875,41.29286193847656,32.714881896972656,43.369895935058594
1781099244409757400,7.84975732421875,41.695945739746094,33.114540100097656,42.671836853027344
1781099244434833400,7.87483349609375,41.73662567138672,33.284828186035156,42.492218017578125
1781099244459908600,7.89990869140625,41.80506896972656,33.30156707763672,42.64103317260742
1781099244484984300,7.924984375,41.72557067871094,33.489173889160156,42.25948715209961
1781099244510059300,7.950059326171875,41.758094787597656,33.34453582763672,41.913936614990234
1781099244535134500,7.975134521484375,41.58502197265625,33.37299346923828,41.76110076904297
1781099244560210400,8.00021044921875,41.59197235107422,33.463340759277344,42.167728424072266
1781099244585285400,8.025285400390626,41.43822479248047,33.392799377441406,42.123775482177734
1781099244610361600,8.050361572265626,41.68586730957031,33.44029998779297,41.96274948120117
1781099244635436500,8.0754365234375,41.755126953125,33.55072784423828,42.03065490722656
1781099244660511500,8.100511474609375,41.488853454589844,33.58942413330078,41.897953033447266
1781099244685587500,8.12558740234375,41.61650848388672,33.600929260253906,41.62043762207031
1781099244710662400,8.150662353515624,41.98504638671875,33.61890411376953,42.2119255065918
1781099244735737600,8.175737548828126,41.877166748046875,33.294593811035156,42.032039642333984
1781099244760813600,8.2008134765625,41.68290710449219,32.762535095214844,41.99584197998047
1781099244785888500,8.225888427734375,42.05152130126953,32.474952697753906,42.16516876220703
1781099244810964200,8.250964111328125,42.160430908203125,32.268798828125,42.31526565551758
1781099244836039400,8.276039306640625,42.43701934814453,32.10652160644531,41.78554153442383
1781099244861114600,8.301114501953125,42.789222717285156,32.21693420410156,41.9623908996582
1781099244886190300,8.3261904296875,43.02428436279297,32.376190185546875,42.052860260009766
1781099244911265300,8.351265380859376,42.76824188232422,32.39543151855469,42.074981689453125
1781099244936341500,8.376341552734376,42.522850036621094,32.21502685546875,41.50511169433594
1781099244961416700,8.401416748046875,42.88532257080078,32.31758117675781,41.5314826965332
1781099244986491600,8.42649169921875,42.78126525878906,32.467498779296875,41.714534759521484
1781099245011567600,8.451567626953125,42.65924072265625,32.27516174316406,41.48155212402344
1781099245036642600,8.476642578125,42.51280212402344,32.306732177734375,41.266563415527344
1781099245061717500,8.501717529296876,42.646697998046875,32.519256591796875,41.55502700805664
1781099245086793700,8.526793701171876,42.746360778808594,32.28977966308594,41.34612274169922
1781099245111868700,8.55186865234375,42.773040771484375,32.4403076171875,41.101871490478516
1781099245136944600,8.576944580078125,43.033348083496094,32.54364013671875,41.0650520324707
1781099245162019800,8.602019775390625,43.180091857910156,32.677703857421875,41.054954528808594
1781099245187094800,8.6270947265625,43.334197998046875,32.55497741699219,41.13203811645508
1781099245212170500,8.65217041015625,43.239402770996094,32.438865661621094,41.16168975830078
1781099245237245400,8.677245361328126,43.10151672363281,32.52770233154297,41.028141021728516
1781099245262320600,8.702320556640625,42.88782501220703,32.40912628173828,41.12487030029297
1781099245287396600,8.727396728515625,43.144020080566406,32.43457794189453,41.22536849975586
1781099245312471600,8.752471435546875,42.88201141357422,32.28662872314453,41.22461700439453
1781099245337547500,8.777547607421875,43.053497314453125,32.620765686035156,40.997371673583984
1781099245362622700,8.802622802734374,43.15409851074219,32.60065460205078,40.94218444824219
1781099245387697700,8.82769775390625,43.395599365234375,32.760948181152344,41.104576110839844
1781099245412773600,8.852773681640626,43.149635314941406,32.44579315185547,40.49074172973633
1781099245437848600,8.8778486328125,43.069252014160156,32.702980041503906,40.425262451171875
1781099245462923500,8.902923583984375,43.05549621582031,32.80089569091797,40.26556396484375
1781099245487999700,8.927999755859375,43.32750701904297,32.581398010253906,40.253360748291016
1781099245513074700,8.95307470703125,42.91206359863281,32.64643096923828,40.839874267578125
1781099245538150700,8.978150634765624,42.73640441894531,32.34015655517578,40.77830505371094
1781099245563225600,9.0032255859375,42.753173828125,32.37169647216797,40.71253967285156
1781099245588300800,9.02830078125,43.031639099121094,32.25853729248047,40.921226501464844
1781099245613376500,9.05337646484375,42.95850372314453,32.068870544433594,41.04360580444336
1781099245638451500,9.078451416015625,42.94617462158203,31.8740234375,41.26718521118164
1781099245663526700,9.103526611328125,43.08976745605469,31.865936279296875,41.4511604309082
1781099245688602600,9.1286025390625,43.27044677734375,31.859573364257812,41.413536071777344
1781099245713677600,9.153677490234376,42.90662384033203,31.797836303710938,41.388671875
1781099245738753500,9.17875341796875,43.12159729003906,31.687225341796875,41.61281204223633
1781099245763828500,9.203828369140625,43.33079528808594,31.657852172851562,41.649105072021484
1781099245788903700,9.228903564453125,43.153350830078125,31.79852294921875,41.1680908203125
1781099245813979600,9.253979736328125,43.271636962890625,31.875778198242188,41.31700134277344
1781099245839054600,9.2790546875,43.05994415283203,32.012115478515625,40.899166107177734
1781099245864130800,9.304130859375,42.925437927246094,32.2960205078125,41.11414337158203
1781099245889205800,9.329205810546876,42.60302734375,32.45823669433594,40.90599822998047
1781099245914280700,9.35428076171875,42.76146697998047,32.8115234375,40.91560363769531
1781099245939356700,9.379356689453125,42.89068603515625,33.1351318359375,41.13370132446289
1781099245964432000,9.404431884765625,42.91600799560547,33.42491149902344,40.91227722167969
1781099245989506800,9.4295068359375,42.911582946777344,33.53428649902344,40.699913024902344
1781099246014582500,9.45458251953125,42.926109313964844,33.5321044921875,40.50524139404297
1781099246039657500,9.479657470703126,43.041954040527344,33.57130432128906,40.66219711303711
1781099246064733700,9.504733642578126,42.9853515625,33.70491027832031,40.5628662109375
1781099246089808600,9.52980859375,42.66779327392578,33.75379943847656,39.9546012878418
1781099246114883600,9.554883544921875,42.69239044189453,33.82460021972656,39.722869873046875
1781099246139959800,9.579959716796875,42.79297637939453,33.570648193359375,40.4211540222168
1781099246165034800,9.60503466796875,43.18437194824219,33.29890441894531,40.269309997558594
1781099246190109700,9.630109619140624,43.27043914794922,33.17127990722656,40.22377014160156
1781099246215185700,9.655185546875,44.085418701171875,33.145263671875,40.43152618408203
1781099246240260600,9.680260498046875,43.43891906738281,33.02214050292969,40.08087921142578
1781099246265336800,9.7053369140625,43.85704040527344,32.9500732421875,39.872955322265625
1781099246290411800,9.730411865234375,43.815391540527344,32.87596130371094,39.871437072753906
1781099246315486700,9.75548681640625,44.231971740722656,33.16265869140625,40.02184295654297
1781099246340563000,9.78056298828125,44.04191589355469,32.992645263671875,39.50346374511719
1781099246365638000,9.805637939453124,44.45508575439453,32.986572265625,39.39784622192383
1781099246390712800,9.830712890625,44.32743835449219,33.12603759765625,38.9619026184082
1781099246415788500,9.85578857421875,44.650047302246094,33.24613952636719,38.92937088012695
1781099246440863500,9.880863525390625,44.69377136230469,33.59900665283203,38.682621002197266
1781099246465939700,9.905939697265625,45.03166961669922,33.541343688964844,38.502803802490234
1781099246491014700,9.9310146484375,45.419342041015625,33.470848083496094,38.15385055541992
1781099246516089600,9.956089599609374,45.524658203125,33.576759338378906,37.895023345947266
1781099246541165600,9.98116552734375,45.92347717285156,33.60234832763672,37.99258804321289
1781099246566240800,10.00624072265625,45.915496826171875,33.469383239746094,37.27780532836914
1781099246591316700,10.031316650390625,46.468017578125,33.25969696044922,36.87016296386719
1781099246616391700,10.0563916015625,46.44300842285156,33.257362365722656,36.31592559814453
1781099246641466600,10.081466552734375,46.81642150878906,33.17748260498047,35.84614562988281
1781099246666542800,10.10654296875,47.209999084472656,33.29503631591797,35.722068786621094
1781099246691617800,10.13161767578125,47.279502868652344,33.06653594970703,35.046600341796875
1781099246716693800,10.15669384765625,47.777687072753906,33.34528350830078,34.46561813354492
1781099246741768700,10.181768798828125,48.51953887939453,33.38056182861328,33.944305419921875
1781099246766844000,10.206843994140625,48.755401611328125,33.24079132080078,33.54991912841797
1781099246791919600,10.231919677734375,49.376121520996094,33.438148498535156,33.04663848876953
1781099246816994600,10.25699462890625,49.635986328125,33.139808654785156,32.40810012817383
1781099246842070800,10.28207080078125,50.26600646972656,32.692665100097656,31.4464111328125
1781099246867145700,10.307145751953126,50.8076171875,32.57554626464844,30.953323364257812
1781099246892220700,10.332220703125,51.37683868408203,31.8282470703125,29.923892974853516
1781099246917296600,10.357296630859375,51.939720153808594,31.36414337158203,29.184642791748047
1781099246942371600,10.38237158203125,53.177337646484375,30.86864471435547,28.359512329101562
1781099246967445800,10.40744580078125,54.64977264404297,29.665145874023438,27.074138641357422
1781099246992522000,10.43252197265625,55.24970245361328,28.339263916015625,25.873611450195312
1781099247017597000,10.457596923828126,56.39598083496094,26.330429077148438,24.42040252685547
1781099247042673000,10.4826728515625,57.51824951171875,24.824783325195312,24.071685791015625
1781099247067748000,10.507748046875,57.957801818847656,22.556884765625,23.614242553710938
1781099247092823000,10.532822998046875,58.43996810913086,20.937057495117188,23.441062927246094
1781099247117899000,10.55789892578125,58.71488571166992,19.406112670898438,23.097808837890625
1781099247142974000,10.582973876953124,59.23688888549805,17.296958923339844,22.74616241455078
1781099247168050200,10.60805029296875,59.61996841430664,16.276443481445312,22.227020263671875
1781099247193125000,10.633125,60.149932861328125,15.335357666015625,21.603271484375
1781099247218200000,10.658199951171875,60.025657653808594,14.802238464355469,21.072784423828125
1781099247243275800,10.68327587890625,60.25309371948242,14.753028869628906,20.557464599609375
1781099247268351000,10.70835107421875,60.180171966552734,14.927955627441406,20.408187866210938
1781099247293427000,10.733427001953125,59.94841766357422,15.194137573242188,20.20343017578125
1781099247318502000,10.758501953125,60.16331100463867,15.520423889160156,20.149307250976562
1781099247343576800,10.783576904296876,60.113624572753906,15.934722900390625,20.258819580078125
1781099247368653000,10.808653076171876,59.9764404296875,16.67083740234375,19.688331604003906
1781099247393728000,10.83372802734375,59.92927169799805,17.023178100585938,19.532379150390625
1781099247418804000,10.858803955078125,59.70597839355469,16.9957275390625,19.539474487304688
1781099247443879000,10.88387890625,59.35383605957031,17.062049865722656,19.842140197753906
1781099247468953900,10.908953857421874,59.32148361206055,17.10302734375,19.901931762695312
1781099247494030000,10.934030029296874,59.23554229736328,17.146759033203125,19.86225128173828
1781099247519105000,10.95910498046875,58.9096565246582,17.474990844726562,19.762184143066406
1781099247544181000,10.984180908203125,58.429603576660156,17.751251220703125,19.846023559570312
1781099247569256200,11.009256103515625,58.24687957763672,17.665283203125,19.75170135498047
1781099247594331100,11.0343310546875,57.75461959838867,18.087364196777344,19.763389587402344
1781099247619406800,11.05940673828125,57.038658142089844,18.298507690429688,20.05377960205078
1781099247644481800,11.084481689453124,56.28886795043945,18.35021209716797,19.83783721923828
1781099247669558000,11.10955810546875,55.85832214355469,18.367767333984375,19.994613647460938
1781099247694633000,11.134633056640626,55.499324798583984,18.23639678955078,19.77806854248047
1781099247719708000,11.1597080078125,54.72528839111328,18.433013916015625,20.16503143310547
1781099247744784000,11.184783935546875,54.484466552734375,18.364341735839844,19.960479736328125
1781099247769859000,11.209859130859375,53.61347198486328,19.022621154785156,20.154327392578125
1781099247794935000,11.23493505859375,53.19242858886719,19.32257843017578,20.490020751953125
1781099247820010000,11.260010009765624,52.307090759277344,20.095619201660156,21.170181274414062
1781099247845086000,11.2850859375,52.13917541503906,20.65357208251953,21.31371307373047
1781099247870161200,11.3101611328125,51.578765869140625,21.251808166503906,22.143310546875
1781099247895236000,11.335236083984375,51.404212951660156,21.660667419433594,22.426010131835938
1781099247920311800,11.360311767578125,50.936309814453125,21.775596618652344,22.725250244140625
1781099247945387000,11.385386962890625,51.12080383300781,21.708290100097656,23.034263610839844
1781099247970463700,11.410463623046875,51.317527770996094,21.790443420410156,23.058135986328125
1781099247995539000,11.4355390625,51.234886169433594,21.78923797607422,23.01488494873047
1781099248020614000,11.46061376953125,51.83863067626953,21.620399475097656,22.720184326171875
1781099248045689900,11.48568994140625,52.397789001464844,21.791343688964844,22.682655334472656
1781099248070764800,11.510764892578125,52.53771209716797,21.555442810058594,22.495925903320312
1781099248095841000,11.535841064453125,53.143394470214844,21.58606719970703,22.614013671875
1781099248120916000,11.560916015625,53.61076354980469,21.595481872558594,22.73193359375
1781099248145991000,11.585990966796874,53.35588073730469,21.470542907714844,22.863372802734375
1781099248171067000,11.61106689453125,53.39093017578125,21.196189880371094,22.816757202148438
1781099248196141800,11.636141845703126,53.925498962402344,21.06237030029297,22.677574157714844
1781099248221217800,11.6612177734375,54.217529296875,20.922264099121094,23.017730712890625
1781099248246292700,11.686292724609375,54.22632598876953,20.41413116455078,23.126121520996094
1781099248271368700,11.71136865234375,54.45539093017578,20.147926330566406,23.311370849609375
1781099248296444000,11.73644384765625,55.08948516845703,19.575828552246094,23.513938903808594
1781099248321518800,11.761518798828124,54.969512939453125,18.84398651123047,23.17316436767578
1781099248346594800,11.7865947265625,55.69291687011719,17.557601928710938,22.80237579345703
1781099248371669800,11.811669677734375,55.607147216796875,16.625221252441406,22.438941955566406
1781099248396746000,11.83674609375,56.73799133300781,15.393295288085938,21.894378662109375
1781099248421821000,11.861821044921875,56.85501480102539,15.023330688476562,21.854087829589844
1781099248446895900,11.886895751953125,56.48300552368164,14.590843200683594,21.56397247314453
1781099248471971800,11.911971923828125,56.172454833984375,14.891921997070312,21.607032775878906
1781099248497047000,11.937047119140624,56.013153076171875,15.206436157226562,21.93219757080078
1781099248522122800,11.962122802734376,55.39006805419922,15.209259033203125,22.303482055664062
1781099248547197700,11.98719775390625,55.22431945800781,15.35577392578125,22.895721435546875
1781099248572273700,12.012273681640625,54.337196350097656,15.296585083007812,23.04541015625
1781099248597348900,12.037348876953125,54.06544494628906,15.429763793945312,23.316444396972656
1781099248622423800,12.062423828125,53.101356506347656,15.886054992675781,23.35858154296875
1781099248647499800,12.087499755859374,52.863807678222656,15.929489135742188,23.63995361328125
1781099248672574700,12.11257470703125,52.55714416503906,15.833457946777344,23.753257751464844
1781099248697651000,12.13765087890625,52.65716552734375,15.957931518554688,23.922561645507812
1781099248722726000,12.162725830078125,52.699607849121094,15.618362426757812,23.996627807617188
1781099248747801900,12.1878017578125,52.86613464355469,15.638862609863281,24.124313354492188
1781099248772876800,12.212876708984375,52.64067840576172,15.402877807617188,24.284561157226562
1781099248797952000,12.237951904296875,52.98484802246094,15.465614318847656,24.591346740722656
1781099248823028000,12.263028076171874,52.78833770751953,15.368461608886719,24.569007873535156
1781099248848103000,12.28810302734375,53.017478942871094,15.304054260253906,24.269866943359375
1781099248873178600,12.3131787109375,53.00792694091797,15.300094604492188,24.408363342285156
1781099248898253800,12.33825390625,53.1624755859375,15.301689147949219,24.506629943847656
1781099248923329800,12.363329833984375,53.420379638671875,15.126556396484375,24.417816162109375
1781099248948404000,12.388404052734375,53.211387634277344,14.962982177734375,24.505050659179688
1781099248973479000,12.41347900390625,52.47908020019531,14.544410705566406,24.385330200195312
1781099248998555100,12.43855517578125,52.37254333496094,14.449310302734375,24.446945190429688
1781099249023630000,12.463630126953126,51.657447814941406,13.844558715820312,24.1651611328125
1781099249048706000,12.4887060546875,51.63909149169922,13.769752502441406,24.37169647216797
1781099249073781000,12.513781005859375,50.95471954345703,13.667854309082031,24.260833740234375
1781099249098857200,12.538857177734375,50.064735412597656,13.251007080078125,24.338119506835938
1781099249123932200,12.56393212890625,49.914634704589844,13.514015197753906,24.553810119628906
1781099249149007000,12.589007080078124,48.96516418457031,13.396240234375,24.444351196289062
1781099249174083000,12.6140830078125,48.55946350097656,13.344535827636719,24.502517700195312
1781099249199158300,12.639158203125,48.19694519042969,13.389579772949219,24.432395935058594
1781099249224234000,12.66423388671875,48.0679931640625,13.8826904296875,24.73394012451172
1781099249249309200,12.68930908203125,47.3834228515625,13.863029479980469,24.423629760742188
1781099249274385000,12.714385009765625,47.185516357421875,14.324974060058594,24.505226135253906
1781099249299460000,12.739460205078124,46.45298767089844,14.447212219238281,24.580459594726562
1781099249324536000,12.7645361328125,46.44756317138672,15.067031860351562,24.352203369140625
1781099249349611000,12.789611083984376,46.05915069580078,15.278724670410156,24.253135681152344
1781099249374686000,12.81468603515625,45.90118408203125,15.457977294921875,23.894424438476562
1781099249399762200,12.83976220703125,45.78209686279297,15.97430419921875,23.663841247558594
1781099249424837000,12.864837158203125,45.244117736816406,16.033432006835938,23.231002807617188
1781099249449913000,12.8899130859375,45.00334930419922,16.077049255371094,23.548141479492188
1781099249474988000,12.914988037109374,44.733375549316406,16.189743041992188,23.066001892089844
1781099249500064300,12.940064208984374,44.62578582763672,16.236244201660156,22.72205352783203
1781099249525139200,12.96513916015625,44.09020233154297,16.178375244140625,22.301406860351562
1781099249550214100,12.990214111328125,43.383018493652344,16.087013244628906,21.826011657714844
1781099249575290000,13.0152900390625,43.072540283203125,16.128746032714844,21.6253662109375
1781099249600365000,13.040364990234375,41.92095184326172,15.835823059082031,21.305519104003906
1781099249625441000,13.06544091796875,41.11194610595703,15.890373229980469,21.10016632080078
1781099249650516000,13.090515869140624,40.54090881347656,16.22913360595703,21.020118713378906
1781099249675592200,13.11559228515625,39.374290466308594,16.72815704345703,20.638412475585938
1781099249700667100,13.140667236328126,38.512718200683594,16.741065979003906,20.13544464111328
1781099249725743000,13.1657431640625,37.046661376953125,17.42845916748047,19.687530517578125
1781099249750818000,13.190818115234375,36.178192138671875,17.62755584716797,19.236351013183594
1781099249775893000,13.21589306640625,34.90143585205078,18.07219696044922,18.661888122558594
1781099249800969200,13.24096923828125,34.25061798095703,18.69489288330078,18.453147888183594
1781099249826044200,13.266044189453124,32.68023681640625,19.394874572753906,18.082199096679688
1781099249851119900,13.291119873046876,32.03154754638672,20.05255889892578,17.753128051757812
1781099249876195000,13.316195068359375,31.325653076171875,21.046234130859375,17.999679565429688
1781099249901271000,13.34127099609375,30.186492919921875,21.89886474609375,17.66436767578125
1781099249926346000,13.366345947265625,29.593727111816406,22.770782470703125,17.571853637695312
1781099249951422500,13.39142236328125,28.353744506835938,23.883316040039062,17.38726806640625
1781099249976497400,13.416497314453125,28.095733642578125,24.585037231445312,17.255897521972656
1781099250001572600,13.441572509765624,27.88713836669922,25.450363159179688,17.32337188720703
1781099250026648600,13.466648681640624,27.732131958007812,26.089202880859375,17.20416259765625
1781099250051723500,13.4917236328125,27.69585418701172,26.57196044921875,17.302330017089844
1781099250076799500,13.516799560546875,27.596588134765625,27.21661376953125,17.361221313476562
1781099250101874700,13.541874755859375,27.856796264648438,27.828231811523438,17.725326538085938
1781099250126950400,13.566950439453125,27.90471649169922,28.24737548828125,17.792587280273438
1781099250152025300,13.592025390625,27.98241424560547,28.508865356445312,17.935569763183594
1781099250177101600,13.6171015625,28.69458770751953,28.951400756835938,18.3084716796875
1781099250202176500,13.642176513671876,29.31433868408203,29.441635131835938,18.70856475830078
1781099250227251500,13.66725146484375,29.476669311523438,29.579360961914062,18.958213806152344
1781099250252327400,13.692327392578125,29.848129272460938,29.486114501953125,19.082237243652344
1781099250277402400,13.71740234375,33.185081481933594,29.74182891845703,19.51494598388672
1781099250302478600,13.742478515625,33.94231414794922,29.112770080566406,19.486373901367188
1781099250327553500,13.767553466796874,34.932334899902344,28.58509063720703,19.721466064453125
1781099250352629500,13.79262939453125,35.43852996826172,27.86101531982422,20.05541229248047
1781099250377704400,13.817704345703126,36.13838195800781,26.89257049560547,20.41497039794922
1781099250402780400,13.842780517578126,36.53076934814453,25.73291778564453,20.79344940185547
1781099250427855600,13.867855712890625,36.81523895263672,25.103721618652344,21.006500244140625
1781099250452931300,13.892931396484375,36.89701843261719,24.29930877685547,21.647735595703125
1781099250478006500,13.918006591796875,37.48976135253906,23.85596466064453,22.184738159179688
1781099250503081500,13.94308154296875,37.6446533203125,23.775489807128906,22.29698944091797
1781099250528157400,13.968157470703124,37.61955261230469,23.43677520751953,22.898117065429688
1781099250553232400,13.993232421875,37.59234619140625,23.32958221435547,22.876121520996094
1781099250578308600,14.01830859375,38.061988830566406,23.14391326904297,23.636642456054688
1781099250603383600,14.043383544921875,38.21501922607422,23.15650177001953,24.071189880371094
1781099250628459500,14.06845947265625,38.31658172607422,23.114463806152344,24.36243438720703
1781099250653534500,14.093534423828125,38.77592468261719,22.96997833251953,24.9337158203125
1781099250678610700,14.118610595703124,36.51830291748047,3.18707275390625,25.18694305419922
1781099250703685600,14.143685546875,36.52691650390625,3.310394287109375,25.738868713378906
1781099250728761300,14.16876123046875,36.81342315673828,3.60797119140625,26.16402816772461
1781099250753836300,14.193836181640625,37.11830139160156,3.678375244140625,26.99874496459961
1781099250778912500,14.21891259765625,37.653663635253906,3.772369384765625,27.384716033935547
1781099250803987500,14.243987548828125,37.879356384277344,3.820159912109375,27.493404388427734
1781099250829062400,14.2690625,38.335052490234375,3.5069427490234375,27.36225128173828
1781099250854138600,14.294138671875,38.85814666748047,3.3743743896484375,27.394996643066406
1781099250879213600,14.319213623046876,39.48766326904297,3.3057708740234375,27.973064422607422
1781099250904289500,14.34428955078125,39.86268615722656,3.79315185546875,28.559417724609375
1781099250929364500,14.369364501953125,40.02979278564453,3.9147186279296875,29.085731506347656
1781099250954440400,14.3944404296875,40.27587890625,3.982177734375,29.408260345458984
1781099250979515600,14.419515625,41.01464080810547,4.1970977783203125,30.190387725830078
1781099251004591400,14.44459130859375,41.38776397705078,4.2288055419921875,30.195575714111328
1781099251029666300,14.469666259765624,41.91028594970703,4.1616973876953125,30.591163635253906
1781099251054742500,14.494742431640624,42.48396301269531,4.2864990234375,31.5804443359375
1781099251079817500,14.5198173828125,42.86415100097656,4.088897705078125,31.921268463134766
1781099251104893400,14.5448935546875,26.356910705566406,13.968086242675781,41.34812927246094
1781099251129968400,14.569968505859375,26.454872131347656,13.711067199707031,41.2760009765625
1781099251155043300,14.595043212890625,27.3701171875,13.576469421386719,41.656776428222656
1781099251180119600,14.62011962890625,27.82054901123047,13.556892395019531,42.050262451171875
1781099251205194500,14.645194580078124,29.010162353515625,13.528312683105469,42.45970153808594
1781099251230270500,14.6702705078125,29.310287475585938,13.313041687011719,42.690372467041016
1781099251255345400,14.695345458984375,29.723670959472656,13.105216979980469,42.91910934448242
1781099251280421400,14.72042138671875,30.359718322753906,13.328926086425781,43.10125732421875
1781099251305496600,14.74549658203125,30.669593811035156,13.482872009277344,43.02989959716797
1781099251330572300,14.770572265625,31.240577697753906,13.373100280761719,43.101829528808594
1781099251355647500,14.7956474609375,31.228805541992188,13.408576965332031,42.949642181396484
1781099251380723500,14.820723388671874,31.666030883789062,13.604713439941406,42.855491638183594
1781099251405798400,14.84579833984375,27.644554138183594,17.97216033935547,56.496028900146484
1781099251430874400,14.870874267578126,28.019302368164062,18.01184844970703,56.311683654785156
1781099251455949600,14.895949462890625,29.032089233398438,17.854347229003906,56.078529357910156
1781099251481025500,14.921025634765625,29.766220092773438,18.13433074951172,55.97749328613281
1781099251506100500,14.9461005859375,30.049575805664062,18.30889129638672,55.50894546508789
1781099251531176400,14.971176513671875,30.5076904296875,18.57190704345703,55.20848083496094
1781099251556251600,14.996251708984374,30.175582885742188,18.77568817138672,54.39955520629883
1781099251581326600,15.02132666015625,30.525344848632812,18.65296173095703,53.86759567260742
1781099251606402300,15.04640234375,30.81139373779297,18.66551971435547,53.146663665771484
1781099251631477200,15.071477294921875,30.5091552734375,18.670127868652344,52.01625442504883
1781099251656553500,15.096553466796875,30.228477478027344,18.798927307128906,51.21906661987305
1781099251681628400,15.12162841796875,30.418670654296875,18.93596649169922,49.967891693115234
1781099251706704400,15.146704345703125,30.08050537109375,18.71233367919922,48.864017486572266
1781099251731779600,15.171779541015624,41.601356506347656,2.110321044921875,43.44188690185547
1781099251756855600,15.19685546875,41.01710510253906,2.12811279296875,42.56683349609375
1781099251781930500,15.221930419921875,40.46515655517578,2.0657958984375,41.42341613769531
1781099251807006500,15.24700634765625,40.09735870361328,1.855712890625,40.712547302246094
1781099251832081700,15.27208154296875,40.184600830078125,1.9565582275390625,39.93151092529297
1781099251857157400,15.297157470703125,40.303802490234375,1.6787567138671875,38.60050964355469
1781099251882232300,15.322232421875,39.862937927246094,1.245574951171875,37.91046142578125
1781099251907308500,15.34730859375,39.86311340332031,0.6527557373046875,36.745704650878906
1781099251932383500,15.372383544921876,39.832176208496094,0.2901458740234375,36.135643005371094
1781099251957459700,15.397459716796876,39.366310119628906,-0.709228515625,35.027099609375
1781099251982534700,15.42253466796875,38.59520721435547,-1.27008056640625,34.617942810058594
1781099252007610600,15.447610595703125,37.98675537109375,-1.96685791015625,34.091514587402344
1781099252032685600,15.472685546875,36.575279235839844,-3.2166366577148438,33.69938659667969
1781099252057761800,15.49776171875,36.001861572265625,-4.002288818359375,33.797935485839844
1781099252082836700,15.522836669921874,34.98273468017578,-4.548492431640625,33.94635009765625
1781099252107912400,15.547912353515626,49.64226531982422,-8.005287170410156,16.819801330566406
1781099252132987600,15.572987548828126,48.87306213378906,-8.397598266601562,17.527137756347656
1781099252158062600,15.5980625,48.34990692138672,-8.576011657714844,17.913833618164062
1781099252183138600,15.623138671875,47.885772705078125,-8.200653076171875,18.610435485839844
1781099252208213500,15.648213623046875,47.776954650878906,-8.03753662109375,18.923171997070312
1781099252233289700,15.673289794921875,47.24408721923828,-7.937171936035156,19.39611053466797
1781099252258364700,15.69836474609375,47.10730743408203,-7.594978332519531,20.011085510253906
1781099252283440600,15.723440673828126,47.089454650878906,-7.4287872314453125,20.34819793701172
1781099252308515600,15.748515625,46.8328857421875,-7.1947784423828125,20.653640747070312
1781099252333591800,15.773591796875,36.574249267578125,-0.2844696044921875,10.815200805664062
1781099252358666800,15.798666748046875,36.707008361816406,-0.06241607666015625,11.143821716308594
1781099252383742500,15.823742431640625,36.87702178955078,0.003997802734375,11.298622131347656
1781099252408817400,15.8488173828125,37.223060607910156,0.1033782958984375,11.254806518554688
1781099252433893600,15.8738935546875,37.639930725097656,0.24498748779296875,11.126708984375
1781099252458968600,15.898968505859376,38.10004425048828,-0.10361480712890625,11.354789733886719
1781099252484044500,15.92404443359375,38.09989929199219,-1.560882568359375,11.235336303710938
1781099252509119500,15.949119384765625,38.402923583984375,-2.1984710693359375,11.773811340332031
1781099252534195700,15.97419580078125,38.86720275878906,-3.3496170043945312,12.213874816894531
1781099252559270700,15.999270751953125,37.817771911621094,4.895454406738281,22.10449981689453
1781099252584346600,16.0243466796875,38.137779235839844,3.9510574340820312,22.73560333251953
1781099252609421800,16.049421875,38.25049591064453,3.23822021484375,23.718345642089844
1781099252634497500,16.07449755859375,38.46388244628906,2.6115341186523438,24.377655029296875
1781099252659572500,16.099572509765625,38.261863708496094,1.8997955322265625,25.314414978027344
1781099252684648400,16.1246484375,38.268348693847656,1.189056396484375,25.797996520996094
1781099252709723600,16.1497236328125,37.986572265625,0.30027008056640625,26.58861541748047
1781099252734799600,16.174799560546877,37.70973205566406,-0.14026641845703125,27.116413116455078
1781099252759874600,16.19987451171875,37.31060791015625,-0.4618377685546875,27.705055236816406
1781099252784950800,16.22495068359375,37.339881896972656,-0.6395492553710938,28.07863998413086
1781099252810025700,16.250025634765624,39.309165954589844,14.999267578125,36.57421875
1781099252835101700,16.275101806640624,38.885047912597656,15.345726013183594,37.4327507019043
1781099252860176600,16.3001767578125,38.794944763183594,15.541221618652344,38.00751495361328
1781099252885252600,16.325252685546875,38.452186584472656,15.307830810546875,38.62398147583008
1781099252910327600,16.35032763671875,38.50254821777344,15.419052124023438,38.78179168701172
1781099252935403500,16.375403564453126,38.62230682373047,15.499435424804688,39.1722297668457
1781099252960478200,16.400478271484374,38.547332763671875,15.707679748535156,39.605010986328125
1781099252985554200,16.42555419921875,38.669090270996094,15.806388854980469,39.6826057434082
1781099253010629000,16.450629150390625,38.53050231933594,15.73590087890625,40.132652282714844
1781099253035705300,16.475705322265625,38.115638732910156,16.092300415039062,40.388607025146484
1781099253060780300,16.5007802734375,37.24211883544922,16.657699584960938,40.94771194458008
1781099253085856300,16.525856201171877,36.72535705566406,17.004470825195312,41.31818389892578
1781099253110931200,16.55093115234375,35.703155517578125,18.357147216796875,41.95756912231445
1781099253136006100,16.576006103515624,26.704376220703125,24.93585968017578,18.03034210205078
1781099253161082400,16.601082275390624,26.42316436767578,26.88037109375,17.842708587646484
1781099253186157300,16.6261572265625,26.539161682128906,28.007095336914062,17.60052490234375
1781099253211233000,16.65123291015625,26.464073181152344,29.57697296142578,17.126811981201172
1781099253236308200,16.67630810546875,26.751556396484375,31.39886474609375,16.604476928710938
1781099253261384200,16.70138427734375,26.926025390625,32.041015625,16.14334487915039
1781099253286459100,16.726459228515626,27.772872924804688,33.237213134765625,15.313186645507812
1781099253311535000,16.75153515625,28.515151977539062,33.9356689453125,15.099384307861328
1781099253336610300,16.7766103515625,28.808761596679688,34.55961608886719,14.005935668945312
1781099253361686300,16.801686279296874,29.52410888671875,34.98817443847656,13.374298095703125
1781099253386761200,16.82676123046875,26.843589782714844,26.652236938476562,-9.135688781738281
1781099253411837200,16.851837158203125,27.07024383544922,26.985916137695312,-9.88800048828125
1781099253436912400,16.876912353515625,27.37928009033203,26.937286376953125,-10.481468200683594
1781099253461988000,16.901988037109376,27.98578643798828,26.798507690429688,-11.130794525146484
1781099253487063300,16.927063232421876,28.448768615722656,26.631927490234375,-11.375679016113281
1781099253512139300,16.95213916015625,29.05523681640625,26.22320556640625,-11.704887390136719
1781099253537214200,16.977214111328124,29.129722595214844,26.147781372070312,-11.98370361328125
1781099253562290200,17.002290283203124,29.78960418701172,26.046920776367188,-12.329673767089844
1781099253587365000,17.027365234375,30.06090545654297,26.041458129882812,-12.552619934082031
1781099253612441300,17.05244140625,30.168563842773438,25.96051025390625,-12.831375122070312
1781099253637516300,17.077516357421874,32.862022399902344,9.800735473632812,-8.739143371582031
1781099253662592300,17.10259228515625,32.949119567871094,9.53759765625,-8.670906066894531
1781099253687667200,17.127667236328126,33.330223083496094,8.912261962890625,-8.647857666015625
1781099253712743200,17.1527431640625,33.34722900390625,8.626632690429688,-8.4749755859375
1781099253737818400,17.177818359375,33.29401397705078,8.597091674804688,-8.163505554199219
1781099253762894000,17.20289404296875,33.09838104248047,8.581100463867188,-7.6406097412109375
1781099253787969000,17.227968994140625,33.073150634765625,8.716796875,-7.211002349853516
1781099253813045200,17.253045166015625,32.884033203125,8.747787475585938,-6.493400573730469
1781099253838120200,17.2781201171875,34.0994873046875,16.873046875,-3.752655029296875
1781099253863196200,17.303196044921876,34.41221618652344,17.188095092773438,-3.3497886657714844
1781099253888271000,17.32827099609375,34.77576446533203,17.170913696289062,-3.382305145263672
1781099253913347300,17.353347412109375,35.566986083984375,17.263778686523438,-3.134258270263672
1781099253938422300,17.37842236328125,36.232810974121094,17.234970092773438,-3.4953269958496094
1781099253963498000,17.403498046875,36.604827880859375,17.119049072265625,-3.867206573486328
1781099253988573000,17.428572998046874,36.69310760498047,16.871261596679688,-4.481239318847656
1781099254013649000,17.45364892578125,36.746124267578125,17.505752563476562,-6.040443420410156
1781099254038723800,17.478723876953126,36.831275939941406,17.013092041015625,-6.734905242919922
1781099254063799800,17.5037998046875,37.142425537109375,16.36614990234375,-7.087360382080078
1781099254088874800,17.528874755859373,36.746192932128906,16.220947265625,-7.671817779541016
1781099254113951000,17.553950927734373,36.75652313232422,15.846107482910156,-7.799587249755859
1781099254139026000,17.57902587890625,36.70799255371094,15.675300598144531,-7.932712554931641
1781099254164102000,17.604101806640625,36.40570831298828,15.396980285644531,-8.276859283447266
1781099254189176800,17.6291767578125,36.23188781738281,15.023750305175781,-8.426570892333984
1781099254214253000,17.654253173828124,36.071693420410156,14.971839904785156,-8.622135162353516
1781099254239328800,17.679328857421876,35.889862060546875,14.848487854003906,-8.897586822509766
1781099254264403700,17.70440380859375,36.42225646972656,14.419685363769531,-9.23183822631836
1781099254289480000,17.72947998046875,36.241661071777344,14.266677856445312,-9.481365203857422
1781099254314555000,17.754554931640627,36.44140625,14.148086547851562,-9.645565032958984
1781099254339630800,17.779630859375,36.28217315673828,14.405235290527344,-9.63961410522461
1781099254364705800,17.804705810546874,42.122825622558594,4.24505615234375,-5.1734466552734375
1781099254389782000,17.829781982421874,41.837974548339844,3.787841796875,-5.653572082519531
1781099254414857000,17.85485693359375,42.05888366699219,3.5657196044921875,-5.779716491699219
1781099254439933000,17.879932861328125,42.27815246582031,3.4543304443359375,-6.261161804199219
1781099254465007900,17.9050078125,42.411285400390625,3.0780410766601562,-6.618507385253906
1781099254490083800,17.930083740234377,43.034698486328125,2.4950103759765625,-7.4634857177734375
1781099254515158800,17.95515869140625,46.22429656982422,0.4900360107421875,-6.779106140136719
1781099254540234800,17.98023486328125,45.399505615234375,-0.10385894775390625,-7.4891815185546875
1781099254565309700,18.005309814453124,44.92829132080078,-0.17012786865234375,-7.902862548828125
1781099254590386000,18.030385986328124,44.71900939941406,-0.40598297119140625,-8.208633422851562
1781099254615460900,18.0554609375,44.08924102783203,-0.16962432861328125,-8.561874389648438
1781099254640536800,18.080536865234375,43.666282653808594,-0.47265625,-8.632598876953125
1781099254665612000,18.105612060546875,43.18794250488281,-0.9013595581054688,-8.254142761230469
1781099254690688000,18.13068798828125,42.914207458496094,-0.9094390869140625,-8.07745361328125
1781099254715763000,18.155762939453126,42.42780303955078,-0.6917572021484375,-7.561347961425781
1781099254740838700,18.180838623046874,42.340660095214844,-1.0299301147460938,-7.3292236328125
1781099254765913900,18.205913818359374,42.771263122558594,-1.260040283203125,-6.986572265625
1781099254790989800,18.23098974609375,42.57123565673828,-1.6379013061523438,-6.367362976074219
1781099254816064800,18.256064697265625,42.65752410888672,-1.9552688598632812,-6.143318176269531
1781099254841141000,18.28114111328125,41.79353332519531,2.0999374389648438,-4.896141052246094
1781099254866216000,18.3062158203125,41.930625915527344,2.3259735107421875,-4.688606262207031
1781099254891292000,18.3312919921875,41.38832092285156,2.7977218627929688,-4.289817810058594
1781099254916366800,18.356366943359376,41.07640838623047,2.892059326171875,-4.103919982910156
1781099254941443000,18.381443115234376,41.044960021972656,3.0357818603515625,-4.0999603271484375
1781099254966518300,18.406518310546875,40.91918182373047,3.27508544921875,-3.9130020141601562
1781099254991594000,18.431593994140623,41.14167785644531,3.5281143188476562,-3.9757461547851562
1781099255016669000,18.4566689453125,41.389732360839844,3.9337081909179688,-4.459312438964844
1781099255041745200,18.4817451171875,41.71751403808594,3.9253005981445312,-4.60296630859375
1781099255066820000,18.506820068359374,41.7049560546875,4.592864990234375,-4.603294372558594
1781099255091896000,18.53189599609375,40.30591583251953,6.270820617675781,-9.086383819580078
1781099255116972000,18.556971923828126,40.17522430419922,6.389472961425781,-9.516765594482422
1781099255142047200,18.582047119140626,39.99834442138672,6.359130859375,-9.592304229736328
1781099255167123200,18.607123291015625,40.16667938232422,6.378273010253906,-9.78110122680664
1781099255192198100,18.6321982421875,40.300392150878906,5.826240539550781,-9.782337188720703
1781099255217274000,18.657274169921877,40.368324279785156,5.7441558837890625,-9.80752944946289
1781099255242349000,18.68234912109375,40.665626525878906,5.899589538574219,-9.76742935180664
1781099255267425000,18.707425048828124,40.52079772949219,5.825904846191406,-9.548503875732422
1781099255292500000,18.7325,40.703826904296875,7.675865173339844,-8.046806335449219
1781099255317576200,18.757576171875,41.25318908691406,7.529693603515625,-7.911346435546875
1781099255342651100,18.782651123046875,41.72901916503906,7.265373229980469,-7.769012451171875
1781099255367727000,18.80772705078125,42.27185821533203,6.63958740234375,-7.494476318359375
1781099255392802000,18.832802001953127,42.45726776123047,6.474067687988281,-7.3864288330078125
1781099255417878300,18.857878173828126,43.039520263671875,6.081550598144531,-7.266899108886719
1781099255442953200,18.882953125,43.162269592285156,5.6775360107421875,-7.518302917480469
1781099255468029000,18.90802880859375,43.17741394042969,5.0061187744140625,-7.296119689941406
1781099255493103900,18.933103759765626,42.87474822998047,4.615150451660156,-7.256065368652344
1781099255518180000,18.95818017578125,45.039886474609375,8.905288696289062,-4.318275451660156
1781099255543255000,18.983255126953125,44.497535705566406,8.485733032226562,-4.332855224609375
1781099255568331000,19.0083310546875,44.43311309814453,8.243698120117188,-4.245491027832031
1781099255593406200,19.03340625,44.11326599121094,8.033027648925781,-4.002159118652344
1781099255618482200,19.058482177734376,43.45146179199219,7.820182800292969,-4.067237854003906
1781099255643558100,19.08355810546875,42.80455780029297,7.41864013671875,-3.3640594482421875
1781099255668633000,19.108633056640624,42.843772888183594,7.758567810058594,-3.2774810791015625
1781099255693709000,19.133708984375,42.80897521972656,7.88214111328125,-2.8106155395507812
1781099255718784000,19.158783935546875,43.11724853515625,8.011749267578125,-2.7732772827148438
1781099255743860000,19.18385986328125,43.81873321533203,8.091476440429688,-2.661224365234375
1781099255768935200,19.20893505859375,43.78660583496094,10.331413269042969,-2.3785629272460938
1781099255794011100,19.23401123046875,43.920616149902344,10.477188110351562,-2.3257904052734375
1781099255819086000,19.259086181640626,44.54161071777344,10.850425720214844,-2.479034423828125
1781099255844162000,19.284162109375,45.25934600830078,11.033767700195312,-2.81201171875
1781099255869237200,19.3092373046875,45.942543029785156,10.464134216308594,-3.3499832153320312
1781099255894313200,19.334313232421874,46.350547790527344,10.268318176269531,-3.4125595092773438
1781099255919388200,19.35938818359375,46.31999969482422,9.868247985839844,-3.6364517211914062
1781099255944464000,19.3844638671875,46.34770965576172,9.252700805664062,-3.854827880859375
1781099255969539000,19.4095390625,46.17048645019531,9.067665100097656,-3.8769073486328125
1781099255994615000,19.434614990234376,47.38096618652344,9.993240356445312,-2.0382232666015625
1781099256019690000,19.45968994140625,47.24030303955078,9.728912353515625,-1.9294891357421875
1781099256044766200,19.48476611328125,46.76643371582031,9.287826538085938,-1.794830322265625
1781099256069841200,19.509841064453123,46.78691101074219,9.141868591308594,-1.5368194580078125
1781099256094917000,19.534917236328123,46.820770263671875,9.216514587402344,-1.2239303588867188
1781099256119993000,19.5599931640625,46.44239807128906,9.263809204101562,-1.06427001953125
1781099256145068300,19.585068359375,46.319969177246094,9.266288757324219,-1.14886474609375
1781099256170144000,19.61014404296875,46.817649841308594,9.206535339355469,-0.967620849609375
1781099256195219000,19.635218994140626,46.9755859375,9.260330200195312,-0.7472305297851562
1781099256220295200,19.660295166015626,46.391090393066406,11.486434936523438,-0.3455047607421875
1781099256245370000,19.6853701171875,46.666481018066406,11.411430358886719,-0.17038726806640625
1781099256270446000,19.710446044921873,47.38751220703125,11.347724914550781,-0.4615020751953125
1781099256295521000,19.73552099609375,47.61559295654297,11.152572631835938,-0.881256103515625
1781099256320597200,19.76059716796875,47.650299072265625,10.716270446777344,-1.2952346801757812
1781099256345672200,19.785672119140624,47.800376892089844,9.745071411132812,-1.8349838256835938
1781099256370748200,19.810748046875,47.367431640625,9.187957763671875,-1.5641708374023438
1781099256395823000,19.835822998046876,46.849937438964844,7.655021667480469,-1.2987136840820312
1781099256420899000,19.860899169921876,46.46624755859375,7.054512023925781,-0.728668212890625
1781099256445974000,19.88597412109375,47.29530334472656,6.967079162597656,3.550262451171875
1781099256471050000,19.911050048828123,47.12074279785156,7.2453460693359375,4.176078796386719
1781099256496125000,19.936125,46.825721740722656,7.817573547363281,4.6238861083984375
1781099256521201200,19.961201171875,47.36201477050781,7.923149108886719,4.614959716796875
1781099256546277000,19.986277099609374,47.520408630371094,7.8216552734375,4.722175598144531
1781099256571352000,20.01135205078125,48.162315368652344,7.943511962890625,4.923103332519531
1781099256596428000,20.036427978515626,48.47992706298828,8.174705505371094,5.19854736328125
1781099256621503200,20.061503173828125,48.35267639160156,7.876091003417969,5.2506256103515625
1781099256646579000,20.086578857421873,48.482749938964844,8.241676330566406,5.2037200927734375
1781099256671654000,20.11165380859375,46.345069885253906,12.692123413085938,3.1160736083984375
1781099256696730000,20.136730224609376,46.74516296386719,12.969612121582031,3.24395751953125
1781099256721805000,20.16180517578125,47.092750549316406,13.282180786132812,3.0437545776367188
1781099256746881000,20.186881103515624,47.539024353027344,13.510505676269531,2.4100418090820312
1781099256771956000,20.2119560546875,48.033973693847656,13.720527648925781,2.1393203735351562
1781099256797032200,20.2370322265625,48.11067199707031,13.571403503417969,1.81195068359375
1781099256822107100,20.262107177734375,48.075477600097656,13.381782531738281,1.624053955078125
1781099256847183000,20.28718310546875,48.0169677734375,13.627265930175781,1.3481521606445312
1781099256872258300,20.31225830078125,48.016761779785156,13.809127807617188,1.2841949462890625
1781099256897334000,20.337333984375,48.013397216796875,11.578140258789062,0.0977935791015625
1781099256922410000,20.362409912109374,48.14423370361328,11.42218017578125,-0.16939544677734375
1781099256947485000,20.38748486328125,48.48008728027344,11.458602905273438,-0.5149612426757812
1781099256972561400,20.4125615234375,49.16272735595703,12.016883850097656,-1.0958480834960938
1781099256997636400,20.43763623046875,48.726043701171875,12.095184326171875,-1.4967803955078125
1781099257022712300,20.46271240234375,48.575408935546875,11.957283020019531,-2.0556793212890625
1781099257047787500,20.48778759765625,48.59496307373047,11.781105041503906,-2.555572509765625
1781099257072863200,20.51286328125,48.526702880859375,11.662635803222656,-2.927581787109375
1781099257097938200,20.537938232421876,48.81256866455078,11.659759521484375,-3.1763763427734375
1781099257123014400,20.563014404296876,49.0596923828125,11.588768005371094,-3.64361572265625
1781099257148089300,20.58808935546875,49.60790252685547,11.669654846191406,-4.4009552001953125
1781099257173165300,20.613165283203124,50.58399200439453,5.6351470947265625,-3.8264617919921875
1781099257198240300,20.638240234375,50.47129821777344,4.9526824951171875,-4.379905700683594
1781099257223316500,20.66331640625,51.12604522705078,4.6512298583984375,-4.633934020996094
1781099257248392400,20.688392333984375,51.55509948730469,4.050483703613281,-5.0761566162109375
1781099257273467400,20.71346728515625,51.82061767578125,3.3888015747070312,-5.279121398925781
1781099257298543400,20.73854345703125,51.78588104248047,2.6830368041992188,-5.354133605957031
1781099257323618300,20.763618408203126,51.42664337158203,1.6903839111328125,-5.260650634765625
1781099257348694300,20.7886943359375,51.80729675292969,-1.2346420288085938,-1.558502197265625
1781099257373769200,20.813769287109373,50.900413513183594,-2.061065673828125,-1.2309112548828125
1781099257398845400,20.838845458984373,50.372703552246094,-2.2437591552734375,-1.0251235961914062
1781099257423920400,20.86392041015625,49.543418884277344,-2.216339111328125,-0.04296112060546875
1781099257448996400,20.888996337890624,49.372947692871094,-2.3484725952148438,0.45029449462890625
1781099257474071300,20.9140712890625,49.332244873046875,-2.1278076171875,0.6005783081054688
1781099257499147500,20.9391474609375,49.67279052734375,-1.9771881103515625,0.45667266845703125
1781099257524222500,20.964222412109375,49.610389709472656,-1.8995132446289062,0.151123046875
1781099257549298200,20.989298095703123,50.416221618652344,-2.1128692626953125,-0.3765716552734375
1781099257574374400,21.01437451171875,50.750099182128906,-1.4647064208984375,-1.2105026245117188
1781099257599449300,21.039449462890627,50.34925842285156,-2.2534637451171875,-1.5801010131835938
1781099257624525300,21.064525390625,50.4248046875,-2.8218231201171875,-1.76885986328125
1781099257649600300,21.089600341796874,50.131202697753906,-3.4666824340820312,-1.9524765014648438
1781099257674676500,21.114676513671874,49.752891540527344,-3.6077957153320312,-1.955169677734375
1781099257699751400,21.13975146484375,49.58079528808594,-3.804595947265625,-1.8727951049804688
1781099257724827400,21.164827392578125,48.711891174316406,-4.3352813720703125,-1.8066864013671875
1781099257749902300,21.18990234375,48.245460510253906,-4.738945007324219,-1.9404983520507812
1781099257774978300,21.214978271484377,47.63417053222656,-5.314430236816406,-2.1942977905273438
1781099257800053200,21.24005322265625,47.48518371582031,-5.62408447265625,-2.1574783325195312
1781099257825129200,21.265129150390624,48.53535461425781,-9.972221374511719,-0.5075759887695312
1781099257850204200,21.2902041015625,47.884422302246094,-9.969612121582031,-0.39449310302734375
1781099257875280400,21.3152802734375,46.86991882324219,-10.206893920898438,-0.13704681396484375
1781099257900356400,21.3403564453125,46.26146697998047,-10.250167846679688,0.19565582275390625
1781099257925431300,21.365431396484375,45.951820373535156,-10.166664123535156,0.41284942626953125
1781099257950507500,21.390507568359375,45.52821350097656,-10.098434448242188,0.9891204833984375
1781099257975582200,21.415582275390626,45.478660583496094,-10.18829345703125,1.0327377319335938
1781099258000658200,21.440658203125,45.841461181640625,-9.790382385253906,1.3330841064453125
1781099258025733000,21.465733154296874,45.568267822265625,-9.714134216308594,1.3182373046875
1781099258050809000,21.49080908203125,43.62775421142578,-10.646049499511719,0.5093536376953125
1781099258075884000,21.515884033203125,43.603271484375,-10.659919738769531,0.8081207275390625
1781099258100960300,21.540960205078125,43.278900146484375,-10.849029541015625,0.7778549194335938
1781099258126035200,21.56603515625,43.37286376953125,-10.557426452636719,0.548828125
1781099258151111200,21.591111083984377,43.220664978027344,-10.217033386230469,0.5603179931640625
1781099258176187400,21.6161875,43.72233581542969,-10.044937133789062,0.6369705200195312
1781099258201262300,21.641262451171876,43.950523376464844,-9.780059814453125,0.5379104614257812
1781099258226338000,21.666338134765624,43.632652282714844,-9.486061096191406,0.5670318603515625
1781099258251413000,21.6914130859375,43.49385070800781,-9.255332946777344,0.80499267578125
1781099258276489200,21.7164892578125,42.07170104980469,-9.063606262207031,-0.44364166259765625
1781099258301564200,21.741564208984375,42.41331481933594,-9.319587707519531,-0.38150787353515625
1781099258326640000,21.76664013671875,42.423072814941406,-9.524734497070312,-0.18692779541015625
1781099258351715300,21.79171533203125,42.803192138671875,-9.488616943359375,-0.23028564453125
1781099258376791300,21.816791259765626,43.02861785888672,-9.352737426757812,-0.0342559814453125
1781099258401866200,21.8418662109375,43.029014587402344,-7.9727935791015625,-0.8624038696289062
1781099258426942200,21.866942138671874,43.125770568847656,-7.813789367675781,-0.8063430786132812
1781099258452018200,21.89201806640625,43.12202453613281,-8.236915588378906,-1.0594635009765625
1781099258477093000,21.917093017578125,43.542884826660156,-7.77459716796875,-0.8494415283203125
1781099258502169000,21.942169189453125,43.46495056152344,-7.847015380859375,-0.9013671875
1781099258527244000,21.967244140625,43.953460693359375,-7.8951873779296875,-0.6686859130859375
1781099258552320300,21.9923203125,43.78875732421875,-8.230140686035156,-0.593658447265625
1781099258577395200,22.017395263671876,44.43962097167969,-6.930107116699219,-1.6757278442382812
1781099258602471200,22.04247119140625,44.33721923828125,-6.6602325439453125,-1.680267333984375
1781099258627546400,22.06754638671875,43.84111022949219,-6.932121276855469,-1.785003662109375
1781099258652622300,22.092622314453124,44.132774353027344,-6.98590087890625,-2.0755538940429688
1781099258677697300,22.117697265625,43.990684509277344,-6.742950439453125,-2.090301513671875
1781099258702773000,22.14277294921875,43.963890075683594,-6.382720947265625,-1.8914413452148438
1781099258727849200,22.16784912109375,44.20954132080078,-6.422096252441406,-2.0574569702148438
1781099258752924200,22.192924072265626,44.219573974609375,-6.1099090576171875,-2.4044876098632812
1781099258778000100,22.218000244140626,44.54302978515625,-5.82196044921875,-2.62176513671875
1781099258803075300,22.243075439453126,44.188079833984375,-5.493843078613281,-2.6343231201171875
1781099258828151300,22.2681513671875,44.3311767578125,-5.314262390136719,-2.6138992309570312
1781099258853226200,22.293226318359373,44.79942321777344,-5.1183013916015625,-2.9575424194335938
1781099258878302200,22.31830224609375,44.784942626953125,-5.329216003417969,-2.939178466796875
1781099258903377400,22.34337744140625,44.70521545410156,-5.1934356689453125,-2.9567337036132812
1781099258928453000,22.368453125,42.6300048828125,-5.8714752197265625,-4.440254211425781
1781099258953528000,22.393528076171876,42.98004913330078,-5.797050476074219,-4.7656097412109375
1781099258978604800,22.418604736328124,42.377220153808594,-5.295478820800781,-4.921043395996094
1781099259003680800,22.4436806640625,42.253944396972656,-5.3509521484375,-4.877021789550781
1781099259028755700,22.468755615234375,42.277610778808594,-5.227973937988281,-5.1553497314453125
1781099259053832000,22.49383203125,42.239410400390625,-4.947456359863281,-5.175506591796875
1781099259078907000,22.518906982421875,42.455535888671875,-4.957130432128906,-5.3296356201171875
1781099259103982600,22.543982666015626,42.55162811279297,-4.734977722167969,-5.2230377197265625
1781099259129057500,22.5690576171875,42.952232360839844,-4.859710693359375,-5.214622497558594
1781099259154133800,22.5941337890625,43.64232635498047,-4.744392395019531,-5.204017639160156
1781099259179208700,22.619208740234374,43.302635192871094,-4.719108581542969,-4.8423004150390625
1781099259204284700,22.64428466796875,43.164161682128906,-5.1149444580078125,-4.755973815917969
1781099259229361000,22.66936083984375,43.62224578857422,-5.011543273925781,-4.750083923339844
1781099259254435800,22.694435791015625,43.835662841796875,-4.9804840087890625,-4.4863433837890625
1781099259279511800,22.71951171875,44.05271911621094,-5.267242431640625,-4.46466064453125
1781099259304586800,22.744586669921876,44.06871032714844,-3.5966796875,-5.396797180175781
1781099259329662700,22.769662841796876,43.93816375732422,-3.6945114135742188,-5.682670593261719
1781099259354737700,22.794737548828124,44.43040466308594,-3.228424072265625,-5.918190002441406
1781099259379813600,22.819813720703124,44.692039489746094,-3.1070404052734375,-6.364448547363281
1781099259404888600,22.844888671875,44.82917785644531,-3.5380020141601562,-6.7347564697265625
1781099259429964800,22.86996484375,44.71174621582031,-3.9159622192382812,-7.082389831542969
1781099259455039700,22.895039794921875,44.538665771484375,-4.044380187988281,-7.0116119384765625
1781099259480115700,22.92011572265625,44.67140197753906,-4.3665008544921875,-7.109375
1781099259505191700,22.945191650390626,45.02850341796875,-4.688072204589844,-7.136138916015625
1781099259530267000,22.970266845703126,45.04029083251953,-4.7618408203125,-7.1918487548828125
1781099259555342600,22.995342529296874,45.06776428222656,-4.6313934326171875,-7.3907623291015625
1781099259580417500,23.02041748046875,45.3634033203125,-4.466728210449219,-7.394172668457031
1781099259605493800,23.04549365234375,45.5911865234375,-4.880096435546875,-7.839622497558594
1781099259630568700,23.070568603515625,45.590110778808594,-5.1361846923828125,-7.9962310791015625
1781099259655644700,23.095644775390625,45.53626251220703,-5.128684997558594,-8.059799194335938
1781099259680719600,23.1207197265625,45.231719970703125,-5.4019927978515625,-8.066162109375
1781099259705795800,23.1457958984375,45.42035675048828,-5.328681945800781,-8.094535827636719
1781099259730871600,23.17087158203125,45.836647033691406,-6.864768981933594,-7.145881652832031
1781099259755946800,23.19594677734375,45.830848693847656,-6.670982360839844,-7.418998718261719
1781099259781022700,23.221022705078123,45.65203857421875,-6.340293884277344,-7.4510498046875
1781099259806097700,23.24609765625,45.70454406738281,-6.1245880126953125,-7.3800506591796875
1781099259831173600,23.271173583984375,46.278465270996094,-5.519866943359375,-7.399665832519531
1781099259856248600,23.29624853515625,46.59312438964844,-5.1712646484375,-7.724311828613281
1781099259881324800,23.32132470703125,47.20561981201172,-4.6221466064453125,-7.926734924316406
1781099259906399700,23.346399658203126,48.16320037841797,-4.071800231933594,-8.738845825195312
1781099259931475700,23.371475830078126,48.40203857421875,-3.9374160766601562,-9.253372192382812
1781099259956551700,23.3965517578125,48.78141784667969,-4.2634429931640625,-10.069099426269531
1781099259981625900,23.4216259765625,48.83680725097656,-4.83026123046875,-10.411201477050781
1781099260006701800,23.446701904296877,49.14842224121094,-5.882041931152344,-11.005905151367188
1781099260031777000,23.471777099609376,45.386863708496094,-6.7570343017578125,-12.416610717773438
1781099260056852700,23.496852783203124,45.31560516357422,-7.686912536621094,-12.649490356445312
1781099260081927700,23.521927734375,45.25398254394531,-8.420509338378906,-12.688453674316406
1781099260107004000,23.54700390625,45.051612854003906,-8.8663330078125,-12.613594055175781
1781099260132078800,23.572078857421875,44.785682678222656,-8.878532409667969,-12.118370056152344
1781099260157154800,23.59715478515625,44.176849365234375,-9.198295593261719,-12.026741027832031
1781099260182229800,23.622229736328126,44.40558624267578,-11.273056030273438,-10.220855712890625
1781099260207306000,23.647305908203126,44.227622985839844,-11.662345886230469,-9.916671752929688
1781099260232381700,23.672381591796874,44.10363006591797,-12.054306030273438,-9.628326416015625
1781099260257457000,23.697456787109374,44.52513122558594,-12.737571716308594,-9.318321228027344
1781099260282532900,23.722532958984374,44.37834930419922,-13.306144714355469,-9.026924133300781
1781099260307607800,23.74760791015625,43.67650604248047,-13.848007202148438,-8.332473754882812
1781099260332683800,23.772683837890625,43.169517517089844,-13.985527038574219,-7.748931884765625
1781099260357758700,23.7977587890625,42.910194396972656,-14.747611999511719,-6.048728942871094
1781099260382835000,23.8228349609375,42.8670654296875,-14.96710205078125,-5.846321105957031
1781099260407910000,23.847909912109376,43.023704528808594,-14.902442932128906,-5.395416259765625
1781099260432985900,23.87298583984375,42.82688903808594,-15.355300903320312,-4.984657287597656
1781099260458061800,23.898061767578124,42.779930114746094,-15.7078857421875,-4.552764892578125
1781099260483136800,23.92313671875,42.911766052246094,-15.849281311035156,-4.382499694824219
1781099260508212700,23.948212646484375,42.741302490234375,-15.658042907714844,-4.245811462402344
1781099260533287700,23.97328759765625,42.47570037841797,-15.587646484375,-3.8983917236328125
1781099260558364000,23.998364013671875,42.213645935058594,-15.551902770996094,-3.8335647583007812
1781099260583438800,24.02343896484375,42.16480255126953,-15.714370727539062,-2.7364120483398438
1781099260608514800,24.048514892578126,42.287208557128906,-15.6778564453125,-2.3424072265625
1781099260633591000,24.073591064453126,42.482887268066406,-15.7247314453125,-2.3501358032226562
1781099260658666000,24.098666015625,42.487831115722656,-15.67962646484375,-2.0640335083007812
1781099260683741700,24.12374169921875,42.96296691894531,-15.508949279785156,-1.8823165893554688
1781099260708816600,24.148816650390625,42.46794891357422,-15.610404968261719,-1.6016845703125
1781099260733892900,24.173892822265625,42.230201721191406,-16.55846405029297,-1.8961944580078125
1781099260758967800,24.1989677734375,41.09934997558594,-16.76110076904297,-1.2337722778320312
1781099260784043800,24.224043701171876,41.12580108642578,-16.578567504882812,-0.6251373291015625
1781099260809120000,24.2491201171875,41.34612274169922,-17.152374267578125,-0.985504150390625
1781099260834195000,24.27419482421875,41.82487487792969,-17.402732849121094,-1.3791961669921875
1781099260859271000,24.29927099609375,40.783531188964844,-19.27678680419922,-1.8941268920898438
1781099260884345900,24.324345947265623,39.472373962402344,-19.440589904785156,-0.9626846313476562
1781099260909421800,24.349421875,39.459022521972656,-18.82342529296875,-0.3211517333984375
1781099260934496800,24.374496826171875,39.51275634765625,-18.135772705078125,0.0457763671875
1781099260959573200,24.3995732421875,39.578636169433594,-17.580657958984375,0.2946929931640625
1781099260984648200,24.424648193359374,39.49835205078125,-17.06562042236328,0.550323486328125
1781099261009724200,24.44972412109375,39.426551818847656,-16.73480224609375,1.036865234375
1781099261034800400,24.47480029296875,41.084022521972656,-16.626220703125,2.598358154296875
1781099261059875300,24.499875244140625,41.54530334472656,-15.565017700195312,2.6444320678710938
1781099261084951000,24.524950927734373,42.16132354736328,-14.828117370605469,2.1373367309570312
1781099261110026200,24.550026123046877,43.38884735107422,-14.673149108886719,0.70745849609375
1781099261135102200,24.575102294921876,43.677040100097656,-14.935111999511719,0.3787689208984375
1781099261160177200,24.60017724609375,43.882911682128906,-15.393455505371094,0.01270294189453125
1781099261185253000,24.625253173828124,43.79682159423828,-15.789642333984375,-0.5042190551757812
1781099261210329300,24.650329345703124,44.97758483886719,-16.326736450195312,0.6833572387695312
1781099261235404300,24.675404296875,44.97538757324219,-16.35173797607422,0.2020416259765625
1781099261260480300,24.700480224609375,44.597442626953125,-16.393165588378906,-0.08728790283203125
1781099261285555200,24.72555517578125,44.187110900878906,-15.732566833496094,-1.1566009521484375
1781099261310631200,24.750631103515627,44.12835693359375,-15.074264526367188,-1.35113525390625
1781099261335706000,24.7757060546875,44.71129608154297,-14.583824157714844,-1.869049072265625
1781099261360782000,24.800781982421874,45.296653747558594,-14.497291564941406,-2.55865478515625
1781099261385858300,24.8258583984375,44.76044464111328,-14.7991943359375,-2.3154144287109375
1781099261410933200,24.850933349609374,45.022789001464844,-14.826766967773438,-2.7963943481445312
1781099261436009200,24.87600927734375,44.99065399169922,-14.901504516601562,-3.0010147094726562
1781099261461084200,24.901084228515625,43.61920166015625,-14.481086730957031,-3.9144363403320312
1781099261486160400,24.926160400390625,43.17377471923828,-14.195571899414062,-4.218711853027344
1781099261511235300,24.9512353515625,42.455299377441406,-12.868850708007812,-4.43389892578125
1781099261536311000,24.97631103515625,42.25605010986328,-12.385429382324219,-4.3991241455078125
1781099261561387300,25.00138720703125,42.530967712402344,-11.675506591796875,-4.286674499511719
1781099261586462200,25.026462158203124,42.94769287109375,-11.129905700683594,-4.2100067138671875
1781099261611538200,25.0515380859375,42.636756896972656,-10.383750915527344,-3.98516845703125
1781099261636613000,25.076613037109375,43.183311462402344,-10.13604736328125,-4.251365661621094
1781099261661689300,25.101689453125,43.88563537597656,-9.9366455078125,-4.719917297363281
1781099261686764300,25.126764404296875,44.12251281738281,-10.380523681640625,-3.9810409545898438
1781099261711840300,25.15184033203125,44.179908752441406,-10.784843444824219,-4.2056732177734375
1781099261736916200,25.176916259765626,44.43049621582031,-11.531974792480469,-4.108390808105469
1781099261761991200,25.2019912109375,44.584190368652344,-11.328598022460938,-3.9802932739257812
1781099261787067100,25.227067138671874,43.36750030517578,-10.158889770507812,-2.386383056640625
1781099261812142000,25.25214208984375,43.250404357910156,-9.9736328125,-2.594635009765625
1781099261837218300,25.27721826171875,43.65898132324219,-9.90631103515625,-3.0524368286132812
1781099261862293200,25.302293212890625,44.422401428222656,-10.024055480957031,-3.8791656494140625
1781099261887369200,25.327369140625,44.42327117919922,-10.372207641601562,-3.4881057739257812
1781099261912445200,25.352445068359376,44.54701232910156,-11.374687194824219,-3.6402053833007812
1781099261937520400,25.377520263671876,44.455406188964844,-11.509307861328125,-3.5930938720703125
1781099261962596400,25.402596435546876,44.29273223876953,-11.66009521484375,-3.3329544067382812
1781099261987671300,25.42767138671875,43.8297119140625,-11.636390686035156,-3.521026611328125
1781099262012747300,25.452747314453124,44.04462432861328,-11.795539855957031,-3.6147918701171875
1781099262037823500,25.477823486328123,43.69752502441406,-12.427421569824219,-4.0184326171875
1781099262062898400,25.5028984375,43.603729248046875,-12.845291137695312,-4.249687194824219
1781099262087974400,25.527974365234375,43.09953308105469,-13.474571228027344,-4.242149353027344
1781099262113049300,25.55304931640625,42.68458557128906,-13.598640441894531,-3.7321243286132812
1781099262138125300,25.578125244140626,42.54175567626953,-13.302169799804688,-3.360137939453125
1781099262163201300,25.603201171875,41.95130157470703,-13.281745910644531,-3.1148834228515625
1781099262188276200,25.628276123046874,41.59382629394531,-13.210304260253906,-2.91766357421875
1781099262213352400,25.6533525390625,41.56024932861328,-11.563232421875,-2.7875213623046875
1781099262238427400,25.678427490234377,41.68377685546875,-11.351249694824219,-2.3963088989257812
1781099262263503400,25.70350341796875,42.18042755126953,-11.348716735839844,-1.660614013671875
1781099262288579600,25.72857958984375,42.14556121826172,-11.589576721191406,-1.2789459228515625
1781099262313654500,25.753654541015624,41.86622619628906,-11.448867797851562,-0.9305038452148438
1781099262338730200,25.778730224609376,41.879066467285156,-10.90618896484375,-0.6651382446289062
1781099262363805200,25.80380517578125,41.739959716796875,-10.446701049804688,-1.2990036010742188
1781099262388881400,25.82888134765625,41.8668212890625,-9.425735473632812,-3.0121307373046875
1781099262413956400,25.853956298828123,42.0635986328125,-9.430259704589844,-3.7666244506835938
1781099262439032300,25.8790322265625,42.37821960449219,-9.837158203125,-4.7982177734375
1781099262464108500,25.904108642578127,42.900779724121094,-9.769447326660156,-4.696586608886719
1781099262489183500,25.92918359375,42.7335205078125,-9.858840942382812,-5.047904968261719
1781099262514259500,25.954259521484374,42.54364013671875,-9.913162231445312,-5.375938415527344
1781099262539334400,25.97933447265625,42.62596893310547,-9.667037963867188,-5.531394958496094
1781099262564410400,26.004410400390626,42.827178955078125,-9.616081237792969,-5.556373596191406
1781099262589486300,26.029486328125,42.981285095214844,-9.522270202636719,-5.601806640625
1781099262614561300,26.054561279296873,43.06781768798828,-9.830436706542969,-6.830558776855469
1781099262639637500,26.079637451171877,43.65483856201172,-9.712051391601562,-7.405860900878906
1781099262664712400,26.10471240234375,43.62187957763672,-9.405097961425781,-8.827095031738281
1781099262689788400,26.129788330078124,43.76317596435547,-9.490409851074219,-9.864784240722656
1781099262714863400,26.15486328125,43.480064392089844,-10.228172302246094,-10.740486145019531
1781099262739939300,26.179939208984376,44.00117492675781,-11.914581298828125,-10.274726867675781
1781099262765015300,26.205015380859376,43.153465270996094,-12.136749267578125,-8.583282470703125
1781099262790090200,26.23009033203125,43.06520080566406,-12.224693298339844,-8.202896118164062
1781099262815166500,26.25516650390625,43.190399169921875,-13.281593322753906,-7.664253234863281
1781099262840241400,26.280241455078126,43.148536682128906,-14.718254089355469,-9.119422912597656
1781099262865317400,26.3053173828125,43.81371307373047,-14.671943664550781,-9.843460083007812
1781099262890393300,26.330393310546874,43.486114501953125,-15.701057434082031,-10.264007568359375
1781099262915468500,26.355468505859374,43.607521057128906,-15.624038696289062,-10.791282653808594
1781099262940544300,26.380544189453126,43.49810028076172,-15.892997741699219,-10.919204711914062
1781099262965619700,26.40561962890625,43.12854766845703,-16.195831298828125,-10.493927001953125
1781099262990695700,26.43069580078125,42.67687225341797,-16.207443237304688,-9.716842651367188
1781099263015771600,26.455771728515625,41.32880401611328,-16.131637573242188,-6.5292816162109375
1781099263040846800,26.480846923828125,40.486785888671875,-16.197113037109375,-5.343841552734375
1781099263065922800,26.5059228515625,40.20823669433594,-15.760757446289062,-4.576545715332031
1781099263090997800,26.530997802734376,40.43547821044922,-15.437294006347656,-4.551582336425781
1781099263116073700,26.55607373046875,40.83379364013672,-15.251449584960938,-5.137725830078125
1781099263141149700,26.581149658203124,41.143524169921875,-15.387413024902344,-5.558479309082031
1781099263166224600,26.606224609375,41.829620361328125,-15.470680236816406,-6.048683166503906
1781099263191300600,26.631300537109375,41.78411865234375,-15.527183532714844,-6.668701171875
1781099263216375800,26.656375732421875,41.67107391357422,-16.093429565429688,-7.578712463378906
1781099263241451800,26.68145166015625,41.770172119140625,-17.158592224121094,-8.198814392089844
1781099263266526700,26.706526611328126,42.10077667236328,-16.595802307128906,-8.650398254394531
1781099263291602700,26.731602783203126,41.483489990234375,-17.36846160888672,-8.750267028808594
1781099263316678700,26.7566787109375,41.66571044921875,-18.00859832763672,-8.578109741210938
1781099263341753600,26.781753662109374,40.813819885253906,-18.303512573242188,-8.031806945800781
1781099263366829600,26.80682958984375,40.21563720703125,-18.441871643066406,-7.1878509521484375
1781099263391904500,26.831904541015625,39.319091796875,-18.562576293945312,-6.4097747802734375
1781099263416980700,26.856980712890625,39.10150146484375,-18.05707550048828,-5.303443908691406
1781099263442056700,26.882056640625,38.857322692871094,-17.600341796875,-4.917289733886719
1781099263467131600,26.907131591796876,39.172119140625,-13.363433837890625,-3.3568954467773438
1781099263492207900,26.932207763671876,39.35694122314453,-13.04559326171875,-3.2581863403320312
1781099263517282800,26.95728271484375,39.579795837402344,-12.674362182617188,-3.0310745239257812
1781099263542358500,26.982358642578124,39.90509033203125,-12.576263427734375,-2.6872177124023438
1781099263567434800,27.007434814453124,39.7271728515625,-12.123275756835938,-2.538055419921875
1781099263592509700,27.032509765625,40.28572082519531,-12.13555908203125,-2.6695327758789062
1781099263617585700,27.057585693359375,40.64966583251953,-11.829795837402344,-3.093353271484375
1781099263642660600,27.08266064453125,41.1517333984375,-11.9378662109375,-3.9806747436523438
1781099263667736800,27.10773681640625,41.45293426513672,-12.176521301269531,-4.193290710449219
1781099263692812800,27.132812744140626,41.07444763183594,-11.869117736816406,-3.6818389892578125
1781099263717887700,27.1578876953125,41.235015869140625,-11.821464538574219,-3.6237869262695312
1781099263742963700,27.182963623046874,40.91534423828125,-12.065513610839844,-4.129447937011719
1781099263768038700,27.20803857421875,41.11347198486328,-12.333404541015625,-4.472084045410156
1781099263793114600,27.233114501953125,41.111175537109375,-12.32763671875,-5.028602600097656
1781099263818189600,27.258189453125,41.003150939941406,-12.457481384277344,-5.542121887207031
1781099263843265800,27.283265869140624,41.416954040527344,-12.53460693359375,-6.050834655761719
1781099263868341800,27.308341796875,40.87415313720703,-12.528739929199219,-6.654273986816406
1781099263893416700,27.333416748046876,40.433197021484375,-12.604576110839844,-6.8118743896484375
1781099263918492700,27.35849267578125,40.286773681640625,-13.152168273925781,-7.4680328369140625
1781099263943568000,27.38356787109375,40.152130126953125,-13.4364013671875,-7.9066619873046875
1781099263968643000,27.40864306640625,39.720542907714844,-14.064292907714844,-8.00775146484375
1781099263993719300,27.43371923828125,39.219329833984375,-14.772003173828125,-7.963005065917969
1781099264018794200,27.458794189453126,38.66902160644531,-15.08575439453125,-7.61236572265625
1781099264043870200,27.4838701171875,38.065406799316406,-16.082382202148438,-7.4092254638671875
1781099264068945200,27.508945068359374,38.326751708984375,-17.439903259277344,-7.365211486816406
1781099264094021400,27.534021484375,37.084716796875,-18.450096130371094,-6.838264465332031
1781099264119097300,27.559097412109374,36.42900848388672,-19.297348022460938,-6.5091705322265625
1781099264144172300,27.58417236328125,35.73657989501953,-20.012802124023438,-5.6307373046875
1781099264169248300,27.609248291015625,34.968727111816406,-20.362220764160156,-4.941436767578125
1781099264194323200,27.6343232421875,35.76702880859375,-21.765655517578125,-3.0364227294921875
1781099264219399200,27.659399169921876,34.92444610595703,-22.188430786132812,-2.0970382690429688
1781099264244475400,27.684475341796876,34.519508361816406,-21.776641845703125,-1.2852401733398438
1781099264269550300,27.70955029296875,34.25152587890625,-21.494293212890625,-0.6162185668945312
1781099264294626300,27.734626220703124,34.57447052001953,-21.1307373046875,-0.18032073974609375
1781099264319701200,27.759701171875,34.53538513183594,-20.695045471191406,0.3422393798828125
1781099264344777500,27.784777587890623,34.653221130371094,-20.55950927734375,0.4823455810546875
1781099264369852400,27.809852294921875,34.6832275390625,-20.347862243652344,0.25341033935546875
1781099264394928000,27.83492822265625,34.74989318847656,-20.422332763671875,0.27069854736328125
1781099264420004400,27.86000439453125,34.7991943359375,-20.430686950683594,0.6963577270507812
1781099264445079300,27.885079345703126,34.07452392578125,-20.629310607910156,1.2082366943359375
1781099264470155300,27.9101552734375,33.60228729248047,-20.48963165283203,2.1014404296875
1781099264495230200,27.935230224609374,33.826393127441406,-19.70709991455078,2.6214752197265625
1781099264520306400,27.960306396484373,33.853416442871094,-19.179443359375,2.6905059814453125
1781099264545382100,27.985382080078125,34.49568176269531,-18.728958129882812,2.7124862670898438
1781099264570457300,28.010457275390625,35.16057586669922,-18.27332305908203,2.9348373413085938
1781099264595533000,28.035532958984376,34.899627685546875,-17.722991943359375,2.8515548706054688
1781099264620608300,28.060608154296876,35.347373962402344,-17.460235595703125,2.4900741577148438
1781099264645684200,28.085684326171876,35.68463897705078,-17.425430297851562,2.0567398071289062
1781099264670760200,28.11076025390625,35.99047088623047,-16.912986755371094,1.7638015747070312
1781099264695835400,28.13583544921875,36.12779998779297,-16.93048095703125,1.7327117919921875
1781099264720911400,28.160911376953123,35.34748840332031,-16.149925231933594,1.2406845092773438
1781099264745986300,28.185986328125,35.51946258544922,-16.100357055664062,1.0641708374023438
1781099264771062000,28.21106201171875,35.77180480957031,-16.024566650390625,0.84820556640625
1781099264796138200,28.23613818359375,36.33160400390625,-16.19122314453125,0.11403656005859375
1781099264821213200,28.261213134765626,36.477577209472656,-16.765777587890625,-0.3972625732421875
1781099264846289200,28.2862890625,36.432106018066406,-17.602676391601562,-0.9903335571289062
1781099264871364400,28.3113642578125,35.81407165527344,-18.396682739257812,-0.825592041015625
1781099264896440300,28.3364404296875,34.981300354003906,-17.549652099609375,-1.3794403076171875
1781099264921516300,28.361516357421873,34.65776824951172,-17.604209899902344,-0.9719696044921875
1781099264946591200,28.38659130859375,33.38996124267578,-17.825225830078125,-0.8275222778320312
1781099264971667000,28.4116669921875,32.43730926513672,-17.809356689453125,-0.6633148193359375
1781099264996742000,28.436741943359376,32.29890441894531,-17.465896606445312,-0.29571533203125
1781099265021818000,28.461818115234376,31.806259155273438,-16.911727905273438,0.5146026611328125
1781099265046893000,28.48689306640625,31.514381408691406,-16.781082153320312,0.9468536376953125
1781099265071969000,28.511968994140624,31.7420654296875,-15.915809631347656,1.7145462036132812
1781099265097045200,28.537045166015623,32.385345458984375,-15.4354248046875,4.265312194824219
1781099265122120200,28.5621201171875,32.53229522705078,-14.906646728515625,5.1604156494140625
1781099265147196200,28.587196044921875,32.73217010498047,-14.950965881347656,5.414070129394531
1781099265172271000,28.61227099609375,32.782958984375,-14.742683410644531,5.647819519042969
1781099265197347000,28.63734716796875,33.134727478027344,-13.915382385253906,6.471809387207031
1781099265222423000,28.662423095703126,33.69910430908203,-13.580039978027344,6.884468078613281
1781099265247498000,28.687498046875,34.059417724609375,-13.491081237792969,6.7493743896484375
1781099265272574200,28.71257421875,34.68189239501953,-13.202018737792969,6.569755554199219
1781099265297649200,28.737649169921873,34.74407958984375,-14.19598388671875,7.198486328125
1781099265322725000,28.76272509765625,35.003196716308594,-14.252052307128906,6.997673034667969
1781099265347801000,28.787801025390625,35.686378479003906,-14.337249755859375,7.0755157470703125
1781099265372876300,28.812876220703124,35.944297790527344,-14.166404724121094,7.2438201904296875
1781099265397952000,28.837951904296876,36.476654052734375,-14.195037841796875,7.2158355712890625
1781099265423027000,28.86302685546875,36.39234924316406,-14.783454895019531,6.626800537109375
1781099265448103200,28.888103271484376,35.63286590576172,-14.829620361328125,6.5916595458984375
1781099265473179100,28.91317919921875,34.55900573730469,-15.023475646972656,6.797264099121094
1781099265498254000,28.938254150390627,34.389739990234375,-15.22784423828125,6.932579040527344
1781099265523330000,28.963330078125,33.820472717285156,-15.248435974121094,6.759941101074219
1781099265548405200,28.9884052734375,33.05455017089844,-15.389076232910156,6.858673095703125
1781099265573481000,29.01348095703125,32.46495056152344,-14.736221313476562,7.724578857421875
1781099265598557000,29.038556884765626,31.642356872558594,-14.97357177734375,8.108528137207031
1781099265623632100,29.063632080078126,30.336334228515625,-15.434791564941406,8.411575317382812
1781099265648708000,29.0887080078125,29.242286682128906,-15.575042724609375,8.842803955078125
1781099265673783000,29.113782958984373,28.629364013671875,-15.706893920898438,9.3924560546875
1781099265698859000,29.13885888671875,28.473663330078125,-16.57251739501953,10.844825744628906
1781099265723935200,29.163935302734377,28.49090576171875,-16.337081909179688,11.223808288574219
1781099265749010200,29.18901025390625,28.626075744628906,-16.340919494628906,11.991073608398438
1781099265774086000,29.2140859375,29.00835418701172,-15.965385437011719,12.63067626953125
1781099265799161000,29.2391611328125,28.75281524658203,-15.507698059082031,13.195419311523438
1781099265824237000,29.264237060546876,29.35650634765625,-15.245849609375,13.742866516113281
1781099265849313000,29.28931298828125,29.70250701904297,-15.069435119628906,13.850830078125
1781099265874388000,29.314387939453123,30.198410034179688,-15.095184326171875,13.785140991210938
1781099265899464200,29.339464111328127,30.33135223388672,-15.229904174804688,14.106727600097656
1781099265924539100,29.3645390625,30.479759216308594,-15.140365600585938,14.283782958984375
1781099265949615000,29.389614990234374,30.340011596679688,-15.011703491210938,14.635940551757812
1781099265974689800,29.414689697265626,30.35137176513672,-15.121566772460938,14.928207397460938
1781099265999765800,29.439765869140626,29.51123809814453,-15.499725341796875,15.39776611328125
1781099266024841700,29.464841796875,29.169692993164062,-15.434120178222656,15.87795639038086
1781099266049916700,29.489916748046873,28.684295654296875,-15.380516052246094,16.72265625
1781099266074993000,29.514992919921873,28.47467803955078,-15.224678039550781,17.26898956298828
1781099266100068900,29.54006884765625,28.717803955078125,-15.0220947265625,18.230274200439453
1781099266125143800,29.565143798828124,28.450149536132812,-14.620391845703125,18.79413604736328
1781099266150220000,29.590219970703124,27.906600952148438,-14.508018493652344,19.40054702758789
1781099266175295000,29.615294921875,27.423828125,-14.217086791992188,20.00855255126953
1781099266200370700,29.64037060546875,27.471961975097656,-13.768760681152344,20.414138793945312
1781099266225447000,29.665447021484376,27.830490112304688,-14.244956970214844,21.582321166992188
1781099266250521900,29.69052197265625,27.992385864257812,-14.184394836425781,21.9569091796875
1781099266275597800,29.715597900390627,28.32257080078125,-13.304718017578125,22.685665130615234
1781099266300672800,29.7406728515625,28.47350311279297,-12.917617797851562,23.021808624267578
1781099266325749000,29.7657490234375,28.817832946777344,-12.561027526855469,23.14508056640625
1781099266350825000,29.790824951171874,29.32744598388672,-13.03802490234375,23.35346221923828
1781099266375900000,29.81589990234375,29.941436767578125,-12.768501281738281,23.526947021484375
1781099266400976000,29.840975830078126,30.60357666015625,-12.880897521972656,23.524551391601562
1781099266426050800,29.86605078125,30.928558349609375,-12.748367309570312,23.555938720703125
1781099266451126800,29.891126708984373,31.27977752685547,-12.856826782226562,23.432098388671875
1781099266476200700,29.91620068359375,31.084381103515625,-11.802383422851562,23.042377471923828
1781099266501276700,29.941276611328124,31.218429565429688,-11.799064636230469,22.995994567871094
1781099266526353000,29.966352783203124,31.589340209960938,-11.607872009277344,22.640579223632812
1781099266551427800,29.991427734375,31.532257080078125,-11.828330993652344,22.265098571777344
1781099266576503800,30.01650390625,32.03987121582031,-10.827484130859375,21.19015884399414
1781099266601579000,30.0415791015625,31.941299438476562,-10.769149780273438,20.869598388671875
1781099266626655000,30.066655029296875,31.873031616210938,-10.882431030273438,20.48629379272461
1781099266651730700,30.091730712890627,31.58751678466797,-10.742233276367188,20.15351104736328
1781099266676805600,30.1168056640625,31.190658569335938,-9.908653259277344,19.535831451416016
1781099266701881900,30.1418818359375,30.429855346679688,-9.833358764648438,19.230884552001953
1781099266726956800,30.166956787109374,29.89160919189453,-9.970230102539062,19.022048950195312
1781099266752032800,30.19203271484375,29.014404296875,-9.669639587402344,19.138370513916016
1781099266777109000,30.21710888671875,29.09307861328125,-9.244361877441406,19.14776611328125
1781099266802184000,30.242183837890625,28.261253356933594,-8.395866394042969,19.425445556640625
1781099266827260000,30.267260009765625,28.065261840820312,-7.986381530761719,20.037715911865234
1781099266852335900,30.2923359375,27.355941772460938,-7.5953369140625,20.63446044921875
1781099266877410800,30.317410888671876,27.282943725585938,-6.8395538330078125,21.19078826904297
1781099266902486800,30.34248681640625,27.411216735839844,-7.2775115966796875,21.67884063720703
1781099266927561700,30.367561767578124,27.677902221679688,-7.0564117431640625,21.969161987304688
1781099266952638000,30.392637939453124,28.170616149902344,-6.8557281494140625,22.308685302734375
1781099266977714400,30.41771435546875,28.302810668945312,-6.5564117431640625,22.11822509765625
1781099267002789600,30.44278955078125,28.84685516357422,-5.9798583984375,22.206539154052734
1781099267027865600,30.467865478515623,28.85193634033203,-5.494415283203125,22.50078582763672
1781099267052940500,30.4929404296875,28.767112731933594,-5.34222412109375,22.52486801147461
1781099267078016500,30.5180166015625,28.36663055419922,-5.1346588134765625,22.925384521484375
1781099267103092700,30.5430927734375,28.015731811523438,-4.814277648925781,23.45903778076172
1781099267128167700,30.568167724609374,28.086891174316406,-4.488037109375,23.536033630371094
1781099267153243600,30.59324365234375,28.72931671142578,-4.243499755859375,23.325889587402344
1781099267178319600,30.618319580078126,29.21489715576172,-4.0159912109375,23.082698822021484
1781099267203394600,30.64339453125,29.07550048828125,-4.155815124511719,22.98284912109375
1781099267228470500,30.668470458984373,28.2119140625,-4.386482238769531,23.035465240478516
1781099267253545500,30.69354541015625,28.05072784423828,-4.0789337158203125,23.237319946289062
1781099267278621700,30.71862158203125,28.265708923339844,-3.4227981567382812,23.35179901123047
1781099267303697700,30.74369775390625,28.39173126220703,-3.3708877563476562,23.241138458251953
1781099267328772600,30.768772705078124,29.109619140625,-2.799560546875,23.094852447509766
1781099267353848600,30.7938486328125,28.691993713378906,-2.885223388671875,23.67510986328125
1781099267378924500,30.818924560546876,28.401634216308594,-2.2948455810546875,23.887897491455078
1781099267403999500,30.84399951171875,28.371673583984375,-1.7522506713867188,23.932533264160156
1781099267429075700,30.86907568359375,28.22113800048828,-1.4242630004882812,24.0843505859375
1781099267454150700,30.894150634765627,28.638961791992188,-1.17926025390625,23.98128890991211
1781099267479226600,30.9192265625,28.5401611328125,-1.1739273071289062,23.93417739868164
1781099267504302800,30.944302734375,28.705238342285156,-1.246734619140625,24.286697387695312
1781099267529377800,30.969377685546874,28.51775360107422,-1.075897216796875,24.412643432617188
1781099267554453500,30.99445361328125,28.554710388183594,-0.8698654174804688,24.707618713378906
1781099267579529500,31.019529541015626,28.478614807128906,-0.38585662841796875,24.84819793701172
1781099267604604700,31.044604736328125,28.105117797851562,-0.1007080078125,25.060199737548828
1781099267629680600,31.0696806640625,28.102210998535156,-0.1178741455078125,25.440372467041016
1781099267654755600,31.094755615234376,28.225906372070312,0.166717529296875,25.52694320678711
1781099267679831800,31.119831787109376,28.281707763671875,-0.08296966552734375,25.702346801757812
1781099267704907800,31.14490771484375,28.02373504638672,0.05658721923828125,26.022029876708984
1781099267729982700,31.169982666015624,28.269065856933594,0.25091552734375,26.342330932617188
1781099267755058400,31.195058349609376,28.228973388671875,0.5638885498046875,26.64752197265625
1781099267780133600,31.220133544921875,28.50299835205078,0.9914627075195312,26.697669982910156
1781099267805209600,31.245209716796875,28.364974975585938,0.6040420532226562,26.734851837158203
1781099267830285600,31.27028564453125,28.75519561767578,0.6482391357421875,26.808143615722656
1781099267855360500,31.295360595703126,28.51177215576172,0.8249435424804688,27.215839385986328
1781099267880436700,31.320436767578126,28.287010192871094,1.0622024536132812,27.321334838867188
1781099267905512400,31.345512451171874,28.46698760986328,1.0428924560546875,27.459522247314453
1781099267930587600,31.370587646484374,29.03264617919922,1.365875244140625,27.553855895996094
1781099267955663600,31.39566357421875,28.951736450195312,1.8570022583007812,27.678630828857422
1781099267980738000,31.420738037109373,28.47022247314453,2.0092239379882812,28.130447387695312
1781099268005814000,31.44581396484375,28.364334106445312,2.145782470703125,28.299484252929688
1781099268030890000,31.470889892578125,28.712379455566406,2.3839035034179688,28.797698974609375
1781099268055965000,31.49596484375,28.986373901367188,2.66229248046875,28.86536407470703
1781099268081041200,31.521041259765624,29.23467254638672,3.139892578125,29.19168472290039
1781099268106117000,31.5461171875,29.648910522460938,3.4959793090820312,29.116168975830078
1781099268131192000,31.571192138671876,30.754600524902344,3.7597198486328125,28.621517181396484
1781099268156268000,31.59626806640625,31.219161987304688,3.9110946655273438,28.67947769165039
1781099268181344000,31.621343994140624,31.69287872314453,3.9406051635742188,28.37592315673828
1781099268206419000,31.6464189453125,31.608970642089844,3.811279296875,28.010120391845703
1781099268231495000,31.671494873046875,31.541847229003906,4.305877685546875,27.987350463867188
1781099268256570000,31.696570068359375,31.048118591308594,4.661102294921875,27.810508728027344
1781099268281646000,31.72164599609375,31.31623077392578,5.396095275878906,27.523883819580078
1781099268306722000,31.74672216796875,31.270401000976562,5.929756164550781,27.112247467041016
1781099268331797000,31.771796875,30.88182830810547,6.35699462890625,26.968231201171875
1781099268356873000,31.796873046875,30.585304260253906,7.0727081298828125,26.666217803955078
1781099268381949000,31.821948974609374,30.436668395996094,7.681846618652344,26.559551239013672
1781099268407023900,31.84702392578125,30.987228393554688,8.614112854003906,26.61278533935547
1781099268432100000,31.87210009765625,31.090980529785156,9.006309509277344,26.431182861328125
1781099268457175000,31.897175048828124,30.984649658203125,9.208633422851562,26.261516571044922
1781099268482251000,31.9222509765625,31.73492431640625,9.617225646972656,25.59463882446289
1781099268507327000,31.947326904296876,32.231719970703125,10.316261291503906,25.433757781982422
1781099268532402000,31.97240185546875,31.831375122070312,11.055519104003906,25.13400650024414
1781099268557478000,31.997477783203124,31.885574340820312,12.078628540039062,25.431346893310547
1781099268582552800,32.022552734375,32.033905029296875,12.425529479980469,25.07114028930664
1781099268607629000,32.04762915039063,32.15473937988281,13.12890625,24.63717269897461
1781099268632705000,32.072705078125,32.23463439941406,13.5517578125,24.314254760742188
1781099268657780000,32.09778002929688,32.773101806640625,14.085891723632812,23.966136932373047
1781099268682856200,32.12285620117188,33.21088409423828,14.84600830078125,24.0792236328125
1781099268707932000,32.147931884765626,33.040504455566406,15.59637451171875,24.029315948486328
1781099268733006800,32.1730068359375,33.469085693359375,15.980445861816406,23.8292236328125
1781099268758083000,32.1980830078125,34.039764404296875,16.443405151367188,23.324016571044922
1781099268783158000,32.22315795898437,34.52293395996094,16.654327392578125,23.035552978515625
1781099268808234000,32.24823388671875,35.07134246826172,16.81940460205078,23.00531768798828
1781099268833310000,32.27331005859375,35.19396209716797,16.66773223876953,22.7845458984375
1781099268858385200,32.29838525390625,35.77991485595703,17.094642639160156,22.791336059570312
1781099268883461000,32.323461181640624,36.30802917480469,17.226707458496094,22.517581939697266
1781099268908536800,32.34853686523437,36.538299560546875,17.11353302001953,22.25381088256836
1781099268933612000,32.373612060546876,36.95094299316406,16.54839324951172,21.628883361816406
1781099268958688000,32.39868798828125,37.35602569580078,16.365821838378906,21.153759002685547
1781099268983763000,32.42376293945313,37.61280822753906,16.48511505126953,20.416057586669922
1781099269008839000,32.4488388671875,37.664703369140625,16.79228973388672,19.37586212158203
1781099269033915100,32.4739150390625,37.44664764404297,16.878082275390625,18.921932220458984
1781099269058990000,32.49898999023438,37.11536407470703,16.794342041015625,18.78604507446289
1781099269084065800,32.524065673828126,35.80955505371094,17.23133087158203,19.274127960205078
1781099269109142000,32.54914208984375,34.520477294921875,17.454917907714844,19.727035522460938
1781099269134217000,32.57421704101562,34.206321716308594,17.038253784179688,20.03543472290039
1781099269159293000,32.59929296875,34.610206604003906,16.830764770507812,19.633907318115234
1781099269184367900,32.62436791992187,34.86976623535156,16.13964080810547,18.438674926757812
1781099269209444000,32.64944409179687,34.54646301269531,15.958267211914062,18.590850830078125
1781099269234520000,32.67452001953125,33.900978088378906,17.019058227539062,18.909404754638672
1781099269259595000,32.699594970703124,33.67915344238281,17.445655822753906,18.183624267578125
1781099269284671000,32.7246708984375,33.64281463623047,17.89031219482422,17.408973693847656
1781099269309747000,32.74974682617187,33.74749755859375,18.02398681640625,17.32977294921875
1781099269334822000,32.77482177734375,33.880653381347656,18.29315948486328,17.99121856689453
1781099269359898000,32.799898193359375,33.636688232421875,18.29328155517578,18.109634399414062
1781099269384973000,32.82497314453125,34.2564697265625,18.58448028564453,18.021949768066406
1781099269410049000,32.85004907226563,35.25758361816406,18.96434783935547,17.44481658935547
1781099269435125000,32.875125,35.23529052734375,19.051490783691406,17.155029296875
1781099269460200200,32.9002001953125,34.884193420410156,18.705657958984375,17.553573608398438
1781099269485276000,32.92527587890625,34.910072326660156,18.455642700195312,17.44715118408203
1781099269510352000,32.950351806640626,35.03900909423828,17.91112518310547,17.231185913085938
1781099269535427000,32.97542700195312,35.09185791015625,18.023956298828125,17.076278686523438
1781099269560503000,33.0005029296875,34.351287841796875,17.39582061767578,16.51441192626953
1781099269585578000,33.02557788085937,33.867652893066406,17.553932189941406,16.748985290527344
1781099269610654200,33.050654296875,33.37835693359375,17.46070098876953,17.031967163085938
1781099269635730000,33.07572998046875,32.54706573486328,17.496665954589844,17.111343383789062
1781099269660804900,33.100804931640624,31.98998260498047,17.56732940673828,17.202011108398438
1781099269685880800,33.125880859375,31.756118774414062,17.773513793945312,17.397071838378906
1781099269710956000,33.1509560546875,31.925338745117188,18.130996704101562,17.51904296875
1781099269736032000,33.176031982421875,31.984779357910156,18.674179077148438,18.08108901977539
1781099269761108000,33.20110791015625,32.424354553222656,18.8145751953125,18.15930938720703
1781099269786183200,33.22618310546875,33.009239196777344,19.371658325195312,18.245464324951172
1781099269811259100,33.25125903320313,33.152244567871094,19.244476318359375,18.308475494384766
1781099269836334800,33.2763349609375,32.9620361328125,19.439743041992188,17.924781799316406
1781099269861409800,33.30140991210938,33.562469482421875,19.676528930664062,17.38898468017578
1781099269886486000,33.32648608398438,33.273712158203125,19.773300170898438,17.054359436035156
1781099269911561000,33.35156103515625,33.62287902832031,19.906097412109375,16.72400665283203
1781099269936637000,33.37663696289062,33.352516174316406,19.387344360351562,16.59662628173828
1781099269961713200,33.40171313476562,32.88044738769531,19.368118286132812,16.073440551757812
1781099269986788000,33.4267880859375,31.74890899658203,19.06713104248047,15.474227905273438
1781099270011864000,33.45186401367187,30.899452209472656,18.86431121826172,15.418373107910156
1781099270036939800,33.47693969726563,29.747108459472656,18.831336975097656,15.872810363769531
1781099270062015000,33.502014892578124,29.172698974609375,18.925880432128906,15.96783447265625
1781099270087091000,33.527091064453124,29.03302001953125,19.204627990722656,16.460121154785156
1781099270112166000,33.552165771484376,28.984466552734375,19.427391052246094,16.57349395751953
1781099270137241900,33.577241943359375,29.24835205078125,19.64427947998047,16.72601318359375
1781099270162318000,33.602318115234375,29.419837951660156,20.03203582763672,17.128128051757812
1781099270187393000,33.62739306640625,28.529129028320312,19.57105255126953,16.74956512451172
1781099270212468700,33.65246875,28.406402587890625,19.575172424316406,16.925743103027344
1781099270237544000,33.6775439453125,28.260215759277344,19.641151428222656,17.102127075195312
1781099270262620000,33.70261987304688,27.82878875732422,19.93608856201172,17.553916931152344
1781099270287696000,33.72769580078125,27.730758666992188,20.222129821777344,17.735645294189453
1781099270312770800,33.75277075195312,27.753875732421875,20.68640899658203,17.95260238647461
1781099270337847000,33.77784692382812,27.847434997558594,20.97496795654297,18.34002685546875
1781099270362923000,33.80292309570312,27.38465118408203,20.585983276367188,18.363719940185547
1781099270387998000,33.827998046875,27.203697204589844,20.784347534179688,18.24094009399414
1781099270413074000,33.85307397460937,27.43927001953125,20.905136108398438,18.26398468017578
1781099270438148900,33.87814892578125,27.307762145996094,21.280792236328125,18.429893493652344
1781099270463224800,33.903224853515624,27.443740844726562,21.493576049804688,18.572952270507812
1781099270488301000,33.928301025390624,27.35748291015625,22.283676147460938,18.344661712646484
1781099270513376000,33.9533759765625,27.3089599609375,22.718978881835938,18.049285888671875
1781099270538452000,33.978451904296875,27.334617614746094,23.114913940429688,17.72970199584961
1781099270563528000,34.00352783203125,27.45623779296875,23.364166259765625,16.98387908935547
1781099270588603100,34.02860302734375,28.273582458496094,23.705467224121094,16.996780395507812
1781099270613678800,34.05367895507813,28.37938690185547,23.831825256347656,16.619529724121094
1781099270638753800,34.07875390625,28.893325805664062,23.89067840576172,16.550033569335938
1781099270663830000,34.103830078125,28.482810974121094,24.424583435058594,16.14783477783203
1781099270688906000,34.12890600585938,28.343650817871094,24.575904846191406,15.662925720214844
1781099270713981000,34.15398095703125,28.1083984375,24.591880798339844,14.929832458496094
1781099270739057200,34.17905712890625,28.428955078125,24.595054626464844,14.899703979492188
1781099270764132900,34.2041328125,28.3760986328125,24.78974151611328,14.508644104003906
1781099270789207800,34.22920776367187,27.9803466796875,24.98853302001953,14.080276489257812
1781099270814283800,34.25428369140625,28.07042694091797,25.58484649658203,13.923393249511719
1781099270839359000,34.27935888671875,26.94293975830078,25.857688903808594,13.58966064453125
1781099270864435000,34.30443505859375,26.30150604248047,25.922935485839844,12.802993774414062
1781099270889511000,34.329510986328124,25.65137481689453,26.46613311767578,12.154998779296875
1781099270914586000,34.35458618164063,26.84033966064453,27.337364196777344,10.057022094726562
1781099270939662000,34.379662109375,26.67290496826172,27.527259826660156,9.820640563964844
1781099270964737800,34.40473779296875,26.661705017089844,27.655433654785156,9.286453247070312
1781099270989813800,34.42981372070312,26.225914001464844,27.48766326904297,9.005363464355469
1781099271014889700,34.4548896484375,26.054420471191406,26.832481384277344,9.164161682128906
1781099271039964700,34.479964599609374,26.103126525878906,26.72876739501953,9.142181396484375
1781099271065041000,34.505041015625,26.428298950195312,26.507774353027344,9.822784423828125
1781099271090116900,34.530116943359374,26.85845947265625,26.135169982910156,10.434791564941406
1781099271115191800,34.55519189453125,27.134994506835938,25.649452209472656,11.102096557617188
1781099271140267500,34.580267578125,27.129432678222656,25.45447540283203,11.92254638671875
1781099271165342700,34.6053427734375,27.154327392578125,25.317161560058594,12.56976318359375
1781099271190418700,34.63041870117188,26.971717834472656,25.522987365722656,13.391098022460938
1781099271215494700,34.65549462890625,25.2213134765625,25.628761291503906,15.284553527832031
1781099271240569600,34.68056958007813,26.031837463378906,25.83660125732422,15.859657287597656
1781099271265645800,34.70564575195313,26.7178955078125,25.548805236816406,15.956306457519531
1781099271290721500,34.730721435546876,27.159591674804688,25.65886688232422,16.29523468017578
1781099271315796700,34.75579663085937,27.136306762695312,26.019126892089844,16.449501037597656
1781099271340872700,34.78087280273437,27.260955810546875,26.01793670654297,16.606781005859375
1781099271365947600,34.80594775390625,27.650741577148438,26.504417419433594,16.361190795898438
1781099271391023600,34.83102368164062,27.417694091796875,26.44371795654297,19.107887268066406
1781099271416099800,34.85609985351562,27.756263732910156,26.56104278564453,19.236160278320312
1781099271441174800,34.8811748046875,28.32160186767578,26.400657653808594,19.02783203125
1781099271466250800,34.906250732421874,28.8624267578125,26.62091827392578,18.807647705078125
1781099271491326700,34.93132666015625,28.28875732421875,26.516136169433594,18.968414306640625
1781099271516401700,34.956401611328126,28.582427978515625,26.652915954589844,18.416534423828125
1781099271541477600,34.9814775390625,29.0330810546875,26.50049591064453,18.275588989257812
1781099271566552600,35.00655249023438,29.566741943359375,26.43444061279297,19.89398193359375
1781099271591628800,35.03162890625,29.348953247070312,26.224952697753906,19.79041290283203
1781099271616704800,35.05670483398438,29.353492736816406,26.26569366455078,19.881057739257812
1781099271641779700,35.08177978515625,28.98804473876953,26.52501678466797,19.713897705078125
1781099271666856000,35.10685595703125,28.91374969482422,26.384300231933594,19.583946228027344
1781099271691931000,35.131930908203124,28.62994384765625,26.51502227783203,19.43616485595703
1781099271717006600,35.15700659179687,28.337562561035156,26.740623474121094,19.6920166015625
1781099271742082600,35.18208251953125,28.491363525390625,26.70343780517578,19.75286102294922
1781099271767157800,35.20715771484375,28.621849060058594,26.44995880126953,20.09380340576172
1781099271792233700,35.23223364257812,28.6663818359375,26.91761016845703,20.00872039794922
1781099271817309700,35.25730981445312,28.718231201171875,27.027183532714844,20.02509307861328
1781099271842385000,35.282385009765626,28.89897918701172,26.96593475341797,19.452865600585938
1781099271867460600,35.307460693359374,28.839797973632812,26.54572296142578,18.76128387451172
1781099271892535800,35.33253588867188,28.914169311523438,26.589195251464844,18.529518127441406
1781099271917611500,35.357611572265625,28.752960205078125,26.82349395751953,18.375991821289062
1781099271942687700,35.382687744140625,28.879959106445312,26.93004608154297,18.049728393554688
1781099271967762700,35.4077626953125,28.8482666015625,26.094635009765625,16.100601196289062
1781099271992839000,35.4328388671875,28.482276916503906,25.995956420898438,15.406967163085938
1781099272017915000,35.45791479492188,28.40679168701172,26.016204833984375,14.826316833496094
1781099272042990000,35.48298999023437,27.732955932617188,26.046157836914062,14.576255798339844
1781099272068065800,35.50806567382813,27.58020782470703,26.107131958007812,14.416641235351562
1781099272093140700,35.533140625,27.166107177734375,26.359100341796875,14.008598327636719
1781099272118217000,35.558217041015624,25.920799255371094,25.758743286132812,15.153617858886719
1781099272143293000,35.58329296875,25.862510681152344,25.764175415039062,14.655906677246094
1781099272168367900,35.608367919921875,26.31732940673828,25.583404541015625,14.200065612792969
1781099272193443800,35.63344384765625,26.52545166015625,25.404525756835938,13.795928955078125
1781099272218519800,35.65851977539062,27.06426239013672,24.503372192382812,13.614364624023438
1781099272243595000,35.683594970703126,27.3846435546875,23.90069580078125,13.630203247070312
1781099272268670700,35.708670654296874,26.742538452148438,22.77654266357422,13.492874145507812
1781099272293746000,35.73374584960938,26.44062042236328,22.64000701904297,13.849685668945312
1781099272318822000,35.75882177734375,26.060935974121094,22.56458282470703,14.167678833007812
1781099272343897900,35.78389794921875,26.080123901367188,22.16271209716797,14.529747009277344
1781099272368972800,35.80897290039063,26.301063537597656,22.065528869628906,14.512001037597656
1781099272394049000,35.83404907226563,26.46416473388672,21.555824279785156,14.824951171875
1781099272419124700,35.859124755859376,26.786468505859375,20.970298767089844,14.942817687988281
1781099272444199700,35.88419970703125,27.250289916992188,20.53009796142578,15.616378784179688
1781099272469276000,35.90927587890625,27.4151611328125,20.17292022705078,16.071502685546875
1781099272494350800,35.934350830078124,27.406448364257812,19.74903106689453,16.475189208984375
1781099272519426800,35.9594267578125,27.234397888183594,19.50823211669922,17.110321044921875
1781099272544503000,35.9845029296875,26.73548126220703,19.31273651123047,17.50188446044922
1781099272569578000,36.009577880859375,28.409523010253906,19.786399841308594,19.1339111328125
1781099272594654000,36.034654052734375,27.82549285888672,19.929298400878906,19.7481689453125
1781099272619729700,36.05972973632812,27.9095458984375,20.638038635253906,20.14305877685547
1781099272644804900,36.084804931640626,27.60021209716797,20.854957580566406,20.546173095703125
1781099272669880800,36.109880859375,27.592239379882812,21.10474395751953,20.42945098876953
1781099272694955800,36.13495581054688,28.323074340820312,21.13384246826172,20.225967407226562
1781099272720032000,36.16003198242188,28.190391540527344,21.169044494628906,20.12884521484375
1781099272745108000,36.18510791015625,28.8431396484375,20.809913635253906,20.087677001953125
1781099272770183000,36.21018286132813,28.968734741210938,20.351112365722656,20.037818908691406
1781099272795259000,36.2352587890625,28.862380981445312,20.169761657714844,19.756690979003906
1781099272820334000,36.260333984375,28.64759063720703,20.032676696777344,19.904396057128906
1781099272845409800,36.28540991210937,28.451194763183594,19.30974578857422,19.72076416015625
1781099272870485800,36.31048583984375,28.190841674804688,18.97272491455078,19.921966552734375
1781099272895561000,36.33556103515625,28.232650756835938,18.56452178955078,20.33368682861328
1781099272920637000,36.360636962890624,27.638839721679688,17.90583038330078,20.885543823242188
1781099272945713000,36.385712890625,27.387123107910156,17.625389099121094,21.38117218017578
1781099272970787800,36.410787841796875,26.608108520507812,17.57201385498047,22.248394012451172
1781099272995863300,36.43586328125,26.633079528808594,17.861373901367188,24.547557830810547
1781099273020938200,36.460938232421874,26.136558532714844,18.095489501953125,25.14914321899414
1781099273046014000,36.48601391601562,25.748008728027344,18.538864135742188,25.843490600585938
1781099273071090000,36.51108984375,25.85810089111328,19.14129638671875,26.371437072753906
1781099273096165000,36.5361650390625,26.31011962890625,19.4945068359375,26.730228424072266
1781099273121241000,36.56124096679687,26.50494384765625,20.068023681640625,26.884849548339844
1781099273146317000,36.58631713867187,27.214431762695312,20.732818603515625,26.934898376464844
1781099273171392300,36.61139233398438,27.589599609375,21.095733642578125,26.879962921142578
1781099273196468200,36.63646826171875,28.47259521484375,21.45330810546875,26.611957550048828
1781099273221543200,36.66154321289063,29.49816131591797,21.729949951171875,26.15932846069336
1781099273246619000,36.686618896484376,29.934654235839844,21.717880249023438,25.637096405029297
1781099273271695000,36.711695068359376,30.354660034179688,21.714157104492188,24.969482421875
1781099273296770000,36.73677001953125,30.95263671875,21.6907958984375,24.584590911865234
1781099273321846000,36.76184594726563,30.59514617919922,21.835128784179688,23.45691680908203
1781099273346922200,36.78692211914063,30.50372314453125,21.592620849609375,22.91900634765625
1781099273371997200,36.8119970703125,30.297584533691406,21.423660278320312,22.279144287109375
1781099273397073200,36.8370732421875,30.370361328125,20.413429260253906,20.03015899658203
1781099273422148000,36.862148193359374,30.369949340820312,19.944480895996094,19.623199462890625
1781099273447224000,36.88722412109375,29.91960906982422,19.783836364746094,19.305992126464844
1781099273472300000,36.91230004882812,29.579315185546875,19.513465881347656,19.21941375732422
1781099273497375000,36.937375,28.982704162597656,19.33745574951172,19.417388916015625
1781099273522451200,36.962451171875,28.74859619140625,19.07585906982422,19.36029052734375
1781099273547526100,36.98752612304688,28.228294372558594,19.002845764160156,19.44023895263672
1781099273572602000,37.01260205078125,28.051239013671875,18.928504943847656,19.673629760742188
1781099273597678000,37.037677978515624,28.012649536132812,19.118675231933594,19.797874450683594
1781099273622753000,37.0627529296875,28.50775146484375,18.98894500732422,19.790977478027344
1781099273647829000,37.0878291015625,29.15814208984375,19.351905822753906,19.79010009765625
1781099273672905000,37.112905029296876,29.058860778808594,19.233192443847656,19.448265075683594
1781099273697980200,37.13798022460937,29.147918701171875,19.284400939941406,19.5355224609375
1781099273723056000,37.16305615234375,29.51055145263672,19.12738800048828,19.754234313964844
1781099273748131000,37.18813110351562,29.130821228027344,18.997825622558594,19.579696655273438
1781099273773207300,37.21320727539062,28.976409912109375,18.75116729736328,19.77081298828125
1781099273798283000,37.23828295898438,29.17615509033203,18.864784240722656,20.18415069580078
1781099273823358000,37.26335791015625,28.730690002441406,18.608238220214844,20.18683624267578
1781099273848434000,37.28843383789062,28.611404418945312,18.600181579589844,20.23345947265625
1781099273873510100,37.31351025390625,28.6817626953125,18.71991729736328,20.53327178955078
1781099273898585000,37.338585205078125,28.54955291748047,18.891502380371094,20.517105102539062
1781099273923661000,37.3636611328125,28.810691833496094,18.761985778808594,20.69965362548828
1781099273948736300,37.388736328125,28.970420837402344,18.548667907714844,20.80225372314453
1781099273973812200,37.413812255859376,29.036697387695312,18.35131072998047,20.807594299316406
1781099273998887700,37.4388876953125,29.338661193847656,18.15581512451172,20.92816925048828
1781099274023962600,37.463962646484376,29.11480712890625,18.44983673095703,21.431983947753906
1781099274049038600,37.48903857421875,29.228416442871094,18.76154327392578,21.368667602539062
1781099274074114800,37.51411474609375,28.895248413085938,18.70763397216797,21.58538818359375
1781099274099189800,37.53918969726563,29.1353759765625,18.846534729003906,21.91938018798828
1781099274124265700,37.564265625,29.314720153808594,19.421424865722656,22.248695373535156
1781099274149340700,37.58934057617188,29.6981201171875,19.383155822753906,22.46355438232422
1781099274174417000,37.6144169921875,29.85948944091797,19.450767517089844,22.885757446289062
1781099274199492600,37.63949267578125,30.07049560546875,19.647727966308594,22.902469635009766
1781099274224567600,37.66456762695312,30.144027709960938,20.767822265625,22.284217834472656
1781099274249643800,37.68964379882812,30.45801544189453,20.6177978515625,22.12392807006836
1781099274274718700,37.71471875,30.773468017578125,20.229934692382812,22.185775756835938
1781099274299794700,37.73979467773437,30.857261657714844,19.8531494140625,22.442127227783203
1781099274324871000,37.76487084960937,30.747024536132812,19.56365966796875,22.584793090820312
1781099274349945900,37.78994580078125,30.977561950683594,19.00225830078125,23.110931396484375
1781099274375021800,37.815021728515624,31.060157775878906,18.673797607421875,23.49295425415039
1781099274400097500,37.84009765625,31.497154235839844,18.733551025390625,23.887371063232422
1781099274425172700,37.8651728515625,31.537757873535156,19.001876831054688,24.044475555419922
1781099274450248700,37.890248779296876,32.14202117919922,19.31683349609375,24.69129180908203
1781099274475323600,37.91532373046875,31.749481201171875,19.883140563964844,25.86745834350586
1781099274500399900,37.94039990234375,32.29638671875,20.153907775878906,25.97107696533203
1781099274525475800,37.96547583007813,32.63832092285156,20.188331604003906,25.834903717041016
1781099274550550800,37.99055078125,32.66985321044922,20.17955780029297,25.790912628173828
1781099274575626500,38.01562646484375,33.165199279785156,19.85314178466797,25.949909210205078
1781099274600702700,38.04070263671875,33.66382598876953,19.91661834716797,25.883220672607422
1781099274625777700,38.06577758789062,33.45062255859375,20.196006774902344,25.84769058227539
1781099274650853600,38.090853515625,33.5767822265625,20.460426330566406,25.639652252197266
1781099274675928600,38.11592846679687,33.611305236816406,20.31110382080078,25.55185317993164
1781099274701004800,38.1410048828125,33.795440673828125,19.706642150878906,25.802684783935547
1781099274726080800,38.16608081054687,34.276771545410156,19.560523986816406,25.632137298583984
1781099274751155700,38.19115576171875,34.07233428955078,19.30286407470703,25.327438354492188
1781099274776231700,38.216231689453124,34.69244384765625,19.27643585205078,25.239715576171875
1781099274801307600,38.2413076171875,34.693931579589844,18.61272430419922,24.916645050048828
1781099274826382600,38.266382568359376,34.87538146972656,18.33031463623047,24.98892593383789
1781099274851458800,38.291458740234376,35.13166809082031,18.530548095703125,25.119998931884766
1781099274876533800,38.31653369140625,35.119850158691406,18.679779052734375,24.765132904052734
1781099274901609700,38.34160961914063,35.358543395996094,18.638809204101562,24.460769653320312
1781099274926685700,38.36668579101563,35.719017028808594,18.12139892578125,24.09075927734375
1781099274951761000,38.39176098632812,35.77470397949219,17.8455810546875,23.87677001953125
1781099274976836600,38.41683666992188,36.407066345214844,17.6737060546875,23.555965423583984
1781099275001912800,38.44191284179688,36.335601806640625,17.512779235839844,23.30634307861328
1781099275026987800,38.46698779296875,36.79473876953125,17.224288940429688,22.895187377929688
1781099275052063700,38.49206372070312,36.77264404296875,17.328094482421875,22.495521545410156
1781099275077138700,38.517138671875,36.62022399902344,17.212326049804688,22.026901245117188
1781099275102215000,38.54221484375,37.01014709472656,16.565444946289062,21.53302764892578
1781099275127290600,38.56729052734375,36.659095764160156,16.140586853027344,21.234939575195312
1781099275152365600,38.592365478515624,36.53947448730469,15.755630493164062,20.463226318359375
1781099275177441800,38.61744189453125,36.47920227050781,15.248603820800781,20.19110870361328
1781099275202517800,38.642517822265624,36.21684265136719,14.739990234375,19.752296447753906
1781099275227592700,38.6675927734375,36.147125244140625,14.04193115234375,19.8543701171875
1781099275252669000,38.6926689453125,38.40422058105469,13.277854919433594,22.543975830078125
1781099275277743900,38.71774389648437,37.921546936035156,12.858695983886719,22.848175048828125
1781099275302819800,38.74281982421875,37.312782287597656,12.694259643554688,22.996307373046875
1781099275327895600,38.7678955078125,37.135520935058594,12.27032470703125,23.34070587158203
1781099275352970800,38.792970703125,36.987091064453125,12.318244934082031,23.221458435058594
1781099275378046700,38.81804663085938,36.551177978515625,12.001861572265625,23.22991180419922
1781099275403122700,38.84312280273438,36.64488220214844,12.18328857421875,23.161270141601562
1781099275428198000,38.868197998046874,36.60118865966797,12.155570983886719,22.885704040527344
1781099275453273900,38.89327392578125,36.85279846191406,11.957664489746094,22.789710998535156
1781099275478348800,38.918348876953125,36.90050506591797,11.731674194335938,22.511451721191406
1781099275503424800,38.9434248046875,36.5382080078125,11.620758056640625,22.148963928222656
1781099275528500700,38.96850073242187,35.75366973876953,11.624908447265625,18.836624145507812
1781099275553575700,38.99357568359375,35.23381805419922,11.208450317382812,18.63501739501953
1781099275578651600,39.018651611328124,35.12211608886719,10.950347900390625,18.505958557128906
1781099275603728000,39.043727783203124,34.50468444824219,10.914268493652344,18.421066284179688
1781099275628802800,39.068802734375,34.49755096435547,10.909042358398438,18.489120483398438
1781099275653878800,39.093878662109375,34.27906036376953,10.783462524414062,18.43494415283203
1781099275678953700,39.11895361328125,33.90602111816406,10.668670654296875,18.51988983154297
1781099275704029700,39.14402978515625,33.566497802734375,10.691787719726562,18.48926544189453
1781099275729105700,39.16910571289063,33.149070739746094,11.180061340332031,18.55406951904297
1781099275754180600,39.1941806640625,33.123199462890625,11.577667236328125,18.71685791015625
1781099275779256800,39.2192568359375,32.68049621582031,11.519783020019531,18.707008361816406
1781099275804331800,39.244331787109374,31.744483947753906,10.393608093261719,16.431396484375
1781099275829407700,39.26940771484375,31.425743103027344,10.605682373046875,16.336692810058594
1781099275854484000,39.29448388671875,31.09864044189453,10.626213073730469,16.23426055908203
1781099275879559000,39.319558837890625,30.524681091308594,10.598403930664062,16.101356506347656
1781099275904634600,39.34463452148437,30.087303161621094,10.324409484863281,16.19293212890625
1781099275929710800,39.3697109375,29.983444213867188,10.188697814941406,16.32579803466797
1781099275954785800,39.394785888671876,29.600799560546875,10.395034790039062,16.401611328125
1781099275979862300,39.4198623046875,28.647659301757812,9.68121337890625,17.027511596679688
1781099276004937200,39.44493725585937,28.43878173828125,9.753852844238281,17.243194580078125
1781099276030013200,39.47001318359375,28.302223205566406,9.785957336425781,17.213943481445312
1781099276055089200,39.49508911132813,28.188926696777344,9.684356689453125,17.483871459960938
1781099276080164000,39.5201640625,27.63642120361328,9.8780517578125,17.620849609375
1781099276105240000,39.54523999023438,27.55706787109375,10.165351867675781,17.887466430664062
1781099276130316000,39.57031591796875,27.538360595703125,10.714775085449219,17.82764434814453
1781099276155391200,39.59539111328125,27.43579864501953,10.954780578613281,17.539390563964844
1781099276180467200,39.62046728515625,27.69005584716797,11.38616943359375,17.619400024414062
1781099276205542100,39.645542236328126,27.851951599121094,11.529548645019531,17.415672302246094
1781099276230618000,39.6706181640625,27.138023376464844,11.694328308105469,17.23199462890625
1781099276255694000,39.695694091796874,27.666099548339844,11.52374267578125,16.91424560546875
1781099276280769000,39.72076904296875,27.7369384765625,11.343414306640625,16.680755615234375
1781099276305845000,39.745844970703125,27.540687561035156,10.980484008789062,16.42394256591797
1781099276330921200,39.770921142578125,27.733444213867188,10.804832458496094,16.282798767089844
1781099276355996200,39.79599609375,27.343032836914062,10.684089660644531,16.053329467773438
1781099276381072100,39.821072021484376,27.160545349121094,10.365089416503906,16.128219604492188
1781099276406147300,39.84614721679687,25.969802856445312,9.75238037109375,15.807075500488281
1781099276431223000,39.87122314453125,25.729827880859375,9.969100952148438,16.007492065429688
1781099276456299000,39.89629907226563,25.529457092285156,9.978271484375,16.1837158203125
1781099276481374000,39.9213740234375,24.715255737304688,9.821235656738281,16.30352783203125
1781099276506450200,39.9464501953125,24.65119171142578,9.855331420898438,16.492820739746094
1781099276531526100,39.97152612304688,24.12226104736328,9.361312866210938,16.71472930908203
1781099276556601000,39.99660107421875,23.677833557128906,9.304939270019531,16.727493286132812
1781099276581677300,40.02167724609375,23.019134521484375,9.324745178222656,16.842689514160156
1781099276606752300,40.046752197265626,22.749176025390625,9.272979736328125,17.045616149902344
1781099276631828000,40.071827880859374,22.456192016601562,9.258071899414062,17.02275848388672
1781099276656904200,40.096904296875,22.230186462402344,9.09197998046875,17.185440063476562
1781099276681979100,40.12197924804688,22.08338165283203,8.745765686035156,17.89593505859375
1781099276707055000,40.14705517578125,21.675765991210938,9.085197448730469,18.040420532226562
1781099276732131300,40.17213134765625,21.53803253173828,9.448051452636719,18.069900512695312
1781099276757206300,40.19720629882813,21.71668243408203,9.614944458007812,18.19879150390625
1781099276782282200,40.2222822265625,21.19806671142578,9.666748046875,17.341567993164062
1781099276807357200,40.24735717773437,21.43816375732422,10.346534729003906,17.572715759277344
1781099276832433200,40.27243310546875,21.60619354248047,10.935447692871094,17.997833251953125
1781099276857509000,40.29750903320313,21.777671813964844,11.594490051269531,18.28931427001953
1781099276882584000,40.322583984375,22.60285186767578,12.296890258789062,18.97412872314453
1781099276907660000,40.34765991210938,23.080039978027344,12.707527160644531,19.36089324951172
1781099276932736300,40.372736328125,24.258079528808594,13.228294372558594,19.7967529296875
1781099276957811200,40.397811279296874,24.31511688232422,13.353782653808594,19.929763793945312
1781099276982887200,40.42288720703125,24.58940887451172,13.467048645019531,20.532424926757812
1781099277007962000,40.447962158203126,25.323699951171875,13.737869262695312,20.692485809326172
1781099277033038000,40.4730380859375,25.798828125,13.489913940429688,20.82361602783203
1781099277058114300,40.4981142578125,26.4107666015625,13.219886779785156,21.011714935302734
1781099277083189200,40.52318920898438,26.91284942626953,13.100616455078125,21.147010803222656
1781099277108265200,40.54826513671875,27.508934020996094,12.580238342285156,21.237396240234375
1781099277133340400,40.57334033203125,27.592384338378906,12.595985412597656,21.3006591796875
1781099277158416400,40.59841650390625,27.514678955078125,12.699623107910156,21.50149917602539
1781099277183492000,40.6234921875,28.55030059814453,12.863113403320312,21.26549530029297
1781099277208567000,40.64856713867187,28.381439208984375,12.852043151855469,21.254417419433594
1781099277233643300,40.67364331054687,28.30211639404297,13.340980529785156,21.34963607788086
1781099277258719200,40.69871923828125,28.803741455078125,13.405082702636719,21.686134338378906
1781099277283794200,40.72379418945312,29.028106689453125,13.737022399902344,21.720172882080078
1781099277308870400,40.74887036132812,29.40826416015625,13.951286315917969,22.073741912841797
1781099277333945300,40.7739453125,30.28192138671875,14.248085021972656,22.186344146728516
1781099277359021300,40.799021240234374,30.51660919189453,14.310409545898438,22.472511291503906
1781099277384097300,40.82409716796875,31.176300048828125,14.674095153808594,22.48061752319336
1781099277409172200,40.849172119140626,31.73474884033203,14.886207580566406,22.448333740234375
1781099277434248200,40.874248291015626,32.50502014160156,14.833900451660156,22.558856964111328
1781099277459324400,40.899324462890625,33.213539123535156,14.871742248535156,22.90915298461914
1781099277484399400,40.9243994140625,33.90791320800781,14.740745544433594,23.049423217773438
1781099277509475300,40.94947534179688,34.92112731933594,14.346710205078125,23.150394439697266
1781099277534550300,40.97455029296875,35.604766845703125,14.335906982421875,23.355716705322266
1781099277559626200,40.99962622070313,36.66564178466797,14.156753540039062,23.602169036865234
1781099277584702200,41.0247021484375,37.09449005126953,13.648674011230469,23.726604461669922
1781099277609777200,41.04977709960937,34.17200469970703,18.627578735351562,21.77802276611328
1781099277634853400,41.07485327148437,34.7559814453125,18.240692138671875,21.896377563476562
1781099277659928300,41.09992822265625,35.288917541503906,17.938331604003906,21.654041290283203
1781099277685004300,41.12500439453125,35.95265197753906,18.062889099121094,21.640811920166016
1781099277710080300,41.15008032226562,36.19745635986328,17.808212280273438,21.718666076660156
1781099277735155500,41.175155517578126,36.49226379394531,17.436912536621094,21.762184143066406
1781099277760231200,41.200231201171874,37.138343811035156,17.366600036621094,21.750553131103516
1781099277785307100,41.22530712890625,37.637184143066406,17.11163330078125,21.642780303955078
1781099277810382300,41.25038232421875,38.10069274902344,17.068870544433594,21.49095916748047
1781099277835458300,41.275458251953125,38.489837646484375,17.022491455078125,21.496562957763672
1781099277860533200,41.300533203125,38.94610595703125,16.5836181640625,21.353527069091797
1781099277885609200,41.32560913085938,39.02827453613281,16.606201171875,21.50519561767578
1781099277910685200,41.35068530273438,39.21211242675781,16.358116149902344,21.644187927246094
1781099277935760400,41.37576049804687,39.72878646850586,16.216041564941406,21.660888671875
1781099277960836000,41.40083618164063,40.3043098449707,16.168914794921875,21.359657287597656
1781099277985911800,41.425911865234376,40.51960372924805,16.540313720703125,21.56295394897461
1781099278010986800,41.45098681640625,42.56377410888672,17.500289916992188,22.020633697509766
1781099278036063000,41.47606298828125,43.29557418823242,17.355812072753906,21.596881866455078
1781099278061138000,41.50113793945312,43.61336898803711,17.354957580566406,21.255157470703125
1781099278086214000,41.5262138671875,44.162925720214844,17.747604370117188,20.803665161132812
1781099278111289900,41.55128979492188,44.37113571166992,17.98596954345703,20.32550811767578
1781099278136365000,41.576364990234374,44.88982391357422,18.03148651123047,19.354835510253906
1781099278161440800,41.60144067382812,45.04796600341797,18.207489013671875,18.117210388183594
1781099278186515700,41.626515625,45.28464126586914,18.256988525390625,17.16448974609375
1781099278211592000,41.651592041015626,45.517356872558594,17.989501953125,15.352210998535156
1781099278236668000,41.67666796875,45.355979919433594,17.56585693359375,14.395263671875
1781099278261742800,41.70174291992188,45.05821228027344,17.205604553222656,12.823684692382812
1781099278286819000,41.72681909179688,44.716522216796875,16.623550415039062,11.908226013183594
1781099278311894800,41.751894775390625,43.78253173828125,15.7874755859375,10.720100402832031
1781099278336969700,41.7769697265625,42.7734489440918,15.268524169921875,10.074676513671875
1781099278362045700,41.802045654296876,41.45561218261719,14.259666442871094,8.973518371582031
1781099278387121000,41.82712084960937,40.741355895996094,13.740715026855469,8.754074096679688
1781099278412196900,41.85219677734375,20.967239379882812,6.3889617919921875,12.349250793457031
1781099278437272800,41.87727294921875,19.66234588623047,5.613914489746094,12.3319091796875
1781099278462348000,41.90234814453125,18.79120635986328,4.958229064941406,12.481040954589844
1781099278487424000,41.92742407226562,17.987777709960938,4.51995849609375,12.528114318847656
1781099278512499700,41.95249975585938,17.198707580566406,4.4376220703125,12.660430908203125
1781099278537574700,41.97757470703125,16.154571533203125,4.205055236816406,12.893234252929688
1781099278562651000,42.00265087890625,15.514244079589844,3.8655471801757812,13.028373718261719
1781099278587725800,42.027725830078126,15.288558959960938,3.5034866333007812,13.363517761230469
1781099278612801800,42.0528017578125,14.673164367675781,3.2153701782226562,13.711799621582031
1781099278637878000,42.0778779296875,14.901962280273438,2.8981857299804688,13.92169189453125
1781099278662953000,42.10295288085938,14.441940307617188,2.8179855346679688,14.441566467285156
1781099278688029000,42.12802880859375,14.236152648925781,2.5431289672851562,14.232353210449219
1781099278713105000,42.15310498046875,13.544677734375,2.368011474609375,14.521987915039062
1781099278738179800,42.17817993164063,12.932357788085938,2.207061767578125,14.149894714355469
1781099278763255800,42.203255859375,12.392997741699219,1.6884613037109375,13.976905822753906
1781099278788330800,42.22833081054687,11.922813415527344,1.1408538818359375,13.965545654296875
1781099278813407000,42.25340698242187,11.143943786621094,0.7764053344726562,13.918731689453125
1781099278838483000,42.27848291015625,21.498558044433594,-2.2968597412109375,22.15477752685547
1781099278863558000,42.30355786132812,20.780685424804688,-2.2144241333007812,22.764137268066406
1781099278888633900,42.3286337890625,19.711288452148438,-2.3963088989257812,23.438865661621094
1781099278913708800,42.353708740234374,19.26781463623047,-2.064605712890625,24.082183837890625
1781099278938784800,42.37878466796875,18.705474853515625,-1.90087890625,24.785873413085938
1781099278963861000,42.403861083984374,18.289749145507812,-1.9257965087890625,25.346328735351562
1781099278988936400,42.4289365234375,18.404388427734375,-1.8869094848632812,25.757614135742188
1781099279014012400,42.45401245117188,18.102981567382812,-2.29559326171875,26.07416534423828
1781099279039088400,42.47908837890625,18.08423614501953,-2.69122314453125,26.281387329101562
1781099279064163300,42.50416333007813,17.571434020996094,-3.122283935546875,26.781600952148438
1781099279089239300,42.5292392578125,34.68910217285156,-4.686798095703125,30.471046447753906
1781099279114314200,42.55431420898437,34.272178649902344,-5.164947509765625,30.96074676513672
1781099279139390500,42.57939038085937,33.63047790527344,-5.236122131347656,31.209060668945312
1781099279164466400,42.60446655273437,33.387596130371094,-5.510063171386719,31.219085693359375
1781099279189541400,42.629541259765624,32.63096618652344,-5.575508117675781,31.432945251464844
1781099279214617600,42.65461767578125,32.080360412597656,-5.855743408203125,31.641036987304688
1781099279239692500,42.67969262695313,31.23145294189453,-5.981575012207031,31.93419647216797
1781099279264768300,42.704768310546875,30.536972045898438,-5.9596099853515625,32.165283203125
1781099279289844200,42.72984423828125,29.666229248046875,-5.852378845214844,32.965728759765625
1781099279314919400,42.75491943359375,33.730201721191406,-6.347267150878906,37.24791717529297
1781099279339995400,42.779995361328126,32.35118103027344,-5.711296081542969,38.18183517456055
1781099279365070300,42.8050703125,32.253562927246094,-5.081184387207031,38.73938751220703
1781099279390146600,42.830146484375,31.891876220703125,-4.631095886230469,39.4518928527832
1781099279415222500,42.85522241210938,31.388832092285156,-3.4931259155273438,40.43389892578125
1781099279440297500,42.88029736328125,39.659828186035156,-3.3993301391601562,44.770606994628906
1781099279465373200,42.90537329101563,40.072669982910156,-2.218780517578125,45.786163330078125
1781099279490449400,42.93044946289063,40.570274353027344,-1.4853973388671875,46.54716110229492
1781099279515524400,42.9555244140625,41.372764587402344,-0.1270599365234375,47.38754653930664
1781099279540600300,42.98060034179687,41.89215850830078,0.42198944091796875,47.65663146972656
1781099279565675300,43.00567529296875,42.65996551513672,1.1116485595703125,47.82608413696289
1781099279590751500,43.03075146484375,44.07831573486328,1.8680191040039062,47.87760543823242
1781099279615827200,43.0558271484375,44.71153259277344,2.1702423095703125,48.00362014770508
1781099279640902400,43.08090234375,48.87872314453125,1.9861526489257812,42.605743408203125
1781099279665978400,43.105978271484375,49.27052307128906,2.1843643188476562,42.55104446411133
1781099279691054300,43.131054443359375,50.153289794921875,2.6443557739257812,42.54035186767578
1781099279716129300,43.15612939453125,50.32593536376953,2.6110687255859375,42.0084228515625
1781099279741205500,43.18120556640625,50.24639892578125,2.4425888061523438,41.51947784423828
1781099279766280400,43.20628051757812,50.647186279296875,2.3963851928710938,41.00076675415039
1781099279791356400,43.2313564453125,36.66527557373047,2.7085800170898438,36.54961013793945
1781099279816432400,43.25643237304688,36.65191650390625,2.479888916015625,35.526527404785156
1781099279841507300,43.28150732421875,36.54862976074219,2.2072067260742188,34.949310302734375
1781099279866583300,43.30658325195313,36.388427734375,2.347442626953125,34.14031982421875
1781099279891658200,43.331658203125,35.820762634277344,2.6650390625,33.93601989746094
1781099279916734500,43.356734375,35.074554443359375,2.933807373046875,33.38045883178711
1781099279941810400,43.381810546875,34.77101135253906,3.117767333984375,32.90950012207031
1781099279966885400,43.406885498046876,28.88677978515625,8.6041259765625,32.91489028930664
1781099279991961300,43.43196142578125,28.402969360351562,8.969390869140625,32.577388763427734
1781099280017036500,43.45703662109375,28.224830627441406,9.172233581542969,32.31975173950195
1781099280042112300,43.4821123046875,27.861419677734375,9.017204284667969,31.96445083618164
1781099280067188200,43.507188232421875,27.953819274902344,8.919288635253906,31.409194946289062
1781099280092263200,43.53226318359375,27.44422149658203,8.905517578125,31.010208129882812
1781099280117339400,43.55733935546875,27.3013916015625,9.106277465820312,30.864044189453125
1781099280142414300,43.58241430664062,26.852859497070312,9.196334838867188,30.703025817871094
1781099280167490300,43.607490234375,20.681243896484375,11.831581115722656,31.606910705566406
1781099280192566300,43.63256616210938,20.47674560546875,11.730430603027344,31.525352478027344
1781099280217641500,43.65764135742187,19.658218383789062,11.861282348632812,31.42877960205078
1781099280242717200,43.68271728515625,19.138526916503906,11.699546813964844,31.682815551757812
1781099280267793400,43.70779345703125,18.191940307617188,11.886093139648438,31.994178771972656
1781099280292868400,43.732868408203124,17.3194580078125,12.1251220703125,32.158973693847656
1781099280317944300,43.7579443359375,17.30120086669922,12.461967468261719,33.398162841796875
1781099280343019300,43.783019287109376,17.026412963867188,12.745948791503906,34.26459503173828
1781099280368095500,43.808095458984376,16.759750366210938,13.373542785644531,34.68456268310547
1781099280393171200,43.833171142578124,17.14788055419922,13.888420104980469,35.84090042114258
1781099280418246100,43.85824609375,17.024749755859375,14.395980834960938,36.52143478393555
1781099280443322400,43.883322265625,17.296981811523438,14.724624633789062,37.1419792175293
1781099280468397300,43.90839721679688,17.950653076171875,14.983451843261719,37.847900390625
1781099280493473300,43.93347338867188,18.44476318359375,15.237228393554688,38.54204559326172
1781099280518549500,43.95854956054688,29.451316833496094,9.282913208007812,39.470367431640625
1781099280543624400,43.98362451171875,29.510971069335938,9.430557250976562,39.82049560546875
1781099280568700400,44.00870043945312,29.712936401367188,9.470390319824219,40.46954345703125
1781099280593776000,44.03377612304688,30.193862915039062,9.377632141113281,40.79869079589844
1781099280618851300,44.05885131835937,30.591262817382812,9.305206298828125,41.318214416503906
1781099280643927300,44.08392724609375,30.790359497070312,9.450614929199219,41.70405578613281
1781099280669002200,44.109002197265625,30.465476989746094,5.330116271972656,37.64085006713867
1781099280694078500,44.134078369140624,31.03748321533203,5.3624114990234375,38.061370849609375
1781099280719154400,44.159154541015624,32.081687927246094,5.4729461669921875,38.724342346191406
1781099280744229400,44.1842294921875,32.43824768066406,5.449958801269531,39.2289924621582
1781099280769305300,44.209305419921876,32.87871551513672,5.5878753662109375,39.28388977050781
1781099280794380500,44.23438061523437,33.63188934326172,5.3979949951171875,39.75538635253906
1781099280819456300,44.25945629882813,33.20886993408203,0.5684585571289062,34.317867279052734
1781099280844532200,44.2845322265625,34.363922119140625,-0.05042266845703125,34.2465705871582
1781099280869607400,44.309607421875,35.208099365234375,-0.1619110107421875,34.0323600769043
1781099280894683400,44.33468334960938,36.113258361816406,-0.7300949096679688,33.800331115722656
1781099280919759400,44.35975927734375,36.44225311279297,-1.02557373046875,33.455257415771484
1781099280944834300,44.38483422851562,36.745399475097656,-0.9841766357421875,32.86328125
1781099280969910300,44.40991015625,37.10737609863281,-1.0994186401367188,32.3389892578125
1781099280994985000,44.43498486328125,36.99858093261719,-0.9591903686523438,31.81140899658203
1781099281020061000,44.46006103515625,36.67829132080078,-0.9541091918945312,31.038394927978516
1781099281045137000,44.48513696289063,38.695701599121094,4.101806640625,24.220096588134766
1781099281070211800,44.5102119140625,38.059654235839844,4.1800537109375,23.18404769897461
1781099281095288000,44.5352880859375,37.51402282714844,4.514976501464844,22.618824005126953
1781099281120364000,44.56036401367187,37.24208068847656,4.6806182861328125,22.175750732421875
1781099281145439000,44.58543896484375,37.01665496826172,5.366325378417969,21.31158447265625
1781099281170515000,44.610514892578124,36.536529541015625,5.3404388427734375,21.005382537841797
1781099281195590100,44.63559008789063,33.04803466796875,10.637481689453125,23.564655303955078
1781099281220665900,44.660665771484375,32.389320373535156,10.886024475097656,23.025394439697266
1781099281245741800,44.685741943359375,31.693199157714844,10.997932434082031,22.245403289794922
1781099281270817000,44.71081713867188,31.31525421142578,11.473777770996094,21.900882720947266
1781099281295893000,44.73589306640625,30.458694458007812,11.598930358886719,21.61009979248047
1781099281320969000,44.760968994140626,31.510353088378906,14.390068054199219,22.420207977294922
1781099281346044200,44.78604418945312,31.340362548828125,14.688926696777344,22.291484832763672
1781099281371119900,44.81111987304688,31.08258819580078,15.022758483886719,22.55016326904297
1781099281396194800,44.83619482421875,31.119354248046875,15.483222961425781,22.669967651367188
1781099281421270800,44.86127075195313,31.16753387451172,15.874366760253906,22.902965545654297
1781099281446347000,44.88634692382813,30.687538146972656,15.037132263183594,23.686630249023438
1781099281471422000,44.911421875,31.126487731933594,14.960868835449219,23.994911193847656
1781099281496498000,44.93649780273437,31.106956481933594,15.009010314941406,24.49960708618164
1781099281521574100,44.96157421875,31.290512084960938,15.168312072753906,24.747737884521484
1781099281546649000,44.986649169921876,31.755508422851562,15.162940979003906,25.727108001708984
1781099281571724800,45.011724853515624,31.972457885742188,15.545051574707031,26.34771728515625
1781099281596799700,45.0367998046875,32.07978820800781,15.884956359863281,26.9647216796875
1781099281621876000,45.0618759765625,29.439414978027344,11.417160034179688,27.315425872802734
1781099281646952000,45.086951904296875,30.265151977539062,11.856246948242188,27.815387725830078
1781099281672027000,45.11202685546875,30.462059020996094,11.783233642578125,27.876182556152344
1781099281697103000,45.13710302734375,31.763198852539062,11.728057861328125,27.930171966552734
1781099281722178800,45.1621787109375,32.02629089355469,11.442825317382812,27.896224975585938
1781099281747254000,45.18725390625,28.665634155273438,8.9332275390625,28.021865844726562
1781099281772330000,45.212330078125,29.036407470703125,9.0743408203125,27.7335205078125
1781099281797405000,45.23740502929687,29.085968017578125,9.09991455078125,27.599876403808594
1781099281822481000,45.26248095703125,28.86083984375,9.3126220703125,26.852115631103516
1781099281847557000,45.28755712890625,28.843154907226562,9.286849975585938,26.559722900390625
1781099281872632000,45.312632080078124,28.675048828125,9.093704223632812,25.822223663330078
1781099281897708000,45.3377080078125,27.545936584472656,10.714286804199219,23.81722640991211
1781099281922783700,45.36278369140625,27.078781127929688,10.998252868652344,23.47705841064453
1781099281947859000,45.38785888671875,26.468048095703125,10.719810485839844,22.836353302001953
1781099281972935000,45.41293481445312,26.150718688964844,10.817939758300781,22.24541473388672
1781099281998010000,45.43801000976563,25.200668334960938,10.730461120605469,21.867923736572266
1781099282023086000,45.46308618164063,24.478759765625,11.196968078613281,21.502216339111328
1781099282048162300,45.48816235351563,23.660491943359375,11.946434020996094,21.07685089111328
1781099282073237200,45.5132373046875,23.45055389404297,12.302299499511719,20.826126098632812
1781099282098313200,45.53831323242188,23.289894104003906,13.440666198730469,20.616127014160156
1781099282123389200,45.56338916015625,30.166221618652344,18.718345642089844,21.713058471679688
1781099282148464000,45.58846411132812,30.69317626953125,19.104637145996094,21.3597412109375
1781099282173540000,45.6135400390625,31.835830688476562,20.044044494628906,20.978347778320312
1781099282198615000,45.63861499023437,32.59318542480469,19.896644592285156,20.428977966308594
1781099282223691300,45.66369116210937,33.690086364746094,19.56475067138672,19.19457244873047
1781099282248767200,45.68876733398437,34.22511291503906,18.947532653808594,18.545028686523438
1781099282273842200,45.71384228515625,35.15740203857422,17.943626403808594,17.681381225585938
1781099282298918000,45.73891796875,34.69867706298828,17.18065643310547,17.450576782226562
1781099282323994000,45.763994140625,34.2835693359375,16.27893829345703,17.272605895996094
1781099282349069000,45.789069091796875,30.298683166503906,18.05908966064453,10.849739074707031
1781099282374145000,45.81414501953125,29.84130096435547,17.92151641845703,11.060859680175781
1781099282399220200,45.83922021484375,28.58245086669922,17.997276306152344,11.381973266601562
1781099282424296200,45.86429614257813,28.085891723632812,17.95586395263672,11.576072692871094
1781099282449372200,45.8893720703125,27.44501495361328,18.18927764892578,11.630706787109375
1781099282474447000,45.91444702148438,26.825828552246094,18.53087615966797,11.814773559570312
1781099282499523000,45.93952319335938,26.478294372558594,18.827659606933594,12.075271606445312
1781099282524599000,45.96459912109375,26.32843780517578,19.47399139404297,12.422149658203125
1781099282549674000,45.98967407226562,26.330520629882812,19.69969940185547,12.348335266113281
1781099282574750200,46.01475024414062,27.65332794189453,19.219093322753906,16.147064208984375
1781099282599825200,46.0398251953125,27.558326721191406,19.19373321533203,16.22588348388672
1781099282624901000,46.06490112304687,27.619041442871094,19.084495544433594,16.11827850341797
1781099282649977000,46.08997705078125,27.501800537109375,18.95336151123047,16.415184020996094
1781099282675052300,46.11505224609375,27.087127685546875,19.080039978027344,16.832870483398438
1781099282700128000,46.1401279296875,27.052825927734375,19.037818908691406,17.254432678222656
1781099282725204200,46.165204345703124,26.984031677246094,19.475242614746094,17.78722381591797
1781099282750279200,46.190279052734375,26.65350341796875,19.858238220214844,17.90026092529297
1781099282775355100,46.215355224609375,23.056617736816406,17.9283447265625,17.647666931152344
1781099282800430000,46.24043017578125,22.523178100585938,18.318679809570312,17.78185272216797
1781099282825506300,46.26550634765625,22.839889526367188,18.5294189453125,17.900924682617188
1781099282850582000,46.29058203125,22.250991821289062,18.811614990234375,17.675621032714844
1781099282875657000,46.31565698242188,22.044601440429688,19.064605712890625,17.56268310546875
1781099282900733200,46.34073315429688,20.97686767578125,18.698532104492188,17.919189453125
1781099282925809200,46.36580908203125,20.99138641357422,19.229660034179688,17.774253845214844
1781099282950884000,46.39088403320312,20.996971130371094,19.17462158203125,17.6158447265625
1781099282975960000,46.4159599609375,20.97588348388672,19.0078125,17.19585418701172
1781099283001035300,46.44103515625,20.8516845703125,18.556076049804688,17.386886596679688
1781099283026111200,46.466111328125,18.654457092285156,18.08349609375,17.303733825683594
1781099283051187200,46.49118725585937,18.748741149902344,17.570480346679688,17.553955078125
1781099283076262100,46.51626220703125,18.70484161376953,17.485855102539062,18.18218994140625
1781099283101338000,46.541338134765624,18.839080810546875,17.615631103515625,18.548065185546875
1781099283126414300,46.566414306640624,14.687332153320312,17.761634826660156,19.60296630859375
1781099283151489300,46.5914892578125,15.523597717285156,18.349937438964844,20.538982391357422
1781099283176565200,46.616565185546875,15.976303100585938,18.663917541503906,20.672412872314453
1781099283201640200,46.64164013671875,13.554412841796875,18.947357177734375,22.790435791015625
1781099283226716200,46.66671606445313,14.719978332519531,19.035568237304688,22.815692901611328
1781099283251792100,46.691792236328126,15.788276672363281,19.154815673828125,22.408123016357422
1781099283276867000,46.7168671875,16.012657165527344,17.671844482421875,24.036670684814453
1781099283301943300,46.741943359375,16.81922149658203,17.549392700195312,23.944026947021484
1781099283327019300,46.76701928710938,16.508926391601562,17.425582885742188,23.750057220458984
1781099283352094200,46.79209423828125,16.12163543701172,17.159011840820312,23.52374267578125
1781099283377170400,46.81717041015625,15.633621215820312,16.840652465820312,23.29480743408203
1781099283402245400,46.842245361328125,15.670829772949219,16.80328369140625,23.02916717529297
1781099283427321000,46.86732104492187,15.482627868652344,16.723007202148438,22.760665893554688
1781099283452397000,46.89239697265625,15.474006652832031,16.588760375976562,22.84400177001953
1781099283477472300,46.91747216796875,15.482475280761719,17.024459838867188,22.796119689941406
1781099283502548200,46.94254833984375,15.273101806640625,17.546249389648438,23.022689819335938
1781099283527624200,46.967624267578124,14.917739868164062,17.61962890625,23.191513061523438
1781099283552699400,46.99269946289063,14.599967956542969,17.862747192382812,23.260658264160156
1781099283577775400,47.017775390625,14.158050537109375,18.508804321289062,23.32080078125
1781099283602850300,47.04285034179688,14.832260131835938,19.418121337890625,19.09026336669922
1781099283627926000,47.067926025390626,15.197174072265625,19.913192749023438,18.940208435058594
1781099283653002200,47.093002197265626,16.27178955078125,20.944320678710938,18.551651000976562
1781099283678077200,47.1180771484375,16.35894775390625,21.932235717773438,18.043357849121094
1781099283703153200,47.14315307617188,16.30504608154297,22.605560302734375,17.491050720214844
1781099283728229400,47.1682294921875,11.9058837890625,21.89214324951172,14.321510314941406
1781099283753304300,47.19330419921875,12.66510009765625,21.99407196044922,13.738853454589844
1781099283778380000,47.21838012695312,13.876914978027344,21.77928924560547,12.473030090332031
1781099283803455200,47.243455322265625,14.589363098144531,21.66808319091797,11.869544982910156
1781099283828531200,47.26853125,15.53973388671875,20.684486389160156,11.339080810546875
1781099283853607200,47.29360717773437,14.194679260253906,20.721519470214844,10.045562744140625
1781099283878682000,47.31868212890625,13.87969970703125,19.892478942871094,9.513587951660156
1781099283903758300,47.34375830078125,13.762489318847656,18.485572814941406,9.014076232910156
1781099283928834300,47.368834228515624,13.843399047851562,17.705299377441406,8.944984436035156
1781099283953909200,47.3939091796875,13.066749572753906,16.44548797607422,9.285263061523438
1781099283978985200,47.418985107421875,12.419486999511719,16.002845764160156,9.630752563476562
1781099284004060400,47.44406030273438,11.666999816894531,15.617744445800781,10.062881469726562
1781099284029136400,47.46913647460938,14.351829528808594,14.810340881347656,11.133308410644531
1781099284054212600,47.49421264648438,12.883071899414062,14.870109558105469,11.7353515625
1781099284079287600,47.51928759765625,12.188034057617188,15.353370666503906,12.228645324707031
1781099284104363500,47.54436352539062,11.836143493652344,16.04253387451172,12.548324584960938
1781099284129438500,47.5694384765625,11.7789306640625,17.15508270263672,13.110580444335938
1781099284154514400,47.59451440429687,12.132667541503906,17.79987335205078,13.215034484863281
1781099284179590400,47.61959033203125,13.551422119140625,16.701614379882812,16.41838836669922
1781099284204665300,47.644665283203125,14.017143249511719,17.47698974609375,16.790740966796875
1781099284229741600,47.669741455078125,14.954071044921875,17.73828125,17.222061157226562
1781099284254817500,47.694817626953125,15.609039306640625,17.84442138671875,17.034423828125
1781099284279892500,47.719892578125,16.371170043945312,18.022003173828125,16.89636993408203
1781099284304968400,47.744968505859376,16.733924865722656,20.570701599121094,14.296989440917969
1781099284330043600,47.77004370117187,17.538780212402344,20.607521057128906,14.089752197265625
1781099284355119400,47.79511938476563,18.738754272460938,21.076820373535156,13.743049621582031
1781099284380195300,47.8201953125,18.866531372070312,21.07463836669922,13.321578979492188
1781099284405270500,47.8452705078125,19.530105590820312,20.983802795410156,12.603988647460938
1781099284430346500,47.87034643554688,19.853485107421875,20.894187927246094,12.202079772949219
1781099284455422500,47.89542236328125,17.440078735351562,23.027557373046875,9.33099365234375
1781099284480497400,47.92049731445312,17.919662475585938,23.036300659179688,9.174560546875
1781099284505573600,47.94557373046875,18.33434295654297,22.824127197265625,8.768829345703125
1781099284530648600,47.970648681640625,19.141372680664062,22.665084838867188,8.338523864746094
1781099284555724300,47.99572436523437,19.137420654296875,22.45916748046875,8.326705932617188
1781099284580800500,48.02080053710937,17.568885803222656,22.794784545898438,7.021934509277344
1781099284605875500,48.04587548828125,17.390472412109375,22.483596801757812,6.469230651855469
1781099284630951400,48.070951416015625,17.564315795898438,22.399017333984375,5.903236389160156
1781099284656026400,48.0960263671875,17.56444549560547,22.306304931640625,5.554267883300781
1781099284681102600,48.1211025390625,17.648941040039062,22.328399658203125,5.1432647705078125
1781099284706178300,48.14617822265625,17.515625,22.645553588867188,4.437904357910156
1781099284731253500,48.17125341796875,16.660682678222656,25.300079345703125,3.83331298828125
1781099284756329500,48.19632958984375,16.383872985839844,25.08837890625,2.9303436279296875
1781099284781405400,48.22140551757813,16.022842407226562,25.243209838867188,2.4703445434570312
1781099284806480400,48.24648046875,15.820892333984375,25.021697998046875,1.9316024780273438
1781099284831556600,48.271556640625,16.009971618652344,24.668594360351562,1.269989013671875
1781099284856631600,48.296631591796874,15.549278259277344,24.439666748046875,0.8506317138671875
1781099284881707500,48.32170751953125,15.229522705078125,24.423233032226562,0.8168258666992188
1781099284906783200,48.346783203125,14.851310729980469,26.62787628173828,-0.0967864990234375
1781099284931858400,48.3718583984375,14.470832824707031,25.88622283935547,-0.6282806396484375
1781099284956934400,48.39693432617187,14.085227966308594,25.274635314941406,-0.656402587890625
1781099284982009300,48.42200927734375,12.8841552734375,24.34375762939453,-0.6084213256835938
1781099285007085300,48.447085205078125,12.228179931640625,23.721397399902344,-0.2364959716796875
1781099285032161300,48.472161376953125,10.898147583007812,22.86011505126953,-0.046905517578125
1781099285057236200,48.497236328125,9.428054809570312,22.584938049316406,0.2948150634765625
1781099285082312200,48.522312255859376,8.186126708984375,22.03337860107422,0.7161178588867188
1781099285107388200,48.54738818359375,6.456939697265625,21.413169860839844,1.2674789428710938
1781099285132463000,48.57246313476563,5.029884338378906,21.46941375732422,2.011383056640625
1781099285157539000,48.5975390625,-0.21707916259765625,23.507034301757812,-3.3241348266601562
1781099285182614300,48.6226142578125,-0.5391464233398438,24.305389404296875,-2.3625411987304688
1781099285207690200,48.64769018554688,-0.902984619140625,25.7625732421875,-1.2973861694335938
1781099285232766200,48.67276611328125,-1.1006622314453125,26.572021484375,-0.67596435546875
1781099285257841200,48.69784106445312,-0.8866119384765625,27.224746704101562,-0.45584869384765625
1781099285282917400,48.72291748046875,-1.05902099609375,28.0703125,-0.26486968994140625
1781099285307993000,48.7479931640625,1.3711166381835938,28.597640991210938,0.5774459838867188
1781099285333068000,48.77306811523437,2.1747512817382812,29.727035522460938,1.0962905883789062
1781099285358144300,48.79814428710937,2.7087860107421875,30.934616088867188,1.099700927734375
1781099285383219200,48.82321923828125,3.6094589233398438,32.108154296875,1.1659011840820312
1781099285408295200,48.848295166015625,4.759086608886719,32.879974365234375,0.7505569458007812
1781099285433371400,48.873371337890624,7.010963439941406,33.45097351074219,0.23181915283203125
1781099285458446300,48.8984462890625,9.985763549804688,24.499122619628906,5.600593566894531
1781099285483522300,48.923522216796876,10.8524169921875,24.48462677001953,5.032295227050781
1781099285508597200,48.94859716796875,11.834403991699219,24.801551818847656,4.334663391113281
1781099285533673200,48.97367309570313,12.345046997070312,24.98096466064453,3.8495712280273438
1781099285558749200,48.99874926757813,13.175773620605469,24.75556182861328,2.9475784301757812
1781099285583824100,49.02382421875,22.44952392578125,20.500579833984375,4.736686706542969
1781099285608900400,49.048900390625,23.112335205078125,19.487258911132812,3.878143310546875
1781099285633976300,49.07397631835938,23.21709442138672,18.7818603515625,3.5251693725585938
1781099285659051300,49.09905126953125,22.732986450195312,17.879592895507812,3.4677963256835938
1781099285684127000,49.124126953125,22.046661376953125,17.529937744140625,3.9513320922851562
1781099285709202200,49.1492021484375,15.660408020019531,18.18091583251953,4.710945129394531
1781099285734278100,49.17427807617187,15.723533630371094,18.05553436279297,5.2436676025390625
1781099285759354000,49.19935400390625,15.87286376953125,18.02777862548828,5.6223297119140625
1781099285784429300,49.22442919921875,15.964210510253906,17.68177032470703,5.5162506103515625
1781099285809505300,49.24950537109375,16.17005157470703,17.34026336669922,5.544578552246094
1781099285834580200,49.27458032226563,16.107765197753906,17.05432891845703,5.334014892578125
1781099285859656200,49.29965625,15.753105163574219,16.70093536376953,5.079414367675781
1781099285884732200,49.324732177734376,10.263771057128906,16.764366149902344,6.188728332519531
1781099285909807000,49.34980712890625,9.289237976074219,16.21465301513672,5.870460510253906
1781099285934883000,49.37488305664063,8.80047607421875,15.822105407714844,5.8271331787109375
1781099285959958300,49.39995825195312,7.859397888183594,15.797294616699219,5.4887847900390625
1781099285985034200,49.4250341796875,6.1272125244140625,19.259933471679688,3.91510009765625
1781099286010110200,49.45011010742188,5.379142761230469,19.974945068359375,4.307044982910156
1781099286035185200,49.47518505859375,4.7548828125,20.097732543945312,4.5034637451171875
1781099286060261000,49.50026123046875,4.327857971191406,20.27117919921875,4.5387420654296875
1781099286085337000,49.52533715820312,4.044403076171875,20.171478271484375,4.658271789550781
1781099286110412000,49.550412109375,3.5443344116210938,20.222412109375,4.6273193359375
1781099286135488000,49.57548803710937,2.714752197265625,20.148178100585938,5.2641143798828125
1781099286160563000,49.60056298828125,3.08587646484375,26.272705078125,5.479499816894531
1781099286185639200,49.62563916015625,2.4507980346679688,26.662200927734375,6.042716979980469
1781099286210715100,49.650715087890624,2.1782760620117188,26.624374389648438,5.9776763916015625
1781099286235790000,49.6757900390625,2.4892120361328125,26.9951171875,6.059234619140625
1781099286260866000,49.700865966796876,2.231597900390625,26.969749450683594,5.435760498046875
1781099286285941200,49.72594116210937,2.4462356567382812,26.85974884033203,5.262351989746094
1781099286311017000,49.75101684570313,3.4280471801757812,26.882972717285156,5.185035705566406
1781099286336093200,49.77609326171875,3.9820709228515625,27.03087615966797,4.880401611328125
1781099286361168100,49.80116821289062,3.909027099609375,26.630516052246094,4.4210205078125
1781099286386244000,49.826244140625,3.7674484252929688,26.366539001464844,4.0771636962890625
1781099286411319000,49.851319091796874,6.163055419921875,24.224990844726562,4.175048828125
1781099286436395300,49.876395263671874,5.782051086425781,24.098739624023438,4.2217254638671875
1781099286461471000,49.90147094726562,5.48046875,23.933074951171875,4.444068908691406
1781099286486546000,49.9265458984375,5.5205535888671875,23.528366088867188,5.0761871337890625
1781099286511622100,49.9516220703125,5.629081726074219,23.535400390625,5.528221130371094
1781099286536697000,49.97669702148438,5.1072235107421875,23.764678955078125,6.4103851318359375
1781099286561773000,50.00177294921875,5.176475524902344,24.113754272460938,6.8461456298828125
1781099286586849000,50.02684912109375,5.319847106933594,24.691696166992188,7.095695495605469
1781099286611924200,50.05192431640625,3.696075439453125,27.96471405029297,6.512359619140625
1781099286637000200,50.07700024414063,4.015861511230469,28.286277770996094,6.6901702880859375
1781099286662076000,50.102075927734376,4.409812927246094,29.081199645996094,7.115104675292969
1781099286687151000,50.12715112304687,5.046699523925781,30.079368591308594,7.22271728515625
1781099286712227000,50.15222705078125,5.601966857910156,31.138893127441406,7.009422302246094
1781099286737302000,50.17730200195312,6.351600646972656,31.47020721435547,6.583076477050781
1781099286762378000,50.2023779296875,7.9870758056640625,31.632484436035156,6.071647644042969
1781099286787454200,50.2274541015625,8.631927490234375,31.34551239013672,5.161811828613281
1781099286812529200,50.252529052734374,9.400146484375,30.804405212402344,4.4212493896484375
1781099286837605000,50.277605224609374,9.527183532714844,29.93824005126953,3.3728179931640625
1781099286862680300,50.30268041992188,11.545249938964844,26.91943359375,3.501068115234375
1781099286887756000,50.327756103515625,11.131217956542969,25.917404174804688,2.5043182373046875
1781099286912832000,50.35283203125,10.425865173339844,25.18670654296875,2.29931640625
1781099286937907000,50.37790698242188,9.290237426757812,23.934249877929688,1.8074722290039062
1781099286962983200,50.40298315429688,8.650138854980469,23.40008544921875,1.8796920776367188
1781099286988058000,50.42805810546875,7.469276428222656,22.382400512695312,2.1736984252929688
1781099287013134600,50.45313452148437,6.835418701171875,21.953704833984375,2.5595169067382812
1781099287038210300,50.47821020507813,9.502189636230469,18.534996032714844,2.8122482299804688
1781099287063285200,50.50328515625,8.570289611816406,18.709373474121094,3.7806472778320312
1781099287088361500,50.528361572265624,7.91021728515625,18.842857360839844,4.536460876464844
1781099287113436400,50.5534365234375,7.357383728027344,19.54535675048828,5.1394500732421875
1781099287138512400,50.578512451171875,7.687019348144531,20.218055725097656,5.434989929199219
1781099287163588600,50.603588623046875,8.666473388671875,21.12818145751953,5.214897155761719
1781099287188663600,50.62866357421875,3.2730255126953125,21.84465789794922,3.0659255981445312
1781099287213739500,50.653739501953126,4.135124206542969,21.909996032714844,2.440673828125
1781099287238815500,50.6788154296875,5.516456604003906,21.838768005371094,1.5403594970703125
1781099287263890400,50.70389038085938,6.350532531738281,21.388572692871094,1.009124755859375
1781099287288966400,50.72896630859375,6.33013916015625,20.687171936035156,0.18497467041015625
1781099287314041300,50.75404125976563,13.007102966308594,20.553176879882812,1.5693435668945312
1781099287339117600,50.77911767578125,13.189697265625,19.167037963867188,1.2708816528320312
1781099287364193500,50.80419360351563,12.59130859375,18.283401489257812,1.4419937133789062
1781099287389268500,50.8292685546875,11.931442260742188,17.487289428710938,2.0416488647460938
1781099287414344400,50.85434448242187,11.778732299804688,17.19573974609375,2.7322006225585938
1781099287439419400,50.87941943359375,11.125602722167969,17.098480224609375,3.8202972412109375
1781099287464495400,50.904495361328124,10.593849182128906,17.003067016601562,4.6356201171875
1781099287489571600,50.929571533203124,10.589431762695312,17.20294189453125,5.280082702636719
1781099287514646500,50.954646484375,10.811279296875,18.02093505859375,5.7360687255859375
1781099287539722500,50.979722412109375,10.720924377441406,18.514266967773438,5.894615173339844
1781099287564797400,51.00479736328125,10.733741760253906,18.72021484375,5.7785797119140625
1781099287589873700,51.02987377929688,10.999092102050781,19.243209838867188,5.47955322265625
1781099287614949400,51.054949462890626,10.923484802246094,19.421295166015625,5.1763916015625
1781099287640024300,51.0800244140625,10.305900573730469,19.8948974609375,5.132568359375
1781099287665100500,51.1051005859375,8.816368103027344,19.956809997558594,2.5920791625976562
1781099287690176500,51.13017651367188,8.860572814941406,20.67646026611328,2.0008926391601562
1781099287715251500,51.15525146484375,8.907058715820312,21.07929229736328,1.4923934936523438
1781099287740327400,51.18032739257813,8.846771240234375,21.58155059814453,0.65826416015625
1781099287765402600,51.205402587890624,9.127723693847656,21.92571258544922,-0.064056396484375
1781099287790478600,51.230478515625,9.372673034667969,22.00275421142578,-1.4135208129882812
1781099287815554300,51.25555419921875,10.928703308105469,16.659378051757812,-3.8798904418945312
1781099287840629500,51.28062939453125,10.594612121582031,16.511322021484375,-4.385284423828125
1781099287865705500,51.30570556640625,10.801559448242188,15.875732421875,-4.780769348144531
1781099287890780400,51.33078051757813,10.404518127441406,15.25238037109375,-5.398551940917969
1781099287915856400,51.3558564453125,10.346839904785156,14.413833618164062,-5.611122131347656
1781099287940932600,51.3809326171875,9.709098815917969,13.789093017578125,-4.926536560058594
1781099287966007600,51.40600756835938,9.193580627441406,13.115280151367188,-3.9804458618164062
1781099287991083300,51.431083251953126,11.126129150390625,11.364418029785156,-0.6061172485351562
1781099288016158500,51.45615844726562,11.373954772949219,11.351982116699219,0.34929656982421875
1781099288041234200,51.48123413085938,11.98455810546875,11.942459106445312,1.0508346557617188
1781099288066310400,51.50631030273438,12.020698547363281,11.94775390625,1.0803070068359375
1781099288091385300,51.53138525390625,12.807350158691406,11.508224487304688,0.8868255615234375
1781099288116461300,51.55646142578125,14.037803649902344,11.951171875,1.847747802734375
1781099288141536300,51.581536376953125,14.22222900390625,10.777557373046875,2.7964401245117188
1781099288166612500,51.606612548828124,14.7550048828125,11.071907043457031,3.9805831909179688
1781099288191688200,51.63168823242187,14.567535400390625,11.343070983886719,4.3754425048828125
1781099288216763100,51.65676318359375,14.944099426269531,11.402610778808594,4.925758361816406
1781099288241839400,51.68183935546875,15.011550903320312,11.477210998535156,5.149269104003906
1781099288266914300,51.70691430664063,15.4151611328125,11.481529235839844,5.366050720214844
1781099288291990300,51.731990234375,15.898643493652344,11.632133483886719,5.9744720458984375
1781099288317066500,51.75706640625,19.478492736816406,14.263343811035156,5.910820007324219
1781099288342141400,51.78214135742188,20.026573181152344,14.324562072753906,5.8443450927734375
1781099288367217400,51.80721752929688,21.55339813232422,13.958351135253906,5.5240020751953125
1781099288392292400,51.83229223632812,22.003005981445312,13.580589294433594,5.317131042480469
1781099288417368300,51.85736840820312,23.100311279296875,15.321830749511719,6.846153259277344
1781099288442444300,51.8824443359375,23.250205993652344,14.756462097167969,6.975028991699219
1781099288467519200,51.90751928710937,23.364173889160156,14.710243225097656,7.272071838378906
1781099288492595500,51.93259545898437,23.541122436523438,14.424629211425781,6.8023223876953125
1781099288517670400,51.95767041015625,23.507034301757812,14.359214782714844,6.326530456542969
1781099288542746400,51.982746337890624,23.7880859375,14.036857604980469,5.654243469238281
1781099288567822300,52.007822265625,24.015350341796875,13.770332336425781,5.659210205078125
1781099288592897500,52.0328974609375,24.260513305664062,13.528678894042969,5.3712921142578125
1781099288617973200,52.05797314453125,24.966148376464844,12.340972900390625,5.745979309082031
1781099288643048200,52.08304809570313,24.807640075683594,11.995132446289062,5.6838226318359375
1781099288668124400,52.10812451171875,24.492034912109375,11.083480834960938,5.654060363769531
1781099288693200400,52.13320043945313,23.937515258789062,10.489517211914062,5.564971923828125
1781099288718275300,52.158275390625,23.05742645263672,9.888351440429688,5.756248474121094
1781099288743351300,52.18335131835938,23.266998291015625,8.196868896484375,7.552490234375
1781099288768427300,52.20842724609375,22.73248291015625,7.704833984375,8.090774536132812
1781099288793502200,52.23350219726562,22.47711181640625,7.5606842041015625,8.426055908203125
1781099288818578200,52.258578125,22.243209838867188,7.90777587890625,8.962814331054688
1781099288843653400,52.2836533203125,22.19513702392578,8.018096923828125,8.931243896484375
1781099288868729300,52.30872924804687,21.209213256835938,7.754753112792969,8.412284851074219
1781099288893805300,52.33380541992187,21.672286987304688,8.164161682128906,8.432060241699219
1781099288918880300,52.35888037109375,21.44446563720703,8.122550964355469,8.246467590332031
1781099288943956500,52.38395654296875,22.149871826171875,8.055183410644531,8.471267700195312
1781099288969031400,52.40903149414063,22.68444061279297,8.177803039550781,8.214530944824219
1781099288994107000,52.43410693359375,22.499961853027344,8.424674987792969,8.043792724609375
1781099289019182800,52.459182861328124,22.598655700683594,8.687416076660156,7.753379821777344
1781099289044257800,52.4842578125,21.527175903320312,8.405487060546875,6.812843322753906
1781099289069333800,52.509333740234375,21.709060668945312,8.198089599609375,6.107200622558594
1781099289094408700,52.53440869140625,21.71772003173828,8.048324584960938,5.687675476074219
1781099289119485000,52.55948486328125,21.641693115234375,7.6670379638671875,5.3798065185546875
1781099289144561000,52.584560791015626,21.791587829589844,7.131317138671875,5.0242767333984375
1781099289169635800,52.6096357421875,21.72783660888672,6.7964324951171875,5.042144775390625
1781099289194711800,52.6347119140625,21.30463409423828,6.613365173339844,4.838020324707031
1781099289219787000,52.659787109375,21.087600708007812,6.135520935058594,5.0797882080078125
1781099289244862700,52.68486279296875,21.19298553466797,5.8440399169921875,5.13690185546875
1781099289269939000,52.70993896484375,21.382125854492188,5.466796875,4.90301513671875
1781099289295014000,52.735013916015625,23.26831817626953,3.9188156127929688,5.790153503417969
1781099289320089900,52.76008984375,23.126075744628906,3.4545669555664062,5.921356201171875
1781099289345165800,52.78516577148437,23.08039093017578,2.4083786010742188,6.291229248046875
1781099289370241000,52.810240966796876,23.01329803466797,2.0583267211914062,6.5395965576171875
1781099289395316700,52.835316650390624,22.583763122558594,1.7208709716796875,6.780731201171875
1781099289420391700,52.8603916015625,22.454734802246094,1.1015853881835938,7.5317230224609375
1781099289445468000,52.88546801757813,22.038597106933594,0.8148193359375,8.062950134277344
1781099289470544000,52.9105439453125,21.731285095214844,1.0501785278320312,8.789100646972656
1781099289495618800,52.93561889648438,21.8502197265625,1.0930633544921875,9.241607666015625
1781099289520694800,52.96069482421875,23.780242919921875,3.2508087158203125,10.145034790039062
1781099289545770000,52.98577001953125,23.950973510742188,3.377166748046875,10.536170959472656
1781099289570846000,53.01084594726562,23.797164916992188,3.4410400390625,10.895286560058594
1781099289595921700,53.03592163085938,23.75787353515625,3.2262420654296875,11.182586669921875
1781099289620996900,53.06099682617187,23.647842407226562,3.3626174926757812,11.498527526855469
1781099289646072800,53.08607275390625,23.691497802734375,3.5899200439453125,11.831390380859375
1781099289671148800,53.11114868164063,23.8817138671875,3.7340621948242188,12.106437683105469
1781099289696223700,53.1362236328125,24.08837890625,4.038780212402344,12.233070373535156
1781099289721300000,53.161300048828124,24.241539001464844,4.2224273681640625,12.480247497558594
1781099289746375000,53.186375,23.809852600097656,5.525016784667969,12.557960510253906
1781099289771451000,53.211450927734376,24.11347198486328,5.592620849609375,12.891494750976562
1781099289796526800,53.23652685546875,24.635162353515625,5.6818389892578125,13.223907470703125
1781099289821601800,53.26160180664063,25.29869842529297,5.686622619628906,13.669288635253906
1781099289846677800,53.286677734375,25.380615234375,5.3297576904296875,14.075088500976562
1781099289871752700,53.31175268554688,25.852294921875,4.890922546386719,15.041252136230469
1781099289896829000,53.33682885742188,26.245162963867188,4.73236083984375,15.687370300292969
1781099289921905000,53.36190478515625,26.494842529296875,4.65380859375,16.88207244873047
1781099289946979800,53.38697973632812,26.30870819091797,4.7014007568359375,17.680702209472656
1781099289972055800,53.41205590820312,26.637405395507812,5.020652770996094,18.297805786132812
1781099289997130800,53.437130859375,27.437896728515625,5.7625274658203125,19.17967987060547
1781099290022206700,53.46220678710937,27.96906280517578,6.1757049560546875,19.395851135253906
1781099290047283000,53.48728295898437,29.21179962158203,6.552925109863281,19.414684295654297
1781099290072358000,53.51235791015625,29.96550750732422,6.467124938964844,19.437381744384766
1781099290097433900,53.537433837890624,30.381919860839844,6.3854522705078125,19.576995849609375
1781099290122508800,53.5625087890625,36.3433837890625,13.152946472167969,14.636573791503906
1781099290147585000,53.5875849609375,36.752052307128906,12.418693542480469,14.46429443359375
1781099290172660700,53.61266064453125,37.55756378173828,11.889183044433594,14.294906616210938
1781099290197735700,53.63773559570313,37.779930114746094,11.374725341796875,14.456157684326172
1781099290222812000,53.66281201171875,38.07438659667969,10.494354248046875,14.931575775146484
1781099290247888000,53.68788793945313,38.18647003173828,10.364608764648438,15.056106567382812
1781099290272962800,53.712962890625,38.342445373535156,10.289909362792969,15.562278747558594
1781099290298038800,53.73803881835938,38.571983337402344,10.159255981445312,15.43239974975586
1781099290323114000,53.763114013671874,39.108741760253906,9.954566955566406,15.413246154785156
1781099290348190000,53.78818994140625,39.16618347167969,10.293594360351562,15.205081939697266
1781099290373265700,53.813265625,41.6485595703125,12.678031921386719,15.095623016357422
1781099290398340900,53.8383408203125,42.285987854003906,12.329933166503906,14.597736358642578
1781099290423416800,53.86341674804687,42.672698974609375,12.099853515625,14.327262878417969
1781099290448491800,53.88849169921875,42.651283264160156,11.9793701171875,14.130313873291016
1781099290473567700,53.913567626953125,42.640724182128906,11.396430969238281,13.793827056884766
1781099290498644000,53.93864404296875,42.99971008300781,10.595657348632812,13.41079330444336
1781099290523719000,53.96371899414063,43.028541564941406,10.109085083007812,13.220516204833984
1781099290548794600,53.988794677734376,43.05262756347656,9.25238037109375,13.23232650756836
1781099290573869800,54.01386987304687,42.673988342285156,8.335433959960938,13.512870788574219
1781099290598945800,54.03894580078125,42.35780334472656,8.10455322265625,13.524581909179688
1781099290624021800,54.06402172851563,41.85795593261719,7.6109771728515625,14.209857940673828
1781099290649096700,54.0890966796875,41.67772674560547,7.3418731689453125,14.444190979003906
1781099290674173000,54.1141728515625,41.756019592285156,7.060417175292969,14.985244750976562
1781099290699247900,54.139247802734374,43.77130126953125,7.0790252685546875,15.364715576171875
1781099290724323800,54.16432373046875,43.98329162597656,7.202125549316406,15.621971130371094
1781099290749399800,54.18939990234375,44.00756072998047,7.218574523925781,15.47110366821289
1781099290774474800,54.214474853515625,44.06019592285156,7.465980529785156,15.424659729003906
1781099290799550700,54.23955078125,44.05895233154297,7.7407073974609375,15.178268432617188
1781099290824627000,54.264626953125,43.59259796142578,7.542884826660156,14.70113754272461
1781099290849702000,54.28970190429688,43.49840545654297,6.983436584472656,14.20639419555664
1781099290874777900,54.31477783203125,43.43754577636719,6.965065002441406,13.901283264160156
1781099290899852800,54.33985278320313,42.950721740722656,6.3070220947265625,13.425544738769531
1781099290924929000,54.36492895507813,42.875709533691406,6.1562957763671875,13.170356750488281
1781099290950004700,54.390004638671876,39.37799072265625,4.343017578125,14.155052185058594
1781099290975079700,54.41507958984375,38.28734588623047,4.06689453125,14.566375732421875
1781099291000156700,54.44015673828125,37.55584716796875,4.0061798095703125,14.894500732421875
1781099291025231600,54.46523168945313,36.778785705566406,4.1154632568359375,15.16202163696289
1781099291050307800,54.49030786132813,36.53990173339844,4.560157775878906,15.285507202148438
1781099291075383600,54.515383544921875,36.54045867919922,5.040916442871094,15.273048400878906
1781099291100458500,54.54045849609375,35.25054931640625,4.251976013183594,16.470970153808594
1781099291125534700,54.56553466796875,34.88444519042969,4.743141174316406,16.336891174316406
1781099291150609700,54.59060961914062,34.811668395996094,5.0542755126953125,16.164138793945312
1781099291175685600,54.615685546875,34.62799835205078,5.2344207763671875,15.881660461425781
1781099291200761900,54.64076196289062,34.94776916503906,5.313499450683594,15.43618392944336
1781099291225836800,54.6658369140625,35.083038330078125,5.2637939453125,15.106887817382812
1781099291250912800,54.69091284179687,34.84971618652344,5.113151550292969,14.997474670410156
1781099291275987700,54.71598779296875,34.25025939941406,4.9938812255859375,15.166557312011719
1781099291301063700,54.741063720703124,31.590248107910156,5.0167999267578125,17.037071228027344
1781099291326139600,54.7661396484375,31.162521362304688,5.000083923339844,17.205211639404297
1781099291351214600,54.791214599609376,30.573348999023438,5.646751403808594,17.738731384277344
1781099291376290800,54.816290771484375,30.857933044433594,6.827079772949219,18.270423889160156
1781099291401365800,54.84136572265625,31.253585815429688,7.3893890380859375,18.337234497070312
1781099291426441700,54.86644165039063,31.86988067626953,8.164878845214844,18.16292953491211
1781099291451517700,54.891517578125,31.71021270751953,8.586189270019531,17.84227752685547
1781099291476593000,54.91659301757812,31.285011291503906,7.9696502685546875,17.57797622680664
1781099291501668600,54.94166870117188,31.499717712402344,7.695182800292969,16.990161895751953
1781099291526743600,54.96674365234375,31.38312530517578,6.998222351074219,16.43720245361328
1781099291551819800,54.99181982421875,31.01653289794922,6.738616943359375,16.466331481933594
1781099291576895700,55.01689575195312,30.99199676513672,6.7487945556640625,16.686717987060547
1781099291601970700,55.041970703125,31.12450408935547,7.365974426269531,16.567005157470703
1781099291627047000,55.067046875,31.371444702148438,7.251213073730469,16.817691802978516
1781099291652121900,55.092121826171876,31.435943603515625,7.473419189453125,16.691490173339844
1781099291677197600,55.117197509765624,31.736709594726562,7.3000030517578125,16.55661392211914
1781099291702273500,55.1422734375,31.5743408203125,7.082923889160156,16.733989715576172
1781099291727348700,55.1673486328125,31.62853240966797,7.4696807861328125,16.606002807617188
1781099291752424700,55.1924248046875,31.812850952148438,7.338462829589844,16.19921875
1781099291777499600,55.21749975585937,31.538475036621094,7.145111083984375,15.907318115234375
1781099291802576000,55.24257592773437,31.150245666503906,6.372322082519531,15.578804016113281
1781099291827651800,55.26765185546875,30.715293884277344,5.725250244140625,15.601066589355469
1781099291852726800,55.29272680664062,30.31285858154297,5.504264831542969,15.458274841308594
1781099291877802500,55.31780249023438,30.362045288085938,5.12158203125,15.506927490234375
1781099291902877700,55.342877685546874,29.768898010253906,5.000946044921875,15.944534301757812
1781099291927953700,55.36795361328125,29.351028442382812,5.116004943847656,16.28551483154297
1781099291953029600,55.39302954101562,28.944610595703125,4.711761474609375,17.182659149169922
1781099291978104600,55.4181044921875,28.71588897705078,4.389411926269531,17.488231658935547
1781099292003180000,55.44317993164063,28.56597900390625,4.00341796875,18.302894592285156
1781099292028255000,55.4682548828125,28.47624969482422,3.8611831665039062,18.566146850585938
1781099292053331200,55.493331298828124,29.035614013671875,3.5583648681640625,19.374351501464844
1781099292078407200,55.5184072265625,28.60455322265625,3.6247482299804688,19.727157592773438
1781099292103482000,55.543482177734376,28.09380340576172,3.8121414184570312,20.28437042236328
1781099292128558000,55.56855810546875,28.609512329101562,2.8705825805664062,19.79452133178711
1781099292153633000,55.59363305664063,28.4385986328125,3.389862060546875,20.278541564941406
1781099292178709000,55.618708984375,28.538589477539062,3.9934844970703125,20.83578109741211
1781099292203785200,55.64378515625,28.841567993164062,4.5073699951171875,20.85577392578125
1781099292228860200,55.66886010742188,29.306243896484375,5.35418701171875,20.668060302734375
1781099292253936000,55.69393603515625,29.3165283203125,5.636138916015625,20.57339096069336
1781099292279011000,55.71901098632812,29.906784057617188,5.666343688964844,20.33545684814453
1781099292304087000,55.74408715820312,30.627891540527344,5.7993621826171875,20.38446044921875
1781099292329163000,55.7691630859375,30.718994140625,5.987388610839844,20.43384552001953
1781099292354238000,55.79423803710937,30.91657257080078,5.2658538818359375,19.95461654663086
1781099292379314200,55.81931420898437,30.978965759277344,5.173370361328125,19.679702758789062
1781099292404389000,55.84438916015625,30.227783203125,5.698356628417969,19.536544799804688
1781099292429465000,55.869465087890624,30.014244079589844,6.1958770751953125,19.459774017333984
1781099292454541000,55.894541015625,30.192352294921875,6.66455078125,19.142990112304688
1781099292479616300,55.9196162109375,30.479629516601562,6.9562530517578125,18.824848175048828
1781099292504692000,55.94469189453125,30.325637817382812,6.875099182128906,18.490089416503906
1781099292529767000,55.96976684570313,30.239906311035156,6.939338684082031,18.46802520751953
1781099292554843100,55.99484301757813,30.47356414794922,7.3817596435546875,19.60710906982422
1781099292579919000,56.01991918945313,30.231033325195312,6.743965148925781,19.43814468383789
1781099292604994000,56.044994140625,29.808685302734375,6.632270812988281,19.22274398803711
1781099292630070000,56.07007006835938,29.58184814453125,6.216468811035156,19.53079605102539
1781099292655145200,56.095145263671874,29.205116271972656,6.3390045166015625,20.067832946777344
1781099292680221200,56.12022119140625,28.345680236816406,6.608177185058594,20.943584442138672
1781099292705297000,56.145296875,27.611083984375,6.827415466308594,21.340953826904297
1781099292730372000,56.1703720703125,27.74720001220703,7.332237243652344,21.64226531982422
1781099292755448000,56.19544799804687,27.854537963867188,7.972465515136719,21.785171508789062
1781099292780523000,56.22052294921875,28.242279052734375,8.626480102539062,21.93968963623047
1781099292805599000,56.245598876953125,28.70843505859375,9.482093811035156,21.707393646240234
1781099292830675200,56.27067529296875,29.209861755371094,10.150581359863281,21.385150909423828
1781099292855750100,56.29575024414063,29.671470642089844,11.12860107421875,20.896011352539062
1781099292880826000,56.320826171875,30.372665405273438,11.672927856445312,20.31836700439453
1781099292905901300,56.3459013671875,31.095924377441406,11.8734130859375,19.38787078857422
1781099292930977000,56.37097705078125,31.61632537841797,11.934226989746094,18.822208404541016
1781099292956053000,56.39605297851563,33.081214904785156,12.089805603027344,19.36157989501953
1781099292981128000,56.4211279296875,32.855987548828125,11.80718994140625,18.656036376953125
1781099293006204000,56.44620385742188,32.32801818847656,11.706405639648438,18.24512481689453
1781099293031278800,56.47127880859375,32.099853515625,11.209144592285156,17.636428833007812
1781099293056354800,56.49635473632812,31.5540771484375,10.767127990722656,17.32147979736328
1781099293081431000,56.52143115234375,31.28223419189453,10.223457336425781,17.099258422851562
1781099293106506000,56.546506103515625,31.144790649414062,9.847747802734375,17.03667449951172
1781099293131581700,56.57158178710937,30.81554412841797,9.654632568359375,17.279632568359375
1781099293156657000,56.59665698242188,30.29486083984375,9.066871643066406,17.418991088867188
1781099293181732900,56.62173291015625,30.165382385253906,8.935150146484375,17.884750366210938
1781099293206808800,56.646808837890624,29.672531127929688,8.349533081054688,18.52674102783203
1781099293231883800,56.6718837890625,29.172958374023438,8.014854431152344,19.112712860107422
1781099293256960000,56.6969599609375,29.361000061035156,7.447105407714844,20.134235382080078
1781099293282035000,56.72203491210937,28.86572265625,7.42462158203125,20.909210205078125
1781099293307111000,56.74711083984375,29.09204864501953,7.3996124267578125,21.496807098388672
1781099293332187000,56.77218676757813,28.53448486328125,7.243919372558594,22.10582733154297
1781099293357261800,56.79726171875,29.280250549316406,6.6161346435546875,23.195262908935547
1781099293382337800,56.822337890625,29.717178344726562,6.742881774902344,23.857315063476562
1781099293407412700,56.847412841796874,29.629852294921875,7.231803894042969,24.10291290283203
1781099293432489000,56.872489013671874,29.82337188720703,7.9608001708984375,24.390827178955078
1781099293457565000,56.89756494140625,29.904136657714844,8.496726989746094,24.56209945678711
1781099293482640000,56.922639892578125,30.410255432128906,8.953689575195312,24.71811294555664
1781099293507715800,56.9477158203125,30.82611846923828,9.116531372070312,24.672195434570312
1781099293532790800,56.97279077148438,31.068748474121094,9.209304809570312,24.676414489746094
1781099293557866800,56.99786669921875,31.470863342285156,9.291877746582031,24.82394790649414
1781099293582943000,57.02294287109375,31.617286682128906,9.510749816894531,24.927547454833984
1781099293608018000,57.04801782226563,30.98607635498047,9.265174865722656,24.622085571289062
1781099293633094000,57.07309399414063,31.176239013671875,9.0185546875,24.837955474853516
1781099293658168800,57.0981689453125,30.87958526611328,8.832633972167969,25.192398071289062
1781099293683245000,57.1232451171875,31.82720184326172,6.935111999511719,24.24188232421875
1781099293708320800,57.14832080078125,31.98175048828125,7.040946960449219,24.338058471679688
1781099293733395700,57.17339575195312,31.393760681152344,7.300559997558594,24.652484893798828
1781099293758472000,57.19847192382812,30.955772399902344,7.611030578613281,24.67850112915039
1781099293783547000,57.223546875,30.86334228515625,7.9687652587890625,24.722713470458984
1781099293808622800,57.248622802734374,31.2861328125,8.033607482910156,24.678672790527344
1781099293833699000,57.273698974609374,31.6807861328125,8.422065734863281,24.771007537841797
1781099293858774000,57.29877392578125,31.9420166015625,8.581161499023438,24.6529541015625
1781099293883850000,57.32385009765625,31.938980102539062,8.7498779296875,24.6383056640625
1781099293908925000,57.34892504882812,32.199256896972656,8.598533630371094,24.512897491455078
1781099293934001000,57.3740009765625,32.842567443847656,8.493438720703125,24.06972885131836
1781099293959076900,57.39907690429688,33.175811767578125,8.091392517089844,23.68210220336914
1781099293984151800,57.42415185546875,33.63749694824219,7.965400695800781,23.3779296875
1781099294009229000,57.44922900390625,33.49293518066406,7.8870849609375,23.231605529785156
1781099294034304000,57.47430395507813,33.408721923828125,8.020980834960938,23.287307739257812
1781099294059379700,57.499379638671876,32.77265167236328,8.166175842285156,23.931400299072266
1781099294084456000,57.5244560546875,32.663597106933594,8.330741882324219,24.339954376220703
1781099294109531000,57.54953076171875,32.73944854736328,8.525741577148438,24.617660522460938
1781099294134606800,57.57460693359375,33.123985290527344,8.493385314941406,24.470211029052734
1781099294159681800,57.59968188476562,33.44126892089844,8.7413330078125,24.411510467529297
1781099294184758000,57.62475805664062,32.97357940673828,8.8431396484375,24.74959945678711
1781099294209834000,57.649833984375,32.85944366455078,8.775840759277344,24.932579040527344
1781099294234909000,57.674908935546874,33.06201934814453,9.008399963378906,25.1358642578125
1781099294259985000,57.69998486328125,32.83526611328125,9.228187561035156,25.09234619140625
1781099294285059800,57.725059814453125,33.03418731689453,9.649116516113281,25.067611694335938
1781099294310135800,57.7501357421875,33.180152893066406,10.205024719238281,24.459781646728516
1781099294335212000,57.7752119140625,33.001068115234375,10.696624755859375,24.394527435302734
1781099294360287000,57.800286865234376,32.84967803955078,11.226371765136719,23.84539031982422
1781099294385363000,57.825363037109376,33.208160400390625,11.165840148925781,23.258651733398438
1781099294410438000,57.85043798828125,33.37773895263672,11.096473693847656,22.508472442626953
1781099294435513900,57.87551391601563,33.85516357421875,10.963455200195312,22.3974609375
1781099294460589800,57.90058984375,34.325347900390625,10.566253662109375,22.287738800048828
1781099294485664800,57.92566479492187,34.673057556152344,10.333724975585938,22.080463409423828
1781099294510740700,57.95074072265625,34.19475555419922,10.20269775390625,21.865741729736328
1781099294535816000,57.97581591796875,33.919769287109375,9.68939208984375,22.035564422607422
1781099294560892000,58.00089184570312,33.99785614013672,9.092247009277344,22.03048324584961
1781099294585967900,58.0259677734375,34.605262756347656,8.722587585449219,21.934494018554688
1781099294611043000,58.05104296875,34.23112487792969,8.471389770507812,22.11707305908203
1781099294636118800,58.076118896484374,33.81598663330078,8.269607543945312,22.215164184570312
1781099294661193700,58.10119384765625,33.45201873779297,8.476829528808594,22.322681427001953
1781099294686269700,58.126269775390625,33.280731201171875,8.918304443359375,22.212512969970703
1781099294711346000,58.151345947265625,33.113059997558594,8.975578308105469,21.880767822265625
1781099294736420900,58.1764208984375,33.576026916503906,9.119583129882812,21.400657653808594
1781099294761496800,58.201496826171876,33.58149719238281,9.338478088378906,20.965251922607422
1781099294786572000,58.22657202148437,33.4241943359375,9.080787658691406,20.369701385498047
1781099294811648000,58.25164794921875,33.291160583496094,9.134063720703125,19.849098205566406
1781099294836723700,58.2767236328125,32.652442932128906,9.075469970703125,19.577590942382812
1781099294861798700,58.30179858398437,32.181236267089844,8.82470703125,19.419219970703125
1781099294886875000,58.326875,31.608245849609375,8.65985107421875,19.21673583984375
1781099294911949800,58.35194970703125,30.529029846191406,10.636009216308594,18.838211059570312
1781099294937025800,58.37702587890625,30.00818634033203,10.416847229003906,19.152233123779297
1781099294962102000,58.40210205078125,29.529754638671875,10.757232666015625,19.331127166748047
1781099294987177000,58.427177001953126,29.34343719482422,11.112236022949219,19.203800201416016
1781099295012252000,58.452251953125,29.395645141601562,11.256607055664062,19.276199340820312
1781099295037327000,58.4773271484375,28.846389770507812,10.890869140625,19.312931060791016
1781099295062403000,58.50240307617187,29.003982543945312,10.954429626464844,19.031932830810547
1781099295087478800,58.52747875976563,28.9144287109375,10.862419128417969,19.16717529296875
1781099295112554000,58.552553955078125,29.239952087402344,10.987068176269531,19.275413513183594
1781099295137630000,58.5776298828125,29.21460723876953,11.251068115234375,19.279003143310547
1781099295162705000,58.602704833984376,29.732894897460938,11.614349365234375,18.951358795166016
1781099295187780900,58.62778076171875,29.75164794921875,11.386665344238281,18.665496826171875
1781099295212857000,58.652857177734376,29.688140869140625,11.213172912597656,18.453025817871094
1781099295237932000,58.67793212890625,29.796615600585938,11.125755310058594,18.382404327392578
1781099295263008000,58.70300805664063,29.89429473876953,10.900398254394531,18.31116485595703
1781099295288084000,58.728083984375,29.685585021972656,10.692008972167969,18.171653747558594
1781099295313159000,58.75315893554688,29.216407775878906,11.083297729492188,17.948104858398438
1781099295338235000,58.77823486328125,28.72284698486328,11.326637268066406,18.09075927734375
1781099295363309800,58.80330981445312,28.48857879638672,11.367347717285156,18.1180419921875
1781099295388386000,58.82838598632812,28.237533569335938,11.713409423828125,18.12651824951172
1781099295413461000,58.8534609375,28.237510681152344,11.744216918945312,18.008953094482422
1781099295438537000,58.87853686523437,28.58941650390625,12.127304077148438,17.962833404541016
1781099295463613000,58.90361303710937,28.698081970214844,12.236312866210938,17.671646118164062
1781099295488687900,58.92868798828125,28.24742889404297,12.384544372558594,17.40887451171875
1781099295513763800,58.953763916015625,27.4923095703125,12.784713745117188,16.929611206054688
1781099295538838800,58.9788388671875,27.425193786621094,12.928085327148438,16.61713409423828
1781099295563915000,59.0039150390625,27.254928588867188,13.462226867675781,16.446067810058594
1781099295588991000,59.028990966796876,27.143165588378906,13.739173889160156,16.36894989013672
1781099295614066000,59.05406591796875,26.93151092529297,14.801559448242188,16.759979248046875
1781099295639142100,59.07914208984375,27.261672973632812,15.528846740722656,16.732406616210938
1781099295664217000,59.10421704101562,26.94585418701172,15.969139099121094,16.794395446777344
1781099295689292800,59.12929272460938,26.62981414794922,16.566879272460938,16.448448181152344
1781099295714369000,59.154369140625,26.9189453125,16.91107177734375,16.21857452392578
1781099295739444000,59.17944384765625,27.15008544921875,17.489166259765625,15.916091918945312
1781099295764520000,59.20452001953125,26.972686767578125,17.875137329101562,15.559219360351562
1781099295789595000,59.229594970703126,27.767593383789062,17.67572021484375,15.259674072265625
1781099295814671000,59.254671142578125,27.35394287109375,17.821090698242188,14.8641357421875
1781099295839747000,59.2797470703125,27.280601501464844,18.258331298828125,14.760528564453125
1781099295864822000,59.30482202148438,27.090377807617188,18.44305419921875,14.699226379394531
1781099295889898000,59.32989794921875,27.15221405029297,18.76519775390625,14.358222961425781
1781099295914973000,59.35497290039063,27.25383758544922,18.847091674804688,14.30963134765625
1781099295940049000,59.380048828125,27.27330780029297,18.926712036132812,14.505149841308594
1781099295965124900,59.405124755859376,27.71179962158203,19.065765380859375,14.425163269042969
1781099295990200000,59.43019995117187,27.811241149902344,18.925811767578125,14.308944702148438
1781099296015276000,59.45527612304687,28.71178436279297,18.51097869873047,14.305519104003906
1781099296040351000,59.48035107421875,28.75902557373047,18.07813262939453,14.358192443847656
1781099296065427000,59.50542700195312,28.687179565429688,17.797508239746094,14.511451721191406
1781099296090503000,59.5305029296875,28.500244140625,17.453773498535156,15.004119873046875
1781099296115577900,59.555577880859374,28.668228149414062,17.411766052246094,15.228324890136719
1781099296140653800,59.58065380859375,28.709991455078125,16.83679962158203,15.906806945800781
1781099296165729000,59.60572900390625,28.80242156982422,16.69817352294922,16.313758850097656
1781099296190805000,59.630804931640625,28.448410034179688,16.45392608642578,16.827133178710938
1781099296215881000,59.655880859375,28.229957580566406,16.223731994628906,17.410568237304688
1781099296240956200,59.6809560546875,27.867904663085938,16.240699768066406,17.956924438476562
1781099296266031900,59.70603198242188,27.936798095703125,16.26361846923828,18.404945373535156
1781099296291106800,59.73110693359375,27.768882751464844,16.40454864501953,18.791358947753906
1781099296316182800,59.75618286132813,28.03521728515625,16.465232849121094,19.016407012939453
1781099296341259000,59.78125903320313,28.155662536621094,16.43915557861328,19.101943969726562
1781099296366334000,59.806333984375,28.210540771484375,16.68354034423828,19.082908630371094
1781099296391410000,59.83140991210937,28.046829223632812,16.516929626464844,19.115554809570312
1781099296416485000,59.856485107421875,28.238624572753906,16.52362823486328,19.219284057617188
1781099296441561000,59.88156103515625,25.093055725097656,15.226455688476562,19.188465118408203
1781099296466636800,59.90663671875,25.428871154785156,15.289886474609375,19.313743591308594
1781099296491711700,59.931711669921874,25.587814331054688,15.3970947265625,19.41666030883789
1781099296516788000,59.9567880859375,25.519805908203125,15.420333862304688,19.73763656616211
1781099296541863000,59.98186279296875,25.536712646484375,15.421920776367188,20.186824798583984
1781099296566939000,60.00693896484375,25.338088989257812,15.637542724609375,20.545799255371094
1781099296592015000,60.03201513671875,25.048797607421875,16.217941284179688,21.2701416015625
1781099296617090000,60.05709008789062,25.45714569091797,16.413772583007812,21.603759765625
1781099296642166000,60.082166015625,25.550582885742188,16.902969360351562,22.095996856689453
1781099296667241000,60.10724096679687,25.921875,17.34259033203125,22.426177978515625
1781099296692317000,60.13231689453125,26.345794677734375,18.062347412109375,22.694908142089844
1781099296717393000,60.15739282226563,27.55840301513672,18.860595703125,22.627578735351562
1781099296742467800,60.1824677734375,28.54041290283203,18.932037353515625,22.319488525390625
1781099296767544000,60.2075439453125,28.879371643066406,18.794845581054688,22.12594223022461
1781099296792619000,60.232618896484375,28.977699279785156,19.091476440429688,21.941280364990234
1781099296817695000,60.257695068359375,29.50567626953125,19.088729858398438,21.570755004882812
1781099296842771000,60.28277099609375,31.271163940429688,19.802719116210938,13.387557983398438
1781099296867846000,60.307845947265626,31.61981964111328,19.561569213867188,13.16571044921875
1781099296892921900,60.332921875,32.218727111816406,19.323883056640625,12.91366958618164
1781099296917996800,60.35799682617188,32.642051696777344,19.461395263671875,12.75421142578125
1781099296943073000,60.38307299804688,33.19096374511719,19.25811767578125,12.78216552734375
1781099296968149000,60.40814892578125,33.33497619628906,19.006759643554688,12.591331481933594
1781099296993224000,60.43322387695312,33.52789306640625,18.6475830078125,12.022075653076172
1781099297018300400,60.45830053710937,33.4224853515625,18.295989990234375,11.613555908203125
1781099297043375600,60.48337573242188,33.658843994140625,18.346755981445312,11.186321258544922
1781099297068451300,60.508451416015625,33.589385986328125,18.360977172851562,10.3089599609375
1781099297093526300,60.5335263671875,33.862876892089844,18.580291748046875,10.029296875
1781099297118602500,60.5586025390625,37.173744201660156,22.328163146972656,10.216361999511719
1781099297143678500,60.583678466796876,37.04045104980469,22.75231170654297,9.827003479003906
1781099297168753400,60.60875341796875,36.778968811035156,23.34484100341797,9.403091430664062
1781099297193829600,60.63382958984375,36.514739990234375,23.79442596435547,8.750900268554688
1781099297218904600,60.65890454101562,36.9971923828125,23.757652282714844,8.081367492675781
1781099297243980300,60.68398022460938,37.45683288574219,23.95696258544922,7.8539581298828125
1781099297269056500,60.70905639648438,36.98028564453125,23.924232482910156,7.651092529296875
1781099297294131500,60.73413134765625,37.36719512939453,23.771690368652344,7.7645416259765625
1781099297319207400,60.75920751953125,37.55450439453125,23.83509063720703,7.6304779052734375
1781099297344282400,60.784282470703126,38.43524169921875,23.581993103027344,7.40533447265625
1781099297369358600,60.809358642578125,38.683929443359375,23.44904327392578,6.997978210449219
1781099297394434600,60.8344345703125,38.810577392578125,22.88416290283203,6.641448974609375
1781099297419509500,60.85950952148438,38.46863555908203,22.64916229248047,6.221260070800781
1781099297444585500,60.88458544921875,38.08905029296875,22.239356994628906,5.9002227783203125
1781099297469660400,60.90966040039063,37.40892028808594,21.939674377441406,5.5962371826171875
1781099297494736400,60.934736328125,36.99372100830078,21.68512725830078,5.806053161621094
1781099297519812400,60.959812255859376,35.93706512451172,23.636940002441406,5.021675109863281
1781099297544887600,60.98488745117187,35.321075439453125,23.72362518310547,5.039649963378906
1781099297569963500,61.00996362304687,35.3463134765625,24.16661834716797,5.535118103027344
1781099297595038500,61.03503857421875,35.589111328125,24.10120391845703,5.752311706542969
1781099297620114700,61.06011474609375,35.33123779296875,23.98088836669922,6.143943786621094
1781099297645190400,61.0851904296875,35.35700225830078,23.994728088378906,6.158058166503906
1781099297670265300,61.110265380859374,35.730567932128906,23.734230041503906,6.4787445068359375
1781099297695341300,61.13534130859375,36.122764587402344,23.322792053222656,6.875755310058594
1781099297720416500,61.16041650390625,36.476829528808594,22.92749786376953,6.739173889160156
1781099297745492500,61.185492431640625,36.85210418701172,22.42443084716797,6.9117889404296875
1781099297770567400,61.2105673828125,36.724578857421875,22.36975860595703,6.774360656738281
1781099297795643600,61.2356435546875,36.91752624511719,22.11998748779297,6.465110778808594
1781099297820719400,61.26071923828125,37.156951904296875,21.787391662597656,6.2327880859375
1781099297845794600,61.28579467773437,37.02375793457031,21.578941345214844,6.090919494628906
1781099297870870300,61.31087036132813,36.4307861328125,21.270339965820312,6.072471618652344
1781099297895945500,61.335945556640624,36.399253845214844,21.28368377685547,6.20904541015625
1781099297921021400,61.361021484375,35.92506408691406,21.31017303466797,6.6164093017578125
1781099297946097400,61.38609741210937,33.07532501220703,21.46570587158203,7.097633361816406
1781099297971172600,61.411172607421875,33.135963439941406,21.55437469482422,7.433319091796875
1781099297996248600,61.43624853515625,32.13691711425781,21.62915802001953,7.728271484375
1781099298021323800,61.46132373046875,32.01568603515625,21.783348083496094,7.970733642578125
1781099298046399500,61.4863994140625,31.524810791015625,21.39844512939453,8.684944152832031
1781099298071475500,61.511475341796874,31.454811096191406,21.195175170898438,8.859664916992188
1781099298096550700,61.53655053710938,31.196014404296875,21.14349365234375,9.303352355957031
1781099298121626600,61.56162670898438,31.057907104492188,20.919692993164062,9.425987243652344
1781099298146701600,61.58670166015625,31.24749755859375,20.806777954101562,9.889640808105469
1781099298171777500,61.61177758789062,31.17010498046875,21.066558837890625,10.361804962158203
1781099298196853800,61.63685375976563,31.473724365234375,21.78240203857422,10.587276458740234
1781099298221928700,61.6619287109375,31.112998962402344,22.55040740966797,10.751564025878906
1781099298247004400,61.68700439453125,31.370933532714844,22.89142608642578,10.860549926757812
1781099298272079400,61.712079345703124,31.6253662109375,23.589317321777344,10.575267791748047
1781099298297155600,61.737155517578124,32.123756408691406,23.75164031982422,10.310752868652344
1781099298322231600,61.7622314453125,32.75312805175781,23.87525177001953,9.832481384277344
1781099298347306500,61.787306396484375,29.388259887695312,23.590255737304688,9.0830078125
1781099298372382700,61.8123828125,29.946044921875,24.076278686523438,8.982917785644531
1781099298397457700,61.83745776367188,30.12506866455078,24.48126220703125,8.941421508789062
1781099298422533600,61.86253369140625,30.209762573242188,24.432876586914062,8.737205505371094
1781099298447609600,61.887609619140626,30.146072387695312,24.970077514648438,8.608139038085938
1781099298472684500,61.9126845703125,30.077423095703125,24.865631103515625,8.271598815917969
1781099298497760500,61.93776049804688,30.42652130126953,24.926132202148438,7.773590087890625
1781099298522835500,61.96283544921875,30.399993896484375,25.08740234375,7.337699890136719
1781099298547911700,61.98791162109375,30.72173309326172,25.032424926757812,6.9095611572265625
1781099298572986600,62.012986572265625,30.805389404296875,25.156814575195312,6.6605072021484375
1781099298598062600,62.0380625,30.94416046142578,25.090301513671875,6.327522277832031
1781099298623138600,62.063138671875,31.02545928955078,25.072189331054688,6.02728271484375
1781099298648213500,62.088213623046876,30.90282440185547,25.365020751953125,5.795341491699219
1781099298673289500,62.11328955078125,30.726051330566406,25.2564697265625,5.528938293457031
1781099298698364400,62.13836450195313,30.804527282714844,25.31500244140625,5.177803039550781
1781099298723440600,62.16344067382813,30.93132781982422,25.215591430664062,4.96484375
1781099298748516600,62.1885166015625,35.99144744873047,23.510848999023438,6.956298828125
1781099298773591600,62.21359155273438,36.206871032714844,23.248199462890625,6.946205139160156
1781099298798667800,62.23866772460938,35.860382080078125,22.654922485351562,6.820335388183594
1781099298823742700,62.26374267578125,35.68182373046875,22.508438110351562,7.202880859375
1781099298848818400,62.288818359375,35.203392028808594,22.377639770507812,7.675285339355469
1781099298873894700,62.31389477539062,35.506622314453125,22.276260375976562,8.00439453125
1781099298898969600,62.338969482421874,34.80840301513672,21.880783081054688,8.392005920410156
1781099298924045600,62.36404565429687,34.52478790283203,21.882675170898438,8.95611572265625
1781099298949120500,62.38912060546875,34.687660217285156,22.302886962890625,9.169784545898438
1781099298974196700,62.41419677734375,34.89093017578125,22.339218139648438,9.193595886230469
1781099298999272700,62.439272705078125,35.09033966064453,22.59454345703125,9.429244995117188
1781099299024347600,62.46434765625,35.624000549316406,22.639602661132812,9.194351196289062
1781099299049423400,62.48942333984375,35.46123504638672,22.994873046875,9.108650207519531
1781099299074498300,62.51449829101563,35.55601501464844,23.2276611328125,8.768714904785156
1781099299099574500,62.53957446289063,35.42918395996094,23.185760498046875,8.515937805175781
1781099299124650500,62.564650390625,35.49681854248047,22.838958740234375,8.330894470214844
1781099299149725400,62.58972534179688,35.45439147949219,22.793121337890625,8.334548950195312
1781099299174801400,62.61480151367188,34.40995788574219,23.456314086914062,7.748130798339844
1781099299199876600,62.639876708984374,34.42170715332031,23.52740478515625,7.75799560546875
1781099299224952600,62.66495263671875,34.72105407714844,23.854522705078125,7.6241912841796875
1781099299250028300,62.6900283203125,34.27311706542969,24.515457153320312,7.2543792724609375
1781099299275103500,62.715103515625,34.25135040283203,24.887939453125,7.184272766113281
1781099299300179500,62.740179443359374,34.407958984375,25.081451416015625,6.911163330078125
1781099299325254400,62.76525439453125,34.81177520751953,25.297836303710938,6.637237548828125
1781099299350330400,62.790330322265625,34.89714050292969,25.520217895507812,6.497314453125
1781099299375405600,62.81540551757813,35.19551086425781,25.483612060546875,6.318267822265625
1781099299400481500,62.8404814453125,35.58893585205078,25.52032470703125,6.08673095703125
1781099299425557200,62.86555712890625,35.944091796875,25.701324462890625,5.6363067626953125
1781099299450632400,62.89063256835937,35.99421691894531,25.524322509765625,5.131134033203125
1781099299475708400,62.91570849609375,36.31697082519531,24.743026733398438,4.499305725097656
1781099299500783400,62.94078344726562,36.18499755859375,24.21002197265625,4.194145202636719
1781099299525859300,62.965859375,35.93340301513672,23.759414672851562,4.3177032470703125
1781099299550935600,62.990935546875,35.838829040527344,23.091140747070312,4.441741943359375
1781099299576010500,63.016010498046874,37.31646728515625,20.97563934326172,4.988624572753906
1781099299601086500,63.04108642578125,37.35508728027344,20.695960998535156,5.0505218505859375
1781099299626161700,63.06616162109375,37.0338134765625,20.510231018066406,5.1582794189453125
1781099299651237400,63.0912373046875,36.812355041503906,20.52033233642578,5.592475891113281
1781099299676313300,63.116313232421874,36.49396514892578,20.496253967285156,5.668418884277344
1781099299701388300,63.14138818359375,36.27386474609375,20.127296447753906,5.747581481933594
1781099299726464500,63.16646459960938,35.906944274902344,19.811927795410156,5.9250640869140625
1781099299751539500,63.19153955078125,35.56793212890625,19.544517517089844,6.108314514160156
1781099299776615400,63.21661547851563,35.674720764160156,20.048683166503906,6.545013427734375
1781099299801691600,63.24169165039063,35.32433319091797,20.231361389160156,6.770263671875
1781099299826766600,63.2667666015625,35.34862518310547,20.261268615722656,6.998847961425781
1781099299851842300,63.29184228515625,35.184295654296875,20.41309356689453,7.0902557373046875
1781099299876917200,63.31691723632812,35.75755310058594,20.495338439941406,7.318702697753906
1781099299901993500,63.34199340820312,36.11558532714844,20.327659606933594,7.263969421386719
1781099299927069400,63.3670693359375,36.92558288574219,20.07001495361328,7.0877532958984375
1781099299952144400,63.392144287109375,37.19856262207031,19.749305725097656,7.103538513183594
1781099299977220600,63.417220703125,37.4580078125,19.156639099121094,6.8612213134765625
1781099300002295600,63.44229565429688,36.4600830078125,19.401626586914062,8.67913818359375
1781099300027371000,63.46737109375,36.78563690185547,19.236610412597656,9.0855712890625
1781099300052446700,63.49244677734375,36.662689208984375,18.91136932373047,9.57977294921875
1781099300077522000,63.51752197265625,36.66107177734375,18.547927856445312,9.829536437988281
1781099300102598000,63.542597900390625,36.86487579345703,17.89527130126953,10.278709411621094
1781099300127672800,63.5676728515625,36.692665100097656,17.54547119140625,10.503890991210938
1781099300152749000,63.5927490234375,36.54557800292969,16.949600219726562,10.617881774902344
1781099300177825000,63.617824951171876,36.216339111328125,16.964950561523438,10.489898681640625
1781099300202900000,63.64289990234375,35.95257568359375,16.957603454589844,10.619613647460938
1781099300227976000,63.66797583007813,35.06614685058594,16.989479064941406,10.692176818847656
1781099300253051100,63.69305102539062,29.426712036132812,18.08405303955078,11.835823059082031
1781099300278126800,63.718126953125,28.65973663330078,18.201278686523438,11.708473205566406
1781099300303202800,63.74320288085938,28.15203857421875,18.29461669921875,11.91156005859375
1781099300328278000,63.768278076171875,28.010101318359375,18.896141052246094,11.628616333007812
1781099300353354000,63.79335400390625,28.087608337402344,18.891799926757812,11.655570983886719
1781099300378429000,63.818428955078126,28.314132690429688,18.99341583251953,11.627288818359375
1781099300403505000,63.8435048828125,27.803810119628906,19.40900421142578,11.641242980957031
1781099300428581000,63.8685810546875,27.559593200683594,19.634841918945312,11.610710144042969
1781099300453656000,63.89365600585938,27.366844177246094,19.55841827392578,11.649566650390625
1781099300478731800,63.918731689453125,27.388137817382812,19.71141815185547,11.757896423339844
1781099300503807000,63.94380688476563,27.603729248046875,19.42889404296875,11.773269653320312
1781099300528883000,63.96888305664063,27.564651489257812,19.47612762451172,12.241714477539062
1781099300553959000,63.993958984375,27.90239715576172,19.667762756347656,12.455970764160156
1781099300579033900,64.01903393554687,28.270294189453125,19.732635498046875,12.613113403320312
1781099300604110000,64.04411010742187,27.108421325683594,20.761581420898438,8.439369201660156
1781099300629185000,64.06918505859375,27.13707733154297,20.34368896484375,8.497306823730469
1781099300654261000,64.09426098632812,27.01006317138672,19.984840393066406,8.223503112792969
1781099300679337000,64.1193369140625,26.889495849609375,19.271011352539062,8.543251037597656
1781099300704412000,64.14441186523437,26.888778686523438,19.202003479003906,8.634407043457031
1781099300729488000,64.16948779296875,26.657249450683594,18.789443969726562,9.262763977050781
1781099300754562800,64.19456274414063,26.558242797851562,18.522239685058594,9.45538330078125
1781099300779639000,64.21963916015625,26.66461944580078,18.65673828125,9.871322631835938
1781099300804715000,64.24471508789063,26.67790985107422,18.959877014160156,10.688663482666016
1781099300829790000,64.2697900390625,26.465965270996094,18.81836700439453,11.00909423828125
1781099300854866000,64.29486596679688,26.680137634277344,19.073394775390625,11.545841217041016
1781099300879940900,64.31994091796875,26.781570434570312,19.3756103515625,11.794792175292969
1781099300905016800,64.34501684570313,26.759307861328125,19.537078857421875,12.222320556640625
1781099300930093000,64.37009301757813,27.20140838623047,19.544937133789062,12.378360748291016
1781099300955168000,64.39516796875,26.692153930664062,22.23857879638672,13.399089813232422
1781099300980244000,64.42024389648438,27.078460693359375,22.670745849609375,13.532520294189453
1781099301005319400,64.4453193359375,27.2855224609375,23.11376190185547,13.745689392089844
1781099301030395400,64.4703955078125,27.86750030517578,23.10334014892578,13.896663665771484
1781099301055471400,64.49547143554688,28.272476196289062,23.098655700683594,13.968189239501953
1781099301080546300,64.52054638671875,28.55292510986328,22.946876525878906,14.045982360839844
1781099301105622300,64.54562231445313,28.441383361816406,23.095741271972656,14.340435028076172
1781099301130697500,64.57069750976562,28.89020538330078,23.39624786376953,14.110233306884766
1781099301155773400,64.5957734375,29.526992797851562,23.504409790039062,13.938270568847656
1781099301180849400,64.62084936523438,29.673751831054688,23.282379150390625,13.971115112304688
1781099301205924400,64.64592431640625,29.000106811523438,23.04462432861328,13.788455963134766
1781099301231000300,64.67100024414063,28.615623474121094,22.936614990234375,14.093170166015625
1781099301256075300,64.6960751953125,27.869491577148438,23.902305603027344,12.28359603881836
1781099301281151200,64.72115112304688,27.831138610839844,23.954261779785156,12.62786865234375
1781099301306227500,64.7462275390625,28.131256103515625,24.06805419921875,12.964134216308594
1781099301331302400,64.77130249023438,28.542984008789062,24.310043334960938,13.208885192871094
1781099301356378400,64.79637841796875,29.284500122070312,24.69178009033203,13.348892211914062
1781099301381453300,64.82145336914063,29.733108520507812,24.921401977539062,13.215293884277344
1781099301406529500,64.84652954101563,30.079429626464844,25.226760864257812,12.750831604003906
1781099301431605200,64.87160522460937,31.119949340820312,25.319923400878906,12.822822570800781
1781099301456680200,64.89668017578126,31.500152587890625,25.197113037109375,12.753948211669922
1781099301481756400,64.92175634765626,30.868499755859375,26.50567626953125,8.915878295898438
1781099301506831400,64.94683129882813,31.221466064453125,26.291244506835938,8.520439147949219
1781099301531907300,64.9719072265625,31.979522705078125,25.738922119140625,8.555549621582031
1781099301556983600,64.99698364257813,32.32710266113281,25.70661163330078,8.49941635131836
1781099301582058500,65.02205859375,32.32707214355469,25.378402709960938,8.648914337158203
1781099301607134500,65.04713452148438,32.22599792480469,25.371665954589844,8.936798095703125
1781099301632209400,65.07220947265625,32.211219787597656,25.501365661621094,9.16360855102539
1781099301657285400,65.09728540039063,32.63658142089844,25.658470153808594,9.699638366699219
1781099301682361300,65.122361328125,32.99183654785156,25.511497497558594,9.884746551513672
1781099301707436300,65.14743627929687,34.004066467285156,25.444923400878906,9.739368438720703
1781099301732512500,65.17251245117187,35.04554748535156,25.269676208496094,9.569602966308594
1781099301757587500,65.19758740234376,35.474151611328125,24.89057159423828,9.192211151123047
1781099301782663400,65.22266333007812,35.6922607421875,24.442672729492188,9.148117065429688
1781099301807739100,65.2477392578125,35.479164123535156,23.90819549560547,8.734630584716797
1781099301832814300,65.272814453125,35.80781555175781,23.08112335205078,8.636341094970703
1781099301857890300,65.29789038085937,35.69860076904297,22.775291442871094,8.842975616455078
1781099301882965200,65.32296533203125,37.897010803222656,24.57801055908203,9.259235382080078
1781099301908041500,65.34804150390624,37.63751983642578,24.665191650390625,9.365829467773438
1781099301933117400,65.37311743164062,37.50518035888672,24.52008056640625,9.19174575805664
1781099301958192400,65.3981923828125,37.323997497558594,24.613380432128906,9.346752166748047
1781099301983268400,65.42326831054687,36.757850646972656,24.673843383789062,9.338851928710938
1781099302008343300,65.44834326171875,36.449615478515625,25.18115997314453,9.3504638671875
1781099302033419000,65.4734189453125,36.4306640625,25.153839111328125,9.154640197753906
1781099302058495000,65.49849487304688,36.655296325683594,25.166297912597656,8.942764282226562
1781099302083570200,65.52357006835938,36.93373107910156,25.29712677001953,8.549808502197266
1781099302108646100,65.54864624023438,37.50904083251953,25.291412353515625,7.825691223144531
1781099302133721000,65.57372119140625,37.657676696777344,24.890182495117188,7.42254638671875
1781099302158797000,65.59879711914063,37.97016906738281,24.50982666015625,6.844318389892578
1781099302183873300,65.62387329101563,37.87586975097656,24.248634338378906,6.100643157958984
1781099302208948200,65.6489482421875,39.573974609375,23.33525848388672,4.716255187988281
1781099302234024000,65.67402392578126,39.23155975341797,23.333702087402344,4.472221374511719
1781099302259099000,65.69909887695313,38.88743591308594,23.356674194335938,4.606758117675781
1781099302284175000,65.72417504882813,38.67582702636719,23.788658142089844,4.916893005371094
1781099302309251000,65.7492509765625,38.75959014892578,23.861366271972656,5.05963134765625
1781099302334326000,65.77432592773438,38.65160369873047,24.399513244628906,4.644744873046875
1781099302359402200,65.79940234375,38.872802734375,24.601646423339844,4.054008483886719
1781099302384477200,65.82447729492188,39.1171875,24.964881896972656,3.8784103393554688
1781099302409553200,65.84955322265625,38.842018127441406,24.787452697753906,3.3296051025390625
1781099302434628000,65.87462817382813,39.069480895996094,24.69245147705078,3.3085174560546875
1781099302459704000,65.8997041015625,39.278961181640625,24.361778259277344,3.23284912109375
1781099302484780000,65.92478002929687,39.11958312988281,24.328895568847656,3.3151321411132812
1781099302509855000,65.94985498046876,39.99583435058594,24.462051391601562,3.5400772094726562
1781099302534931200,65.97493115234376,40.123313903808594,24.512359619140625,3.4870071411132812
1781099302560006100,66.00000610351563,40.48131561279297,24.467681884765625,3.6097259521484375
1781099302585082000,66.02508203125,41.33892059326172,23.919097900390625,2.3151626586914062
1781099302610158000,66.05015795898437,41.37305450439453,23.943588256835938,2.2624359130859375
1781099302635233300,66.0752333984375,41.997962951660156,23.633071899414062,2.13214111328125
1781099302660309000,66.10030908203125,42.45343017578125,23.304710388183594,1.9324111938476562
1781099302685384000,66.12538403320312,42.75531005859375,22.524070739746094,1.6653823852539062
1781099302710460200,66.15046020507812,43.38233947753906,22.0350341796875,1.60101318359375
1781099302735536000,66.1755361328125,43.56855010986328,21.572662353515625,1.5542678833007812
1781099302760611000,66.20061108398437,43.60101318359375,20.511146545410156,1.699371337890625
1781099302785687300,66.22568725585937,43.19579315185547,19.944053649902344,2.0234909057617188
1781099302810762200,66.25076220703124,42.35182189941406,19.14855194091797,2.6082611083984375
1781099302835838000,66.275837890625,42.160369873046875,18.59827423095703,2.9128494262695312
1781099302860914200,66.3009140625,41.38909912109375,17.970657348632812,3.7130508422851562
1781099302885989000,66.32598901367187,41.370849609375,17.838104248046875,4.18548583984375
1781099302911065000,66.35106518554687,40.96440124511719,17.832191467285156,4.835655212402344
1781099302936140000,66.37614013671875,40.94300079345703,17.73126220703125,5.578151702880859
1781099302961216300,66.40121630859375,40.85759735107422,17.95490264892578,5.985630035400391
1781099302986292200,66.42629223632812,40.62739562988281,18.432716369628906,6.741172790527344
1781099303011367700,66.45136767578126,44.253684997558594,20.93291473388672,9.935466766357422
1781099303036443400,66.476443359375,43.995391845703125,21.341171264648438,10.285011291503906
1781099303061518300,66.50151831054687,44.1466064453125,22.17108917236328,10.434585571289062
1781099303086594600,66.52659448242187,44.83124542236328,23.242881774902344,10.868000030517578
1781099303111670500,66.55167041015625,45.300506591796875,23.699905395507812,10.939201354980469
1781099303136745500,66.57674536132812,46.54694366455078,24.09833526611328,11.108333587646484
1781099303161821700,66.60182177734374,47.67438507080078,24.807510375976562,10.768363952636719
1781099303186896600,66.62689672851562,48.85326385498047,24.94908905029297,10.616775512695312
1781099303211972400,66.65197241210937,50.7498779296875,25.028976440429688,9.839244842529297
1781099303237047600,66.67704760742187,52.27781295776367,24.556442260742188,9.278022766113281
1781099303262123500,66.70212353515625,53.93702697753906,23.280868530273438,8.665042877197266
1781099303287199500,66.72719946289062,54.9408073425293,22.043907165527344,8.041938781738281
1781099303312274400,66.7522744140625,55.605167388916016,20.825096130371094,7.5920867919921875
1781099303337350700,66.7773505859375,56.12052917480469,18.72637939453125,6.816810607910156
1781099303362425600,66.80242553710937,55.27055740356445,17.373931884765625,6.276557922363281
1781099303387501600,66.82750146484375,54.25909423828125,15.4931640625,5.8079071044921875
1781099303412577300,66.85257739257813,55.07589340209961,17.339866638183594,6.160697937011719
1781099303437652500,66.87765258789062,53.57566452026367,16.677963256835938,6.337371826171875
1781099303462728400,66.902728515625,52.89006805419922,16.444747924804688,6.3760833740234375
1781099303487803400,66.92780346679687,52.03215026855469,16.502151489257812,6.4909820556640625
1781099303512879600,66.95287963867187,51.21995544433594,16.729827880859375,6.195198059082031
1781099303537954600,66.97795458984375,51.21626281738281,17.189659118652344,6.0725250244140625
1781099303563030500,67.00303051757813,50.504478454589844,17.33325958251953,5.378593444824219
1781099303588106500,67.0281064453125,50.71721267700195,17.181190490722656,4.758598327636719
1781099303613181700,67.053181640625,49.655128479003906,16.540435791015625,3.885772705078125
1781099303638257400,67.07825732421875,48.789703369140625,16.52111053466797,3.3704757690429688
1781099303663332400,67.10333227539063,48.41741180419922,16.34980010986328,2.724273681640625
1781099303688408600,67.12840869140625,47.43498992919922,16.218177795410156,2.1989364624023438
1781099303713484500,67.15348461914063,46.928199768066406,16.394134521484375,1.8633193969726562
1781099303738559500,67.1785595703125,45.22728729248047,16.337890625,1.0475921630859375
1781099303763635500,67.20363549804688,44.791351318359375,16.372650146484375,0.6628494262695312
1781099303788710700,67.22871069335937,43.133399963378906,16.433792114257812,0.372344970703125
1781099303813786600,67.25378662109375,42.389747619628906,11.712196350097656,0.5252838134765625
1781099303838862300,67.2788623046875,40.688568115234375,11.796966552734375,0.39455413818359375
1781099303863937500,67.3039375,40.07183074951172,12.39215087890625,0.46796417236328125
1781099303889013500,67.32901342773438,38.799354553222656,13.432701110839844,0.8262939453125
1781099303914088400,67.35408837890625,37.218048095703125,13.822219848632812,0.6778182983398438
1781099303939164400,67.37916430664062,36.587928771972656,14.450950622558594,0.6536178588867188
1781099303964240600,67.40424072265625,35.632774353027344,15.387901306152344,0.689056396484375
1781099303989315600,67.42931567382813,35.32917022705078,15.891181945800781,0.5018844604492188
1781099304014391800,67.45439184570313,34.9742431640625,16.73394012451172,0.09747314453125
1781099304039466800,67.479466796875,34.63407897949219,17.31720733642578,-0.36455535888671875
1781099304064542700,67.50454272460938,34.45555114746094,18.24822998046875,-0.6538925170898438
1781099304089617700,67.52961767578125,33.9425048828125,18.912139892578125,-1.1492691040039062
1781099304114694000,67.55469384765625,33.98114776611328,19.40027618408203,-1.8931732177734375
1781099304139769900,67.57976977539063,33.75343322753906,19.839454650878906,-2.271697998046875
1781099304164844800,67.6048447265625,33.641754150390625,19.897071838378906,-2.8028030395507812
1781099304189921000,67.62992114257813,33.39024353027344,20.161766052246094,-2.9663314819335938
1781099304214996000,67.65499584960938,33.828575134277344,20.43389129638672,-3.2493820190429688
1781099304240071700,67.68007177734376,13.568130493164062,15.874427795410156,-5.211669921875
1781099304265148000,67.70514794921876,13.072616577148438,15.652320861816406,-5.0852508544921875
1781099304290222800,67.73022290039063,12.542594909667969,15.506317138671875,-4.8115386962890625
1781099304315298800,67.755298828125,11.813804626464844,15.616523742675781,-4.141326904296875
1781099304340373800,67.78037377929688,11.765632629394531,16.149139404296875,-3.4014053344726562
1781099304365450000,67.80544995117188,11.94940185546875,16.76807403564453,-2.7023086547851562
1781099304390525000,67.83052490234375,12.614059448242188,17.641746520996094,-2.2592544555664062
1781099304415601000,67.85560083007813,13.392227172851562,18.49248504638672,-1.87725830078125
1781099304440676900,67.8806767578125,14.102401733398438,18.56383514404297,-1.59490966796875
1781099304465751800,67.90575170898437,15.169731140136719,18.665428161621094,-1.846923828125
1781099304490827800,67.93082788085937,15.921806335449219,18.568756103515625,-1.7017593383789062
1781099304515902700,67.95590283203126,16.263755798339844,18.54560089111328,-1.7007522583007812
1781099304540979000,67.98097900390626,16.808189392089844,18.980056762695312,-1.731414794921875
1781099304566055000,68.00605493164062,17.53802490234375,19.067726135253906,-1.7356948852539062
1781099304591129900,68.0311298828125,17.596282958984375,19.267799377441406,-1.894744873046875
1781099304616205800,68.05620581054687,17.554771423339844,19.344436645507812,-1.9989089965820312
1781099304641280800,68.08128076171874,16.918968200683594,20.96575927734375,-4.193870544433594
1781099304666356700,68.10635668945312,16.864601135253906,20.8951416015625,-4.358100891113281
1781099304691431700,68.131431640625,17.24810791015625,20.96746826171875,-4.456939697265625
1781099304716508000,68.1565078125,17.87419891357422,21.298965454101562,-4.383064270019531
1781099304741584000,68.181583984375,17.89447021484375,21.456832885742188,-4.543243408203125
1781099304766658800,68.20665893554687,18.161949157714844,21.878494262695312,-4.436607360839844
1781099304791735000,68.23173510742187,18.27667999267578,22.046493530273438,-4.501762390136719
1781099304816810000,68.25681005859374,19.10968780517578,22.449508666992188,-4.916069030761719
1781099304841885700,68.2818857421875,19.251991271972656,22.673004150390625,-5.309577941894531
1781099304866961700,68.30696166992188,19.656227111816406,22.854454040527344,-5.6216278076171875
1781099304892036900,68.33203686523437,19.897354125976562,23.073509216308594,-6.024162292480469
1781099304917112800,68.35711279296875,20.63707733154297,23.406578063964844,-6.3909912109375
1781099304942187800,68.38218774414062,21.223098754882812,23.807220458984375,-7.63739013671875
1781099304967264000,68.40726391601562,21.946311950683594,23.9354248046875,-8.476165771484375
1781099304992339000,68.4323388671875,23.017295837402344,23.66333770751953,-10.2117919921875
1781099305017414700,68.45741455078125,23.7235107421875,23.07648468017578,-11.029052734375
1781099305042490600,68.48249072265625,24.022727966308594,21.635589599609375,-12.432075500488281
1781099305067565600,68.50756567382813,-3.2812118530273438,23.842803955078125,-17.185810089111328
1781099305092641500,68.5326416015625,-3.9789199829101562,22.77259063720703,-17.618450164794922
1781099305117716500,68.55771655273438,-5.095314025878906,21.446731567382812,-17.729076385498047
1781099305142792700,68.58279272460938,-5.821235656738281,20.578636169433594,-17.529224395751953
1781099305167868700,68.60786865234375,-6.101524353027344,19.637962341308594,-16.734249114990234
1781099305192943600,68.63294360351563,-6.535194396972656,18.95458984375,-16.13449478149414
1781099305218019800,68.65801977539063,-6.3619384765625,18.278770446777344,-15.138355255126953
1781099305243094800,68.6830947265625,-7.14605712890625,17.685638427734375,-14.33139419555664
1781099305268170500,68.70817041015626,-7.656333923339844,16.98876190185547,-13.834148406982422
1781099305293245400,68.73324536132813,-7.252227783203125,16.647872924804688,-13.335330963134766
1781099305318321700,68.75832177734375,-7.481880187988281,16.101303100585938,-13.21450424194336
1781099305343397600,68.78339770507813,-7.4565887451171875,15.274749755859375,-12.748111724853516
1781099305368472600,68.80847265625,-7.726921081542969,14.526741027832031,-12.481021881103516
1781099305393548800,68.833548828125,-7.960472106933594,13.959785461425781,-11.92801284790039
1781099305418623700,68.85862377929688,-7.842597961425781,13.360771179199219,-11.740482330322266
1781099305443699700,68.88369970703125,-8.041030883789062,12.331001281738281,-11.519062042236328
1781099305468774700,68.90877465820313,-3.6087722778320312,9.248008728027344,-15.429882049560547
1781099305493850600,68.9338505859375,-3.90673828125,8.543342590332031,-15.135944366455078
1781099305518926600,68.95892651367187,-4.573280334472656,7.423675537109375,-14.17049789428711
1781099305544001500,68.98400146484374,-4.866844177246094,7.185249328613281,-13.314090728759766
1781099305569077800,69.00907788085938,-5.691581726074219,6.458282470703125,-12.410709381103516
1781099305594152700,69.03415258789063,-5.682090759277344,6.060386657714844,-11.798900604248047
1781099305619228700,69.05922875976563,-6.271049499511719,5.8338775634765625,-10.832012176513672
1781099305644304600,69.0843046875,-6.405647277832031,5.3278045654296875,-10.325214385986328
1781099305669379600,69.10937963867187,-6.937095642089844,5.3604888916015625,-9.495479583740234
1781099305694455600,69.13445556640625,-7.2538604736328125,5.3654937744140625,-9.04977798461914
1781099305719530500,69.15953051757812,-7.940498352050781,5.169929504394531,-8.82796859741211
1781099305744606700,69.18460668945312,-8.3853759765625,4.9736328125,-9.127147674560547
1781099305769681700,69.209681640625,-9.049476623535156,4.666404724121094,-9.096317291259766
1781099305794757600,69.23475756835937,-9.88470458984375,4.070594787597656,-9.07651138305664
1781099305819833600,69.25983349609375,-10.922752380371094,3.7349014282226562,-9.141475677490234
1781099305844908800,69.28490869140624,-12.713447570800781,3.2305755615234375,-8.767925262451172
1781099305869984500,69.30998461914062,-14.428260803222656,3.1557388305664062,-8.52901840209961
1781099305895059700,69.33505981445313,-34.2747688293457,4.8363800048828125,-23.67798614501953
1781099305920135700,69.3601357421875,-36.834964752197266,4.974113464355469,-22.914222717285156
1781099305945210600,69.38521069335937,-38.7152214050293,5.260536193847656,-22.3406982421875
1781099305970286600,69.41028662109375,-41.44431686401367,7.060615539550781,-20.646881103515625
1781099305995362600,69.43536254882812,-42.78566360473633,8.408760070800781,-19.527690887451172
1781099306020437200,69.46043725585938,-44.014835357666016,11.412422180175781,-17.975383758544922
1781099306045513200,69.48551318359375,-43.603328704833984,13.572601318359375,-16.868785858154297
1781099306070588200,69.51058813476563,-42.7548942565918,15.573005676269531,-16.349971771240234
1781099306095664400,69.53566430664063,-39.99530792236328,22.776199340820312,-46.39643859863281
1781099306120740000,69.56073999023438,-37.93634796142578,23.664306640625,-46.51565170288086
1781099306145815000,69.58581494140626,-35.110107421875,24.40064239501953,-47.239715576171875
1781099306170891300,69.61089135742188,-33.912208557128906,24.654335021972656,-47.84764099121094
1781099306195966200,69.63596630859375,-32.092613220214844,24.403167724609375,-48.48334884643555
1781099306221042200,69.66104223632813,-21.950180053710938,-18.220359802246094,-20.21407699584961
1781099306246117000,69.6861171875,-20.103424072265625,-18.550926208496094,-20.82669448852539
1781099306271193300,69.711193359375,-19.129295349121094,-19.178688049316406,-20.999755859375
1781099306296269000,69.73626904296874,-17.983871459960938,-19.871063232421875,-21.094898223876953
1781099306321344300,69.76134423828125,-17.277923583984375,-20.6549072265625,-21.02499771118164
1781099306346420200,69.78642016601563,-16.254745483398438,-21.505165100097656,-20.92438507080078
1781099306371495200,69.8114951171875,-15.549385070800781,-22.800704956054688,-20.673938751220703
1781099306396571100,69.83657104492187,-15.241439819335938,-23.68182373046875,-20.56839370727539
1781099306421646000,69.86164599609376,-31.606014251708984,-50.87068176269531,3.7914390563964844
1781099306446722300,69.88672241210938,-31.603084564208984,-51.36719512939453,4.116016387939453
1781099306471798300,69.91179833984376,-31.950603485107422,-51.970008850097656,4.730537414550781
1781099306496873200,69.93687329101563,-32.178707122802734,-52.667762756347656,5.637611389160156
1781099306521949200,69.96194921875,-31.81209945678711,-52.63163757324219,6.135547637939453
1781099306547024100,69.98702416992188,-31.67630386352539,-53.16114807128906,6.634574890136719
1781099306572100000,70.01210009765624,-31.179126739501953,-53.406944274902344,6.535381317138672
1781099306597176300,70.03717626953124,5.591827392578125,-13.287712097167969,14.530982971191406
1781099306622251300,70.06225122070313,5.04486083984375,-13.777488708496094,14.581111907958984
1781099306647327200,70.0873271484375,4.864349365234375,-14.946136474609375,15.211322784423828
1781099306672402200,70.11240209960937,14.344635009765625,-14.254707336425781,15.79946517944336
1781099306697478400,70.137478515625,14.243949890136719,-14.802726745605469,16.159198760986328
1781099306722553300,70.16255322265626,14.126129150390625,-14.889877319335938,16.694915771484375
1781099306747629000,70.18762915039062,13.7991943359375,-14.872940063476562,17.49927520751953
1781099306772705300,70.21270532226562,23.846595764160156,-16.796859741210938,18.997581481933594
1781099306797780200,70.2377802734375,23.668983459472656,-16.86871337890625,19.60396957397461
1781099306822856200,70.26285620117187,26.400863647460938,-18.282508850097656,19.14571762084961
1781099306847931100,70.28793115234375,26.12102508544922,-18.5704345703125,19.161102294921875
1781099306873007400,70.31300732421874,26.026527404785156,-18.73271942138672,19.62472915649414
1781099306898082300,70.33808227539062,24.755081176757812,-18.25664520263672,20.472457885742188
1781099306923158300,70.363158203125,28.61438751220703,-17.29497528076172,27.465946197509766
1781099306948234200,70.38823413085937,27.128494262695312,-15.784889221191406,29.27170181274414
1781099306973309200,70.41330908203125,31.036392211914062,-14.493606567382812,33.715911865234375
1781099306998385200,70.43838525390625,33.185142517089844,-14.175758361816406,33.3939094543457
1781099307023460000,70.46346020507812,34.38331604003906,-13.613662719726562,32.24045944213867
1781099307048536300,70.48853637695312,30.388031005859375,-8.719818115234375,35.23420715332031
1781099307073611300,70.513611328125,26.59662628173828,-7.809913635253906,36.6331901550293
1781099307098687200,70.53868725585937,27.01026153564453,-6.3490753173828125,36.61443328857422
1781099307123763200,70.56376318359375,30.96027374267578,-8.370826721191406,34.48549270629883
1781099307148838400,70.58883837890625,32.63446807861328,-8.295028686523438,34.4848518371582
1781099307173914000,70.6139140625,32.60923767089844,-8.359207153320312,35.23308181762695
1781099307198989000,70.63898901367187,31.774261474609375,-8.66619873046875,35.94331359863281
1781099307224065300,70.66406518554687,31.893997192382812,-7.849861145019531,36.43877029418945
1781099307249140200,70.68914013671875,32.797401428222656,-7.126983642578125,36.05559539794922
1781099307274216200,70.71421630859375,33.612098693847656,-6.460823059082031,35.51264953613281
1781099307299292400,70.73929248046875,33.899147033691406,-5.752571105957031,35.438297271728516
1781099307324367400,70.76436743164062,33.95097351074219,-5.0054168701171875,36.042457580566406
1781099307349443000,70.78944311523438,33.99922180175781,-4.6524505615234375,35.91427230834961
1781099307374518300,70.81451831054687,34.71257019042969,-3.98895263671875,35.57793426513672
1781099307399594200,70.83959423828125,34.811073303222656,-3.5620956420898438,35.079769134521484
1781099307424669200,70.86466918945312,34.02935791015625,-0.3457489013671875,37.68716812133789
1781099307449745200,70.8897451171875,34.143707275390625,0.8830642700195312,37.788455963134766
1781099307474821400,70.9148212890625,34.77973175048828,2.5535964965820312,37.098243713378906
1781099307499896300,70.93989624023438,35.80847930908203,3.425048828125,36.428043365478516
1781099307524972300,70.96497216796875,37.20085906982422,4.600151062011719,35.372196197509766
1781099307550047200,70.99004711914063,37.90947723388672,4.98095703125,34.730018615722656
1781099307575123200,71.01512329101563,39.44023132324219,5.686119079589844,33.7020378112793
1781099307600199200,71.04019921875,39.853858947753906,6.237632751464844,33.1893196105957
1781099307625274000,71.06527416992188,40.643043518066406,6.697113037109375,32.64728927612305
1781099307650350300,71.09035034179688,41.33501434326172,7.226226806640625,32.60222244262695
1781099307675425300,71.11542529296875,36.242942810058594,14.233268737792969,29.90215301513672
1781099307700501200,71.14050122070313,38.19322204589844,15.151924133300781,29.539249420166016
1781099307725576200,71.165576171875,40.108497619628906,15.681236267089844,29.24081802368164
1781099307750652400,71.19065234375,42.94279861450195,16.154136657714844,28.552112579345703
1781099307775728000,71.21572802734374,45.580379486083984,16.02515411376953,27.478713989257812
1781099307800803000,71.24080297851563,49.69329833984375,14.235061645507812,24.638286590576172
1781099307825879300,71.26587939453125,51.397945404052734,11.765029907226562,22.374618530273438
1781099307850954200,71.29095434570313,52.0379638671875,8.766830444335938,20.076026916503906
1781099307876030200,71.3160302734375,50.357688903808594,4.910400390625,18.043853759765625
1781099307901105200,71.34110522460938,48.000450134277344,2.9605331420898438,17.115646362304688
1781099307926181400,71.36618139648438,44.25733184814453,0.6832809448242188,16.756080627441406
1781099307951257300,71.39125732421876,-1.3339424133300781,25.928451538085938,-0.31262969970703125
1781099307976332300,71.41633227539063,-4.039264678955078,24.87298583984375,0.25710296630859375
1781099308001408300,71.441408203125,-5.795909881591797,24.46417999267578,0.35033416748046875
1781099308026483500,71.4664833984375,-7.598331451416016,24.25708770751953,1.2526092529296875
1781099308051559400,71.49155932617188,-8.967960357666016,23.6378173828125,1.656829833984375
1781099308076634400,71.51663427734375,-9.71859359741211,23.41356658935547,1.1880264282226562
1781099308101710600,71.54171069335938,-11.40291976928711,22.762985229492188,1.0394744873046875
1781099308126785500,71.56678564453125,-12.974933624267578,22.815467834472656,1.340057373046875
1781099308151861500,71.59186157226563,-14.396503448486328,23.638580322265625,1.5205535888671875
1781099308176937500,71.6169375,-15.70932388305664,24.435653686523438,1.8251876831054688
1781099308202012400,71.64201245117188,-10.060165405273438,13.507484436035156,9.102928161621094
1781099308227088400,71.66708837890624,-10.297706604003906,13.508369445800781,9.298995971679688
1781099308252163300,71.69216333007813,-10.328071594238281,13.228225708007812,9.471366882324219
1781099308277239600,71.71723950195313,-10.342689514160156,12.444412231445312,9.111862182617188
1781099308302314500,71.742314453125,-10.772010803222656,11.657890319824219,8.552589416503906
1781099308327390500,71.76739038085938,-12.27099609375,10.849098205566406,8.364891052246094
1781099308352466700,71.792466796875,-12.850845336914062,10.606521606445312,8.886444091796875
1781099308377541600,71.81754174804688,-14.632827758789062,10.011489868164062,9.498405456542969
1781099308402617300,71.84261743164062,-15.511520385742188,9.981834411621094,10.21466064453125
1781099308427692300,71.8676923828125,-18.923126220703125,25.629165649414062,15.993057250976562
1781099308452768500,71.8927685546875,-20.325584411621094,25.67877960205078,17.59210205078125
1781099308477844500,71.91784448242187,-21.365997314453125,26.26494598388672,18.209163665771484
1781099308502919400,71.94291943359374,-22.38928985595703,26.961509704589844,19.551433563232422
1781099308527995600,71.96799560546874,-23.416786193847656,27.241241455078125,20.57904815673828
1781099308553070600,71.99307055664063,-24.517372131347656,28.24250030517578,21.734046936035156
1781099308578146600,72.018146484375,-25.512283325195312,29.16547393798828,22.429813385009766
1781099308603221500,72.04322143554687,-26.813156127929688,31.129234313964844,23.669090270996094
1781099308628297500,72.06829736328125,-27.480247497558594,32.475440979003906,24.310543060302734
1781099308653373400,72.09337353515625,-46.9096565246582,9.370986938476562,29.311580657958984
1781099308678448400,72.11844848632812,-47.374263763427734,12.887413024902344,30.236255645751953
1781099308703524600,72.14352465820312,-46.325191497802734,15.515480041503906,30.66042709350586
1781099308728599600,72.168599609375,-44.92976760864258,19.249412536621094,30.710296630859375
1781099308753675500,72.19367553710937,-43.18351364135742,21.409866333007812,30.256427764892578
1781099308778750500,72.21875048828124,-40.17898941040039,23.272048950195312,29.06180191040039
1781099308803826700,72.24382666015624,2.0127334594726562,4.3084716796875,86.58180236816406
1781099308828901600,72.26890161132812,3.6567916870117188,4.4426116943359375,85.45781707763672
1781099308853977300,72.29397729492187,5.536872863769531,4.245574951171875,83.92666625976562
1781099308879053600,72.31905346679687,6.131172180175781,3.9811248779296875,83.25711059570312
1781099308904128500,72.34412841796875,6.6354522705078125,3.5806884765625,81.93588256835938
1781099308929204500,72.36920458984375,7.0137786865234375,3.17535400390625,81.17060089111328
1781099308954279400,72.39427954101562,7.485107421875,2.5381011962890625,80.21186828613281
1781099308979355600,72.41935571289062,7.602569580078125,1.870452880859375,79.72122955322266
1781099309004430600,72.4444306640625,7.3217010498046875,1.582733154296875,79.52558898925781
1781099309029507600,72.46950756835938,8.907089233398438,15.505462646484375,77.12083435058594
1781099309054583600,72.49458349609375,8.798721313476562,15.454116821289062,76.87000274658203
1781099309079658500,72.51965844726563,8.450271606445312,15.545272827148438,76.31291198730469
1781099309104734700,72.54473461914063,8.273880004882812,15.545608520507812,76.27226257324219
1781099309129809700,72.5698095703125,8.488227844238281,15.310150146484375,75.96220397949219
1781099309154885600,72.5948857421875,8.910736083984375,15.489212036132812,75.7803726196289
1781099309179960600,72.61996069335937,8.839874267578125,15.379745483398438,75.47488403320312
1781099309205036500,72.64503662109375,8.558753967285156,15.49456787109375,75.23468017578125
1781099309230112500,72.67011254882813,8.771659851074219,15.423324584960938,75.08233642578125
1781099309255187500,72.6951875,9.003959655761719,15.270736694335938,74.39778900146484
1781099309280263700,72.720263671875,8.801605224609375,14.794418334960938,74.34072875976562
1781099309305338600,72.74533862304688,8.411857604980469,14.548065185546875,74.19796752929688
1781099309330414600,72.77041455078125,8.044036865234375,14.423904418945312,73.93682098388672
1781099309355489500,72.79548950195313,7.244300842285156,14.349136352539062,74.05313110351562
1781099309380565800,72.82056567382813,7.015586853027344,13.9610595703125,74.24024200439453
1781099309405641500,72.84564135742187,6.8740692138671875,13.70172119140625,74.4485092163086
1781099309430716400,72.87071630859376,6.772125244140625,13.295951843261719,74.48512268066406
1781099309455792600,72.89579272460938,-2.1725006103515625,29.182708740234375,64.03783416748047
1781099309480867600,72.92086767578125,-2.7776641845703125,29.134979248046875,64.13327026367188
1781099309505943600,72.94594360351563,-3.0967483520507812,29.088401794433594,64.4086685180664
1781099309531018500,72.9710185546875,-3.6135025024414062,29.398605346679688,64.79703521728516
1781099309556094700,72.9960947265625,-3.4583282470703125,29.72747039794922,64.6906967163086
1781099309581169700,73.02116967773438,-3.6718215942382812,30.22071075439453,64.67180633544922
1781099309606245600,73.04624560546876,-4.013191223144531,30.534767150878906,64.62017822265625
1781099309631321600,73.07132153320312,-3.8212966918945312,30.933692932128906,64.92330932617188
1781099309656396500,73.096396484375,-3.6954574584960938,31.601661682128906,65.21105194091797
1781099309681472500,73.12147241210937,-3.0699386596679688,31.980369567871094,65.17961883544922
1781099309706547500,73.14654736328124,-1.867095947265625,31.99939727783203,65.55078887939453
1781099309731623700,73.17162377929688,-0.6877212524414062,31.94324493408203,65.3906478881836
1781099309756698600,73.19669873046875,0.5337600708007812,31.56633758544922,65.25679779052734
1781099309781774600,73.22177465820313,1.4962387084960938,31.373985290527344,65.10899353027344
1781099309806850600,73.2468505859375,1.464080810546875,30.733787536621094,64.9411392211914
1781099309831925500,73.27192553710937,1.743743896484375,29.630264282226562,64.80760192871094
1781099309857001500,73.29700146484375,-3.2740554809570312,14.514938354492188,61.632240295410156
1781099309882076400,73.32207641601562,-3.3672943115234375,13.6605224609375,61.90351867675781
1781099309907152600,73.34715258789062,-3.35870361328125,13.683364868164062,62.22221374511719
1781099309932227600,73.3722275390625,-3.5030670166015625,13.830345153808594,62.977195739746094
1781099309957303600,73.39730346679687,-4.1356048583984375,13.782020568847656,63.36640167236328
1781099309982379800,73.4223798828125,-4.6449737548828125,13.738304138183594,63.47541427612305
1781099310007454700,73.44745483398438,-4.154685974121094,13.903068542480469,63.60551071166992
1781099310032529700,73.47252978515625,-4.182975769042969,14.015129089355469,63.71132278442383
1781099310057604600,73.4976044921875,-3.929351806640625,14.078567504882812,63.440284729003906
1781099310082680600,73.5226806640625,-3.6978683471679688,14.113174438476562,63.13343811035156
1781099310107755800,73.547755859375,-4.114402770996094,14.437530517578125,63.26898193359375
1781099310132831500,73.57283154296876,-4.074226379394531,14.276077270507812,63.23883819580078
1781099310157906400,73.59790649414063,-3.7440109252929688,14.232635498046875,62.96855926513672
1781099310182982700,73.62298266601563,-3.6268692016601562,13.958305358886719,62.5748291015625
1781099310208058600,73.64805859375,-3.73486328125,13.609298706054688,62.25507354736328
1781099310233133600,73.67313354492188,-3.3609390258789062,13.42205810546875,62.113609313964844
1781099310258209800,73.69820971679688,-9.436569213867188,15.418144226074219,56.89801025390625
1781099310283284700,73.72328466796876,-10.293777465820312,15.044731140136719,56.83264923095703
1781099310308360700,73.74836059570312,-10.479156494140625,14.966361999511719,56.87651062011719
1781099310333435600,73.773435546875,-10.5357666015625,15.229217529296875,56.74769592285156
1781099310358511600,73.79851171875,-11.023368835449219,15.314613342285156,56.76287841796875
1781099310383587600,73.82358764648437,-10.922378540039062,15.517593383789062,57.191558837890625
1781099310408662500,73.84866259765624,-11.541160583496094,15.72021484375,57.418357849121094
1781099310433738800,73.87373876953124,-11.457359313964844,15.999649047851562,57.6375732421875
1781099310458813700,73.89881372070313,-12.08197021484375,16.217384338378906,57.517852783203125
1781099310483889700,73.9238896484375,-11.782150268554688,16.399978637695312,57.83293914794922
1781099310508964600,73.94896459960937,-11.783706665039062,16.36986541748047,57.732093811035156
1781099310534040600,73.97404052734375,-11.8944091796875,16.132164001464844,57.90379333496094
1781099310559115800,73.99911572265626,-11.720039367675781,16.496536254882812,58.359962463378906
1781099310584191500,74.02419140625,-12.003646850585938,16.72576141357422,58.589927673339844
1781099310609267700,74.04926782226562,-12.255882263183594,16.93780517578125,58.643306732177734
1781099310634342700,74.0743427734375,-12.106101989746094,17.367431640625,59.1295051574707
1781099310659418600,74.09941870117187,-12.779106140136719,19.30689239501953,58.24375534057617
1781099310684493600,74.12449365234374,-12.633445739746094,19.960182189941406,58.414825439453125
1781099310709569800,74.14956982421874,-12.327766418457031,20.091407775878906,58.32394790649414
1781099310734644700,74.17464477539062,-11.776824951171875,19.93041229248047,58.267486572265625
1781099310759720400,74.19972045898437,-11.69757080078125,19.7579345703125,58.16399383544922
1781099310784796700,74.22479663085937,-11.698654174804688,19.39960479736328,58.385841369628906
1781099310809871600,74.24987158203125,-12.06622314453125,19.017921447753906,58.760597229003906
1781099310834947600,74.27494750976562,-12.192756652832031,19.293380737304688,58.98221206665039
1781099310860022500,74.3000224609375,-12.005455017089844,19.172897338867188,58.97795104980469
1781099310885098800,74.3250986328125,-12.116706848144531,18.972946166992188,59.140342712402344
1781099310910173700,74.35017358398437,-11.747222900390625,19.269554138183594,59.53801345825195
1781099310935249700,74.37524975585937,-11.765090942382812,19.64508819580078,59.617958068847656
1781099310960325600,74.40032568359375,-11.45367431640625,19.3167724609375,59.49549102783203
1781099310985400600,74.42540063476562,-11.27117919921875,19.259048461914062,59.602264404296875
1781099311010476500,74.4504765625,-11.258781433105469,19.056846618652344,59.59751510620117
1781099311035551200,74.47555126953125,-11.251235961914062,19.058120727539062,59.870304107666016
1781099311060627200,74.50062719726563,-14.016929626464844,15.2420654296875,61.52632141113281
1781099311085702100,74.5257021484375,-13.692359924316406,15.645881652832031,62.08502197265625
1781099311110778000,74.55077807617188,-13.360939025878906,15.538932800292969,62.35127639770508
1781099311135853300,74.57585327148438,-13.61480712890625,15.684989929199219,62.490203857421875
1781099311160929300,74.60092919921875,-13.389617919921875,15.577796936035156,62.47031784057617
1781099311186005000,74.6260048828125,-13.136543273925781,15.64471435546875,62.39984130859375
1781099311211080200,74.651080078125,-13.335441589355469,15.366905212402344,61.972015380859375
1781099311236156200,74.67615625,-13.408653259277344,15.192222595214844,62.15647888183594
1781099311261231000,74.70123120117188,-13.488632202148438,15.717239379882812,62.14060592651367
1781099311286307000,74.72630712890626,-13.702545166015625,15.959922790527344,61.91440963745117
1781099311311382300,74.75138232421875,-13.770454406738281,16.322608947753906,61.415897369384766
1781099311336458200,74.77645825195313,-13.631126403808594,16.648597717285156,60.85063552856445
1781099311361534200,74.8015341796875,-13.617691040039062,17.317543029785156,60.40201187133789
1781099311386609400,74.826609375,-13.490066528320312,17.18126678466797,60.185665130615234
1781099311411685000,74.85168505859374,-13.318809509277344,17.27251434326172,59.76456832885742
1781099311436760000,74.87676000976562,-13.227149963378906,17.238304138183594,59.56010055541992
1781099311461836000,74.9018359375,-13.244964599609375,17.156883239746094,59.577423095703125
1781099311486911200,74.9269111328125,-12.970748901367188,19.046546936035156,60.43620300292969
1781099311511987200,74.9519873046875,-12.972343444824219,19.089622497558594,59.91853332519531
1781099311537063200,74.97706323242187,-13.082656860351562,19.224998474121094,59.87089538574219
1781099311562138400,75.00213842773438,-13.112709045410156,19.212913513183594,59.702293395996094
1781099311587214300,75.02721435546874,-13.187088012695312,18.902748107910156,59.836788177490234
1781099311612289300,75.05228930664063,-13.045753479003906,18.755531311035156,59.94092559814453
1781099311637365000,75.07736499023437,-13.561874389648438,18.77886199951172,60.046661376953125
1781099311662440200,75.10244018554687,-13.475074768066406,19.03522491455078,60.49625778198242
1781099311687516200,75.12751611328125,-13.367698669433594,18.986549377441406,60.615318298339844
1781099311712592100,75.15259204101562,-13.332122802734375,19.103172302246094,61.10165786743164
1781099311737667300,75.17766723632812,-13.101371765136719,19.01972198486328,61.48029708862305
1781099311762743300,75.20274340820312,-13.172569274902344,19.284339904785156,61.95903015136719
1781099311787818200,75.227818359375,-12.144058227539062,19.164024353027344,62.36262893676758
1781099311812894200,75.25289428710937,-11.157577514648438,19.34026336669922,62.39210510253906
1781099311837969400,75.27796948242188,-10.796600341796875,19.480979919433594,62.622100830078125
1781099311863045000,75.30304516601562,-16.32457733154297,19.90398406982422,67.49137878417969
1781099311888120000,75.3281201171875,-15.678489685058594,19.45708465576172,67.21731567382812
1781099311913196300,75.3531962890625,-15.215339660644531,19.307472229003906,67.3300552368164
1781099311938272300,75.37827221679687,-15.066429138183594,18.812522888183594,67.21778869628906
1781099311963347200,75.40334716796875,-14.833908081054688,18.730674743652344,67.15470886230469
1781099311988423200,75.42842309570312,-14.730323791503906,18.394309997558594,66.9507064819336
1781099312013498400,75.45349829101562,-14.809288024902344,18.267166137695312,66.66328430175781
1781099312038574300,75.47857421875,-14.963356018066406,18.213294982910156,66.67977142333984
1781099312063650300,75.503650390625,-15.08367919921875,17.797775268554688,66.52149200439453
1781099312088725200,75.52872534179687,-15.436965942382812,17.814414978027344,66.10598754882812
1781099312113801200,75.55380126953125,-15.469345092773438,17.51696014404297,65.73909759521484
1781099312138876400,75.57887646484374,-15.678680419921875,17.3736572265625,65.50332641601562
1781099312163952400,75.60395239257812,-15.751556396484375,17.13457489013672,65.4773178100586
1781099312189027300,75.62902734375,-15.8651123046875,16.75836944580078,65.25218200683594
1781099312214103300,75.65410327148437,-16.67144775390625,16.803627014160156,65.48163604736328
1781099312239178500,75.67917846679687,-16.987457275390625,16.653343200683594,65.26531982421875
1781099312264254200,75.70425415039062,-17.085647583007812,16.86058807373047,65.1668701171875
1781099312289330200,75.729330078125,-12.40826416015625,12.413192749023438,63.69277572631836
1781099312314405400,75.7544052734375,-12.458824157714844,12.208450317382812,63.61602020263672
1781099312339481300,75.7794814453125,-12.717254638671875,11.853767395019531,64.13174438476562
1781099312364556300,75.80455639648437,-12.756584167480469,11.925804138183594,64.13623809814453
1781099312389632300,75.82963232421875,-12.67095947265625,12.120025634765625,64.19232940673828
1781099312414707500,75.85470751953125,-12.880111694335938,12.233078002929688,64.24742126464844
1781099312439783400,75.87978344726562,-13.068840026855469,11.989280700683594,64.35543060302734
1781099312464859100,75.90485913085938,-13.033920288085938,12.231704711914062,64.62986755371094
1781099312489934300,75.92993432617187,-12.865119934082031,12.321403503417969,64.85139465332031
1781099312515010300,75.95501025390625,-12.6116943359375,12.3924560546875,65.07119750976562
1781099312540085200,75.98008520507813,-12.625198364257812,12.29290771484375,65.14128875732422
1781099312565161200,76.0051611328125,-12.551925659179688,12.257408142089844,65.1959228515625
1781099312590236400,76.030236328125,-12.889511108398438,12.136093139648438,65.02059936523438
1781099312615312400,76.0553125,-13.101173400878906,12.214958190917969,65.04724884033203
1781099312640388400,76.08038842773438,-13.290489196777344,12.083602905273438,64.77775573730469
1781099312665463600,76.10546362304687,-13.5167236328125,11.987098693847656,64.70059204101562
1781099312690539300,76.13053930664063,-12.169654846191406,12.297691345214844,64.41777801513672
1781099312715614200,76.1556142578125,-12.681907653808594,12.552268981933594,64.23955535888672
1781099312740690200,76.18069018554688,-12.977523803710938,12.842079162597656,63.97529983520508
1781099312765765400,76.20576538085938,-12.751594543457031,13.305137634277344,63.68498229980469
1781099312790841300,76.23084130859375,-13.039291381835938,13.678825378417969,63.8849983215332
1781099312815917300,76.25591723632813,-13.518318176269531,13.847999572753906,64.10042572021484
1781099312840992500,76.28099243164063,-13.490470886230469,14.025665283203125,64.27674102783203
1781099312866068500,76.306068359375,-13.016654968261719,14.551589965820312,64.28992462158203
1781099312891143400,76.33114331054688,-12.718162536621094,14.763275146484375,64.33554077148438
1781099312916219100,76.35621923828126,-12.376991271972656,14.824981689453125,64.32080078125
1781099312941294300,76.38129443359375,-11.502349853515625,15.277435302734375,64.51409912109375
1781099312966370300,76.40637036132813,-11.355247497558594,15.349685668945312,64.66888427734375
1781099312991445200,76.4314453125,-11.281585693359375,15.7933349609375,64.71812438964844
1781099313016521200,76.45652124023438,-11.400016784667969,16.042709350585938,64.66110229492188
1781099313041597700,76.48159765625,-10.660789489746094,15.918624877929688,64.36592102050781
1781099313066673000,76.5066728515625,-10.256294250488281,16.08673095703125,64.40641784667969
1781099313091748600,76.53174853515625,-9.857933044433594,16.34576416015625,63.96721267700195
1781099313116823600,76.55682348632813,-10.496551513671875,18.7056884765625,69.86630249023438
1781099313141899800,76.58189965820313,-10.304267883300781,18.406967163085938,69.53694152832031
1781099313166974700,76.606974609375,-10.035499572753906,18.145843505859375,69.29124450683594
1781099313192050700,76.63205078125,-10.055274963378906,18.23883056640625,69.0893783569336
1781099313217126700,76.65712670898438,-10.505393981933594,18.394866943359375,68.48994445800781
1781099313242201900,76.68220190429687,-10.520317077636719,18.274505615234375,68.00391387939453
1781099313267277800,76.70727783203125,-10.342575073242188,17.706314086914062,67.60672760009766
1781099313292352800,76.73235278320313,-10.379173278808594,17.369888305664062,67.3886947631836
1781099313317428700,76.7574287109375,-10.642181396484375,17.482711791992188,67.47979736328125
1781099313342503700,76.78250366210938,-10.573379516601562,17.571945190429688,67.31534576416016
1781099313367579600,76.80757958984375,-10.540771484375,17.545867919921875,67.12541198730469
1781099313392655600,76.83265551757812,-10.343864440917969,17.401702880859375,66.96133422851562
1781099313417730800,76.85773071289063,-10.659324645996094,17.119918823242188,66.74156951904297
1781099313442806800,76.88280688476563,-10.804222106933594,16.972900390625,66.54899597167969
1781099313467881700,76.9078818359375,-10.686576843261719,16.6837158203125,66.1814193725586
1781099313492957700,76.93295776367188,-10.662796020507812,16.605850219726562,66.48250579833984
1781099313518033000,76.95803295898438,-11.123092651367188,18.100814819335938,65.89595031738281
1781099313543108600,76.98310864257813,-11.200996398925781,18.217025756835938,65.82337188720703
1781099313568183600,77.00818359375,-11.32366943359375,17.964431762695312,65.97281646728516
1781099313593259800,77.033259765625,-11.714042663574219,18.029937744140625,65.87904357910156
1781099313618335700,77.05833569335938,-12.241683959960938,18.012008666992188,66.24745178222656
1781099313643410700,77.08341064453126,-12.246566772460938,18.204421997070312,66.31375122070312
1781099313668486700,77.10848657226562,-12.278564453125,18.023147583007812,66.42631530761719
1781099313693561900,77.13356176757813,-12.479110717773438,18.038894653320312,66.4842758178711
1781099313718637800,77.15863793945313,-12.352149963378906,17.9549560546875,66.66378784179688
1781099313743712800,77.18371264648438,-12.390083312988281,17.828819274902344,66.74198913574219
1781099313768788700,77.20878881835938,-12.206832885742188,17.684188842773438,66.81891632080078
1781099313793863700,77.23386376953125,-12.481353759765625,17.667724609375,66.90459442138672
1781099313818939600,77.25893969726563,-12.755455017089844,17.47943878173828,67.12699127197266
1781099313844015600,77.284015625,-12.746612548828125,17.092987060546875,67.1615982055664
1781099313869090800,77.3090908203125,-12.868743896484375,16.903793334960938,67.22911834716797
1781099313894166800,77.33416674804687,-13.384475708007812,16.80022430419922,67.1537857055664
1781099313919241700,77.35924169921876,-13.330833435058594,16.69336700439453,67.39192199707031
1781099313944317700,77.38431762695312,-12.820838928222656,18.139266967773438,69.06169128417969
1781099313969393000,77.40939282226563,-13.082366943359375,18.375213623046875,69.38359069824219
1781099313994468600,77.43446850585937,-13.321754455566406,18.605796813964844,69.40582275390625
1781099314019543800,77.45954370117188,-13.730239868164062,18.664215087890625,69.68563842773438
1781099314044618800,77.48461865234376,-13.814498901367188,18.857772827148438,69.79501342773438
1781099314069694700,77.50969482421876,-13.920501708984375,18.92475128173828,69.73635864257812
1781099314094770000,77.53477001953125,-14.072418212890625,19.133628845214844,69.91596221923828
1781099314119846000,77.55984594726563,-14.133041381835938,19.31140899658203,70.10550689697266
1781099314144920800,77.5849208984375,-13.79620361328125,19.729026794433594,70.26453399658203
1781099314169997000,77.6099970703125,-13.58184814453125,19.89685821533203,70.43382263183594
1781099314195072800,77.63507275390624,-13.396675109863281,20.27735137939453,70.39097595214844
1781099314220148000,77.66014794921875,-13.431243896484375,20.429161071777344,70.30622863769531
1781099314245223700,77.6852236328125,-13.1435546875,20.527381896972656,69.91101837158203
1781099314270299000,77.710298828125,-13.095008850097656,20.68425750732422,69.96973419189453
1781099314295374800,77.73537475585937,-12.890670776367188,20.612876892089844,69.8349609375
1781099314320449800,77.76044970703126,-12.723701477050781,20.383262634277344,69.64141082763672
1781099314345526000,77.78552612304688,-12.74993896484375,20.162216186523438,70.52960968017578
1781099314370601000,77.81060107421875,-12.843070983886719,20.508132934570312,70.55184173583984
1781099314395677000,77.83567700195313,-12.9664306640625,20.81512451171875,70.79279327392578
1781099314420752600,77.86075268554687,-13.030113220214844,21.020065307617188,71.00636291503906
1781099314445827800,77.88582788085938,-12.878852844238281,20.939041137695312,71.0109634399414
1781099314470903800,77.91090380859374,-12.673126220703125,21.08245849609375,71.03146362304688
1781099314495978800,77.93597875976562,-12.494842529296875,21.195327758789062,70.87364196777344
1781099314521055000,77.96105493164063,-12.315650939941406,21.269775390625,70.7568588256836
1781099314546130000,77.9861298828125,-11.91943359375,21.14654541015625,70.82141876220703
1781099314571206000,78.01120581054687,-11.787635803222656,20.899124145507812,70.78656768798828
1781099314596280800,78.03628076171876,-11.500038146972656,20.738510131835938,70.97545623779297
1781099314621357000,78.06135717773438,-11.799659729003906,20.809677124023438,70.88377380371094
1781099314646432800,78.08643286132812,-11.695991516113281,20.736495971679688,70.73225402832031
1781099314671507700,78.1115078125,-11.759521484375,20.718826293945312,70.56663513183594
1781099314696584000,78.136583984375,-11.780227661132812,20.254409790039062,70.6790542602539
1781099314721659000,78.16165893554688,-11.818817138671875,20.141693115234375,70.525390625
1781099314746734800,78.18673486328125,-11.730964660644531,21.07720184326172,68.90497589111328
1781099314771809800,78.21180981445312,-11.663192749023438,20.967735290527344,68.74510192871094
1781099314796886000,78.23688598632812,-11.674674987792969,20.97130584716797,68.78221893310547
1781099314821961000,78.2619609375,-11.860321044921875,20.98522186279297,68.75545501708984
1781099314847037000,78.28703686523437,-12.082160949707031,21.06793975830078,68.74955749511719
1781099314872113000,78.31211279296875,-11.466896057128906,21.05823516845703,68.56283569335938
1781099314897187800,78.33718774414062,-11.7215576171875,21.02747344970703,68.56077575683594
1781099314922263800,78.36226391601562,-11.828254699707031,20.98583221435547,68.28065490722656
1781099314947338800,78.3873388671875,-11.19281005859375,20.622901916503906,68.19813537597656
1781099314972415000,78.4124150390625,-11.376991271972656,20.393455505371094,68.1893539428711
1781099314997490000,78.43748999023437,-11.424545288085938,20.149879455566406,68.17793273925781
1781099315022566100,78.46256616210937,-11.777976989746094,20.33342742919922,68.0345458984375
1781099315047642000,78.48764208984375,-12.086280822753906,20.00017547607422,67.7303237915039
1781099315072717300,78.51271728515626,-12.128265380859375,19.771881103515625,67.67752075195312
1781099315097793000,78.53779296875,-12.191390991210938,19.70380401611328,67.69633483886719
1781099315122868000,78.56286791992187,-12.83612060546875,19.512496948242188,67.71276092529297
1781099315147944000,78.58794384765625,-12.692848205566406,19.54637908935547,67.79639434814453
1781099315173019100,78.61301904296874,-13.718238830566406,20.41584014892578,65.6730728149414
1781099315198095000,78.63809521484374,-13.786964416503906,20.39563751220703,65.82522583007812
1781099315223170000,78.66317016601562,-13.835494995117188,20.67963409423828,65.97683715820312
1781099315248246300,78.68824633789062,-14.38824462890625,20.717063903808594,65.75208282470703
1781099315273322000,78.71332202148437,-14.837089538574219,20.89685821533203,66.02721405029297
1781099315298397200,78.73839721679687,-14.866989135742188,21.087974548339844,66.2195816040039
1781099315323473000,78.76347290039062,-15.049003601074219,20.978012084960938,66.17868041992188
1781099315348548000,78.78854809570312,-15.117156982421875,21.2276611328125,66.45987701416016
1781099315373624000,78.8136240234375,-15.114028930664062,21.303924560546875,66.66170501708984
1781099315398699000,78.83869897460937,-14.889312744140625,21.52112579345703,66.88066864013672
1781099315423775200,78.86377514648437,-14.627433776855469,21.613624572753906,67.2112045288086
1781099315448850200,78.88885009765625,-14.856468200683594,21.67737579345703,67.35716247558594
1781099315473926100,78.91392602539062,-14.700965881347656,21.76319122314453,67.5313949584961
1781099315499001900,78.939001953125,-15.064842224121094,21.828086853027344,67.67831420898438
1781099315524077000,78.9640771484375,-15.015129089355469,21.94890594482422,67.87110900878906
1781099315549153000,78.98915307617187,-15.004058837890625,22.06963348388672,68.34667205810547
1781099315574228000,79.01422802734375,-13.9173583984375,19.090354919433594,68.57699584960938
1781099315599304200,79.03930419921875,-13.900520324707031,19.370445251464844,68.36872863769531
1781099315624379100,79.06437915039062,-13.611602783203125,19.78295135498047,68.57971954345703
1781099315649455000,79.089455078125,-13.570671081542969,19.98741912841797,68.55687713623047
1781099315674530000,79.11453002929687,-13.446586608886719,20.209083557128906,68.60502624511719
1781099315699606300,79.13960620117187,-13.604682922363281,20.37346649169922,68.34884643554688
1781099315724682000,79.16468188476563,-13.44036865234375,20.66748809814453,68.24761962890625
1781099315749757000,79.1897568359375,-13.582778930664062,20.674461364746094,68.11497497558594
1781099315774833200,79.21483325195312,-13.423171997070312,20.779258728027344,67.99349212646484
1781099315799908000,79.239908203125,-13.312294006347656,20.770545959472656,68.0228271484375
1781099315824984000,79.26498413085938,-13.22540283203125,20.95618438720703,68.14999389648438
1781099315850059000,79.29005908203125,-13.563568115234375,21.137718200683594,68.1596908569336
1781099315875135200,79.31513525390625,-13.7989501953125,21.52135467529297,68.26849365234375
1781099315900210200,79.34021020507812,-13.971755981445312,21.59117889404297,68.23306274414062
1781099315925286100,79.3652861328125,-13.700302124023438,21.603858947753906,68.37298583984375
1781099315950361900,79.39036181640626,-13.504364013671875,21.404502868652344,68.82009887695312
1781099315975437000,79.41543701171875,-13.216659545898438,21.785682678222656,69.10008239746094
1781099316000513000,79.44051293945313,-12.422920227050781,20.97911834716797,70.11106872558594
1781099316025588700,79.46558862304687,-11.615936279296875,20.935813903808594,70.39692687988281
1781099316050664700,79.49066479492187,-11.129020690917969,20.961585998535156,70.67074584960938
1781099316075740000,79.51573999023438,-11.017417907714844,21.08885955810547,71.19469451904297
1781099316100816000,79.54081591796874,-10.863456726074219,21.42040252685547,71.37953186035156
1781099316125890800,79.56589086914063,-10.818435668945312,21.628318786621094,71.46360778808594
1781099316150966500,79.59096655273437,-10.270889282226562,21.74414825439453,71.58500671386719
1781099316176042800,79.61604272460937,-10.1263427734375,21.65766143798828,71.42111206054688
1781099316201117700,79.64111767578125,-9.646934509277344,21.96038055419922,71.42083740234375
1781099316226193700,79.66619360351562,-9.503311157226562,22.07353973388672,71.26297760009766
1781099316251268900,79.69126879882812,-8.893455505371094,22.27043914794922,71.06766510009766
1781099316276344800,79.7163447265625,-8.935707092285156,22.24140167236328,70.92048645019531
1781099316301419800,79.74141967773437,-8.846397399902344,22.454811096191406,70.80349731445312
1781099316326495700,79.76649584960937,-8.902847290039062,22.728355407714844,70.2620849609375
1781099316351571000,79.79157104492188,-8.966545104980469,23.020286560058594,69.97506713867188
1781099316376646700,79.81664672851562,-8.530960083007812,23.016441345214844,69.6656494140625
1781099316401722600,79.84172265625,-8.028900146484375,21.350440979003906,68.48728942871094
1781099316426797800,79.8667978515625,-7.923789978027344,21.488304138183594,67.82270812988281
1781099316451873800,79.89187377929687,-7.675529479980469,21.886573791503906,67.92658233642578
1781099316476948700,79.91694873046875,-7.5707855224609375,21.78461456298828,67.45768737792969
1781099316502024700,79.94202465820312,-6.913543701171875,21.90692901611328,67.25003051757812
1781099316527100000,79.96709985351562,-7.0244293212890625,22.12071990966797,66.96908569335938
1781099316552175900,79.99217578125,-6.565093994140625,22.14202117919922,66.73902130126953
1781099316577250800,80.01725073242187,-6.3375091552734375,22.01361846923828,66.29700469970703
1781099316602326800,80.04232690429687,-6.161109924316406,21.46813201904297,66.02651977539062
1781099316627402800,80.06740283203125,-5.8689727783203125,21.118446350097656,65.62191009521484
1781099316652477700,80.09247778320312,-5.547676086425781,20.07337188720703,65.55750274658203
1781099316677553700,80.1175537109375,-5.385734558105469,19.689247131347656,65.25096130371094
1781099316702628900,80.14262890625,-5.246116638183594,19.23755645751953,65.09454345703125
1781099316727704800,80.16770483398437,-5.48095703125,18.744285583496094,64.75037384033203
1781099316752779800,80.19277978515625,-5.747718811035156,18.441246032714844,64.7161636352539
1781099316777855700,80.21785571289062,-6.006561279296875,17.942970275878906,64.38099670410156
1781099316802931000,80.24293090820312,-7.102325439453125,18.560218811035156,63.43791198730469
1781099316828006700,80.26800659179688,-7.611244201660156,18.421836853027344,62.96952819824219
1781099316853082600,80.29308251953125,-7.888679504394531,18.33557891845703,63.086326599121094
1781099316878157800,80.31815771484375,-8.254676818847656,18.321937561035156,63.007530212402344
1781099316903233800,80.34323388671875,-8.850639343261719,18.36138153076172,63.08888244628906
1781099316928308700,80.36830883789062,-8.989608764648438,18.31855010986328,63.10466003417969
1781099316953384700,80.393384765625,-9.619583129882812,18.066383361816406,63.227142333984375
1781099316978460000,80.4184599609375,-9.989715576171875,18.13770294189453,63.34467315673828
1781099317003536000,80.44353588867187,-10.889244079589844,18.28485870361328,63.142242431640625
1781099317028610000,80.46861010742188,-10.845008850097656,18.38776397705078,63.271484375
1781099317053686000,80.49368603515624,-11.024635314941406,18.36951446533203,63.29564666748047
1781099317078761200,80.51876123046875,-11.462646484375,18.52130889892578,63.33716583251953
1781099317103837000,80.5438369140625,-11.613822937011719,18.677207946777344,63.39293670654297
1781099317128913000,80.56891284179687,-11.818923950195312,19.083045959472656,63.07780456542969
1781099317153987800,80.59398779296875,-12.038238525390625,19.43805694580078,63.124267578125
1781099317179064000,80.61906396484375,-12.108436584472656,19.66075897216797,63.272239685058594
1781099317204139000,80.64413891601562,-12.247528076171875,20.09082794189453,63.43730926513672
1781099317229215000,80.66921508789062,-12.753463745117188,29.755813598632812,65.70758056640625
1781099317254290200,80.69429028320313,-12.231613159179688,29.891677856445312,65.46650695800781
1781099317279366100,80.7193662109375,-12.119132995605469,30.036026000976562,65.66560363769531
1781099317304441900,80.74444189453125,-11.73699951171875,29.91162109375,65.4914321899414
1781099317329516800,80.76951684570312,-11.323814392089844,29.827056884765625,65.2635498046875
1781099317354593000,80.79459301757812,-11.22283935546875,29.551055908203125,65.33055877685547
1781099317379668000,80.81966796875,-11.256263732910156,29.553451538085938,65.29401397705078
1781099317404744000,80.84474389648437,-10.866065979003906,29.707351684570312,65.28398895263672
1781099317429819100,80.86981909179687,-10.411163330078125,29.93548583984375,65.16786193847656
1781099317454895000,80.89489501953125,-10.483383178710938,29.984588623046875,64.9582290649414
1781099317479970000,80.91996997070312,-10.577613830566406,29.791824340820312,65.13160705566406
1781099317505046000,80.9450458984375,-10.810073852539062,29.450103759765625,65.18415069580078
1781099317530121200,80.97012133789063,-11.056503295898438,29.108108520507812,64.88397979736328
1781099317555197000,80.99519702148437,-11.275848388671875,28.925750732421875,64.87797546386719
1781099317580273000,81.02027294921875,-11.004951477050781,28.636566162109375,65.07794189453125
1781099317605348000,81.04534814453125,-11.238624572753906,28.34271240234375,65.16706848144531
1781099317630424000,81.07042407226562,-10.504646301269531,29.464309692382812,66.2812271118164
1781099317655499000,81.0954990234375,-10.666572570800781,29.509857177734375,66.419677734375
1781099317680575000,81.12057495117188,-10.756454467773438,29.723419189453125,66.39157104492188
1781099317705650200,81.14565014648437,-11.020851135253906,29.832260131835938,66.61782836914062
1781099317730726000,81.17072583007813,-11.117599487304688,29.722427368164062,66.65319061279297
1781099317755801000,81.19580102539062,-10.721031188964844,29.607864379882812,66.85381317138672
1781099317780877000,81.220876953125,-10.725341796875,29.427261352539062,66.79534912109375
1781099317805953000,81.245953125,-10.913398742675781,28.815261840820312,67.08937072753906
1781099317831028000,81.27102807617187,-10.866256713867188,28.562301635742188,67.24606323242188
1781099317856104000,81.29610400390625,-10.636299133300781,28.6846923828125,67.01399230957031
1781099317881179100,81.32117919921875,-10.58465576171875,28.665390014648438,67.37662506103516
1781099317906255000,81.34625512695312,-10.487091064453125,28.967819213867188,67.53982543945312
1781099317931330000,81.371330078125,-11.014511108398438,28.556381225585938,67.85206604003906
1781099317956406000,81.39640600585938,-11.238945007324219,28.423171997070312,68.17335510253906
1781099317981481000,81.42148095703125,-11.772163391113281,28.203262329101562,68.1991195678711
1781099318006557000,81.44655688476563,-11.8792724609375,28.142257690429688,68.23628997802734
1781099318031633200,81.47163305664063,-12.07171630859375,27.843124389648438,68.97401428222656
1781099318056708400,81.49670825195312,-10.27862548828125,25.394920349121094,67.96895599365234
1781099318081784300,81.52178442382812,-10.46588134765625,25.539710998535156,68.23236846923828
1781099318106859300,81.546859375,-10.974601745605469,25.583030700683594,68.89535522460938
1781099318131935200,81.57193530273437,-11.48779296875,26.053855895996094,69.27818298339844
1781099318157010400,81.59701049804687,-11.407814025878906,26.341026306152344,69.6471939086914
1781099318182086100,81.62208618164063,-11.620452880859375,26.69983673095703,69.86837768554688
1781099318207161000,81.6471611328125,-11.616622924804688,26.946189880371094,70.0117416381836
1781099318232237300,81.6722373046875,-12.000808715820312,27.03600311279297,70.04246520996094
1781099318257313300,81.69731323242188,-11.535614013671875,27.32854461669922,69.97152709960938
1781099318282388200,81.72238818359375,-11.603645324707031,27.43866729736328,69.75480651855469
1781099318307464400,81.74746435546875,-11.312728881835938,27.357704162597656,69.87672424316406
1781099318332539400,81.77253930664062,-11.420936584472656,27.58745574951172,69.93931579589844
1781099318357615400,81.79761547851562,-11.130332946777344,27.80158233642578,69.93932342529297
1781099318382690300,81.82269018554688,-11.160675048828125,27.860862731933594,69.95467376708984
1781099318407766300,81.84776635742188,-11.308174133300781,27.93183135986328,69.96772766113281
1781099318432841200,81.87284130859375,-10.69366455078125,28.04247283935547,69.92198181152344
1781099318457917200,81.89791723632813,-7.2801361083984375,25.689781188964844,68.88196563720703
1781099318482993400,81.92299340820313,-7.3738555908203125,25.72016143798828,68.66576385498047
1781099318508068400,81.948068359375,-6.8800048828125,25.85826873779297,68.57023620605469
1781099318533144300,81.97314428710938,-6.910026550292969,25.572532653808594,68.18293762207031
1781099318558219300,81.99821923828125,-6.650604248046875,25.35218048095703,67.79952239990234
1781099318583295200,82.02329516601563,-6.990745544433594,25.240684509277344,67.52275085449219
1781099318608370400,82.04837036132812,-7.092994689941406,25.059837341308594,67.34071350097656
1781099318633446100,82.07344604492188,-6.911186218261719,25.30182647705078,67.14899444580078
1781099318658521000,82.09852099609375,-7.237983703613281,25.536582946777344,66.71240234375
1781099318683597300,82.12359741210938,-7.165153503417969,25.603233337402344,66.63238525390625
1781099318708673300,82.14867333984375,-7.618995666503906,25.80168914794922,66.29866790771484
1781099318733748200,82.17374829101563,-7.5248870849609375,25.960227966308594,66.44039916992188
1781099318758824400,82.19882446289063,-7.826866149902344,26.11522674560547,65.9959716796875
1781099318783899400,82.2238994140625,-7.8575897216796875,26.211830139160156,65.83525848388672
1781099318808975000,82.24897509765626,-7.713142395019531,26.419883728027344,65.95279693603516
1781099318834050300,82.27405029296875,-7.9054412841796875,26.437599182128906,66.02971649169922
1781099318859126300,82.29912622070313,-7.8025970458984375,26.79688262939453,65.6475601196289
1781099318884201200,82.324201171875,-9.553237915039062,31.776763916015625,66.44202423095703
1781099318909277200,82.34927709960938,-9.500778198242188,32.03907775878906,66.26287841796875
1781099318934352100,82.37435205078125,-9.446121215820312,32.14558410644531,66.1987533569336
1781099318959428400,82.39942846679688,-9.689910888671875,32.260498046875,65.79694366455078
1781099318984504300,82.42450439453125,-9.547584533691406,32.58409118652344,65.791015625
1781099319009579300,82.44957934570313,-9.393714904785156,32.628326416015625,65.39627838134766
1781099319034655000,82.47465502929687,-9.006690979003906,32.51124572753906,65.1894760131836
1781099319059730200,82.49973022460938,-9.138236999511719,32.27650451660156,65.06150817871094
1781099319084806000,82.52480590820312,-9.222137451171875,32.1856689453125,64.93164825439453
1781099319109880800,82.549880859375,-8.967147827148438,32.141937255859375,64.8070068359375
1781099319134957000,82.57495703125,-9.237831115722656,32.14939880371094,64.5127944946289
1781099319160032000,82.60003198242188,-9.303756713867188,32.05548095703125,64.59737396240234
1781099319185108000,82.62510791015625,-9.74969482421875,31.784271240234375,64.85867309570312
1781099319210184000,82.65018383789062,-9.630218505859375,31.684890747070312,64.66455841064453
1781099319235259100,82.67525903320312,-9.71270751953125,31.549972534179688,64.71495056152344
1781099319260334800,82.7003349609375,-9.18389892578125,31.60552978515625,64.97296905517578
1781099319285410000,82.72541015625,-7.102821350097656,32.915565490722656,62.366600036621094
1781099319310485800,82.75048583984375,-6.756553649902344,32.771873474121094,62.60655975341797
1781099319335561000,82.77556103515624,-6.2566986083984375,32.60346221923828,62.66148376464844
1781099319360637000,82.80063696289062,-6.4932403564453125,32.763145446777344,62.945289611816406
1781099319385711900,82.8257119140625,-6.345359802246094,32.765403747558594,63.16510772705078
1781099319410788000,82.8507880859375,-6.5503997802734375,32.50200653076172,62.89839172363281
1781099319435864000,82.87586401367187,-6.274322509765625,32.226234436035156,62.843162536621094
1781099319460939000,82.90093896484375,-6.38763427734375,32.02312469482422,62.77546691894531
1781099319486014700,82.9260146484375,-6.082794189453125,31.764930725097656,62.74591827392578
1781099319511090000,82.95108984375,-6.230842590332031,31.629005432128906,62.762123107910156
1781099319536166000,82.97616577148438,-6.3478851318359375,31.18456268310547,62.58595275878906
1781099319561240800,83.00124072265625,-6.169639587402344,30.97435760498047,62.41656494140625
1781099319586317000,83.02631713867187,-6.645057678222656,30.670509338378906,62.64348602294922
1781099319611392000,83.05139208984374,-7.006263732910156,30.562583923339844,62.71673583984375
1781099319636468000,83.07646801757812,-7.174537658691406,30.648521423339844,62.47174072265625
1781099319661544000,83.1015439453125,-7.837409973144531,30.619712829589844,62.49424743652344
1781099319686619100,83.126619140625,-6.807777404785156,29.698814392089844,61.70452117919922
1781099319711694800,83.15169482421875,-7.382942199707031,29.857032775878906,62.049896240234375
1781099319736769800,83.17676977539062,-7.3016510009765625,29.51311492919922,61.90198516845703
1781099319761846000,83.20184594726562,-7.6888580322265625,29.596961975097656,62.37159729003906
1781099319786921000,83.2269208984375,-7.576316833496094,29.897483825683594,62.64679718017578
1781099319811997000,83.25199682617188,-7.647575378417969,30.376014709472656,62.51953887939453
1781099319837072000,83.27707177734375,-7.53759765625,30.47393035888672,62.64155578613281
1781099319862148000,83.30214819335937,-7.36444091796875,30.49103546142578,62.81019592285156
1781099319887223000,83.32722314453125,-7.422340393066406,30.414390563964844,62.93756866455078
1781099319912299000,83.35229907226562,-7.46746826171875,30.322959899902344,63.114402770996094
1781099319937375000,83.377375,-7.432281494140625,30.46184539794922,63.21656036376953
1781099319962450000,83.40244995117187,-7.5628204345703125,30.34075164794922,63.46741485595703
1781099319987526000,83.42752587890625,-7.340248107910156,30.183387756347656,63.656700134277344
1781099320012600800,83.45260083007813,-7.518089294433594,29.98078155517578,63.631446838378906
1781099320037677000,83.47767700195313,-7.570518493652344,30.180381774902344,64.00129699707031
1781099320062752000,83.502751953125,-7.654228210449219,30.039939880371094,64.1273193359375
1781099320087828200,83.527828125,-7.8470611572265625,29.822059631347656,64.42207336425781
1781099320112903200,83.55290307617187,-7.726646423339844,26.782470703125,63.82225799560547
1781099320137979100,83.57797924804687,-7.758453369140625,26.761215209960938,63.91497802734375
1781099320163055000,83.60305517578125,-8.027587890625,26.938079833984375,64.1436767578125
1781099320188130000,83.62813012695312,-8.124015808105469,27.279571533203125,64.25227355957031
1781099320213206000,83.6532060546875,-8.227149963378906,27.301666259765625,64.4259033203125
1781099320238281000,83.67828100585938,-8.329612731933594,27.734695434570312,64.427490234375
1781099320263357200,83.70335717773438,-8.629234313964844,28.027679443359375,64.51923370361328
1781099320288432000,83.72843212890625,-8.752700805664062,28.479202270507812,64.72215270996094
1781099320313508000,83.75350805664063,-8.268692016601562,28.986846923828125,64.80192565917969
1781099320338583000,83.7785830078125,-8.260482788085938,29.319793701171875,64.78025817871094
1781099320363659300,83.8036591796875,-8.213371276855469,29.598358154296875,64.40226745605469
1781099320388734200,83.82873413085937,-7.3103790283203125,29.75213623046875,64.32263946533203
1781099320413810000,83.85380981445313,-7.26202392578125,30.026412963867188,64.28502655029297
1781099320438886100,83.87888623046875,-6.793525695800781,29.931533813476562,64.30023956298828
1781099320463961000,83.90396118164062,-6.5171661376953125,30.260345458984375,63.95086669921875
1781099320489037000,83.929037109375,-6.529747009277344,30.392501831054688,63.934112548828125
1781099320514112000,83.95411206054688,-5.203269958496094,30.23218536376953,62.43218994140625
1781099320539188200,83.97918823242188,-5.22760009765625,30.35851287841797,62.386924743652344
1781099320564263200,84.00426318359375,-5.0281982421875,30.220497131347656,62.23585510253906
1781099320589339100,84.02933911132813,-5.249626159667969,30.142539978027344,62.119102478027344
1781099320614414000,84.0544140625,-5.1811065673828125,30.124610900878906,61.88068389892578
1781099320639490000,84.07948999023438,-5.0678253173828125,30.005287170410156,61.445945739746094
1781099320664566000,84.10456591796876,-4.987602233886719,29.823402404785156,61.10834503173828
1781099320689641000,84.12964086914063,-5.181266784667969,29.60308074951172,61.343231201171875
1781099320714717200,84.15471728515625,-5.177452087402344,29.73772430419922,61.14671325683594
1781099320739792100,84.17979223632813,-5.197303771972656,29.702293395996094,60.980812072753906
1781099320764868000,84.2048681640625,-5.076957702636719,29.99665069580078,61.078468322753906
1781099320789943000,84.22994311523438,-5.441841125488281,29.767311096191406,60.89073944091797
1781099320815019000,84.25501904296875,-5.4563140869140625,29.704444885253906,60.96759033203125
1781099320840094200,84.28009423828125,-5.439231872558594,29.60144805908203,61.056556701660156
1781099320865170000,84.305169921875,-5.6131744384765625,29.621971130371094,60.77472686767578
1781099320890245000,84.3302451171875,-5.4843292236328125,29.462486267089844,60.71443176269531
1781099320915321000,84.35532104492188,-5.589317321777344,29.02098846435547,60.494293212890625
1781099320940397000,84.38039697265626,-3.634063720703125,25.223236083984375,59.518959045410156
1781099320965472000,84.40547192382813,-3.6228103637695312,24.836502075195312,59.128265380859375
1781099320990548200,84.43054833984375,-3.6861648559570312,24.472763061523438,59.14117431640625
1781099321015623200,84.455623046875,-4.093536376953125,24.047317504882812,58.99006652832031
1781099321040699400,84.48069946289063,-4.289390563964844,23.937759399414062,58.83695983886719
1781099321065774300,84.5057744140625,-4.728759765625,23.824600219726562,58.55341339111328
1781099321090850300,84.53085034179688,-5.224739074707031,23.708633422851562,58.55827331542969
1781099321115925500,84.55592553710937,-5.665367126464844,23.271636962890625,58.65510559082031
1781099321141001500,84.58100146484375,-5.983818054199219,23.191070556640625,58.76689910888672
1781099321166076400,84.60607641601563,-6.304512023925781,23.129684448242188,58.97309112548828
1781099321191152600,84.63115258789063,-6.47308349609375,23.140380859375,58.98149108886719
1781099321216228600,84.656228515625,-6.72711181640625,23.155731201171875,59.0743408203125
1781099321241303600,84.68130346679688,-7.0171051025390625,23.214492797851562,59.44358825683594
1781099321266379300,84.70637915039063,-7.1754608154296875,23.417755126953125,59.503135681152344
1781099321291454500,84.73145434570313,-7.108757019042969,23.706497192382812,59.789764404296875
1781099321316530400,84.75653051757813,-7.478157043457031,24.229171752929688,60.165306091308594
1781099321341605400,84.78160546875,-7.317008972167969,22.950294494628906,59.92341613769531
1781099321366681600,84.806681640625,-6.906776428222656,23.442909240722656,60.21552276611328
1781099321391756500,84.83175659179688,-6.906394958496094,23.95673370361328,60.349281311035156
1781099321416832500,84.85683251953125,-6.51947021484375,24.061378479003906,60.27362823486328
1781099321441907500,84.88190747070313,-6.071784973144531,24.39000701904297,60.298927307128906
1781099321466983700,84.90698364257813,-5.301109313964844,24.560462951660156,60.43016052246094
1781099321492059400,84.93205932617188,-4.490043640136719,24.59088897705078,60.35735321044922
1781099321517134300,84.95713427734376,-4.229835510253906,24.632057189941406,60.375205993652344
1781099321542210300,84.98221020507812,-2.99005126953125,24.550926208496094,60.469459533691406
1781099321567285500,85.00728540039063,-2.530548095703125,24.44678497314453,60.4215087890625
1781099321592361500,85.03236157226563,-2.1877365112304688,24.122474670410156,60.228492736816406
1781099321617436400,85.0574365234375,-1.3197097778320312,23.914405822753906,59.65863037109375
1781099321642512600,85.0825126953125,-1.2376632690429688,23.60315704345703,59.30982971191406
1781099321667587600,85.10758764648438,-1.2858352661132812,23.110008239746094,59.20824432373047
1781099321692663600,85.13266357421875,-1.347930908203125,22.91039276123047,59.151390075683594
1781099321717738500,85.15773852539063,-1.7310028076171875,22.57726287841797,58.716026306152344
1781099321742814500,85.182814453125,-0.775115966796875,24.362060546875,63.046142578125
1781099321767890400,85.20789038085937,-1.2061004638671875,24.175094604492188,63.20489501953125
1781099321792965400,85.23296533203126,-1.4043960571289062,24.12249755859375,63.40215301513672
1781099321818041600,85.25804150390626,-1.8613739013671875,24.423828125,63.578826904296875
1781099321843116500,85.28311645507813,-1.903472900390625,24.667800903320312,63.816810607910156
1781099321868192500,85.30819262695313,-1.8230667114257812,24.90667724609375,64.0827865600586
1781099321893267500,85.33326733398438,-1.6091766357421875,25.014739990234375,64.1508560180664
1781099321918343400,85.35834350585938,-1.5433502197265625,25.016342163085938,64.46141052246094
1781099321943418600,85.38341870117188,-0.8541717529296875,24.743927001953125,64.62648010253906
1781099321968494300,85.40849438476563,-0.8503189086914062,24.575927734375,64.44755554199219
1781099321993570600,85.43357055664063,-0.6715927124023438,24.204925537109375,64.29571533203125
1781099322018645500,85.4586455078125,-0.50030517578125,24.188949584960938,64.34809112548828
1781099322043721700,85.4837216796875,-0.7929840087890625,24.019622802734375,64.1755142211914
1781099322068796700,85.50879663085938,-1.44366455078125,23.871475219726562,64.1948013305664
1781099322093872600,85.53387255859376,-1.532470703125,24.0081787109375,63.97015380859375
1781099322118947800,85.55894775390625,-1.9498291015625,24.029144287109375,63.90050506591797
1781099322144023600,85.5840234375,-1.9036865234375,24.410614013671875,64.24983978271484
1781099322169098500,85.60909838867188,-3.5247650146484375,21.574722290039062,62.452972412109375
1781099322194174500,85.63417456054688,-3.7005233764648438,21.8814697265625,62.49530029296875
1781099322219249700,85.65924975585938,-3.3197708129882812,21.93853759765625,62.57655334472656
1781099322244325600,85.68432568359376,-2.9909133911132812,22.215972900390625,62.71961975097656
1781099322269401600,85.70940161132812,-2.8365554809570312,22.303878784179688,62.47053527832031
1781099322294476500,85.7344765625,-2.1616439819335938,22.548233032226562,62.40058135986328
1781099322319552800,85.759552734375,-2.0963668823242188,22.349136352539062,62.31201934814453
1781099322344627700,85.78462768554688,-1.4549484252929688,22.128707885742188,62.31404113769531
1781099322369703400,85.80970336914062,-1.35015869140625,22.056793212890625,62.0936279296875
1781099322394778600,85.83477856445313,-1.504608154296875,21.986495971679688,62.047271728515625
1781099322419854600,85.8598544921875,-1.5116653442382812,22.23553466796875,61.815956115722656
1781099322444929500,85.88492944335937,-1.6609649658203125,22.0081787109375,61.787620544433594
1781099322470005500,85.91000561523437,-1.4421234130859375,22.0926513671875,61.95947265625
1781099322495080700,85.93508081054688,-1.3878631591796875,21.891372680664062,61.83849334716797
1781099322520156700,85.96015673828126,-1.27362060546875,21.606719970703125,61.822486877441406
1781099322545231600,85.98523168945313,-1.4471817016601562,21.57952880859375,61.94108581542969
1781099322570307800,86.01030786132813,-2.081451416015625,23.38524627685547,59.71210479736328
1781099322595383600,86.03538354492187,-2.1893997192382812,23.31853485107422,59.687286376953125
1781099322620458500,86.06045849609374,-2.2326126098632812,23.31194305419922,59.728233337402344
1781099322645534500,86.08553442382812,-2.5521621704101562,23.355430603027344,59.597816467285156
1781099322670609700,86.11060961914062,-2.6319503784179688,23.42259979248047,59.2867431640625
1781099322695685600,86.135685546875,-3.2028961181640625,23.68775177001953,58.98780822753906
1781099322720760600,86.16076049804687,-3.304779052734375,23.59697723388672,58.43994140625
1781099322745836800,86.1858369140625,-3.6112060546875,23.649696350097656,58.0458984375
1781099322770911700,86.21091186523438,-3.9993438720703125,23.645408630371094,57.762977600097656
1781099322795987700,86.23598779296876,-4.6982879638671875,23.92273712158203,57.429656982421875
1781099322821062700,86.26106274414063,-5.385887145996094,23.90538787841797,57.25347137451172
1781099322846138600,86.286138671875,-5.463348388671875,24.259803771972656,57.22663116455078
1781099322871214600,86.31121459960937,-5.3260955810546875,24.646461486816406,57.04528045654297
1781099322896289500,86.33628955078125,-5.483734130859375,25.006492614746094,57.10560607910156
1781099322921365800,86.36136572265625,-5.511405944824219,25.643898010253906,56.909812927246094
1781099322946440700,86.38644067382812,-5.642524719238281,25.879432678222656,57.222679138183594
1781099322971516700,86.4115166015625,-5.452598571777344,25.934181213378906,57.43878936767578
1781099322996591600,86.43659155273437,-5.9855499267578125,27.276412963867188,58.953773498535156
1781099323021667800,86.46166772460937,-5.5505828857421875,27.358688354492188,58.8909912109375
1781099323046742500,86.48674243164062,-4.5904083251953125,27.73260498046875,59.227630615234375
1781099323071818200,86.511818359375,-4.0755462646484375,27.722183227539062,59.32887268066406
1781099323096893200,86.53689306640625,-3.4505233764648438,27.920730590820312,59.46599578857422
1781099323121969200,86.56196923828125,-2.8457870483398438,27.77764892578125,59.67974853515625
1781099323147045400,86.58704541015625,-2.2130050659179688,27.700607299804688,59.97435760498047
1781099323172120300,86.61212036132812,-1.6062240600585938,27.749267578125,60.00569152832031
1781099323197196300,86.6371962890625,-1.1757659912109375,27.4219970703125,59.954063415527344
1781099323222271500,86.662271484375,-0.5122451782226562,27.245925903320312,59.878395080566406
1781099323247347500,86.68734741210938,-0.02162933349609375,27.188140869140625,59.66609191894531
1781099323272422400,86.71242236328125,0.279144287109375,26.709854125976562,59.73231506347656
1781099323297498000,86.737498046875,0.2230377197265625,26.317398071289062,59.725425720214844
1781099323322573300,86.7625732421875,0.400177001953125,25.977706909179688,59.75635528564453
1781099323347649300,86.78764916992188,0.7623977661132812,25.821487426757812,59.86848449707031
1781099323372724200,86.81272412109375,1.0203018188476562,25.80743408203125,60.072349548339844
1781099323397800400,86.83780053710937,-2.4015045166015625,22.046302795410156,64.2262954711914
1781099323422876400,86.86287646484375,-2.7099456787109375,21.85399627685547,64.12438201904297
1781099323447951400,86.88795141601562,-3.2547531127929688,21.740745544433594,64.0130844116211
1781099323473027300,86.91302734375,-3.41412353515625,21.879920959472656,64.12451934814453
1781099323498102500,86.9381025390625,-3.6835861206054688,22.034690856933594,64.5308609008789
1781099323523178200,86.96317822265625,-3.925384521484375,21.80785369873047,64.49764251708984
1781099323548253200,86.98825317382813,-3.9465179443359375,21.96460723876953,64.63397216796875
1781099323573329400,87.01332934570313,-3.543182373046875,22.23217010498047,64.86478424072266
1781099323598404400,87.038404296875,-3.3172988891601562,22.23554229736328,64.95413208007812
1781099323623480300,87.06348022460938,-3.45379638671875,22.173973083496094,65.24225616455078
1781099323648555300,87.08855517578125,-3.2120361328125,22.28289031982422,65.28190612792969
1781099323673631500,87.11363159179687,-2.7219772338867188,22.144081115722656,65.29637908935547
1781099323698707500,87.13870751953125,-2.6235733032226562,22.00139617919922,65.30752563476562
1781099323723782400,87.16378247070313,-2.4875946044921875,21.70508575439453,65.4266586303711
1781099323748858400,87.1888583984375,-2.7546234130859375,21.60210418701172,65.38610076904297
1781099323773933300,87.21393334960938,-2.3681869506835938,21.786231994628906,65.81725311279297
1781099323799009300,87.23900927734375,-2.521087646484375,21.957786560058594,66.09757232666016
1781099323824084200,87.26408422851563,-4.264923095703125,23.653472900390625,65.39600372314453
1781099323849160400,87.28916040039063,-4.069488525390625,23.825775146484375,65.2553939819336
1781099323874235400,87.3142353515625,-3.7887802124023438,23.889495849609375,65.36473846435547
1781099323899311400,87.33931127929688,-3.598663330078125,23.669677734375,65.0925064086914
1781099323924386300,87.36438623046875,-3.4507369995117188,23.485946655273438,65.10332489013672
1781099323949462500,87.38946264648438,-3.024444580078125,23.323760986328125,65.14686584472656
1781099323974538200,87.41453833007813,-3.176361083984375,22.892074584960938,64.94532775878906
1781099323999613200,87.43961328125,-2.8296966552734375,22.715225219726562,64.83720397949219
1781099324024689400,87.464689453125,-2.9212112426757812,22.614654541015625,64.68376922607422
1781099324049764000,87.48976416015626,-3.2165679931640625,22.5145263671875,64.50750732421875
1781099324074840300,87.51484033203126,-3.976898193359375,22.695724487304688,64.3251724243164
1781099324099915300,87.53991528320313,-3.871185302734375,22.653335571289062,64.17212677001953
1781099324124991200,87.5649912109375,-4.096458435058594,22.303146362304688,64.11672973632812
1781099324150066200,87.59006616210938,-4.149177551269531,22.441375732421875,64.05574798583984
1781099324175142400,87.61514233398438,0.30191802978515625,20.35894775390625,60.517120361328125
1781099324200217300,87.64021728515625,0.42537689208984375,19.970565795898438,60.39323425292969
1781099324225293000,87.66529296875,0.6601486206054688,19.883346557617188,60.54828643798828
1781099324250369300,87.69036938476563,0.523712158203125,19.81805419921875,60.77687072753906
1781099324275444200,87.7154443359375,0.26946258544921875,19.819305419921875,60.77821350097656
1781099324300520200,87.74052026367187,0.23470306396484375,19.734588623046875,61.160003662109375
1781099324325595100,87.76559521484376,0.35214996337890625,19.740585327148438,61.01233673095703
1781099324350671400,87.79067138671876,0.7801589965820312,19.629348754882812,61.09374237060547
1781099324375746300,87.81574633789063,1.16412353515625,19.390609741210938,61.17140197753906
1781099324400822300,87.840822265625,1.33013916015625,19.3052978515625,61.16633605957031
1781099324425897200,87.86589721679688,1.7184829711914062,18.844757080078125,60.982460021972656
1781099324450973200,87.89097314453124,2.2585983276367188,18.865081787109375,61.017738342285156
1781099324476048100,87.91604809570312,1.752197265625,18.33404541015625,60.61424255371094
1781099324501124000,87.9411240234375,1.9318466186523438,17.788177490234375,60.512001037597656
1781099324526200300,87.96620043945312,1.9535598754882812,17.17078399658203,60.16865539550781
1781099324551275300,87.99127514648437,4.607109069824219,17.196372985839844,62.38368225097656
1781099324576351200,88.01635131835937,4.458747863769531,16.9102783203125,62.362159729003906
1781099324601426200,88.04142626953124,3.7789382934570312,16.130416870117188,62.54688262939453
1781099324626502400,88.06650244140624,3.6688003540039062,15.821510314941406,62.633941650390625
1781099324651577300,88.09157739257813,3.5625,15.377655029296875,63.0418701171875
1781099324676653000,88.11665307617187,2.6846847534179688,15.279853820800781,63.05696105957031
1781099324701728000,88.14172802734375,2.1033554077148438,15.136871337890625,63.546424865722656
1781099324726804200,88.16680419921875,2.030426025390625,15.228416442871094,63.86882781982422
1781099324751879200,88.19187915039062,2.0972442626953125,15.183586120605469,64.12565612792969
1781099324776955100,88.216955078125,1.7929916381835938,14.92950439453125,64.47159576416016
1781099324802031400,88.24203125,1.7588424682617188,14.971763610839844,64.8100814819336
1781099324827106300,88.26710620117187,1.9973373413085938,15.4019775390625,65.07062530517578
1781099324852182300,88.29218237304687,1.9923019409179688,15.36962890625,64.94723510742188
1781099324877257200,88.31725732421874,1.4728469848632812,15.802680969238281,64.96931457519531
1781099324902333200,88.34233325195312,1.4100112915039062,15.935203552246094,65.099609375
1781099324927408000,88.367408203125,1.1705322265625,16.093704223632812,65.08159637451172
1781099324952484000,88.39248413085937,1.5651397705078125,16.579994201660156,65.08929443359375
1781099324977559300,88.41755932617187,1.6700439453125,15.570266723632812,65.39027404785156
1781099325002635300,88.44263525390625,1.8886184692382812,15.73907470703125,65.47811889648438
1781099325027711500,88.46771142578125,1.6651382446289062,15.985664367675781,65.55509185791016
1781099325052786400,88.49278637695312,1.1431961059570312,16.2589111328125,65.373779296875
1781099325077862100,88.51786206054688,1.0563201904296875,16.12018585205078,65.33163452148438
1781099325102937300,88.54293725585937,0.7315521240234375,16.178802490234375,65.3422622680664
1781099325128013300,88.56801342773437,0.3412933349609375,16.44341278076172,65.2281723022461
1781099325153088300,88.59308813476562,0.41534423828125,16.41858673095703,65.41026306152344
1781099325178164500,88.61816455078124,0.391021728515625,16.616294860839844,66.05308532714844
1781099325203239400,88.64323950195312,0.32635498046875,16.9989013671875,66.15947723388672
1781099325228315400,88.6683154296875,0.20740509033203125,17.69635009765625,66.4424819946289
1781099325253390300,88.69339038085937,0.23601531982421875,17.922019958496094,66.11434173583984
1781099325278466600,88.71846655273437,0.6836700439453125,18.122642517089844,65.63534545898438
1781099325303542300,88.74354223632812,0.714080810546875,18.35698699951172,65.3956298828125
1781099325328617200,88.7686171875,1.3295059204101562,18.58661651611328,65.06330108642578
1781099325353693400,88.793693359375,1.5492095947265625,18.69365692138672,64.86310577392578
1781099325378768400,88.81876831054687,-0.1904144287109375,16.790512084960938,62.47932434082031
1781099325403844400,88.84384423828125,0.25136566162109375,17.278335571289062,62.60960388183594
1781099325428919300,88.86891918945312,0.911102294921875,17.395172119140625,62.70130920410156
1781099325453995500,88.89399560546875,0.8716278076171875,17.330108642578125,62.87629699707031
1781099325479070500,88.91907055664062,1.1587066650390625,17.302490234375,62.92863464355469
1781099325504146400,88.944146484375,2.021759033203125,17.153961181640625,62.60478210449219
1781099325529222400,88.96922241210937,2.35540771484375,16.704620361328125,62.17511749267578
1781099325554297300,88.99429736328125,3.3431625366210938,16.246490478515625,62.03758239746094
1781099325579373300,89.01937329101563,2.81488037109375,15.229415893554688,62.193077087402344
1781099325604448300,89.0444482421875,2.5318756103515625,14.96173095703125,62.376861572265625
1781099325629524500,89.0695244140625,2.1632308959960938,14.769378662109375,62.647743225097656
1781099325654599400,89.09459936523437,4.7216949462890625,18.990371704101562,57.93077850341797
1781099325679675400,89.11967529296875,4.731132507324219,18.709266662597656,57.754608154296875
1781099325704750300,89.14475024414062,4.06536865234375,18.54747772216797,57.888275146484375
1781099325729826600,89.16982666015625,4.187019348144531,18.529830932617188,58.165748596191406
1781099325754902300,89.19490234375,3.6754913330078125,18.370819091796875,58.45265197753906
1781099325779977200,89.21997729492188,3.7745437622070312,18.585647583007812,58.57012939453125
1781099325805053400,89.24505346679688,3.5975570678710938,19.34429168701172,58.55028533935547
1781099325830128400,89.27012841796875,3.4408721923828125,19.369972229003906,58.42237854003906
1781099325855204400,89.29520434570313,3.3506622314453125,19.712623596191406,58.292236328125
1781099325880279300,89.320279296875,3.4091796875,20.13532257080078,57.819854736328125
1781099325905355500,89.34535546875,3.4293670654296875,20.156005859375,57.76671600341797
1781099325930430500,89.37043041992187,3.5799789428710938,20.36273956298828,57.42585754394531
1781099325955506400,89.39550634765625,3.606903076171875,20.430198669433594,57.07911682128906
1781099325980582400,89.42058251953125,3.4402923583984375,20.38794708251953,56.70783233642578
1781099326005657300,89.4456572265625,2.6740493774414062,20.179893493652344,56.580718994140625
1781099326030733800,89.47073388671875,2.4617462158203125,19.985145568847656,56.52190399169922
1781099326055808800,89.49580883789062,2.5966873168945312,19.98004150390625,56.4383544921875
1781099326080884700,89.520884765625,2.4860153198242188,19.610107421875,56.62114715576172
1781099326105959700,89.54595971679687,1.48870849609375,21.381813049316406,55.628578186035156
1781099326131036000,89.57103588867187,1.270660400390625,21.59198760986328,56.03870391845703
1781099326156111600,89.59611157226563,0.7167892456054688,21.876548767089844,56.879051208496094
1781099326181186600,89.6211865234375,0.8932418823242188,21.785934448242188,57.08709716796875
1781099326206262800,89.6462626953125,1.3194351196289062,22.022491455078125,57.47334289550781
1781099326231337700,89.67133764648437,1.692230224609375,22.26190185546875,57.54469299316406
1781099326256413700,89.69641357421875,2.3933868408203125,22.0684814453125,57.886070251464844
1781099326281488600,89.72148852539063,2.7322921752929688,21.912452697753906,58.17938995361328
1781099326306564900,89.74656494140625,2.580078125,22.089996337890625,58.503761291503906
1781099326331639800,89.77163989257812,5.9906463623046875,12.436920166015625,53.28558349609375
1781099326356715800,89.7967158203125,6.243370056152344,12.202484130859375,53.66675567626953
1781099326381791500,89.82179150390625,6.737998962402344,11.813682556152344,53.46196746826172
1781099326406866700,89.84686669921875,7.1142120361328125,11.325782775878906,53.19285583496094
1781099326431942700,89.87194262695313,6.794166564941406,10.624122619628906,52.63523864746094
1781099326457017600,89.897017578125,6.64410400390625,10.438995361328125,52.34314727783203
1781099326482093800,89.92209375,6.1554718017578125,10.028076171875,52.246376037597656
1781099326507168800,89.94716870117188,5.444236755371094,9.903831481933594,52.11082458496094
1781099326532244700,89.97224462890625,4.6837158203125,9.482826232910156,51.83746337890625
1781099326557319700,89.99731958007813,3.7824172973632812,9.48388671875,51.45689392089844
1781099326582396000,90.02239599609375,3.3558578491210938,9.637626647949219,51.387474060058594
1781099326607471600,90.0474716796875,2.6684722900390625,10.025848388671875,51.16461181640625
1781099326632546600,90.07254663085938,2.2702865600585938,10.368675231933594,51.10204315185547
1781099326657622800,90.09762280273438,1.5565567016601562,11.497169494628906,51.029388427734375
1781099326682697700,90.12269775390625,4.3150482177734375,17.856826782226562,42.9952392578125
1781099326707773700,90.14777368164063,4.2270050048828125,17.743621826171875,42.658592224121094
1781099326732848600,90.1728486328125,4.3140869140625,18.367225646972656,42.120384216308594
1781099326757924900,90.1979248046875,3.9887466430664062,18.928977966308594,41.8345947265625
1781099326782999800,90.22299975585938,3.8187255859375,19.54206085205078,41.643104553222656
1781099326808075800,90.24807568359375,4.119110107421875,19.793617248535156,41.863014221191406
1781099326833151700,90.27315185546875,4.394134521484375,20.85912322998047,41.87586212158203
1781099326858226700,90.29822680664063,4.273406982421875,21.18408966064453,41.875885009765625
1781099326883302700,90.323302734375,5.224006652832031,21.330970764160156,41.67498779296875
1781099326908377600,90.34837768554688,11.893226623535156,20.02392578125,41.727294921875
1781099326933453800,90.37345385742188,12.385276794433594,19.845184326171875,41.68763732910156
1781099326958528800,90.39852880859375,12.854278564453125,19.538162231445312,41.67498016357422
1781099326983604700,90.42360473632813,12.71282958984375,19.517501831054688,41.57135009765625
1781099327008679700,90.4486796875,12.891441345214844,19.328445434570312,41.546295166015625
1781099327033755400,90.47375537109374,12.758445739746094,19.10064697265625,41.61182403564453
1781099327058831000,90.4988310546875,12.24969482421875,18.46929931640625,41.80107116699219
1781099327083906300,90.52390625,12.089248657226562,18.302947998046875,42.15216827392578
1781099327108982300,90.54898217773437,11.73126220703125,18.067855834960938,42.498741149902344
1781099327134057200,90.57405712890625,11.392341613769531,18.187042236328125,43.19420623779297
1781099327159133400,90.59913354492187,11.488197326660156,18.5216064453125,43.29310607910156
1781099327184208400,90.62420849609374,11.5689697265625,18.658004760742188,43.30619812011719
1781099327209284400,90.64928442382812,11.801200866699219,18.742156982421875,43.42805480957031
1781099327234359300,90.674359375,11.559356689453125,18.707382202148438,43.37031555175781
1781099327259435500,90.699435546875,12.111534118652344,18.835617065429688,43.24536895751953
1781099327284511200,90.72451123046875,11.594184875488281,18.7762451171875,43.24241638183594
1781099327309586200,90.74958618164062,9.741378784179688,16.212135314941406,42.32482147216797
1781099327334662400,90.77466235351562,9.039970397949219,16.845909118652344,42.51066589355469
1781099327359737300,90.7997373046875,8.480209350585938,17.39807891845703,43.048683166503906
1781099327384813300,90.82481323242187,8.912384033203125,17.70301055908203,43.41706848144531
1781099327409888300,90.84988818359375,9.227760314941406,17.679100036621094,43.06842803955078
1781099327434964500,90.87496459960937,9.517433166503906,17.99083709716797,42.967933654785156
1781099327460039400,90.90003930664062,10.209442138671875,18.32892608642578,42.658538818359375
1781099327485115400,90.92511547851562,11.047111511230469,18.37230682373047,42.37358856201172
1781099327510191400,90.95019140625,11.304527282714844,18.65325164794922,41.82274627685547
1781099327535266300,90.97526635742187,11.803596496582031,18.35655975341797,41.137786865234375
1781099327560342300,91.00034228515625,12.444740295410156,17.968605041503906,40.67902374267578
1781099327585417200,91.02541723632812,11.810287475585938,17.076805114746094,40.25031280517578
1781099327610493400,91.05049340820312,11.416412353515625,16.64990997314453,40.14692687988281
1781099327635568400,91.075568359375,11.251373291015625,16.30821990966797,40.309852600097656
1781099327660644400,91.10064428710938,11.276214599609375,16.03748321533203,40.481689453125
1781099327685719300,91.12571923828125,10.652252197265625,15.818016052246094,40.62415313720703
1781099327710795500,91.15079541015625,10.154800415039062,15.901405334472656,41.175331115722656
1781099327735871200,91.17587133789063,10.849349975585938,15.448204040527344,41.21531677246094
1781099327760946200,91.2009462890625,10.85382080078125,15.269203186035156,41.656272888183594
1781099327786022400,91.2260224609375,11.4884033203125,15.392768859863281,41.81914520263672
1781099327811097300,91.25109741210937,11.5927734375,15.555961608886719,42.181968688964844
1781099327836173300,91.27617333984375,11.986419677734375,15.517021179199219,42.46068572998047
1781099327861248300,91.30124829101563,12.644561767578125,15.546333312988281,42.64320373535156
1781099327886324500,91.32632446289062,12.653518676757812,15.313591003417969,42.695884704589844
1781099327911399400,91.3513994140625,12.821014404296875,14.995780944824219,42.628021240234375
1781099327936475400,91.37647534179688,12.470222473144531,14.710624694824219,42.74517822265625
1781099327961551400,91.40155126953125,12.521293640136719,14.569511413574219,42.94853973388672
1781099327986626300,91.42662622070313,12.358169555664062,14.130470275878906,43.269325256347656
1781099328011702300,91.45170239257813,12.337348937988281,14.320655822753906,43.535491943359375
1781099328036778000,91.47677807617187,11.875396728515625,14.117073059082031,43.649864196777344
1781099328061854000,91.50185400390625,11.786201477050781,14.081794738769531,43.78789520263672
1781099328086929200,91.52692919921876,11.690574645996094,14.069175720214844,43.84855651855469
1781099328112005000,91.55200512695312,6.715339660644531,17.68199920654297,46.13848114013672
1781099328137080000,91.577080078125,6.9300079345703125,17.654136657714844,46.34501647949219
1781099328162156000,91.60215600585937,7.094535827636719,17.862937927246094,46.681427001953125
1781099328187232000,91.62723193359375,7.637359619140625,18.35425567626953,46.98030090332031
1781099328212307000,91.65230688476562,8.240913391113281,19.087791442871094,47.20029830932617
1781099328237383000,91.6773828125,8.8441162109375,18.95124053955078,47.2240104675293
1781099328262458000,91.7024580078125,9.536827087402344,19.02729034423828,47.123313903808594
1781099328287534000,91.7275341796875,9.840629577636719,19.00232696533203,47.16853713989258
1781099328312609000,91.75260913085937,10.319320678710938,19.030235290527344,46.89845657348633
1781099328337685000,91.77768505859375,11.102592468261719,19.259681701660156,46.97382736206055
1781099328362760200,91.80276025390626,10.115318298339844,18.070663452148438,50.61684799194336
1781099328387836000,91.8278359375,10.634742736816406,18.671585083007812,50.566768646240234
1781099328412910800,91.85291088867187,10.791885375976562,18.74371337890625,50.40674591064453
1781099328437987000,91.87798706054687,11.859878540039062,19.309890747070312,50.208465576171875
1781099328463063000,91.90306298828125,12.504669189453125,19.94451904296875,49.642723083496094
1781099328488138000,91.92813793945312,13.669425964355469,20.007232666015625,48.915374755859375
1781099328513214200,91.95321411132812,18.031494140625,16.947509765625,48.399513244628906
1781099328538289200,91.9782890625,19.01959991455078,16.501495361328125,47.308555603027344
1781099328563364900,92.00336474609375,19.141525268554688,15.268890380859375,46.191246032714844
1781099328588440000,92.02844018554687,18.59264373779297,14.120193481445312,45.47771453857422
1781099328613516000,92.05351611328125,17.44927978515625,12.10174560546875,44.985626220703125
1781099328638591000,92.07859106445312,16.645042419433594,11.315773010253906,45.06383514404297
1781099328663667000,92.1036669921875,20.24073028564453,8.23150634765625,42.30046081542969
1781099328688743200,92.1287431640625,18.829498291015625,7.552497863769531,42.114723205566406
1781099328713818000,92.15381811523437,17.816551208496094,7.402626037597656,42.21515655517578
1781099328738894000,92.17889404296875,17.065391540527344,7.5150604248046875,42.16637420654297
1781099328763969000,92.20396899414062,16.88965606689453,6.841896057128906,35.651039123535156
1781099328789045000,92.229044921875,15.984657287597656,7.143226623535156,35.61638641357422
1781099328814120000,92.25411987304688,15.504814147949219,7.624580383300781,35.85332489013672
1781099328839196000,92.27919580078125,15.350692749023438,8.271354675292969,35.809242248535156
1781099328864270800,92.30427075195313,15.157958984375,8.137123107910156,35.56004333496094
1781099328889347000,92.32934716796875,14.832504272460938,8.002548217773438,35.421958923339844
1781099328914422000,92.35442211914062,14.885459899902344,8.032882690429688,35.28260803222656
1781099328939498000,92.379498046875,14.659339904785156,8.094223022460938,35.41120147705078
1781099328964574200,92.40457421875,14.66802978515625,7.9482421875,35.244659423828125
1781099328989649200,92.42964916992187,16.25011444091797,7.4515228271484375,31.404151916503906
1781099329014724900,92.45472485351563,16.37267303466797,6.845634460449219,31.364471435546875
1781099329039799300,92.47979931640624,16.77045440673828,6.3619232177734375,31.044479370117188
1781099329064875000,92.504875,16.795211791992188,5.763519287109375,30.946487426757812
1781099329089950200,92.5299501953125,16.112594604492188,4.659324645996094,30.977310180664062
1781099329115026200,92.55502612304687,17.561180114746094,3.2703704833984375,31.741744995117188
1781099329140101000,92.58010107421875,16.46965789794922,2.4619979858398438,32.158103942871094
1781099329165177000,92.60517700195312,15.739288330078125,2.266326904296875,32.48200225830078
1781099329190253300,92.63025341796875,15.366302490234375,1.914215087890625,32.66505432128906
1781099329215328300,92.65532836914062,15.22943115234375,1.8593673706054688,33.165382385253906
1781099329240404200,92.680404296875,14.79766845703125,-0.42021942138671875,32.55641174316406
1781099329265479400,92.7054794921875,14.630081176757812,-0.5675582885742188,33.151649475097656
1781099329290555100,92.73055517578125,14.605941772460938,-0.35654449462890625,33.79228973388672
1781099329315630000,92.75563012695312,14.656867980957031,0.4221954345703125,34.51153564453125
1781099329340706000,92.7807060546875,15.083404541015625,0.6912155151367188,34.569190979003906
1781099329365781200,92.80578125,15.825424194335938,0.8627090454101562,34.55663299560547
1781099329390857200,92.83085717773437,14.201148986816406,3.4854812622070312,34.14582061767578
1781099329415932200,92.85593212890625,14.588172912597656,3.2218399047851562,33.812591552734375
1781099329441008000,92.88100805664062,15.178070068359375,3.0226516723632812,33.632667541503906
1781099329466084400,92.90608447265625,15.58135986328125,3.1031417846679688,33.36857604980469
1781099329491159300,92.9311591796875,15.380821228027344,3.3590774536132812,32.619102478027344
1781099329516235000,92.95623510742188,15.170066833496094,3.2338180541992188,32.25725555419922
1781099329541310200,92.98131030273437,14.358100891113281,2.8657302856445312,32.09748077392578
1781099329566386200,93.00638623046875,13.425270080566406,2.6367416381835938,32.20716857910156
1781099329591461000,93.03146118164062,11.522636413574219,2.337493896484375,32.32887268066406
1781099329616537000,93.056537109375,10.32647705078125,2.5809860229492188,32.795654296875
1781099329641612300,93.0816123046875,9.157157897949219,2.8936309814453125,33.25160217285156
1781099329666688300,93.10668823242187,7.1882781982421875,3.87652587890625,34.265159606933594
1781099329691763200,93.13176318359375,6.111930847167969,5.099540710449219,34.820587158203125
1781099329716839400,93.15683935546875,5.221343994140625,6.92523193359375,35.237335205078125
1781099329741915100,93.1819150390625,4.5238494873046875,4.36376953125,28.428695678710938
1781099329766990000,93.20698999023438,5.071495056152344,6.566963195800781,28.1580810546875
1781099329792066000,93.23206616210938,5.533515930175781,7.817985534667969,27.809112548828125
1781099329817141200,93.25714135742187,7.1553497314453125,9.592475891113281,27.292503356933594
1781099329842217200,93.28221728515625,5.215156555175781,12.506553649902344,27.262290954589844
1781099329867292200,93.30729223632812,6.15924072265625,13.337562561035156,26.953155517578125
1781099329892368400,93.33236840820312,7.141387939453125,14.419853210449219,26.257347106933594
1781099329917443300,93.357443359375,8.233741760253906,15.061729431152344,25.640823364257812
1781099329942519300,93.38251928710937,9.334114074707031,15.990043640136719,24.162216186523438
1781099329967594200,93.40759423828125,9.937576293945312,16.35437774658203,23.46245574951172
1781099329992670200,93.43267016601563,10.899765014648438,16.78022003173828,22.210609436035156
1781099330017746200,93.45774609375,11.127311706542969,17.042015075683594,21.56085205078125
1781099330042822000,93.48282177734374,11.374603271484375,17.336708068847656,20.941390991210938
1781099330067897900,93.50789794921874,11.863601684570312,17.80931854248047,20.293052673339844
1781099330092972800,93.53297290039062,12.523223876953125,17.925514221191406,19.53546905517578
1781099330118049000,93.55804907226562,12.6519775390625,12.501411437988281,15.287086486816406
1781099330143124000,93.5831240234375,13.828910827636719,12.453483581542969,14.696914672851562
1781099330168199700,93.60819970703125,15.881370544433594,12.042472839355469,13.073501586914062
1781099330193274600,93.63327465820312,17.0870361328125,11.718437194824219,12.292686462402344
1781099330218350800,93.65835083007812,18.835357666015625,10.334815979003906,10.945663452148438
1781099330243425800,93.68342578125,19.70917510986328,8.682624816894531,10.050636291503906
1781099330268501800,93.70850170898437,20.010009765625,6.275016784667969,9.177314758300781
1781099330293578000,93.73357788085937,19.93475341796875,2.6470260620117188,9.091041564941406
1781099330318653000,93.75865283203125,19.42259979248047,0.44863128662109375,9.96917724609375
1781099330343729000,93.78372900390625,17.324005126953125,-2.6252059936523438,11.598548889160156
1781099330368803800,93.80880395507812,49.320404052734375,-5.0305938720703125,24.974014282226562
1781099330393879800,93.8338798828125,47.776039123535156,-5.3495330810546875,27.437156677246094
1781099330418954800,93.85895483398437,46.834808349609375,-5.100914001464844,29.15967559814453
1781099330444030700,93.88403076171875,46.187774658203125,-4.802940368652344,30.492782592773438
1781099330469105700,93.90910571289062,46.16572570800781,-3.1494064331054688,31.700279235839844
1781099330494182000,93.93418188476562,3.1598434448242188,0.60565185546875,29.69214630126953
1781099330519256800,93.9592568359375,3.6949005126953125,3.0639495849609375,29.94171905517578
1781099330544332800,93.98433276367187,4.27459716796875,5.0668487548828125,29.50958251953125
1781099330569408800,94.00940869140625,5.137260437011719,7.6746978759765625,27.86371612548828
1781099330594484000,94.03448388671875,5.587562561035156,9.169342041015625,26.238006591796875
1781099330619559700,94.0595595703125,6.184883117675781,10.01092529296875,24.25664520263672
1781099330644634600,94.08463452148438,7.012077331542969,10.75927734375,20.986190795898438
1781099330669710800,94.1097109375,7.321235656738281,10.668716430664062,19.29059600830078
1781099330694785800,94.13478588867187,7.755378723144531,9.55291748046875,16.305526733398438
1781099330719861800,94.15986181640625,32.314048767089844,-21.195892333984375,-23.34770965576172
1781099330744937000,94.18493701171874,31.824447631835938,-23.262603759765625,-25.393150329589844
1781099330770013000,94.21001293945312,30.78681182861328,-24.811065673828125,-26.24072265625
1781099330795089000,94.2350888671875,29.685028076171875,-27.032997131347656,-27.744186401367188
1781099330820163800,94.26016381835937,28.75409698486328,-28.85729217529297,-28.268844604492188
1781099330845239800,94.28523974609375,55.77216339111328,-47.259849548339844,-8.964195251464844
1781099330870314800,94.31031469726562,53.655906677246094,-49.482383728027344,-8.714195251464844
1781099330895390700,94.335390625,51.86601257324219,-50.66271209716797,-8.321067810058594
1781099330920466000,94.3604658203125,49.685943603515625,-51.39646911621094,-7.201446533203125
1781099330945542000,94.3855419921875,43.54646301269531,-59.244102478027344,-20.570419311523438
1781099330970616800,94.41061694335937,42.708168029785156,-59.4608154296875,-19.29967498779297
1781099330995692800,94.43569287109375,42.399925231933594,-59.101470947265625,-18.160972595214844
1781099331020768000,94.46076806640625,42.34735870361328,-58.98554229736328,-17.078689575195312
1781099331045843200,94.48584326171876,42.71742248535156,-58.340126037597656,-15.54437255859375
1781099331070919000,94.5109189453125,43.76831817626953,-57.72685241699219,-14.919471740722656
1781099331095994000,94.535994140625,45.00921630859375,-57.23845672607422,-14.278396606445312
1781099331121070000,94.56107006835937,39.29338073730469,-23.156219482421875,-20.51312255859375
1781099331146145000,94.58614501953124,40.60462951660156,-23.880783081054688,-20.39220428466797
1781099331171221000,94.61122094726562,41.448890686035156,-24.433921813964844,-20.062332153320312
1781099331196296200,94.63629614257812,42.646942138671875,-25.490249633789062,-19.062164306640625
1781099331221372200,94.6613720703125,43.42291259765625,-26.117774963378906,-18.57349395751953
1781099331246447000,94.68644702148437,44.00470733642578,-26.910003662109375,-17.711158752441406
1781099331271523300,94.7115234375,44.38501739501953,-27.3690185546875,-16.235763549804688
1781099331296598300,94.73659838867188,44.565269470214844,-27.779861450195312,-15.397216796875
1781099331321674000,94.76167407226562,47.32080078125,10.037643432617188,12.028717041015625
1781099331346750000,94.78675,47.48193359375,10.757148742675781,12.938499450683594
1781099331371825200,94.8118251953125,47.86998748779297,11.633949279785156,13.743370056152344
1781099331396901000,94.83690112304687,48.295928955078125,12.180549621582031,13.874282836914062
1781099331421976000,94.86197607421875,48.888145446777344,13.104049682617188,13.848518371582031
1781099331447052300,94.88705224609375,48.85472869873047,14.24212646484375,13.518821716308594
1781099331472127200,94.91212719726562,49.38128662109375,14.798004150390625,12.970741271972656
1781099331497203200,94.937203125,50.29869079589844,15.193656921386719,12.152549743652344
1781099331522278100,94.96227807617187,44.20459747314453,20.74304962158203,1.7363967895507812
1781099331547354000,94.98735400390625,45.16215515136719,20.221168518066406,1.3086700439453125
1781099331572429000,95.01242895507812,45.64312744140625,19.76879119873047,1.2117156982421875
1781099331597505000,95.03750512695312,45.73279571533203,19.63360595703125,1.2764205932617188
1781099331622581200,95.06258129882812,45.9981689453125,19.34649658203125,0.8481826782226562
1781099331647656200,95.08765625,45.89007568359375,19.145828247070312,0.0290069580078125
1781099331672732200,95.11273217773437,45.930938720703125,19.32054901123047,-1.0889434814453125
1781099331697807000,95.13780712890625,46.68529510498047,14.32958984375,0.0037384033203125
1781099331722883300,95.16288330078125,46.85307312011719,13.786186218261719,-1.4755020141601562
1781099331747958300,95.18795825195312,47.01427459716797,13.241325378417969,-2.4420089721679688
1781099331773034000,95.21303393554687,46.821556091308594,12.285507202148438,-3.3845901489257812
1781099331798109000,95.23810888671875,46.54753875732422,11.019485473632812,-3.6450042724609375
1781099331823185200,95.26318505859375,45.68510437011719,9.972328186035156,-3.6365814208984375
1781099331848260000,95.28826000976562,44.77040100097656,9.043266296386719,-3.2178421020507812
1781099331873336000,95.31333618164062,50.15748596191406,-3.9847640991210938,8.994186401367188
1781099331898412300,95.33841235351562,48.58723449707031,-4.2929840087890625,9.464645385742188
1781099331923487200,95.3634873046875,47.777252197265625,-4.417961120605469,10.157173156738281
1781099331948563200,95.38856323242187,45.984642028808594,-3.6019515991210938,10.806632995605469
1781099331973638100,95.41363818359375,45.162322998046875,-2.8687820434570312,11.138725280761719
1781099331998714000,95.43871411132812,44.85345458984375,-1.6369247436523438,11.380172729492188
1781099332023789000,95.4637890625,45.240318298339844,0.18544769287109375,11.972557067871094
1781099332048864500,95.48886450195313,45.676239013671875,1.1398468017578125,12.12310791015625
1781099332073939500,95.513939453125,35.674224853515625,-0.6266860961914062,2.6801223754882812
1781099332099015700,95.539015625,36.85352325439453,-0.6894683837890625,2.5371780395507812
1781099332124090600,95.56409057617188,38.99695587158203,-2.024017333984375,2.3579788208007812
1781099332149166600,95.58916650390626,39.99402618408203,-3.46759033203125,2.1584930419921875
1781099332174242800,95.61424291992188,40.75159454345703,-6.055046081542969,2.9566726684570312
1781099332199317800,95.63931787109375,40.78593444824219,-7.890556335449219,3.7894668579101562
1781099332224393700,95.66439379882813,61.088233947753906,15.932731628417969,4.172508239746094
1781099332249468700,95.68946875,59.78966522216797,15.300086975097656,6.65570068359375
1781099332274544600,95.71454467773438,58.94445037841797,15.478607177734375,8.367530822753906
1781099332299619600,95.73961962890625,58.5245361328125,16.87627410888672,10.200210571289062
1781099332324695600,95.76469555664063,58.06513214111328,18.12657928466797,11.096771240234375
1781099332349770500,95.7897705078125,58.530487060546875,21.039222717285156,11.991981506347656
1781099332374846700,95.8148466796875,58.64502716064453,22.673660278320312,11.650306701660156
1781099332399921700,95.83992163085938,52.19330596923828,30.613388061523438,-2.505889892578125
1781099332424997600,95.86499755859376,52.067039489746094,33.07878112792969,-3.4225387573242188
1781099332450073600,95.89007348632812,52.300994873046875,34.58815002441406,-3.9440994262695312
1781099332475148800,95.91514868164063,53.13520812988281,37.11317443847656,-4.877525329589844
1781099332500224500,95.940224609375,53.86445617675781,38.958518981933594,-5.845062255859375
1781099332525299500,95.96529956054688,55.50548553466797,41.53284454345703,-7.45709228515625
1781099332550375700,95.99037573242188,57.0316162109375,43.22368621826172,-8.387626647949219
1781099332575450600,96.01545068359376,59.14183044433594,45.446998596191406,-10.1982421875
1781099332600526600,96.04052661132812,60.8661994934082,46.587852478027344,-11.740745544433594
1781099332625601500,96.0656015625,62.45252227783203,47.933311462402344,-13.662689208984375
1781099332650677800,96.090677734375,64.84783172607422,49.22240447998047,-16.45745849609375
1781099332675752700,96.11575268554688,66.59400939941406,49.89759063720703,-18.78540802001953
1781099332700828700,96.14082861328124,69.66929626464844,50.61933135986328,-22.46971893310547
1781099332725904600,96.16590454101562,72.02285766601562,50.480247497558594,-24.57915496826172
1781099332750979600,96.1909794921875,74.76691436767578,47.950843811035156,-28.28253936767578
1781099332776055600,96.2160556640625,76.421875,45.86994171142578,-30.648414611816406
1781099332801130500,96.24113061523437,78.19696807861328,-77.25143432617188,-54.19606018066406
1781099332826206700,96.26620678710937,80.12422180175781,-81.43325805664062,-57.12367248535156
1781099332851281700,96.29128173828126,80.64790344238281,-85.13081359863281,-58.73651885986328
1781099332876357600,96.31635766601562,80.73216247558594,-91.53642272949219,-60.68965148925781
1781099332901432600,96.3414326171875,79.24659729003906,-96.0394515991211,-61.04356384277344
1781099332926508500,96.36650854492187,76.14410400390625,-102.74673461914062,-60.279876708984375
1781099332951583700,96.39158374023438,73.32904052734375,-106.56632995605469,-58.74528503417969
1781099332976659500,96.41665942382812,70.26081085205078,-109.55961608886719,-56.314544677734375
1781099333001735700,96.44173559570312,268.81951904296875,-78.93269348144531,-13.254081726074219
1781099333026810600,96.466810546875,266.28662109375,-79.32713317871094,-10.44683837890625
1781099333051888000,96.49188818359374,262.8112487792969,-78.7262191772461,-7.08642578125
1781099333076963300,96.51696337890625,260.8994140625,-77.91236114501953,-5.146324157714844
1781099333102039300,96.54203930664063,258.7284240722656,-76.45376586914062,-3.3531341552734375
1781099333127114200,96.5671142578125,257.45318603515625,-75.5472183227539,-2.783905029296875
1781099333152190500,96.5921904296875,255.63467407226562,-73.92337799072266,-2.4813003540039062
1781099333177265400,96.61726538085938,68.35759735107422,-17.52967071533203,-31.697200775146484
1781099333202341400,96.64234130859376,66.8177490234375,-16.459686279296875,-31.655033111572266
1781099333227416300,96.66741625976563,65.82962036132812,-14.904838562011719,-31.99978256225586
1781099333252492500,96.69249243164063,65.47405242919922,-13.873649597167969,-32.189266204833984
1781099333277568300,96.717568359375,66.09235382080078,-12.551475524902344,-33.506168365478516
1781099333302643200,96.74264331054688,66.2191162109375,-12.641456604003906,-34.41288375854492
1781099333327719400,96.76771948242188,66.37657928466797,-13.704826354980469,-36.20650100708008
1781099333352794400,96.79279443359376,65.65184020996094,-14.900352478027344,-37.156620025634766
1781099333377870300,96.81787036132812,64.37299346923828,-16.626434326171875,-37.8117561340332
1781099333402945300,96.8429453125,62.286598205566406,-19.801658630371094,-38.874385833740234
1781099333428021500,96.868021484375,60.50688934326172,-21.606712341308594,-38.67203903198242
1781099333453096400,96.89309643554688,58.743499755859375,-24.003860473632812,-36.88748550415039
1781099333478172400,96.91817236328124,58.16151428222656,-25.053245544433594,-34.95673751831055
1781099333503247400,96.94324731445313,82.76993560791016,-32.967437744140625,-26.591270446777344
1781099333528323300,96.9683232421875,82.63644409179688,-33.82463836669922,-24.788848876953125
1781099333553399300,96.9933994140625,83.0764389038086,-34.905242919921875,-22.18988037109375
1781099333578474200,97.01847412109375,83.63136291503906,-35.838157653808594,-20.393081665039062
1781099333603550500,97.04355053710937,83.2834701538086,-36.820228576660156,-18.74249267578125
1781099333628625400,97.06862548828126,82.24517059326172,-37.77477264404297,-15.80694580078125
1781099333653701400,97.09370141601562,81.15274810791016,-37.94043731689453,-13.969841003417969
1781099333678776300,97.1187763671875,79.15616607666016,-37.61598205566406,-10.857353210449219
1781099333703852300,97.14385229492187,77.71072387695312,-37.17195129394531,-8.706069946289062
1781099333728927500,97.16892749023438,75.64034271240234,-34.75916290283203,-5.008552551269531
1781099333754003200,97.19400317382812,34.21031951904297,84.35009765625,-37.850433349609375
1781099333779078100,97.219078125,35.293540954589844,87.68037414550781,-36.124794006347656
1781099333804154400,97.244154296875,37.87452697753906,93.16436767578125,-35.241676330566406
1781099333829230300,97.26923022460937,40.97486114501953,96.21322631835938,-35.65520477294922
1781099333854305300,97.29430517578125,45.21644592285156,99.1374740600586,-38.209678649902344
1781099333879381500,97.31938159179687,48.02680206298828,100.21727752685547,-40.65130615234375
1781099333904456400,97.34445654296874,51.197509765625,101.30784606933594,-44.38817596435547
1781099333929532400,97.36953247070312,53.37434387207031,101.61322784423828,-46.74614715576172
1781099333954607400,97.394607421875,55.77299499511719,100.61483001708984,-50.625282287597656
1781099333979683300,97.41968334960937,56.53650665283203,98.18087005615234,-52.84912109375
1781099334004758300,97.44475830078125,57.06175231933594,96.20280456542969,-53.69969940185547
1781099334029834200,97.46983422851562,56.98332977294922,93.23767852783203,-53.20262908935547
1781099334054908400,97.49490844726563,109.8067626953125,95.28988647460938,-14.517810821533203
1781099334079984400,97.519984375,110.67572784423828,94.20328521728516,-12.965938568115234
1781099334105059300,97.54505932617188,111.24978637695312,93.74745178222656,-11.85446548461914
1781099334130135600,97.57013549804688,112.6647720336914,93.0506591796875,-10.999073028564453
1781099334155211500,97.59521142578124,113.80541229248047,92.80970764160156,-11.01956558227539
1781099334180286500,97.62028637695313,115.2665786743164,91.91739654541016,-11.937763214111328
1781099334205362400,97.64536254882813,116.21769714355469,89.86747741699219,-13.069286346435547
1781099334230437600,97.67043774414063,202.58941650390625,111.58778381347656,-0.6134719848632812
1781099334255513300,97.69551342773437,200.32937622070312,109.35169982910156,0.8924560546875
1781099334280588300,97.72058837890626,199.22412109375,108.69233703613281,2.7709121704101562
1781099334305664500,97.74566455078126,198.28311157226562,108.15289306640625,5.0839691162109375
1781099334330739500,97.77073950195313,197.8731231689453,107.98841857910156,6.1763153076171875
1781099334355815400,97.7958154296875,197.43603515625,108.02938842773438,7.0984344482421875
1781099334380890600,97.820890625,196.5758056640625,108.68423461914062,7.975013732910156
1781099334405966600,97.84596655273438,196.03643798828125,108.91093444824219,8.675537109375
1781099334431042600,97.87104248046874,134.67520141601562,76.20675659179688,20.869827270507812
1781099334456117500,97.89611743164062,134.6113739013672,76.61654663085938,20.994361877441406
1781099334481193500,97.921193359375,134.50320434570312,77.3505859375,21.07691192626953
1781099334506268400,97.94626831054687,134.85525512695312,77.87078857421875,21.171730041503906
1781099334531344400,97.97134448242187,134.24337768554688,78.83230590820312,21.349319458007812
1781099334556419600,97.99641967773438,134.5339813232422,79.42546081542969,21.073341369628906
1781099334581495600,98.02149560546874,134.87820434570312,79.71678161621094,21.079307556152344
1781099334606570500,98.04657055664063,135.24961853027344,80.05882263183594,20.83533477783203
1781099334631646500,98.071646484375,135.49510192871094,80.40809631347656,20.768699645996094
1781099334656721700,98.0967216796875,135.66265869140625,80.65480041503906,20.801719665527344
1781099334681797600,98.12179760742187,135.77410888671875,80.86582946777344,20.641204833984375
1781099334706872600,98.14687255859376,61.923805236816406,65.0428466796875,13.363868713378906
1781099334731948500,98.17194848632812,62.168739318847656,65.01387023925781,13.151557922363281
1781099334757023500,98.1970234375,62.27043914794922,65.0555419921875,12.950447082519531
1781099334782099500,98.22209936523437,62.676429748535156,65.04702758789062,12.393112182617188
1781099334807175400,98.24717553710937,62.52716064453125,65.02464294433594,12.275314331054688
1781099334832250600,98.27225073242188,62.37351989746094,64.91839599609375,12.124748229980469
1781099334857326600,98.29732666015624,62.74116516113281,65.00175476074219,11.825607299804688
1781099334882401500,98.32240161132812,62.95722961425781,64.76310729980469,11.497505187988281
1781099334907477500,98.3474775390625,63.34185028076172,64.91200256347656,11.37255859375
1781099334932552700,98.372552734375,64.41687774658203,64.97868347167969,11.230979919433594
1781099334957628400,98.39762841796875,64.46678924560547,64.72807312011719,11.021583557128906
1781099334982703400,98.42270336914062,29.521453857421875,51.64030838012695,19.36382293701172
1781099335007779600,98.44777954101562,30.058853149414062,51.27558517456055,19.267776489257812
1781099335032854500,98.4728544921875,30.617408752441406,51.106441497802734,19.06189727783203
1781099335057929700,98.4979296875,31.3609619140625,50.600276947021484,18.999977111816406
1781099335083006000,98.523005859375,31.82980728149414,50.4619026184082,19.29143524169922
1781099335108081000,98.54808081054688,31.386306762695312,50.460636138916016,19.635948181152344
1781099335133156900,98.57315698242188,31.409446716308594,50.36703109741211,19.429214477539062
1781099335158231800,98.59823168945313,31.426544189453125,50.28889083862305,19.018173217773438
1781099335183307800,98.62330786132813,23.11966323852539,47.47779083251953,21.06597137451172
1781099335208382700,98.6483828125,22.921165466308594,47.02179718017578,20.68488311767578
1781099335233458700,98.67345874023438,22.80526351928711,46.982215881347656,20.054855346679688
1781099335258533600,98.69853369140625,22.280128479003906,46.835693359375,19.39299774169922
1781099335283609900,98.72360986328125,22.55498504638672,46.03064727783203,18.04529571533203
1781099335308684800,98.74868481445313,22.408111572265625,45.28235626220703,17.35382843017578
1781099335333760800,98.7737607421875,9.2841796875,36.78170394897461,26.200836181640625
1781099335358836000,98.7988359375,8.991226196289062,35.74335861206055,26.447410583496094
1781099335383912000,98.82391186523438,8.459991455078125,35.11555099487305,26.927474975585938
1781099335408987000,98.84898681640625,7.529747009277344,34.38369369506836,27.818626403808594
1781099335434062600,98.8740625,6.982673645019531,34.01290512084961,28.39356231689453
1781099335459137800,98.8991376953125,6.343475341796875,33.92323684692383,29.504837036132812
1781099335484213800,98.9242138671875,26.626068115234375,30.669593811035156,32.067955017089844
1781099335509289700,98.94928979492188,25.919845581054688,31.092864990234375,32.79315185546875
1781099335534365000,98.97436499023438,25.44281005859375,31.220123291015625,33.23670959472656
1781099335559441000,98.99944091796876,25.21289825439453,31.603744506835938,32.67652130126953
1781099335584515800,99.02451586914063,24.870948791503906,31.6715087890625,32.475372314453125
1781099335609591800,99.049591796875,24.284423828125,31.92638397216797,32.33009338378906
1781099335634667000,99.0746669921875,23.474502563476562,32.40065002441406,32.356727600097656
1781099335659742700,99.09974267578124,22.767349243164062,33.01055908203125,31.93433380126953
1781099335684817700,99.12481762695313,21.560470581054688,33.573570251464844,31.384231567382812
1781099335709894000,99.14989379882813,20.56616973876953,34.20533752441406,30.587997436523438
1781099335734968800,99.17496875,20.025978088378906,34.737586975097656,30.181121826171875
1781099335760044800,99.200044921875,19.161209106445312,35.5084228515625,29.48735809326172
1781099335785119700,99.22511962890626,18.70391082763672,36.002113342285156,29.044166564941406
1781099335810196000,99.25019604492188,-20.081035614013672,34.110198974609375,71.75308227539062
1781099335835272000,99.27527197265626,-20.230770111083984,34.79600524902344,71.55889892578125
1781099335860347000,99.30034692382813,-20.205944061279297,35.45231628417969,71.32121276855469
1781099335885422800,99.3254228515625,-20.202625274658203,36.15660095214844,70.81327056884766
1781099335910497800,99.35049780273438,-19.582317352294922,37.41352081298828,70.50674438476562
1781099335935573800,99.37557373046874,-19.516651153564453,38.106788635253906,70.4291000366211
1781099335960648700,99.40064868164062,-19.069744110107422,38.8704833984375,69.9271011352539
1781099335985725000,99.42572485351562,-35.03267288208008,42.69156265258789,68.02852630615234
1781099336010799900,99.4507998046875,-34.29684066772461,42.719905853271484,67.13761138916016
1781099336035875800,99.47587573242187,-33.34097671508789,42.28401565551758,65.51676177978516
1781099336060951000,99.50095092773438,-33.384334564208984,41.67290115356445,64.86956787109375
1781099336086027000,99.52602709960938,-33.92759323120117,41.342220306396484,64.88310241699219
1781099336111102000,99.55110205078125,-37.411415100097656,44.31675338745117,61.29753112792969
1781099336136177700,99.576177734375,-37.4566650390625,44.62753677368164,61.31696319580078
1781099336161252900,99.6012529296875,-37.754249572753906,46.17509078979492,61.378448486328125
1781099336186328800,99.62632885742188,-37.427467346191406,47.1400032043457,60.94923400878906
1781099336211403800,99.65140380859376,-36.97046661376953,48.36277389526367,60.465919494628906
1781099336236479700,99.67647973632812,-36.98680877685547,49.090396881103516,60.21959686279297
1781099336261556000,99.70155590820312,-37.228878021240234,49.656307220458984,57.15776824951172
1781099336286631000,99.726630859375,-36.73366928100586,50.22886276245117,56.569068908691406
1781099336311707000,99.75170678710937,-36.43220138549805,50.61111831665039,55.30223083496094
1781099336336782000,99.77678198242188,-35.72746658325195,50.724544525146484,55.23350524902344
1781099336361857800,99.80185791015624,-35.59392166137695,51.207157135009766,54.79341125488281
1781099336386932700,99.8269326171875,-35.29838180541992,51.271114349365234,54.245216369628906
1781099336412008700,99.8520087890625,-35.09981918334961,51.459232330322266,54.18731689453125
1781099336437084000,99.877083984375,-34.62480545043945,51.75130081176758,53.917633056640625
1781099336462160000,99.90215991210937,-34.28873062133789,51.64924240112305,53.79914855957031
1781099336487234800,99.92723486328126,-33.96664047241211,51.67173385620117,53.756507873535156
1781099336512311000,99.95231103515626,-35.0148811340332,56.58946990966797,50.0679931640625
1781099336537386000,99.97738598632813,-34.715824127197266,56.443695068359375,49.422523498535156
1781099336562462000,100.0024619140625,-34.099674224853516,56.32112121582031,49.172119140625
1781099336587537000,100.02753686523438,-34.31161117553711,55.85393524169922,48.80498504638672
1781099336612612900,100.05261279296874,-34.46158218383789,55.44526672363281,49.173301696777344
1781099336637688800,100.07768872070312,-34.72677230834961,55.011138916015625,49.54027557373047
1781099336662763800,100.102763671875,-34.84099197387695,54.06024932861328,50.22504425048828
1781099336687840000,100.12784008789062,-34.86636734008789,53.524757385253906,50.60143280029297
1781099336712915000,100.1529150390625,-35.0852165222168,52.96179962158203,51.63801574707031
1781099336737991000,100.17799096679687,-34.89268112182617,52.670616149902344,52.331390380859375
1781099336763065900,100.20306591796874,-35.08314895629883,52.677696228027344,53.29492950439453
1781099336788142000,100.22814208984374,-35.22160720825195,52.43339538574219,54.36846160888672
1781099336813217000,100.25321704101563,-35.12125778198242,52.39508819580078,54.990806579589844
1781099336838292700,100.27829272460937,-34.85161209106445,52.623008728027344,55.58521270751953
1781099336863367700,100.30336767578125,-23.736007690429688,30.673675537109375,36.22465515136719
1781099336888444000,100.32844384765625,-23.057586669921875,30.997024536132812,36.96492004394531
1781099336913518800,100.35351879882812,-22.837318420410156,31.216506958007812,36.80603790283203
1781099336938594800,100.3785947265625,-22.198410034179688,31.277252197265625,36.704261779785156
1781099336963669800,100.40366967773437,-21.405494689941406,31.26776885986328,36.42597198486328
1781099336988746000,100.42874609375,-21.13226318359375,31.067970275878906,36.408302307128906
1781099337013822000,100.45382202148437,-20.515296936035156,31.070655822753906,36.062294006347656
1781099337038897200,100.47889721679688,-20.3267822265625,30.964942932128906,35.941795349121094
1781099337063972900,100.50397290039062,-20.40264892578125,30.26275634765625,35.267723083496094
1781099337089047800,100.5290478515625,-21.178428649902344,28.057289123535156,34.87316131591797
1781099337114124000,100.5541240234375,-21.070823669433594,27.768295288085938,34.643821716308594
1781099337139199000,100.57919897460937,-21.12120819091797,27.411529541015625,34.468238830566406
1781099337164275000,100.60427490234375,-21.628021240234375,27.074729919433594,34.360984802246094
1781099337189350000,100.62934985351562,-22.10162353515625,26.86138153076172,34.44657897949219
1781099337214426000,100.65442602539062,-22.143310546875,26.60790252685547,34.63513946533203
1781099337239501000,100.6795009765625,-22.55120849609375,26.199966430664062,34.90898132324219
1781099337264577000,100.70457690429687,-22.90019989013672,25.72077178955078,35.38256072998047
1781099337289652000,100.72965185546875,-23.209823608398438,25.723556518554688,36.0882568359375
1781099337314728000,100.75472802734375,-23.70301055908203,25.444969177246094,36.130836486816406
1781099337339803000,100.77980297851562,-23.684661865234375,25.11731719970703,35.86846160888672
1781099337364878800,100.80487890625,-27.769153594970703,25.689971923828125,20.621864318847656
1781099337389955000,100.829955078125,-28.11886215209961,25.7423095703125,21.104759216308594
1781099337415030000,100.85503002929687,-28.663921356201172,26.215553283691406,21.518272399902344
1781099337440106000,100.88010595703125,-29.17025375366211,26.393173217773438,21.774009704589844
1781099337465182000,100.90518188476562,-28.951480865478516,26.550315856933594,22.08399200439453
1781099337490257200,100.93025708007812,-29.142765045166016,26.344512939453125,22.212974548339844
1781099337515332900,100.95533276367188,-29.404926300048828,26.387039184570312,22.37574005126953
1781099337540407800,100.98040771484375,-29.26181411743164,26.349464416503906,22.920852661132812
1781099337565484000,101.00548413085937,-29.840496063232422,26.467811584472656,22.887840270996094
1781099337590559000,101.03055908203125,-30.479846954345703,26.83177947998047,22.960128784179688
1781099337615635000,101.05563500976562,-30.531673431396484,27.124351501464844,22.814437866210938
1781099337640710000,101.0807099609375,-28.609046936035156,30.46434783935547,21.170135498046875
1781099337665786000,101.1057861328125,-28.9925537109375,30.42120361328125,21.026565551757812
1781099337690861000,101.13086108398437,-28.711814880371094,31.10101318359375,20.9140625
1781099337715937000,101.15593701171875,-29.1248779296875,30.875694274902344,20.547157287597656
1781099337741012000,101.18101196289062,-29.004608154296875,31.062843322753906,20.47716522216797
1781099337766088000,101.206087890625,-24.240665435791016,30.48785400390625,20.3721923828125
1781099337791164000,101.23116381835938,-24.20761489868164,30.275184631347656,20.265640258789062
1781099337816238800,101.25623876953125,-24.23293685913086,29.701576232910156,20.64154815673828
1781099337841315000,101.28131518554687,-24.44967269897461,29.51323699951172,21.047225952148438
1781099337866390000,101.30639013671875,-24.653636932373047,28.924049377441406,21.30927276611328
1781099337891466000,101.33146606445312,-24.720867156982422,28.398025512695312,21.681983947753906
1781099337916541000,101.356541015625,-27.01873016357422,29.202560424804688,22.573280334472656
1781099337941617000,101.38161694335938,-27.49828338623047,28.902442932128906,23.270004272460938
1781099337966692000,101.40669213867187,-27.765586853027344,29.132858276367188,24.00750732421875
1781099337991767800,101.43176782226563,-27.710121154785156,29.250633239746094,24.61096954345703
1781099338016842800,101.4568427734375,-27.894027709960938,29.507469177246094,24.843414306640625
1781099338041919200,101.48191918945312,-28.238433837890625,29.99945831298828,25.406959533691406
1781099338066994200,101.506994140625,-28.608642578125,30.689315795898438,25.540390014648438
1781099338092070400,101.5320703125,-30.542339324951172,31.708023071289062,19.728225708007812
1781099338117146400,101.557146484375,-31.159976959228516,32.30915069580078,19.56403350830078
1781099338142221300,101.58222119140625,-31.278148651123047,33.012901306152344,19.260696411132812
1781099338167297300,101.60729736328125,-31.007099151611328,33.718902587890625,19.022743225097656
1781099338192372200,101.63237231445312,-30.919933319091797,34.14142608642578,18.63465118408203
1781099338217448200,101.6574482421875,-30.882640838623047,34.95879364013672,18.393775939941406
1781099338242523100,101.68252319335937,-30.726993560791016,35.24464416503906,18.337509155273438
1781099338267599400,101.70759936523437,-30.810466766357422,35.73741149902344,18.09833526611328
1781099338292674300,101.73267431640625,-30.330821990966797,36.19398498535156,17.703140258789062
1781099338317750300,101.75775024414062,-20.879680633544922,33.98602294921875,12.248458862304688
1781099338342825200,101.7828251953125,-20.913578033447266,34.31005096435547,12.252082824707031
1781099338367901400,101.8079013671875,-20.964649200439453,34.43968963623047,12.1795654296875
1781099338392976400,101.83297631835937,-20.927974700927734,34.59955596923828,11.789421081542969
1781099338418052000,101.85805200195313,-20.747684478759766,34.703407287597656,11.501365661621094
1781099338443128300,101.88312841796875,-20.750797271728516,34.90978240966797,10.919837951660156
1781099338468203300,101.90820336914062,-21.044498443603516,34.872032165527344,10.5240478515625
1781099338493279200,101.933279296875,-21.549076080322266,34.944862365722656,10.320976257324219
1781099338518354200,101.95835424804687,-21.844974517822266,35.125152587890625,9.742347717285156
1781099338543430400,101.98343041992187,-21.831485748291016,35.138832092285156,9.619491577148438
1781099338568505300,102.00850537109375,-21.840953826904297,35.592994689941406,9.198684692382812
1781099338593581300,102.03358129882812,-21.979602813720703,35.932838439941406,8.938789367675781
1781099338618656300,102.05865625,-14.441444396972656,28.621444702148438,-0.7074432373046875
1781099338643732200,102.08373217773438,-14.071739196777344,28.281776428222656,-0.9521865844726562
1781099338668807200,102.10880712890625,-14.306663513183594,28.0640869140625,-1.40289306640625
1781099338693883100,102.13388305664063,-13.903861999511719,27.64885711669922,-1.8459854125976562
1781099338718958000,102.1589580078125,-13.895751953125,27.17188262939453,-2.05291748046875
1781099338744034300,102.18403442382812,-13.485443115234375,27.196334838867188,-2.0202178955078125
1781099338769109200,102.20910913085937,-13.341804504394531,26.704505920410156,-1.60113525390625
1781099338794185200,102.23418530273437,-12.9677734375,26.101280212402344,-1.6548080444335938
1781099338819261400,102.25926147460937,-12.639358520507812,25.889358520507812,-1.5123062133789062
1781099338844336400,102.28433642578125,-11.892250061035156,25.204429626464844,-0.7609100341796875
1781099338869412000,102.309412109375,-11.668540954589844,25.222755432128906,-1.0499725341796875
1781099338894487000,102.33448706054688,-6.34490966796875,27.449142456054688,7.546417236328125
1781099338919563300,102.35956323242188,-5.702369689941406,27.551986694335938,8.341323852539062
1781099338944638200,102.38463818359375,-5.224372863769531,27.649856567382812,8.702049255371094
1781099338969714200,102.40971411132813,-4.595458984375,27.53680419921875,9.048484802246094
1781099338994789400,102.43478930664062,-4.071868896484375,27.732749938964844,9.560935974121094
1781099339019865300,102.459865234375,-4.10003662109375,27.417755126953125,10.394416809082031
1781099339044939800,102.48493969726563,-4.0055084228515625,27.102127075195312,10.75994873046875
1781099339070015700,102.510015625,-4.0122222900390625,26.695770263671875,10.529296875
1781099339095090700,102.53509057617188,-3.7768402099609375,26.24976348876953,10.468818664550781
1781099339120166700,102.56016674804688,-3.757659912109375,26.258949279785156,10.567413330078125
1781099339145242600,102.58524267578125,-3.7484817504882812,26.114837646484375,10.823570251464844
1781099339170317600,102.61031762695312,-3.838226318359375,25.517669677734375,11.0499267578125
1781099339195393800,102.63539379882812,-3.891876220703125,24.837066650390625,11.294975280761719
1781099339220468700,102.66046875,-3.7634506225585938,24.152130126953125,11.596290588378906
1781099339245544700,102.68554467773437,-4.227569580078125,23.774978637695312,12.15509033203125
1781099339270619600,102.71061962890624,2.822723388671875,26.14629364013672,9.10223388671875
1781099339295696000,102.73569580078124,2.6848068237304688,25.804161071777344,9.357437133789062
1781099339320770800,102.76077075195313,2.0432357788085938,25.31989288330078,9.741256713867188
1781099339345846500,102.78584643554687,2.4040985107421875,25.03595733642578,9.961006164550781
1781099339370921700,102.81092163085937,2.128692626953125,24.849586486816406,10.557655334472656
1781099339395997700,102.83599780273437,1.8040847778320312,24.964767456054688,10.873725891113281
1781099339421072600,102.86107275390626,1.5232162475585938,24.938941955566406,11.746482849121094
1781099339446148600,102.88614868164062,1.9478759765625,25.073081970214844,12.222465515136719
1781099339471224800,102.91122485351562,5.873374938964844,27.31523895263672,14.768836975097656
1781099339496299800,102.9362998046875,5.977409362792969,27.15355682373047,15.443489074707031
1781099339521375700,102.96137573242187,6.407600402832031,27.0150146484375,15.93353271484375
1781099339546450700,102.98645068359374,6.223854064941406,26.89319610595703,16.692420959472656
1781099339571526700,103.01152661132812,6.463813781738281,26.557952880859375,17.1226806640625
1781099339596601600,103.0366015625,8.4427490234375,27.953811645507812,16.560745239257812
1781099339621677600,103.06167749023437,8.473175048828125,27.871795654296875,16.71678924560547
1781099339646752500,103.08675244140625,8.610885620117188,27.95264434814453,17.191162109375
1781099339671828700,103.11182885742187,8.619636535644531,28.1636962890625,17.040252685546875
1781099339696903700,103.13690356445312,9.004585266113281,28.1416015625,17.229568481445312
1781099339721979600,103.16197973632812,9.307479858398438,28.361305236816406,17.305458068847656
1781099339747054800,103.18705493164063,9.320709228515625,28.40380859375,17.267433166503906
1781099339772130800,103.212130859375,9.405998229980469,28.706687927246094,17.26758575439453
1781099339797205800,103.23720581054687,9.572799682617188,28.915260314941406,16.995742797851562
1781099339822281500,103.26228149414062,9.271751403808594,28.725013732910156,16.579750061035156
1781099339847357700,103.28735766601562,9.156669616699219,28.71057891845703,16.477203369140625
1781099339872432600,103.3124326171875,9.018699645996094,28.953414916992188,16.071243286132812
1781099339897508600,103.33750854492187,9.16943359375,29.126449584960938,15.546607971191406
1781099339922583800,103.36258374023437,8.974052429199219,29.39429473876953,14.980430603027344
1781099339947659800,103.38765966796875,8.798057556152344,30.09130096435547,14.85906982421875
1781099339972734700,103.41273461914062,8.588172912597656,29.958702087402344,14.41455078125
1781099339997810700,103.43781079101562,8.060783386230469,29.753318786621094,13.844429016113281
1781099340022886000,103.46288598632813,5.0263519287109375,32.87926483154297,17.341209411621094
1781099340047962600,103.48796264648438,4.604728698730469,33.01898956298828,17.07897186279297
1781099340073037600,103.51303759765625,4.189361572265625,33.038482666015625,16.48339080810547
1781099340098113500,103.53811352539063,3.97314453125,32.75078582763672,16.206192016601562
1781099340123188500,103.5631884765625,3.8227081298828125,32.473907470703125,15.738685607910156
1781099340148264700,103.5882646484375,3.4461135864257812,32.38911437988281,15.347579956054688
1781099340173339600,103.61333959960938,3.1035919189453125,32.346107482910156,14.542953491210938
1781099340198415600,103.63841552734375,2.9613876342773438,32.45215606689453,14.402603149414062
1781099340223491600,103.66349169921875,2.4171066284179688,32.704505920410156,14.310195922851562
1781099340248566500,103.68856640625,-1.1431121826171875,28.995834350585938,17.632469177246094
1781099340273642500,103.713642578125,-1.086578369140625,29.31951141357422,17.712989807128906
1781099340298717400,103.73871752929688,-0.9260025024414062,29.558815002441406,17.729759216308594
1781099340323793700,103.76379370117188,-1.048095703125,29.518951416015625,17.74297332763672
1781099340348868600,103.78886865234375,-1.09033203125,29.77233123779297,17.82842254638672
1781099340373944600,103.81394458007813,-1.2647323608398438,29.738388061523438,17.938339233398438
1781099340399019500,103.83901953125,-0.6729354858398438,29.646202087402344,17.87877655029297
1781099340424095700,103.864095703125,-0.7043304443359375,29.709434509277344,17.491500854492188
1781099340449170700,103.88917065429688,-0.5992813110351562,29.813491821289062,17.222511291503906
1781099340474246400,103.91424633789063,-0.7251510620117188,30.036964416503906,17.164756774902344
1781099340499321600,103.93932153320313,-1.2918319702148438,30.23480224609375,17.566444396972656
1781099340524397600,103.9643974609375,-1.5897674560546875,30.356338500976562,17.648208618164062
1781099340549472500,103.98947241210938,-1.488189697265625,30.45610809326172,17.537757873535156
1781099340574548500,104.01454858398438,-1.3872909545898438,30.566238403320312,17.430587768554688
1781099340599623700,104.03962377929687,-1.19476318359375,30.826759338378906,17.520652770996094
1781099340624699600,104.06469970703125,-1.3097381591796875,30.751907348632812,17.570083618164062
1781099340649775600,104.08977563476563,-1.4834747314453125,30.727798461914062,17.323211669921875
1781099340674850800,104.11485083007813,-1.7062530517578125,30.600914001464844,17.21843719482422
1781099340699926500,104.13992651367188,-1.982879638671875,30.407249450683594,16.865432739257812
1781099340725001500,104.16500146484375,-2.2302780151367188,30.596603393554688,17.08051300048828
1781099340750077400,104.19007739257812,-2.740386962890625,31.047637939453125,17.14801788330078
1781099340775152600,104.21515258789063,-3.2722320556640625,31.457992553710938,17.553436279296875
1781099340800228600,104.240228515625,-3.0503768920898438,32.15594482421875,20.779617309570312
1781099340825303600,104.26530346679688,-3.0624771118164062,32.052101135253906,20.781097412109375
1781099340850379500,104.29037963867188,-3.0521087646484375,32.271400451660156,20.584548950195312
1781099340875454700,104.31545483398438,-3.0795745849609375,32.094749450683594,20.36913299560547
1781099340900530700,104.34053076171875,-3.03167724609375,32.434059143066406,20.17736053466797
1781099340925605600,104.36560571289063,-3.4037322998046875,32.37305450439453,20.128883361816406
1781099340950681600,104.390681640625,-3.3921737670898438,32.48162078857422,19.835952758789062
1781099340975756500,104.41575659179688,-3.1813125610351562,32.804443359375,20.03472900390625
1781099341000832500,104.44083251953126,-3.0760498046875,33.09123229980469,20.244361877441406
1781099341025907500,104.46590747070313,-2.6793594360351562,33.226646423339844,20.41669464111328
1781099341050982700,104.49098266601563,-2.6859283447265625,33.53972625732422,20.86383819580078
1781099341076059000,104.51605883789063,-2.4511489868164062,33.57307434082031,21.20563507080078
1781099341101133800,104.5411337890625,-1.9204635620117188,33.6796875,21.265609741210938
1781099341126209800,104.56620971679688,-1.2829971313476562,33.604454040527344,21.59320831298828
1781099341151284700,104.59128466796875,-0.3980255126953125,33.464942932128906,21.966110229492188
1781099341176361000,104.61636083984375,1.814117431640625,34.02171325683594,18.26091766357422
1781099341201436000,104.64143579101562,2.4600296020507812,33.487831115722656,18.341583251953125
1781099341226511600,104.66651171875,2.95947265625,33.021759033203125,18.03504180908203
1781099341251586600,104.69158666992188,3.349456787109375,32.69715881347656,17.904335021972656
1781099341276662800,104.71666284179688,3.5976715087890625,32.19391632080078,17.92162322998047
1781099341301737700,104.74173779296875,3.635467529296875,31.88451385498047,17.909149169921875
1781099341326813700,104.76681372070313,3.815582275390625,31.745582580566406,18.16590118408203
1781099341351888600,104.791888671875,4.02001953125,31.670272827148438,17.87145233154297
1781099341376964900,104.81696484375,4.434051513671875,31.580612182617188,17.91168975830078
1781099341402039800,104.84203979492187,4.574043273925781,31.309402465820312,17.649871826171875
1781099341427115800,104.86711572265625,4.391448974609375,30.95958709716797,17.61719512939453
1781099341452190700,104.89219067382813,4.1672210693359375,30.93016815185547,18.006515502929688
1781099341477266700,104.9172666015625,3.738128662109375,31.263961791992188,18.37042999267578
1781099341502341600,104.94234155273438,3.8475265502929688,26.967010498046875,11.890213012695312
1781099341527417600,104.96741748046875,3.7030029296875,27.112564086914062,11.921295166015625
1781099341552493800,104.99249389648438,3.3680191040039062,27.35730743408203,11.863121032714844
1781099341577568800,105.01756884765625,3.660430908203125,27.72838592529297,12.334640502929688
1781099341602644700,105.04264477539063,3.9904937744140625,28.07886505126953,12.439254760742188
1781099341627719700,105.0677197265625,3.4502487182617188,28.42186737060547,12.296707153320312
1781099341652796000,105.0927958984375,3.690948486328125,28.208358764648438,12.132797241210938
1781099341677870800,105.11787084960937,3.8907012939453125,27.98992156982422,11.817413330078125
1781099341702946600,105.14294653320313,3.7791900634765625,27.514312744140625,11.560447692871094
1781099341728021800,105.16802172851563,3.246978759765625,27.052467346191406,11.615203857421875
1781099341753097700,105.19309765625,3.0476455688476562,27.221038818359375,11.435691833496094
1781099341778172700,105.21817260742188,2.7341690063476562,26.866905212402344,10.894691467285156
1781099341803248600,105.24324853515625,2.2801513671875,26.837120056152344,10.582023620605469
1781099341828323800,105.26832373046875,1.8709030151367188,26.797584533691406,10.694618225097656
1781099341853399800,105.29339990234375,1.5650634765625,26.772674560546875,10.631263732910156
1781099341878474800,105.31847485351562,1.5083389282226562,27.192718505859375,10.467430114746094
1781099341903551000,105.34355102539062,1.8141632080078125,29.57158660888672,11.22760009765625
1781099341928626000,105.3686259765625,1.4814453125,29.694435119628906,11.416145324707031
1781099341953701600,105.39370166015625,0.8328018188476562,29.36396026611328,11.638046264648438
1781099341978776600,105.41877661132813,0.682281494140625,29.39250946044922,11.690086364746094
1781099342003852800,105.44385278320313,0.54693603515625,29.43311309814453,11.34112548828125
1781099342028928800,105.4689287109375,0.8527069091796875,29.525741577148438,11.1727294921875
1781099342054004500,105.49400439453125,0.539581298828125,29.948753356933594,11.378005981445312
1781099342079080400,105.51908056640625,0.04470062255859375,29.450469970703125,11.25714111328125
1781099342104155400,105.5441552734375,-0.24869537353515625,29.40289306640625,11.315887451171875
1781099342129231400,105.5692314453125,-0.0497589111328125,29.664100646972656,11.492691040039062
1781099342154306300,105.59430639648437,-0.47399139404296875,29.595787048339844,11.34417724609375
1781099342179382300,105.61938232421875,-0.301910400390625,29.86798095703125,11.439605712890625
1781099342204457200,105.64445727539062,-0.8038253784179688,29.857566833496094,11.69366455078125
1781099342229533400,105.66953344726562,-0.9098892211914062,30.286651611328125,12.018081665039062
1781099342254608400,105.6946083984375,-0.9164657592773438,31.073043823242188,11.7716064453125
1781099342279684400,105.71968432617187,-0.375335693359375,31.372283935546875,11.986709594726562
1781099342304759300,105.74475927734375,-0.6985092163085938,31.669662475585938,10.461143493652344
1781099342329835500,105.76983544921875,-0.85894775390625,32.285316467285156,10.924232482910156
1781099342354910500,105.79491040039062,-0.8067245483398438,32.903602600097656,11.621101379394531
1781099342379986200,105.81998608398438,-1.1831207275390625,33.367889404296875,11.905593872070312
1781099342405061400,105.84506127929687,-0.41835784912109375,33.91162109375,11.820426940917969
1781099342430137300,105.87013745117187,0.0332794189453125,33.94487762451172,11.683212280273438
1781099342455212300,105.89521240234374,-0.02545166015625,34.30784606933594,11.811470031738281
1781099342480288300,105.92028833007812,0.320068359375,34.74127197265625,12.263679504394531
1781099342505364500,105.94536450195312,0.28101348876953125,35.07550811767578,12.439727783203125
1781099342530439400,105.970439453125,0.937896728515625,35.07551574707031,12.19940185546875
1781099342555515400,105.99551538085937,1.57843017578125,35.085487365722656,12.085777282714844
1781099342580590600,106.02059057617187,2.4502716064453125,34.717552185058594,11.693473815917969
1781099342605666300,106.04566625976562,2.3011856079101562,34.60900115966797,11.729782104492188
1781099342630741200,106.0707412109375,2.0746841430664062,34.90016174316406,11.821762084960938
1781099342655817200,106.09581713867188,2.0728302001953125,34.9388427734375,11.375350952148438
1781099342680892400,106.12089233398437,1.95794677734375,34.82139587402344,10.997337341308594
1781099342705968400,106.14596850585937,1.8202972412109375,33.729766845703125,13.290267944335938
1781099342731043300,106.17104321289062,1.7841415405273438,33.828163146972656,13.560577392578125
1781099342756119600,106.19611962890625,1.9698715209960938,33.773948669433594,13.671623229980469
1781099342781194500,106.22119458007812,1.7496871948242188,33.57395935058594,13.464530944824219
1781099342806270500,106.2462705078125,1.7528076171875,33.10545349121094,12.992881774902344
1781099342831345400,106.27134545898437,1.8836441040039062,33.17808532714844,13.269996643066406
1781099342856421400,106.29642138671875,2.0230865478515625,33.200836181640625,13.435104370117188
1781099342881496300,106.32149633789062,2.235198974609375,32.86052703857422,13.772987365722656
1781099342906572300,106.346572265625,2.4068527221679688,32.45086669921875,13.875022888183594
1781099342931648500,106.3716484375,2.1653594970703125,32.41197967529297,14.122032165527344
1781099342956723500,106.39672338867187,2.4160232543945312,32.12554931640625,14.306610107421875
1781099342981799400,106.42179931640625,2.9737701416015625,31.441802978515625,14.311698913574219
1781099343006874400,106.44687426757812,3.0714263916015625,31.077133178710938,14.514495849609375
1781099343031950600,106.47195068359375,2.697967529296875,30.867263793945312,14.711112976074219
1781099343057025800,106.49702587890626,3.4184722900390625,31.090988159179688,14.659011840820312
1781099343082101500,106.5221015625,3.2953338623046875,31.13513946533203,14.222930908203125
1781099343107176400,106.54717651367187,3.3376007080078125,31.12702178955078,13.564590454101562
1781099343132252700,106.57225268554687,5.136589050292969,30.927101135253906,11.828849792480469
1781099343157327600,106.59732763671875,5.073204040527344,30.870574951171875,12.223320007324219
1781099343182403600,106.62240356445312,4.948066711425781,31.08594512939453,12.376945495605469
1781099343207478500,106.647478515625,4.402809143066406,30.99993133544922,12.697822570800781
1781099343232554800,106.6725546875,3.936279296875,30.948074340820312,13.009712219238281
1781099343257629700,106.69762963867187,3.657745361328125,30.469650268554688,13.125404357910156
1781099343282705700,106.72270556640625,3.3376998901367188,29.608123779296875,13.581428527832031
1781099343307780600,106.74778051757812,3.0714874267578125,29.20153045654297,13.635589599609375
1781099343332856600,106.77285668945312,2.665313720703125,29.346168518066406,13.926170349121094
1781099343357931500,106.797931640625,2.6036300659179688,29.536697387695312,14.095901489257812
1781099343383007500,106.82300756835937,2.3405532836914062,29.761131286621094,14.403915405273438
1781099343408082400,106.84808251953125,2.4239578247070312,29.98870849609375,14.833732604980469
1781099343433158700,106.87315869140625,2.5392227172851562,30.350173950195312,15.217399597167969
1781099343458234600,106.89823461914062,3.1779098510742188,30.91205596923828,15.786087036132812
1781099343483309600,106.9233095703125,4.024757385253906,31.21923828125,16.175094604492188
1781099343508385500,106.94838549804687,4.782188415527344,31.342872619628906,16.262130737304688
1781099343533460700,106.97346069335937,9.105216979980469,26.523353576660156,14.36309814453125
1781099343558536400,106.99853637695313,9.86602783203125,25.814720153808594,14.297988891601562
1781099343583611400,107.023611328125,10.001472473144531,25.076019287109375,14.258583068847656
1781099343608687600,107.0486875,10.131736755371094,24.61835479736328,14.381690979003906
1781099343633762600,107.07376245117187,10.448921203613281,23.96448516845703,15.456504821777344
1781099343658838500,107.09883862304687,10.813858032226562,23.81463623046875,16.259506225585938
1781099343683913500,107.12391357421875,11.461296081542969,23.48572540283203,17.8751220703125
1781099343708989700,107.14898974609375,12.249969482421875,23.669273376464844,19.316814422607422
1781099343734064600,107.17406469726562,14.175949096679688,22.9976806640625,21.50873565673828
1781099343759140600,107.199140625,15.105155944824219,22.47473907470703,23.005390167236328
1781099343784215800,107.2242158203125,24.863006591796875,13.431663513183594,4.9423980712890625
1781099343809291500,107.24929150390625,25.19707489013672,12.818275451660156,6.082450866699219
1781099343834366500,107.27436645507812,25.587753295898438,11.859977722167969,6.011024475097656
1781099343859442400,107.2994423828125,25.932289123535156,10.050941467285156,4.821277618408203
1781099343884517600,107.324517578125,25.41228485107422,9.800163269042969,5.160850524902344
1781099343909593600,107.34959350585937,25.656578063964844,10.252723693847656,4.948333740234375
1781099343934669600,107.37466967773437,26.282623291015625,10.310981750488281,4.278938293457031
1781099343959744800,107.39974487304687,26.543014526367188,10.375335693359375,3.6135940551757812
1781099343984820500,107.42482055664063,26.156761169433594,9.3765869140625,3.6459922790527344
1781099344009895700,107.44989575195312,25.15544891357422,8.141845703125,3.804607391357422
1781099344034971400,107.47497143554688,23.67082977294922,6.3420867919921875,4.558887481689453
1781099344060045800,107.5000458984375,22.01879119873047,5.187767028808594,5.260673522949219
1781099344085121800,107.52512182617187,-1.6633453369140625,4.4854583740234375,-17.994537353515625
1781099344110196700,107.55019677734376,-3.770416259765625,4.450569152832031,-17.13138198852539
1781099344135272700,107.57527270507812,-7.3766326904296875,4.928443908691406,-15.593982696533203
1781099344160348000,107.60034790039063,-9.68975830078125,5.823310852050781,-14.672752380371094
1781099344185424000,107.625423828125,-11.322303771972656,7.66851806640625,-14.443557739257812
1781099344210498800,107.65049877929688,-12.500579833984375,11.280372619628906,-14.345321655273438
1781099344235574800,107.67557470703125,-12.585868835449219,14.073944091796875,-14.699840545654297
1781099344260650000,107.70064990234376,-11.625564575195312,17.96601104736328,-15.796730041503906
1781099344285726000,107.72572583007812,-11.438346862792969,19.70850372314453,-17.197853088378906
1781099344310801000,107.75080078125,-10.30340576171875,22.577674865722656,-19.002159118652344
1781099344335876900,107.775876953125,-9.217849731445312,23.957611083984375,-20.378719329833984
1781099344360951800,107.80095190429688,-8.199188232421875,25.409568786621094,-22.66656494140625
1781099344386027800,107.82602783203124,-7.440162658691406,25.906890869140625,-23.955440521240234
1781099344411103700,107.85110375976562,-6.9461822509765625,26.038673400878906,-24.94715118408203
1781099344436179000,107.87617895507813,-6.4981689453125,26.21949005126953,-26.778419494628906
1781099344461255000,107.9012548828125,-63.15756607055664,30.711532592773438,64.77428436279297
1781099344486329900,107.92632983398437,-64.02571105957031,31.089439392089844,64.92561340332031
1781099344511405800,107.95140576171875,-63.88285446166992,31.660606384277344,65.18253326416016
1781099344536481000,107.97648095703126,-63.497196197509766,33.070518493652344,65.37127685546875
1781099344561556700,108.001556640625,-63.4341926574707,34.45222473144531,65.43814849853516
1781099344586631700,108.02663159179687,-62.764347076416016,35.856300354003906,65.29679870605469
1781099344611708000,108.0517080078125,-60.886295318603516,37.109825134277344,64.25978088378906
1781099344636782800,108.07678295898438,-59.93686294555664,37.697235107421875,63.673805236816406
1781099344661858800,108.10185888671874,-58.64573287963867,38.10283660888672,62.06548309326172
1781099344686933800,108.12693383789062,-57.810115814208984,38.04631805419922,60.955833435058594
1781099344712010000,108.15201000976562,-57.21347427368164,38.014671325683594,59.49457550048828
1781099344737085000,108.1770849609375,-41.68016815185547,8.50164794921875,71.7584228515625
1781099344762161000,108.20216088867187,-40.7349853515625,7.05133056640625,70.4715576171875
1781099344787235800,108.22723583984374,-40.96142578125,5.881462097167969,69.98668670654297
1781099344812311800,108.25231176757812,-41.14215850830078,4.483787536621094,70.38204956054688
1781099344837386800,108.27738671875,-42.17699432373047,2.6080551147460938,71.60828399658203
1781099344862462700,108.30246264648437,-42.54090881347656,1.4317855834960938,72.44407653808594
1781099344887539000,108.3275390625,-43.481956481933594,0.02516937255859375,73.3958969116211
1781099344912614000,108.35261376953125,-44.20954895019531,-1.0096435546875,74.616455078125
1781099344937689900,108.37768994140625,-44.8594970703125,-2.1125106811523438,76.43708038330078
1781099344962764800,108.40276489257812,-45.77288055419922,-2.4643936157226562,77.677490234375
1781099344987840800,108.4278408203125,-46.0823974609375,-2.8342514038085938,79.02580261230469
1781099345012916000,108.452916015625,-46.25365447998047,-2.2113418579101562,81.24354553222656
1781099345037991700,108.47799169921875,-46.70545196533203,-1.2676773071289062,82.72019958496094
1781099345063067400,108.5030673828125,-46.41123962402344,-0.41921234130859375,84.21953582763672
1781099345088143400,108.52814331054688,-46.359283447265625,-0.09105682373046875,84.98570251464844
1781099345113218600,108.55321850585938,-45.43141174316406,0.348358154296875,85.32176208496094
1781099345138294500,108.57829443359375,-45.05719757080078,0.29067230224609375,85.78880310058594
1781099345163369500,108.60336938476563,-54.00682067871094,-88.44041442871094,69.74388122558594
1781099345188445700,108.62844580078125,-53.37427520751953,-88.83724975585938,69.5301513671875
1781099345213520600,108.65352075195312,-53.667945861816406,-89.72510528564453,69.54198455810547
1781099345238596400,108.67859643554688,-53.89448547363281,-90.57102966308594,70.3133544921875
1781099345263671300,108.70367138671875,-53.803611755371094,-90.6630859375,70.81256103515625
1781099345288747500,108.72874755859375,-53.27735900878906,-91.12395477294922,71.0414810180664
1781099345313822500,108.75382250976563,-53.039955139160156,-91.18405151367188,71.26338958740234
1781099345338898400,108.7788984375,-53.16455841064453,-90.894775390625,72.33189392089844
1781099345363974700,108.803974609375,-53.374855041503906,-90.68815612792969,73.06819152832031
1781099345389049600,108.82904956054688,-53.10308837890625,-90.41374969482422,73.85841369628906
1781099345414125600,108.85412548828126,-52.72271728515625,-89.15216827392578,74.58804321289062
1781099345439200500,108.87920043945313,-51.797950744628906,-88.27758026123047,74.74504089355469
1781099345464276500,108.9042763671875,-50.00867462158203,-86.8934326171875,73.91402435302734
1781099345489351400,108.92935131835938,-48.65422821044922,-86.31954956054688,73.33375549316406
1781099345514427400,108.95442749023438,-47.76995086669922,-85.60624694824219,71.7899398803711
1781099345539502300,108.97950244140625,-47.15423583984375,-85.54033660888672,70.65684509277344
1781099345564578600,109.00457861328125,-46.72022247314453,-85.29715728759766,69.0312728881836
1781099345589653500,109.02965356445313,-44.554603576660156,-56.46232604980469,80.42799377441406
1781099345614729500,109.0547294921875,-44.182037353515625,-56.53562927246094,79.07566833496094
1781099345639804400,109.07980444335938,-43.67350769042969,-56.64295196533203,77.75628662109375
1781099345664880600,109.10488061523438,-44.007972717285156,-56.9625244140625,76.47445678710938
1781099345689955600,109.12995556640625,-44.558448791503906,-57.186248779296875,75.0482177734375
1781099345715031300,109.15503125,-45.6630859375,-57.11619567871094,73.96250915527344
1781099345740106200,109.18010620117188,-47.32945251464844,-56.71086883544922,72.32107543945312
1781099345765182500,109.20518237304688,-48.567527770996094,-56.09166717529297,71.63005065917969
1781099345790258400,109.23025854492188,-50.09161376953125,-54.74833679199219,70.9992446899414
1781099345815333400,109.25533349609375,-50.459388732910156,-52.307456970214844,69.56465148925781
1781099345840409600,109.28040966796875,-51.09779357910156,-50.72998809814453,68.12460327148438
1781099345865484500,109.30548461914063,-50.53099060058594,-48.838523864746094,65.80447387695312
1781099345890560500,109.330560546875,-14.351615905761719,91.5753173828125,96.56000518798828
1781099345915635500,109.35563549804688,-13.383049011230469,91.42018127441406,94.56131744384766
1781099345940711400,109.38071142578124,-13.144805908203125,90.8017578125,93.39171600341797
1781099345965786400,109.40578637695313,-13.364952087402344,90.25799560546875,92.58089447021484
1781099345990862300,109.4308623046875,-14.014442443847656,89.56632995605469,91.23863220214844
1781099346015937500,109.4559375,-15.113883972167969,89.3863754272461,90.68072509765625
1781099346041013500,109.48101342773438,-15.769989013671875,88.9223861694336,90.1791763305664
1781099346066088200,109.50608813476562,-15.883827209472656,89.09188842773438,90.07593536376953
1781099346091164200,109.5311640625,-16.091659545898438,89.39149475097656,90.73312377929688
1781099346116239400,109.5562392578125,-15.896377563476562,89.8275146484375,91.30126953125
1781099346141315300,109.5813154296875,-15.225898742675781,90.2086410522461,92.03630828857422
1781099346166390300,109.60639038085938,-14.498908996582031,90.60252380371094,92.53268432617188
1781099346191466000,109.63146606445312,-17.60091781616211,92.33122253417969,87.00602722167969
1781099346216541200,109.65654125976563,-15.880168914794922,93.43373107910156,87.2673110961914
1781099346241617200,109.6816171875,-14.724308013916016,94.14697265625,87.12541961669922
1781099346266692000,109.70669213867187,-12.56441879272461,94.07025146484375,86.29145050048828
1781099346291768300,109.73176831054687,-11.550300598144531,93.21012878417969,85.76838684082031
1781099346316844300,109.75684423828125,-10.67791748046875,91.92601013183594,84.65950012207031
1781099346341919200,109.78191918945312,-11.150196075439453,90.97151184082031,83.8432388305664
1781099346366995200,109.8069951171875,-11.759590148925781,90.13563537597656,83.3269271850586
1781099346392070400,109.8320703125,-13.681774139404297,88.524169921875,83.12198638916016
1781099346417146000,109.85714599609375,-14.807308197021484,88.39443969726562,83.64060974121094
1781099346442221000,109.88222094726562,-15.664134979248047,88.917236328125,84.388427734375
1781099346467297300,109.90729736328124,-15.50948715209961,89.497314453125,84.95661163330078
1781099346492372200,109.93237231445312,-15.018123626708984,90.20695495605469,85.45590209960938
1781099346517448200,109.9574482421875,-14.438274383544922,90.29833984375,85.54267120361328
1781099346542523100,109.98252319335937,-16.088417053222656,82.97499084472656,102.25362396240234
1781099346567599400,110.00759936523437,-14.827926635742188,82.70808410644531,102.34593963623047
1781099346592674300,110.03267431640624,-14.270252227783203,82.30583190917969,102.12271118164062
1781099346617750300,110.05775024414062,-13.354686737060547,80.86407470703125,101.76105499267578
1781099346642825200,110.0828251953125,-13.759132385253906,79.53836059570312,101.44676971435547
1781099346667901200,110.10790112304687,-15.1641845703125,77.49981689453125,101.87822723388672
1781099346692976000,110.13297607421875,-16.55389404296875,76.3880615234375,102.58102416992188
1781099346718052000,110.15805200195312,-18.59247589111328,75.43168640136719,104.22942352294922
1781099346743127000,110.183126953125,-19.61621856689453,74.97274780273438,105.58706665039062
1781099346768203300,110.20820336914062,-20.636741638183594,75.21235656738281,107.2627944946289
1781099346793279200,110.233279296875,-20.42536163330078,76.02769470214844,109.34625244140625
1781099346818354200,110.25835424804687,-19.79389190673828,76.77366638183594,110.15880584716797
1781099346843430400,110.28343041992187,-18.79729461669922,77.16110229492188,110.41120910644531
1781099346868505300,110.30850537109374,-30.243698120117188,57.462608337402344,69.38606262207031
1781099346893581000,110.3335810546875,-29.46796417236328,57.03230285644531,68.53897094726562
1781099346918656000,110.35865600585937,-29.521087646484375,56.07707977294922,67.97418975830078
1781099346943732200,110.38373217773437,-29.31756591796875,55.226165771484375,67.95957946777344
1781099346968807200,110.40880712890625,-29.89825439453125,54.35906982421875,68.78052520751953
1781099346993883100,110.43388305664062,-30.125648498535156,53.95237731933594,69.43333435058594
1781099347018958000,110.4589580078125,-30.999427795410156,52.649749755859375,70.96964263916016
1781099347044034300,110.48403442382812,-31.47563934326172,51.890968322753906,71.89459991455078
1781099347069109500,110.50910961914063,-52.13408660888672,55.50787353515625,68.38812255859375
1781099347094185500,110.534185546875,-52.71881103515625,55.23756408691406,69.39862823486328
1781099347119260700,110.5592607421875,-53.133338928222656,54.454185485839844,70.53298950195312
1781099347144336400,110.58433642578125,-53.58970642089844,53.94652557373047,71.6408462524414
1781099347169412400,110.60941235351562,-54.148956298828125,53.754302978515625,72.68690490722656
1781099347194487600,110.63448754882812,-54.5062255859375,53.77111053466797,73.96043395996094
1781099347219563500,110.6595634765625,-54.85099792480469,53.45652770996094,74.7216567993164
1781099347244638500,110.68463842773437,-54.79246520996094,54.05799865722656,75.56904602050781
1781099347269714400,110.70971435546875,-54.54332733154297,54.06433868408203,75.80862426757812
1781099347294789600,110.73478955078124,-54.236595153808594,54.14454650878906,76.08659362792969
1781099347319865300,110.759865234375,-54.53218078613281,54.48059844970703,76.36393737792969
1781099347344940500,110.7849404296875,-54.867347717285156,54.605262756347656,76.77262878417969
1781099347370016500,110.8100166015625,-54.53533935546875,54.59234619140625,76.83084106445312
1781099347395091500,110.83509155273437,-54.572059631347656,54.63799285888672,76.9961929321289
1781099347420167400,110.86016748046875,-55.1380615234375,55.198081970214844,77.66212463378906
1781099347445242400,110.88524243164062,-54.55467224121094,55.94145202636719,78.14039611816406
1781099347470318600,110.91031860351562,-54.44378662109375,56.46210479736328,78.23025512695312
1781099347495393500,110.9353935546875,-60.62371826171875,75.07930755615234,76.2986831665039
1781099347520469500,110.96046948242187,-60.553443908691406,75.41793823242188,76.28428649902344
1781099347545544400,110.98554443359374,-60.87749481201172,75.35124969482422,76.08929443359375
1781099347570620400,111.01062036132812,-60.43132781982422,75.88349151611328,76.00370788574219
1781099347595696400,111.0356962890625,-60.50196838378906,75.94487762451172,75.4913558959961
1781099347620771300,111.06077124023437,-60.06272888183594,76.0552749633789,75.13603210449219
1781099347645847600,111.08584765625,-60.51581573486328,75.55680847167969,74.10901641845703
1781099347670922500,111.11092260742187,-60.930259704589844,75.54829406738281,73.76577758789062
1781099347695998500,111.13599853515625,-61.28419494628906,75.31310272216797,73.1296157836914
1781099347721073400,111.16107348632812,-61.96363830566406,75.33058166503906,72.70780181884766
1781099347746149600,111.18614965820312,-62.10228729248047,75.69828796386719,72.36042022705078
1781099347771224600,111.211224609375,-62.94526672363281,75.96772766113281,72.00691223144531
1781099347796300300,111.23630029296875,-63.341766357421875,76.36253356933594,71.51757049560547
1781099347821375500,111.26137548828125,-63.63531494140625,77.2441177368164,70.6248550415039
1781099347846451500,111.28645141601562,-64.16425323486328,77.80026245117188,70.1600112915039
1781099347871526400,111.3115263671875,-78.61456298828125,50.71112823486328,70.26028442382812
1781099347896602400,111.33660229492187,-78.82058715820312,51.28648376464844,69.56095123291016
1781099347921677300,111.36167724609375,-79.0157470703125,51.9425048828125,68.74739837646484
1781099347946753500,111.38675341796875,-78.9878921508789,52.48143005371094,67.47232818603516
1781099347971829500,111.41182958984375,-78.92890167236328,53.05316162109375,66.7037124633789
1781099347996904400,111.43690454101562,-78.9198226928711,53.72843933105469,65.72635650634766
1781099348021980400,111.46198046875,-78.99483489990234,53.888824462890625,64.91981506347656
1781099348047055400,111.48705541992187,-79.05931854248047,53.635337829589844,63.567604064941406
1781099348072131000,111.51213110351563,-79.16898345947266,53.178199768066406,63.136024475097656
1781099348097206300,111.53720629882812,-79.60794067382812,52.12586212158203,62.56755065917969
1781099348122282200,111.5622822265625,-93.42460632324219,52.830379486083984,62.425254821777344
1781099348147357200,111.58735717773438,-93.64064025878906,52.21974563598633,62.40058135986328
1781099348172433200,111.61243310546875,-94.74497985839844,51.76738357543945,62.29814910888672
1781099348197508400,111.63750830078125,-95.34744262695312,51.048580169677734,62.36327362060547
1781099348222584300,111.66258422851563,-96.1007080078125,50.30197525024414,63.00098419189453
1781099348247659300,111.6876591796875,-96.30976867675781,50.00680160522461,63.26020812988281
1781099348272735200,111.7127353515625,-96.68699645996094,49.41056442260742,64.0962905883789
1781099348297810400,111.737810546875,-97.01885986328125,49.325252532958984,64.76052856445312
1781099348322886100,111.76288623046875,-96.84068298339844,49.560611724853516,65.3792495727539
1781099348347961000,111.78796118164063,-97.25323486328125,49.730770111083984,66.09342193603516
1781099348373037300,111.81303735351563,-97.54875183105469,49.49665451049805,66.56732940673828
1781099348398113300,111.83811328125,-97.82881164550781,49.71902084350586,66.84062194824219
1781099348423188200,111.86318823242188,-97.88897705078125,49.819759368896484,67.04401397705078
1781099348448264400,111.88826440429688,-97.79470825195312,50.26128005981445,67.36561584472656
1781099348473339400,111.91333935546875,-97.41944885253906,50.23451614379883,67.16321563720703
1781099348498415000,111.9384150390625,-97.44682312011719,50.669612884521484,67.20124816894531
1781099348523490300,111.963490234375,-97.39511108398438,51.03895950317383,67.40425872802734
1781099348548566300,111.98856616210938,-88.07081604003906,50.03733444213867,70.29175567626953
1781099348573641200,112.01364111328125,-87.67664337158203,50.19044876098633,70.12806701660156
1781099348598717200,112.03871728515625,-87.25212860107422,50.1097526550293,69.89571380615234
1781099348623792000,112.06379223632813,-86.9040756225586,49.6384391784668,69.7267837524414
1781099348648868400,112.08886840820313,-86.65867614746094,49.15684127807617,69.83161926269531
1781099348673943300,112.113943359375,-86.0591812133789,48.73810958862305,70.05763244628906
1781099348699019300,112.13901928710938,-85.73802185058594,48.26620101928711,70.15177917480469
1781099348724094200,112.16409423828125,-85.26313018798828,48.264957427978516,70.404296875
1781099348749170200,112.18917016601563,-85.4393539428711,47.36589431762695,70.54350280761719
1781099348774246100,112.21424609375,-85.37650299072266,46.95109176635742,70.9895248413086
1781099348799321000,112.23932104492188,-85.40292358398438,46.3282585144043,71.0153579711914
1781099348824397300,112.26439721679688,-85.35059356689453,46.23268508911133,71.01251983642578
1781099348849472300,112.28947216796875,-85.46813201904297,45.92551040649414,70.5842514038086
1781099348874548200,112.31454833984375,-85.8066177368164,45.801448822021484,70.29208374023438
1781099348899623200,112.339623046875,-86.3909912109375,45.58669662475586,70.20767974853516
1781099348924699400,112.36469946289063,-87.15803527832031,46.02168655395508,69.96012878417969
1781099348949774300,112.3897744140625,-88.88872528076172,46.641395568847656,67.55687713623047
1781099348974850300,112.41485034179688,-89.83885192871094,47.0252685546875,67.37081909179688
1781099348999925200,112.43992529296875,-90.47144317626953,47.311180114746094,66.99559783935547
1781099349025001200,112.46500122070313,-91.72308349609375,47.48692321777344,66.67721557617188
1781099349050076200,112.490076171875,-92.27313232421875,47.73724365234375,66.83650207519531
1781099349075152100,112.51515209960938,-93.06377410888672,48.155372619628906,66.6287612915039
1781099349100227000,112.54022705078125,-93.91023254394531,48.422462463378906,66.73880004882812
1781099349125303000,112.56530297851563,-94.51789093017578,48.787078857421875,66.83708190917969
1781099349150378000,112.5903779296875,-94.85234069824219,48.999778747558594,66.70211029052734
1781099349175454200,112.6154541015625,-95.11284637451172,49.434539794921875,66.65521240234375
1781099349200530200,112.6405302734375,-95.36791229248047,50.13224792480469,67.13795471191406
1781099349225605000,112.66560522460938,-95.28631591796875,50.519264221191406,66.91951751708984
1781099349250681000,112.69068115234376,-94.89036560058594,50.94605255126953,67.23680114746094
1781099349275756000,112.71575610351563,-94.90907287597656,51.77177429199219,67.44633483886719
1781099349300832000,112.74083203125,-94.51028442382812,52.510597229003906,67.87555694580078
1781099349325907000,112.76590698242188,-94.44757080078125,52.892791748046875,67.63558959960938
1781099349350983200,112.79098315429688,-87.55956268310547,52.47123718261719,51.76025390625
1781099349376058000,112.81605810546876,-87.03028106689453,52.587982177734375,51.671241760253906
1781099349401134000,112.84113403320312,-86.83795928955078,52.86555480957031,51.89527130126953
1781099349426209000,112.866208984375,-86.22529602050781,52.618316650390625,52.141136169433594
1781099349451285200,112.89128515625,-85.58995819091797,52.51812744140625,52.402442932128906
1781099349476360200,112.91636010742188,-85.02787017822266,52.32557678222656,52.85279083251953
1781099349501436000,112.94143579101562,-84.87550354003906,52.30609130859375,53.20813751220703
1781099349526511000,112.96651098632813,-84.37618255615234,52.21637725830078,53.51957702636719
1781099349551587000,112.99158715820313,-83.9460220336914,51.774635314941406,54.28455352783203
1781099349576662000,113.016662109375,-83.40336608886719,51.707855224609375,55.24580383300781
1781099349601738000,113.04173803710937,-83.15052795410156,51.535003662109375,56.535316467285156
1781099349626814200,113.06681420898437,-82.75540924072266,51.30438232421875,57.496551513671875
1781099349651889200,113.09188916015626,-81.73217010498047,51.51348114013672,58.612548828125
1781099349676965000,113.11696508789062,-80.88536834716797,51.75166320800781,59.4072265625
1781099349702040300,113.14204028320313,-80.09369659423828,52.092185974121094,60.012081146240234
1781099349727116000,113.16711596679687,-79.31913757324219,51.87812042236328,61.22690963745117
1781099349752191000,113.19219091796874,-78.71712493896484,51.84715270996094,61.98698425292969
1781099349777267000,113.21726684570312,-62.05649948120117,34.75505828857422,38.428585052490234
1781099349802342100,113.24234204101562,-61.179203033447266,34.89734649658203,38.687110900878906
1781099349827418000,113.26741821289062,-59.8360710144043,34.8885498046875,38.69505310058594
1781099349852493000,113.2924931640625,-58.697940826416016,34.60807800292969,39.02408218383789
1781099349877569300,113.3175693359375,-58.05048751831055,34.36572265625,39.32612609863281
1781099349902644200,113.34264428710938,-57.88564682006836,34.06977844238281,39.58559036254883
1781099349927720200,113.36772021484374,-57.64103317260742,33.83061218261719,39.88292694091797
1781099349952795100,113.39279516601563,-56.7940559387207,33.35211944580078,39.667335510253906
1781099349977871000,113.41787109375,-56.494747161865234,32.700164794921875,39.63881301879883
1781099350002946000,113.44294604492187,-56.2429084777832,32.195350646972656,40.01661682128906
1781099350028022000,113.46802197265625,-55.884761810302734,31.924606323242188,40.17897033691406
1781099350053097500,113.49309741210938,-55.474117279052734,31.23883056640625,40.01380920410156
1781099350078173700,113.51817358398438,-54.834537506103516,30.99988555908203,40.51337814331055
1781099350103249700,113.54324975585938,-54.51981735229492,30.896041870117188,40.657257080078125
1781099350128324600,113.56832470703125,-53.809329986572266,30.85657501220703,40.71589279174805
1781099350153400600,113.59340063476563,-53.469173431396484,30.60466766357422,40.84819412231445
1781099350178475500,113.6184755859375,-46.195194244384766,50.43471145629883,81.85020446777344
1781099350203551500,113.64355151367188,-45.83600997924805,50.12980270385742,81.52371215820312
1781099350228626400,113.66862646484375,-45.81045913696289,49.450862884521484,81.13702392578125
1781099350253702700,113.69370263671875,-46.2446174621582,48.90607833862305,81.12580871582031
1781099350278777600,113.71877758789063,-46.909664154052734,48.37711715698242,80.84544372558594
1781099350303853600,113.743853515625,-47.36153793334961,47.61528396606445,80.67256164550781
1781099350328928500,113.76892846679688,-48.09487533569336,47.32014083862305,80.43226623535156
1781099350354004700,113.79400463867188,-49.18062973022461,47.392452239990234,80.1091537475586
1781099350379079700,113.81907958984375,-49.87826156616211,46.9823112487793,79.83914947509766
1781099350404155400,113.8441552734375,-51.1749153137207,46.78390121459961,79.53778839111328
1781099350429230600,113.86923071289063,-52.1070442199707,46.62836837768555,79.66561889648438
1781099350454306600,113.894306640625,-52.96506118774414,46.808902740478516,80.00749206542969
1781099350479381500,113.91938159179688,-53.90824508666992,46.9078483581543,80.13609313964844
1781099350504457500,113.94445751953126,-54.15731430053711,47.23379135131836,80.41466522216797
1781099350529533700,113.96953369140626,-54.710262298583984,47.7134895324707,80.63355255126953
1781099350554608600,113.99460864257813,-54.6941032409668,48.3231086730957,80.86534118652344
1781099350579684600,114.0196845703125,-54.561336517333984,49.4476203918457,81.12023162841797
1781099350604759800,114.044759765625,-51.782623291015625,55.29242706298828,69.34925842285156
1781099350629835500,114.06983544921874,-51.4857177734375,55.76812744140625,69.64338684082031
1781099350654910500,114.09491040039063,-51.057701110839844,55.858299255371094,69.48881530761719
1781099350679986400,114.119986328125,-50.71934509277344,56.44709014892578,69.35436248779297
1781099350705061600,114.1450615234375,-50.278602600097656,56.936546325683594,69.11759948730469
1781099350730137600,114.1701376953125,-50.024925231933594,57.222633361816406,68.9478530883789
1781099350755212500,114.19521264648438,-49.51978302001953,57.63777160644531,68.61569213867188
1781099350780288800,114.22028881835938,-49.39990997314453,57.477394104003906,68.61339569091797
1781099350805363700,114.24536376953125,-48.71855926513672,58.10072326660156,68.64073181152344
1781099350830439700,114.27043969726563,-48.73649597167969,58.463409423828125,68.34040832519531
1781099350855514600,114.2955146484375,-48.1383056640625,58.74833679199219,68.53363037109375
1781099350880590600,114.32059057617188,-47.716651916503906,58.72285461425781,68.39723205566406
1781099350905665500,114.34566552734375,-47.343055725097656,58.74674987792969,68.1692123413086
1781099350930741500,114.37074145507812,-46.42424774169922,59.02250671386719,67.9892578125
1781099350955817700,114.39581762695312,-46.13703155517578,59.16613006591797,67.77983856201172
1781099350980892700,114.420892578125,-45.388946533203125,59.165138244628906,67.60050964355469
1781099351005968600,114.44596875,-48.41979217529297,66.73772430419922,92.13308715820312
1781099351031043600,114.47104370117188,-48.40467071533203,66.47489929199219,92.01606750488281
1781099351056119300,114.49611938476562,-48.16046142578125,66.66291046142578,91.99931335449219
1781099351081194200,114.5211943359375,-47.875328063964844,66.68487548828125,91.88243103027344
1781099351106270200,114.54627026367187,-47.868309020996094,66.03711700439453,91.29655456542969
1781099351131345200,114.57134521484375,-47.622833251953125,65.49757385253906,90.957763671875
1781099351156421000,114.59642114257812,-47.97154998779297,64.7258071899414,90.80226135253906
1781099351181496000,114.62149609375,-48.041015625,64.0068359375,90.70657348632812
1781099351206572300,114.646572265625,-48.027870178222656,63.16459655761719,90.82493591308594
1781099351231647200,114.67164721679687,-48.217193603515625,62.916664123535156,90.73363494873047
1781099351256723200,114.69672314453125,-48.00567626953125,62.587890625,90.77128601074219
1781099351281798100,114.72179809570312,-48.06665802001953,62.084625244140625,90.63804626464844
1781099351306874400,114.74687426757812,-48.39051055908203,61.31647491455078,90.99243927001953
1781099351331949300,114.77194921875,-49.100067138671875,60.303855895996094,91.49275207519531
1781099351357025000,114.79702490234375,-50.04618835449219,59.857948303222656,91.51475524902344
1781099351382100200,114.82210034179687,-50.929054260253906,58.907806396484375,91.78514099121094
1781099351407176200,114.84717626953125,-39.40046691894531,55.29864501953125,127.05055236816406
1781099351432252200,114.87225219726562,-40.56928253173828,54.32926940917969,127.38481903076172
1781099351457327000,114.8973271484375,-41.64972686767578,53.605445861816406,127.38725280761719
1781099351482403300,114.9224033203125,-43.312286376953125,52.887245178222656,127.9692153930664
1781099351507478300,114.94747827148437,-45.52500915527344,52.48258972167969,128.73281860351562
1781099351532554200,114.97255419921875,-47.21678161621094,52.46270751953125,129.3251953125
1781099351557629200,114.99762915039062,-49.699867248535156,53.12028503417969,129.98831176757812
1781099351582705200,115.022705078125,-51.668190002441406,53.93614959716797,130.79393005371094
1781099351607780000,115.04778002929687,-53.300071716308594,55.33540344238281,131.95570373535156
1781099351632856000,115.07285595703125,-54.46018981933594,56.82929992675781,132.5307159423828
1781099351657931300,115.09793115234375,-54.94297790527344,58.843238830566406,133.30807495117188
1781099351683007200,115.12300732421875,-55.156951904296875,61.60736083984375,133.633056640625
1781099351708082200,115.14808227539062,-55.04142761230469,63.548065185546875,133.65957641601562
1781099351733158100,115.173158203125,-53.85395812988281,66.1025390625,133.40646362304688
1781099351758233300,115.1982333984375,-52.805397033691406,67.62291717529297,132.89744567871094
1781099351783309300,115.22330932617187,-51.30103302001953,69.46095275878906,131.8959197998047
1781099351808384300,115.24838427734375,-50.62785339355469,70.40181732177734,131.56991577148438
1781099351833460000,115.2734599609375,-48.91749954223633,69.91793060302734,161.0784912109375
1781099351858536200,115.2985361328125,-48.26333236694336,70.40731048583984,160.00445556640625
1781099351883611100,115.32361108398437,-47.5497932434082,70.83350372314453,158.8983612060547
1781099351908687000,115.34868701171875,-46.73259353637695,71.52191162109375,157.18417358398438
1781099351933762300,115.37376220703125,-46.30674362182617,71.95223236083984,156.38441467285156
1781099351958838300,115.39883837890625,-45.844608306884766,72.48926544189453,154.90231323242188
1781099351983913200,115.42391333007812,-45.417545318603516,72.66000366210938,154.11395263671875
1781099352008989200,115.4489892578125,-44.789730072021484,72.97178649902344,152.8406219482422
1781099352034064400,115.474064453125,-44.637088775634766,73.0252456665039,152.0293731689453
1781099352059139800,115.49913989257813,-43.975833892822266,73.54957580566406,151.3461456298828
1781099352084215000,115.52421508789062,-43.95474624633789,74.06538391113281,150.21304321289062
1781099352109290800,115.54929077148438,-43.85066604614258,74.23481750488281,149.38540649414062
1781099352134365700,115.57436572265625,-43.49058151245117,74.08624267578125,148.49095153808594
1781099352159442000,115.59944189453125,-43.24152755737305,74.02005767822266,148.01760864257812
1781099352184516900,115.62451684570313,-42.979793548583984,73.81739044189453,147.13186645507812
1781099352209592800,115.6495927734375,-42.66861343383789,73.53672790527344,146.66561889648438
1781099352234667800,115.67466772460938,-53.844356536865234,-75.13893127441406,106.89706420898438
1781099352259744000,115.69974389648438,-52.56205368041992,-76.06838989257812,105.95462799072266
1781099352284820000,115.72482006835938,-51.62032699584961,-77.35467529296875,104.7612075805664
1781099352309895000,115.74989501953125,-17.668720245361328,-70.80538177490234,111.86770629882812
1781099352334971000,115.77497094726563,-17.938243865966797,-71.35045623779297,111.70206451416016
1781099352360045800,115.8000458984375,-17.842716217041016,-72.13203430175781,111.51148223876953
1781099352385121800,115.82512182617188,-17.983043670654297,-72.70304870605469,110.9687271118164
1781099352410196700,115.85019677734375,-18.414562225341797,-73.8317642211914,111.06527709960938
1781099352435273000,115.87527294921875,-18.735912322998047,-74.0921859741211,111.633544921875
1781099352460348000,115.90034790039063,-19.113765716552734,-74.25139617919922,111.96040344238281
1781099352485423900,115.925423828125,-19.03354263305664,-74.45783233642578,112.70206451416016
1781099352510498800,115.95049877929688,-18.816173553466797,-74.39115142822266,113.11847686767578
1781099352535575000,115.97557495117188,-18.498966217041016,-74.84868621826172,113.2807388305664
1781099352560650000,116.00064990234375,-18.63046646118164,-75.13678741455078,113.60299682617188
1781099352585725700,116.0257255859375,-18.489887237548828,-74.73054504394531,114.377685546875
1781099352610800600,116.05080053710938,-18.498973846435547,-74.64376831054688,114.66134643554688
1781099352635876900,116.075876953125,-18.249889373779297,-74.40359497070312,115.17681884765625
1781099352660951800,116.10095190429688,-17.757984161376953,-74.7496337890625,115.07623291015625
1781099352686027800,116.12602783203126,-17.87607192993164,-75.21300506591797,115.42034912109375
1781099352711102700,116.15110278320313,-21.231449127197266,-84.07911682128906,107.17163848876953
1781099352736179000,116.17617895507813,-21.428279876708984,-84.01318359375,107.71417999267578
1781099352761255000,116.2012548828125,-21.30215835571289,-83.46929931640625,108.54818725585938
1781099352786329900,116.22632983398438,-20.784473419189453,-83.15757751464844,108.7345962524414
1781099352811405800,116.25140576171874,-20.240489959716797,-82.98135375976562,109.11861419677734
1781099352836480800,116.27648071289063,-19.814388275146484,-82.63445281982422,109.72404479980469
1781099352861556700,116.301556640625,-19.566516876220703,-82.2972183227539,110.30703735351562
1781099352886631700,116.32663159179687,-18.34011459350586,-81.3590316772461,110.73440551757812
1781099352911708000,116.3517080078125,-17.357616424560547,-81.09915161132812,110.38636016845703
1781099352936782800,116.37678295898438,-15.93502426147461,-80.77720642089844,109.72647857666016
1781099352961858800,116.40185888671876,-15.345821380615234,-80.78487396240234,109.69438934326172
1781099352986934000,116.42693408203125,-14.65188980102539,-80.8453369140625,109.70890808105469
1781099353012010000,116.45201000976563,-13.82918930053711,-80.93746948242188,109.68183135986328
1781099353037085000,116.4770849609375,-13.233097076416016,-81.3402328491211,109.41361236572266
1781099353062161400,116.50216137695313,-12.81869888305664,-82.20602416992188,108.99504089355469
1781099353087236400,116.527236328125,-12.509967803955078,-82.49808502197266,108.93038940429688
1781099353112312600,116.5523125,-12.563945770263672,-83.31753540039062,108.43421173095703
1781099353137387500,116.57738745117187,-10.626312255859375,-106.13098907470703,102.64026641845703
1781099353162463500,116.60246337890625,-10.771629333496094,-106.77737426757812,102.15350341796875
1781099353187539500,116.62753955078125,-11.010665893554688,-107.3337173461914,101.56841278076172
1781099353212614700,116.65261474609375,-11.178810119628906,-108.0385971069336,101.29988861083984
1781099353237690400,116.6776904296875,-12.386924743652344,-109.00180053710938,101.35700225830078
1781099353262765300,116.70276538085938,-13.224655151367188,-109.36652374267578,101.94617462158203
1781099353287841500,116.72784155273438,-14.124984741210938,-109.57693481445312,101.78907775878906
1781099353312916500,116.75291650390625,-14.7315673828125,-109.5610122680664,101.65673065185547
1781099353337992400,116.77799243164063,-15.434371948242188,-109.54662322998047,101.57487487792969
1781099353363067400,116.8030673828125,-16.171981811523438,-109.68390655517578,101.8442611694336
1781099353388143600,116.8281435546875,-16.96411895751953,-109.52232360839844,102.46260833740234
1781099353413218600,116.85321850585937,-17.030059814453125,-109.37749481201172,102.64429473876953
1781099353438294500,116.87829443359375,-16.89569854736328,-109.08775329589844,102.88219451904297
1781099353463369700,116.90336962890625,-17.108474731445312,-109.18882751464844,103.02278900146484
1781099353488445400,116.92844555664063,-17.18517303466797,-109.202392578125,103.09246826171875
1781099353513520400,116.95352026367188,-17.47674560546875,-108.76998138427734,103.49517822265625
1781099353538596400,116.97859643554688,-17.09830093383789,-107.6031723022461,105.21232604980469
1781099353563671600,117.00367163085937,-16.99203109741211,-107.7939224243164,105.28865814208984
1781099353588747500,117.02874755859375,-16.886287689208984,-108.02375793457031,105.43915557861328
1781099353613823500,117.05382348632813,-16.877117156982422,-107.99523162841797,105.70752716064453
1781099353638898700,117.07889868164062,-16.922863006591797,-108.22314453125,105.8001480102539
1781099353663974400,117.10397436523438,-16.810733795166016,-108.38727569580078,105.913330078125
1781099353689049600,117.12904956054687,-16.831661224365234,-109.06391906738281,106.16040802001953
1781099353714125300,117.15412524414063,-16.792171478271484,-109.52079010009766,106.40300750732422
1781099353739200500,117.17920043945313,-16.936809539794922,-110.07476043701172,106.52751159667969
1781099353764276500,117.2042763671875,-16.745059967041016,-110.7859878540039,106.28805541992188
1781099353789351400,117.22935131835938,21.01995849609375,-80.37353515625,91.71239471435547
1781099353814427600,117.254427734375,20.636146545410156,-80.74888610839844,91.35574340820312
1781099353839502600,117.27950268554687,20.321487426757812,-81.14920806884766,91.42330169677734
1781099353864578600,117.30457861328125,26.765769958496094,-84.89181518554688,88.92658996582031
1781099353889653500,117.32965356445312,26.49120330810547,-85.44160461425781,88.80406188964844
1781099353914729500,117.3547294921875,26.50946807861328,-85.72282409667969,88.32088470458984
1781099353939804700,117.3798046875,25.822769165039062,-86.16575622558594,88.37330627441406
1781099353964880400,117.40488037109375,25.101539611816406,-85.55831146240234,88.81851959228516
1781099353989955300,117.42995532226563,24.404693603515625,-85.08282470703125,89.24421691894531
1781099354015031600,117.45503149414063,24.296485900878906,-84.56458282470703,89.31525421142578
1781099354040106500,117.4801064453125,24.089271545410156,-83.8041000366211,90.10989379882812
1781099354065181700,117.505181640625,22.605987548828125,-48.32371520996094,77.44976043701172
1781099354090258000,117.5302578125,22.017005920410156,-47.827674865722656,78.13338470458984
1781099354115332900,117.55533276367187,21.62999725341797,-47.445770263671875,78.80784606933594
1781099354140408800,117.58040893554687,31.139129638671875,-40.99720764160156,75.56956481933594
1781099354165484000,117.60548413085938,31.08295440673828,-40.197662353515625,75.7642593383789
1781099354190559700,117.63055981445312,34.19373321533203,-35.95787048339844,75.45854949951172
1781099354215635000,117.65563500976563,33.84276580810547,-35.56511688232422,75.7950439453125
1781099354240710700,117.68071069335937,36.542701721191406,-26.673919677734375,71.28335571289062
1781099354265785900,117.70578588867187,36.82496643066406,-26.406654357910156,72.4263916015625
1781099354290861800,117.73086181640625,36.62377166748047,-26.58336639404297,72.66233825683594
1781099354315936800,117.75593676757812,36.545623779296875,-26.073638916015625,73.04791259765625
1781099354341012700,117.7810126953125,40.869354248046875,-23.754119873046875,67.30093383789062
1781099354366088000,117.806087890625,41.24287414550781,-23.238189697265625,67.32025909423828
1781099354391164000,117.83116381835937,41.35901641845703,-23.112998962402344,67.44589233398438
1781099354416238800,117.85623876953125,41.471961975097656,-23.236671447753906,67.75631713867188
1781099354441314800,117.88131469726562,42.00685119628906,-23.45795440673828,68.13104248046875
1781099354466390000,117.90639013671876,42.5577392578125,-24.28099822998047,68.06314086914062
1781099354491465700,117.9314658203125,38.436737060546875,-18.809219360351562,64.48021697998047
1781099354516540700,117.95654077148437,37.74388122558594,-16.92999267578125,63.6821174621582
1781099354541617000,117.98161694335937,37.994346618652344,-17.996810913085938,63.43026351928711
1781099354566692900,118.00669287109375,38.83551788330078,-18.341781616210938,63.52853775024414
1781099354591767800,118.03176782226562,37.081260681152344,-16.31653594970703,61.916893005371094
1781099354616844000,118.05684399414062,37.36164855957031,-16.038497924804688,61.66256332397461
1781099354641919000,118.0819189453125,37.297584533691406,-16.48999786376953,61.28853225708008
1781099354666994700,118.10699462890625,36.857154846191406,-16.841293334960938,61.18938446044922
1781099354692070000,118.13206982421875,36.93651580810547,-16.893768310546875,61.20151138305664
1781099354717145900,118.15714575195312,36.70618438720703,-17.23200225830078,60.596290588378906
1781099354742220800,118.182220703125,38.9725341796875,-17.94586181640625,57.564788818359375
1781099354767296800,118.207296875,38.763648986816406,-17.93407440185547,57.5133171081543
1781099354792371700,118.23237182617187,38.530609130859375,-17.51074981689453,57.31585693359375
1781099354817448000,118.25744799804687,38.41242218017578,-17.167449951171875,57.53664779663086
1781099354842523000,118.28252294921874,38.167137145996094,-16.55042266845703,57.159278869628906
1781099354867598800,118.30759887695312,37.917877197265625,-15.888465881347656,57.04310607910156
1781099354892673800,118.332673828125,37.111289978027344,-13.048530578613281,56.97545623779297
1781099354917749800,118.35774975585937,37.06098175048828,-12.843124389648438,56.874420166015625
1781099354942825700,118.38282568359375,36.65947723388672,-12.506256103515625,56.89775848388672
1781099354967900700,118.40790063476562,36.65504455566406,-12.532234191894531,56.814918518066406
1781099354992977000,118.43297680664062,36.185081481933594,-12.239715576171875,56.626686096191406
1781099355018051800,118.4580517578125,35.94886016845703,-12.163261413574219,56.49272918701172
1781099355043127800,118.4831279296875,35.54375457763672,-12.127204895019531,56.54125213623047
1781099355068203800,118.50820385742188,35.328086853027344,-11.741889953613281,56.53441619873047
1781099355093279700,118.53327978515625,35.29383087158203,-11.525077819824219,56.679481506347656
1781099355118354700,118.55835473632813,35.30583953857422,-11.0323486328125,56.702545166015625
1781099355143430700,118.5834306640625,35.434730529785156,-10.753929138183594,56.689292907714844
1781099355168505600,118.60850561523438,35.26837158203125,-10.6676025390625,56.475181579589844
1781099355193581800,118.63358178710938,35.54331970214844,-10.518302917480469,56.253639221191406
1781099355218656800,118.65865673828125,35.27277374267578,-10.473289489746094,56.143699645996094
1781099355243732700,118.68373266601563,35.441078186035156,-10.540931701660156,55.92444610595703
1781099355268807700,118.7088076171875,35.42509460449219,-10.116203308105469,55.626426696777344
1781099355293884000,118.7338837890625,35.592018127441406,-10.028030395507812,55.507911682128906
1781099355318958800,118.75895874023438,33.22257995605469,-10.547821044921875,55.36785125732422
1781099355344034600,118.78403466796875,33.60041809082031,-10.397911071777344,55.438621520996094
1781099355369109800,118.80910986328125,33.65680694580078,-10.376678466796875,55.53754425048828
1781099355394185700,118.83418579101563,33.27561950683594,-10.207138061523438,55.31092071533203
1781099355419261700,118.85926171875,33.859619140625,-10.106689453125,55.498199462890625
1781099355444336600,118.88433666992188,33.63787078857422,-10.030616760253906,55.58338928222656
1781099355469412900,118.90941284179688,33.456573486328125,-9.841728210449219,55.49358367919922
1781099355494487800,118.93448779296875,33.623573303222656,-9.793449401855469,55.424842834472656
1781099355519563800,118.95956372070313,33.047584533691406,-9.811866760253906,55.42961883544922
1781099355544638700,118.984638671875,33.17280578613281,-10.039520263671875,55.713897705078125
1781099355569714700,119.00971459960938,33.23016357421875,-9.752899169921875,55.64374542236328
1781099355594789600,119.03478955078126,33.09056091308594,-9.3748779296875,55.78968811035156
1781099355619865600,119.05986547851562,33.55848693847656,-9.3958740234375,55.122352600097656
1781099355644940800,119.08494091796875,33.81707763671875,-10.130767822265625,55.169029235839844
1781099355670016800,119.11001684570313,33.256126403808594,-10.120704650878906,55.584266662597656
1781099355695091700,119.135091796875,33.19231414794922,-9.692306518554688,55.649322509765625
1781099355720167700,119.16016772460938,33.316078186035156,-8.944175720214844,54.93896484375
1781099355745243000,119.18524291992188,33.44187927246094,-8.311325073242188,54.526153564453125
1781099355770318800,119.21031884765625,33.51580810546875,-8.530502319335938,54.452186584472656
1781099355795393800,119.23539379882813,33.630104064941406,-8.277328491210938,54.568267822265625
1781099355820469800,119.2604697265625,33.46623992919922,-8.287582397460938,54.814208984375
1781099355845544700,119.28554467773438,33.41986846923828,-8.293357849121094,54.658416748046875
1781099355870620700,119.31062060546876,33.80168151855469,-8.380760192871094,54.633514404296875
1781099355895696600,119.33569653320312,33.554237365722656,-8.171051025390625,54.590065002441406
1781099355920771800,119.36077172851563,33.425865173339844,-8.182281494140625,54.72960662841797
1781099355945847800,119.38584790039063,33.724639892578125,-8.3597412109375,55.00044250488281
1781099355970922800,119.4109228515625,33.53496551513672,-8.440132141113281,55.00505828857422
1781099355995999000,119.4359990234375,33.51366424560547,-8.660362243652344,54.865814208984375
1781099356021074000,119.46107397460938,33.949867248535156,-8.535575866699219,55.09967041015625
1781099356046149600,119.48614965820312,33.959991455078125,-8.7510986328125,54.871070861816406
1781099356071224600,119.511224609375,34.206214904785156,-8.963981628417969,55.027259826660156
1781099356096300300,119.53630029296875,33.92454528808594,-9.234756469726562,55.154151916503906
1781099356121375200,119.56137524414062,33.558616638183594,-9.624778747558594,54.44947052001953
1781099356146451200,119.586451171875,33.6241455078125,-9.589988708496094,54.44135284423828
1781099356171526400,119.6115263671875,33.756134033203125,-9.725288391113281,54.573814392089844
1781099356196602400,119.63660229492187,33.91944122314453,-9.679672241210938,54.508506774902344
1781099356221677300,119.66167724609375,34.146484375,-9.460639953613281,54.48187255859375
1781099356246753300,119.68675317382812,34.0517578125,-9.378700256347656,54.870216369628906
1781099356271828500,119.71182836914062,34.21040344238281,-9.384902954101562,54.95763397216797
1781099356296904400,119.73690454101562,34.31391143798828,-9.274513244628906,55.13207244873047
1781099356321980200,119.76198022460937,34.61009979248047,-9.07635498046875,55.11969757080078
1781099356347055400,119.78705541992187,34.52008056640625,-8.872161865234375,54.987403869628906
1781099356372131300,119.81213134765625,34.5418701171875,-8.865791320800781,54.97869110107422
1781099356397206300,119.83720629882812,34.89985656738281,-8.538360595703125,55.14369201660156
1781099356422282200,119.8622822265625,35.22721862792969,-8.386077880859375,55.17877197265625
1781099356447357400,119.887357421875,35.188560485839844,-8.753204345703125,55.13580322265625
1781099356472433400,119.91243334960937,35.161903381347656,-9.1025390625,54.90076446533203
1781099356497508400,119.93750830078125,35.635108947753906,-9.484664916992188,54.434303283691406
1781099356522584300,119.96258422851562,35.958343505859375,-9.293479919433594,54.222267150878906
1781099356547659500,119.98765942382812,35.46520233154297,-7.823860168457031,54.48173522949219
1781099356572735200,120.0127353515625,35.5390625,-7.686698913574219,54.522300720214844
1781099356597810200,120.03781005859375,35.535308837890625,-7.752601623535156,54.76166534423828
1781099356622886400,120.06288647460937,35.95550537109375,-7.4057159423828125,54.93672180175781
1781099356647961300,120.08796142578124,35.49242401123047,-7.489646911621094,55.01509094238281
1781099356673037300,120.11303735351562,35.380470275878906,-7.475944519042969,55.02404022216797
1781099356698112300,120.1381123046875,35.089881896972656,-7.644874572753906,55.262306213378906
1781099356723188500,120.1631884765625,34.064727783203125,-7.796745300292969,52.065773010253906
1781099356748263400,120.18826342773437,34.104248046875,-7.594596862792969,52.13745880126953
1781099356773339400,120.21333935546875,34.17405700683594,-7.599784851074219,52.08488464355469
1781099356798415400,120.23841528320312,34.02827453613281,-7.386085510253906,51.8985595703125
1781099356823490300,120.263490234375,34.25560760498047,-7.000099182128906,52.29273223876953
1781099356848566300,120.28856616210938,33.704254150390625,-6.651115417480469,51.93788146972656
1781099356873641200,120.31364111328125,33.358734130859375,-6.393623352050781,51.8006591796875
1781099356898717400,120.33871752929687,32.947792053222656,-5.9894866943359375,51.81842803955078
1781099356923792400,120.36379248046875,32.97864532470703,-5.7120513916015625,51.81108093261719
1781099356948868400,120.38886840820312,32.814796447753906,-5.789375305175781,51.71393585205078
1781099356973943300,120.413943359375,32.5330810546875,-5.897697448730469,51.611602783203125
1781099356999019300,120.43901928710937,32.583900451660156,-5.721199035644531,51.623985290527344
1781099357024094500,120.46409448242187,32.538299560546875,-5.2745513916015625,51.485687255859375
1781099357049170200,120.48917016601563,31.139556884765625,-2.8887710571289062,53.023284912109375
1781099357074246000,120.51424584960938,31.34770965576172,-2.6130752563476562,52.82579803466797
1781099357099321900,120.53932177734374,31.689727783203125,-2.4290924072265625,52.58843231201172
1781099357124396800,120.56439672851562,31.502662658691406,-2.5974044799804688,52.44621276855469
1781099357149473000,120.58947314453125,31.42291259765625,-2.2739715576171875,52.516502380371094
1781099357174548000,120.6145478515625,31.48639678955078,-1.9890365600585938,52.43177032470703
1781099357199624000,120.6396240234375,31.675491333007812,-1.8458786010742188,52.02490234375
1781099357224699600,120.66469970703125,31.955886840820312,-1.530792236328125,51.7811279296875
1781099357249774800,120.68977490234376,32.20051574707031,-1.7164993286132812,51.54747772216797
1781099357274850800,120.71485083007812,32.42991638183594,-1.7189788818359375,51.65272521972656
1781099357299925800,120.73992578125,31.067901611328125,2.0418548583984375,48.484413146972656
1781099357325001700,120.76500170898437,30.98065948486328,2.285919189453125,48.43043518066406
1781099357350077000,120.79007690429688,31.31171417236328,2.409088134765625,48.09143829345703
1781099357375153000,120.81515283203125,31.450592041015625,2.9276657104492188,47.762481689453125
1781099357400227800,120.84022778320312,31.71965789794922,3.0091781616210938,47.73212432861328
1781099357425304000,120.86530395507812,31.456153869628906,2.9961700439453125,47.77245330810547
1781099357450379000,120.89037890625,31.534500122070312,2.8959503173828125,47.327850341796875
1781099357475454700,120.91545483398437,31.64325714111328,2.7387008666992188,47.46995544433594
1781099357500529700,120.94052978515624,31.64234161376953,2.5081710815429688,47.29356384277344
1781099357525606000,120.96560595703124,31.727447509765625,2.5017929077148438,46.94596862792969
1781099357550680800,120.99068090820313,31.642578125,2.65655517578125,46.722068786621094
1781099357575756800,121.0157568359375,32.03289794921875,2.453643798828125,46.5675048828125
1781099357600831700,121.04083178710937,32.2025146484375,2.018798828125,46.42475128173828
1781099357625908000,121.06590795898437,32.18415069580078,1.72235107421875,46.16224670410156
1781099357650984000,121.09098388671875,31.989700317382812,1.3687591552734375,45.77667236328125
1781099357676059000,121.11605883789062,32.281707763671875,1.1398544311523438,45.57933807373047
1781099357701134800,121.141134765625,32.17877197265625,0.6714324951171875,45.361175537109375
1781099357726209800,121.16620971679687,30.89923095703125,6.275657653808594,38.00895690917969
1781099357751285800,121.19128564453125,30.797279357910156,6.223838806152344,37.8804931640625
1781099357776360700,121.21636059570312,30.556968688964844,5.922065734863281,37.839271545410156
1781099357801437000,121.24143701171874,30.983657836914062,5.8916015625,37.79790496826172
1781099357826512000,121.26651196289062,30.484100341796875,5.899444580078125,37.71527862548828
1781099357851587800,121.291587890625,30.918075561523438,5.6945648193359375,37.80218505859375
1781099357876662800,121.31666284179687,30.511016845703125,5.63677978515625,37.90821075439453
1781099357901739000,121.34173901367187,30.564666748046875,5.513031005859375,38.01946258544922
1781099357926814000,121.36681396484374,30.430831909179688,5.5571746826171875,38.075965881347656
1781099357951889700,121.3918896484375,30.170074462890625,5.61041259765625,38.12853240966797
1781099357976964900,121.41696484375,29.227188110351562,6.5236968994140625,35.553260803222656
1781099358002040800,121.44204077148437,29.217796325683594,6.6483154296875,35.877784729003906
1781099358027115800,121.46711572265625,29.131607055664062,6.6108551025390625,36.067108154296875
1781099358052191700,121.49219165039062,29.191627502441406,6.5594482421875,36.26249694824219
1781099358077267000,121.51726684570312,29.038528442382812,6.258827209472656,36.16313934326172
1781099358102343000,121.54234301757812,29.019668579101562,6.038726806640625,36.24481201171875
1781099358127419000,121.5674189453125,28.946144104003906,6.5192413330078125,33.753746032714844
1781099358152493800,121.59249389648437,28.765480041503906,6.365081787109375,33.82843017578125
1781099358177569800,121.61756982421875,28.443695068359375,6.6019744873046875,34.08891296386719
1781099358202644700,121.64264477539062,28.390884399414062,6.618385314941406,34.19489288330078
1781099358227720700,121.667720703125,28.22522735595703,6.661994934082031,34.21184539794922
1781099358252796000,121.6927958984375,28.075035095214844,6.66558837890625,32.23627471923828
1781099358277871900,121.71787182617187,28.00304412841797,6.888465881347656,32.60511016845703
1781099358302946800,121.74294677734375,27.715957641601562,7.099174499511719,32.58452606201172
1781099358328022800,121.76802270507812,27.317527770996094,7.202537536621094,31.01445770263672
1781099358353098000,121.79309790039062,27.247604370117188,7.479957580566406,31.162338256835938
1781099358378174000,121.81817407226562,27.242599487304688,7.52520751953125,31.31226348876953
1781099358403249000,121.84324877929687,27.493682861328125,7.673667907714844,31.20355987548828
1781099358428324900,121.86832495117187,26.927658081054688,7.714836120605469,30.1317138671875
1781099358453399800,121.89339990234375,27.230125427246094,7.9104156494140625,30.367279052734375
1781099358478475800,121.91847583007812,27.17127227783203,7.921195983886719,30.20488739013672
1781099358503550700,121.94355078125,27.175201416015625,8.410446166992188,30.49298858642578
1781099358528627000,121.968626953125,27.456619262695312,8.184165954589844,30.41436767578125
1781099358553703000,121.99370288085937,27.123428344726562,8.2877197265625,30.369712829589844
1781099358578777900,122.01877783203125,27.306640625,8.82330322265625,30.501449584960938
1781099358603853800,122.04385375976562,27.03588104248047,9.133544921875,30.542282104492188
1781099358628929000,122.06892895507812,26.93041229248047,9.022506713867188,30.7589111328125
1781099358654004700,122.09400463867188,26.805923461914062,9.393997192382812,30.721084594726562
1781099358679079700,122.11907958984375,26.417434692382812,10.295661926269531,30.060028076171875
1781099358704156000,122.14415600585937,26.542083740234375,10.769706726074219,30.153213500976562
1781099358729230800,122.16923095703125,26.70293426513672,10.916488647460938,30.22052001953125
1781099358754306800,122.19430688476562,26.48888397216797,10.725212097167969,29.67729949951172
1781099358779381800,122.2193818359375,26.792457580566406,11.116584777832031,29.559532165527344
1781099358804458000,122.2444580078125,26.602027893066406,11.433517456054688,29.556129455566406
1781099358829533000,122.26953295898437,26.889175415039062,11.277534484863281,29.212203979492188
1781099358854609000,122.29460888671875,27.0126953125,11.417228698730469,29.070228576660156
1781099358879683800,122.31968383789062,27.089523315429688,11.533050537109375,28.95496368408203
1781099358904759800,122.344759765625,26.873825073242188,11.438568115234375,28.700485229492188
1781099358929834800,122.36983471679687,27.59131622314453,11.566314697265625,28.604034423828125
1781099358954910700,122.39491064453125,27.408248901367188,11.84222412109375,28.454254150390625
1781099358979987000,122.41998706054687,27.558937072753906,11.873374938964844,28.34814453125
1781099359005062000,122.44506176757812,27.136795043945312,11.740036010742188,27.823341369628906
1781099359030137900,122.47013793945312,27.00969696044922,11.810035705566406,27.502090454101562
1781099359055212800,122.495212890625,27.187652587890625,11.703933715820312,27.628204345703125
1781099359080287700,122.52028784179687,27.083251953125,11.750801086425781,27.096542358398438
1781099359105362700,122.54536279296875,26.807830810546875,11.71630859375,26.844276428222656
1781099359130439000,122.57043896484375,26.8360595703125,11.839698791503906,26.69715118408203
1781099359155513900,122.59551391601562,26.517822265625,13.453407287597656,25.511978149414062
1781099359180589600,122.62058959960937,26.413177490234375,13.575820922851562,25.530479431152344
1781099359205664500,122.64566455078125,26.211105346679688,13.671676635742188,25.32110595703125
1781099359230740700,122.67074072265625,26.200965881347656,13.757164001464844,25.462203979492188
1781099359255815700,122.69581567382812,26.27044677734375,13.599021911621094,25.465187072753906
1781099359280891600,122.7208916015625,26.225074768066406,13.521842956542969,25.451141357421875
1781099359305967900,122.7459677734375,25.918312072753906,13.607795715332031,25.332557678222656
1781099359331042800,122.77104272460937,25.849075317382812,13.554397583007812,25.61174774169922
1781099359356118800,122.79611889648437,25.48583221435547,13.8028564453125,25.424293518066406
1781099359381193700,122.82119384765625,25.456527709960938,14.020027160644531,25.337371826171875
1781099359406269700,122.84626977539062,25.284873962402344,14.123214721679688,25.600860595703125
1781099359431344600,122.8713447265625,24.818649291992188,15.517311096191406,24.664276123046875
1781099359456420600,122.89642065429688,24.958900451660156,15.611480712890625,24.709243774414062
1781099359481495800,122.92149584960937,24.76495361328125,15.607986450195312,24.394020080566406
1781099359506571800,122.94657177734375,25.025955200195312,15.727218627929688,24.351097106933594
1781099359531646700,122.97164672851562,25.017318725585938,16.093040466308594,24.149024963378906
1781099359556722700,122.99672265625,25.17169189453125,16.494224548339844,24.01563262939453
1781099359581798000,123.0217978515625,25.61615753173828,16.413551330566406,24.49816131591797
1781099359606873900,123.04687377929687,26.144241333007812,17.096084594726562,24.365768432617188
1781099359631948800,123.07194873046875,26.444664001464844,17.30864715576172,24.27436065673828
1781099359657024800,123.09702465820313,26.685829162597656,17.28034210205078,24.09124755859375
1781099359682100700,123.12210083007812,27.051002502441406,17.407386779785156,23.722694396972656
1781099359707175700,123.14717578125,27.166275024414062,17.218643188476562,24.693313598632812
1781099359732251600,123.17225170898438,28.246925354003906,17.501754760742188,24.114990234375
1781099359757326800,123.19732690429687,28.947769165039062,17.361167907714844,23.825050354003906
1781099359782402800,123.22240283203125,29.51978302001953,17.46648406982422,23.309059143066406
1781099359807477800,123.24747778320312,30.64336395263672,16.977188110351562,24.686981201171875
1781099359832554000,123.27255395507812,31.579254150390625,17.39032745361328,24.697914123535156
1781099359857629000,123.29762890625,31.855636596679688,17.44123077392578,25.059242248535156
1781099359882704600,123.32270458984375,32.342308044433594,16.822410583496094,25.37060546875
1781099359907779600,123.34777954101563,33.013526916503906,16.55170440673828,25.69135284423828
1781099359932855800,123.37285571289063,33.71228790283203,16.192420959472656,25.835067749023438
1781099359957930800,123.3979306640625,31.51471710205078,12.734764099121094,30.658348083496094
1781099359983006700,123.4230068359375,32.000732421875,11.712005615234375,30.70965576171875
1781099360008083000,123.4480830078125,32.956321716308594,10.016334533691406,30.77484130859375
1781099360033158000,123.47315795898437,33.159751892089844,9.15826416015625,32.82940673828125
1781099360058233900,123.49823388671875,33.593727111816406,7.650886535644531,33.17865753173828
1781099360083309000,123.52330908203125,33.330039978027344,7.201591491699219,34.27680206298828
1781099360108385000,123.54838500976562,33.05406188964844,6.2294921875,34.659217834472656
1781099360133460000,123.5734599609375,32.52305603027344,4.994712829589844,35.282936096191406
1781099360158536200,123.5985361328125,31.18572235107422,5.121734619140625,35.01158142089844
1781099360183611100,123.62361108398437,30.32793426513672,4.3987884521484375,35.41834259033203
1781099360208687000,123.64868701171875,29.8896484375,4.073234558105469,35.86360168457031
1781099360233762000,123.67376196289062,28.010665893554688,3.7199172973632812,35.03571319580078
1781099360258838300,123.69883837890625,27.449020385742188,3.8921279907226562,35.339447021484375
1781099360283913200,123.72391333007812,25.740074157714844,3.9545059204101562,34.115966796875
1781099360308989000,123.74898901367187,25.1678466796875,4.0765838623046875,34.221900939941406
1781099360334065200,123.77406518554687,24.981285095214844,4.379547119140625,34.44157409667969
1781099360359140000,123.79914013671875,24.601890563964844,4.733207702636719,34.47224426269531
1781099360384216000,123.82421606445313,22.76329803466797,5.0315399169921875,31.757583618164062
1781099360409291000,123.849291015625,22.56067657470703,5.506866455078125,31.709510803222656
1781099360434367200,123.8743671875,22.685516357421875,5.2996826171875,31.505958557128906
1781099360459442200,123.89944213867187,21.841796875,4.653076171875,29.697723388671875
1781099360484518100,123.92451806640625,21.919937133789062,4.619529724121094,29.433609008789062
1781099360509593000,123.94959301757812,22.005691528320312,4.78985595703125,29.31055450439453
1781099360534669000,123.9746689453125,21.31549835205078,4.219978332519531,28.418724060058594
1781099360559744000,123.99974389648438,21.369850158691406,4.067390441894531,28.448211669921875
1781099360584820000,124.02482006835938,21.757469177246094,4.0260467529296875,28.423171997070312
1781099360609895000,124.04989501953125,21.014450073242188,4.0574188232421875,27.653488159179688
1781099360634971100,124.07497119140625,21.48560333251953,4.286750793457031,27.85332489013672
1781099360660046000,124.10004614257812,21.714187622070312,3.8899078369140625,27.685150146484375
1781099360685122000,124.1251220703125,22.271347045898438,4.034233093261719,27.929855346679688
1781099360710198300,124.1501982421875,22.337448120117188,4.597038269042969,27.058761596679688
1781099360735273200,124.17527319335937,22.718246459960938,4.374359130859375,27.00426483154297
1781099360760349000,124.20034887695313,23.590927124023438,4.3350982666015625,26.778549194335938
1781099360785424000,124.225423828125,23.374488830566406,5.1570892333984375,26.4456787109375
1781099360810500000,124.2505,23.887977600097656,4.331474304199219,26.454185485839844
1781099360835575000,124.27557495117188,24.27985382080078,3.8117523193359375,26.456649780273438
1781099360860651000,124.30065112304688,25.011215209960938,3.0438385009765625,26.04186248779297
1781099360885726000,124.32572583007813,25.313766479492188,2.2682876586914062,25.89379119873047
1781099360910802200,124.35080224609375,25.35955047607422,1.6845169067382812,25.812660217285156
1781099360935877000,124.37587719726562,25.47301483154297,0.7730636596679688,25.925025939941406
1781099360960953000,124.400953125,26.539398193359375,0.43422698974609375,26.03778839111328
1781099360986028300,124.4260283203125,26.108795166015625,-0.6946640014648438,25.98863983154297
1781099361011104000,124.45110400390625,25.660568237304688,-1.269500732421875,26.055519104003906
1781099361036180000,124.47617993164063,26.338394165039062,-2.0107421875,26.482765197753906
1781099361061255000,124.5012548828125,26.17412567138672,-2.1941375732421875,26.870620727539062
1781099361086331600,124.52633154296875,25.869056701660156,-2.6382522583007812,27.05457305908203
1781099361111406600,124.55140649414062,25.36096954345703,-3.1560516357421875,27.47179412841797
1781099361136482600,124.57648266601562,25.420570373535156,-3.7208480834960938,28.52197265625
1781099361161557800,124.60155786132813,24.836219787597656,-3.7196884155273438,28.74921417236328
1781099361186633500,124.62663354492187,24.252601623535156,-3.8432540893554688,29.094253540039062
1781099361211708700,124.65170874023437,23.577529907226562,-3.8008651733398438,29.79144287109375
1781099361236784600,124.67678466796875,23.170562744140625,-3.9071426391601562,30.035537719726562
1781099361261859600,124.70185961914062,23.5506591796875,-4.205902099609375,30.966514587402344
1781099361286935600,124.726935546875,23.14269256591797,-3.902496337890625,31.60694122314453
1781099361312010500,124.75201049804687,22.70830535888672,-3.7493820190429688,31.861412048339844
1781099361337086700,124.77708666992187,22.76055145263672,-3.4913330078125,32.39701843261719
1781099361362162700,124.80216259765625,23.102989196777344,-3.3812103271484375,32.80260467529297
1781099361387237600,124.82723754882812,23.03704833984375,-3.2118911743164062,32.959693908691406
1781099361412313600,124.85231372070312,22.870506286621094,-2.835723876953125,33.259613037109375
1781099361437388500,124.87738842773437,23.01941680908203,-2.202972412109375,33.70095443725586
1781099361462464500,124.90246459960937,22.708724975585938,-1.9929962158203125,33.94246292114258
1781099361487539500,124.92753955078125,22.762176513671875,-1.6054763793945312,34.070011138916016
1781099361512615700,124.95261572265625,23.112754821777344,-1.1860809326171875,34.73878860473633
1781099361537690600,124.97769067382812,23.25678253173828,-0.8613510131835938,34.84855651855469
1781099361562766600,125.0027666015625,23.592811584472656,-0.24365234375,34.83925247192383
1781099361587841500,125.02784155273437,23.559036254882812,-0.01100921630859375,34.7591438293457
1781099361612917800,125.05291772460937,23.982452392578125,0.67828369140625,34.757633209228516
1781099361637992700,125.07799267578125,24.43047332763672,1.06341552734375,34.901123046875
1781099361663068400,125.103068359375,24.497886657714844,1.4608001708984375,34.78017044067383
1781099361688143600,125.1281435546875,24.757797241210938,2.5133590698242188,34.85941696166992
1781099361713219600,125.15321948242187,24.98754119873047,3.0019607543945312,34.959678649902344
1781099361738295600,125.17829565429687,26.11351776123047,3.1905517578125,35.682281494140625
1781099361763370500,125.20337060546875,26.359268188476562,4.039100646972656,35.418697357177734
1781099361788446700,125.22844677734375,26.715187072753906,4.809898376464844,35.67213439941406
1781099361813521700,125.25352172851562,27.295448303222656,5.4368896484375,35.78279495239258
1781099361838597600,125.27859765625,28.170639038085938,6.446006774902344,35.49596405029297
1781099361863672600,125.30367260742187,29.152069091796875,6.666290283203125,35.43461608886719
1781099361888748500,125.32874853515625,30.845428466796875,5.193168640136719,36.652950286865234
1781099361913823500,125.35382348632812,32.66720962524414,6.107391357421875,36.58295440673828
1781099361938899500,125.3788994140625,33.39130783081055,5.9078521728515625,36.14620590209961
1781099361963974400,125.40397436523438,34.502315521240234,5.6623687744140625,35.36573028564453
1781099361989050600,125.42905053710938,35.670284271240234,5.744178771972656,34.81024932861328
1781099362014125600,125.45412548828125,36.64379119873047,5.317008972167969,33.69108581542969
1781099362039201500,125.47920141601563,36.969207763671875,5.010856628417969,32.89176940917969
1781099362064277800,125.50427783203125,37.42676544189453,4.9354095458984375,32.30860900878906
1781099362089352700,125.52935278320312,37.255680084228516,4.3495635986328125,31.12006378173828
1781099362114428400,125.55442846679688,37.46647262573242,4.0027923583984375,30.34845733642578
1781099362139503400,125.57950341796875,37.51475143432617,3.3520889282226562,28.93279266357422
1781099362164579600,125.60457958984375,36.8954963684082,2.8016433715820312,27.913406372070312
1781099362189654500,125.62965454101563,36.482608795166016,1.9516067504882812,26.520645141601562
1781099362214730500,125.65473046875,36.33373260498047,1.5487823486328125,25.723228454589844
1781099362239805700,125.6798056640625,36.20277404785156,0.7258834838867188,24.46167755126953
1781099362264881700,125.70488159179688,35.932762145996094,0.39730072021484375,23.793121337890625
1781099362289956600,125.72995654296875,35.19147872924805,-0.5344009399414062,22.949508666992188
1781099362315032600,125.75503247070313,34.28936767578125,-1.3557205200195312,22.203407287597656
1781099362340107800,125.78010766601562,43.57880401611328,0.619720458984375,17.621742248535156
1781099362365183500,125.80518359375,41.93919372558594,-0.00278472900390625,17.32042694091797
1781099362390259500,125.83025952148438,41.047080993652344,-0.5447921752929688,17.246810913085938
1781099362415334700,125.85533471679688,39.39674377441406,-1.340728759765625,17.297821044921875
1781099362440410600,125.88041064453125,38.366973876953125,-1.6832962036132812,17.652320861816406
1781099362465485600,125.90548559570313,30.514739990234375,1.293243408203125,14.731521606445312
1781099362490561500,125.9305615234375,29.869476318359375,1.1716690063476562,15.236862182617188
1781099362515636700,125.95563671875,28.71239471435547,1.393402099609375,15.762527465820312
1781099362540712700,125.98071264648438,27.957260131835938,1.6197586059570312,16.474746704101562
1781099362565787600,126.00578759765625,27.706336975097656,1.7222442626953125,16.73193359375
1781099362590863400,126.03086328125,26.66931915283203,2.1737060546875,17.19562530517578
1781099362615938600,126.0559384765625,25.071678161621094,5.096832275390625,16.487991333007812
1781099362641014500,126.0810146484375,24.552467346191406,5.311882019042969,16.671005249023438
1781099362666089500,126.10608935546875,23.662506103515625,5.320152282714844,17.195228576660156
1781099362691165700,126.13116577148438,23.465614318847656,5.568389892578125,17.528404235839844
1781099362716240600,126.15624072265625,23.16546630859375,5.76788330078125,18.1954345703125
1781099362741316600,126.18131665039063,22.691131591796875,5.5823516845703125,18.577537536621094
1781099362766392600,126.206392578125,22.649147033691406,5.500938415527344,18.945144653320312
1781099362791467800,126.2314677734375,20.479080200195312,7.217132568359375,17.25804901123047
1781099362816543500,126.25654345703126,20.12653350830078,6.752410888671875,17.218582153320312
1781099362841618400,126.28161840820313,20.125335693359375,6.602088928222656,17.37982940673828
1781099362866694700,126.30669458007813,19.422821044921875,6.414886474609375,17.327102661132812
1781099362891769600,126.33176953125,19.129478454589844,6.213417053222656,17.55797576904297
1781099362916845600,126.35684545898438,18.191940307617188,5.896270751953125,16.828720092773438
1781099362941920500,126.38192041015625,17.3028564453125,5.8153076171875,16.9595947265625
1781099362966996700,126.40699682617188,16.955551147460938,5.858757019042969,17.10088348388672
1781099362992071700,126.43207177734375,16.105178833007812,5.92218017578125,17.276405334472656
1781099363017147600,126.45714770507813,16.08196258544922,6.205078125,17.716590881347656
1781099363042222600,126.48222265625,15.513565063476562,6.1741790771484375,17.559547424316406
1781099363067298000,126.50729809570312,15.15045166015625,6.548667907714844,17.74445343017578
1781099363092374000,126.5323740234375,14.687850952148438,7.135002136230469,17.94440460205078
1781099363117449000,126.55744897460937,12.14471435546875,7.474029541015625,15.675529479980469
1781099363142525200,126.58252514648437,11.893783569335938,7.8885955810546875,16.044784545898438
1781099363167600000,126.60760009765625,11.928359985351562,8.204216003417969,16.33885955810547
1781099363192676000,126.63267602539062,11.869308471679688,8.580001831054688,16.72669219970703
1781099363217751000,126.6577509765625,11.666435241699219,8.953750610351562,17.126075744628906
1781099363242827300,126.6828271484375,11.851692199707031,9.3505859375,17.132911682128906
1781099363267902200,126.70790209960937,12.175483703613281,10.481300354003906,15.655494689941406
1781099363292978200,126.73297827148437,13.065452575683594,11.027122497558594,16.011322021484375
1781099363318053000,126.75805322265624,13.618682861328125,11.290115356445312,15.819290161132812
1781099363343129000,126.78312915039062,14.311080932617188,11.268997192382812,15.860542297363281
1781099363368205000,126.808205078125,14.872795104980469,11.54901123046875,15.930046081542969
1781099363393280000,126.83328002929687,12.844749450683594,13.322135925292969,16.19373321533203
1781099363418356200,126.85835620117187,13.333038330078125,13.522743225097656,16.061256408691406
1781099363443431200,126.88343115234375,14.355888366699219,13.717384338378906,15.726493835449219
1781099363468507100,126.90850708007812,15.715065002441406,14.280937194824219,15.903396606445312
1781099363493582000,126.93358203125,16.375198364257812,14.171127319335938,16.06690216064453
1781099363518658000,126.95865795898438,17.60120391845703,13.577850341796875,15.7406005859375
1781099363543733000,126.98373291015625,17.983985900878906,13.44659423828125,15.47613525390625
1781099363568809000,127.00880908203125,19.235450744628906,12.999046325683594,15.509330749511719
1781099363593884200,127.03388427734374,19.98345947265625,12.780471801757812,15.297645568847656
1781099363618960100,127.05896020507812,20.824966430664062,11.980941772460938,15.162620544433594
1781099363644035000,127.08403515625,21.696556091308594,11.604034423828125,15.152214050292969
1781099363669111000,127.10911108398437,24.188560485839844,15.421600341796875,13.121543884277344
1781099363694186200,127.13418627929687,25.017860412597656,14.104866027832031,13.099510192871094
1781099363719262200,127.15926220703125,25.330299377441406,13.250877380371094,13.19256591796875
1781099363744338000,127.184337890625,25.41637420654297,11.536384582519531,13.094795227050781
1781099363769413000,127.2094130859375,41.27037811279297,11.335533142089844,13.709930419921875
1781099363794489000,127.23448901367188,40.998992919921875,9.638275146484375,13.855697631835938
1781099363819564000,127.25956396484375,41.39768981933594,8.945579528808594,14.013519287109375
1781099363844640000,127.28463989257813,41.21588897705078,8.129287719726562,14.352302551269531
1781099363869715200,127.30971508789062,49.71910858154297,7.391654968261719,15.069992065429688
1781099363894791200,127.33479125976562,49.043609619140625,6.7134246826171875,15.270973205566406
1781099363919866000,127.3598662109375,48.63939666748047,6.1580657958984375,15.903121948242188
1781099363944942300,127.3849423828125,48.17610168457031,5.765449523925781,16.24109649658203
1781099363970017300,127.41001733398437,50.534912109375,4.874427795410156,18.237152099609375
1781099363995093000,127.43509301757813,50.37042236328125,4.6720733642578125,18.458328247070312
1781099364020168200,127.46016821289062,50.27275085449219,4.443931579589844,18.937530517578125
1781099364045244200,127.485244140625,49.82763671875,4.559577941894531,19.533737182617188
1781099364070319900,127.51031982421875,50.06897735595703,4.6468963623046875,19.86188507080078
1781099364095394800,127.53539477539063,49.800201416015625,4.612144470214844,20.555912017822266
1781099364120471000,127.56047094726563,50.02497100830078,4.681770324707031,21.043094635009766
1781099364145546000,127.5855458984375,55.70909881591797,4.235359191894531,21.107830047607422
1781099364170622000,127.6106220703125,55.51354217529297,4.336509704589844,21.2059326171875
1781099364195697200,127.635697265625,55.540374755859375,4.577949523925781,21.663482666015625
1781099364220772900,127.66077294921875,55.66954040527344,4.649810791015625,21.619243621826172
1781099364245848000,127.68584814453125,55.681365966796875,4.5562591552734375,22.010269165039062
1781099364270923800,127.710923828125,56.02983856201172,4.527946472167969,22.31291961669922
1781099364295999000,127.7359990234375,56.34912872314453,4.7514801025390625,22.594146728515625
1781099364321075000,127.76107495117188,57.39399719238281,4.578346252441406,22.13178253173828
1781099364346150000,127.78614990234375,57.1533203125,4.374427795410156,22.095970153808594
1781099364371226000,127.81122607421875,56.556602478027344,4.50665283203125,22.010162353515625
1781099364396302000,127.83630200195313,56.05805206298828,4.648200988769531,21.731731414794922
1781099364421377000,127.861376953125,55.967193603515625,4.676353454589844,21.45382308959961
1781099364446452700,127.88645263671874,55.76319122314453,4.463920593261719,21.35174560546875
1781099364471528000,127.91152783203125,55.507423400878906,4.4805450439453125,21.185871124267578
1781099364496604000,127.93660400390625,55.042938232421875,4.40191650390625,21.378135681152344
1781099364521678800,127.96167895507813,54.65349578857422,4.542083740234375,21.618080139160156
1781099364546755000,127.98675512695313,54.89869689941406,5.006401062011719,21.899913787841797
1781099364571830000,128.011830078125,54.37687683105469,5.03369140625,21.974884033203125
1781099364596906000,128.03690600585938,53.82318115234375,5.5946197509765625,21.991741180419922
1781099364621981000,128.06198095703124,51.71849060058594,5.5605621337890625,23.404094696044922
1781099364647057200,128.08705712890625,51.76286315917969,5.565582275390625,23.47679901123047
1781099364672132000,128.1121320800781,51.22479248046875,5.449577331542969,23.838748931884766
1781099364697207800,128.13720776367188,51.218772888183594,5.79803466796875,24.424095153808594
1781099364722283800,128.16228369140626,50.629058837890625,5.602912902832031,24.475666046142578
1781099364747359000,128.18735888671876,50.061805725097656,5.472267150878906,24.750503540039062
1781099364772435000,128.21243505859374,49.743995666503906,5.543006896972656,24.910171508789062
1781099364797510000,128.23751000976563,49.20124053955078,5.602783203125,25.149730682373047
1781099364822586000,128.26258618164061,48.79393768310547,5.643119812011719,25.347370147705078
1781099364847661000,128.2876611328125,48.695640563964844,5.374626159667969,25.464698791503906
1781099364872737000,128.31273706054688,48.440650939941406,5.3045501708984375,25.685348510742188
1781099364897812000,128.33781201171874,47.77245330810547,4.7232818603515625,26.670001983642578
1781099364922888000,128.36288793945312,47.19865417480469,4.8489227294921875,26.851985931396484
1781099364947963000,128.387962890625,47.04375457763672,4.780494689941406,27.403587341308594
1781099364973038800,128.41303881835938,46.722068786621094,5.199104309082031,27.794227600097656
1781099364998113800,128.43811376953124,46.15545654296875,5.5129241943359375,28.364097595214844
1781099365023190000,128.46318994140626,46.68437194824219,5.744773864746094,29.79987335205078
1781099365048266000,128.48826586914063,46.426300048828125,6.213836669921875,30.04521942138672
1781099365073341700,128.513341796875,45.890403747558594,7.12701416015625,30.609638214111328
1781099365098417400,128.53841748046875,45.787071228027344,7.847465515136719,31.06905746459961
1781099365123492400,128.5634924316406,45.720787048339844,8.438018798828125,31.331008911132812
1781099365148568600,128.58856860351563,47.80546569824219,8.533164978027344,32.71086120605469
1781099365173643500,128.6136435546875,48.14141845703125,9.469169616699219,33.201316833496094
1781099365198719500,128.63871948242186,48.570159912109375,10.151626586914062,33.023197174072266
1781099365223794700,128.6637946777344,48.89369201660156,10.62994384765625,33.06889724731445
1781099365248870700,128.68887060546874,49.36699676513672,11.55474853515625,32.967369079589844
1781099365273945600,128.71394555664062,50.23921203613281,11.685638427734375,33.92448425292969
1781099365299021600,128.739021484375,50.31431579589844,12.522743225097656,33.76157760620117
1781099365324096800,128.7640966796875,50.26618957519531,13.041336059570312,33.70504379272461
1781099365349172500,128.78917236328124,51.094268798828125,14.067146301269531,33.27466583251953
1781099365374248400,128.81424853515625,51.87684631347656,14.497489929199219,32.77993392944336
1781099365399323600,128.83932373046875,52.309417724609375,14.915046691894531,32.15391159057617
1781099365424399600,128.86439965820313,54.04496765136719,15.875030517578125,32.390655517578125
1781099365449474600,128.889474609375,54.28144073486328,16.170196533203125,31.55712127685547
1781099365474550500,128.91455053710936,54.783973693847656,16.249717712402344,30.704143524169922
1781099365499625700,128.9396257324219,54.81581115722656,16.291343688964844,30.1849365234375
1781099365524701700,128.96470166015624,55.08844757080078,16.19329833984375,28.942550659179688
1781099365549776600,128.98977661132812,55.63655090332031,15.76031494140625,28.290042877197266
1781099365574852400,129.01485229492187,55.5555419921875,17.96135711669922,26.346866607666016
1781099365599927600,129.03992749023436,55.772979736328125,17.73322296142578,25.79385757446289
1781099365625003500,129.06500341796874,56.11280059814453,17.53815460205078,25.39771270751953
1781099365650079500,129.09007958984375,55.5921630859375,17.188438415527344,25.156513214111328
1781099365675154700,129.11515478515625,55.21990203857422,17.102760314941406,24.970199584960938
1781099365700230700,129.14023071289063,55.28411102294922,16.774085998535156,24.816165924072266
1781099365725305600,129.1653056640625,55.41985321044922,16.501365661621094,24.77322769165039
1781099365750381600,129.19038159179686,55.74390411376953,16.63274383544922,23.471118927001953
1781099365775456800,129.2154567871094,56.10398864746094,16.48912811279297,23.59435272216797
1781099365800532500,129.24053247070313,56.2586669921875,16.391021728515625,23.741214752197266
1781099365825607400,129.265607421875,56.117523193359375,16.139816284179688,23.88610076904297
1781099365850683600,129.29068359375,55.992164611816406,16.267135620117188,24.449119567871094
1781099365875758600,129.31575854492186,55.69624328613281,16.136512756347656,24.826007843017578
1781099365900834600,129.34083447265624,50.037391662597656,14.574211120605469,24.351238250732422
1781099365925910500,129.36591064453125,50.23988342285156,14.71282958984375,24.416893005371094
1781099365950985700,129.39098583984375,50.58312225341797,14.958351135253906,24.536548614501953
1781099365976061700,129.41606176757813,50.61433410644531,14.974662780761719,24.756404876708984
1781099366001136600,129.44113671875,50.691131591796875,14.991767883300781,24.837810516357422
1781099366026212600,129.46621264648437,50.83989715576172,15.191421508789062,24.999263763427734
1781099366051287600,129.49128759765625,47.68034362792969,14.427581787109375,25.249114990234375
1781099366076363300,129.51636328125,47.980987548828125,14.261550903320312,24.958534240722656
1781099366101438200,129.54143823242188,47.81864929199219,14.067169189453125,24.736461639404297
1781099366126514200,129.56651416015626,47.819862365722656,14.170738220214844,24.550613403320312
1781099366151589000,129.59158911132812,47.67755889892578,14.286979675292969,24.475643157958984
1781099366176665300,129.61666528320313,47.8370361328125,14.453559875488281,24.607566833496094
1781099366201741300,129.6417412109375,45.63410186767578,14.337692260742188,24.788955688476562
1781099366226816300,129.66681616210937,45.99433898925781,14.889045715332031,24.631393432617188
1781099366251892200,129.69189233398438,46.225730895996094,15.251121520996094,24.600780487060547
1781099366276967200,129.71696728515624,46.112754821777344,15.67767333984375,24.81740951538086
1781099366302043100,129.74204321289062,46.56232452392578,15.970100402832031,24.82895278930664
1781099366327118000,129.7671181640625,43.887672424316406,15.358406066894531,25.137176513671875
1781099366352194300,129.7921943359375,44.04798889160156,15.383071899414062,25.00066375732422
1781099366377269200,129.81726928710938,44.14897155761719,15.734481811523438,25.174522399902344
1781099366402345200,129.84234521484376,44.07884979248047,16.048263549804688,24.969970703125
1781099366427420200,129.86742016601562,44.26817321777344,16.38097381591797,24.84292221069336
1781099366452496400,129.89249633789063,43.472816467285156,16.3397216796875,24.41063690185547
1781099366477571300,129.9175712890625,43.36091613769531,16.356246948242188,24.16747283935547
1781099366502647000,129.94264697265626,42.87171936035156,16.681076049804688,24.574710845947266
1781099366527723300,129.96772314453125,43.00707244873047,16.81414031982422,24.707427978515625
1781099366552798200,129.99279809570314,43.391334533691406,17.61986541748047,24.530242919921875
1781099366577874200,130.01787426757812,43.746917724609375,17.934173583984375,24.53689956665039
1781099366602949000,130.04294921875,43.364044189453125,18.00847625732422,24.62762451171875
1781099366628025300,130.068025390625,43.72435760498047,18.19109344482422,24.42633819580078
1781099366653100300,130.09310034179688,44.29261779785156,18.379623413085938,24.367984771728516
1781099366678176300,130.11817626953126,44.97978210449219,18.42724609375,23.70361328125
1781099366703251500,130.14325146484376,45.508888244628906,17.69073486328125,24.136943817138672
1781099366728327200,130.1683271484375,45.811195373535156,17.355606079101562,23.894302368164062
1781099366753403100,130.19340307617188,45.64849090576172,17.204368591308594,23.865894317626953
1781099366778478000,130.21847802734376,45.63395690917969,17.170021057128906,23.697021484375
1781099366803554300,130.24355419921875,45.41736602783203,17.15184783935547,23.223419189453125
1781099366828629200,130.26862915039064,45.508583068847656,17.042922973632812,22.77947235107422
1781099366853705200,130.29370532226562,45.000450134277344,16.69524383544922,22.31072235107422
1781099366878780400,130.31878051757812,44.814605712890625,16.84772491455078,22.085594177246094
1781099366903856400,130.3438564453125,45.21906280517578,16.984230041503906,21.355247497558594
1781099366928931300,130.36893139648438,45.175819396972656,17.092605590820312,21.308128356933594
1781099366954007000,130.39400708007813,45.008819580078125,17.46410369873047,20.933570861816406
1781099366979082200,130.41908227539062,44.74250030517578,17.973419189453125,21.011306762695312
1781099367004158200,130.444158203125,44.87384796142578,18.42522430419922,21.072662353515625
1781099367029234200,130.46923413085938,45.03807830810547,18.85698699951172,20.746925354003906
1781099367054309400,130.49430932617187,46.51896667480469,19.351058959960938,20.473953247070312
1781099367079384800,130.519384765625,47.01940155029297,19.950889587402344,20.098785400390625
1781099367104459800,130.54445971679687,47.15190887451172,20.280227661132812,20.00794219970703
1781099367129535700,130.56953564453124,47.798805236816406,20.435630798339844,19.887237548828125
1781099367154610700,130.59461059570313,48.38848876953125,20.389175415039062,19.585792541503906
1781099367179687000,130.61968701171875,48.754669189453125,20.735824584960938,19.526351928710938
1781099367204761900,130.6447619628906,48.63524627685547,20.22136688232422,20.14208984375
1781099367229837600,130.66983764648438,48.83293151855469,20.033912658691406,19.62511444091797
1781099367254912500,130.69491259765624,49.34923553466797,19.688858032226562,19.137771606445312
1781099367279988700,130.71998876953126,49.160194396972656,19.050811767578125,18.704147338867188
1781099367305064700,130.74506469726563,49.11476135253906,18.578262329101562,18.52386474609375
1781099367330139600,130.7701396484375,48.639251708984375,18.532272338867188,18.523880004882812
1781099367355216000,130.7952158203125,48.455162048339844,18.487693786621094,18.56537628173828
1781099367380290800,130.82029077148437,48.69044494628906,18.144798278808594,18.305816650390625
1781099367405366800,130.84536669921874,48.642784118652344,18.01177215576172,18.171920776367188
1781099367430441700,130.87044165039063,48.353599548339844,17.887237548828125,18.27850341796875
1781099367455517700,130.895517578125,47.8709716796875,17.752731323242188,18.672447204589844
1781099367480592600,130.92059252929687,47.78931427001953,17.573654174804688,18.94342803955078
1781099367505668600,130.94566870117188,47.68013000488281,17.561363220214844,19.460052490234375
1781099367530743600,130.97074365234374,47.929710388183594,18.201583862304688,19.36968231201172
1781099367555819800,130.99581982421876,48.44647979736328,18.170555114746094,19.42401123046875
1781099367580895700,131.02089575195313,47.70539855957031,18.410987854003906,18.543411254882812
1781099367605970700,131.045970703125,47.7376708984375,17.967628479003906,18.525894165039062
1781099367631046700,131.07104663085937,47.921669006347656,17.967872619628906,18.598953247070312
1781099367656121900,131.09612182617187,47.72411346435547,17.59882354736328,18.154953002929688
1781099367681197600,131.12119750976564,47.734283447265625,17.46887969970703,17.96099853515625
1781099367706272500,131.1462724609375,47.82563018798828,17.496192932128906,17.52739715576172
1781099367731348700,131.1713486328125,47.28089904785156,17.21039581298828,17.152862548828125
1781099367756423700,131.19642358398437,46.574012756347656,15.977470397949219,16.69940948486328
1781099367781499600,131.22149975585938,46.183326721191406,15.66644287109375,16.65594482421875
1781099367806574800,131.24657495117188,45.78208923339844,15.647270202636719,16.3629150390625
1781099367831650800,131.27165087890626,45.550682067871094,15.474967956542969,16.31494140625
1781099367856726500,131.2967265625,45.64697265625,14.938323974609375,16.13806915283203
1781099367881801700,131.3218017578125,45.38789367675781,14.530097961425781,16.468902587890625
1781099367906877700,131.34687768554687,44.729209899902344,14.472824096679688,16.797607421875
1781099367931952600,131.37195263671876,44.13311004638672,14.836685180664062,17.1689453125
1781099367957028600,131.39702856445314,44.21418762207031,14.923439025878906,17.027427673339844
1781099367982103800,131.42210375976563,44.38214111328125,14.872238159179688,17.20696258544922
1781099368007179800,131.4471796875,44.328102111816406,14.572586059570312,17.595046997070312
1781099368032254700,131.47225463867187,43.83099365234375,13.676322937011719,18.15532684326172
1781099368057330700,131.49733056640625,43.366485595703125,13.684486389160156,18.60277557373047
1781099368082406400,131.52240649414063,43.23235321044922,13.735992431640625,18.55511474609375
1781099368107482400,131.547482421875,43.61402130126953,13.513671875,18.11943817138672
1781099368132558300,131.57255834960938,44.14777374267578,13.591384887695312,17.985153198242188
1781099368157633300,131.59763330078124,43.824432373046875,13.358070373535156,17.813888549804688
1781099368182709500,131.62270947265625,43.886566162109375,12.995101928710938,18.14508819580078
1781099368207784400,131.6477844238281,42.375885009765625,12.846229553222656,18.14801025390625
1781099368232860400,131.6728603515625,42.38116455078125,12.964698791503906,18.155052185058594
1781099368257935400,131.69793530273438,42.512367248535156,12.711990356445312,17.824920654296875
1781099368283011300,131.72301123046876,42.194847106933594,12.385589599609375,17.507720947265625
1781099368308086300,131.74808618164062,41.799415588378906,12.097427368164062,17.300201416015625
1781099368333162200,131.77316235351563,41.379844665527344,11.712013244628906,17.069358825683594
1781099368358237200,131.7982373046875,41.04240417480469,11.317253112792969,17.134185791015625
1781099368383313400,131.8233134765625,41.1866455078125,11.010025024414062,17.15625762939453
1781099368408389400,131.84838940429688,40.30809020996094,10.617607116699219,17.826446533203125
1781099368433464300,131.87346435546874,39.185211181640625,9.915420532226562,19.62714385986328
1781099368458540500,131.89854052734376,38.747093200683594,10.01629638671875,20.662460327148438
1781099368483615500,131.92361547851561,38.491729736328125,10.14984130859375,21.261947631835938
1781099368508691200,131.94869116210938,38.87480163574219,10.649375915527344,22.132904052734375
1781099368533766100,131.97376611328124,39.73756408691406,10.921180725097656,22.46405792236328
1781099368558842400,131.99884228515626,40.295448303222656,10.893447875976562,22.704238891601562
1781099368583917300,132.02391723632812,40.479736328125,10.784881591796875,22.996315002441406
1781099368608993300,132.0489931640625,40.30723571777344,11.057472229003906,23.39592742919922
1781099368634068500,132.074068359375,41.662628173828125,11.952438354492188,23.76177978515625
1781099368659144400,132.09914453125,41.71832275390625,12.324424743652344,23.67822265625
1781099368684220400,132.12422045898438,42.329925537109375,13.431236267089844,23.518287658691406
1781099368709295400,132.14929541015624,42.736305236816406,13.852386474609375,23.417282104492188
1781099368734371300,132.17437133789062,43.0052490234375,14.16107177734375,23.069320678710938
1781099368759446300,132.1994462890625,43.623741149902344,14.126358032226562,22.7532958984375
1781099368784522200,132.22452221679688,43.52032470703125,14.036697387695312,22.522560119628906
1781099368809597400,132.24959741210938,41.47149658203125,13.165481567382812,19.622100830078125
1781099368834673400,132.27467333984376,41.188629150390625,12.747467041015625,19.216087341308594
1781099368859748400,132.29974829101562,40.057594299316406,11.318092346191406,18.866989135742188
1781099368884824300,132.32482421875,39.82141876220703,10.541152954101562,18.50171661376953
1781099368909900500,132.34990063476562,38.52552032470703,9.870407104492188,18.46894073486328
1781099368934975500,132.3749755859375,37.770957946777344,9.727325439453125,18.763687133789062
1781099368960050400,132.40005053710937,37.46741485595703,10.013206481933594,18.663612365722656
1781099368985126100,132.42512622070313,36.95170593261719,10.338348388671875,18.668212890625
1781099369010201300,132.45020141601563,36.66737365722656,10.766555786132812,18.611679077148438
1781099369035277300,132.47527734375,35.563323974609375,9.958396911621094,22.120574951171875
1781099369060352300,132.50035229492187,35.51110076904297,10.302154541015625,21.735458374023438
1781099369085428000,132.52542797851564,36.113365173339844,10.284957885742188,21.216819763183594
1781099369110504200,132.55050415039062,36.322288513183594,10.470222473144531,20.604530334472656
1781099369135579100,132.5755791015625,36.47193145751953,10.280975341796875,20.064193725585938
1781099369160655000,132.6006550292969,35.8948974609375,10.867866516113281,20.115493774414062
1781099369185730000,132.62572998046875,35.910743713378906,10.884765625,19.946426391601562
1781099369210806000,132.65080590820313,35.922889709472656,11.098922729492188,19.983444213867188
1781099369235881200,132.67588110351562,35.642112731933594,11.614418029785156,19.84515380859375
1781099369260957000,132.70095703125,35.80805206298828,12.405929565429688,19.764801025390625
1781099369286032100,132.7260322265625,35.92893981933594,13.014717102050781,19.684547424316406
1781099369311108000,132.75110815429687,36.2012939453125,13.704994201660156,19.27545166015625
1781099369336184000,132.77618408203125,36.297523498535156,14.925743103027344,18.390884399414062
1781099369361259000,132.80125903320314,29.50177764892578,16.686248779296875,20.309226989746094
1781099369386335200,132.82633520507812,30.178085327148438,16.949203491210938,19.038597106933594
1781099369411410200,132.85141015625,30.292129516601562,16.89080810546875,18.18981170654297
1781099369436486000,132.87648583984375,30.79851531982422,16.464935302734375,17.06987762451172
1781099369461561000,132.90156103515625,31.236488342285156,16.155372619628906,16.455886840820312
1781099369486637000,132.92663696289063,31.503448486328125,15.322982788085938,16.02552032470703
1781099369511713000,132.9517131347656,31.464111328125,14.719963073730469,15.997627258300781
1781099369536788000,132.9767880859375,31.483734130859375,14.444374084472656,16.19964599609375
1781099369561864200,133.0018642578125,31.15985870361328,13.995811462402344,16.29633331298828
1781099369586939100,133.02693920898437,30.950347900390625,13.323463439941406,16.041015625
1781099369612015000,133.05201513671875,31.35162353515625,12.335578918457031,15.951919555664062
1781099369637090000,133.07709008789064,31.465560913085938,11.4595947265625,15.789619445800781
1781099369662166000,133.102166015625,31.01171112060547,10.155326843261719,15.99371337890625
1781099369687242000,133.12724194335937,30.581588745117188,9.517356872558594,16.694656372070312
1781099369712317000,133.15231689453125,29.912574768066406,8.724067687988281,17.358673095703125
1781099369737393200,133.17739306640624,27.08148956298828,10.859756469726562,9.412094116210938
1781099369762468000,133.20246801757813,26.64179229736328,10.687187194824219,10.371757507324219
1781099369787544000,133.2275439453125,25.636398315429688,10.482742309570312,11.767860412597656
1781099369812619000,133.25261889648436,25.354202270507812,10.730422973632812,12.814964294433594
1781099369837695200,133.2776953125,24.67266845703125,11.612289428710938,14.152130126953125
1781099369862771000,133.30277099609376,24.682098388671875,13.024452209472656,14.947883605957031
1781099369887846000,133.32784594726562,24.00311279296875,14.188446044921875,15.123069763183594
1781099369912922000,133.35292211914063,24.42076873779297,15.795944213867188,14.527847290039062
1781099369937997000,133.3779970703125,24.744659423828125,17.0091552734375,13.853675842285156
1781099369963073000,133.40307299804687,25.298385620117188,18.561859130859375,11.993751525878906
1781099369988148000,133.42814794921875,25.470413208007812,19.234237670898438,10.359535217285156
1781099370013224200,133.45322412109374,26.068069458007812,19.795669555664062,8.3753662109375
1781099370038300200,133.47830004882812,26.03887939453125,19.531898498535156,7.059501647949219
1781099370063375000,133.503375,25.961654663085938,18.64745330810547,5.429191589355469
1781099370088450800,133.52845092773438,25.420997619628906,17.524444580078125,4.731361389160156
1781099370113525800,133.55352587890624,24.777755737304688,16.650497436523438,4.040885925292969
1781099370138601700,133.57860180664062,23.516265869140625,15.242912292480469,4.1836700439453125
1781099370163676700,133.6036767578125,27.294387817382812,23.45269012451172,2.4149932861328125
1781099370188753000,133.6287529296875,25.919471740722656,22.891983032226562,3.5744705200195312
1781099370213828900,133.65382885742187,24.778907775878906,23.30010986328125,4.49798583984375
1781099370238903800,133.67890380859376,23.313148498535156,24.750534057617188,5.45196533203125
1781099370263980000,133.70397998046874,23.097976684570312,26.15923309326172,5.610260009765625
1781099370289055000,133.72905493164063,23.042694091796875,27.61920928955078,5.077728271484375
1781099370314130700,133.75413061523437,23.414337158203125,29.134727478027344,3.5896453857421875
1781099370339205600,133.77920556640626,23.501953125,29.790542602539062,2.1299285888671875
1781099370364281900,133.80428173828125,23.982749938964844,29.833106994628906,0.3264007568359375
1781099370389357800,133.82935791015626,23.312591552734375,29.46532440185547,-0.8179702758789062
1781099370414432800,133.85443286132812,22.07286834716797,28.717483520507812,-1.3740921020507812
1781099370439509000,133.87950903320314,21.235580444335938,28.355392456054688,-1.0199127197265625
1781099370464584000,133.904583984375,20.586944580078125,28.350250244140625,-0.34185791015625
1781099370489660000,133.92965991210937,20.29772186279297,28.90271759033203,0.31931304931640625
1781099370514734800,133.95473486328126,19.834678649902344,29.71331024169922,0.6820220947265625
1781099370539810800,133.97981079101564,20.26966094970703,31.705474853515625,0.9242630004882812
1781099370564886800,134.00488671875,23.389892578125,36.73998260498047,-2.1560211181640625
1781099370589961700,134.02996166992187,24.39301300048828,38.014991760253906,-3.706756591796875
1781099370615038000,134.0550378417969,24.849075317382812,38.351707458496094,-4.987518310546875
1781099370640113000,134.08011279296875,25.44475555419922,38.070228576660156,-6.5079498291015625
1781099370665188900,134.10518896484376,25.58636474609375,37.360984802246094,-7.231758117675781
1781099370690263800,134.13026391601562,25.54320526123047,37.13007354736328,-7.477363586425781
1781099370715339800,134.15533984375,25.56354522705078,37.293296813964844,-7.1323699951171875
1781099370740415700,134.18041577148438,25.23040008544922,37.60559844970703,-6.99365234375
1781099370765490700,134.20549072265624,25.056655883789062,38.14734649658203,-7.5925140380859375
1781099370790567000,134.23056689453125,25.468002319335938,38.78325653076172,-8.29986572265625
1781099370815641900,134.25564184570314,25.169090270996094,39.052406311035156,-9.3255615234375
1781099370840717800,134.2807177734375,25.4981689453125,39.46483612060547,-9.620811462402344
1781099370865792800,134.30579272460938,17.39470672607422,48.442771911621094,-10.382286071777344
1781099370890869000,134.33086889648436,17.411598205566406,48.596595764160156,-11.214393615722656
1781099370915944700,134.35594482421874,16.97766876220703,48.53614044189453,-11.579551696777344
1781099370941019600,134.38101953125,16.366119384765625,47.622657775878906,-12.031753540039062
1781099370966096000,134.4060959472656,15.909446716308594,47.50342559814453,-11.93963623046875
1781099370991170800,134.4311708984375,15.132545471191406,47.524208068847656,-11.253227233886719
1781099371016246800,134.45624682617188,14.940956115722656,47.60527801513672,-10.77362060546875
1781099371041321700,134.48132177734374,15.229637145996094,48.402442932128906,-10.017349243164062
1781099371066398000,134.50639794921875,15.324447631835938,49.12798309326172,-9.821380615234375
1781099371091474400,134.53147436523437,15.779022216796875,49.83055877685547,-9.585380554199219
1781099371116549400,134.55654931640626,17.571022033691406,50.455238342285156,-10.469642639160156
1781099371141625600,134.58162548828125,18.30248260498047,50.294273376464844,-11.334709167480469
1781099371166700500,134.60670043945314,19.24474334716797,48.71709442138672,-12.276016235351562
1781099371191776500,134.63177661132812,19.630050659179688,47.644020080566406,-12.220733642578125
1781099371216851500,134.6568515625,19.339630126953125,46.18566131591797,-11.07861328125
1781099371241927700,134.681927734375,19.16724395751953,45.80677795410156,-9.721420288085938
1781099371267002600,134.70700268554688,19.072425842285156,45.76544189453125,-8.658149719238281
1781099371292078600,134.73207861328126,20.291519165039062,34.02812957763672,-10.373924255371094
1781099371317154600,134.75715454101564,20.957313537597656,34.14817810058594,-9.866836547851562
1781099371342229500,134.7822294921875,22.37354278564453,33.99058532714844,-9.379592895507812
1781099371367305500,134.80730541992187,22.88372802734375,33.9208984375,-9.078041076660156
1781099371392380400,134.83238037109376,23.970062255859375,33.59204864501953,-9.156097412109375
1781099371417456600,134.85745654296875,24.548828125,32.89231872558594,-9.137184143066406
1781099371442531600,134.88253149414064,25.681617736816406,31.50487518310547,-9.08441162109375
1781099371467607600,134.90760766601562,25.688125610351562,30.495704650878906,-8.988494873046875
1781099371492683800,134.93268383789064,26.04322052001953,29.387718200683594,-8.806808471679688
1781099371517758700,134.9577587890625,26.271461486816406,27.519332885742188,-8.064353942871094
1781099371542834400,134.98283447265624,26.126136779785156,26.34650421142578,-7.496742248535156
1781099371567909400,135.00790942382812,25.394676208496094,24.785171508789062,-6.049125671386719
1781099371592985600,135.03298559570314,24.825706481933594,23.63672637939453,-4.864463806152344
1781099371618060500,135.058060546875,23.919395446777344,22.311317443847656,-2.4189834594726562
1781099371643136500,135.08313647460938,23.421829223632812,21.90076446533203,-0.38759613037109375
1781099371668212700,135.10821264648436,22.991065979003906,21.943931579589844,1.414886474609375
1781099371693287700,135.13328759765625,24.479248046875,-26.014610290527344,-5.1290435791015625
1781099371718363600,135.15836376953126,24.44818115234375,-25.203414916992188,-4.023429870605469
1781099371743438600,135.1834384765625,24.97216033935547,-25.330360412597656,-3.0035858154296875
1781099371768514600,135.2085146484375,25.076934814453125,-25.472091674804688,-2.5621795654296875
1781099371793589500,135.2335895996094,24.970741271972656,-25.964889526367188,-1.673126220703125
1781099371818665500,135.25866552734374,24.61420440673828,-26.255615234375,-0.6590805053710938
1781099371843741700,135.28374169921875,24.385665893554688,-26.323776245117188,0.42053985595703125
1781099371868816600,135.3088166503906,24.361907958984375,-26.00951385498047,1.1128005981445312
1781099371893892600,135.333892578125,23.865211486816406,-25.81468963623047,1.3402099609375
1781099371918967600,135.35896752929688,24.053863525390625,-26.16254425048828,1.7305107116699219
1781099371944043500,135.38404345703125,23.585975646972656,-26.737205505371094,1.8564453125
1781099371969118700,135.40911865234375,22.794906616210938,-27.081008911132812,2.845935821533203
1781099371994194400,135.4341943359375,22.26258087158203,-27.05780792236328,3.6864242553710938
1781099372019270700,135.4592707519531,21.836639404296875,-26.583152770996094,4.4522552490234375
1781099372044345600,135.484345703125,21.42353057861328,-25.9422607421875,4.787746429443359
1781099372069421600,135.50942163085938,20.94847869873047,-25.222557067871094,4.7595977783203125
1781099372094495700,135.53449584960939,20.82549285888672,-24.650115966796875,3.8031272888183594
1781099372119571700,135.55957177734376,21.602127075195312,-30.98431396484375,17.125308990478516
1781099372144648000,135.58464794921875,21.788055419921875,-30.34807586669922,16.343185424804688
1781099372169723000,135.60972290039064,21.473663330078125,-29.866844177246094,15.709659576416016
1781099372194798600,135.63479858398438,21.03504180908203,-29.44953155517578,15.099388122558594
1781099372219873800,135.65987377929687,20.723358154296875,-29.193275451660156,14.866889953613281
1781099372244949800,135.68494970703125,20.81053924560547,-29.050811767578125,14.982803344726562
1781099372270024700,135.71002465820314,20.94171142578125,-28.949081420898438,14.937644958496094
1781099372295100700,135.7351005859375,20.848289489746094,-28.454742431640625,14.93157958984375
1781099372320177000,135.76017700195314,20.925254821777344,-27.841651916503906,15.168159484863281
1781099372345251800,135.785251953125,21.45587158203125,-27.346267700195312,14.961448669433594
1781099372370327800,135.81032788085938,21.587844848632812,-27.291603088378906,14.173675537109375
1781099372395402800,135.83540283203126,22.130661010742188,-27.748764038085938,13.741218566894531
1781099372420478700,135.8604787597656,22.26727294921875,-28.746536254882812,13.219741821289062
1781099372445553700,135.8855537109375,22.328964233398438,-29.427207946777344,13.194099426269531
1781099372470629600,135.91062963867188,22.176895141601562,-29.968955993652344,13.342140197753906
1781099372495705900,135.93570581054686,21.25249481201172,-30.69683074951172,13.971336364746094
1781099372520780800,135.96078076171875,22.000625610351562,-25.617202758789062,11.574508666992188
1781099372545856800,135.98585668945313,21.054542541503906,-25.826065063476562,12.47292709350586
1781099372570931700,136.010931640625,20.92059326171875,-25.32807159423828,13.037078857421875
1781099372596008000,136.0360080566406,20.599693298339844,-24.64838409423828,13.609504699707031
1781099372621083600,136.06108374023438,20.61761474609375,-24.276290893554688,14.058277130126953
1781099372646158600,136.08615869140624,20.48809051513672,-23.44603729248047,14.503170013427734
1781099372671234800,136.11123486328125,20.419532775878906,-21.897811889648438,14.562881469726562
1781099372696309800,136.1363098144531,20.674758911132812,-21.03760528564453,14.402462005615234
1781099372721385700,136.1613857421875,21.24200439453125,-19.58074951171875,13.767948150634766
1781099372746460700,136.18646069335938,21.540687561035156,-18.78874969482422,13.25082778930664
1781099372771537000,136.21153686523436,21.816383361816406,-17.49639129638672,12.294208526611328
1781099372796612900,136.23661279296874,22.54625701904297,-16.416603088378906,11.480484008789062
1781099372821687800,136.26168774414063,23.407798767089844,-15.112167358398438,10.266441345214844
1781099372846763800,136.286763671875,23.8231201171875,-14.346099853515625,9.301780700683594
1781099372871838700,136.31183862304687,24.672256469726562,-13.791519165039062,8.322593688964844
1781099372896914700,136.33691479492188,33.73524475097656,-12.887313842773438,76.15247344970703
1781099372921990700,136.36199072265626,34.46227264404297,-12.962966918945312,74.98407745361328
1781099372947065900,136.38706591796876,35.07127380371094,-12.785736083984375,73.77381896972656
1781099372972141800,136.41214184570313,35.34747314453125,-13.246063232421875,73.03807830810547
1781099372997216800,136.437216796875,35.539764404296875,-13.935531616210938,72.37782287597656
1781099373022292700,136.46229272460937,35.466064453125,-14.29052734375,72.16671752929688
1781099373047368700,136.48736865234375,35.444061279296875,-14.46746826171875,71.80157470703125
1781099373072443600,136.51244360351564,35.12663269042969,-14.712677001953125,71.86578369140625
1781099373097520600,136.53752075195314,35.429283142089844,-14.947952270507812,71.98081970214844
1781099373122595600,136.562595703125,35.16346740722656,-15.510116577148438,72.09989166259766
1781099373147671600,136.58767163085938,35.35651397705078,-16.11859893798828,72.3282699584961
1781099373172747500,136.61274755859375,35.377197265625,-16.543701171875,72.49072265625
1781099373197822500,136.6378225097656,35.738807678222656,-17.072608947753906,72.42257690429688
1781099373222898400,136.6628984375,35.90544891357422,-17.830039978027344,72.0000991821289
1781099373247973400,136.68797338867188,36.028350830078125,-18.819442749023438,72.10865020751953
1781099373273049600,136.71304956054686,35.33992004394531,-19.19256591796875,71.82902526855469
1781099373298124500,136.73812451171875,35.768821716308594,-23.610763549804688,82.19012451171875
1781099373323200500,136.76320043945313,35.406166076660156,-23.826194763183594,82.34475708007812
1781099373348276700,136.78827685546875,34.478492736816406,-23.849830627441406,82.42921447753906
1781099373373351700,136.8133515625,33.77708435058594,-23.443763732910156,82.90169525146484
1781099373398427400,136.83842749023438,33.575164794921875,-22.590225219726562,83.79812622070312
1781099373423502300,136.86350244140624,33.1429443359375,-20.574851989746094,86.56693267822266
1781099373448578600,136.88857861328125,33.139564514160156,-20.577438354492188,86.9676742553711
1781099373473654500,136.91365454101563,34.038063049316406,-20.824974060058594,87.38600158691406
1781099373498729500,136.9387294921875,34.043067932128906,-21.213485717773438,88.08663177490234
1781099373523805700,136.9638056640625,35.029197692871094,-22.07555389404297,89.03882598876953
1781099373548880600,136.98888061523436,35.541481018066406,-22.542495727539062,89.60489654541016
1781099373573956600,137.01395654296874,36.12261199951172,-23.45354461669922,90.3822250366211
1781099373599032300,137.0390322265625,36.396209716796875,-24.0721435546875,90.8792724609375
1781099373624107500,137.064107421875,36.83722686767578,-24.898056030273438,91.44529724121094
1781099373649183500,137.08918359375,37.128013610839844,-25.590316772460938,92.01546478271484
1781099373674258400,137.11425854492188,37.37318420410156,-26.337257385253906,92.43754577636719
1781099373699334400,137.13933447265626,37.905517578125,-26.784812927246094,93.03502655029297
1781099373724410600,137.16441064453124,37.642425537109375,-27.153968811035156,93.33121490478516
1781099373749485600,137.18948559570313,36.979957580566406,-27.417503356933594,93.52528381347656
1781099373774561300,137.21456127929687,36.93852996826172,-27.62335205078125,93.86415100097656
1781099373799636500,137.23963647460937,36.84697723388672,-27.94739532470703,93.49642181396484
1781099373824712400,137.26471240234375,36.92572784423828,-28.01349639892578,93.34749603271484
1781099373849787400,137.28978735351564,35.19232940673828,-18.79816436767578,109.6253662109375
1781099373874863400,137.31486328125,35.128082275390625,-18.91973876953125,109.09673309326172
1781099373899939600,137.33993969726563,34.466033935546875,-19.32062530517578,108.8131332397461
1781099373925014500,137.3650146484375,33.88916778564453,-19.968902587890625,107.96934509277344
1781099373950090500,137.39009057617187,32.51782989501953,-20.229202270507812,107.76801300048828
1781099373975165700,137.41516577148437,30.900314331054688,-20.498756408691406,107.37666320800781
1781099374000241400,137.44024145507814,29.877342224121094,-20.386505126953125,106.99803924560547
1781099374025317400,137.4653173828125,28.368240356445312,-20.03467559814453,107.16217041015625
1781099374050392300,137.49039233398437,26.402313232421875,-19.30339813232422,107.27627563476562
1781099374075468500,137.5154685058594,25.17829132080078,-18.39081573486328,107.32083892822266
1781099374100544500,137.54054443359374,24.38304901123047,-17.19482421875,107.76963806152344
1781099374125620500,137.56562036132811,24.430397033691406,-16.415382385253906,108.0694351196289
1781099374150695400,137.5906953125,25.165176391601562,-14.776161193847656,108.44256591796875
1781099374175771100,137.61577124023438,25.745346069335938,-14.039909362792969,108.58333587646484
1781099374200847400,137.64084741210937,27.427398681640625,-13.100685119628906,109.18555450439453
1781099374225922300,137.66592236328125,27.670204162597656,-12.802734375,109.2662353515625
1781099374250998300,137.69099829101563,28.502029418945312,-13.38922119140625,108.56815338134766
1781099374276073200,137.7160732421875,29.262290954589844,-13.12554931640625,109.36750793457031
1781099374301149400,137.7411494140625,29.779441833496094,-13.135826110839844,109.71885681152344
1781099374326225400,137.76622534179688,30.770423889160156,-13.438423156738281,109.91642761230469
1781099374351300400,137.79130029296874,31.377578735351562,-13.417449951171875,110.45639038085938
1781099374376376300,137.81637622070312,31.938217163085938,-12.932914733886719,111.96327209472656
1781099374401451300,137.841451171875,32.47051239013672,-12.688697814941406,112.42776489257812
1781099374426527200,137.86652734375,33.204620361328125,-12.641654968261719,112.80108642578125
1781099374451603500,137.891603515625,34.726043701171875,-12.9273681640625,113.08769226074219
1781099374476678400,137.91667846679687,35.09907531738281,-12.976646423339844,113.31974029541016
1781099374501754400,137.94175439453124,35.37256622314453,-13.150047302246094,113.67330932617188
1781099374526829300,137.96682934570313,35.619178771972656,-13.297653198242188,113.6585693359375
1781099374551905300,137.9919052734375,35.630088806152344,-13.267715454101562,113.84343719482422
1781099374576981200,138.0169812011719,35.212188720703125,-13.069709777832031,113.98920440673828
1781099374602056200,138.04205615234375,35.108863830566406,-13.082626342773438,114.46562194824219
1781099374627132400,138.06713232421876,35.70928192138672,-12.757667541503906,114.73342895507812
1781099374652207400,138.09220727539062,40.07435607910156,-27.80821990966797,76.59658813476562
1781099374677283300,138.11728344726563,41.88018035888672,-27.860923767089844,76.45305633544922
1781099374702359600,138.14235961914062,42.44556427001953,-28.444190979003906,76.57402038574219
1781099374727434500,138.1674345703125,43.29931640625,-28.61048126220703,76.827880859375
1781099374752510200,138.19251025390625,43.84590148925781,-29.105300903320312,76.32005310058594
1781099374777585200,138.21758520507814,44.118682861328125,-30.517189025878906,75.48284149169922
1781099374802661400,138.24266137695312,44.06171417236328,-31.360275268554688,75.085693359375
1781099374827736300,138.267736328125,43.531951904296875,-31.978668212890625,74.69376373291016
1781099374852812300,138.2928122558594,42.41249084472656,-32.31786346435547,74.43961334228516
1781099374877888500,138.31788842773437,41.78675842285156,-32.473838806152344,74.35546112060547
1781099374902963500,138.34296337890626,41.18641662597656,-32.64318084716797,74.47274017333984
1781099374928039400,138.3680393066406,40.83369445800781,-32.30970764160156,74.66111755371094
1781099374953114400,138.3931142578125,40.379066467285156,-32.2218017578125,74.70926666259766
1781099374978190300,138.4181904296875,40.604515075683594,-32.089019775390625,74.51325988769531
1781099375003266300,138.44326635742186,40.9200439453125,-32.09651184082031,74.08238220214844
1781099375028341200,138.46834130859375,41.38392639160156,-32.83379364013672,73.50215148925781
1781099375053417500,138.49341748046874,40.84050750732422,-33.17584228515625,73.33322143554688
1781099375078491000,138.51849096679686,62.769813537597656,-31.57683563232422,65.33023071289062
1781099375103567000,138.54356713867188,62.20946502685547,-31.306488037109375,65.04737854003906
1781099375128643000,138.56864306640625,62.056617736816406,-30.896560668945312,64.35270690917969
1781099375153718000,138.5937180175781,61.670066833496094,-31.047447204589844,64.16162872314453
1781099375178794200,138.61879418945313,61.20362091064453,-31.171417236328125,64.47132873535156
1781099375203869200,138.643869140625,60.97101593017578,-30.959625244140625,64.56201171875
1781099375228945000,138.66894482421876,60.98130798339844,-31.1663818359375,64.63184356689453
1781099375254021000,138.69402124023438,60.935325622558594,-31.267616271972656,64.74461364746094
1781099375279096000,138.71909594726563,61.02215576171875,-31.16551971435547,64.88328552246094
1781099375304172000,138.74417211914061,61.515586853027344,-31.007354736328125,65.26914978027344
1781099375329247000,138.7692470703125,61.754554748535156,-31.18347930908203,65.70767974853516
1781099375354323200,138.7943232421875,62.66596221923828,-31.484725952148438,66.18940734863281
1781099375379398100,138.81939819335938,63.213905334472656,-32.00135803222656,66.32669067382812
1781099375404474000,138.84447412109375,63.807029724121094,-32.24749755859375,66.32054138183594
1781099375429550000,138.86955004882813,64.1644515991211,-33.04835510253906,66.00590515136719
1781099375454625000,138.894625,64.15296936035156,-33.81440734863281,66.21070861816406
1781099375479701000,138.91970092773437,57.717018127441406,-35.90126037597656,69.68861389160156
1781099375504776000,138.94477587890626,56.96387481689453,-36.517601013183594,69.71530151367188
1781099375529852200,138.96985205078124,55.53577423095703,-37.174400329589844,69.85256958007812
1781099375554928000,138.99492822265626,55.42847442626953,-37.64900207519531,70.00704956054688
1781099375580003000,139.02000317382812,54.44361877441406,-37.49749755859375,69.96939086914062
1781099375605079300,139.04507934570313,53.42491912841797,-37.38207244873047,70.14724731445312
1781099375630154200,139.070154296875,53.269744873046875,-37.30431365966797,69.95255279541016
1781099375655230000,139.09522998046876,52.749305725097656,-37.37561798095703,69.64305114746094
1781099375680306200,139.12030615234374,52.266510009765625,-37.228668212890625,69.16371154785156
1781099375705381000,139.14538110351563,51.414222717285156,-37.09654998779297,68.54835510253906
1781099375730457000,139.17045703125,50.56849670410156,-37.02336883544922,68.05584716796875
1781099375755532000,139.19553198242187,49.243064880371094,-36.944664001464844,67.43965148925781
1781099375780608300,139.22060815429688,48.222076416015625,-36.64630126953125,67.11233520507812
1781099375805683200,139.24568310546874,47.450927734375,-36.292625427246094,66.39501190185547
1781099375830759200,139.27075927734376,46.45250701904297,-35.702423095703125,66.42460632324219
1781099375855835100,139.29583520507813,46.02577209472656,-35.43687438964844,65.77755737304688
1781099375880910000,139.32091015625,45.36109924316406,-35.37550354003906,65.56887817382812
1781099375905986000,139.34598608398437,44.77117156982422,-57.502418518066406,61.01924133300781
1781099375931061000,139.37106103515626,44.36437225341797,-56.64292907714844,60.777198791503906
1781099375956137200,139.39613720703124,44.08628845214844,-56.112945556640625,60.55126190185547
1781099375981213200,139.42121313476562,43.81433868408203,-55.48021697998047,60.43074035644531
1781099376006288100,139.4462880859375,43.70622253417969,-54.621368408203125,60.47071075439453
1781099376031364000,139.4713640136719,44.06964111328125,-54.58068084716797,60.52440643310547
1781099376056439000,139.49643896484375,44.488677978515625,-54.484161376953125,60.203086853027344
1781099376081515000,139.52151489257812,44.44337463378906,-54.495933532714844,60.13379669189453
1781099376106591200,139.54659130859375,44.57257080078125,-54.773651123046875,59.78327941894531
1781099376131666200,139.57166625976564,44.3033447265625,-54.88646697998047,59.61103820800781
1781099376156742100,139.5967421875,43.760581970214844,-54.96391296386719,59.671669006347656
1781099376181817000,139.62181713867187,43.38854217529297,-55.008270263671875,59.95878601074219
1781099376206893300,139.6468933105469,42.898704528808594,-55.11394500732422,60.19877624511719
1781099376231968300,139.67196826171875,42.1368408203125,-54.83715057373047,60.563720703125
1781099376257044000,139.6970439453125,41.984947204589844,-54.66352081298828,60.758209228515625
1781099376282120200,139.7221201171875,41.981048583984375,-54.32866668701172,61.085235595703125
1781099376307195100,139.7471950683594,45.76299285888672,-50.42914581298828,63.295204162597656
1781099376332271000,139.77227099609374,45.944984436035156,-50.19157409667969,63.71198272705078
1781099376357346000,139.79734594726563,45.66693115234375,-49.693824768066406,63.950565338134766
1781099376382422300,139.82242236328125,45.63545227050781,-49.3009033203125,64.25699615478516
1781099376407498200,139.84749829101563,45.15168762207031,-48.5322265625,64.549560546875
1781099376432573200,139.8725732421875,45.47484588623047,-48.05706024169922,64.82113647460938
1781099376457649200,139.89764916992186,46.01618194580078,-47.173622131347656,65.05618286132812
1781099376482724000,139.92272412109375,46.26530456542969,-46.55232238769531,65.18561553955078
1781099376507800000,139.94780004882813,47.01295471191406,-45.78539276123047,65.31423950195312
1781099376532876000,139.9728759765625,47.74198913574219,-45.553619384765625,65.37992858886719
1781099376557951200,139.997951171875,48.6240234375,-45.28528594970703,65.06961059570312
1781099376583027200,140.02302709960938,49.366600036621094,-44.591644287109375,64.9568099975586
1781099376608102100,140.04810205078124,50.14141845703125,-44.475547790527344,64.91128540039062
1781099376633178000,140.07317822265625,50.863792419433594,-44.098854064941406,64.61449432373047
1781099376658253300,140.09825341796875,51.468482971191406,-44.151100158691406,64.73687744140625
1781099376683329000,140.1233291015625,52.256927490234375,-43.78668212890625,65.0757827758789
1781099376708405000,140.14840502929687,35.23674774169922,-34.26543426513672,81.63890075683594
1781099376733480200,140.17348022460936,35.649253845214844,-33.68205261230469,81.8870620727539
1781099376758556200,140.19855615234374,36.6427001953125,-33.11766815185547,82.12654876708984
1781099376783631000,140.22363110351563,37.746360778808594,-32.973976135253906,82.3913803100586
1781099376808707300,140.24870727539061,39.1846923828125,-32.41508483886719,82.73721313476562
1781099376833783000,140.27378295898438,40.324378967285156,-32.0101318359375,82.89865112304688
1781099376858858000,140.29885791015624,41.48933410644531,-31.887496948242188,82.74684143066406
1781099376883934000,140.32393383789062,42.25233459472656,-31.969131469726562,82.61074829101562
1781099376909009200,140.34900903320312,43.42603302001953,-32.115234375,82.69261932373047
1781099376934085000,140.37408520507813,44.09980010986328,-32.33494567871094,82.56382751464844
1781099376959161000,140.3991611328125,44.482269287109375,-32.606536865234375,82.52021026611328
1781099376984236300,140.424236328125,45.065093994140625,-32.74523162841797,82.98645782470703
1781099377009312300,140.44931225585938,45.35231018066406,-33.0675048828125,83.18092346191406
1781099377034387200,140.47438720703124,46.06477355957031,-33.25505065917969,83.47599792480469
1781099377059463000,140.499462890625,46.360679626464844,-33.162452697753906,83.88475036621094
1781099377084538600,140.52453857421875,46.642189025878906,-32.88655090332031,84.38493347167969
1781099377109614600,140.54961450195313,46.91493225097656,-32.760276794433594,84.75210571289062
1781099377134690600,140.57469067382812,48.28972625732422,-8.257537841796875,67.25873565673828
1781099377159765800,140.5997658691406,48.76203155517578,-8.21942138671875,67.79789733886719
1781099377184841700,140.624841796875,49.69435119628906,-7.932525634765625,68.40010833740234
1781099377209916700,140.64991674804688,50.79808807373047,-7.5892791748046875,69.12907409667969
1781099377234992600,140.67499267578125,51.69133758544922,-7.31439208984375,69.66947174072266
1781099377260068600,140.70006860351563,53.047828674316406,-6.8431243896484375,70.1540756225586
1781099377285143600,140.7251435546875,54.313804626464844,-6.8080596923828125,70.52679443359375
1781099377310219500,140.75021948242187,55.41978073120117,-7.0684814453125,71.07965087890625
1781099377335294700,140.77529467773437,56.15890884399414,-7.0619354248046875,71.21944427490234
1781099377360370700,140.80037060546874,56.95026779174805,-7.1553955078125,71.32161712646484
1781099377385446700,140.82544677734376,58.120521545410156,-7.7171173095703125,71.05442810058594
1781099377410521600,140.850521484375,58.80626678466797,-8.017623901367188,71.08489990234375
1781099377435597600,140.87559765625,59.6682243347168,-8.347763061523438,70.68234252929688
1781099377460672500,140.90067260742188,60.206642150878906,-8.634819030761719,70.1356201171875
1781099377485748500,140.92574853515626,60.68112564086914,-8.947021484375,69.86587524414062
1781099377510824700,140.95082470703124,60.97452163696289,-9.09124755859375,69.79078674316406
1781099377535899600,140.97589965820313,65.37443542480469,-28.462677001953125,36.536434173583984
1781099377560975600,141.0009755859375,65.91282653808594,-28.611373901367188,35.65860366821289
1781099377586050600,141.02605053710937,66.15217590332031,-28.88758087158203,35.50212097167969
1781099377611126800,141.05112670898438,66.15194702148438,-29.059852600097656,34.86753463745117
1781099377636201700,141.07620166015624,66.7642822265625,-29.19562530517578,34.18212127685547
1781099377661277400,141.10127734375,66.88795471191406,-29.63500213623047,33.37734603881836
1781099377686353700,141.12635375976564,66.87803649902344,-30.046356201171875,33.29008865356445
1781099377711428600,141.1514287109375,66.59901428222656,-30.370559692382812,33.2755241394043
1781099377736504600,141.17650463867187,66.43606567382812,-30.815521240234375,33.138240814208984
1781099377761579500,141.20157958984376,66.07078552246094,-30.927383422851562,32.7738151550293
1781099377786655700,141.22665576171875,65.81620788574219,-31.384300231933594,32.75129699707031
1781099377811731500,141.2517314453125,65.75251007080078,-31.28563690185547,32.5382080078125
1781099377836806700,141.276806640625,65.4900131225586,-31.414878845214844,32.05500030517578
1781099377861882600,141.3018825683594,65.11752319335938,-31.92473602294922,31.758743286132812
1781099377886957600,141.32695751953125,64.67985534667969,-32.61638641357422,31.489349365234375
1781099377912033500,141.35203344726563,64.09455108642578,-32.679039001464844,31.176498413085938
1781099377937109800,141.37710986328125,63.807586669921875,-32.939613342285156,30.582263946533203
1781099377962184700,141.40218481445314,115.63131713867188,-25.532180786132812,9.351234436035156
1781099377987260700,141.4272607421875,115.38005065917969,-25.358596801757812,9.0128173828125
1781099378012335600,141.45233569335937,114.90031433105469,-25.295982360839844,8.970954895019531
1781099378037411600,141.47741162109375,114.45231628417969,-25.228973388671875,8.579242706298828
1781099378062487600,141.50248754882813,114.2022705078125,-25.42992401123047,8.272789001464844
1781099378087561700,141.52756176757813,113.94186401367188,-25.469192504882812,8.233261108398438
1781099378112638000,141.55263793945312,113.21493530273438,-25.193893432617188,7.830352783203125
1781099378137713000,141.577712890625,112.83844757080078,-24.930099487304688,7.5982666015625
1781099378162788900,141.6027888183594,112.20736694335938,-24.72003173828125,7.538177490234375
1781099378187865000,141.62786499023437,111.26642608642578,-24.838478088378906,7.692718505859375
1781099378212940000,141.65293994140626,110.83126831054688,-24.932510375976562,7.775932312011719
1781099378238016000,141.67801611328125,110.04283142089844,-24.302032470703125,8.089302062988281
1781099378263091000,141.70309106445313,109.80491638183594,-24.172813415527344,8.014320373535156
1781099378288167000,141.7281669921875,109.78949737548828,-23.580848693847656,8.250946044921875
1781099378313243000,141.7532429199219,110.15064239501953,-23.298866271972656,8.097099304199219
1781099378338317800,141.77831787109375,110.20387268066406,-22.813919067382812,7.824485778808594
1781099378363394000,141.80339404296876,118.45044708251953,-10.021820068359375,-5.085258483886719
1781099378388469000,141.82846899414062,119.12516784667969,-9.837493896484375,-4.9203643798828125
1781099378413545000,141.853544921875,119.40270233154297,-9.77593994140625,-5.091522216796875
1781099378438621000,141.87862084960938,119.58917236328125,-9.853935241699219,-5.474754333496094
1781099378463696100,141.90369604492187,120.05281066894531,-9.876945495605469,-6.102394104003906
1781099378488771800,141.9287717285156,120.51997375488281,-10.072364807128906,-6.6959686279296875
1781099378513846800,141.9538466796875,120.75544738769531,-10.345535278320312,-7.152488708496094
1781099378538923000,141.97892309570312,121.1479263305664,-10.66131591796875,-7.577667236328125
1781099378563999000,142.0039990234375,121.47256469726562,-10.84124755859375,-7.847587585449219
1781099378589075000,142.02907495117188,121.50234985351562,-11.537002563476562,-8.647911071777344
1781099378614150100,142.05415014648437,121.45909118652344,-12.205734252929688,-8.66900634765625
1781099378639225900,142.07922583007812,121.02418518066406,-13.107330322265625,-8.609977722167969
1781099378664300800,142.10430078125,120.89982604980469,-13.722854614257812,-8.690658569335938
1781099378689377000,142.129376953125,120.72038269042969,-14.42333984375,-8.926956176757812
1781099378714453000,142.15445288085937,120.46630096435547,-15.094680786132812,-9.193450927734375
1781099378739528000,142.17952783203125,119.844482421875,-15.523277282714844,-9.558212280273438
1781099378764604000,142.20460400390624,119.46024322509766,-15.793815612792969,-9.581497192382812
1781099378789679000,142.22967919921874,116.09857177734375,-34.517112731933594,10.677963256835938
1781099378814755000,142.2547551269531,115.2590560913086,-35.067779541015625,10.340370178222656
1781099378839830800,142.27983081054688,114.90605163574219,-35.597625732421875,9.899200439453125
1781099378864906000,142.30490600585938,113.96702575683594,-35.599830627441406,9.841056823730469
1781099378889982000,142.32998193359376,114.00154113769531,-35.68712615966797,9.744140625
1781099378915057000,142.35505688476562,113.5594711303711,-35.804054260253906,9.61041259765625
1781099378940132900,142.3801328125,113.22996520996094,-36.01765441894531,9.289253234863281
1781099378965209000,142.405208984375,112.96244049072266,-35.989105224609375,9.516098022460938
1781099378990284000,142.43028393554687,112.44437408447266,-36.47180938720703,9.597343444824219
1781099379015360000,142.45536010742188,111.98506927490234,-36.775794982910156,9.651947021484375
1781099379040435200,142.48043530273438,111.228759765625,-37.27140808105469,9.917457580566406
1781099379065511000,142.50551098632812,110.55152130126953,-37.072853088378906,10.33013916015625
1781099379090587100,142.53058715820313,109.78050994873047,-37.21232604980469,10.381706237792969
1781099379115662000,142.555662109375,109.67518615722656,-37.07145690917969,10.807968139648438
1781099379140738000,142.58073803710937,109.3549575805664,-36.94783020019531,11.125831604003906
1781099379165813200,142.60581323242187,109.38216400146484,-37.211524963378906,11.382003784179688
1781099379190889200,142.63088916015624,80.55367279052734,-44.04242706298828,-12.110748291015625
1781099379215965000,142.65596484375,80.43571472167969,-44.005409240722656,-12.007797241210938
1781099379241040100,142.6810400390625,80.6283187866211,-43.47455596923828,-11.493110656738281
1781099379266116000,142.7061162109375,80.38661193847656,-43.06633758544922,-11.166435241699219
1781099379291191000,142.73119091796875,80.30651092529297,-42.828575134277344,-10.781646728515625
1781099379316267000,142.75626708984376,80.40956115722656,-42.656272888183594,-10.537353515625
1781099379341343200,142.78134326171875,80.45079803466797,-42.67951202392578,-10.271240234375
1781099379366418200,142.80641821289063,80.20465850830078,-42.78266143798828,-10.003189086914062
1781099379391494100,142.831494140625,80.22648620605469,-43.09803771972656,-10.077171325683594
1781099379416569300,142.8565693359375,80.40009307861328,-43.226959228515625,-10.122802734375
1781099379441645000,142.88164501953125,80.1675033569336,-43.368309020996094,-10.084770202636719
1781099379466721000,142.90672094726563,80.31388092041016,-43.38877868652344,-9.93536376953125
1781099379491796000,142.9317958984375,80.023193359375,-43.856689453125,-9.759925842285156
1781099379516872200,142.9568720703125,79.84522247314453,-44.422523498535156,-9.413963317871094
1781099379541947100,142.9819470214844,79.58905029296875,-44.633262634277344,-9.102577209472656
1781099379567023000,143.00702319335937,79.2302017211914,-44.709129333496094,-8.935798645019531
1781099379592098300,143.03209838867187,80.6558609008789,-33.039344787597656,-11.68221664428711
1781099379617174300,143.05717431640625,80.11163330078125,-32.725486755371094,-11.625957489013672
1781099379642250000,143.08225,79.87335205078125,-32.242950439453125,-11.443805694580078
1781099379667325000,143.10732495117188,79.9494857788086,-32.36939239501953,-11.282283782958984
1781099379692401200,143.13240112304686,79.69268798828125,-32.253334045410156,-11.029109954833984
1781099379717476000,143.15747607421875,79.59913635253906,-32.233062744140625,-11.088886260986328
1781099379742552000,143.18255200195313,79.63899230957031,-31.482154846191406,-11.19516372680664
1781099379767628300,143.2076281738281,79.54096221923828,-31.242874145507812,-11.645938873291016
1781099379792703200,143.232703125,80.08959197998047,-30.647377014160156,-12.02907943725586
1781099379817779000,143.25777905273438,79.93292999267578,-30.370155334472656,-12.607982635498047
1781099379842854100,143.28285424804687,80.16478729248047,-30.2899169921875,-12.82107925415039
1781099379867930000,143.30793017578125,80.2643814086914,-30.387351989746094,-13.229907989501953
1781099379893006000,143.33300610351563,80.5897216796875,-30.472137451171875,-13.273303985595703
1781099379918081000,143.3580810546875,80.21940612792969,-30.47217559814453,-13.425960540771484
1781099379943157200,143.3831572265625,79.92121124267578,-30.582313537597656,-13.31497573852539
1781099379968232200,143.40823217773436,79.77333068847656,-30.825714111328125,-13.230274200439453
1781099379993308200,143.43330810546874,79.47418975830078,-30.61676025390625,-12.860401153564453
1781099380018383000,143.45838305664063,63.137550354003906,-33.88053894042969,-7.625640869140625
1781099380043459000,143.483458984375,63.07366943359375,-33.867103576660156,-7.314117431640625
1781099380068535000,143.50853515625,62.990386962890625,-33.526893615722656,-6.382621765136719
1781099380093610000,143.53360986328124,62.719444274902344,-33.271392822265625,-6.239006042480469
1781099380118686000,143.55868603515626,62.924957275390625,-33.04804229736328,-5.9874725341796875
1781099380143761000,143.58376098632812,63.38853454589844,-32.42784881591797,-5.754600524902344
1781099380168837000,143.60883715820313,63.636146545410156,-31.934524536132812,-5.654426574707031
1781099380193913000,143.6339130859375,64.21987915039062,-31.642242431640625,-5.742912292480469
1781099380218988000,143.65898803710937,64.1704330444336,-31.642623901367188,-5.9094085693359375
1781099380244063700,143.68406372070314,65.14685821533203,-31.53553009033203,-5.962066650390625
1781099380269139000,143.70913891601563,65.23820495605469,-31.67314910888672,-6.371879577636719
1781099380294215000,143.73421484375,65.58367156982422,-31.80254364013672,-6.467948913574219
1781099380319291000,143.7592907714844,65.79753112792969,-32.20606994628906,-6.553489685058594
1781099380344366000,143.78436596679688,65.93077087402344,-32.38948059082031,-6.661323547363281
1781099380369442000,143.80944213867187,66.24124145507812,-32.80070495605469,-6.523719787597656
1781099380394517000,143.83451708984376,66.13387298583984,-32.909088134765625,-6.4705047607421875
1781099380419593000,143.85959301757813,64.83240509033203,-37.73792266845703,-4.346656799316406
1781099380444668200,143.88466821289063,64.64291381835938,-37.92765808105469,-4.006919860839844
1781099380469743900,143.90974389648437,64.20785522460938,-38.39430236816406,-3.72021484375
1781099380494819800,143.93481982421875,64.11473083496094,-38.66736602783203,-3.7342605590820312
1781099380519895000,143.95989501953125,63.75792694091797,-38.90007019042969,-3.7174530029296875
1781099380544971000,143.98497094726562,63.407928466796875,-39.013954162597656,-3.4224853515625
1781099380570046000,144.0100458984375,63.64021301269531,-39.00201416015625,-3.3829116821289062
1781099380595122000,144.0351218261719,63.36854553222656,-39.7423095703125,-3.5457839965820312
1781099380620198000,144.06019799804687,63.251869201660156,-40.12577819824219,-3.4554443359375
1781099380645273000,144.08527319335937,62.87910461425781,-40.186058044433594,-3.2711029052734375
1781099380670348800,144.1103488769531,62.86650848388672,-40.20353698730469,-3.3490371704101562
1781099380695423700,144.135423828125,62.62268829345703,-40.31758117675781,-3.4207611083984375
1781099380720500000,144.1605,65.93937683105469,-44.21929168701172,-0.61700439453125
1781099380745576000,144.18557592773436,65.91001892089844,-44.507530212402344,-0.4437255859375
1781099380770651000,144.21065087890625,65.51049041748047,-44.43202209472656,-0.5728530883789062
1781099380795727000,144.23572705078124,65.27381134033203,-44.55931854248047,-0.5632553100585938
1781099380820802000,144.26080200195312,65.34175109863281,-44.75364685058594,-0.5058441162109375
1781099380845877800,144.28587768554686,65.3727798461914,-45.111968994140625,-0.2364501953125
1781099380870953000,144.31095288085936,64.66938018798828,-45.335044860839844,-0.08846282958984375
1781099380896029000,144.33602880859374,64.64624786376953,-45.783042907714844,0.5216293334960938
1781099380921105000,144.36110498046875,60.15264129638672,-48.619789123535156,5.5183868408203125
1781099380946179800,144.3861799316406,59.739990234375,-48.583091735839844,6.300212860107422
1781099380971256000,144.41125610351563,59.28118896484375,-48.58018493652344,6.680728912353516
1781099380996331000,144.4363310546875,58.8785400390625,-48.951385498046875,7.153602600097656
1781099381021407000,144.46140698242186,58.6170654296875,-48.98127746582031,7.460445404052734
1781099381046483000,144.48648291015624,58.63738250732422,-49.01081085205078,8.137554168701172
1781099381071558000,144.51155786132813,58.109375,-48.92223358154297,8.29940414428711
1781099381096633900,144.5366337890625,59.89710235595703,-50.378639221191406,12.806144714355469
1781099381121709000,144.561708984375,59.65357971191406,-50.07921600341797,13.455211639404297
1781099381146785000,144.58678491210938,60.03190612792969,-49.7796630859375,13.624500274658203
1781099381171861000,144.61186108398437,59.883827209472656,-49.511688232421875,14.224613189697266
1781099381196936000,144.63693603515625,59.864044189453125,-49.302520751953125,14.64117431640625
1781099381222012200,144.66201220703124,60.217247009277344,-48.65679931640625,14.974308013916016
1781099381247087000,144.68708715820313,60.17973327636719,-48.826820373535156,15.237186431884766
1781099381272162800,144.71216284179687,57.780731201171875,-47.01434326171875,18.422447204589844
1781099381297238000,144.73723803710936,58.365211486816406,-46.63945007324219,18.775794982910156
1781099381322314000,144.76231396484374,58.827178955078125,-46.672454833984375,18.983951568603516
1781099381347390000,144.78738989257812,59.29156494140625,-46.66157531738281,19.319927215576172
1781099381372465000,144.81246484375,59.450538635253906,-46.4290771484375,19.448986053466797
1781099381397541000,144.837541015625,60.480873107910156,-46.36177062988281,19.569095611572266
1781099381422616000,144.86261596679688,60.610565185546875,-46.31266784667969,19.640560150146484
1781099381447692000,144.88769213867187,60.933815002441406,-46.37060546875,19.67300796508789
1781099381472767200,144.91276733398436,61.09276580810547,-46.42903137207031,19.714244842529297
1781099381497843000,144.93784301757813,58.02818298339844,-44.474212646484375,12.665847778320312
1781099381522919000,144.9629189453125,58.05845642089844,-44.809593200683594,12.564712524414062
1781099381547993900,144.98799389648437,58.04633331298828,-44.7952880859375,12.553466796875
1781099381573070000,145.01307006835938,57.75248718261719,-45.13768768310547,12.203487396240234
1781099381598145000,145.03814501953124,57.55204772949219,-45.14234924316406,12.236438751220703
1781099381623221000,145.06322094726562,57.30891418457031,-45.162437438964844,12.015098571777344
1781099381648297000,145.088296875,57.217437744140625,-45.05615997314453,11.89556884765625
1781099381673372000,145.11337182617189,51.233802795410156,-36.297943115234375,12.574325561523438
1781099381698448000,145.13844775390626,50.54443359375,-36.275672912597656,12.604751586914062
1781099381723522800,145.16352270507812,50.22178649902344,-36.240570068359375,12.769794464111328
1781099381748599000,145.18859912109374,50.131103515625,-36.118743896484375,12.409908294677734
1781099381773675000,145.21367504882812,49.96806335449219,-35.80851745605469,12.272212982177734
1781099381798750000,145.23875,49.4527587890625,-35.364036560058594,12.107418060302734
1781099381823826200,145.263826171875,49.178924560546875,-35.187355041503906,11.869510650634766
1781099381848901000,145.28890112304688,48.950653076171875,-34.846893310546875,12.108680725097656
1781099381873976800,145.31397680664062,48.83196258544922,-34.553001403808594,12.248516082763672
1781099381899052000,145.33905200195312,45.794471740722656,-28.992263793945312,17.131378173828125
1781099381924128000,145.3641279296875,45.67200469970703,-28.740371704101562,17.50189208984375
1781099381949204000,145.38920385742188,45.81720733642578,-28.206993103027344,18.00027847290039
1781099381974279000,145.41427880859376,46.2332763671875,-27.873619079589844,18.39017105102539
1781099381999355100,145.4393552246094,46.38990783691406,-27.871856689453125,18.77090835571289
1781099382024430000,145.46443017578125,47.18206787109375,-27.79357147216797,19.72309112548828
1781099382049506000,145.48950610351562,47.48613739013672,-27.55986785888672,20.408329010009766
1781099382074582000,145.51458203125,48.34233093261719,-28.849105834960938,21.002670288085938
1781099382099657500,145.53965747070313,49.002471923828125,-28.38934326171875,21.700477600097656
1781099382124733400,145.5647333984375,49.52522277832031,-27.867233276367188,21.912460327148438
1781099382149808400,145.58980834960937,50.10100555419922,-27.197097778320312,21.976966857910156
1781099382174884600,145.61488452148438,50.5859375,-27.180908203125,21.995223999023438
1781099382199959600,145.63995947265624,51.482154846191406,-27.176536560058594,21.764671325683594
1781099382225035500,145.66503540039062,49.29332733154297,-25.302764892578125,17.689071655273438
1781099382250111200,145.690111328125,49.44336700439453,-25.159690856933594,17.130287170410156
1781099382275186400,145.7151865234375,49.64166259765625,-25.29150390625,15.827590942382812
1781099382300262400,145.74026245117187,50.00856018066406,-25.08698272705078,14.989299774169922
1781099382325337300,145.76533740234376,49.88483428955078,-25.046279907226562,13.55716323852539
1781099382350413600,145.79041357421875,42.699066162109375,-13.250556945800781,12.914020538330078
1781099382375489500,145.81548950195312,41.94541931152344,-13.215507507324219,12.255130767822266
1781099382400564500,145.840564453125,41.43817138671875,-13.225509643554688,11.651313781738281
1781099382425640400,145.86564038085936,40.980796813964844,-12.969108581542969,10.928417205810547
1781099382450715600,145.89071557617189,41.133522033691406,-12.8155517578125,10.84060287475586
1781099382475791400,145.91579125976563,39.832672119140625,-6.067375183105469,11.831058502197266
1781099382500867300,145.9408674316406,39.26795196533203,-6.1812896728515625,11.93536376953125
1781099382525942500,145.96594262695314,38.590660095214844,-5.965431213378906,12.537944793701172
1781099382551018500,145.9910185546875,38.28545379638672,-5.534980773925781,12.854446411132812
1781099382576093400,146.01609350585937,38.029624938964844,-6.0473785400390625,14.390556335449219
1781099382601169400,146.04116943359375,38.540733337402344,-5.629058837890625,14.601860046386719
1781099382626244600,146.06624462890625,38.67939758300781,-5.598594665527344,14.472942352294922
1781099382651320600,146.09132055664062,38.556053161621094,-5.375740051269531,14.302581787109375
1781099382676396300,146.11639624023437,38.38706970214844,-5.212554931640625,14.747554779052734
1781099382701471500,146.14147143554686,38.70360565185547,-4.739753723144531,15.91379165649414
1781099382726547500,146.16654736328124,38.97234344482422,-4.411064147949219,15.60955810546875
1781099382751622400,146.19162231445313,39.21546173095703,-4.0719146728515625,15.041080474853516
1781099382776698400,146.2166984863281,39.32587432861328,-3.7750701904296875,14.561378479003906
1781099382801774600,146.24177465820313,39.19574737548828,-3.8144683837890625,14.530845642089844
1781099382826849500,146.266849609375,40.25151062011719,-0.6096725463867188,14.485282897949219
1781099382851925200,146.29192529296876,40.43011474609375,-0.404998779296875,14.218154907226562
1781099382877000400,146.31700048828125,40.38915252685547,-0.152374267578125,14.046180725097656
1781099382902076400,146.34207641601563,40.54621887207031,-0.08106231689453125,13.474586486816406
1781099382927151400,146.3671513671875,40.52528381347656,0.0003814697265625,13.047100067138672
1781099382952227300,146.39222729492187,40.58313751220703,0.24755859375,12.666740417480469
1781099382977303600,146.41730346679688,40.322059631347656,3.4056015014648438,11.784717559814453
1781099383002378500,146.44237841796874,39.97539520263672,2.9276962280273438,11.7928466796875
1781099383027454500,146.46745434570312,39.477691650390625,2.678619384765625,11.621135711669922
1781099383052529700,146.49252978515625,38.80938720703125,2.389892578125,11.650859832763672
1781099383077605400,146.51760546875,38.259239196777344,2.6155624389648438,11.931533813476562
1781099383102681600,146.542681640625,37.93419647216797,2.79034423828125,11.79098892211914
1781099383127756500,146.56775659179686,37.586669921875,3.082794189453125,11.983566284179688
1781099383152832500,146.59283251953124,37.485870361328125,3.9676666259765625,10.318130493164062
1781099383177907500,146.61790747070313,37.35693359375,4.607566833496094,10.570968627929688
1781099383202983700,146.64298364257812,37.87457275390625,4.9239044189453125,10.9713134765625
1781099383228058600,146.66805859375,37.81829833984375,5.305328369140625,11.014411926269531
1781099383253134600,146.69313452148438,38.12879943847656,5.8194122314453125,10.98642349243164
1781099383278210600,146.71821044921876,38.66846466064453,5.7967376708984375,10.860748291015625
1781099383303285500,146.74328540039062,40.28761291503906,3.9466094970703125,11.53439712524414
1781099383328361500,146.76836157226563,40.331512451171875,3.777923583984375,11.372684478759766
1781099383353436400,146.7934365234375,40.27764892578125,3.3991241455078125,11.266822814941406
1781099383378512600,146.8185126953125,40.19829559326172,2.9018096923828125,11.216552734375
1781099383403588600,146.84358862304688,39.73390197753906,2.04608154296875,11.305377960205078
1781099383428663600,146.86866357421874,39.546478271484375,1.906097412109375,11.172187805175781
1781099383453739500,146.89373950195312,39.4334716796875,1.3381881713867188,11.156879425048828
1781099383478814700,146.91881469726562,38.894195556640625,0.5717697143554688,11.779956817626953
1781099383503890400,146.9438903808594,37.22198486328125,-0.9457550048828125,7.545452117919922
1781099383528965400,146.96896533203125,36.116722106933594,-1.2612762451171875,7.975482940673828
1781099383554041600,146.99404150390626,35.6875,-0.890228271484375,8.280143737792969
1781099383579117600,147.01911767578125,35.143211364746094,-0.47930145263671875,8.855117797851562
1781099383604192500,147.04419262695313,34.55004119873047,-0.047454833984375,9.365951538085938
1781099383629268700,147.06926879882812,34.342124938964844,0.19118499755859375,9.688346862792969
1781099383654343700,147.09434375,34.893516540527344,-1.2816543579101562,11.149162292480469
1781099383679419400,147.11941943359375,35.615135192871094,-0.6532363891601562,11.303153991699219
1781099383704495600,147.14449560546876,36.28654479980469,-0.4041290283203125,10.58487319946289
1781099383729570600,147.16957055664062,37.03785705566406,-0.0582122802734375,10.302875518798828
1781099383754646500,147.194646484375,37.10308837890625,-0.0445098876953125,9.840629577636719
1781099383779721500,147.2197214355469,37.10008239746094,-0.080535888671875,9.198768615722656
1781099383804797700,147.24479760742187,37.001678466796875,-0.36004638671875,8.269950866699219
1781099383829873700,147.2698737792969,30.421348571777344,2.29180908203125,7.075969696044922
1781099383854948600,147.29494848632814,30.315811157226562,1.9146575927734375,6.321327209472656
1781099383880024600,147.32002465820312,29.384674072265625,1.3104324340820312,5.777519226074219
1781099383905099500,147.345099609375,28.60210418701172,1.1133575439453125,5.54888916015625
1781099383930175500,147.37017553710936,26.83521270751953,0.939453125,5.79620361328125
1781099383955250400,147.39525048828125,25.677833557128906,1.1231918334960938,6.105442047119141
1781099383980326700,147.42032666015626,21.725975036621094,1.0607070922851562,10.612361907958984
1781099384005402600,147.4454025878906,21.269439697265625,1.9063034057617188,10.941864013671875
1781099384030477600,147.4704775390625,21.066993713378906,2.4216232299804688,11.172882080078125
1781099384055553800,147.4955537109375,21.688941955566406,3.1170120239257812,11.47195816040039
1781099384080628700,147.52062866210937,22.087158203125,3.4309005737304688,11.58428955078125
1781099384105705200,147.54570532226563,22.3687744140625,2.8765716552734375,14.422569274902344
1781099384130781400,147.57078149414062,22.962257385253906,3.2150726318359375,14.569938659667969
1781099384155856400,147.5958564453125,22.91686248779297,3.79766845703125,14.504032135009766
1781099384180932400,147.62093237304688,23.209503173828125,4.0286102294921875,14.629920959472656
1781099384206007600,147.64600756835938,23.618789672851562,4.4223480224609375,14.948978424072266
1781099384231083500,147.67108349609376,23.874977111816406,4.5504150390625,14.895885467529297
1781099384256159200,147.6961591796875,23.87091064453125,4.538299560546875,14.61395263671875
1781099384281234200,147.7212341308594,24.205734252929688,4.7145843505859375,14.819747924804688
1781099384306310400,147.74631030273437,24.161697387695312,5.3505706787109375,14.868152618408203
1781099384331385300,147.77138525390626,24.57366180419922,4.8596954345703125,15.783966064453125
1781099384356461300,147.79646142578125,25.38770294189453,4.7299041748046875,15.912654876708984
1781099384381536500,147.82153662109374,25.889625549316406,4.4124298095703125,15.511592864990234
1781099384406612500,147.84661254882812,26.155319213867188,3.893585205078125,15.262447357177734
1781099384431688200,147.8716882324219,26.46502685546875,3.5066986083984375,14.885631561279297
1781099384456763400,147.89676342773438,26.16925048828125,3.0400390625,14.29287338256836
1781099384481839400,147.92183935546876,24.3538818359375,3.178802490234375,11.507476806640625
1781099384506914300,147.94691430664062,23.018333435058594,2.9459228515625,11.168560028076172
1781099384531990300,147.971990234375,22.312698364257812,2.9764251708984375,11.064491271972656
1781099384557066500,147.99706640625,21.707664489746094,3.1454925537109375,11.275909423828125
1781099384582141400,148.02214135742187,21.19586944580078,4.0977325439453125,11.51947021484375
1781099384607217400,148.0472175292969,21.305946350097656,4.4184722900390625,11.994026184082031
1781099384632292400,148.07229223632814,21.033447265625,4.1321563720703125,13.369075775146484
1781099384657368300,148.09736840820312,21.408950805664062,4.64361572265625,13.742244720458984
1781099384682444300,148.1224443359375,22.305191040039062,5.164154052734375,13.969749450683594
1781099384707519200,148.14751928710936,22.561614990234375,5.1275634765625,13.639713287353516
1781099384732595500,148.17259545898438,22.657562255859375,4.824859619140625,13.205204010009766
1781099384757670400,148.19767041015626,22.642333984375,4.9672088623046875,13.273101806640625
1781099384782746400,148.2227463378906,22.123016357421875,4.5770263671875,13.378730773925781
1781099384807821300,148.2478212890625,21.845741271972656,5.0467681884765625,13.398971557617188
1781099384832897500,148.2728974609375,21.596710205078125,5.895538330078125,13.526241302490234
1781099384857973200,148.29797314453126,22.491172790527344,6.78497314453125,13.40283203125
1781099384883048200,148.32304809570311,22.9031982421875,7.466522216796875,13.153972625732422
1781099384908124400,148.34812451171874,23.657798767089844,8.628524780273438,13.261417388916016
1781099384933199400,148.37319946289062,24.77080535888672,8.181533813476562,16.179454803466797
1781099384958275300,148.398275390625,25.798309326171875,8.498291015625,15.618335723876953
1781099384983351600,148.4233515625,26.16693115234375,8.50592041015625,15.57638168334961
1781099385008426500,148.44842651367188,26.342437744140625,8.568572998046875,15.39023208618164
1781099385033502500,148.47350244140625,26.178504943847656,8.167678833007812,14.874797821044922
1781099385058577400,148.4985773925781,26.303726196289062,7.8177337646484375,14.746673583984375
1781099385083653400,148.5236533203125,25.464149475097656,8.02081298828125,13.502819061279297
1781099385108728600,148.548728515625,24.9129638671875,7.8224945068359375,13.234519958496094
1781099385133803500,148.57380346679687,24.434158325195312,7.5391998291015625,12.940391540527344
1781099385158879500,148.59887939453125,24.14856719970703,7.8146209716796875,12.692573547363281
1781099385183954400,148.6239543457031,23.57709503173828,8.161407470703125,12.603141784667969
1781099385209030700,148.64903076171876,23.35480499267578,8.746261596679688,12.683380126953125
1781099385234105600,148.67410571289062,24.727676391601562,10.158966064453125,11.541793823242188
1781099385259181600,148.699181640625,25.03453826904297,10.777725219726562,11.275718688964844
1781099385284257500,148.72425756835938,25.019020080566406,11.182937622070312,10.729721069335938
1781099385309332700,148.74933276367187,25.272254943847656,11.961669921875,10.2432861328125
1781099385334408400,148.7744084472656,25.331008911132812,12.277847290039062,9.771369934082031
1781099385359483400,148.7994833984375,30.946937561035156,14.991539001464844,9.089775085449219
1781099385384559600,148.8245595703125,30.93121337890625,15.179740905761719,8.536376953125
1781099385409635600,148.84963549804687,31.067642211914062,15.173332214355469,8.086158752441406
1781099385434710500,148.87471044921875,31.36359405517578,15.396507263183594,7.81341552734375
1781099385459786800,148.89978686523438,31.753158569335938,15.118125915527344,7.493843078613281
1781099385484861700,148.92486181640626,32.5087890625,14.855995178222656,7.4220123291015625
1781099385509937400,148.9499375,31.945518493652344,13.875015258789062,7.79986572265625
1781099385535013600,148.975013671875,31.90961456298828,14.204269409179688,7.656440734863281
1781099385560088600,149.00008862304688,31.9925537109375,14.4599609375,7.491485595703125
1781099385585164500,149.02516455078126,31.89582061767578,14.800994873046875,7.547538757324219
1781099385610239500,149.05023950195311,32.360618591308594,14.956192016601562,6.692649841308594
1781099385635315700,149.07531567382813,32.65088653564453,14.681365966796875,7.132423400878906
1781099385660391700,149.1003916015625,32.716270446777344,14.847335815429688,6.9560089111328125
1781099385685466600,149.12546655273437,32.72369384765625,14.913314819335938,6.763526916503906
1781099385710542600,149.15054248046874,32.485191345214844,14.982589721679688,6.5153961181640625
1781099385735617500,149.17561743164063,32.41139221191406,14.574050903320312,6.511833190917969
1781099385760693500,149.20069360351562,33.014739990234375,14.182693481445312,5.983543395996094
1781099385785769700,149.22576977539063,33.25415802001953,13.841384887695312,5.5601348876953125
1781099385810844700,149.2508447265625,32.956451416015625,13.381866455078125,5.538734436035156
1781099385835920600,149.27592065429687,33.366310119628906,12.887908935546875,5.613441467285156
1781099385860995600,149.30099560546876,33.1805419921875,12.650604248046875,5.712684631347656
1781099385886071800,149.32607177734374,32.956268310546875,12.329330444335938,5.559196472167969
1781099385911146800,149.35114672851563,32.66417694091797,12.286178588867188,5.2148284912109375
1781099385936222500,149.37622241210937,32.67189025878906,12.52777099609375,4.93603515625
1781099385961298400,149.40129833984375,32.784629821777344,12.46954345703125,4.732688903808594
1781099385986373600,149.42637353515624,32.70728302001953,12.83099365234375,4.64508056640625
1781099386011449600,149.45144970703126,32.30506134033203,13.51080322265625,4.283622741699219
1781099386036524500,149.47652465820312,29.62865447998047,14.479057312011719,4.1352996826171875
1781099386061600800,149.50160083007813,29.834823608398438,14.506111145019531,3.778717041015625
1781099386086676500,149.52667651367187,29.952598571777344,14.279624938964844,3.36834716796875
1781099386111751400,149.55175146484376,29.81982421875,13.630744934082031,3.2640762329101562
1781099386136827100,149.5768271484375,29.812088012695312,13.175697326660156,3.1077804565429688
1781099386161902000,149.60190209960936,29.14984130859375,12.198677062988281,3.3240585327148438
1781099386186978000,149.62697802734374,28.32958984375,11.754936218261719,3.4477310180664062
1781099386212054300,149.65205419921875,27.415664672851562,11.126014709472656,3.4386444091796875
1781099386237129200,149.6771291503906,26.128646850585938,10.525444030761719,4.2903289794921875
1781099386262205200,149.702205078125,27.73974609375,8.838531494140625,4.663002014160156
1781099386287280400,149.7272802734375,26.956451416015625,9.301498413085938,5.741813659667969
1781099386312356400,149.7523564453125,26.452682495117188,10.167617797851562,6.349830627441406
1781099386337432000,149.77743212890624,26.28570556640625,11.192657470703125,6.67034912109375
1781099386362507000,149.80250708007813,26.73064422607422,11.590286254882812,6.583038330078125
1781099386387583200,149.82758325195311,26.643905639648438,11.94677734375,6.3621978759765625
1781099386412658200,149.852658203125,26.81787872314453,12.029495239257812,6.082000732421875
1781099386437734100,149.87773413085938,26.48706817626953,11.814971923828125,6.152862548828125
1781099386462810400,149.90281030273437,26.599273681640625,12.107864379882812,6.575408935546875
1781099386487885300,149.92788525390625,28.68059539794922,12.173004150390625,8.296745300292969
1781099386512961000,149.9529609375,28.715431213378906,12.369277954101562,8.794120788574219
1781099386538036200,149.9780361328125,28.672119140625,12.280502319335938,8.603713989257812
1781099386563112200,150.0031123046875,28.497238159179688,12.37261962890625,8.617996215820312
1781099386588187100,150.02818725585936,28.48102569580078,12.562240600585938,8.785369873046875
1781099386613263000,150.05326318359374,28.20793914794922,12.720260620117188,8.995346069335938
1781099386638339300,150.07833935546876,28.419166564941406,13.332809448242188,8.752662658691406
1781099386663414300,150.10341430664062,28.035011291503906,13.751602172851562,8.372932434082031
1781099386688490200,150.128490234375,27.751434326171875,14.259750366210938,8.05010986328125
1781099386713565200,150.15356518554688,27.667434692382812,14.5302734375,7.81402587890625
1781099386738641200,150.17864111328126,27.936279296875,14.654983520507812,7.691612243652344
1781099386763717000,150.20371704101564,28.485877990722656,15.177444458007812,7.482887268066406
1781099386788792000,150.2287919921875,28.68907928466797,16.006011962890625,7.203102111816406
1781099386813868300,150.25386840820312,29.99407196044922,16.686767578125,6.886375427246094
1781099386838943200,150.27894311523437,33.73193359375,17.428817749023438,8.886283874511719
1781099386864019200,150.30401928710938,35.40525817871094,17.842575073242188,7.7835540771484375
1781099386889095400,150.32909545898437,36.699913024902344,17.613250732421875,6.959846496582031
1781099386914170400,150.35417041015626,38.194664001464844,16.49420166015625,5.624122619628906
1781099386939246000,150.37924609375,38.44091796875,15.678024291992188,4.856986999511719
1781099386964321000,150.4043210449219,38.037689208984375,14.689910888671875,4.508995056152344
1781099386989397200,150.42939721679687,37.268394470214844,12.983047485351562,4.1204681396484375
1781099387014472200,150.45447216796876,36.81401824951172,12.295867919921875,4.5224151611328125
1781099387039548200,150.47954809570314,36.16865539550781,11.72845458984375,4.7132568359375
1781099387064624400,150.50462426757812,35.96198272705078,11.526382446289062,4.880363464355469
1781099387089699300,150.52969921875,36.028846740722656,11.729324340820312,5.123695373535156
1781099387114775000,150.5547751464844,35.76323699951172,11.738250732421875,5.181846618652344
1781099387139850000,150.57985009765625,35.82343292236328,11.973648071289062,5.0384979248046875
1781099387164926000,150.60492602539063,34.17657470703125,12.691070556640625,3.4546737670898438
1781099387190002000,150.630001953125,35.04076385498047,12.220977783203125,3.1616897583007812
1781099387215076900,150.65507690429686,35.50151062011719,11.871139526367188,2.8626861572265625
1781099387240153000,150.68015307617188,35.788597106933594,11.607940673828125,2.8227386474609375
1781099387265228000,150.70522802734374,35.29773712158203,11.560745239257812,2.8364944458007812
1781099387290304000,150.7303039550781,32.60486602783203,9.183914184570312,3.4041976928710938
1781099387315380200,150.75538012695313,33.326873779296875,8.574020385742188,2.7887725830078125
1781099387340455200,150.780455078125,33.378761291503906,8.123626708984375,2.8585205078125
1781099387365531000,150.80553076171876,33.48905944824219,7.405242919921875,2.5896377563476562
1781099387390605800,150.83060571289062,32.73698425292969,6.180206298828125,2.722259521484375
1781099387415682000,150.85568212890624,31.930221557617188,5.3984375,2.6482772827148438
1781099387440757000,150.88075708007813,26.53998565673828,4.88592529296875,2.010009765625
1781099387465833000,150.9058330078125,25.20984649658203,4.608642578125,3.073150634765625
1781099387490909200,150.9309091796875,23.151527404785156,4.76751708984375,4.9713592529296875
1781099387515984100,150.95598413085938,22.799850463867188,5.3573760986328125,6.192512512207031
1781099387541060000,150.98106005859376,21.844985961914062,7.12774658203125,7.2563018798828125
1781099387566135000,151.00613500976561,21.931808471679688,8.010848999023438,7.577903747558594
1781099387591211000,151.0312109375,19.01715087890625,11.761978149414062,6.1219635009765625
1781099387616287000,151.05628686523437,19.37664794921875,12.299026489257812,6.201728820800781
1781099387641362000,151.08136181640626,19.916488647460938,12.893417358398438,6.453117370605469
1781099387666438100,151.10643823242188,20.55040740966797,13.677352905273438,6.420921325683594
1781099387691513000,151.13151318359374,21.05426788330078,14.316238403320312,6.1290740966796875
1781099387716589000,151.15658911132812,21.4761962890625,14.694305419921875,5.617073059082031
1781099387741664800,151.1816647949219,21.483436584472656,14.606048583984375,9.410057067871094
1781099387766740000,151.20673999023438,21.58880615234375,14.477020263671875,9.4212646484375
1781099387791816000,151.23181591796876,21.648696899414062,13.82647705078125,9.314178466796875
1781099387816891000,151.25689086914062,21.904029846191406,13.524673461914062,9.414772033691406
1781099387841967000,151.28196704101563,21.841995239257812,13.405120849609375,9.990127563476562
1781099387867042000,151.3070419921875,21.31231689453125,13.028167724609375,10.292617797851562
1781099387892118000,151.33211791992187,21.04405975341797,12.984664916992188,11.127761840820312
1781099387917194000,151.35719409179688,17.03630828857422,14.160423278808594,12.173362731933594
1781099387942269200,151.38226928710938,16.980812072753906,14.673255920410156,13.243064880371094
1781099387967345000,151.40734497070312,17.20647430419922,16.38745880126953,14.500396728515625
1781099387992419800,151.432419921875,17.267784118652344,17.70771026611328,14.884529113769531
1781099388017496000,151.45749609375,18.127220153808594,19.355690002441406,14.3477783203125
1781099388042572000,151.48257202148437,19.30040740966797,20.20903778076172,13.746025085449219
1781099388067647000,151.50764697265626,20.993682861328125,20.41748809814453,12.24951171875
1781099388092723000,151.53272290039064,21.474197387695312,20.186256408691406,11.392837524414062
1781099388117798000,151.5577978515625,22.619163513183594,19.49828338623047,10.631591796875
1781099388142873900,151.58287377929688,22.85076904296875,19.14373016357422,10.4869384765625
1781099388167949800,151.60794970703125,23.427642822265625,18.55762481689453,10.777763366699219
1781099388193024800,151.6330246582031,23.836143493652344,17.92334747314453,11.368667602539062
1781099388218100700,151.65810083007813,24.281211853027344,17.743995666503906,11.846298217773438
1781099388243176000,151.68317602539062,25.211105346679688,17.985374450683594,12.414863586425781
1781099388268252000,151.708251953125,26.116378784179688,18.20044708251953,12.425994873046875
1781099388293326800,151.7333269042969,27.351585388183594,17.72376251220703,12.343955993652344
1781099388318402800,151.75840283203124,27.913360595703125,18.187744140625,14.245841979980469
1781099388343479000,151.78347900390625,28.700851440429688,17.42645263671875,14.390098571777344
1781099388368554000,151.80855395507814,29.145118713378906,15.68035888671875,14.948829650878906
1781099388393629700,151.83362963867188,29.473739624023438,14.116012573242188,15.234054565429688
1781099388418705000,151.85870483398438,29.819168090820312,12.502883911132812,16.01879119873047
1781099388443780900,151.88378076171875,29.78357696533203,11.338043212890625,17.441055297851562
1781099388468856800,151.90885693359374,29.49500274658203,10.295425415039062,19.70306396484375
1781099388493931800,151.93393188476563,29.941177368164062,10.096572875976562,20.806396484375
1781099388519008000,151.9590080566406,61.60082244873047,11.550468444824219,19.644115447998047
1781099388544083000,151.9840830078125,61.93901824951172,11.704383850097656,19.701568603515625
1781099388569159000,152.00915893554688,61.34782409667969,12.177207946777344,19.997127532958984
1781099388594235000,152.03423486328126,60.52769470214844,13.068153381347656,20.636455535888672
1781099388619309800,152.05930981445312,60.14849090576172,13.942375183105469,21.011188507080078
1781099388644385800,152.0843857421875,59.638031005859375,15.192344665527344,21.480377197265625
1781099388669460700,152.10946069335938,59.13916778564453,16.001625061035156,21.356685638427734
1781099388694537000,152.13453686523437,58.50548553466797,16.799415588378906,20.783321380615234
1781099388719612000,152.15961181640625,57.8583984375,16.944480895996094,20.12506866455078
1781099388744687900,152.18468798828124,57.21781921386719,16.90685272216797,19.532230377197266
1781099388769763800,152.20976391601562,67.25499725341797,20.530731201171875,22.663333892822266
1781099388794838800,152.2348388671875,66.79169464111328,19.975250244140625,22.691951751708984
1781099388819914800,152.25991479492188,66.22000122070312,19.577590942382812,22.839744567871094
1781099388844989700,152.28498974609374,66.15178680419922,19.593170166015625,23.256839752197266
1781099388870066000,152.31006591796876,65.64089965820312,19.431625366210938,23.32546615600586
1781099388895142000,152.33514184570313,66.03584289550781,19.040252685546875,22.986358642578125
1781099388920216800,152.360216796875,66.07662963867188,18.433761596679688,22.393783569335938
1781099388945293000,152.38529296875,66.06636810302734,17.494155883789062,21.886199951171875
1781099388970368000,152.41036791992187,65.59493255615234,17.172027587890625,21.820274353027344
1781099388995443700,152.43544360351564,64.44190216064453,17.198211669921875,21.99152374267578
1781099389020518700,152.4605185546875,63.80494689941406,17.136383056640625,21.506851196289062
1781099389045595000,152.48559497070312,62.45569610595703,16.689697265625,21.116134643554688
1781099389070670800,152.5106708984375,63.28424835205078,9.259971618652344,26.61980438232422
1781099389095746600,152.53574658203124,62.293312072753906,9.064430236816406,26.336830139160156
1781099389120822500,152.56082250976561,61.399436950683594,9.320808410644531,26.317855834960938
1781099389145897500,152.5858974609375,60.63395690917969,9.200599670410156,26.230194091796875
1781099389170973400,152.61097338867188,59.57184600830078,8.855751037597656,26.254714965820312
1781099389196049400,152.63604931640626,49.82923889160156,6.6760101318359375,35.66370391845703
1781099389221124400,152.66112426757812,48.54139709472656,6.9774627685546875,36.419227600097656
1781099389246200600,152.68620068359374,47.707183837890625,7.3994903564453125,36.86164093017578
1781099389271275500,152.71127563476563,46.77618408203125,9.166183471679688,37.70709228515625
1781099389296351500,152.7363515625,42.542747497558594,10.340560913085938,38.847900390625
1781099389321427500,152.76142749023438,43.09386444091797,12.053298950195312,38.30481719970703
1781099389346502700,152.78650268554688,45.3548583984375,14.358535766601562,36.8702392578125
1781099389371578400,152.81157836914062,46.8717041015625,15.350006103515625,35.6280517578125
1781099389396653300,152.8366533203125,49.30439758300781,15.467254638671875,33.75628662109375
1781099389421729500,152.8617294921875,49.947364807128906,15.519058227539062,32.83739471435547
1781099389446804500,152.88680444335938,21.443321228027344,27.050453186035156,19.387229919433594
1781099389471880400,152.91188037109376,21.645278930664062,26.83173370361328,18.971221923828125
1781099389496956400,152.93695629882814,21.702529907226562,27.03844451904297,18.16448974609375
1781099389522031600,152.96203149414063,22.274032592773438,27.088340759277344,17.614089965820312
1781099389547107600,152.98710766601562,22.815902709960938,27.134849548339844,16.63359832763672
1781099389572182500,153.0121826171875,23.42486572265625,26.841331481933594,15.355667114257812
1781099389597258500,153.03725854492188,-7.657508850097656,30.45539093017578,6.973854064941406
1781099389622334500,153.06233447265626,-8.6072998046875,28.843528747558594,5.822151184082031
1781099389647409400,153.08740942382812,-9.406852722167969,27.83112335205078,5.538581848144531
1781099389672485400,153.1124853515625,-11.128242492675781,26.48828887939453,5.243797302246094
1781099389697560600,153.137560546875,-12.401519775390625,26.234397888183594,5.493904113769531
1781099389722636500,153.16263647460937,-14.09466552734375,26.257530212402344,5.844810485839844
1781099389747711500,153.18771142578126,-15.694725036621094,26.69031524658203,6.603034973144531
1781099389772787500,153.21278735351564,-16.4986572265625,27.21723175048828,6.967681884765625
1781099389797863400,153.23786352539062,-16.547805786132812,28.374168395996094,7.747077941894531
1781099389822938400,153.2629384765625,-6.376380920410156,17.784072875976562,25.19306182861328
1781099389848014300,153.2880144042969,-6.6427154541015625,18.998428344726562,25.805267333984375
1781099389873089500,153.31308959960938,-6.726402282714844,19.277908325195312,25.74748992919922
1781099389898165500,153.33816552734376,-6.416046142578125,19.615859985351562,25.754730224609375
1781099389923241500,153.36324145507814,-6.6513519287109375,19.828201293945312,26.060997009277344
1781099389948316700,153.38831665039064,-6.158538818359375,19.766983032226562,26.09917449951172
1781099389973392400,153.41339233398438,-6.0322113037109375,20.320358276367188,26.315155029296875
1781099389998467300,153.43846728515626,-1.28704833984375,18.655677795410156,26.64643096923828
1781099390023543300,153.4635432128906,-1.0164718627929688,18.179100036621094,26.67926788330078
1781099390048618500,153.48861840820314,-0.7820968627929688,18.12371063232422,26.822799682617188
1781099390073694500,153.51369458007812,-1.2586288452148438,17.53430938720703,27.058876037597656
1781099390098770200,153.53877026367186,-1.2137069702148438,17.28179168701172,27.040557861328125
1781099390123845000,153.56384521484375,-1.0121078491210938,17.04936981201172,27.289703369140625
1781099390148921300,153.58892138671874,-1.5653915405273438,16.630287170410156,27.274688720703125
1781099390173996300,153.61399633789063,-1.7524337768554688,16.607078552246094,27.5880126953125
1781099390199072000,153.63907202148437,-2.5532455444335938,16.314048767089844,27.789810180664062
1781099390224148200,153.66414819335938,-2.2938232421875,16.23003387451172,27.867477416992188
1781099390249223200,153.68922314453124,-2.3209075927734375,16.136268615722656,28.036300659179688
1781099390274299100,153.71429907226562,-5.0023193359375,11.250518798828125,22.0775146484375
1781099390299374000,153.7393740234375,-5.539947509765625,11.412689208984375,21.849227905273438
1781099390324450300,153.7644501953125,-5.742424011230469,11.21514892578125,21.720550537109375
1781099390349526300,153.7895263671875,-5.859169006347656,11.272293090820312,21.711380004882812
1781099390374601200,153.81460131835937,-6.195106506347656,11.092987060546875,21.684608459472656
1781099390399677200,153.83967724609374,-6.089500427246094,11.422042846679688,21.829681396484375
1781099390424752000,153.86475219726563,-7.037139892578125,12.334732055664062,22.05139923095703
1781099390449828000,153.889828125,-7.2261505126953125,12.522842407226562,21.739707946777344
1781099390474903000,153.91490307617187,-7.433982849121094,13.12762451171875,21.170333862304688
1781099390499979300,153.93997924804688,-7.344764709472656,13.540252685546875,21.18921661376953
1781099390525055200,153.96505517578126,-2.0821914672851562,18.666610717773438,22.05010986328125
1781099390550130200,153.99013012695312,-1.5888824462890625,18.809524536132812,21.33196258544922
1781099390575206400,154.01520629882813,-1.4695968627929688,18.87945556640625,20.926406860351562
1781099390600281300,154.04028125,-1.7183990478515625,18.850341796875,20.674514770507812
1781099390625357000,154.06535717773437,-1.521331787109375,19.045364379882812,20.615631103515625
1781099390650433300,154.09043334960938,-1.7814712524414062,19.074447631835938,20.54405975341797
1781099390675508200,154.11550830078124,3.866241455078125,20.649505615234375,21.095657348632812
1781099390700584200,154.14058422851562,3.874267578125,20.88330078125,21.148468017578125
1781099390725659100,154.1656591796875,4.077789306640625,21.405502319335938,21.061935424804688
1781099390750735400,154.1907353515625,3.8973846435546875,21.73382568359375,21.132118225097656
1781099390775810300,154.21581030273438,4.212257385253906,22.26678466796875,21.223365783691406
1781099390800886300,154.24088623046876,6.482536315917969,21.04339599609375,22.21977996826172
1781099390825962200,154.26596215820314,7.733772277832031,20.79168701171875,21.620223999023438
1781099390851037200,154.291037109375,8.318489074707031,20.35003662109375,21.363487243652344
1781099390876113200,154.31611303710937,8.529998779296875,20.369842529296875,21.21015167236328
1781099390901188000,154.34118798828126,8.106781005859375,19.715835571289062,20.802162170410156
1781099390926264300,154.36626440429689,9.26263427734375,18.666236877441406,22.01575469970703
1781099390951340300,154.39134033203126,9.032096862792969,18.185813903808594,21.57854461669922
1781099390976415200,154.41641528320312,8.862228393554688,18.17072296142578,21.495864868164062
1781099391001491200,154.4414912109375,8.619010925292969,17.85852813720703,21.28143310546875
1781099391026566100,154.4665661621094,8.957901000976562,18.721023559570312,20.0355224609375
1781099391051642000,154.49164208984374,8.78631591796875,18.418060302734375,19.983558654785156
1781099391076718000,154.5167180175781,8.543281555175781,18.0528564453125,19.593116760253906
1781099391101793000,154.54179296875,8.27117919921875,17.63836669921875,19.324928283691406
1781099391126869200,154.566869140625,8.040306091308594,17.49322509765625,19.289207458496094
1781099391151944200,154.59194409179688,7.2965545654296875,17.37469482421875,19.498703002929688
1781099391177020200,154.61702026367186,6.5055694580078125,18.858322143554688,17.28253173828125
1781099391202095000,154.64209521484375,5.767692565917969,18.927154541015625,17.552085876464844
1781099391227171000,154.66717114257813,5.240852355957031,19.1268310546875,18.278533935546875
1781099391252247000,154.6922470703125,5.3911285400390625,19.276779174804688,18.64537811279297
1781099391277322000,154.71732202148436,5.2339324951171875,19.369903564453125,18.869979858398438
1781099391302398000,154.74239794921874,5.744255065917969,19.802215576171875,19.159698486328125
1781099391327473200,154.76747314453124,4.337158203125,22.67583465576172,17.79399871826172
1781099391352549000,154.79254907226561,4.431175231933594,22.72948455810547,18.214248657226562
1781099391377625000,154.817625,5.3335723876953125,22.814918518066406,18.451980590820312
1781099391402700300,154.8427001953125,6.318199157714844,23.050270080566406,19.145965576171875
1781099391427776000,154.86777587890626,7.2718353271484375,23.07756805419922,19.551658630371094
1781099391452851000,154.89285083007812,6.975250244140625,28.001251220703125,24.937782287597656
1781099391477927000,154.91792700195313,8.593879699707031,27.759902954101562,24.989410400390625
1781099391503002000,154.94300219726563,9.761520385742188,26.827072143554688,24.54193115234375
1781099391528078000,154.968078125,12.325035095214844,24.639739990234375,23.775726318359375
1781099391553154000,154.99315405273438,13.310142517089844,23.066329956054688,23.297409057617188
1781099391578229200,155.01822924804688,14.153488159179688,19.858352661132812,22.696334838867188
1781099391603305200,155.04330517578126,14.418403625488281,17.955520629882812,22.539260864257812
1781099391628380200,155.06838012695312,13.769996643066406,15.10107421875,23.227020263671875
1781099391653456000,155.09345581054689,13.028518676757812,12.923507690429688,23.652389526367188
1781099391678532000,155.11853198242187,12.359138488769531,10.926399230957031,24.32305145263672
1781099391703607000,155.14360693359376,10.697685241699219,7.874061584472656,26.254501342773438
1781099391728683000,155.16868310546874,10.044784545898438,6.185920715332031,27.866233825683594
1781099391753758200,155.19375830078124,32.945953369140625,20.758377075195312,55.63511657714844
1781099391778834200,155.21883422851562,31.29131317138672,19.834922790527344,57.343177795410156
1781099391803910100,155.24391015625,28.629478454589844,18.840682983398438,59.847320556640625
1781099391828985000,155.26898510742188,27.047042846679688,18.393890380859375,61.65656661987305
1781099391854061000,155.29406103515626,24.12718963623047,18.45929718017578,64.7415771484375
1781099391879136000,155.31913598632812,32.9462890625,19.01915740966797,74.08441162109375
1781099391904212000,155.3442119140625,31.829673767089844,21.058876037597656,76.40386962890625
1781099391929288200,155.3692880859375,31.664703369140625,25.232215881347656,79.22125244140625
1781099391954363100,155.39436303710937,28.835418701171875,29.267066955566406,64.73338317871094
1781099391979439000,155.4194392089844,31.55187225341797,32.16393280029297,64.73834228515625
1781099392004514000,155.44451416015625,33.35670471191406,33.117820739746094,64.1572265625
1781099392029590000,155.46959008789062,35.51978302001953,33.943885803222656,63.36725616455078
1781099392054666000,155.494666015625,30.955825805664062,59.52222442626953,18.323360443115234
1781099392079741000,155.5197409667969,31.617599487304688,59.711326599121094,17.928699493408203
1781099392104817400,155.5448173828125,31.95135498046875,59.45262908935547,17.59796905517578
1781099392129892400,155.56989233398437,32.133155822753906,59.07349395751953,17.807483673095703
1781099392154968600,155.59496850585938,32.615882873535156,58.75464630126953,18.493335723876953
1781099392180044300,155.62004418945313,34.528297424316406,56.48454284667969,5.420967102050781
1781099392205119500,155.64511938476562,35.00666809082031,56.33390808105469,6.477313995361328
1781099392230195500,155.67019555664064,35.26819610595703,56.54534912109375,7.1273193359375
1781099392255270400,155.6952705078125,36.341773986816406,57.25848388671875,7.398517608642578
1781099392280346400,155.72034643554687,36.62251281738281,57.27430725097656,7.349967956542969
1781099392305422600,155.7454226074219,37.349571228027344,57.74479675292969,7.222068786621094
1781099392330497500,155.77049755859375,38.26231384277344,58.19917297363281,7.071208953857422
1781099392355573500,155.79557348632812,38.79199981689453,58.35292053222656,6.720497131347656
1781099392380648400,155.8206484375,39.70967102050781,58.72978210449219,6.116291046142578
1781099392405724400,155.8457243652344,40.37803649902344,58.6419677734375,5.608222961425781
1781099392430800400,155.87080029296874,40.094688415527344,66.9387435913086,-5.667549133300781
1781099392455875300,155.89587524414063,40.44581604003906,66.47211456298828,-6.019264221191406
1781099392480951600,155.92095166015625,41.16638946533203,65.73889923095703,-6.498249053955078
1781099392506026500,155.94602661132814,42.34033203125,64.18688201904297,-7.459239959716797
1781099392531102500,155.9711025390625,42.22083282470703,63.216407775878906,-8.210426330566406
1781099392556178700,155.9961787109375,41.44511413574219,61.690086364746094,-8.562732696533203
1781099392581253600,156.0212536621094,40.667137145996094,60.700401306152344,-9.205585479736328
1781099392606329300,156.04632934570313,39.349090576171875,59.26325225830078,-10.180683135986328
1781099392631404300,156.071404296875,38.32020568847656,58.51286315917969,-10.78091812133789
1781099392656480500,156.09648046875,37.26862335205078,57.596351623535156,-10.990924835205078
1781099392681556500,156.12155639648438,35.154693603515625,56.46984100341797,-11.4119873046875
1781099392706631400,156.14663134765624,33.35198974609375,55.93333435058594,-11.78506851196289
1781099392731707600,156.17170776367186,29.955604553222656,55.110260009765625,-12.365398406982422
1781099392756782600,156.1967824707031,27.54180145263672,54.59192657470703,-12.707229614257812
1781099392781858600,156.22185864257813,23.268470764160156,55.146202087402344,-12.77276611328125
1781099392806934300,156.24693432617187,16.831863403320312,85.59456634521484,-38.064483642578125
1781099392832009500,156.27200952148436,12.502937316894531,88.50389099121094,-36.96418762207031
1781099392857085400,156.29708544921874,10.208015441894531,91.50643157958984,-35.88126754760742
1781099392882160400,156.32216040039063,9.429191589355469,94.53836822509766,-35.34364700317383
1781099392907236600,156.34723657226561,9.642784118652344,99.35376739501953,-34.924896240234375
1781099392932312600,156.3723125,10.304878234863281,102.19249725341797,-35.14402770996094
1781099392957387500,156.39738745117188,11.492210388183594,105.3357925415039,-36.7847785949707
1781099392982463200,156.42246313476562,12.589973449707031,107.4463119506836,-37.992977142333984
1781099393007538400,156.44753833007812,14.744712829589844,109.91449737548828,-40.37087631225586
1781099393032614400,156.47261450195313,15.455558776855469,111.28018951416016,-42.28571319580078
1781099393057690400,156.4976904296875,16.21154022216797,111.8626937866211,-44.34258270263672
1781099393082765300,156.52276538085937,17.211647033691406,112.26668548583984,-47.021278381347656
1781099393107841000,156.54784106445314,17.826377868652344,112.18952178955078,-48.51048278808594
1781099393132917200,156.57291723632812,18.01990509033203,112.29230499267578,-50.319862365722656
1781099393157992200,156.5979921875,17.95153045654297,112.82483673095703,-51.27661895751953
1781099393183068200,156.6230681152344,18.171241760253906,113.56987762451172,-52.5322265625
1781099393208143000,156.64814306640625,124.20746612548828,176.8460235595703,18.221473693847656
1781099393233219000,156.67321899414063,125.08345794677734,177.2250518798828,16.84052276611328
1781099393258295000,156.698294921875,125.3031997680664,177.20413208007812,15.829002380371094
1781099393283370000,156.72336987304686,125.85116577148438,176.87002563476562,15.275741577148438
1781099393308446200,156.7484462890625,126.15122985839844,177.06942749023438,14.253692626953125
1781099393333521200,156.77352124023437,125.81971740722656,177.08966064453125,13.478485107421875
1781099393358597000,156.79859716796875,125.83721923828125,177.34852600097656,12.935874938964844
1781099393383673000,156.82367309570313,120.68022918701172,74.537353515625,15.9129638671875
1781099393408748000,156.848748046875,120.83521270751953,74.97222900390625,15.520195007324219
1781099393433824000,156.87382397460937,121.52314758300781,74.97346496582031,15.331512451171875
1781099393458899000,156.89889892578125,122.23146057128906,75.04814147949219,15.516738891601562
1781099393483975200,156.92397509765624,123.2477798461914,75.19441223144531,15.120346069335938
1781099393509051100,156.94905102539062,124.1797103881836,74.89356994628906,15.150596618652344
1781099393534126000,156.9741259765625,125.8024673461914,74.08303833007812,14.88397216796875
1781099393559202300,156.99920239257813,112.27046203613281,32.07810974121094,28.37060546875
1781099393584278000,157.02427807617187,113.9802017211914,30.332412719726562,28.201248168945312
1781099393609353000,157.04935302734376,114.66355895996094,29.243911743164062,28.067909240722656
1781099393634429000,157.07442895507813,115.6018295288086,27.9759521484375,28.25971221923828
1781099393659504000,157.09950415039063,116.17668151855469,25.323928833007812,28.06134033203125
1781099393684580000,157.124580078125,115.91860961914062,23.417587280273438,28.185752868652344
1781099393709656000,157.14965600585938,114.79918670654297,20.939865112304688,29.046241760253906
1781099393734731300,157.17473120117188,80.35357666015625,47.67085266113281,50.920135498046875
1781099393759807200,157.19980712890626,79.10890197753906,45.53153991699219,52.76294708251953
1781099393784882200,157.22488208007812,77.60388946533203,44.74615478515625,54.471595764160156
1781099393809958000,157.2499580078125,75.33123779296875,44.77215576171875,57.23766326904297
1781099393835034000,157.2750341796875,74.46704864501953,45.22483825683594,58.73844909667969
1781099393860109000,157.30010913085937,74.15071868896484,45.88307189941406,60.366981506347656
1781099393885185000,157.32518505859375,74.00479888916016,47.060302734375,62.37925720214844
1781099393910261200,157.35026123046876,74.30180358886719,47.67762756347656,63.56715393066406
1781099393935336200,157.37533618164062,75.61438751220703,48.55406188964844,65.09442901611328
1781099393960412000,157.4004118652344,36.970672607421875,113.7113265991211,60.4012451171875
1781099393985487000,157.42548706054689,37.86647033691406,114.31586456298828,62.062137603759766
1781099394010563000,157.45056298828126,38.90382385253906,114.17797088623047,63.19171142578125
1781099394035639000,157.47563916015625,40.11125183105469,114.4319839477539,64.20420837402344
1781099394060714000,157.5007138671875,42.0938720703125,114.58055877685547,65.88688659667969
1781099394085790200,157.52579028320312,43.20362091064453,114.92980194091797,66.77716827392578
1781099394110866200,157.5508662109375,45.10456085205078,115.56807708740234,68.17601013183594
1781099394135941000,157.5759411621094,37.59009552001953,167.01165771484375,106.8542709350586
1781099394161016800,157.60101684570313,39.20476531982422,167.65562438964844,107.43217468261719
1781099394186091800,157.626091796875,40.45763397216797,168.41004943847656,107.336669921875
1781099394211168000,157.65116796875,41.481651306152344,168.98484802246094,106.7532958984375
1781099394236244000,157.67624389648438,42.629783630371094,169.038818359375,106.03811645507812
1781099394261319000,157.70131884765624,43.133094787597656,169.28770446777344,105.44134521484375
1781099394286395100,157.72639501953125,43.609107971191406,170.2203826904297,104.75047302246094
1781099394311470000,157.7514699707031,29.80792999267578,123.92196655273438,53.895748138427734
1781099394336546000,157.77654614257813,30.493148803710938,124.1990966796875,52.79313278198242
1781099394361622000,157.8016220703125,30.69916534423828,124.52658081054688,52.247955322265625
1781099394386697000,157.82669702148436,31.766929626464844,124.40647888183594,51.760276794433594
1781099394411773000,157.85177294921874,32.745323181152344,124.31573486328125,51.723472595214844
1781099394436847900,157.87684790039063,33.931396484375,124.20317077636719,51.54787063598633
1781099394461924000,157.90192407226561,23.470802307128906,90.95096588134766,33.93511962890625
1781099394487000000,157.927,23.934188842773438,90.6884536743164,33.76821517944336
1781099394512075000,157.95207495117188,25.26270294189453,89.9494857788086,33.51301574707031
1781099394537151000,157.97715087890626,25.741004943847656,89.54936981201172,33.442138671875
1781099394562227000,158.00222705078124,26.13738250732422,89.0813217163086,33.373661041259766
1781099394587302000,158.02730200195313,26.481124877929688,88.9051742553711,33.121551513671875
1781099394612377900,158.0523779296875,26.615760803222656,89.03087615966797,32.91780090332031
1781099394637453000,158.077453125,26.89665985107422,89.03919219970703,32.66011428833008
1781099394662529000,158.10252905273438,27.29743194580078,89.31238555908203,32.301273345947266
1781099394687605000,158.12760498046876,27.662796020507812,89.4110336303711,31.90169906616211
1781099394712680200,158.15268017578126,21.535606384277344,96.7197265625,18.35415267944336
1781099394737756000,158.177755859375,22.283966064453125,96.15098571777344,17.35100555419922
1781099394762830800,158.20283081054689,22.597251892089844,95.84169006347656,16.918472290039062
1781099394787906800,158.22790673828126,23.253028869628906,95.03446960449219,16.678306579589844
1781099394812983000,158.25298315429689,23.608890533447266,94.39370727539062,16.604408264160156
1781099394838058000,158.27805810546874,23.560222625732422,93.6453857421875,16.48693084716797
1781099394863134000,158.30313403320312,23.4466552734375,92.66859436035156,16.676025390625
1781099394888210200,158.32821020507814,23.16552734375,93.29664611816406,14.474952697753906
1781099394913285000,158.35328515625,23.168838500976562,92.84368896484375,14.790481567382812
1781099394938360800,158.37836083984374,23.140106201171875,92.27030944824219,15.045906066894531
1781099394963435800,158.40343579101562,22.41364288330078,91.73858642578125,15.44253158569336
1781099394988512000,158.42851196289064,25.24993896484375,84.92536926269531,24.007221221923828
1781099395013588000,158.453587890625,25.736404418945312,84.72978210449219,24.057723999023438
1781099395038663000,158.47866284179688,26.15093994140625,84.06320190429688,24.151836395263672
1781099395063739100,158.5037392578125,26.50436782836914,83.12741088867188,24.15734100341797
1781099395088814000,158.52881396484375,26.22766876220703,82.14431762695312,23.935989379882812
1781099395113890600,158.553890625,25.595016479492188,81.31197357177734,24.452823638916016
1781099395138966500,158.57896655273439,24.51641082763672,80.42464447021484,23.32868194580078
1781099395164041500,158.60404150390625,23.754600524902344,79.95719146728516,22.58196258544922
1781099395189117700,158.62911767578126,21.758689880371094,78.66651153564453,21.626739501953125
1781099395214192600,158.65419262695312,20.61560821533203,77.97466278076172,21.44275665283203
1781099395239268600,158.6792685546875,19.099014282226562,77.33789825439453,21.3343505859375
1781099395264344600,158.70434448242187,16.797317504882812,76.92584991455078,21.80931854248047
1781099395289419800,158.72941967773437,10.789016723632812,92.48876953125,41.248451232910156
1781099395314495500,158.75449560546875,9.421875,92.97042846679688,41.48822021484375
1781099395339571500,158.77957153320312,8.56146240234375,93.4993896484375,41.81315612792969
1781099395364646700,158.80464672851562,7.942344665527344,93.76228332519531,42.088172912597656
1781099395389722600,158.82972265625,7.565330505371094,94.02853393554688,42.253936767578125
1781099395414797600,158.8547976074219,7.105293273925781,93.99333190917969,42.146759033203125
1781099395439873800,158.87987377929687,6.2322235107421875,93.98393249511719,42.01625061035156
1781099395464949500,158.9049494628906,5.3049468994140625,93.88932800292969,42.092430114746094
1781099395490024400,158.9300244140625,4.08258056640625,93.75375366210938,42.294090270996094
1781099395515100400,158.95510034179688,3.269805908203125,94.03451538085938,42.750946044921875
1781099395540175600,158.98017553710937,2.1485824584960938,94.48736572265625,43.38629150390625
1781099395565251600,159.00525146484375,2.4552383422851562,94.91470336914062,43.853271484375
1781099395590327600,159.03032763671874,2.3587188720703125,95.94924926757812,44.6389274597168
1781099395615402800,159.05540283203126,2.497314453125,96.44290161132812,44.84672164916992
1781099395640478700,159.0804787597656,2.9107589721679688,96.70606994628906,44.73274612426758
1781099395665554400,159.10555444335938,3.0752182006835938,96.51026916503906,44.63031005859375
1781099395690629400,159.13062939453124,5.2905426025390625,72.78685760498047,55.45998764038086
1781099395715705600,159.15570556640625,4.9260101318359375,72.85762786865234,55.18712615966797
1781099395740780500,159.1807805175781,4.821197509765625,72.93929290771484,54.886600494384766
1781099395765856500,159.2058564453125,4.902290344238281,73.7002944946289,54.53441619873047
1781099395790932700,159.2309326171875,3.9946441650390625,74.3790054321289,54.26374053955078
1781099395816007700,159.25600756835937,3.0536575317382812,74.57257843017578,53.899208068847656
1781099395841083600,159.28108374023438,2.0480575561523438,75.5497055053711,53.48748016357422
1781099395866158600,159.30615869140624,1.6368026733398438,76.3332748413086,53.2247314453125
1781099395891234600,159.33123461914062,1.2994155883789062,78.09803009033203,52.85350799560547
1781099395916310500,159.356310546875,1.1359405517578125,79.3374252319336,52.37818145751953
1781099395941385500,159.38138549804688,1.4316329956054688,81.51786041259766,51.58061218261719
1781099395966461700,159.40646166992187,1.530792236328125,82.52489471435547,50.60234832763672
1781099395991536600,159.43153662109376,1.6586685180664062,83.08696746826172,49.64030456542969
1781099396016612600,159.45661254882813,2.4548568725585938,83.83431243896484,48.06388854980469
1781099396041688600,159.4816884765625,3.083038330078125,84.38031768798828,47.35881042480469
1781099396066763500,159.50676342773437,15.629524230957031,118.35037994384766,77.0890121459961
1781099396091839500,159.53183959960938,16.198036193847656,118.45394134521484,76.2815170288086
1781099396116914400,159.55691455078124,16.45599365234375,118.48619842529297,74.97610473632812
1781099396141990400,159.58199047851562,16.521102905273438,118.62589263916016,74.32799530029297
1781099396167066600,159.60706665039064,16.445526123046875,118.2965316772461,73.23442077636719
1781099396192141600,159.6321416015625,16.202850341796875,117.8032455444336,72.47642517089844
1781099396217217500,159.65721752929687,16.1973876953125,117.38936614990234,71.92068481445312
1781099396242293200,159.6822932128906,15.878379821777344,116.44857025146484,71.54227447509766
1781099396267368400,159.70736840820314,15.369720458984375,116.26639556884766,71.5232925415039
1781099396292444400,159.7324443359375,14.646514892578125,116.2019271850586,72.00273895263672
1781099396317519400,159.75751928710937,13.875640869140625,116.65657806396484,72.62950897216797
1781099396342595600,159.782595703125,13.625625610351562,117.14192962646484,73.42300415039062
1781099396367671600,159.80767163085937,13.361648559570312,117.80992889404297,73.80554962158203
1781099396392746500,159.83274658203126,13.782142639160156,118.50298309326172,74.33857727050781
1781099396417822500,159.8578225097656,14.8599853515625,119.46121978759766,74.65536499023438
1781099396442897700,159.88289770507814,15.613304138183594,120.11461639404297,74.6526107788086
1781099396467973400,159.90797338867188,18.659034729003906,113.06359100341797,78.05996704101562
1781099396493049300,159.93304931640625,19.519271850585938,112.8944320678711,77.70709991455078
1781099396518124300,159.9581242675781,20.464500427246094,112.19493865966797,77.00810241699219
1781099396543200500,159.98320043945313,20.82646942138672,111.61820220947266,76.51280975341797
1781099396568275500,160.008275390625,20.82391357421875,110.62793731689453,75.75238800048828
1781099396593351400,160.03335131835937,20.947036743164062,109.9429702758789,75.52604675292969
1781099396618427400,160.05842749023438,21.08617401123047,109.43619537353516,75.49761962890625
1781099396643502600,160.08350268554688,21.195396423339844,108.91492462158203,75.85301971435547
1781099396668578300,160.10857836914062,20.940635681152344,108.3963394165039,76.28153991699219
1781099396693654500,160.13365454101563,12.56817626953125,96.13204956054688,77.99737548828125
1781099396718729500,160.1587294921875,12.846839904785156,95.47210693359375,78.24195098876953
1781099396743805400,160.18380541992187,12.960594177246094,94.34831237792969,78.7084732055664
1781099396768880400,160.20888037109376,12.750923156738281,94.02227783203125,79.19691467285156
1781099396793956600,160.23395654296874,12.829933166503906,93.91026306152344,79.61480712890625
1781099396819032300,160.2590322265625,12.16680908203125,93.75299072265625,80.84187316894531
1781099396844107300,160.28410717773437,12.317680358886719,94.06729125976562,81.5133285522461
1781099396869183500,160.30918359375,11.665786743164062,94.42349243164062,82.31647491455078
1781099396894258400,160.33425854492188,11.353927612304688,94.72569274902344,82.6092529296875
1781099396919334400,160.35933447265626,2.1446762084960938,102.0218505859375,80.69078063964844
1781099396944410600,160.38441064453124,2.2032623291015625,102.75108337402344,80.82201385498047
1781099396969485600,160.40948559570313,1.7375946044921875,103.63372802734375,80.49532318115234
1781099396994561500,160.4345615234375,1.2693862915039062,105.12333679199219,80.17777252197266
1781099397019636500,160.45963647460937,0.8331451416015625,105.93629455566406,79.72825622558594
1781099397044712400,160.48471240234375,0.859649658203125,107.53956604003906,79.08458709716797
1781099397069788400,160.50978833007812,0.3911895751953125,108.0496826171875,78.63032531738281
1781099397094863400,160.53486328125,0.454559326171875,108.44448852539062,77.8271713256836
1781099397119939800,160.55993994140624,0.8281707763671875,108.71255493164062,77.6965560913086
1781099397145014800,160.58501489257813,1.604461669921875,109.80189514160156,77.61714935302734
1781099397170090800,160.6100908203125,2.130096435546875,110.50468444824219,77.46174621582031
1781099397195166700,160.63516674804688,15.725067138671875,103.91545104980469,63.138572692871094
1781099397220241700,160.66024169921874,17.203567504882812,104.70211791992188,62.9359130859375
1781099397245317600,160.68531762695312,18.53551483154297,105.19039916992188,62.64923858642578
1781099397270392600,160.710392578125,19.961883544921875,105.76609802246094,62.24053955078125
1781099397295468800,160.73546875,21.612037658691406,105.87760925292969,62.2061767578125
1781099397320544800,160.76054467773437,24.042251586914062,105.17930603027344,62.09101867675781
1781099397345619700,160.78561962890626,25.52997589111328,104.85923767089844,62.391510009765625
1781099397370695700,160.81069580078125,26.585403442382812,104.05532836914062,63.017242431640625
1781099397395771000,160.83577099609374,28.799903869628906,102.51913452148438,64.27450561523438
1781099397420846600,160.8608466796875,30.78899383544922,101.24996948242188,64.90425109863281
1781099397445922600,160.88592260742186,32.701568603515625,98.76568603515625,66.11299133300781
1781099397470997800,160.91099780273439,33.751136779785156,97.25241088867188,67.0309829711914
1781099397496073700,160.93607373046876,35.03593444824219,94.64402770996094,68.60286712646484
1781099397521149700,160.9611496582031,35.138519287109375,93.26055908203125,69.80108642578125
1781099397546224600,160.986224609375,34.80387496948242,91.78201293945312,71.62171936035156
1781099397571300900,161.01130078125,34.19689178466797,91.24708557128906,72.5657958984375
1781099397596375800,161.03637573242187,34.023590087890625,91.25199890136719,73.47928619384766
1781099397621451500,161.06145141601561,19.86627960205078,151.45753479003906,133.29217529296875
1781099397646527700,161.08652783203124,19.731185913085938,151.73121643066406,134.25099182128906
1781099397671602700,161.11160278320312,20.604175567626953,152.70936584472656,135.52536010742188
1781099397696678700,161.1366787109375,21.169239044189453,153.23263549804688,135.56275939941406
1781099397721753600,161.16175366210936,22.283679962158203,153.423583984375,134.98226928710938
1781099397746829800,161.18682983398438,22.973346710205078,153.4824676513672,134.26123046875
1781099397771905500,161.21190551757812,22.925846099853516,153.20872497558594,133.14857482910156
1781099397796980700,161.2369807128906,22.693389892578125,152.57936096191406,131.59915161132812
1781099397822056700,161.262056640625,21.635234832763672,152.21871948242188,130.33096313476562
1781099397847131600,161.28713159179688,20.012657165527344,151.93907165527344,128.80894470214844
1781099397872207600,161.31220751953126,18.529808044433594,152.2570037841797,128.07098388671875
1781099397897283800,161.33728393554688,15.50592041015625,152.80213928222656,127.21492004394531
1781099397922358800,161.36235888671874,13.901641845703125,153.19618225097656,126.53060913085938
1781099397947434800,161.38743481445312,12.123428344726562,153.72999572753906,125.95903015136719
1781099397972509700,161.412509765625,11.194587707519531,153.8313751220703,125.44316864013672
1781099397997585700,161.43758569335938,10.381668090820312,154.44000244140625,124.80365753173828
1781099398022661600,161.46266162109376,-89.62998962402344,77.88543701171875,113.99505615234375
1781099398047736600,161.48773657226562,-90.49437713623047,78.46089172363281,113.00336456298828
1781099398072812800,161.51281274414063,-91.46309661865234,79.54365539550781,111.54991912841797
1781099398097887700,161.5378876953125,-92.37840270996094,80.00019836425781,110.39947509765625
1781099398122963500,161.56296337890626,-93.3198013305664,80.58807373046875,108.4430923461914
1781099398148039400,161.58803930664064,-93.98301696777344,80.75520324707031,107.3878173828125
1781099398173114600,161.61311450195313,-94.48918914794922,80.71028137207031,106.3271484375
1781099398198190300,161.6381904296875,-95.52863311767578,80.3212890625,104.87689208984375
1781099398223265500,161.663265625,-95.9150619506836,80.00662231445312,104.45542907714844
1781099398248341500,161.68834155273439,-97.4957504272461,79.86399841308594,104.34197998046875
1781099398273417500,161.71341748046876,-98.05365753173828,79.51141357421875,104.43433380126953
1781099398298492400,161.73849243164062,-98.49531555175781,78.8380126953125,104.6565933227539
1781099398323568400,161.763568359375,-99.3512191772461,78.58528137207031,104.7990951538086
1781099398348643600,161.7886435546875,-99.55231475830078,78.74124145507812,104.77751159667969
1781099398373719600,161.81371948242187,-100.52006530761719,78.37274169921875,105.01264953613281
1781099398398795300,161.83879516601561,-92.04425048828125,9.4913330078125,73.54208374023438
1781099398423870500,161.8638703613281,-92.65489196777344,9.594589233398438,74.14688873291016
1781099398448946400,161.88894653320312,-92.74357604980469,10.035354614257812,74.23595428466797
1781099398474022400,161.9140224609375,-93.28120422363281,9.918777465820312,74.39508819580078
1781099398499097300,161.93909741210936,-93.23558044433594,9.742889404296875,74.2127914428711
1781099398524173600,161.96417358398438,-93.13636779785156,9.4024658203125,73.874755859375
1781099398549248500,161.98924853515626,-93.31867980957031,8.91485595703125,73.35868835449219
1781099398574324500,162.0143244628906,-93.06893920898438,8.483856201171875,73.10282897949219
1781099398599400400,162.039400390625,-93.7918701171875,7.33941650390625,72.52234649658203
1781099398624475400,162.06447534179688,-94.63896942138672,6.6201019287109375,72.2765884399414
1781099398649551400,162.08955126953126,-96.61912536621094,5.533355712890625,71.62444305419922
1781099398674626300,162.11462622070312,-98.17373657226562,5.155181884765625,71.12393951416016
1781099398699702500,162.13970263671874,-100.06831359863281,4.6265869140625,70.90050506591797
1781099398724778500,162.16477856445312,-101.47028350830078,4.684417724609375,70.5873031616211
1781099398749853400,162.189853515625,-102.93505096435547,4.60198974609375,70.21802520751953
1781099398774929400,162.21492944335938,-105.05985260009766,4.79010009765625,69.72600555419922
1781099398800004600,162.24000463867188,-91.29512786865234,-32.6923828125,86.3414077758789
1781099398825080300,162.26508032226562,-93.11361694335938,-32.534393310546875,85.90790557861328
1781099398850156500,162.29015649414063,-94.18144989013672,-32.535064697265625,85.60205078125
1781099398875231500,162.3152314453125,-96.32826232910156,-32.65997314453125,85.08314514160156
1781099398900307500,162.34030737304687,-97.77587890625,-32.68946838378906,84.94337463378906
1781099398925382400,162.36538232421876,-99.23775482177734,-32.56629943847656,84.85834503173828
1781099398950458600,162.39045874023438,-100.11567687988281,-32.378753662109375,84.8465805053711
1781099398975534300,162.41553442382812,-101.32091522216797,-32.70478820800781,84.72468566894531
1781099399000609300,162.440609375,-102.70928192138672,-32.33372497558594,84.89862060546875
1781099399025685500,162.465685546875,-103.90230560302734,-32.2581787109375,85.18297576904297
1781099399050761500,162.49076147460937,-106.04006958007812,-32.0125732421875,85.97537231445312
1781099399075836400,162.51583642578126,-107.19959259033203,-31.726272583007812,86.75886535644531
1781099399100912600,162.54091259765624,-108.10232543945312,-30.754669189453125,88.2125015258789
1781099399125987800,162.56598779296874,-107.96961212158203,-29.988861083984375,89.22412872314453
1781099399151063800,162.59106372070312,-107.74250793457031,-29.136062622070312,90.21688079833984
1781099399176139800,162.61613989257813,-107.00067138671875,-28.143905639648438,91.29399108886719
1781099399201214700,162.64121459960938,-105.82475280761719,-27.623977661132812,91.96127319335938
1781099399226290700,162.66629077148437,-134.17820739746094,-43.68061828613281,71.51372528076172
1781099399251365600,162.69136572265626,-133.52615356445312,-43.63484191894531,71.71436309814453
1781099399276441900,162.71644189453124,-132.12368774414062,-44.20465087890625,71.675537109375
1781099399301517800,162.74151782226562,-131.78016662597656,-44.7083740234375,71.27313995361328
1781099399326592800,162.7665927734375,-131.65110778808594,-45.048492431640625,70.88133239746094
1781099399351668700,162.7916687011719,-132.05734252929688,-45.61872863769531,70.2147216796875
1781099399376743700,162.81674365234375,-131.96197509765625,-46.02003479003906,70.15415954589844
1781099399401819600,162.84181958007812,-121.814453125,-44.426605224609375,77.30563354492188
1781099399426896000,162.86689575195314,-122.0947036743164,-44.38917541503906,77.12776184082031
1781099399451970800,162.891970703125,-122.97640228271484,-44.48381042480469,76.77336120605469
1781099399477046800,162.917046875,-123.23979187011719,-44.348052978515625,76.89505767822266
1781099399502121700,162.94212182617187,-124.1058578491211,-44.350921630859375,77.32470703125
1781099399527198000,162.96719799804688,-124.8202896118164,-43.739501953125,77.79993438720703
1781099399552273700,162.99227368164063,-125.56371307373047,-43.322784423828125,78.3072738647461
1781099399577348600,163.0173486328125,-125.4312973022461,-42.22575378417969,79.90574645996094
1781099399602424800,163.0424248046875,-125.52430725097656,-41.574432373046875,80.6244125366211
1781099399627499800,163.0674997558594,-124.89038848876953,-40.03291320800781,82.30532836914062
1781099399652575700,163.09257568359374,-124.49681854248047,-39.04022216796875,83.35855102539062
1781099399677651700,163.1176516113281,-122.96348571777344,-37.66639709472656,85.1409683227539
1781099399702727000,163.14272680664064,-121.39334869384766,-36.37287902832031,86.34960174560547
1781099399727803000,163.16780297851562,-119.74235534667969,-35.097991943359375,87.32971954345703
1781099399752877800,163.1928779296875,-116.41729736328125,-33.66358947753906,88.77021026611328
1781099399777953800,163.21795385742186,-113.60258483886719,-32.87432861328125,89.7772445678711
1781099399803029800,163.24302978515624,-108.93628692626953,-32.07511901855469,90.77752685546875
1781099399828104700,163.26810473632813,-154.8028564453125,-27.2716064453125,109.515869140625
1781099399853180700,163.2931806640625,-150.552490234375,-28.030197143554688,109.96660614013672
1781099399878257000,163.3182568359375,-148.57891845703125,-29.526580810546875,109.90205383300781
1781099399903331800,163.34333178710938,-145.7467041015625,-31.6077880859375,110.0862045288086
1781099399928407600,163.36840747070312,-144.96363830566406,-33.05552673339844,110.23719024658203
1781099399953482800,163.39348266601561,-120.38746643066406,-3.8020782470703125,202.380126953125
1781099399978558700,163.41855883789063,-119.94212341308594,-4.6619110107421875,203.09664916992188
1781099400003634700,163.443634765625,-119.35136413574219,-4.8482666015625,203.19696044921875
1781099400028709600,163.46870971679687,-118.85891723632812,-4.74859619140625,203.0408935546875
1781099400053785900,163.49378588867188,-118.38990783691406,-4.7313385009765625,202.9829864501953
1781099400078860800,163.51886083984374,-118.14866638183594,-4.5837554931640625,202.61880493164062
1781099400103936800,163.54393676757812,-118.07620239257812,-4.395294189453125,202.4478759765625
1781099400129012200,163.56901220703125,-117.76081848144531,-4.471466064453125,202.44247436523438
1781099400154087400,163.59408740234375,-117.04652404785156,-4.0255889892578125,202.46249389648438
1781099400179163100,163.6191630859375,-116.65989685058594,-3.522308349609375,202.50270080566406
1781099400204238000,163.64423803710937,-115.93699645996094,-2.8764495849609375,202.98419189453125
1781099400229314300,163.6693142089844,-114.5771484375,-2.343353271484375,203.38400268554688
1781099400254390300,163.69439038085937,-113.13119506835938,-1.45318603515625,203.86737060546875
1781099400279465200,163.71946533203126,-111.73301696777344,-0.9248504638671875,203.94097900390625
1781099400304541200,163.7445412597656,-110.73196411132812,-0.8391876220703125,203.920654296875
1781099400329616400,163.76961645507814,-113.62754821777344,2.8844451904296875,200.92672729492188
1781099400354692000,163.79469213867188,-112.38905334472656,2.958892822265625,200.74880981445312
1781099400379768000,163.81976806640625,-110.29621887207031,3.3787841796875,200.0862579345703
1781099400404843000,163.8448430175781,-109.04495239257812,3.7157135009765625,199.51280212402344
1781099400429919200,163.86991918945313,-107.81620788574219,3.7365264892578125,198.10699462890625
1781099400454995200,163.8949951171875,-106.93310546875,3.8944244384765625,197.02273559570312
1781099400480070100,163.92007006835937,-106.20256042480469,3.62469482421875,195.2557373046875
1781099400505146400,163.945146484375,-106.09405517578125,3.1346435546875,194.18519592285156
1781099400530221300,163.97022119140624,-105.9171142578125,2.642578125,193.445556640625
1781099400555297000,163.99529711914062,-105.59947204589844,1.6245880126953125,192.22366333007812
1781099400580373200,164.02037329101563,-105.50538635253906,1.3250885009765625,191.53257751464844
1781099400605448200,164.0454482421875,-105.372802734375,1.0923309326171875,190.5507354736328
1781099400630524200,164.07052416992187,-115.19619750976562,-50.6861572265625,189.3616943359375
1781099400655599000,164.09559912109376,-115.04310607910156,-51.564544677734375,188.32366943359375
1781099400680675300,164.12067529296874,-115.50215148925781,-52.18159484863281,187.7371826171875
1781099400705751300,164.14575122070312,-116.02690124511719,-52.54841613769531,187.51922607421875
1781099400730826200,164.170826171875,-116.90383911132812,-53.24296569824219,187.1840362548828
1781099400755902200,164.19590209960938,-117.31944274902344,-53.38261413574219,186.96734619140625
1781099400780977200,164.22097705078124,-117.12567138671875,-53.45359802246094,186.69317626953125
1781099400806053000,164.24605322265626,-117.46647644042969,-53.32865905761719,186.66864013671875
1781099400831129300,164.27112939453124,-117.03396606445312,-53.506805419921875,186.38970947265625
1781099400856204300,164.29620434570313,-116.61233520507812,-53.716461181640625,186.0081787109375
1781099400881280300,164.3212802734375,-116.37156677246094,-54.488433837890625,185.3174591064453
1781099400906355200,164.34635522460937,-114.20996856689453,-71.09844970703125,194.14755249023438
1781099400931431200,164.37143115234375,-114.45878601074219,-72.39909362792969,193.21463012695312
1781099400956507100,164.39650708007812,-115.5078353881836,-74.27943420410156,192.25592041015625
1781099400981582000,164.42158203125,-116.32688903808594,-75.45175170898438,191.44561767578125
1781099401006658300,164.446658203125,-118.58126068115234,-77.23139953613281,190.6703338623047
1781099401031734300,164.471734375,-120.46330261230469,-78.13937377929688,190.36074829101562
1781099401056809200,164.49680932617187,-123.50212097167969,-79.16062927246094,190.4221954345703
1781099401081885200,164.52188525390625,-125.13359069824219,-79.09075927734375,190.65858459472656
1781099401106960400,164.54696044921874,-127.40967559814453,-78.99322509765625,191.16366577148438
1781099401132036000,164.5720361328125,-127.8541259765625,-123.34617614746094,196.05609130859375
1781099401157112300,164.5971123046875,-129.01004028320312,-122.68382263183594,196.69033813476562
1781099401182187300,164.6221872558594,-129.60720825195312,-121.55873107910156,197.77117919921875
1781099401207263200,164.64726318359374,-129.48162841796875,-120.91873168945312,198.60086059570312
1781099401232338200,164.67233813476562,-128.46060180664062,-120.84736633300781,199.92298889160156
1781099401257414400,164.69741430664064,-127.48641204833984,-121.06733703613281,200.75901794433594
1781099401282490400,164.72249047851562,-143.29180908203125,-98.27378845214844,191.21307373046875
1781099401307565300,164.7475654296875,-142.6034393310547,-99.08978271484375,192.07199096679688
1781099401332641300,164.77264135742186,-142.04896545410156,-99.39259338378906,192.8846435546875
1781099401357716200,164.79771630859375,-142.00596618652344,-100.12937927246094,193.61721801757812
1781099401382792200,164.82279223632813,-141.7122802734375,-100.72328186035156,193.83575439453125
1781099401407868200,164.8478681640625,-141.87103271484375,-101.6759033203125,194.146484375
1781099401432943400,164.872943359375,-142.4080810546875,-102.0059814453125,194.29742431640625
1781099401458019300,164.89801928710938,-143.90518188476562,-102.25747680664062,194.52310180664062
1781099401483094300,164.92309423828124,-144.9389190673828,-102.34806823730469,194.77757263183594
1781099401508170200,164.94817016601561,-145.8697967529297,-102.02149963378906,195.08834838867188
1781099401533246200,164.97324609375,-147.82345581054688,-100.88105773925781,195.46282958984375
1781099401558321200,164.99832104492188,-149.22732543945312,-99.81211853027344,195.8019561767578
1781099401583397000,165.02339721679687,-150.6050262451172,-97.71929931640625,196.6442413330078
1781099401608472300,165.04847241210936,-150.66616821289062,-96.08049011230469,196.93496704101562
1781099401633548300,165.07354833984374,-150.09799194335938,-93.24879455566406,197.84701538085938
1781099401658624300,165.09862426757812,-148.880859375,-91.56492614746094,198.284423828125
1781099401683699500,165.1236994628906,-151.62643432617188,-83.94622802734375,195.5915069580078
1781099401708775200,165.14877514648438,-148.3173828125,-82.37681579589844,195.93426513671875
1781099401733851100,165.17385107421876,-146.27784729003906,-81.60140991210938,196.1744384765625
1781099401758926000,165.19892602539062,-142.7007293701172,-80.89901733398438,196.3232421875
1781099401784002300,165.22400219726563,-140.3238983154297,-80.77900695800781,196.458251953125
1781099401809077200,165.2490771484375,-137.1669464111328,-81.67999267578125,196.8985595703125
1781099401834153200,165.2741533203125,-134.87832641601562,-82.08697509765625,197.42755126953125
1781099401859229400,165.2992294921875,-132.0099334716797,-83.46792602539062,198.36581420898438
1781099401884304400,165.32430444335938,-40.968379974365234,1.2995758056640625,57.97840881347656
1781099401909380000,165.34938012695312,-39.72141647338867,0.805206298828125,58.589576721191406
1781099401934455000,165.374455078125,-37.74467849731445,-0.32586669921875,59.17577362060547
1781099401959531300,165.39953125,-36.56245040893555,-0.7971038818359375,59.307525634765625
1781099401984607200,165.42460717773437,-35.695987701416016,-1.748748779296875,59.75767135620117
1781099402009682200,165.44968212890626,-34.992008209228516,-2.3658447265625,59.88642120361328
1781099402034758400,165.47475830078125,-33.8421516418457,-3.4605712890625,59.96491622924805
1781099402059833300,165.49983325195313,29.103485107421875,-4.318634033203125,7.779384613037109
1781099402084909300,165.52490942382812,29.304473876953125,-5.4479827880859375,7.6788787841796875
1781099402109985300,165.5499853515625,29.7850341796875,-6.6919403076171875,7.771213531494141
1781099402135060500,165.575060546875,29.625247955322266,-7.6116943359375,7.7647247314453125
1781099402160136400,165.60013647460937,29.5418701171875,-8.753448486328125,7.411685943603516
1781099402185211400,165.62521142578126,28.978668212890625,-9.413848876953125,7.0774993896484375
1781099402210287600,165.65028759765624,27.65960693359375,-9.995254516601562,6.397163391113281
1781099402235363600,165.67536352539062,26.586101531982422,-10.61639404296875,5.8635406494140625
1781099402260438500,165.7004384765625,25.100631713867188,-11.3599853515625,5.1795501708984375
1781099402285514200,165.72551416015625,23.426837921142578,-11.792434692382812,4.5679779052734375
1781099402310589400,165.75058935546875,21.885395050048828,-11.498031616210938,4.1905517578125
1781099402335665400,165.77566552734376,19.47893524169922,-11.148834228515625,4.181419372558594
1781099402360741400,165.80074145507814,-42.48360824584961,-2.5916290283203125,22.750999450683594
1781099402385816600,165.82581665039064,-44.57412338256836,-1.9300537109375,23.051742553710938
1781099402410892500,165.850892578125,-45.47208023071289,-1.1224365234375,23.499404907226562
1781099402435967500,165.87596752929687,-46.60403823852539,0.369537353515625,23.980628967285156
1781099402461043500,165.90104345703125,-46.9299430847168,1.1815185546875,23.804641723632812
1781099402486119400,165.92611938476563,-47.085575103759766,2.2357635498046875,23.61298370361328
1781099402511194400,165.9511943359375,-47.04368209838867,3.264190673828125,23.012252807617188
1781099402536270300,165.97627026367186,-46.8145866394043,3.9430694580078125,22.595298767089844
1781099402561345500,166.0013454589844,-46.310184478759766,4.6636810302734375,21.763511657714844
1781099402586421500,166.02642138671874,-46.168216705322266,5.0906219482421875,21.4482421875
1781099402611497500,166.05149755859375,-45.32405471801758,6.231170654296875,20.794349670410156
1781099402636572400,166.0765725097656,-44.499759674072266,7.352294921875,20.268882751464844
1781099402661648400,166.1016484375,-43.98813247680664,8.222457885742188,19.602096557617188
1781099402686724400,166.12672436523437,-43.14189529418945,8.834197998046875,18.37805938720703
1781099402711799300,166.15179931640625,-42.223201751708984,9.090316772460938,17.580245971679688
1781099402736875500,166.17687548828124,-40.79777145385742,8.851608276367188,16.360267639160156
1781099402761950500,166.20195043945313,-40.21292495727539,8.292282104492188,15.54815673828125
1781099402787026400,166.2270263671875,-45.7151985168457,13.84466552734375,26.82483673095703
1781099402812102700,166.2521025390625,-45.421321868896484,12.91461181640625,26.51215362548828
1781099402837177600,166.27717749023438,-45.716068267822266,11.679824829101562,25.902183532714844
1781099402862253300,166.30225341796876,-45.96574783325195,11.067718505859375,25.7481689453125
1781099402887328500,166.32732861328125,-45.942501068115234,10.681808471679688,25.739547729492188
1781099402912404500,166.35240454101563,-46.888553619384766,9.985504150390625,25.455780029296875
1781099402937480400,166.37748046875,-47.14052200317383,9.69464111328125,25.12633514404297
1781099402962555400,166.40255541992187,-47.64995193481445,9.224075317382812,24.38873291015625
1781099402987631600,166.42763159179688,-48.43569564819336,8.85675048828125,23.80371856689453
1781099403012706600,166.45270654296874,-49.19649124145508,8.26971435546875,23.20220947265625
1781099403037782500,166.47778247070312,-37.33100509643555,37.895057678222656,2.3655471801757812
1781099403062858200,166.5028581542969,-38.00088119506836,37.67827606201172,1.9151229858398438
1781099403087933400,166.52793334960938,-39.590145111083984,37.05889129638672,1.35205078125
1781099403113010000,166.55301000976561,-40.830997467041016,36.65892791748047,1.3861923217773438
1781099403138084900,166.5780849609375,-42.39619827270508,36.575111389160156,1.4835128784179688
1781099403163160800,166.60316088867188,-43.39925003051758,36.60309600830078,1.547698974609375
1781099403188237000,166.62823706054687,-44.97505569458008,36.508766174316406,1.7861328125
1781099403213312000,166.65331201171875,-45.564273834228516,36.650062561035156,2.012664794921875
1781099403238387700,166.6783876953125,-46.40192794799805,36.720069885253906,2.3718338012695312
1781099403263462700,166.70346264648438,-46.56295394897461,36.66638946533203,2.4576416015625
1781099403288539000,166.72853881835937,-46.783138275146484,36.434364318847656,2.791015625
1781099403313614800,166.75361474609375,-47.032901763916016,35.84485626220703,3.4235610961914062
1781099403338689800,166.77868969726563,-47.417789459228516,35.529151916503906,3.7880172729492188
1781099403363765800,166.80376586914062,-48.414676666259766,34.82306671142578,4.421104431152344
1781099403388841000,166.82884106445312,-48.907108306884766,34.47705841064453,5.064697265625
1781099403413917000,166.8539169921875,-50.24093246459961,34.132591247558594,6.164985656738281
1781099403438992600,166.87899267578126,-56.894615173339844,35.826087951660156,-13.336498260498047
1781099403464067800,166.90406787109376,-57.681053161621094,35.716957092285156,-12.168964385986328
1781099403489143800,166.92914379882814,-58.85813903808594,36.118873596191406,-10.96920394897461
1781099403514218800,166.95421875,-59.19915008544922,36.64745330810547,-10.071178436279297
1781099403539294700,166.97929467773437,-59.878753662109375,37.69481658935547,-8.775226593017578
1781099403564371000,167.0043708496094,-60.092559814453125,38.16425323486328,-8.227115631103516
1781099403589446000,167.02944580078125,-59.98320770263672,39.09967803955078,-7.216968536376953
1781099403614521900,167.05452197265626,-59.53003692626953,40.10094451904297,-6.527744293212891
1781099403639597000,167.07959716796876,-59.74461364746094,41.07311248779297,-6.236324310302734
1781099403664672800,167.1046728515625,-59.181724548339844,42.64746856689453,-5.492488861083984
1781099403689748700,167.12974877929688,-58.65376281738281,43.56066131591797,-5.331569671630859
1781099403714823700,167.15482373046876,-57.72948455810547,44.781761169433594,-5.164043426513672
1781099403739900000,167.17989990234375,-56.79109191894531,45.536338806152344,-5.401470184326172
1781099403764974800,167.20497485351564,-55.33416748046875,46.580604553222656,-6.040859222412109
1781099403790050800,167.23005078125,-54.17774200439453,46.874244689941406,-6.417926788330078
1781099403815126800,167.25512670898436,-53.052894592285156,46.92359161376953,-7.365665435791016
1781099403840201700,167.28020166015625,-52.44877624511719,46.34703826904297,-8.043964385986328
1781099403865277700,167.30527758789063,-34.53766632080078,57.108612060546875,-24.605323791503906
1781099403890352600,167.3303525390625,-34.23957824707031,55.854766845703125,-25.301513671875
1781099403915428900,167.35542895507814,-34.18854522705078,55.30003356933594,-25.311981201171875
1781099403940504800,167.3805048828125,-34.326454162597656,54.32574462890625,-25.18390655517578
1781099403965579800,167.40557983398438,-34.34614562988281,53.80433654785156,-24.9488525390625
1781099403990656000,167.43065600585936,-34.88157653808594,53.12095642089844,-24.21717071533203
1781099404015731000,167.45573095703125,-34.99974822998047,52.70703125,-23.716651916503906
1781099404040806700,167.480806640625,-35.28101348876953,52.613372802734375,-23.40367889404297
1781099404065883000,167.5058828125,-35.76184844970703,52.52580261230469,-22.782859802246094
1781099404090957800,167.53095776367186,-35.84852600097656,52.37120056152344,-22.52405548095703
1781099404116033800,167.55603369140624,-36.01530456542969,52.3448486328125,-22.083702087402344
1781099404141110000,167.58111010742186,-36.087486267089844,52.433868408203125,-21.759071350097656
1781099404166185000,167.60618505859375,-36.518829345703125,52.34663391113281,-21.496055603027344
1781099404191261000,167.63126098632813,-36.26708221435547,52.37225341796875,-21.19207000732422
1781099404216336000,167.6563359375,-36.732765197753906,52.345245361328125,-20.826507568359375
1781099404241411800,167.68141186523437,-36.94361114501953,52.55928039550781,-20.438201904296875
1781099404266487800,167.70648779296874,-54.058067321777344,55.49522399902344,-18.86634063720703
1781099404291562800,167.73156274414063,-53.65717315673828,55.68525695800781,-18.526260375976562
1781099404316639000,167.75663891601562,-53.479469299316406,55.83570861816406,-18.36547088623047
1781099404341714000,167.7817138671875,-53.59552764892578,55.98095703125,-18.39752197265625
1781099404366790000,167.80678979492188,-52.983726501464844,56.07499694824219,-18.374595642089844
1781099404391864800,167.83186474609374,-52.52227020263672,55.83146667480469,-18.518226623535156
1781099404416940800,167.85694091796876,-52.005775451660156,55.73248291015625,-18.57903289794922
1781099404442016800,167.88201684570313,-51.88018798828125,55.899932861328125,-18.78778839111328
1781099404467091700,167.907091796875,-51.86711120605469,56.24400329589844,-19.055557250976562
1781099404492168000,167.93216796875,-51.782470703125,56.36396789550781,-19.420745849609375
1781099404517243000,167.95724291992187,-51.586517333984375,56.57341003417969,-19.56817626953125
1781099404542318800,167.98231884765624,-51.83197021484375,56.421112060546875,-19.53577423095703
1781099404567395000,168.00739501953126,-51.563087463378906,56.5491943359375,-19.370376586914062
1781099404592470000,168.03246997070312,-51.42267608642578,56.8065185546875,-19.632667541503906
1781099404617545700,168.0575456542969,-51.697113037109375,57.15977478027344,-19.662879943847656
1781099404642621000,168.08262084960938,-51.708274841308594,57.56336975097656,-19.692794799804688
1781099404667697000,168.10769677734376,-39.029541015625,44.31370544433594,-20.009246826171875
1781099404692772900,168.13277294921875,-38.189178466796875,44.155517578125,-20.22595977783203
1781099404717847800,168.15784790039064,-37.90873718261719,43.97898864746094,-20.391677856445312
1781099404742924000,168.18292407226562,-37.49390411376953,43.607879638671875,-20.511154174804688
1781099404768000000,168.208,-37.2183837890625,43.53883361816406,-20.659210205078125
1781099404793075000,168.2330749511719,-36.62378692626953,42.92893981933594,-21.199989318847656
1781099404818150700,168.25815063476563,-36.507301330566406,42.587432861328125,-21.32788848876953
1781099404843225900,168.28322583007812,-36.23997497558594,42.27549743652344,-21.639251708984375
1781099404868301800,168.3083017578125,-36.368568420410156,41.79017639160156,-22.064056396484375
1781099404893376800,168.3333767089844,-36.46980285644531,41.77540588378906,-22.283897399902344
1781099404918453000,168.35845288085937,-5.6326904296875,40.74339294433594,-15.575599670410156
1781099404943529000,168.3835290527344,-5.818763732910156,40.37554931640625,-15.828163146972656
1781099404968604000,168.40860400390625,-6.075172424316406,40.22175598144531,-16.35150909423828
1781099404993680000,168.43367993164063,-6.253562927246094,40.50660705566406,-16.675735473632812
1781099405018755000,168.45875512695312,-6.309898376464844,40.54368591308594,-16.898361206054688
1781099405043830800,168.48383081054686,-6.692680358886719,40.814483642578125,-17.294891357421875
1781099405068906800,168.50890673828124,-7.07733154296875,41.00390625,-17.687522888183594
1781099405093982000,168.53398193359374,-7.2141265869140625,41.218475341796875,-17.959716796875
1781099405119057700,168.5590576171875,-7.4602203369140625,41.418212890625,-18.200439453125
1781099405144132600,168.58413256835937,-8.093734741210938,41.508636474609375,-18.353355407714844
1781099405169208600,168.60920849609374,-8.57989501953125,41.624908447265625,-18.342742919921875
1781099405194284800,168.63428491210936,-8.796592712402344,42.132415771484375,-18.38604736328125
1781099405219359700,168.65935986328125,-9.05206298828125,42.53593444824219,-18.48448944091797
1781099405244435500,168.684435546875,-9.030014038085938,42.74998474121094,-18.68909454345703
1781099405269510400,168.70951049804688,-8.923103332519531,43.11772155761719,-18.899215698242188
1781099405294586600,168.73458666992187,-8.884597778320312,43.48722839355469,-18.941879272460938
1781099405319662600,168.75966259765624,-8.315315246582031,43.79296875,-19.080673217773438
1781099405344737500,168.78473754882813,-10.278182983398438,28.560211181640625,-23.451805114746094
1781099405369813800,168.80981372070312,-9.373260498046875,28.27899169921875,-23.54662322998047
1781099405394888700,168.834888671875,-8.920082092285156,28.206893920898438,-24.01074981689453
1781099405419964700,168.85996459960938,-8.3475341796875,27.923004150390625,-24.28966522216797
1781099405445040600,168.88504052734376,-8.237037658691406,27.58770751953125,-24.366607666015625
1781099405470115600,168.91011547851562,-8.089134216308594,27.0072021484375,-24.1954345703125
1781099405495191600,168.93519165039064,-7.670463562011719,26.382720947265625,-24.02019500732422
1781099405520266500,168.9602666015625,-7.310401916503906,26.24920654296875,-23.72698974609375
1781099405545342700,168.9853427734375,-7.247810363769531,25.87103271484375,-23.194198608398438
1781099405570418700,169.0104187011719,-7.048439025878906,25.353134155273438,-22.880271911621094
1781099405595493600,169.03549365234375,-6.709587097167969,25.1181640625,-22.464431762695312
1781099405620569600,169.06056958007812,-6.565315246582031,25.129562377929688,-22.11071014404297
1781099405645644500,169.08564453125,-6.473785400390625,24.994491577148438,-21.89667510986328
1781099405670720500,169.1107204589844,-5.663688659667969,24.709121704101562,-21.646263122558594
1781099405695796700,169.13579663085937,7.8069000244140625,43.010032653808594,-12.172035217285156
1781099405720871700,169.16087158203126,8.351631164550781,42.825172424316406,-12.045616149902344
1781099405745947600,169.18594775390625,8.424125671386719,42.65569305419922,-11.806663513183594
1781099405771022600,169.21102270507814,8.548652648925781,42.499977111816406,-11.830375671386719
1781099405796098800,169.23609887695312,8.598464965820312,42.38068389892578,-11.773773193359375
1781099405821174500,169.26117456054686,8.35357666015625,42.25220489501953,-11.77532958984375
1781099405846249500,169.28624951171875,8.604057312011719,41.648475646972656,-11.942886352539062
1781099405871325700,169.31132568359374,7.990447998046875,41.47388458251953,-11.754905700683594
1781099405896400600,169.33640063476562,7.589378356933594,41.00562286376953,-11.786483764648438
1781099405921476600,169.3614765625,7.5821990966796875,40.944618225097656,-11.994674682617188
1781099405946552600,169.38655249023438,7.283653259277344,40.623741149902344,-11.714065551757812
1781099405971627800,169.41162768554688,7.259613037109375,40.36957550048828,-11.677986145019531
1781099405996703700,169.43670385742186,6.892906188964844,40.411293029785156,-11.607025146484375
1781099406021778700,169.46177880859375,6.351318359375,40.423484802246094,-11.355857849121094
1781099406046854700,169.48685473632813,6.189208984375,40.35619354248047,-11.404045104980469
1781099406071930600,169.5119306640625,6.034217834472656,40.647926330566406,-11.313949584960938
1781099406097005600,169.53700561523436,7.345420837402344,36.803611755371094,-5.219505310058594
1781099406122080800,169.5620808105469,7.279960632324219,36.96172332763672,-5.332000732421875
1781099406147155700,169.58715576171875,7.593589782714844,37.147315979003906,-5.412956237792969
1781099406172232000,169.61223193359376,7.888885498046875,37.169532775878906,-5.414512634277344
1781099406197308000,169.6373078613281,8.0087890625,37.042869567871094,-5.537498474121094
1781099406222382800,169.6623828125,8.119911193847656,36.625038146972656,-5.7587127685546875
1781099406247458800,169.68745874023438,8.036323547363281,36.189292907714844,-5.880546569824219
1781099406272534800,169.71253466796875,8.060142517089844,36.05107879638672,-6.100730895996094
1781099406297609700,169.7376096191406,7.849540710449219,35.39006805419922,-6.4516754150390625
1781099406322686000,169.76268603515626,7.9537200927734375,35.040443420410156,-6.468025207519531
1781099406347761000,169.78776098632812,7.313804626464844,34.633522033691406,-6.596580505371094
1781099406372836900,169.8128369140625,7.2896270751953125,34.514808654785156,-6.572166442871094
1781099406397913000,169.8379130859375,6.852241516113281,34.183998107910156,-6.6994171142578125
1781099406422988000,169.86298803710937,6.213554382324219,33.862571716308594,-6.6466064453125
1781099406448063700,169.88806372070312,6.039421081542969,33.853370666503906,-6.458580017089844
1781099406473138700,169.913138671875,4.912353515625,33.46070098876953,-6.6216888427734375
1781099406498215000,169.93821484375,9.772048950195312,28.209121704101562,-5.6558685302734375
1781099406523291000,169.96329077148437,8.724571228027344,28.121963500976562,-6.017021179199219
1781099406548365800,169.98836572265625,8.286445617675781,28.2945556640625,-6.094718933105469
1781099406573442000,170.01344213867188,7.562278747558594,28.360137939453125,-6.202476501464844
1781099406598517000,170.03851708984374,7.097465515136719,28.483184814453125,-6.2877044677734375
1781099406623593000,170.0635930175781,6.65643310546875,28.511871337890625,-6.470039367675781
1781099406648668700,170.08866870117188,5.799613952636719,28.569015502929688,-6.8752899169921875
1781099406673744000,170.11374389648438,5.422019958496094,28.614212036132812,-7.14373779296875
1781099406698819800,170.13881982421876,4.6193389892578125,28.480728149414062,-7.68060302734375
1781099406723894800,170.16389477539062,4.307548522949219,28.6661376953125,-7.8779754638671875
1781099406748971000,170.18897094726563,3.7115402221679688,28.625244140625,-8.310989379882812
1781099406774047000,170.214046875,3.3121795654296875,28.427825927734375,-8.718925476074219
1781099406799122000,170.23912182617187,2.7466354370117188,28.569076538085938,-8.817115783691406
1781099406824198000,170.26419799804688,1.7606048583984375,28.473236083984375,-9.346755981445312
1781099406849273000,170.28927319335938,1.4783859252929688,28.390975952148438,-9.657386779785156
1781099406874348800,170.31434887695312,0.8905181884765625,28.254287719726562,-10.1800537109375
1781099406899424800,170.3394248046875,0.5057144165039062,28.300949096679688,-10.321418762207031
1781099406924500000,170.3645,-10.240669250488281,16.399032592773438,-2.6022491455078125
1781099406949576000,170.38957592773437,-10.7169189453125,16.546066284179688,-2.9351425170898438
1781099406974651000,170.41465087890626,-11.605613708496094,16.361831665039062,-3.2729110717773438
1781099406999726800,170.43972680664064,-12.329315185546875,16.363601684570312,-3.2486343383789062
1781099407024802800,170.464802734375,-12.69915771484375,16.1939697265625,-3.5367050170898438
1781099407049877800,170.48987768554687,-13.352096557617188,16.269363403320312,-3.6237640380859375
1781099407074953700,170.51495361328125,-13.979415893554688,16.205718994140625,-3.8250350952148438
1781099407100029000,170.54002880859375,-15.024833679199219,16.346755981445312,-3.9609909057617188
1781099407125105400,170.56510546875,-15.528663635253906,16.380447387695312,-4.1174774169921875
1781099407150181600,170.590181640625,-16.314056396484375,16.773422241210938,-3.6639251708984375
1781099407175256600,170.61525659179688,-16.948486328125,16.721832275390625,-3.6889877319335938
1781099407200332300,170.64033227539062,-17.817276000976562,16.806076049804688,-3.448333740234375
1781099407225407500,170.66540747070312,-18.693138122558594,16.954177856445312,-3.2647247314453125
1781099407250483500,170.6904833984375,-19.065223693847656,16.988632202148438,-3.124176025390625
1781099407275559400,170.71555932617187,-19.575645446777344,17.262115478515625,-2.747406005859375
1781099407300634400,170.74063427734376,-19.821510314941406,17.127349853515625,-2.4653778076171875
1781099407325710600,170.76571069335938,-19.065643310546875,22.20824432373047,-3.4699172973632812
1781099407350785500,170.79078564453124,-19.527793884277344,22.371803283691406,-3.2977828979492188
1781099407375861500,170.81586157226562,-19.722572326660156,22.657264709472656,-3.3177642822265625
1781099407400937500,170.8409375,-20.096817016601562,22.88562774658203,-3.0360641479492188
1781099407426012400,170.86601245117188,-20.265174865722656,23.055564880371094,-2.7401046752929688
1781099407451088400,170.89108837890626,-20.26934814453125,23.600059509277344,-2.46905517578125
1781099407476163300,170.91616333007812,-20.50433349609375,23.92705535888672,-2.2232589721679688
1781099407501239600,170.94123950195313,-20.57318115234375,24.30371856689453,-2.14288330078125
1781099407526315500,170.9663154296875,-20.552642822265625,24.71308135986328,-1.8296661376953125
1781099407551390500,170.99139038085937,-20.64574432373047,25.19310760498047,-1.6980209350585938
1781099407576466700,171.016466796875,-20.609283447265625,25.48064422607422,-1.4771957397460938
1781099407601541600,171.04154174804688,-20.431304931640625,25.685997009277344,-1.4208602905273438
1781099407626617300,171.06661743164062,-20.39727020263672,25.99291229248047,-1.2043380737304688
1781099407651693300,171.091693359375,-20.286293029785156,26.10810089111328,-1.117462158203125
1781099407676768500,171.1167685546875,-19.97547149658203,26.47325897216797,-0.80548095703125
1781099407701844500,171.14184448242187,-19.66590118408203,26.514366149902344,-0.6357803344726562
1781099407726919400,171.16691943359376,-29.63719940185547,31.708831787109375,-9.5338134765625
1781099407751995600,171.19199560546875,-29.489852905273438,31.861068725585938,-9.429588317871094
1781099407777071400,171.2170712890625,-29.168853759765625,32.12054443359375,-9.496788024902344
1781099407802146600,171.242146484375,-29.000465393066406,32.267578125,-9.061637878417969
1781099407827222300,171.26722216796875,-28.71996307373047,32.264312744140625,-8.867477416992188
1781099407852297500,171.29229736328125,-28.383995056152344,32.43888854980469,-8.716110229492188
1781099407877373400,171.31737353515626,-28.136474609375,32.55842590332031,-8.574668884277344
1781099407902449400,171.3424494628906,-27.574974060058594,32.94805908203125,-8.313385009765625
1781099407927524600,171.36752465820314,-27.678184509277344,33.11512756347656,-8.202415466308594
1781099407952600600,171.3926005859375,-27.72338104248047,33.31968688964844,-8.336387634277344
1781099407977675500,171.41767553710937,-27.351280212402344,33.555511474609375,-8.282516479492188
1781099408002751200,171.44275122070312,-27.484336853027344,33.65611267089844,-8.352699279785156
1781099408027827500,171.46782739257813,-26.921493530273438,33.67802429199219,-8.335693359375
1781099408052902400,171.49290234375,-26.70709228515625,33.7125244140625,-8.398506164550781
1781099408077978400,171.51797827148437,-26.440383911132812,34.0042724609375,-8.631752014160156
1781099408103053600,171.54305346679686,-26.353469848632812,34.027008056640625,-8.697311401367188
1781099408128129000,171.56812890625,-26.358055114746094,34.961761474609375,-8.532699584960938
1781099408153205000,171.593205078125,-26.818389892578125,35.61152648925781,-8.254249572753906
1781099408178280000,171.61828002929687,0.9378280639648438,30.622756958007812,-15.07669448852539
1781099408203356000,171.64335595703125,-0.5233917236328125,31.840316772460938,-14.10635757446289
1781099408228431000,171.66843115234374,5.785102844238281,33.77411651611328,-14.47928237915039
1781099408253506800,171.6935068359375,3.8234100341796875,33.974205017089844,-12.06231689453125
1781099408278583000,171.7185830078125,1.673095703125,34.264305114746094,-9.269847869873047
1781099408303658000,171.7436579589844,-0.22249603271484375,32.86717224121094,-5.200325012207031
1781099408328734000,171.76873388671876,-2.7000579833984375,30.308921813964844,0.3776702880859375
1781099408353809000,171.79380883789062,-4.851768493652344,29.028091430664062,3.546977996826172
1781099408378885000,171.81888500976564,-6.864013671875,28.03229522705078,6.1338653564453125
1781099408403960800,171.8439609375,-8.58935546875,27.341094970703125,8.743125915527344
1781099408429035800,171.86903588867187,-9.607177734375,25.745193481445312,10.979927062988281
1781099408454112000,171.8941120605469,-9.629898071289062,25.794631958007812,10.884197235107422
1781099408479187000,171.91918701171875,-9.429725646972656,27.775588989257812,9.73733901977539
1781099408504263000,171.94426293945313,-10.073089599609375,27.981109619140625,10.320075988769531
1781099408529339100,171.9693391113281,-8.973983764648438,26.792572021484375,14.122692108154297
1781099408554414000,171.9944140625,-8.551803588867188,27.261154174804688,15.89364242553711
1781099408579490000,172.01948999023438,-7.879570007324219,27.736709594726562,15.520492553710938
1781099408604565000,172.04456494140624,-7.908241271972656,27.849884033203125,15.332592010498047
1781099408629641000,172.0696408691406,-7.95684814453125,27.718643188476562,15.837600708007812
1781099408654717000,172.09471704101563,-7.954292297363281,27.239273071289062,16.349918365478516
1781099408679791900,172.1197919921875,-7.367927551269531,26.228713989257812,16.571876525878906
1781099408704867800,172.14486791992186,-6.875274658203125,25.850906372070312,16.80029296875
1781099408729943000,172.1699431152344,-6.216949462890625,25.402191162109375,17.273738861083984
1781099408755019000,172.19501904296874,-6.099281311035156,25.432052612304688,17.21434783935547
1781099408780095000,172.22009497070312,-6.143287658691406,25.544418334960938,17.203994750976562
1781099408805170200,172.2451701660156,-6.402587890625,25.617935180664062,17.47791290283203
1781099408830246000,172.27024584960938,-6.29254150390625,25.661911010742188,17.698486328125
1781099408855320800,172.29532080078124,-6.230049133300781,25.55096435546875,17.662994384765625
1781099408880396800,172.32039672851562,-6.129631042480469,25.519012451171875,17.635150909423828
1781099408905473000,172.34547314453124,-6.104118347167969,25.5509033203125,17.623336791992188
1781099408930548000,172.3705478515625,-6.200462341308594,26.094161987304688,17.480449676513672
1781099408955624000,172.3956240234375,-6.666236877441406,26.063888549804688,17.303943634033203
1781099408980699100,172.42069921875,-6.870277404785156,26.380386352539062,17.228900909423828
1781099409005774800,172.44577490234374,-5.686393737792969,26.344139099121094,17.538124084472656
1781099409030850000,172.47085009765624,-5.953529357910156,26.486167907714844,17.356487274169922
1781099409055925800,172.49592578125,-5.959808349609375,26.375389099121094,17.168376922607422
1781099409081002000,172.521001953125,-5.590049743652344,26.75690460205078,17.329051971435547
1781099409106077000,172.54607690429688,-4.017890930175781,26.70366668701172,16.551815032958984
1781099409131153400,172.5711533203125,-3.6400146484375,27.389610290527344,16.74856185913086
1781099409156229400,172.5962294921875,-3.685516357421875,27.478782653808594,16.799633026123047
1781099409181304300,172.62130419921874,-2.9841766357421875,27.09813690185547,16.618572235107422
1781099409206380300,172.64638037109376,-2.8463592529296875,27.14836883544922,16.425987243652344
1781099409231455200,172.67145532226561,-2.3000411987304688,27.213829040527344,16.48293685913086
1781099409256531200,172.69653125,-1.631134033203125,27.31218719482422,16.388195037841797
1781099409281606100,172.72160620117188,-1.5268478393554688,27.53369903564453,15.988338470458984
1781099409306682400,172.74668237304687,-1.2792587280273438,27.63652801513672,15.886096954345703
1781099409331758300,172.77175830078124,-1.2314071655273438,27.85791778564453,15.395957946777344
1781099409356833300,172.79683325195313,-1.1223907470703125,28.281761169433594,15.341659545898438
1781099409381909200,172.8219091796875,-0.9459152221679688,28.246360778808594,15.227840423583984
1781099409406984400,172.846984375,-0.2455596923828125,28.269676208496094,15.058021545410156
1781099409432060200,172.87206005859375,0.018341064453125,28.22278594970703,14.91177749633789
1781099409457136000,172.89713623046876,-0.39886474609375,27.99608612060547,14.822181701660156
1781099409482211300,172.92221142578126,-0.613372802734375,28.20946502685547,14.760250091552734
1781099409507287300,172.94728735351563,-0.331085205078125,28.13550567626953,14.731254577636719
1781099409532362200,172.9723623046875,-0.47203826904296875,27.971519470214844,14.949211120605469
1781099409557438200,172.99743823242187,-0.0163726806640625,27.887550354003906,14.91476821899414
1781099409582514200,173.02251416015625,0.29463958740234375,28.04877471923828,14.877948760986328
1781099409607589000,173.04758911132814,0.6423263549804688,27.771324157714844,14.964454650878906
1781099409632665000,173.0726650390625,0.47953033447265625,27.98827362060547,14.732006072998047
1781099409657740300,173.097740234375,0.09676361083984375,27.977394104003906,14.821796417236328
1781099409682816300,173.1228161621094,0.31214141845703125,28.167747497558594,14.86825942993164
1781099409707892200,173.14789233398437,0.14023590087890625,28.149070739746094,14.708786010742188
1781099409732967200,173.17296728515626,0.202545166015625,28.169761657714844,14.707744598388672
1781099409758043400,173.19804345703125,0.6837158203125,28.863433837890625,14.953323364257812
1781099409783118300,173.22311840820313,0.629241943359375,28.8905029296875,14.74881362915039
1781099409808194000,173.24819409179688,0.48780059814453125,28.866683959960938,14.864219665527344
1781099409833270300,173.27327026367186,0.5324935913085938,29.033248901367188,14.923255920410156
1781099409858345200,173.29834521484375,0.25096893310546875,29.02783203125,14.897258758544922
1781099409883421200,173.32342114257813,0.35382843017578125,29.463302612304688,14.82210922241211
1781099409908496100,173.34849609375,0.1778411865234375,29.827651977539062,14.818920135498047
1781099409933572400,173.373572265625,0.44042205810546875,30.017166137695312,14.73282241821289
1781099409958648300,173.3986484375,0.067047119140625,30.069931030273438,14.530590057373047
1781099409983723300,173.42372314453124,1.176177978515625,29.906890869140625,15.336254119873047
1781099410008799200,173.44879931640625,1.4217681884765625,30.082733154296875,15.479690551757812
1781099410033874200,173.4738742675781,1.1746444702148438,30.067184448242188,15.300704956054688
1781099410058950100,173.4989501953125,1.6893310546875,30.074615478515625,15.32809829711914
1781099410084026400,173.5240263671875,1.8027267456054688,29.679443359375,15.71657943725586
1781099410109101300,173.54910131835936,1.9365081787109375,29.513931274414062,15.788475036621094
1781099410134177000,173.57417700195313,2.18505859375,28.779708862304688,16.152297973632812
1781099410159252200,173.59925219726563,3.166473388671875,28.633224487304688,17.494293212890625
1781099410184328200,173.624328125,2.6712722778320312,28.828750610351562,17.594532012939453
1781099410209404000,173.64940380859375,1.8906326293945312,29.08599853515625,17.78946304321289
1781099410234479000,173.67447900390624,2.1415481567382812,29.031028747558594,18.18365478515625
1781099410259555000,173.69955517578126,2.0024185180664062,28.347251892089844,18.410797119140625
1781099410284630000,173.72463012695312,2.0267562866210938,28.321754455566406,18.805095672607422
1781099410309706000,173.7497060546875,2.6526107788085938,27.62798309326172,19.51732635498047
1781099410334782200,173.7747822265625,2.7512664794921875,27.51958465576172,19.66436004638672
1781099410359857200,173.79985717773437,2.3128814697265625,28.033348083496094,19.736637115478516
1781099410384933000,173.82493310546874,1.5364990234375,29.67046356201172,19.46826171875
1781099410410008300,173.85000830078124,3.7648544311523438,31.339920043945312,19.701858520507812
1781099410435084000,173.875083984375,5.188804626464844,35.054710388183594,20.223709106445312
1781099410460159000,173.90015893554687,5.886314392089844,37.64759826660156,19.345829010009766
1781099410485235000,173.92523486328125,4.945884704589844,41.05260467529297,17.402278900146484
1781099410510311200,173.95031127929687,7.21380615234375,44.118934631347656,16.585906982421875
1781099410535386000,173.97538623046876,5.896049499511719,46.629844665527344,14.619667053222656
1781099410560462000,174.00046215820313,3.5111236572265625,48.40870666503906,12.779830932617188
1781099410585537300,174.02553735351563,0.44915771484375,48.62110900878906,12.872245788574219
1781099410610613000,174.05061303710937,-4.9247283935546875,48.41950225830078,15.390678405761719
1781099410635689000,174.07568896484375,-8.25933837890625,45.37933349609375,19.609214782714844
1781099410660764000,174.10076391601564,-8.409263610839844,38.25047302246094,29.141864776611328
1781099410685840100,174.12584008789062,-3.3419723510742188,33.08191680908203,35.0140380859375
1781099410710915000,174.1509150390625,-4.917900085449219,28.251495361328125,37.47118377685547
1781099410735991000,174.1759909667969,-8.105064392089844,26.110733032226562,37.680145263671875
1781099410761067300,174.2010673828125,-10.650245666503906,24.405052185058594,37.46155548095703
1781099410786142200,174.22614208984376,-15.630027770996094,22.338333129882812,36.227725982666016
1781099410811218000,174.2512180175781,-21.00244140625,21.75940704345703,33.27081298828125
1781099410836292900,174.27629296875,-28.62249755859375,20.995445251464844,26.245574951171875
1781099410861369000,174.301369140625,-32.841094970703125,20.815834045410156,20.66101837158203
1781099410886445000,174.32644506835936,-34.81568145751953,23.628501892089844,12.217567443847656
1781099410911520000,174.35152001953125,-33.62847137451172,26.500518798828125,7.9371795654296875
1781099410936596200,174.37659619140624,-32.31156921386719,28.726280212402344,5.047187805175781
1781099410961671200,174.40167114257812,-30.428268432617188,31.26618194580078,3.9854583740234375
1781099410986747100,174.4267470703125,-29.227882385253906,32.59159851074219,2.7229461669921875
1781099411011823000,174.45182299804688,-28.559036254882812,33.53511047363281,-2.822601318359375
1781099411036898000,174.47689794921874,-28.855377197265625,32.90351104736328,-3.4272842407226562
1781099411061974000,174.50197412109375,-29.37187957763672,32.35492706298828,0.8718032836914062
1781099411087049000,174.5270490722656,-29.338966369628906,32.04888153076172,1.8882980346679688
1781099411112125200,174.55212524414063,-29.588302612304688,31.34229278564453,0.1730499267578125
1781099411137201200,174.577201171875,-31.586181640625,28.81336212158203,-2.5260467529296875
1781099411162276000,174.60227612304686,-32.82951354980469,26.24280548095703,-3.396240234375
1781099411187352000,174.62735205078124,-34.79749298095703,23.354652404785156,-4.363677978515625
1781099411212427300,174.65242724609374,-35.243927001953125,22.382766723632812,-4.728096008300781
1781099411237503000,174.6775029296875,-35.081871032714844,21.538925170898438,-6.141258239746094
1781099411262578000,174.70257788085937,-34.71746063232422,20.54589080810547,-7.46624755859375
1781099411287654100,174.72765405273438,-34.806617736816406,20.02082061767578,-7.7042694091796875
1781099411312730000,174.75273022460937,-35.091461181640625,20.08428192138672,-7.1313323974609375
1781099411337805000,174.77780517578125,-35.023414611816406,19.83940887451172,-6.476875305175781
1781099411362881300,174.80288134765624,-35.30408477783203,19.361122131347656,-6.3298492431640625
1781099411387956200,174.82795629882813,-35.429100036621094,18.25952911376953,-7.3069000244140625
1781099411413032000,174.85303198242187,-35.89112854003906,16.8883056640625,-8.318588256835938
1781099411438107100,174.87810717773436,-36.22173309326172,16.42694091796875,-8.307937622070312
1781099411463182000,174.90318212890625,-36.51488494873047,15.356452941894531,-8.818794250488281
1781099411488258000,174.92825805664063,-36.401214599609375,14.901824951171875,-9.165374755859375
1781099411513333000,174.9533330078125,-36.360504150390625,14.278961181640625,-9.154792785644531
1781099411538409000,174.97840893554687,-36.8143310546875,12.968994140625,-10.034828186035156
1781099411563485200,175.00348510742188,-36.92127990722656,12.329994201660156,-10.245742797851562
1781099411588560100,175.02856005859374,-37.1705322265625,11.794914245605469,-10.262664794921875
1781099411613636000,175.05363598632812,-37.16731262207031,11.859542846679688,-10.66168212890625
1781099411638711000,175.0787109375,-37.03401184082031,11.915519714355469,-10.649642944335938
1781099411663787000,175.103787109375,-37.22545623779297,11.417716979980469,-11.34698486328125
1781099411688863000,175.12886303710937,-37.23920440673828,10.977630615234375,-11.837120056152344
1781099411713938000,175.15393798828126,-37.30509948730469,9.86932373046875,-12.543312072753906
1781099411739014100,175.17901416015624,-37.36102294921875,9.105926513671875,-13.114356994628906
1781099411764089000,175.20408911132813,-37.28846740722656,7.6827392578125,-14.073356628417969
1781099411789165000,175.2291650390625,-37.41553497314453,6.806854248046875,-14.125968933105469
1781099411814241300,175.2542412109375,-37.790672302246094,6.008110046386719,-13.743598937988281
1781099411839316200,175.27931616210938,-37.76490020751953,5.37005615234375,-13.553314208984375
1781099411864392000,175.30439184570312,-37.65833282470703,4.604347229003906,-14.144615173339844
1781099411889468200,175.32946826171874,-37.650489807128906,4.1861114501953125,-14.316047668457031
1781099411914543000,175.35454321289063,-37.613670349121094,4.1206207275390625,-13.590415954589844
1781099411939619000,175.379619140625,-37.86681365966797,3.7492141723632812,-13.896018981933594
1781099411964694000,175.40469409179687,-37.839805603027344,3.6984405517578125,-13.996635437011719
1781099411989770200,175.42977026367188,-37.83509063720703,3.5224838256835938,-14.009262084960938
1781099412014846200,175.45484619140626,-37.92858123779297,3.0193023681640625,-13.984153747558594
1781099412039921200,175.47992114257812,-37.963035583496094,1.9883499145507812,-13.932327270507812
1781099412064997000,175.5049970703125,-37.973793029785156,1.2778472900390625,-13.939834594726562
1781099412090073000,175.53007299804688,-38.12696075439453,0.6993179321289062,-14.146827697753906
1781099412115148000,175.55514794921876,-38.14966583251953,0.36418914794921875,-14.234046936035156
1781099412140224000,175.58022412109375,-37.994903564453125,0.249664306640625,-14.220260620117188
1781099412165300000,175.60530004882813,-37.78025817871094,0.11248016357421875,-14.426979064941406
1781099412190375000,175.630375,-38.01806640625,0.05328369140625,-14.044158935546875
1781099412215451000,175.65545092773436,-38.072357177734375,0.47560882568359375,-14.223457336425781
1781099412240526800,175.68052685546874,-38.10752868652344,0.3825531005859375,-13.994873046875
1781099412265601800,175.70560180664063,-38.023345947265625,0.522491455078125,-14.270645141601562
1781099412290677800,175.730677734375,-38.224884033203125,0.5665359497070312,-14.03375244140625
1781099412315754000,175.75575390625,-38.55897521972656,0.7016754150390625,-13.488861083984375
1781099412340829000,175.78082885742188,-38.51399230957031,0.8846282958984375,-12.5155029296875
1781099412365905000,175.80590478515626,-38.61865234375,1.246551513671875,-11.722869873046875
1781099412390980900,175.83098095703124,-39.036224365234375,1.2847747802734375,-11.298843383789062
1781099412416056800,175.85605688476562,-38.978363037109375,1.3038406372070312,-11.275749206542969
1781099412441131800,175.8811318359375,-38.85797119140625,1.93072509765625,-11.229293823242188
1781099412466208000,175.9062080078125,-38.902870178222656,2.49725341796875,-11.514167785644531
1781099412491284000,175.93128393554687,-38.842140197753906,3.0445098876953125,-11.622581481933594
1781099412516359700,175.9563596191406,-38.500755310058594,3.3580856323242188,-11.731239318847656
1781099412541435000,175.98143481445314,-38.503746032714844,3.2926025390625,-11.719123840332031
1781099412566510800,176.0065107421875,-38.79553985595703,3.34405517578125,-11.98333740234375
1781099412591586800,176.0315869140625,-38.66040802001953,3.599151611328125,-11.904441833496094
1781099412616663000,176.0566630859375,-38.72705841064453,3.9151992797851562,-12.013717651367188
1781099412641739000,176.08173901367186,-38.86284637451172,4.182441711425781,-12.040939331054688
1781099412666814000,176.10681396484375,-38.68354034423828,4.306770324707031,-12.084495544433594
1781099412691889700,176.1318896484375,-38.87775421142578,4.361579895019531,-12.4505615234375
1781099412716966000,176.1569658203125,-38.595741271972656,4.2688140869140625,-12.567672729492188
1781099412742041900,176.18204174804688,-38.411216735839844,4.112968444824219,-12.725318908691406
1781099412767118000,176.2071181640625,-38.384544372558594,4.239799499511719,-13.04779052734375
1781099412792193800,176.23219384765625,-38.349769592285156,4.265998840332031,-13.459709167480469
1781099412817268700,176.25726879882814,-38.57683563232422,4.411750793457031,-13.531967163085938
1781099412842344700,176.2823447265625,-38.28284454345703,4.8537139892578125,-13.9752197265625
1781099412867421000,176.3074208984375,-38.103431701660156,5.118827819824219,-14.248558044433594
1781099412892497000,176.33249682617188,-37.78087615966797,5.2971343994140625,-14.225334167480469
1781099412917572900,176.35757275390625,-37.74616241455078,6.003303527832031,-13.976585388183594
1781099412942648800,176.38264892578124,-37.850807189941406,6.284873962402344,-13.919105529785156
1781099412967724800,176.40772485351562,-37.670066833496094,7.083702087402344,-13.821304321289062
1781099412992799700,176.4327998046875,-37.77429962158203,7.734275817871094,-13.570259094238281
1781099413017876000,176.4578759765625,-37.548133850097656,8.2845458984375,-13.112159729003906
1781099413042952000,176.48295190429687,-37.333473205566406,8.6640625,-12.779548645019531
1781099413068028000,176.50802783203125,-37.55754089355469,9.056648254394531,-12.850334167480469
1781099413093103900,176.53310375976562,-37.78657531738281,9.615493774414062,-12.299018859863281
1781099413118179800,176.55817993164064,-38.05467224121094,9.53271484375,-11.747764587402344
1781099413143256300,176.58325634765626,-37.90998840332031,9.512794494628906,-12.099845886230469
1781099413168332500,176.60833251953125,-37.81736755371094,9.588165283203125,-12.2095947265625
1781099413193408500,176.63340844726562,-37.50740051269531,9.858535766601562,-11.6837158203125
1781099413218484500,176.658484375,-37.658607482910156,10.180641174316406,-11.412216186523438
1781099413243560400,176.683560546875,-37.866615295410156,10.639572143554688,-11.386512756347656
1781099413268636400,176.70863647460936,-37.724754333496094,10.797599792480469,-11.347587585449219
1781099413293711400,176.73371142578125,-37.634010314941406,10.722618103027344,-11.806503295898438
1781099413318787600,176.75878759765624,-37.49732208251953,10.65667724609375,-12.021995544433594
1781099413343863600,176.78386352539061,-37.555824279785156,10.380615234375,-11.934608459472656
1781099413368939500,176.808939453125,-37.697349548339844,10.295150756835938,-11.592315673828125
1781099413394015500,176.83401538085937,-37.89873504638672,9.816719055175781,-11.685638427734375
1781099413419091500,176.85909155273438,-37.908103942871094,9.268844604492188,-11.967369079589844
1781099413444167400,176.88416748046876,-37.90937042236328,9.197021484375,-12.014701843261719
1781099413469243600,176.90924365234375,-38.14051055908203,9.158615112304688,-11.874465942382812
1781099413494319400,176.9343193359375,-38.18914031982422,8.872955322265625,-11.342658996582031
1781099413519395300,176.95939526367187,-38.227455139160156,9.121597290039062,-11.053421020507812
1781099413544471600,176.98447143554688,-38.261253356933594,9.196762084960938,-10.392791748046875
1781099413569547500,177.00954760742187,-38.57093048095703,9.398002624511719,-9.949577331542969
1781099413594623500,177.03462353515624,-38.5450439453125,9.736991882324219,-9.463249206542969
1781099413619699500,177.05969946289062,-38.39723205566406,9.566276550292969,-9.875282287597656
1781099413644775400,177.084775390625,-38.45668029785156,9.457321166992188,-10.32159423828125
1781099413669851600,177.1098515625,-38.31846618652344,9.543487548828125,-10.400856018066406
1781099413694927400,177.13492724609375,-38.175872802734375,9.709663391113281,-10.198097229003906
1781099413720003300,177.16000341796874,-38.09697723388672,10.285514831542969,-10.181327819824219
1781099413745079600,177.18507958984375,-37.869972229003906,10.555084228515625,-10.580108642578125
1781099413770155500,177.21015551757813,-37.366661071777344,10.962455749511719,-10.722518920898438
1781099413795231200,177.23523120117187,-37.570899963378906,10.879493713378906,-11.039237976074219
1781099413820307500,177.26030737304689,-37.877830505371094,10.630027770996094,-11.246025085449219
1781099413845382400,177.28538232421874,-37.716163635253906,10.690666198730469,-11.399040222167969
1781099413870458400,177.31045825195312,-37.51514434814453,10.4873046875,-11.420623779296875
1781099413895534600,177.33553466796874,-37.61034393310547,10.19927978515625,-11.603652954101562
1781099413920610300,177.3606103515625,-37.798851013183594,10.147117614746094,-11.632431030273438
1781099413945686300,177.38568627929686,-37.58812713623047,10.06610107421875,-11.446640014648438
1781099413970762500,177.41076245117188,-37.748512268066406,10.199958801269531,-11.503486633300781
1781099413995838500,177.43583837890625,-37.709388732910156,10.493904113769531,-11.782737731933594
1781099414020914400,177.46091455078124,-37.41606140136719,10.562789916992188,-11.585456848144531
1781099414045990400,177.48599047851562,-37.333953857421875,10.7518310546875,-11.432350158691406
1781099414071066400,177.51106640625,-37.139984130859375,10.90521240234375,-11.097724914550781
1781099414096142600,177.536142578125,-37.40977478027344,10.993446350097656,-10.920509338378906
1781099414121218600,177.5612185058594,-37.50526428222656,11.073081970214844,-11.513442993164062
1781099414146294500,177.58629443359376,-37.31593322753906,11.110862731933594,-11.940498352050781
1781099414171370500,177.61137060546875,-37.17454528808594,11.171844482421875,-11.513870239257812
1781099414196446700,177.63644677734376,-37.206329345703125,11.315902709960938,-11.448486328125
1781099414221522700,177.6615227050781,-37.53370666503906,11.587738037109375,-11.403717041015625
1781099414246597600,177.68659765625,-37.478271484375,11.653251647949219,-11.527587890625
1781099414271673600,177.71167358398438,-37.340576171875,11.673484802246094,-11.612350463867188
1781099414296749600,177.73674951171876,-37.223846435546875,11.744873046875,-11.872138977050781
1781099414321825500,177.76182543945313,-36.79206848144531,11.643692016601562,-11.469856262207031
1781099414346901800,177.78690185546876,-37.1922607421875,11.695877075195312,-11.795188903808594
1781099414371977500,177.8119775390625,-37.41938781738281,11.711174011230469,-11.875450134277344
1781099414397053400,177.83705346679687,-36.946136474609375,11.576400756835938,-11.803321838378906
1781099414422129700,177.8621296386719,-37.22401428222656,11.546493530273438,-11.928779602050781
1781099414447205600,177.88720556640624,-37.36750793457031,11.575935363769531,-11.866226196289062
1781099414472281600,177.91228149414061,-36.784027099609375,11.66436767578125,-11.361610412597656
1781099414497356500,177.9373564453125,-36.821075439453125,11.613014221191406,-11.823867797851562
1781099414522432500,177.9624326171875,-37.327606201171875,11.586410522460938,-12.042945861816406
1781099414547508500,177.98750854492187,-37.54017639160156,11.592414855957031,-12.147308349609375
1781099414572584700,178.01258471679688,-37.19337463378906,11.729736328125,-11.833892822265625
1781099414597660400,178.03766040039062,-37.13221740722656,11.7545166015625,-12.04351806640625
1781099414622736600,178.06273657226564,-37.11778259277344,11.93536376953125,-11.898429870605469
1781099414647812600,178.0878125,-37.05596923828125,11.93719482421875,-11.707420349121094
1781099414672888600,178.112888671875,-36.934295654296875,12.007125854492188,-11.836799621582031
1781099414697963500,178.1379636230469,-37.16746520996094,12.124038696289062,-11.844093322753906
1781099414723039700,178.16303979492187,-37.0582275390625,12.153175354003906,-11.902023315429688
1781099414748115500,178.1881154785156,-36.88275146484375,12.000289916992188,-11.787742614746094
1781099414773191700,178.21319165039063,-36.884979248046875,12.006179809570312,-11.626075744628906
1781099414798267600,178.238267578125,-36.881256103515625,11.982383728027344,-11.701614379882812
1781099414823343600,178.26334350585938,-36.99238586425781,11.975067138671875,-11.92657470703125
1781099414848418600,178.28841845703124,-37.07780456542969,11.988037109375,-11.859375
1781099414873494500,178.31349462890626,-37.12583923339844,12.102684020996094,-11.814567565917969
1781099414898570500,178.33857055664063,-36.84321594238281,11.996810913085938,-11.786933898925781
1781099414923646700,178.36364672851562,-36.74021911621094,12.018310546875,-11.700386047363281
1781099414948722700,178.38872265625,-36.8160400390625,12.18505859375,-11.6871337890625
1781099414973798400,178.41379833984374,-36.86561584472656,12.273269653320312,-11.4918212890625
1781099414998873600,178.43887353515626,-36.78520202636719,12.13787841796875,-11.598854064941406
